celltype_1,celltype_2,category,log2_enr_A_K15,log2_enr_A_K200,log2_enr_B_K15,log2_enr_B_K200
Anterior floor plate,Anterior roof plate,neither,-0.4149,-2.1534,0.2205,-1.0329
Anterior floor plate,Astrocytes,neither,-0.2903,-1.0927,0.1944,-0.7798
Anterior floor plate,Border-associated macrophages,neither,-2.3070,-2.8214,-1.9420,-2.3285
Anterior floor plate,Brain capillary endothelial cells,neither,-0.0192,-1.1572,-0.6402,-0.8318
Anterior floor plate,Branchial arch epithelium,neither,-1.3634,-1.7206,-1.0847,-1.2847
Anterior floor plate,Cajal-Retzius cells,neither,-0.6278,-1.0938,-0.4716,-0.9267
Anterior floor plate,Cerebellar Purkinje cells,neither,-1.1494,-1.5837,-1.1979,-1.2948
Anterior floor plate,Chondrocytes (Atp1a2+),neither,-1.3222,-1.3201,-0.7974,-0.9735
Anterior floor plate,Choroid plexus,neither,-0.5152,-2.4874,-0.5498,-1.3176
Anterior floor plate,Cranial motor neurons,neither,1.0064,-0.0927,1.1179,-0.1564
Anterior floor plate,Deep-layer neurons,neither,-2.0278,-1.4232,-1.5515,-1.2271
Anterior floor plate,Definitive early erythroblasts (CD36-),neither,-3.1306,-1.9136,-2.9365,-1.6491
Anterior floor plate,Definitive erythroblasts (CD36+),neither,-0.2350,-1.9706,-0.8790,-1.7093
Anterior floor plate,Dermatome,neither,-0.9511,-1.0910,-1.0016,-0.9932
Anterior floor plate,Dermomyotome,neither,-0.6850,-1.2731,-1.1331,-1.2207
Anterior floor plate,Diencephalon,neither,-1.4134,-2.2817,-1.4684,-1.9656
Anterior floor plate,Dorsal root ganglion neurons,neither,0.0185,-1.8556,0.3399,-0.6460
Anterior floor plate,Dorsal telencephalon,neither,-0.8459,-1.9706,-1.3403,-1.5409
Anterior floor plate,Early chondrocytes,neither,-0.9819,-1.1310,-0.7689,-0.8874
Anterior floor plate,Endocardial cells,neither,-0.5119,-2.0792,-0.5958,-1.7466
Anterior floor plate,Endothelium,neither,-1.3162,-1.2221,-0.3212,-0.8591
Anterior floor plate,Enteric neurons,neither,-1.7407,-1.6324,0.2379,-0.1968
Anterior floor plate,Eye field,neither,-1.0385,-1.6716,-0.3705,-1.2844
Anterior floor plate,Facial mesenchyme,neither,-1.2399,-1.0693,-0.7811,-0.8617
Anterior floor plate,Fibroblasts,neither,-1.0213,-0.8721,-0.8084,-0.5778
Anterior floor plate,First heart field,neither,0.1609,-0.3822,-0.0454,-0.0987
Anterior floor plate,Floorplate and p3 domain,K15_only,2.1775,-0.0254,2.0249,0.2781
Anterior floor plate,GABAergic cortical interneurons,neither,-0.8787,-0.9793,-0.7192,-0.6807
Anterior floor plate,GABAergic neurons,neither,-0.7225,-0.9016,-0.5870,-0.6372
Anterior floor plate,Glutamatergic neurons,neither,0.0013,-0.7625,-0.0680,-0.5411
Anterior floor plate,Granular keratinocytes,neither,-1.4033,-1.4702,-1.0349,-1.1709
Anterior floor plate,Hematopoietic stem cells (Cd34+),neither,-1.9570,-2.8334,-1.8163,-2.6996
Anterior floor plate,Hematopoietic stem cells (Mpo+),neither,-2.0208,-3.2663,-0.3679,-2.1952
Anterior floor plate,Hepatocytes,neither,-2.6949,-2.7348,-3.2924,-2.6408
Anterior floor plate,Hindbrain,neither,-0.4246,-1.1330,0.0219,-0.9166
Anterior floor plate,Hypothalamus,K15_only,1.5442,-0.7568,1.3905,-0.6481
Anterior floor plate,Hypothalamus (Sim1+),both_K,2.7425,1.0032,1.7772,1.0992
Anterior floor plate,Intermediate neuronal progenitors,neither,-2.2906,-1.8929,-1.5176,-1.5704
Anterior floor plate,Kupffer cells,neither,-1.6598,-2.8956,-2.8141,-2.6518
Anterior floor plate,Lateral plate and intermediate mesoderm,neither,-1.3214,-1.0646,-1.0407,-0.8056
Anterior floor plate,Limb mesenchyme progenitors,neither,-1.4536,-1.5031,-1.2440,-1.1176
Anterior floor plate,Liver sinusoidal endothelial cells,neither,-2.2397,-1.9006,0.2020,-1.0362
Anterior floor plate,Lung progenitor cells,neither,-1.6987,-2.6069,-1.8044,-2.5947
Anterior floor plate,Lymphatic vessel endothelial cells,neither,-1.7167,-1.2475,-1.0942,-0.7335
Anterior floor plate,Mast cells,neither,-2.0030,-2.6714,-0.8933,-1.5957
Anterior floor plate,Megakaryocytes,neither,-1.5066,-2.5180,-1.4388,-2.3322
Anterior floor plate,Melanocyte cells,neither,-0.6032,-1.2120,-0.0454,-0.7909
Anterior floor plate,Metanephric mesenchyme,neither,-1.6014,-2.5519,-0.9815,-2.0234
Anterior floor plate,Microglia,neither,-1.0566,-2.6870,-1.6838,-1.6553
Anterior floor plate,Midbrain,neither,-1.1869,-1.5056,-2.0009,-1.2901
Anterior floor plate,Midbrain-hindbrain boundary,neither,-0.1150,-0.7129,-0.8897,-0.8646
Anterior floor plate,Midgut/Hindgut epithelial cells,neither,-0.9304,-2.0312,-2.6353,-2.3893
Anterior floor plate,Monocytes,neither,-1.0530,-2.0555,0.1699,-1.9992
Anterior floor plate,Muscle progenitor cells,neither,0.3295,-1.4079,0.2091,-0.4356
Anterior floor plate,Myelinating Schwann cells,neither,-1.9532,-1.8943,-0.9552,-1.1769
Anterior floor plate,Myelinating Schwann cells (Tgfb2+),neither,-0.9937,-2.0205,-2.2231,-1.9403
Anterior floor plate,Myoblasts,neither,-1.4215,-1.2252,-1.2450,-0.8905
Anterior floor plate,Myofibroblasts,neither,-0.6159,-1.3285,-0.6616,-1.0740
Anterior floor plate,Naive retinal progenitor cells,neither,-1.6180,-2.0809,-1.3200,-2.0097
Anterior floor plate,Nephron progenitors,neither,-1.9661,-3.2269,-0.3565,-2.1290
Anterior floor plate,Neural crest (PNS glia),neither,-1.6565,-1.9436,-1.4397,-1.1242
Anterior floor plate,Neural crest (PNS neurons),neither,-1.4836,-1.8948,-0.8665,-1.4274
Anterior floor plate,Neural progenitor cells (Neurod1+),neither,0.0124,-0.8627,-0.8457,-1.2360
Anterior floor plate,Neurons (Slc17a8+),K15_only,1.5708,0.4495,1.5207,0.1019
Anterior floor plate,Olfactory bulb cells,neither,-0.1743,-1.7117,-0.5431,-2.4074
Anterior floor plate,Olfactory epithelial cells,neither,-2.7097,-2.3906,-1.4237,-2.3056
Anterior floor plate,Olfactory sensory neurons,neither,-1.2538,-2.4428,-0.8618,-2.9003
Anterior floor plate,Otic epithelial cells,neither,-1.8484,-2.2829,-1.8044,-1.8253
Anterior floor plate,Otic sensory neurons,neither,-1.5308,-1.9389,0.0781,-1.5368
Anterior floor plate,Pancreatic acinar cells,neither,-0.9494,-1.6681,-0.8844,-0.5942
Anterior floor plate,Parasympathetic neurons,neither,-0.8828,-2.1365,-1.0070,-1.4691
Anterior floor plate,Posterior roof plate,neither,-1.4687,-1.3265,-0.9469,-1.4503
Anterior floor plate,Pre-epidermal keratinocytes,neither,-1.0062,-1.3371,-1.1114,-1.0834
Anterior floor plate,Pre-osteoblasts (Sp7+),neither,-1.8024,-1.6369,-0.4378,-0.7708
Anterior floor plate,Primitive erythroid cells,neither,-0.3254,-1.1742,0.2379,-0.2085
Anterior floor plate,Retinal ganglion cells,neither,-1.6850,-1.8085,-1.7919,-1.5477
Anterior floor plate,Retinal pigment cells,neither,-0.8309,-1.2237,-0.8301,-1.2420
Anterior floor plate,Retinal progenitor cells,neither,-0.5707,-1.8924,-1.4165,-0.9785
Anterior floor plate,Sclerotome,neither,-1.1530,-1.0352,-0.7579,-0.7828
Anterior floor plate,Spinal cord dorsal progenitors,neither,-0.3976,-1.0170,-1.0603,-0.9661
Anterior floor plate,Spinal cord motor neurons,neither,-0.3922,-0.7099,0.8915,-0.4069
Anterior floor plate,Spinal cord ventral progenitors,neither,-0.6422,-0.1568,0.0252,-0.3196
Anterior floor plate,Spinal cord/r7/r8,neither,-1.0228,-1.1208,-0.8332,-0.6529
Anterior floor plate,Sympathetic neurons,neither,-1.3880,-1.8641,-0.4159,-1.6570
Anterior floor plate,Telencephalon,neither,-1.5456,-0.9439,-1.2240,-0.7164
Anterior floor plate,Thalamic neuronal precursors,neither,-1.5446,-2.3958,-0.9830,-1.4467
Anterior floor plate,Ureteric bud,neither,-0.4774,-1.5289,-1.8451,-1.8839
Anterior roof plate,Astrocytes,neither,-1.0392,-1.2238,-0.5022,-0.6761
Anterior roof plate,Border-associated macrophages,neither,-1.9202,-2.8328,-2.0856,-2.2690
Anterior roof plate,Brain capillary endothelial cells,neither,0.0610,-2.0559,-0.0448,-1.0400
Anterior roof plate,Branchial arch epithelium,neither,-0.9328,-1.7537,-0.5768,-0.5612
Anterior roof plate,Cajal-Retzius cells,neither,-0.6447,-0.8787,-0.3657,-0.5985
Anterior roof plate,Cerebellar Purkinje cells,neither,-0.5432,-1.0216,0.5855,-0.4795
Anterior roof plate,Chondrocytes (Atp1a2+),neither,-1.4069,-1.2079,-0.8561,-0.9393
Anterior roof plate,Choroid plexus,both_K,4.1324,1.4808,3.2618,1.2395
Anterior roof plate,Cranial motor neurons,neither,-1.0504,-0.9084,-0.5948,-0.9313
Anterior roof plate,Deep-layer neurons,neither,-1.2043,-1.0578,-0.7544,-0.8536
Anterior roof plate,Definitive early erythroblasts (CD36-),neither,-3.7632,-1.6103,-3.8088,-1.5181
Anterior roof plate,Definitive erythroblasts (CD36+),neither,-0.5025,-0.7976,-0.3135,-1.1934
Anterior roof plate,Dermatome,neither,-2.0627,-1.1103,-0.6370,-0.6614
Anterior roof plate,Dermomyotome,neither,-0.7500,-1.7317,-0.4278,-0.8825
Anterior roof plate,Diencephalon,neither,0.3016,-1.5419,-0.1769,-1.6293
Anterior roof plate,Dorsal root ganglion neurons,neither,0.6531,-0.2872,-0.4816,-1.6461
Anterior roof plate,Dorsal telencephalon,neither,1.7319,-0.8769,1.0451,-0.5814
Anterior roof plate,Early chondrocytes,neither,-0.9632,-1.0611,-1.3168,-0.6637
Anterior roof plate,Endocardial cells,neither,-1.0063,-1.2434,-0.6645,-1.5271
Anterior roof plate,Endothelium,neither,-1.3736,-1.3393,-0.5995,-0.8114
Anterior roof plate,Enteric neurons,neither,-0.7831,-1.4065,0.7354,0.0908
Anterior roof plate,Eye field,neither,-1.6876,-2.0618,0.4372,-0.7066
Anterior roof plate,Facial mesenchyme,neither,-0.9460,-0.8492,-1.2163,-0.5517
Anterior roof plate,Fibroblasts,neither,-1.1752,-0.6455,-1.2376,-0.4024
Anterior roof plate,First heart field,neither,-0.6023,-1.4488,-0.3871,0.2233
Anterior roof plate,Floorplate and p3 domain,neither,0.0303,-0.6871,0.1142,-1.0203
Anterior roof plate,GABAergic cortical interneurons,neither,-1.5928,-0.7896,-0.7097,-0.3927
Anterior roof plate,GABAergic neurons,neither,-0.8914,-0.7299,-0.6552,-0.3693
Anterior roof plate,Glutamatergic neurons,neither,-0.6181,-0.5549,-0.1189,-0.3893
Anterior roof plate,Granular keratinocytes,neither,-0.3357,-1.0756,-0.5080,-0.4955
Anterior roof plate,Hematopoietic stem cells (Cd34+),neither,-2.9101,-2.9503,-1.7191,-3.1640
Anterior roof plate,Hematopoietic stem cells (Mpo+),neither,-1.6737,-2.1687,-1.1399,-2.4991
Anterior roof plate,Hepatocytes,neither,-2.0442,-2.9131,-2.5617,-2.8053
Anterior roof plate,Hindbrain,neither,0.4989,-0.5445,0.8301,-0.3297
Anterior roof plate,Hypothalamus,neither,-0.9169,-1.7781,0.2756,-1.3594
Anterior roof plate,Hypothalamus (Sim1+),neither,-0.4180,-0.8241,-0.2834,-0.9562
Anterior roof plate,Intermediate neuronal progenitors,neither,-0.5339,-1.0724,-1.5204,-0.7751
Anterior roof plate,Kupffer cells,neither,-1.8520,-3.1859,-1.4567,-2.5241
Anterior roof plate,Lateral plate and intermediate mesoderm,neither,-1.1686,-0.9890,-0.7154,-0.7134
Anterior roof plate,Limb mesenchyme progenitors,neither,-2.3028,-1.3450,-0.6485,-0.9615
Anterior roof plate,Liver sinusoidal endothelial cells,neither,-1.8478,-1.4569,-1.1501,-0.9883
Anterior roof plate,Lung progenitor cells,neither,-0.8835,-2.4949,-1.4495,-2.1469
Anterior roof plate,Lymphatic vessel endothelial cells,neither,-0.4412,-0.5988,-0.9603,-0.8931
Anterior roof plate,Mast cells,neither,-0.9455,-3.9024,-0.8360,-1.6239
Anterior roof plate,Megakaryocytes,neither,-2.5704,-2.4748,-1.9437,-2.5424
Anterior roof plate,Melanocyte cells,neither,-0.7025,-0.6748,-0.3871,0.1760
Anterior roof plate,Metanephric mesenchyme,neither,-1.8049,-2.4411,-1.2774,-1.6433
Anterior roof plate,Microglia,neither,-0.9802,-2.9173,-0.7137,-1.7403
Anterior roof plate,Midbrain,neither,-1.0717,-1.2157,-0.5575,-0.8339
Anterior roof plate,Midbrain-hindbrain boundary,neither,0.2411,-0.5323,-0.3181,0.4230
Anterior roof plate,Midgut/Hindgut epithelial cells,neither,-1.8580,-2.2536,0.2586,-1.4632
Anterior roof plate,Monocytes,neither,-0.4123,-2.5856,-0.2928,-1.0884
Anterior roof plate,Muscle progenitor cells,neither,-0.5130,-2.7281,-0.2764,0.0346
Anterior roof plate,Myelinating Schwann cells,neither,-0.1972,-1.3763,-1.0745,-0.7507
Anterior roof plate,Myelinating Schwann cells (Tgfb2+),neither,0.3475,-1.1042,-0.0434,-0.8408
Anterior roof plate,Myoblasts,neither,-2.3501,-1.1142,-0.5661,-0.7314
Anterior roof plate,Myofibroblasts,neither,-0.5866,-1.3003,-1.2459,-0.7118
Anterior roof plate,Naive retinal progenitor cells,neither,-2.4372,-2.1557,-0.7493,-1.4451
Anterior roof plate,Nephron progenitors,neither,-0.9220,-2.0781,-0.5374,-0.8429
Anterior roof plate,Neural crest (PNS glia),neither,-0.0966,-0.9365,0.3775,-0.3977
Anterior roof plate,Neural crest (PNS neurons),neither,-0.2923,-1.1254,-0.7163,-0.8976
Anterior roof plate,Neural progenitor cells (Neurod1+),neither,0.3523,-1.0017,0.4023,-1.3158
Anterior roof plate,Neurons (Slc17a8+),neither,-0.7002,-0.9035,-0.3957,-0.3547
Anterior roof plate,Olfactory bulb cells,neither,-1.0575,-1.9409,-0.6356,-1.0962
Anterior roof plate,Olfactory epithelial cells,neither,-1.1662,-2.3090,-0.9314,-1.7167
Anterior roof plate,Olfactory sensory neurons,neither,-1.8675,-2.8123,-0.9501,-2.0798
Anterior roof plate,Otic epithelial cells,neither,-1.3577,-1.6132,-1.4495,-0.7370
Anterior roof plate,Otic sensory neurons,neither,-0.7486,-2.1057,-1.0571,-0.1513
Anterior roof plate,Pancreatic acinar cells,neither,-0.3635,-2.2477,1.2692,-0.5118
Anterior roof plate,Parasympathetic neurons,neither,-1.2600,-0.6611,-0.9056,-0.7979
Anterior roof plate,Posterior roof plate,neither,-0.6267,-1.1223,0.6570,0.5605
Anterior roof plate,Pre-epidermal keratinocytes,neither,-1.0023,-1.3185,-1.0684,-0.6698
Anterior roof plate,Pre-osteoblasts (Sp7+),neither,-1.5055,-1.0338,0.3973,-0.6156
Anterior roof plate,Primitive erythroid cells,neither,-0.5494,0.1558,0.7354,0.0812
Anterior roof plate,Retinal ganglion cells,neither,-0.4177,-3.5299,0.8817,-0.6730
Anterior roof plate,Retinal pigment cells,neither,-0.3099,-1.1434,0.7073,0.5135
Anterior roof plate,Retinal progenitor cells,neither,-0.6838,-1.1697,0.4317,-0.3598
Anterior roof plate,Sclerotome,neither,-1.2151,-0.7820,-0.6918,-0.5368
Anterior roof plate,Spinal cord dorsal progenitors,neither,-0.4847,-0.5369,0.6932,0.3104
Anterior roof plate,Spinal cord motor neurons,neither,-1.8156,-1.0728,-0.0798,-0.8301
Anterior roof plate,Spinal cord ventral progenitors,neither,-1.0931,-0.7997,-0.6447,0.2417
Anterior roof plate,Spinal cord/r7/r8,neither,-0.9658,-0.8792,0.0137,-0.6588
Anterior roof plate,Sympathetic neurons,neither,-0.8812,-1.5604,-1.5973,-1.0563
Anterior roof plate,Telencephalon,neither,-1.4394,-0.7660,-0.8104,-0.4632
Anterior roof plate,Thalamic neuronal precursors,neither,-1.0158,-2.0856,-0.9853,-1.1373
Anterior roof plate,Ureteric bud,neither,-0.9838,-1.7667,-0.8072,-0.8116
Astrocytes,Border-associated macrophages,neither,-2.2431,-2.5504,-1.9338,-2.2559
Astrocytes,Brain capillary endothelial cells,neither,-0.9689,-1.1067,-0.8212,-0.6821
Astrocytes,Branchial arch epithelium,neither,-1.4515,-1.5309,-0.6762,-1.2365
Astrocytes,Cajal-Retzius cells,neither,-0.9005,-1.0949,-0.6687,-0.9463
Astrocytes,Cerebellar Purkinje cells,neither,-1.0228,-1.3622,-0.7934,-1.2924
Astrocytes,Chondrocytes (Atp1a2+),neither,-0.6015,-0.9480,-0.4938,-0.9037
Astrocytes,Choroid plexus,neither,-0.7216,-1.3282,-0.5745,-1.3305
Astrocytes,Cranial motor neurons,neither,0.1629,-0.5746,0.2892,-0.7280
Astrocytes,Deep-layer neurons,neither,-1.4590,-1.2483,-1.5246,-1.1249
Astrocytes,Definitive early erythroblasts (CD36-),neither,-3.0141,-1.7198,-3.0141,-1.6930
Astrocytes,Definitive erythroblasts (CD36+),neither,-0.7795,-1.0788,-0.6797,-0.9346
Astrocytes,Dermatome,neither,-0.5752,-0.8223,-0.5795,-0.7758
Astrocytes,Dermomyotome,neither,0.0536,-0.2700,1.1267,-0.3295
Astrocytes,Diencephalon,neither,-2.4480,-2.3934,-1.6861,-2.0734
Astrocytes,Dorsal root ganglion neurons,neither,0.3031,-0.2840,-0.5288,-0.0821
Astrocytes,Dorsal telencephalon,neither,-1.4225,-1.7441,-0.6282,-1.3799
Astrocytes,Early chondrocytes,neither,-0.5980,-0.8180,-0.4370,-0.7095
Astrocytes,Endocardial cells,neither,-0.9262,-1.0472,-1.0247,-0.8020
Astrocytes,Endothelium,neither,-0.7596,-1.0060,-0.4926,-0.8931
Astrocytes,Enteric neurons,neither,0.1064,-1.4391,0.7521,-0.4050
Astrocytes,Eye field,neither,-2.2047,-2.1595,-1.5244,-1.7794
Astrocytes,Facial mesenchyme,neither,-0.7826,-0.8047,-0.7287,-0.6828
Astrocytes,Fibroblasts,neither,-0.7058,-0.5964,-0.6127,-0.5244
Astrocytes,First heart field,neither,0.1179,-0.6471,0.4578,-0.4644
Astrocytes,Floorplate and p3 domain,K15_only,1.2660,-0.3262,1.4846,-0.1048
Astrocytes,GABAergic cortical interneurons,neither,-1.2926,-0.7899,-1.1002,-0.7045
Astrocytes,GABAergic neurons,K15_only,0.3731,-0.5794,0.4634,-0.4907
Astrocytes,Glutamatergic neurons,neither,-0.0498,-0.5401,0.0458,-0.4683
Astrocytes,Granular keratinocytes,neither,-1.1255,-1.2554,-0.3142,-0.9797
Astrocytes,Hematopoietic stem cells (Cd34+),neither,-2.9329,-2.8990,-2.4875,-2.6700
Astrocytes,Hematopoietic stem cells (Mpo+),neither,-2.6705,-3.1342,-1.9909,-2.3231
Astrocytes,Hepatocytes,neither,-2.3600,-2.6549,-2.6817,-2.5811
Astrocytes,Hindbrain,neither,-0.3393,-0.9957,-0.1775,-0.8812
Astrocytes,Hypothalamus,neither,-0.8704,-1.6651,-0.7395,-1.3131
Astrocytes,Hypothalamus (Sim1+),neither,0.0663,-0.6671,0.1833,-0.2744
Astrocytes,Intermediate neuronal progenitors,neither,-1.4741,-1.6651,-1.1787,-1.5206
Astrocytes,Kupffer cells,neither,-2.0680,-2.6357,-2.0184,-2.1557
Astrocytes,Lateral plate and intermediate mesoderm,neither,-1.0125,-0.8049,-1.0299,-0.7411
Astrocytes,Limb mesenchyme progenitors,neither,-1.0229,-1.0540,-1.0971,-0.9599
Astrocytes,Liver sinusoidal endothelial cells,neither,-1.2324,-1.4540,-0.8710,-1.1060
Astrocytes,Lung progenitor cells,neither,-2.1103,-2.2598,-1.8148,-2.6284
Astrocytes,Lymphatic vessel endothelial cells,neither,-0.6525,-0.9776,-0.3995,-0.8794
Astrocytes,Mast cells,neither,-3.8109,-2.7726,-2.1496,-2.1355
Astrocytes,Megakaryocytes,neither,-2.1403,-2.6737,-2.1903,-2.4288
Astrocytes,Melanocyte cells,neither,0.0246,-0.7667,-0.2203,-0.4176
Astrocytes,Metanephric mesenchyme,neither,-1.4739,-1.9793,-1.2221,-1.9135
Astrocytes,Microglia,neither,-1.5550,-2.3121,-0.2941,-1.4050
Astrocytes,Midbrain,neither,-1.7935,-1.4795,-1.6782,-1.4023
Astrocytes,Midbrain-hindbrain boundary,neither,-0.6182,-1.2282,-2.2831,-1.1466
Astrocytes,Midgut/Hindgut epithelial cells,neither,-1.0763,-1.6492,-0.3750,-1.3577
Astrocytes,Monocytes,neither,-1.5001,-2.6619,-2.1786,-1.8605
Astrocytes,Muscle progenitor cells,neither,-0.2249,-0.2705,0.8920,-0.0011
Astrocytes,Myelinating Schwann cells,neither,-0.3728,-0.9832,-0.3766,-0.9591
Astrocytes,Myelinating Schwann cells (Tgfb2+),neither,-0.7926,-1.6130,-0.6812,-1.5737
Astrocytes,Myoblasts,neither,-1.0054,-0.9080,-0.7249,-0.7744
Astrocytes,Myofibroblasts,neither,-0.4402,-0.9056,-0.2764,-0.8794
Astrocytes,Naive retinal progenitor cells,neither,-2.2806,-2.6648,-1.5495,-2.1086
Astrocytes,Nephron progenitors,neither,-1.1801,-1.6133,-0.4289,-1.3548
Astrocytes,Neural crest (PNS glia),neither,0.1014,-0.8493,-0.1209,-0.8823
Astrocytes,Neural crest (PNS neurons),neither,-0.2197,-1.1494,-0.2404,-0.9668
Astrocytes,Neural progenitor cells (Neurod1+),neither,-1.0489,-1.7234,0.0730,-1.4348
Astrocytes,Neurons (Slc17a8+),neither,-0.1220,-0.5392,0.0125,-0.4204
Astrocytes,Olfactory bulb cells,neither,-0.3196,-1.8777,-1.6901,-2.4724
Astrocytes,Olfactory epithelial cells,neither,-1.6518,-2.1385,-1.7956,-2.1272
Astrocytes,Olfactory sensory neurons,neither,-1.8425,-2.3961,-1.7134,-2.4879
Astrocytes,Otic epithelial cells,neither,-1.6366,-1.7163,-0.4225,-1.4728
Astrocytes,Otic sensory neurons,neither,-1.0095,-1.4004,-0.0780,-1.1462
Astrocytes,Pancreatic acinar cells,neither,-1.3318,-1.2542,-0.2739,-1.1343
Astrocytes,Parasympathetic neurons,neither,-0.1192,-1.1841,-1.5551,-1.3202
Astrocytes,Posterior roof plate,neither,0.7926,0.2537,1.5264,0.3549
Astrocytes,Pre-epidermal keratinocytes,neither,-1.0905,-1.1526,-0.9429,-1.0272
Astrocytes,Pre-osteoblasts (Sp7+),neither,-0.2898,-1.2681,-0.1469,-1.0054
Astrocytes,Primitive erythroid cells,neither,-1.3267,-0.9229,-0.0553,-0.6400
Astrocytes,Retinal ganglion cells,neither,-1.6165,-2.0743,-1.1003,-1.8844
Astrocytes,Retinal pigment cells,neither,-1.1291,-1.5934,0.1433,-0.8389
Astrocytes,Retinal progenitor cells,neither,-1.6687,-1.8558,-3.0994,-1.4713
Astrocytes,Sclerotome,neither,-0.6706,-0.7396,-0.5233,-0.6536
Astrocytes,Spinal cord dorsal progenitors,K15_only,1.0189,-0.3546,1.0079,-0.3111
Astrocytes,Spinal cord motor neurons,K15_only,2.3963,0.0990,2.4371,0.1220
Astrocytes,Spinal cord ventral progenitors,K15_only,1.7493,0.1401,1.5096,-0.0394
Astrocytes,Spinal cord/r7/r8,K15_only,1.1580,-0.5091,1.3275,-0.4488
Astrocytes,Sympathetic neurons,neither,-0.1332,-1.0186,0.0103,-1.0148
Astrocytes,Telencephalon,neither,-1.5827,-0.8042,-1.4230,-0.6779
Astrocytes,Thalamic neuronal precursors,neither,-2.3220,-2.4023,-1.4338,-1.7858
Astrocytes,Ureteric bud,neither,-0.8840,-1.3962,-0.8659,-1.5159
Border-associated macrophages,Brain capillary endothelial cells,neither,-2.6954,-2.4827,-1.9790,-1.8332
Border-associated macrophages,Branchial arch epithelium,neither,-3.0148,-3.1156,-2.4466,-2.6072
Border-associated macrophages,Cajal-Retzius cells,neither,-2.7716,-2.8153,-2.5262,-2.3853
Border-associated macrophages,Cerebellar Purkinje cells,neither,-3.1363,-3.1586,-2.8672,-2.7274
Border-associated macrophages,Chondrocytes (Atp1a2+),neither,-2.5245,-2.6761,-2.4691,-2.3449
Border-associated macrophages,Choroid plexus,neither,-2.9216,-3.1176,-2.8660,-3.0631
Border-associated macrophages,Cranial motor neurons,neither,-2.9147,-2.8230,-3.2813,-2.5892
Border-associated macrophages,Deep-layer neurons,neither,-3.3797,-2.9401,-2.9583,-2.5431
Border-associated macrophages,Definitive early erythroblasts (CD36-),neither,-0.1390,-1.7668,-0.3539,-1.7335
Border-associated macrophages,Definitive erythroblasts (CD36+),K15_only,1.4094,-0.3401,1.2350,-0.3303
Border-associated macrophages,Dermatome,neither,-2.4139,-2.5065,-2.2015,-2.0901
Border-associated macrophages,Dermomyotome,neither,-1.8841,-2.4914,-3.7520,-2.2137
Border-associated macrophages,Diencephalon,neither,-4.2383,-4.2854,-4.0639,-3.8606
Border-associated macrophages,Dorsal root ganglion neurons,neither,-1.9504,-2.3183,-1.9376,-2.3119
Border-associated macrophages,Dorsal telencephalon,neither,-2.8096,-3.3815,-2.6688,-2.8495
Border-associated macrophages,Early chondrocytes,neither,-2.6075,-2.4730,-2.2911,-2.1262
Border-associated macrophages,Endocardial cells,neither,-1.8323,-2.6041,-2.4688,-2.3014
Border-associated macrophages,Endothelium,neither,-1.6730,-2.3152,-1.6136,-2.0969
Border-associated macrophages,Enteric neurons,neither,-3.9589,-2.6493,-1.0488,-2.0018
Border-associated macrophages,Eye field,neither,-2.9335,-3.5380,-2.0750,-3.1241
Border-associated macrophages,Facial mesenchyme,neither,-2.4975,-2.3676,-2.2798,-2.0526
Border-associated macrophages,Fibroblasts,neither,-2.6090,-2.0400,-2.1174,-1.6624
Border-associated macrophages,First heart field,neither,-0.9335,-2.4975,-1.5994,-2.0845
Border-associated macrophages,Floorplate and p3 domain,neither,-1.6256,-2.2932,-1.3988,-1.9657
Border-associated macrophages,GABAergic cortical interneurons,neither,-3.1672,-2.3384,-2.6519,-1.9287
Border-associated macrophages,GABAergic neurons,neither,-2.8756,-2.2724,-2.3198,-1.8826
Border-associated macrophages,Glutamatergic neurons,neither,-2.7404,-2.0933,-2.4206,-1.6795
Border-associated macrophages,Granular keratinocytes,neither,-3.0662,-2.9341,-2.5032,-2.4180
Border-associated macrophages,Hematopoietic stem cells (Cd34+),neither,0.4450,-2.1425,0.0620,-2.2301
Border-associated macrophages,Hematopoietic stem cells (Mpo+),K15_only,2.0937,-0.8576,1.6431,-0.8550
Border-associated macrophages,Hepatocytes,neither,-4.1098,-4.0559,-3.9929,-4.0668
Border-associated macrophages,Hindbrain,neither,-2.4362,-2.7861,-2.2703,-2.3579
Border-associated macrophages,Hypothalamus,neither,-3.2509,-3.2524,-1.9768,-2.7795
Border-associated macrophages,Hypothalamus (Sim1+),neither,-1.9604,-2.3893,-1.5599,-1.9042
Border-associated macrophages,Intermediate neuronal progenitors,neither,-3.4373,-3.4557,-3.2829,-2.9633
Border-associated macrophages,Kupffer cells,K15_only,2.8793,-0.7424,2.4945,-0.7305
Border-associated macrophages,Lateral plate and intermediate mesoderm,neither,-2.5921,-2.2869,-2.4692,-1.9705
Border-associated macrophages,Limb mesenchyme progenitors,neither,-3.0793,-2.6630,-2.3962,-2.2921
Border-associated macrophages,Liver sinusoidal endothelial cells,neither,-2.4189,-2.9422,-1.3241,-2.0984
Border-associated macrophages,Lung progenitor cells,neither,-3.2040,-3.7943,-3.6683,-3.9293
Border-associated macrophages,Lymphatic vessel endothelial cells,neither,-2.5701,-2.8532,-2.3293,-2.3157
Border-associated macrophages,Mast cells,K15_only,2.5334,-0.0566,2.2002,-0.2823
Border-associated macrophages,Megakaryocytes,K15_only,1.0940,-1.2445,0.6847,-1.2781
Border-associated macrophages,Melanocyte cells,neither,-3.7722,-4.0723,-2.5994,-2.5576
Border-associated macrophages,Metanephric mesenchyme,neither,-2.6822,-3.9482,-2.5434,-3.7629
Border-associated macrophages,Microglia,K15_only,3.3404,0.0836,2.9308,-0.1010
Border-associated macrophages,Midbrain,neither,-4.0551,-3.3072,-3.8092,-2.9277
Border-associated macrophages,Midbrain-hindbrain boundary,neither,-1.9044,-2.7684,-2.3094,-3.4196
Border-associated macrophages,Midgut/Hindgut epithelial cells,neither,-3.1698,-3.2294,-1.4019,-2.5982
Border-associated macrophages,Monocytes,K15_only,2.0134,0.0736,2.2017,-0.0214
Border-associated macrophages,Muscle progenitor cells,neither,-3.2663,-3.0095,-2.1096,-2.5794
Border-associated macrophages,Myelinating Schwann cells,neither,-2.6695,-2.9862,-2.8391,-2.6388
Border-associated macrophages,Myelinating Schwann cells (Tgfb2+),neither,-2.4685,-3.5096,-1.9764,-2.7058
Border-associated macrophages,Myoblasts,neither,-3.2253,-2.6821,-2.5991,-2.1438
Border-associated macrophages,Myofibroblasts,neither,-2.9956,-2.8636,-1.9617,-2.4629
Border-associated macrophages,Naive retinal progenitor cells,neither,-3.6868,-3.9015,-2.5571,-3.6419
Border-associated macrophages,Nephron progenitors,neither,-3.2527,-3.9287,-1.7919,-2.9944
Border-associated macrophages,Neural crest (PNS glia),neither,-2.8734,-2.9278,-2.4520,-2.5171
Border-associated macrophages,Neural crest (PNS neurons),neither,-3.0825,-3.3517,-2.5750,-2.8495
Border-associated macrophages,Neural progenitor cells (Neurod1+),neither,-3.8767,-3.9687,-3.5516,-3.3661
Border-associated macrophages,Neurons (Slc17a8+),neither,-2.7667,-2.5106,-2.6329,-2.2687
Border-associated macrophages,Olfactory bulb cells,neither,-2.5130,-3.4195,-2.8079,-3.8311
Border-associated macrophages,Olfactory epithelial cells,neither,-3.0596,-3.8920,-3.8752,-3.5246
Border-associated macrophages,Olfactory sensory neurons,neither,-2.6796,-3.9983,-3.1227,-3.6549
Border-associated macrophages,Otic epithelial cells,neither,-2.9377,-3.4026,-1.6683,-2.5080
Border-associated macrophages,Otic sensory neurons,neither,-2.2823,-2.9734,-1.6235,-2.2954
Border-associated macrophages,Pancreatic acinar cells,neither,-1.7624,-2.4319,-3.2990,-2.6356
Border-associated macrophages,Parasympathetic neurons,neither,-2.0585,-2.9258,-2.0251,-2.7731
Border-associated macrophages,Posterior roof plate,neither,-0.9981,-1.7897,-1.4191,-2.5269
Border-associated macrophages,Pre-epidermal keratinocytes,neither,-2.7946,-2.8141,-2.7588,-2.4724
Border-associated macrophages,Pre-osteoblasts (Sp7+),neither,-2.6680,-2.5257,-2.2383,-2.2427
Border-associated macrophages,Primitive erythroid cells,neither,0.4348,-1.1115,-0.2414,-1.1021
Border-associated macrophages,Retinal ganglion cells,neither,-2.7968,-3.3455,-2.3909,-3.2475
Border-associated macrophages,Retinal pigment cells,neither,-2.5457,-2.5902,-1.6057,-1.9814
Border-associated macrophages,Retinal progenitor cells,neither,-2.1422,-2.9720,-1.6206,-2.5521
Border-associated macrophages,Sclerotome,neither,-2.7172,-2.2654,-2.2401,-1.9403
Border-associated macrophages,Spinal cord dorsal progenitors,neither,-2.5312,-2.6249,-2.7529,-2.4098
Border-associated macrophages,Spinal cord motor neurons,neither,-2.3748,-3.0896,-1.7816,-2.3304
Border-associated macrophages,Spinal cord ventral progenitors,neither,-1.7703,-2.5571,-2.8320,-2.7061
Border-associated macrophages,Spinal cord/r7/r8,neither,-2.4367,-2.6701,-2.0905,-2.2138
Border-associated macrophages,Sympathetic neurons,neither,-3.5291,-3.3325,-2.5133,-3.1532
Border-associated macrophages,Telencephalon,neither,-3.3349,-2.3320,-2.8164,-1.8934
Border-associated macrophages,Thalamic neuronal precursors,neither,-4.1037,-4.2458,-3.3398,-3.0556
Border-associated macrophages,Ureteric bud,neither,-1.7892,-3.0404,-3.2276,-3.0083
Brain capillary endothelial cells,Branchial arch epithelium,neither,-1.0065,-1.3597,-0.5080,-1.1946
Brain capillary endothelial cells,Cajal-Retzius cells,neither,-1.0270,-1.1805,-0.7996,-1.0891
Brain capillary endothelial cells,Cerebellar Purkinje cells,neither,-1.5714,-1.4124,-1.1367,-1.3504
Brain capillary endothelial cells,Chondrocytes (Atp1a2+),neither,0.0808,-0.9298,0.6069,-0.7443
Brain capillary endothelial cells,Choroid plexus,neither,-0.0725,-1.4733,-0.5927,-1.4297
Brain capillary endothelial cells,Cranial motor neurons,neither,-1.2978,-1.4844,-0.8552,-1.1596
Brain capillary endothelial cells,Deep-layer neurons,neither,-1.5873,-1.3690,-1.2118,-1.1983
Brain capillary endothelial cells,Definitive early erythroblasts (CD36-),neither,-2.9064,-1.6729,-2.4191,-1.3932
Brain capillary endothelial cells,Definitive erythroblasts (CD36+),neither,-1.3356,-1.8721,0.4182,-0.4042
Brain capillary endothelial cells,Dermatome,neither,-0.3317,-0.7750,0.0524,-0.6377
Brain capillary endothelial cells,Dermomyotome,neither,-1.8047,-1.5659,-0.4701,-1.0779
Brain capillary endothelial cells,Diencephalon,neither,-2.0651,-2.6136,-1.1885,-1.9817
Brain capillary endothelial cells,Dorsal root ganglion neurons,neither,-0.5259,-1.1619,-0.0157,-0.5740
Brain capillary endothelial cells,Dorsal telencephalon,neither,-1.6833,-1.7275,-1.8462,-1.1270
Brain capillary endothelial cells,Early chondrocytes,neither,0.0613,-0.7141,-0.1570,-0.6703
Brain capillary endothelial cells,Endocardial cells,neither,1.8581,-0.4002,0.3216,-0.1794
Brain capillary endothelial cells,Endothelium,K15_only,2.1825,-0.2439,2.0910,-0.1820
Brain capillary endothelial cells,Enteric neurons,neither,-0.2774,-1.1220,-1.0234,-0.8596
Brain capillary endothelial cells,Eye field,neither,-0.8675,-1.6057,-0.8778,-1.4012
Brain capillary endothelial cells,Facial mesenchyme,neither,-0.3390,-0.5838,-0.4037,-0.6185
Brain capillary endothelial cells,Fibroblasts,neither,-0.5216,-0.5460,-0.3752,-0.4878
Brain capillary endothelial cells,First heart field,neither,1.4666,-0.0176,-1.3665,-0.2430
Brain capillary endothelial cells,Floorplate and p3 domain,neither,-0.6934,-0.8484,-0.4194,-0.3426
Brain capillary endothelial cells,GABAergic cortical interneurons,neither,-1.4405,-0.8289,-1.3134,-0.7098
Brain capillary endothelial cells,GABAergic neurons,neither,-1.1119,-0.7609,-0.7335,-0.6270
Brain capillary endothelial cells,Glutamatergic neurons,neither,-1.0289,-0.6315,-0.9330,-0.5165
Brain capillary endothelial cells,Granular keratinocytes,neither,-0.5678,-1.1890,-0.6909,-1.1377
Brain capillary endothelial cells,Hematopoietic stem cells (Cd34+),neither,-2.0087,-2.4037,-1.5405,-2.2364
Brain capillary endothelial cells,Hematopoietic stem cells (Mpo+),neither,-2.1714,-2.5896,-2.8430,-1.9169
Brain capillary endothelial cells,Hepatocytes,neither,-2.0975,-2.6342,-2.3511,-2.4899
Brain capillary endothelial cells,Hindbrain,neither,-0.7514,-1.2226,-0.6145,-1.0767
Brain capillary endothelial cells,Hypothalamus,neither,-0.7347,-1.5142,-1.5076,-1.3638
Brain capillary endothelial cells,Hypothalamus (Sim1+),neither,-0.1563,-0.5569,-1.0797,-0.5970
Brain capillary endothelial cells,Intermediate neuronal progenitors,neither,-1.6997,-1.8962,-1.1895,-1.7050
Brain capillary endothelial cells,Kupffer cells,neither,-1.3983,-2.5146,-2.3148,-2.0132
Brain capillary endothelial cells,Lateral plate and intermediate mesoderm,neither,-0.4912,-0.6792,-0.4417,-0.6024
Brain capillary endothelial cells,Limb mesenchyme progenitors,neither,-0.7202,-1.0294,-0.8302,-0.9770
Brain capillary endothelial cells,Liver sinusoidal endothelial cells,neither,-1.0712,-1.0720,-0.0516,-0.8162
Brain capillary endothelial cells,Lung progenitor cells,neither,-1.4376,-2.1653,-1.7197,-2.1258
Brain capillary endothelial cells,Lymphatic vessel endothelial cells,neither,0.9448,-0.2537,0.7731,-0.3801
Brain capillary endothelial cells,Mast cells,neither,-1.1329,-1.4781,-2.3299,-1.7344
Brain capillary endothelial cells,Megakaryocytes,neither,-1.6678,-2.4492,-0.7940,-1.5566
Brain capillary endothelial cells,Melanocyte cells,neither,-1.7198,-1.3790,-0.3665,-0.4687
Brain capillary endothelial cells,Metanephric mesenchyme,neither,-0.3392,-1.8565,-1.4690,-2.2123
Brain capillary endothelial cells,Microglia,neither,-0.6030,-1.9633,-1.0987,-1.2521
Brain capillary endothelial cells,Midbrain,neither,-1.9865,-1.6165,-1.7869,-1.4881
Brain capillary endothelial cells,Midbrain-hindbrain boundary,neither,0.1798,-1.2428,-0.1796,-0.7139
Brain capillary endothelial cells,Midgut/Hindgut epithelial cells,neither,-1.4060,-1.8021,-1.1267,-1.1120
Brain capillary endothelial cells,Monocytes,neither,-0.1439,-1.8966,-1.1071,-1.4984
Brain capillary endothelial cells,Muscle progenitor cells,neither,-0.3571,-0.2919,-1.0588,-0.9306
Brain capillary endothelial cells,Myelinating Schwann cells,neither,-0.8566,-1.4875,-1.6519,-1.1336
Brain capillary endothelial cells,Myelinating Schwann cells (Tgfb2+),neither,-3.1440,-1.9989,-0.3659,-1.3522
Brain capillary endothelial cells,Myoblasts,neither,-0.6392,-0.8793,-0.4307,-0.7547
Brain capillary endothelial cells,Myofibroblasts,neither,-0.3227,-0.9314,0.1126,-0.7867
Brain capillary endothelial cells,Naive retinal progenitor cells,neither,-1.1000,-2.1808,-2.8574,-2.6699
Brain capillary endothelial cells,Nephron progenitors,neither,0.4901,-1.5881,-0.7292,-2.6454
Brain capillary endothelial cells,Neural crest (PNS glia),neither,-0.3792,-1.3195,-0.3799,-0.7165
Brain capillary endothelial cells,Neural crest (PNS neurons),neither,-0.8421,-1.5671,-0.8181,-1.4419
Brain capillary endothelial cells,Neural progenitor cells (Neurod1+),neither,-0.8159,-1.6342,-1.9098,-1.5428
Brain capillary endothelial cells,Neurons (Slc17a8+),neither,-0.7157,-0.4032,0.1960,-0.2348
Brain capillary endothelial cells,Olfactory bulb cells,neither,-0.3088,-1.9879,-1.9410,-1.9275
Brain capillary endothelial cells,Olfactory epithelial cells,neither,-1.1351,-2.0828,-1.1410,-1.9765
Brain capillary endothelial cells,Olfactory sensory neurons,neither,-1.4169,-2.4135,-0.5127,-2.4338
Brain capillary endothelial cells,Otic epithelial cells,neither,-1.6859,-1.6811,-0.7197,-1.2519
Brain capillary endothelial cells,Otic sensory neurons,neither,-0.6827,-1.7409,-1.7101,-1.0199
Brain capillary endothelial cells,Pancreatic acinar cells,neither,-0.0342,-0.6582,-0.1732,-1.0936
Brain capillary endothelial cells,Parasympathetic neurons,neither,-2.6090,-1.6851,-1.4542,-1.1581
Brain capillary endothelial cells,Posterior roof plate,neither,-0.5800,-1.1143,-0.2488,-0.6911
Brain capillary endothelial cells,Pre-epidermal keratinocytes,neither,-0.6498,-1.1562,-0.7877,-0.9833
Brain capillary endothelial cells,Pre-osteoblasts (Sp7+),neither,0.0502,-0.8077,0.2524,-0.6850
Brain capillary endothelial cells,Primitive erythroid cells,neither,-1.4303,-0.4215,-1.0234,-0.7017
Brain capillary endothelial cells,Retinal ganglion cells,neither,-0.8304,-1.8416,-2.2915,-2.4008
Brain capillary endothelial cells,Retinal pigment cells,neither,0.0919,-1.7045,-1.1071,-0.7406
Brain capillary endothelial cells,Retinal progenitor cells,neither,-1.6861,-1.4069,-1.7978,-1.7595
Brain capillary endothelial cells,Sclerotome,neither,-0.0976,-0.6209,-0.3474,-0.6105
Brain capillary endothelial cells,Spinal cord dorsal progenitors,neither,-0.8097,-1.0411,-0.2695,-0.8479
Brain capillary endothelial cells,Spinal cord motor neurons,neither,-0.5452,-0.8813,-0.1622,-0.6972
Brain capillary endothelial cells,Spinal cord ventral progenitors,neither,-2.3630,-0.5487,-0.3749,-0.5879
Brain capillary endothelial cells,Spinal cord/r7/r8,neither,-1.0385,-0.9459,-0.4903,-0.8130
Brain capillary endothelial cells,Sympathetic neurons,neither,-1.3259,-1.4194,-0.3401,-1.7601
Brain capillary endothelial cells,Telencephalon,neither,-1.5332,-0.8288,-1.4783,-0.6677
Brain capillary endothelial cells,Thalamic neuronal precursors,neither,-2.3910,-2.5367,-1.6730,-1.7760
Brain capillary endothelial cells,Ureteric bud,neither,-2.1939,-1.3352,-1.2770,-1.1850
Branchial arch epithelium,Cajal-Retzius cells,neither,-1.6882,-1.6931,-1.2076,-1.3919
Branchial arch epithelium,Cerebellar Purkinje cells,neither,-2.1951,-2.1020,-1.4189,-1.6413
Branchial arch epithelium,Chondrocytes (Atp1a2+),neither,-1.2595,-1.4949,-1.2486,-1.3681
Branchial arch epithelium,Choroid plexus,neither,-2.3623,-1.9481,-0.7326,-1.4282
Branchial arch epithelium,Cranial motor neurons,neither,-1.1601,-1.5321,-0.6199,-1.1044
Branchial arch epithelium,Deep-layer neurons,neither,-2.0399,-1.7950,-1.6806,-1.5209
Branchial arch epithelium,Definitive early erythroblasts (CD36-),neither,-3.7124,-2.2004,-3.4420,-2.0899
Branchial arch epithelium,Definitive erythroblasts (CD36+),neither,-0.1432,-1.5635,-1.0982,-1.4076
Branchial arch epithelium,Dermatome,neither,-1.1898,-1.3747,-0.9830,-1.1735
Branchial arch epithelium,Dermomyotome,neither,-1.3166,-1.7020,-1.9703,-1.4749
Branchial arch epithelium,Diencephalon,neither,-2.3501,-2.9176,-1.8754,-2.4287
Branchial arch epithelium,Dorsal root ganglion neurons,neither,-1.1940,-1.2874,-0.4169,-1.0896
Branchial arch epithelium,Dorsal telencephalon,neither,-2.7406,-2.2819,-1.1104,-1.6337
Branchial arch epithelium,Early chondrocytes,neither,-1.3207,-1.3409,-1.0674,-1.1553
Branchial arch epithelium,Endocardial cells,neither,-1.2026,-1.5804,-0.4581,-1.1640
Branchial arch epithelium,Endothelium,neither,-1.0058,-1.5218,-0.8918,-1.2771
Branchial arch epithelium,Enteric neurons,neither,-0.6146,-1.2704,0.1374,-1.0380
Branchial arch epithelium,Eye field,neither,-1.6817,-2.6952,-1.7820,-2.1509
Branchial arch epithelium,Facial mesenchyme,neither,-0.7391,-1.2170,-0.5213,-1.0530
Branchial arch epithelium,Fibroblasts,neither,-1.3742,-1.1247,-1.1939,-0.9578
Branchial arch epithelium,First heart field,neither,-0.5837,-1.0199,0.4028,-0.7472
Branchial arch epithelium,Floorplate and p3 domain,neither,-0.7180,-1.2465,-1.3179,-1.2265
Branchial arch epithelium,GABAergic cortical interneurons,neither,-1.8897,-1.3615,-1.8266,-1.1499
Branchial arch epithelium,GABAergic neurons,neither,-1.6358,-1.2457,-1.3641,-1.0925
Branchial arch epithelium,Glutamatergic neurons,neither,-1.7423,-1.1459,-1.4181,-0.9714
Branchial arch epithelium,Granular keratinocytes,K15_only,1.3385,-1.1084,1.5784,-0.8559
Branchial arch epithelium,Hematopoietic stem cells (Cd34+),neither,-2.9467,-3.3119,-2.7249,-3.0270
Branchial arch epithelium,Hematopoietic stem cells (Mpo+),neither,-3.4274,-3.6336,-3.2673,-2.7408
Branchial arch epithelium,Hepatocytes,neither,-2.3808,-3.0194,-2.4276,-2.8017
Branchial arch epithelium,Hindbrain,neither,-1.6144,-1.6930,-1.2687,-1.3338
Branchial arch epithelium,Hypothalamus,neither,-1.6398,-2.1379,-1.4136,-1.8257
Branchial arch epithelium,Hypothalamus (Sim1+),neither,-3.1858,-1.5039,-1.3720,-1.0045
Branchial arch epithelium,Intermediate neuronal progenitors,neither,-1.9556,-2.0920,-1.3894,-1.7503
Branchial arch epithelium,Kupffer cells,neither,-2.6759,-3.3393,-1.9839,-2.5921
Branchial arch epithelium,Lateral plate and intermediate mesoderm,neither,-1.5001,-1.3504,-1.4092,-1.1647
Branchial arch epithelium,Limb mesenchyme progenitors,neither,-1.7604,-1.6628,-1.3811,-1.3348
Branchial arch epithelium,Liver sinusoidal endothelial cells,neither,-1.1342,-1.8637,-1.7004,-1.4783
Branchial arch epithelium,Lung progenitor cells,K15_only,1.3688,-2.0516,1.2642,-2.1902
Branchial arch epithelium,Lymphatic vessel endothelial cells,neither,-0.7038,-1.3169,-1.0226,-1.2878
Branchial arch epithelium,Mast cells,neither,-2.5433,-2.8295,-1.2112,-2.1911
Branchial arch epithelium,Megakaryocytes,neither,-2.8202,-3.1203,-1.9025,-2.5059
Branchial arch epithelium,Melanocyte cells,neither,-2.0108,-1.9213,-1.0826,-1.3236
Branchial arch epithelium,Metanephric mesenchyme,neither,-1.6115,-2.4995,-1.1116,-2.2623
Branchial arch epithelium,Microglia,neither,-2.0263,-2.4192,-1.8036,-1.9770
Branchial arch epithelium,Midbrain,neither,-2.4773,-2.0587,-2.2926,-1.8602
Branchial arch epithelium,Midbrain-hindbrain boundary,neither,-1.3371,-1.8269,-0.7968,-1.5252
Branchial arch epithelium,Midgut/Hindgut epithelial cells,neither,0.3513,-1.7860,0.1433,-1.4209
Branchial arch epithelium,Monocytes,neither,-2.1658,-2.4528,-2.0019,-1.8095
Branchial arch epithelium,Muscle progenitor cells,neither,-1.9126,-1.2792,-0.1150,-1.0640
Branchial arch epithelium,Myelinating Schwann cells,neither,-1.6418,-1.8964,-1.4042,-1.7073
Branchial arch epithelium,Myelinating Schwann cells (Tgfb2+),neither,-2.0186,-2.4204,-1.7685,-2.2226
Branchial arch epithelium,Myoblasts,neither,-1.7519,-1.5218,-1.5455,-1.3235
Branchial arch epithelium,Myofibroblasts,neither,-1.0133,-1.5532,-1.1390,-1.4121
Branchial arch epithelium,Naive retinal progenitor cells,neither,-1.9925,-3.0839,-2.2883,-2.6751
Branchial arch epithelium,Nephron progenitors,neither,-0.5892,-1.8443,-0.5914,-1.7617
Branchial arch epithelium,Neural crest (PNS glia),neither,-1.1274,-1.7693,-1.1665,-1.4803
Branchial arch epithelium,Neural crest (PNS neurons),neither,-1.9221,-2.0556,-1.2755,-1.8387
Branchial arch epithelium,Neural progenitor cells (Neurod1+),neither,-2.1272,-2.2590,-1.2553,-2.0624
Branchial arch epithelium,Neurons (Slc17a8+),neither,-1.0051,-1.2100,-0.2677,-0.9748
Branchial arch epithelium,Olfactory bulb cells,K15_only,1.3913,-1.0761,1.3018,-1.0692
Branchial arch epithelium,Olfactory epithelial cells,K15_only,0.8622,-1.6911,1.0368,-1.6523
Branchial arch epithelium,Olfactory sensory neurons,K15_only,0.6634,-2.1064,0.6937,-1.9890
Branchial arch epithelium,Otic epithelial cells,neither,-0.8173,-1.9042,-0.9222,-1.6991
Branchial arch epithelium,Otic sensory neurons,neither,-0.4977,-1.6616,-0.6566,-1.3578
Branchial arch epithelium,Pancreatic acinar cells,K15_only,1.6606,-0.8200,1.2838,-0.8569
Branchial arch epithelium,Parasympathetic neurons,neither,-1.2067,-1.8721,-1.8185,-2.0409
Branchial arch epithelium,Posterior roof plate,neither,-2.2342,-1.8900,-0.4194,-1.4259
Branchial arch epithelium,Pre-epidermal keratinocytes,K15_only,0.5900,-1.2987,0.7833,-1.1119
Branchial arch epithelium,Pre-osteoblasts (Sp7+),neither,-0.8587,-1.3462,-0.4934,-1.0907
Branchial arch epithelium,Primitive erythroid cells,neither,-0.7982,-1.0178,-1.2777,-0.9546
Branchial arch epithelium,Retinal ganglion cells,neither,-1.9083,-2.5850,-2.7658,-2.5837
Branchial arch epithelium,Retinal pigment cells,neither,-2.7608,-2.8180,-2.0019,-1.4658
Branchial arch epithelium,Retinal progenitor cells,neither,-1.9652,-2.7086,-2.0043,-1.8066
Branchial arch epithelium,Sclerotome,neither,-1.1438,-1.2528,-0.9451,-1.0295
Branchial arch epithelium,Spinal cord dorsal progenitors,neither,-1.3362,-1.5187,-1.0106,-1.3141
Branchial arch epithelium,Spinal cord motor neurons,neither,-1.4886,-1.4483,-1.1584,-1.4289
Branchial arch epithelium,Spinal cord ventral progenitors,neither,-0.5757,-1.2148,-1.6290,-1.4354
Branchial arch epithelium,Spinal cord/r7/r8,neither,-1.3792,-1.5173,-1.2367,-1.3493
Branchial arch epithelium,Sympathetic neurons,neither,-1.2905,-1.9308,-1.1451,-2.0115
Branchial arch epithelium,Telencephalon,neither,-1.8165,-1.3061,-1.5766,-1.0702
Branchial arch epithelium,Thalamic neuronal precursors,neither,-2.8530,-2.8475,-1.8952,-2.1791
Branchial arch epithelium,Ureteric bud,neither,0.4688,-1.5755,0.7150,-1.6481
Cajal-Retzius cells,Cerebellar Purkinje cells,neither,-1.1789,-1.4585,-1.0030,-1.3749
Cajal-Retzius cells,Chondrocytes (Atp1a2+),neither,-1.5899,-1.3272,-1.5012,-1.1427
Cajal-Retzius cells,Choroid plexus,K15_only,0.6493,-0.8774,0.4328,-0.9678
Cajal-Retzius cells,Cranial motor neurons,neither,-0.8850,-1.2620,-0.9925,-1.0525
Cajal-Retzius cells,Deep-layer neurons,neither,0.0602,-1.0145,0.1419,-0.8676
Cajal-Retzius cells,Definitive early erythroblasts (CD36-),neither,-3.5676,-1.9577,-3.5199,-1.8971
Cajal-Retzius cells,Definitive erythroblasts (CD36+),neither,-0.6971,-1.1135,-0.5811,-1.1934
Cajal-Retzius cells,Dermatome,neither,-1.5086,-1.1160,-1.3640,-0.9739
Cajal-Retzius cells,Dermomyotome,neither,-2.1213,-1.3414,-0.9600,-1.0162
Cajal-Retzius cells,Diencephalon,neither,-0.4046,-1.8874,-0.6016,-1.7490
Cajal-Retzius cells,Dorsal root ganglion neurons,neither,-1.1099,-0.8627,-0.7900,-0.8204
Cajal-Retzius cells,Dorsal telencephalon,K15_only,1.2721,-0.9548,1.1676,-0.8391
Cajal-Retzius cells,Early chondrocytes,neither,-1.5952,-1.1353,-1.2558,-0.9264
Cajal-Retzius cells,Endocardial cells,neither,-1.0371,-1.3717,-1.3369,-1.1008
Cajal-Retzius cells,Endothelium,neither,-1.3769,-1.2705,-1.0615,-1.0735
Cajal-Retzius cells,Enteric neurons,neither,-1.4625,-1.4407,-0.3265,-0.8503
Cajal-Retzius cells,Eye field,neither,-0.2278,-1.4528,-0.3790,-1.3791
Cajal-Retzius cells,Facial mesenchyme,neither,-1.4411,-1.0236,-1.1790,-0.8437
Cajal-Retzius cells,Fibroblasts,neither,-1.5620,-0.8076,-1.2855,-0.6490
Cajal-Retzius cells,First heart field,neither,-0.7368,-1.0076,-0.8008,-0.7545
Cajal-Retzius cells,Floorplate and p3 domain,neither,-0.7515,-1.0251,-0.3884,-0.7115
Cajal-Retzius cells,GABAergic cortical interneurons,neither,-0.4484,-0.7623,-0.4338,-0.6767
Cajal-Retzius cells,GABAergic neurons,neither,-1.0832,-0.8186,-0.9784,-0.7426
Cajal-Retzius cells,Glutamatergic neurons,neither,-0.8434,-0.6801,-0.7973,-0.5899
Cajal-Retzius cells,Granular keratinocytes,neither,-1.3364,-1.3130,-1.1038,-1.2008
Cajal-Retzius cells,Hematopoietic stem cells (Cd34+),neither,-3.5966,-3.1554,-2.9248,-2.9600
Cajal-Retzius cells,Hematopoietic stem cells (Mpo+),neither,-3.1419,-3.1432,-2.7240,-2.5469
Cajal-Retzius cells,Hepatocytes,neither,-3.4017,-2.9862,-3.3235,-2.8763
Cajal-Retzius cells,Hindbrain,neither,-0.7955,-1.1381,-0.7528,-1.0143
Cajal-Retzius cells,Hypothalamus,neither,-0.7344,-1.4162,-0.6913,-1.2162
Cajal-Retzius cells,Hypothalamus (Sim1+),neither,0.4471,-0.3250,-0.0418,-0.4279
Cajal-Retzius cells,Intermediate neuronal progenitors,K15_only,0.2301,-1.1732,0.3723,-1.0114
Cajal-Retzius cells,Kupffer cells,neither,-2.6766,-2.7990,-2.6027,-2.2321
Cajal-Retzius cells,Lateral plate and intermediate mesoderm,neither,-1.9151,-1.1123,-1.6140,-0.9596
Cajal-Retzius cells,Limb mesenchyme progenitors,neither,-2.1871,-1.4583,-1.7828,-1.1755
Cajal-Retzius cells,Liver sinusoidal endothelial cells,neither,-1.4666,-1.6731,-1.2643,-1.1322
Cajal-Retzius cells,Lung progenitor cells,neither,-2.7838,-2.7126,-2.5915,-2.9882
Cajal-Retzius cells,Lymphatic vessel endothelial cells,neither,-2.0150,-1.3792,-1.3296,-1.1502
Cajal-Retzius cells,Mast cells,neither,-3.1379,-2.6505,-1.9232,-1.9564
Cajal-Retzius cells,Megakaryocytes,neither,-2.5925,-2.8476,-2.2407,-2.5308
Cajal-Retzius cells,Melanocyte cells,neither,-1.4737,-1.2950,-2.2863,-1.1804
Cajal-Retzius cells,Metanephric mesenchyme,neither,-1.9653,-2.5430,-2.1276,-2.5469
Cajal-Retzius cells,Microglia,neither,-1.7051,-2.1176,-3.0487,-1.7713
Cajal-Retzius cells,Midbrain,neither,-1.6936,-1.4559,-1.6233,-1.3565
Cajal-Retzius cells,Midbrain-hindbrain boundary,neither,-1.5052,-1.1638,-0.6032,-0.8715
Cajal-Retzius cells,Midgut/Hindgut epithelial cells,neither,-2.3506,-2.2059,-1.7656,-1.7782
Cajal-Retzius cells,Monocytes,neither,-2.2864,-1.9761,-1.5929,-1.9236
Cajal-Retzius cells,Muscle progenitor cells,neither,-1.6382,-0.9900,-1.2844,-1.1100
Cajal-Retzius cells,Myelinating Schwann cells,neither,-1.3918,-1.5003,-1.4435,-1.4106
Cajal-Retzius cells,Myelinating Schwann cells (Tgfb2+),neither,-2.8311,-2.1973,-1.4447,-1.9670
Cajal-Retzius cells,Myoblasts,neither,-1.8710,-1.2468,-1.7440,-1.0808
Cajal-Retzius cells,Myofibroblasts,neither,-1.5975,-1.3724,-1.2788,-1.2878
Cajal-Retzius cells,Naive retinal progenitor cells,neither,-0.4792,-1.9563,-0.9196,-1.9567
Cajal-Retzius cells,Nephron progenitors,neither,-2.0895,-2.1249,-1.5571,-2.2246
Cajal-Retzius cells,Neural crest (PNS glia),neither,-1.3474,-1.3560,-1.0238,-1.1568
Cajal-Retzius cells,Neural crest (PNS neurons),neither,-1.8120,-1.7077,-1.6727,-1.5488
Cajal-Retzius cells,Neural progenitor cells (Neurod1+),neither,0.0770,-1.0308,0.0214,-1.1695
Cajal-Retzius cells,Neurons (Slc17a8+),neither,-0.7760,-0.7958,-0.6432,-0.6416
Cajal-Retzius cells,Olfactory bulb cells,neither,-1.7731,-2.0890,-2.1070,-2.2130
Cajal-Retzius cells,Olfactory epithelial cells,neither,-1.9550,-2.2126,-1.7705,-2.0587
Cajal-Retzius cells,Olfactory sensory neurons,neither,-2.4430,-2.5542,-2.3807,-2.5188
Cajal-Retzius cells,Otic epithelial cells,neither,-1.7698,-1.9192,-1.8030,-1.6769
Cajal-Retzius cells,Otic sensory neurons,neither,-1.5968,-1.6499,-1.3332,-1.2895
Cajal-Retzius cells,Pancreatic acinar cells,neither,-2.5057,-1.7629,-0.9707,-1.6125
Cajal-Retzius cells,Parasympathetic neurons,neither,-2.2174,-1.9382,-1.9044,-1.7115
Cajal-Retzius cells,Posterior roof plate,neither,-1.8051,-0.8501,-0.7188,-0.7836
Cajal-Retzius cells,Pre-epidermal keratinocytes,neither,-1.5467,-1.3330,-1.2446,-1.1882
Cajal-Retzius cells,Pre-osteoblasts (Sp7+),neither,-1.1450,-1.2501,-1.1904,-0.9740
Cajal-Retzius cells,Primitive erythroid cells,neither,-0.9443,-0.6790,-1.4420,-0.6490
Cajal-Retzius cells,Retinal ganglion cells,neither,-0.2231,-1.3420,-0.7145,-1.6555
Cajal-Retzius cells,Retinal pigment cells,neither,0.4724,-0.5030,-0.0904,-0.4422
Cajal-Retzius cells,Retinal progenitor cells,neither,-0.1727,-0.8759,-0.3786,-0.9870
Cajal-Retzius cells,Sclerotome,neither,-1.4308,-0.9786,-1.1806,-0.7938
Cajal-Retzius cells,Spinal cord dorsal progenitors,neither,-0.6909,-0.9565,-0.6583,-0.8667
Cajal-Retzius cells,Spinal cord motor neurons,neither,-0.6421,-1.0699,-0.8661,-1.0871
Cajal-Retzius cells,Spinal cord ventral progenitors,neither,-0.5177,-0.5704,-0.6988,-0.5134
Cajal-Retzius cells,Spinal cord/r7/r8,neither,-1.0358,-1.0833,-0.8332,-0.9860
Cajal-Retzius cells,Sympathetic neurons,neither,-1.6151,-1.6834,-1.4432,-1.5741
Cajal-Retzius cells,Telencephalon,neither,-0.3645,-0.7345,-0.3161,-0.6208
Cajal-Retzius cells,Thalamic neuronal precursors,neither,-0.7508,-1.9918,-0.7897,-1.6425
Cajal-Retzius cells,Ureteric bud,neither,-1.6302,-1.8500,-2.8579,-2.2322
Cerebellar Purkinje cells,Chondrocytes (Atp1a2+),neither,-1.8231,-1.5939,-1.8434,-1.4959
Cerebellar Purkinje cells,Choroid plexus,neither,-0.3842,-1.3099,-0.7918,-1.5373
Cerebellar Purkinje cells,Cranial motor neurons,neither,-1.0852,-1.2429,-0.8248,-1.2866
Cerebellar Purkinje cells,Deep-layer neurons,neither,-2.0518,-1.7179,-1.7646,-1.5419
Cerebellar Purkinje cells,Definitive early erythroblasts (CD36-),neither,-3.8735,-2.2642,-3.7344,-2.2400
Cerebellar Purkinje cells,Definitive erythroblasts (CD36+),neither,-1.5805,-1.7153,-1.6225,-1.6369
Cerebellar Purkinje cells,Dermatome,neither,-1.5615,-1.3863,-1.2824,-1.2993
Cerebellar Purkinje cells,Dermomyotome,neither,-2.0370,-1.7055,-1.7734,-1.3159
Cerebellar Purkinje cells,Diencephalon,neither,-2.2157,-2.6705,-2.1874,-2.4747
Cerebellar Purkinje cells,Dorsal root ganglion neurons,neither,-1.1571,-1.2122,-0.9619,-1.2137
Cerebellar Purkinje cells,Dorsal telencephalon,neither,-1.7238,-1.9120,-1.2433,-1.6395
Cerebellar Purkinje cells,Early chondrocytes,neither,-1.6933,-1.4131,-1.4611,-1.3112
Cerebellar Purkinje cells,Endocardial cells,neither,-1.6928,-1.5912,-2.0143,-1.5119
Cerebellar Purkinje cells,Endothelium,neither,-1.3660,-1.5159,-1.3110,-1.3745
Cerebellar Purkinje cells,Enteric neurons,neither,-1.7519,-1.7331,-1.0547,-1.0504
Cerebellar Purkinje cells,Eye field,neither,-1.7580,-2.2885,-1.3963,-2.0641
Cerebellar Purkinje cells,Facial mesenchyme,neither,-1.5399,-1.3255,-1.2710,-1.2027
Cerebellar Purkinje cells,Fibroblasts,neither,-1.6956,-1.1326,-1.4715,-1.0484
Cerebellar Purkinje cells,First heart field,neither,-0.8790,-1.1839,-1.1327,-1.1865
Cerebellar Purkinje cells,Floorplate and p3 domain,neither,-1.1087,-1.2014,-0.2536,-0.8616
Cerebellar Purkinje cells,GABAergic cortical interneurons,neither,-1.7152,-1.2661,-1.5281,-1.1572
Cerebellar Purkinje cells,GABAergic neurons,neither,-0.8784,-1.1012,-0.7253,-1.1023
Cerebellar Purkinje cells,Glutamatergic neurons,neither,-0.7836,-1.0388,-0.6633,-0.9993
Cerebellar Purkinje cells,Granular keratinocytes,neither,-1.6056,-1.6921,-1.1729,-1.4676
Cerebellar Purkinje cells,Hematopoietic stem cells (Cd34+),neither,-3.1366,-3.3143,-3.4489,-3.3091
Cerebellar Purkinje cells,Hematopoietic stem cells (Mpo+),neither,-3.6855,-3.2039,-2.2512,-2.9360
Cerebellar Purkinje cells,Hepatocytes,neither,-3.7592,-3.2771,-3.5205,-3.1788
Cerebellar Purkinje cells,Hindbrain,K15_only,0.9153,-1.1522,1.0777,-1.0886
Cerebellar Purkinje cells,Hypothalamus,neither,-1.6708,-2.0119,-1.3169,-1.7204
Cerebellar Purkinje cells,Hypothalamus (Sim1+),neither,-0.5523,-0.9244,-1.1534,-0.7914
Cerebellar Purkinje cells,Intermediate neuronal progenitors,neither,-2.0688,-2.0037,-1.5864,-1.8125
Cerebellar Purkinje cells,Kupffer cells,neither,-3.1582,-3.1115,-2.7789,-2.5082
Cerebellar Purkinje cells,Lateral plate and intermediate mesoderm,neither,-1.8513,-1.3758,-1.6604,-1.2994
Cerebellar Purkinje cells,Limb mesenchyme progenitors,neither,-2.1652,-1.7085,-1.9165,-1.5171
Cerebellar Purkinje cells,Liver sinusoidal endothelial cells,neither,-2.3452,-2.0731,-1.7670,-1.5431
Cerebellar Purkinje cells,Lung progenitor cells,neither,-3.4642,-2.9693,-3.5454,-3.0631
Cerebellar Purkinje cells,Lymphatic vessel endothelial cells,neither,-1.7525,-1.4798,-1.5882,-1.5764
Cerebellar Purkinje cells,Mast cells,neither,-2.6875,-2.7016,-5.2331,-2.4408
Cerebellar Purkinje cells,Megakaryocytes,neither,-2.9569,-3.0294,-2.3086,-2.7518
Cerebellar Purkinje cells,Melanocyte cells,neither,-1.4065,-1.7701,-0.9400,-1.1314
Cerebellar Purkinje cells,Metanephric mesenchyme,neither,-2.4304,-2.8509,-1.8268,-2.5042
Cerebellar Purkinje cells,Microglia,neither,-2.1717,-2.5132,-1.6249,-2.0622
Cerebellar Purkinje cells,Midbrain,neither,-1.0978,-1.6386,-1.1852,-1.6673
Cerebellar Purkinje cells,Midbrain-hindbrain boundary,K15_only,1.0415,-0.5156,0.9410,-0.6931
Cerebellar Purkinje cells,Midgut/Hindgut epithelial cells,neither,-1.9442,-2.2518,-1.5121,-1.9078
Cerebellar Purkinje cells,Monocytes,neither,-2.8533,-2.6643,-1.9373,-2.2866
Cerebellar Purkinje cells,Muscle progenitor cells,neither,-1.3917,-1.2759,-1.1172,-1.2080
Cerebellar Purkinje cells,Myelinating Schwann cells,neither,-1.4599,-1.7705,-1.4842,-1.6237
Cerebellar Purkinje cells,Myelinating Schwann cells (Tgfb2+),neither,-1.8774,-2.3052,-1.5702,-2.2349
Cerebellar Purkinje cells,Myoblasts,neither,-2.0799,-1.5321,-1.8064,-1.3940
Cerebellar Purkinje cells,Myofibroblasts,neither,-1.6808,-1.6106,-1.5314,-1.5830
Cerebellar Purkinje cells,Naive retinal progenitor cells,neither,-2.3265,-2.7854,-1.9516,-2.5849
Cerebellar Purkinje cells,Nephron progenitors,neither,-4.2244,-2.4438,-1.8776,-2.0170
Cerebellar Purkinje cells,Neural crest (PNS glia),neither,-1.3757,-1.5352,-0.9559,-1.4598
Cerebellar Purkinje cells,Neural crest (PNS neurons),neither,-1.7794,-1.9497,-2.0659,-1.9114
Cerebellar Purkinje cells,Neural progenitor cells (Neurod1+),neither,-1.7006,-1.7965,-1.5903,-1.9269
Cerebellar Purkinje cells,Neurons (Slc17a8+),neither,-0.0788,-0.9949,0.0259,-0.5073
Cerebellar Purkinje cells,Olfactory bulb cells,neither,-1.7907,-2.3594,-1.2855,-2.2717
Cerebellar Purkinje cells,Olfactory epithelial cells,neither,-2.3165,-2.7332,-1.7616,-2.4988
Cerebellar Purkinje cells,Olfactory sensory neurons,neither,-2.7967,-3.0014,-1.8627,-2.8828
Cerebellar Purkinje cells,Otic epithelial cells,neither,-2.1894,-2.2838,-1.4948,-1.8414
Cerebellar Purkinje cells,Otic sensory neurons,neither,-1.7416,-1.8960,-1.3615,-1.5639
Cerebellar Purkinje cells,Pancreatic acinar cells,neither,-2.0765,-1.5325,-1.0483,-1.7669
Cerebellar Purkinje cells,Parasympathetic neurons,neither,-1.7636,-1.9039,-1.4759,-1.7685
Cerebellar Purkinje cells,Posterior roof plate,neither,-0.9465,-1.0493,-1.7561,-1.1349
Cerebellar Purkinje cells,Pre-epidermal keratinocytes,neither,-1.9058,-1.6630,-1.4216,-1.5611
Cerebellar Purkinje cells,Pre-osteoblasts (Sp7+),neither,-1.8518,-1.5895,-0.7916,-1.3243
Cerebellar Purkinje cells,Primitive erythroid cells,neither,-0.6105,-1.1240,-0.2067,-0.7096
Cerebellar Purkinje cells,Retinal ganglion cells,neither,-2.0205,-2.1884,-1.7533,-2.4622
Cerebellar Purkinje cells,Retinal pigment cells,neither,-3.4260,-1.7486,-1.9373,-1.4347
Cerebellar Purkinje cells,Retinal progenitor cells,neither,-1.5117,-2.0321,-0.8550,-1.8480
Cerebellar Purkinje cells,Sclerotome,neither,-1.6526,-1.3086,-1.3194,-1.1762
Cerebellar Purkinje cells,Spinal cord dorsal progenitors,K15_only,0.7487,-1.0000,0.8971,-0.9062
Cerebellar Purkinje cells,Spinal cord motor neurons,neither,-0.8350,-1.2790,-1.0824,-1.1698
Cerebellar Purkinje cells,Spinal cord ventral progenitors,neither,-0.1649,-0.6750,0.2751,-0.6125
Cerebellar Purkinje cells,Spinal cord/r7/r8,neither,-0.5103,-1.2583,-0.2467,-1.2216
Cerebellar Purkinje cells,Sympathetic neurons,neither,-1.9169,-1.9525,-1.8765,-1.9393
Cerebellar Purkinje cells,Telencephalon,neither,-2.1808,-1.2903,-1.8289,-1.1429
Cerebellar Purkinje cells,Thalamic neuronal precursors,neither,-2.4800,-2.6969,-2.1968,-2.2499
Cerebellar Purkinje cells,Ureteric bud,neither,-2.7641,-1.8895,-1.9986,-2.2442
Chondrocytes (Atp1a2+),Choroid plexus,neither,-1.2476,-1.3781,-1.7381,-1.4373
Chondrocytes (Atp1a2+),Cranial motor neurons,neither,-0.7734,-1.0950,-0.7493,-0.8765
Chondrocytes (Atp1a2+),Deep-layer neurons,neither,-2.0108,-1.4442,-1.9405,-1.3141
Chondrocytes (Atp1a2+),Definitive early erythroblasts (CD36-),neither,-3.5634,-1.9206,-3.4230,-1.8689
Chondrocytes (Atp1a2+),Definitive erythroblasts (CD36+),neither,-1.7706,-1.1443,-0.9191,-1.2625
Chondrocytes (Atp1a2+),Dermatome,neither,-0.1389,-0.8793,-0.1631,-0.8226
Chondrocytes (Atp1a2+),Dermomyotome,neither,-0.7412,-0.8239,-0.9189,-0.7446
Chondrocytes (Atp1a2+),Diencephalon,neither,-2.3683,-2.4461,-1.8893,-2.1297
Chondrocytes (Atp1a2+),Dorsal root ganglion neurons,neither,-1.1447,-0.8238,-0.5263,-0.7014
Chondrocytes (Atp1a2+),Dorsal telencephalon,neither,-1.6576,-1.8218,-1.3147,-1.4069
Chondrocytes (Atp1a2+),Early chondrocytes,K15_only,0.1311,-0.8414,0.1292,-0.7988
Chondrocytes (Atp1a2+),Endocardial cells,neither,-0.8636,-1.1230,-0.7102,-0.8742
Chondrocytes (Atp1a2+),Endothelium,neither,-0.4937,-1.0597,-0.3635,-0.9461
Chondrocytes (Atp1a2+),Enteric neurons,neither,-0.6425,-1.1397,-0.2864,-0.6684
Chondrocytes (Atp1a2+),Eye field,neither,-1.6944,-2.2018,-1.7226,-1.8643
Chondrocytes (Atp1a2+),Facial mesenchyme,neither,-0.3828,-0.8540,-0.4703,-0.8014
Chondrocytes (Atp1a2+),Fibroblasts,neither,-0.5629,-0.7369,-0.5340,-0.6651
Chondrocytes (Atp1a2+),First heart field,neither,-0.2366,-0.7794,0.0766,-0.5986
Chondrocytes (Atp1a2+),Floorplate and p3 domain,neither,-0.3040,-0.8507,-0.4356,-0.7459
Chondrocytes (Atp1a2+),GABAergic cortical interneurons,neither,-1.9017,-1.0084,-1.7017,-0.8901
Chondrocytes (Atp1a2+),GABAergic neurons,neither,-1.2409,-0.8786,-1.1967,-0.8037
Chondrocytes (Atp1a2+),Glutamatergic neurons,neither,-1.3203,-0.7704,-1.2603,-0.7081
Chondrocytes (Atp1a2+),Granular keratinocytes,neither,-0.7922,-1.1646,-0.8107,-1.0518
Chondrocytes (Atp1a2+),Hematopoietic stem cells (Cd34+),neither,-2.9919,-2.9391,-2.9485,-2.7879
Chondrocytes (Atp1a2+),Hematopoietic stem cells (Mpo+),neither,-3.4628,-2.9677,-2.3192,-2.3745
Chondrocytes (Atp1a2+),Hepatocytes,neither,-2.9457,-2.7683,-3.1610,-2.7688
Chondrocytes (Atp1a2+),Hindbrain,neither,-1.2764,-1.2393,-1.0893,-1.1051
Chondrocytes (Atp1a2+),Hypothalamus,neither,-1.5883,-1.8243,-1.3988,-1.4484
Chondrocytes (Atp1a2+),Hypothalamus (Sim1+),neither,-1.1121,-0.6821,-0.5041,-0.4303
Chondrocytes (Atp1a2+),Intermediate neuronal progenitors,neither,-1.9666,-1.7480,-1.6247,-1.5632
Chondrocytes (Atp1a2+),Kupffer cells,neither,-2.4183,-2.7627,-2.3193,-2.1669
Chondrocytes (Atp1a2+),Lateral plate and intermediate mesoderm,neither,-0.9226,-0.9219,-0.9858,-0.8547
Chondrocytes (Atp1a2+),Limb mesenchyme progenitors,neither,-1.2907,-1.2255,-1.2552,-1.0821
Chondrocytes (Atp1a2+),Liver sinusoidal endothelial cells,neither,-1.4127,-1.5354,-0.9839,-1.1667
Chondrocytes (Atp1a2+),Lung progenitor cells,neither,-1.9684,-2.4304,-1.8793,-2.5419
Chondrocytes (Atp1a2+),Lymphatic vessel endothelial cells,neither,-0.6424,-0.9334,-0.3126,-0.8228
Chondrocytes (Atp1a2+),Mast cells,neither,-3.6962,-2.5343,-2.0738,-1.8929
Chondrocytes (Atp1a2+),Megakaryocytes,neither,-2.5654,-2.5888,-2.3999,-2.3559
Chondrocytes (Atp1a2+),Melanocyte cells,neither,-1.1477,-1.1679,-0.5673,-0.7068
Chondrocytes (Atp1a2+),Metanephric mesenchyme,neither,-1.6488,-2.0044,-1.1144,-2.0179
Chondrocytes (Atp1a2+),Microglia,neither,-2.3065,-2.0333,-1.7845,-1.5643
Chondrocytes (Atp1a2+),Midbrain,neither,-2.3575,-1.6427,-2.0920,-1.5694
Chondrocytes (Atp1a2+),Midbrain-hindbrain boundary,neither,-2.1161,-1.5134,-0.6781,-1.3811
Chondrocytes (Atp1a2+),Midgut/Hindgut epithelial cells,neither,-1.5967,-1.8357,-1.1383,-1.3758
Chondrocytes (Atp1a2+),Monocytes,neither,-3.2607,-2.3938,-2.1376,-1.7126
Chondrocytes (Atp1a2+),Muscle progenitor cells,neither,-0.3642,-0.3174,0.1183,-0.3032
Chondrocytes (Atp1a2+),Myelinating Schwann cells,neither,-1.3823,-1.3989,-1.2714,-1.3247
Chondrocytes (Atp1a2+),Myelinating Schwann cells (Tgfb2+),neither,-1.4993,-1.9777,-1.2650,-1.8848
Chondrocytes (Atp1a2+),Myoblasts,neither,-0.7578,-1.0776,-0.7190,-0.9693
Chondrocytes (Atp1a2+),Myofibroblasts,neither,-0.1368,-0.9394,-0.1208,-0.9538
Chondrocytes (Atp1a2+),Naive retinal progenitor cells,neither,-2.8405,-2.7590,-2.3189,-2.3982
Chondrocytes (Atp1a2+),Nephron progenitors,neither,-0.9474,-1.5797,-0.7786,-1.5449
Chondrocytes (Atp1a2+),Neural crest (PNS glia),neither,-1.2514,-1.2691,-0.7228,-1.1103
Chondrocytes (Atp1a2+),Neural crest (PNS neurons),neither,-1.6722,-1.6252,-1.4034,-1.5416
Chondrocytes (Atp1a2+),Neural progenitor cells (Neurod1+),neither,-1.9779,-1.6832,-1.5213,-1.6705
Chondrocytes (Atp1a2+),Neurons (Slc17a8+),neither,-0.4981,-0.8458,-0.2803,-0.5576
Chondrocytes (Atp1a2+),Olfactory bulb cells,neither,-1.5240,-1.7470,-1.5799,-1.9682
Chondrocytes (Atp1a2+),Olfactory epithelial cells,neither,-1.7638,-2.1157,-1.7280,-2.0338
Chondrocytes (Atp1a2+),Olfactory sensory neurons,neither,-1.9788,-2.4168,-1.5017,-2.4997
Chondrocytes (Atp1a2+),Otic epithelial cells,neither,-1.4551,-1.6982,-1.2012,-1.5150
Chondrocytes (Atp1a2+),Otic sensory neurons,neither,-1.3013,-1.4456,-1.2479,-1.2077
Chondrocytes (Atp1a2+),Pancreatic acinar cells,neither,-0.3646,-1.1474,-0.9302,-1.1689
Chondrocytes (Atp1a2+),Parasympathetic neurons,neither,-1.8858,-1.6812,-1.0781,-1.6929
Chondrocytes (Atp1a2+),Posterior roof plate,neither,-1.1414,-0.7047,-0.9191,-0.6112
Chondrocytes (Atp1a2+),Pre-epidermal keratinocytes,neither,-1.1761,-1.2268,-1.2215,-1.1537
Chondrocytes (Atp1a2+),Pre-osteoblasts (Sp7+),neither,-0.2804,-0.8599,-0.2706,-0.8598
Chondrocytes (Atp1a2+),Primitive erythroid cells,neither,-0.6380,-0.7449,-0.4019,-0.6813
Chondrocytes (Atp1a2+),Retinal ganglion cells,neither,-2.0766,-2.3154,-1.6365,-2.1766
Chondrocytes (Atp1a2+),Retinal pigment cells,neither,-2.2393,-1.6180,-0.8156,-1.2312
Chondrocytes (Atp1a2+),Retinal progenitor cells,neither,-2.1005,-2.0058,-2.3877,-1.7499
Chondrocytes (Atp1a2+),Sclerotome,neither,-0.5124,-0.8431,-0.4851,-0.7654
Chondrocytes (Atp1a2+),Spinal cord dorsal progenitors,neither,-0.7807,-1.0105,-1.0042,-0.9484
Chondrocytes (Atp1a2+),Spinal cord motor neurons,neither,-0.2774,-0.8316,-0.3785,-0.8054
Chondrocytes (Atp1a2+),Spinal cord ventral progenitors,neither,-0.6609,-0.6377,-1.1641,-0.6189
Chondrocytes (Atp1a2+),Spinal cord/r7/r8,neither,-0.8462,-1.0366,-0.8402,-1.0294
Chondrocytes (Atp1a2+),Sympathetic neurons,neither,-1.3192,-1.5751,-1.3757,-1.5773
Chondrocytes (Atp1a2+),Telencephalon,neither,-2.0509,-1.0020,-1.8583,-0.8619
Chondrocytes (Atp1a2+),Thalamic neuronal precursors,neither,-2.4478,-2.5267,-2.0973,-1.8951
Chondrocytes (Atp1a2+),Ureteric bud,neither,-1.0730,-1.4782,-1.1156,-1.4636
Choroid plexus,Cranial motor neurons,neither,-2.0115,-1.3588,-0.1873,-1.1152
Choroid plexus,Deep-layer neurons,neither,-1.0121,-1.1595,-1.0239,-1.1798
Choroid plexus,Definitive early erythroblasts (CD36-),neither,-3.8918,-2.1611,-3.7836,-2.0457
Choroid plexus,Definitive erythroblasts (CD36+),neither,-1.1240,-1.8482,0.4814,-1.8465
Choroid plexus,Dermatome,neither,-1.2876,-1.2760,-1.2328,-1.1544
Choroid plexus,Dermomyotome,neither,0.0340,-1.5636,-0.3971,-1.6863
Choroid plexus,Diencephalon,neither,0.7538,-1.2414,0.5389,-1.4425
Choroid plexus,Dorsal root ganglion neurons,neither,1.1644,-0.4888,-1.5240,-1.2406
Choroid plexus,Dorsal telencephalon,K15_only,2.4257,-0.0722,2.3175,-0.3063
Choroid plexus,Early chondrocytes,neither,-1.3358,-1.1964,-1.2162,-1.1240
Choroid plexus,Endocardial cells,neither,-0.9470,-1.4677,-0.9143,-1.4150
Choroid plexus,Endothelium,neither,-1.3153,-1.5047,-0.7580,-1.3625
Choroid plexus,Enteric neurons,neither,-0.6042,-1.8294,0.6194,-0.2321
Choroid plexus,Eye field,neither,-0.8653,-1.7073,-0.3577,-1.6453
Choroid plexus,Facial mesenchyme,neither,-0.9721,-1.0968,-1.0407,-0.9799
Choroid plexus,Fibroblasts,neither,-1.2381,-0.8567,-1.2225,-0.8386
Choroid plexus,First heart field,neither,-1.3026,-2.4287,0.7033,-1.1994
Choroid plexus,Floorplate and p3 domain,neither,-2.6969,-1.4642,-0.3258,-1.0022
Choroid plexus,GABAergic cortical interneurons,neither,-1.0955,-0.9347,-1.2550,-0.9517
Choroid plexus,GABAergic neurons,neither,-1.2881,-0.9294,-1.0867,-0.9441
Choroid plexus,Glutamatergic neurons,neither,-0.7934,-0.7890,-0.7922,-0.8335
Choroid plexus,Granular keratinocytes,neither,-1.7270,-1.3730,-1.4561,-1.1853
Choroid plexus,Hematopoietic stem cells (Cd34+),neither,-3.3477,-3.6517,-3.1051,-3.6452
Choroid plexus,Hematopoietic stem cells (Mpo+),neither,-2.8479,-2.8754,-1.7437,-3.6791
Choroid plexus,Hepatocytes,neither,-2.8212,-2.9436,-4.0020,-3.2243
Choroid plexus,Hindbrain,neither,-0.0860,-1.1001,-0.4601,-1.0560
Choroid plexus,Hypothalamus,neither,-1.9669,-1.9175,-1.1763,-1.8925
Choroid plexus,Hypothalamus (Sim1+),neither,0.6206,-0.5649,-1.0197,-1.2914
Choroid plexus,Intermediate neuronal progenitors,neither,-0.7511,-1.3041,-0.6607,-1.3651
Choroid plexus,Kupffer cells,neither,-1.4832,-3.2150,-2.2109,-3.2633
Choroid plexus,Lateral plate and intermediate mesoderm,neither,-1.3429,-1.2377,-1.6014,-1.1929
Choroid plexus,Limb mesenchyme progenitors,neither,-2.0795,-1.6843,-1.6461,-1.3280
Choroid plexus,Liver sinusoidal endothelial cells,neither,-1.0632,-1.8837,-0.4376,-1.4085
Choroid plexus,Lung progenitor cells,neither,-3.1065,-3.3964,-1.6159,-2.9650
Choroid plexus,Lymphatic vessel endothelial cells,neither,-0.2279,-1.1708,-1.4533,-1.3992
Choroid plexus,Mast cells,neither,-1.8563,-4.3525,-2.2377,-3.1920
Choroid plexus,Megakaryocytes,neither,-1.9052,-3.8488,-1.8557,-3.2565
Choroid plexus,Melanocyte cells,neither,-0.4729,-1.0876,-1.2967,-0.7247
Choroid plexus,Metanephric mesenchyme,neither,-1.0107,-2.6045,-2.9525,-2.8300
Choroid plexus,Microglia,neither,-0.9081,-2.7832,-2.0106,-2.2854
Choroid plexus,Midbrain,neither,-1.6543,-1.4192,-1.6323,-1.4006
Choroid plexus,Midbrain-hindbrain boundary,neither,-1.5653,-1.7581,-1.1160,-0.9603
Choroid plexus,Midgut/Hindgut epithelial cells,neither,-1.4907,-2.3772,-1.4395,-1.9997
Choroid plexus,Monocytes,neither,-0.9535,-2.3494,-1.0461,-3.0404
Choroid plexus,Muscle progenitor cells,neither,-0.1433,-1.0933,-0.9997,-0.5660
Choroid plexus,Myelinating Schwann cells,neither,-1.1748,-1.7331,-1.1251,-1.3041
Choroid plexus,Myelinating Schwann cells (Tgfb2+),neither,-0.2364,-2.1976,-2.5905,-1.7597
Choroid plexus,Myoblasts,neither,-1.7971,-1.3618,-1.8461,-1.3290
Choroid plexus,Myofibroblasts,neither,-2.0078,-1.5270,-1.0971,-1.5641
Choroid plexus,Naive retinal progenitor cells,neither,-1.1699,-2.3798,-1.5246,-2.4988
Choroid plexus,Nephron progenitors,neither,-1.8207,-2.2939,-0.6492,-2.1157
Choroid plexus,Neural crest (PNS glia),neither,-0.4672,-1.2902,-0.6867,-1.0465
Choroid plexus,Neural crest (PNS neurons),neither,-0.5541,-1.7658,-0.9709,-1.5999
Choroid plexus,Neural progenitor cells (Neurod1+),neither,0.9920,-0.1603,1.1902,-0.3508
Choroid plexus,Neurons (Slc17a8+),neither,-1.4690,-1.1762,-1.3184,-0.5538
Choroid plexus,Olfactory bulb cells,neither,-0.4370,-1.8077,-0.2712,-2.2049
Choroid plexus,Olfactory epithelial cells,neither,-1.2992,-2.4223,-2.2552,-2.3950
Choroid plexus,Olfactory sensory neurons,neither,-2.6497,-2.8811,-1.5419,-3.0473
Choroid plexus,Otic epithelial cells,neither,-1.3423,-1.8233,-0.3935,-1.6787
Choroid plexus,Otic sensory neurons,neither,-1.3563,-1.6956,0.7094,-1.1124
Choroid plexus,Pancreatic acinar cells,neither,-0.8569,-1.9645,-0.1098,-1.7287
Choroid plexus,Parasympathetic neurons,neither,-0.7220,-1.2506,-0.3600,-1.0567
Choroid plexus,Posterior roof plate,neither,-0.3449,-1.2026,0.4022,-0.7733
Choroid plexus,Pre-epidermal keratinocytes,neither,-1.4670,-1.4766,-1.0481,-1.3823
Choroid plexus,Pre-osteoblasts (Sp7+),neither,-1.6338,-1.3940,-0.8174,-0.8283
Choroid plexus,Primitive erythroid cells,neither,-0.2092,-0.7621,0.6194,-1.2441
Choroid plexus,Retinal ganglion cells,neither,-2.5189,-2.4181,-0.6028,-2.2180
Choroid plexus,Retinal pigment cells,neither,0.2529,-1.4279,0.5389,-0.8497
Choroid plexus,Retinal progenitor cells,neither,0.1431,-1.1162,-0.7161,-1.7152
Choroid plexus,Sclerotome,neither,-1.2221,-1.0822,-1.1824,-0.9840
Choroid plexus,Spinal cord dorsal progenitors,neither,-0.7546,-1.0137,-0.6076,-0.8619
Choroid plexus,Spinal cord motor neurons,neither,-1.4387,-1.5592,-0.6491,-2.0058
Choroid plexus,Spinal cord ventral progenitors,neither,-0.0732,-1.1749,-0.2896,-0.7279
Choroid plexus,Spinal cord/r7/r8,neither,-1.4128,-1.3486,-0.9082,-1.2342
Choroid plexus,Sympathetic neurons,neither,-1.4657,-2.0575,-0.8197,-1.9860
Choroid plexus,Telencephalon,neither,-1.0485,-0.8452,-1.1792,-0.8811
Choroid plexus,Thalamic neuronal precursors,neither,-0.2332,-1.6173,-0.1963,-1.4551
Choroid plexus,Ureteric bud,neither,-1.9137,-2.0404,-2.1857,-1.9476
Cranial motor neurons,Deep-layer neurons,neither,-1.3213,-1.2542,-1.1647,-1.2082
Cranial motor neurons,Definitive early erythroblasts (CD36-),neither,-3.3029,-1.9352,-3.1870,-1.8735
Cranial motor neurons,Definitive erythroblasts (CD36+),neither,0.0969,-1.4081,-0.6759,-1.2741
Cranial motor neurons,Dermatome,neither,-0.7100,-0.9242,-0.3882,-0.7916
Cranial motor neurons,Dermomyotome,neither,-0.2773,-0.9616,-0.8874,-0.7771
Cranial motor neurons,Diencephalon,neither,-2.2825,-2.5012,-2.5871,-2.5172
Cranial motor neurons,Dorsal root ganglion neurons,neither,0.0511,-0.9263,0.0175,-0.4610
Cranial motor neurons,Dorsal telencephalon,neither,-2.2630,-1.9601,-1.5105,-2.3655
Cranial motor neurons,Early chondrocytes,neither,-0.7734,-0.8615,-0.7156,-0.7855
Cranial motor neurons,Endocardial cells,neither,-0.6354,-1.0113,-1.2873,-1.7046
Cranial motor neurons,Endothelium,neither,-0.6111,-0.8843,-0.7821,-0.9359
Cranial motor neurons,Enteric neurons,neither,1.4824,-0.4713,0.4192,0.0573
Cranial motor neurons,Eye field,neither,-2.4953,-1.8871,-2.5392,-1.6879
Cranial motor neurons,Facial mesenchyme,neither,-0.6568,-0.8493,-0.8129,-0.8689
Cranial motor neurons,Fibroblasts,neither,-0.9385,-0.6726,-0.6595,-0.6158
Cranial motor neurons,First heart field,neither,-0.0580,-0.5241,-0.8137,-0.1436
Cranial motor neurons,Floorplate and p3 domain,K15_only,1.9127,0.2053,2.0738,-0.0582
Cranial motor neurons,GABAergic cortical interneurons,neither,-1.2793,-0.9047,-0.8180,-0.7512
Cranial motor neurons,GABAergic neurons,neither,-0.1982,-0.6732,-0.1682,-0.6711
Cranial motor neurons,Glutamatergic neurons,neither,-0.4950,-0.6531,-0.2998,-0.5615
Cranial motor neurons,Granular keratinocytes,neither,-0.3102,-1.0037,-0.8551,-0.9927
Cranial motor neurons,Hematopoietic stem cells (Cd34+),neither,-2.3365,-3.1310,-2.5150,-3.2627
Cranial motor neurons,Hematopoietic stem cells (Mpo+),neither,-2.4787,-3.6739,-1.9871,-2.7275
Cranial motor neurons,Hepatocytes,neither,-2.5842,-2.7415,-2.8128,-2.6079
Cranial motor neurons,Hindbrain,neither,0.3971,-0.7579,0.1441,-0.8621
Cranial motor neurons,Hypothalamus,neither,-1.0687,-1.5602,-0.3153,-1.0303
Cranial motor neurons,Hypothalamus (Sim1+),neither,1.2330,0.6947,1.9671,1.0892
Cranial motor neurons,Intermediate neuronal progenitors,neither,-1.5586,-1.9144,-0.9367,-1.5142
Cranial motor neurons,Kupffer cells,neither,-2.6893,-3.4016,-2.4052,-2.3067
Cranial motor neurons,Lateral plate and intermediate mesoderm,neither,-0.9509,-0.8555,-0.7878,-0.6938
Cranial motor neurons,Limb mesenchyme progenitors,neither,-1.0239,-1.0901,-1.4687,-1.0677
Cranial motor neurons,Liver sinusoidal endothelial cells,neither,-1.6845,-1.6704,-0.4161,-1.3062
Cranial motor neurons,Lung progenitor cells,neither,-0.7260,-1.8534,-1.3960,-2.7094
Cranial motor neurons,Lymphatic vessel endothelial cells,neither,-0.1961,-0.5620,-1.7351,-0.8255
Cranial motor neurons,Mast cells,neither,-1.5527,-2.5734,-0.5526,-1.6626
Cranial motor neurons,Megakaryocytes,neither,-1.5003,-3.3810,-1.4171,-2.6820
Cranial motor neurons,Melanocyte cells,neither,0.7921,-0.4161,-0.8137,-0.0594
Cranial motor neurons,Metanephric mesenchyme,neither,-1.0492,-3.0467,-0.5872,-2.4616
Cranial motor neurons,Microglia,neither,-1.5999,-2.3258,-0.3652,-2.5172
Cranial motor neurons,Midbrain,neither,-1.7191,-1.4430,-2.0038,-1.3809
Cranial motor neurons,Midbrain-hindbrain boundary,neither,-0.2902,-0.9859,-0.6847,-0.4305
Cranial motor neurons,Midgut/Hindgut epithelial cells,neither,-2.6965,-1.6899,-0.2367,-0.9816
Cranial motor neurons,Monocytes,neither,-0.7578,-1.9147,-0.6360,-2.1528
Cranial motor neurons,Muscle progenitor cells,neither,-0.9198,-1.6548,0.3959,-0.6872
Cranial motor neurons,Myelinating Schwann cells,neither,0.6639,-1.0570,0.7676,-0.9685
Cranial motor neurons,Myelinating Schwann cells (Tgfb2+),K15_only,3.8134,-0.0935,3.7614,-0.0596
Cranial motor neurons,Myoblasts,neither,-1.0471,-1.0440,-1.1294,-0.9462
Cranial motor neurons,Myofibroblasts,neither,-0.6780,-1.0716,-1.1982,-1.2734
Cranial motor neurons,Naive retinal progenitor cells,neither,-2.3536,-2.5225,-1.1319,-2.3833
Cranial motor neurons,Nephron progenitors,neither,0.0647,-1.6467,-1.0783,-1.9987
Cranial motor neurons,Neural crest (PNS glia),neither,0.0448,-1.0296,0.4565,-0.9028
Cranial motor neurons,Neural crest (PNS neurons),neither,-0.6473,-1.5247,0.0430,-1.3956
Cranial motor neurons,Neural progenitor cells (Neurod1+),neither,0.5523,-1.3665,0.2766,-1.2655
Cranial motor neurons,Neurons (Slc17a8+),neither,2.8829,1.0608,1.1704,0.0017
Cranial motor neurons,Olfactory bulb cells,neither,-1.7042,-1.9352,-1.2408,-2.2726
Cranial motor neurons,Olfactory epithelial cells,neither,-1.6973,-2.1838,-1.4026,-2.0441
Cranial motor neurons,Olfactory sensory neurons,neither,-0.8229,-2.5827,-1.0097,-2.3341
Cranial motor neurons,Otic epithelial cells,neither,0.1940,-1.3198,-0.0741,-1.4292
Cranial motor neurons,Otic sensory neurons,neither,0.0172,-1.2880,0.4495,-0.9836
Cranial motor neurons,Pancreatic acinar cells,neither,-0.6766,-2.1256,-0.6804,-0.5776
Cranial motor neurons,Parasympathetic neurons,K15_only,3.9860,0.3940,3.7019,-0.0057
Cranial motor neurons,Posterior roof plate,neither,0.9048,-0.6184,0.8531,-1.3352
Cranial motor neurons,Pre-epidermal keratinocytes,neither,-0.9810,-1.3030,-1.4245,-1.1080
Cranial motor neurons,Pre-osteoblasts (Sp7+),neither,-1.2754,-1.0468,0.5329,-0.7181
Cranial motor neurons,Primitive erythroid cells,neither,0.6082,-0.9730,-0.5808,-1.3691
Cranial motor neurons,Retinal ganglion cells,neither,-1.1670,-1.9560,-0.7992,-1.7212
Cranial motor neurons,Retinal pigment cells,neither,-0.5855,-1.4231,-0.6360,-2.1332
Cranial motor neurons,Retinal progenitor cells,neither,-1.1804,-2.1281,-0.1303,-1.5244
Cranial motor neurons,Sclerotome,neither,-0.9042,-0.8182,-0.6404,-0.7492
Cranial motor neurons,Spinal cord dorsal progenitors,neither,-0.5801,-0.8506,-0.0317,-0.8550
Cranial motor neurons,Spinal cord motor neurons,neither,1.0538,-0.2362,1.4177,0.0602
Cranial motor neurons,Spinal cord ventral progenitors,neither,1.2486,0.2050,0.3295,0.2040
Cranial motor neurons,Spinal cord/r7/r8,neither,-0.3998,-0.7735,0.3493,-0.7842
Cranial motor neurons,Sympathetic neurons,neither,0.5214,-1.2055,0.8771,-0.7164
Cranial motor neurons,Telencephalon,neither,-1.6020,-0.8412,-1.1172,-0.7107
Cranial motor neurons,Thalamic neuronal precursors,neither,-2.6960,-2.5827,-1.3294,-1.9281
Cranial motor neurons,Ureteric bud,neither,-0.6049,-0.8476,-0.5092,-1.4229
Deep-layer neurons,Definitive early erythroblasts (CD36-),neither,-4.0383,-2.1801,-3.9697,-2.0986
Deep-layer neurons,Definitive erythroblasts (CD36+),neither,-1.4963,-1.3199,-1.6526,-1.2923
Deep-layer neurons,Dermatome,neither,-1.8730,-1.2869,-1.8034,-1.1362
Deep-layer neurons,Dermomyotome,neither,-1.8300,-1.3613,-2.0094,-1.0941
Deep-layer neurons,Diencephalon,neither,-1.7647,-2.1731,-1.3738,-1.9357
Deep-layer neurons,Dorsal root ganglion neurons,neither,-1.7632,-1.0181,-1.2046,-0.8612
Deep-layer neurons,Dorsal telencephalon,neither,-0.3659,-1.2549,-0.2433,-1.0628
Deep-layer neurons,Early chondrocytes,neither,-1.9088,-1.2826,-1.7607,-1.0903
Deep-layer neurons,Endocardial cells,neither,-2.3099,-1.5712,-1.9689,-1.2444
Deep-layer neurons,Endothelium,neither,-1.7096,-1.4016,-1.6564,-1.1909
Deep-layer neurons,Enteric neurons,neither,-2.0788,-1.4760,-1.2547,-1.0933
Deep-layer neurons,Eye field,neither,-1.2786,-1.7329,-1.4196,-1.6620
Deep-layer neurons,Facial mesenchyme,neither,-1.6847,-1.1888,-1.6266,-1.0147
Deep-layer neurons,Fibroblasts,neither,-1.9966,-1.0409,-1.7429,-0.8472
Deep-layer neurons,First heart field,neither,-1.0259,-1.1707,-1.2198,-0.8735
Deep-layer neurons,Floorplate and p3 domain,neither,-2.0000,-1.2306,-1.1915,-0.8685
Deep-layer neurons,GABAergic cortical interneurons,neither,-1.1893,-1.0280,-1.0830,-0.8818
Deep-layer neurons,GABAergic neurons,neither,-1.6993,-1.0588,-1.5634,-0.9525
Deep-layer neurons,Glutamatergic neurons,neither,-1.5870,-0.9343,-1.4403,-0.7974
Deep-layer neurons,Granular keratinocytes,neither,-1.7004,-1.4516,-1.4922,-1.2959
Deep-layer neurons,Hematopoietic stem cells (Cd34+),neither,-3.8657,-3.3416,-3.6144,-3.0717
Deep-layer neurons,Hematopoietic stem cells (Mpo+),neither,-3.7609,-3.2929,-2.7242,-2.7380
Deep-layer neurons,Hepatocytes,neither,-3.5960,-2.9791,-3.9682,-3.0189
Deep-layer neurons,Hindbrain,neither,-1.5742,-1.3623,-1.4499,-1.1859
Deep-layer neurons,Hypothalamus,neither,-1.6971,-1.7653,-1.3263,-1.4459
Deep-layer neurons,Hypothalamus (Sim1+),neither,-0.7541,-0.7920,-1.8190,-0.7338
Deep-layer neurons,Intermediate neuronal progenitors,K15_only,0.9254,-1.1776,0.8996,-1.0565
Deep-layer neurons,Kupffer cells,neither,-2.9195,-3.0260,-2.7360,-2.3008
Deep-layer neurons,Lateral plate and intermediate mesoderm,neither,-2.1839,-1.2912,-2.0111,-1.1326
Deep-layer neurons,Limb mesenchyme progenitors,neither,-2.5243,-1.6255,-2.1263,-1.3293
Deep-layer neurons,Liver sinusoidal endothelial cells,neither,-2.2992,-1.7879,-1.6812,-1.4128
Deep-layer neurons,Lung progenitor cells,neither,-2.9184,-2.7230,-2.8150,-2.9910
Deep-layer neurons,Lymphatic vessel endothelial cells,neither,-1.8911,-1.5097,-1.8149,-1.2046
Deep-layer neurons,Mast cells,neither,-3.6280,-2.7624,-2.3144,-2.1914
Deep-layer neurons,Megakaryocytes,neither,-3.2225,-2.9043,-2.9924,-2.6722
Deep-layer neurons,Melanocyte cells,neither,-2.1811,-1.5459,-2.4999,-1.1601
Deep-layer neurons,Metanephric mesenchyme,neither,-2.6844,-2.5646,-2.2033,-2.4043
Deep-layer neurons,Microglia,neither,-2.4180,-2.5196,-2.4378,-1.9446
Deep-layer neurons,Midbrain,neither,-2.4038,-1.7155,-2.2789,-1.5875
Deep-layer neurons,Midbrain-hindbrain boundary,neither,-1.7734,-1.2842,-1.8271,-1.1220
Deep-layer neurons,Midgut/Hindgut epithelial cells,neither,-2.6426,-2.2286,-2.0161,-1.7148
Deep-layer neurons,Monocytes,neither,-4.9802,-2.8448,-2.2837,-1.7977
Deep-layer neurons,Muscle progenitor cells,neither,-2.1685,-1.1319,-1.9732,-0.9955
Deep-layer neurons,Myelinating Schwann cells,neither,-1.8348,-1.6267,-1.8524,-1.4658
Deep-layer neurons,Myelinating Schwann cells (Tgfb2+),neither,-1.9647,-2.0972,-2.0227,-2.0989
Deep-layer neurons,Myoblasts,neither,-2.3838,-1.4579,-2.1785,-1.2508
Deep-layer neurons,Myofibroblasts,neither,-2.1034,-1.5097,-1.9056,-1.4104
Deep-layer neurons,Naive retinal progenitor cells,neither,-1.5779,-2.1889,-1.7992,-2.1720
Deep-layer neurons,Nephron progenitors,neither,-2.4796,-2.0825,-2.8484,-2.0785
Deep-layer neurons,Neural crest (PNS glia),neither,-1.7860,-1.4398,-1.5427,-1.2656
Deep-layer neurons,Neural crest (PNS neurons),neither,-2.3724,-1.8772,-2.1278,-1.6879
Deep-layer neurons,Neural progenitor cells (Neurod1+),neither,-1.0303,-1.2660,-0.7099,-1.3039
Deep-layer neurons,Neurons (Slc17a8+),neither,-1.2907,-1.1016,-0.8834,-0.7307
Deep-layer neurons,Olfactory bulb cells,neither,-2.1334,-2.0110,-1.7459,-2.0745
Deep-layer neurons,Olfactory epithelial cells,neither,-2.3511,-2.2535,-1.7672,-2.1379
Deep-layer neurons,Olfactory sensory neurons,neither,-2.5146,-2.6128,-2.2450,-2.5714
Deep-layer neurons,Otic epithelial cells,neither,-2.0082,-1.9513,-2.2456,-1.6997
Deep-layer neurons,Otic sensory neurons,neither,-1.9423,-1.6423,-1.4785,-1.3611
Deep-layer neurons,Pancreatic acinar cells,neither,-1.7801,-1.5097,-2.4009,-1.5037
Deep-layer neurons,Parasympathetic neurons,neither,-1.7355,-1.8592,-1.6184,-1.6857
Deep-layer neurons,Posterior roof plate,neither,-2.6801,-0.9858,-1.6555,-1.0434
Deep-layer neurons,Pre-epidermal keratinocytes,neither,-1.8681,-1.4497,-1.7475,-1.3467
Deep-layer neurons,Pre-osteoblasts (Sp7+),neither,-1.6625,-1.3573,-1.4265,-1.1052
Deep-layer neurons,Primitive erythroid cells,neither,-0.6463,-0.7240,-1.0137,-0.8028
Deep-layer neurons,Retinal ganglion cells,neither,-1.4728,-1.7199,-1.3970,-1.8218
Deep-layer neurons,Retinal pigment cells,neither,-1.0733,-0.8749,-0.7812,-0.7546
Deep-layer neurons,Retinal progenitor cells,neither,-1.0789,-1.2125,-0.7740,-1.2376
Deep-layer neurons,Sclerotome,neither,-1.7974,-1.1543,-1.6088,-0.9705
Deep-layer neurons,Spinal cord dorsal progenitors,neither,-1.5983,-1.1491,-1.4616,-1.0355
Deep-layer neurons,Spinal cord motor neurons,neither,-1.8691,-1.2640,-1.9271,-1.2142
Deep-layer neurons,Spinal cord ventral progenitors,neither,-1.3664,-0.9623,-1.0339,-0.6864
Deep-layer neurons,Spinal cord/r7/r8,neither,-1.5484,-1.2468,-1.3891,-1.1107
Deep-layer neurons,Sympathetic neurons,neither,-2.0818,-1.7931,-1.6551,-1.6340
Deep-layer neurons,Telencephalon,neither,-0.3470,-0.9179,-0.3447,-0.7782
Deep-layer neurons,Thalamic neuronal precursors,neither,-1.9937,-2.2789,-1.5015,-1.8217
Deep-layer neurons,Ureteric bud,neither,-1.9281,-1.8690,-2.5706,-2.0933
Definitive early erythroblasts (CD36-),Definitive erythroblasts (CD36+),neither,0.0656,-0.5709,-0.1024,-0.5434
Definitive early erythroblasts (CD36-),Dermatome,neither,-3.0865,-1.6627,-2.9972,-1.6219
Definitive early erythroblasts (CD36-),Dermomyotome,neither,-3.5180,-1.8608,-4.5345,-1.7819
Definitive early erythroblasts (CD36-),Diencephalon,neither,-4.4008,-3.1791,-4.2002,-2.9143
Definitive early erythroblasts (CD36-),Dorsal root ganglion neurons,neither,-3.3874,-1.5596,-4.4100,-1.5817
Definitive early erythroblasts (CD36-),Dorsal telencephalon,neither,-4.0387,-2.3062,-3.3446,-2.1587
Definitive early erythroblasts (CD36-),Early chondrocytes,neither,-3.2928,-1.7167,-3.1962,-1.6495
Definitive early erythroblasts (CD36-),Endocardial cells,neither,-2.9540,-1.8763,-2.5890,-1.5946
Definitive early erythroblasts (CD36-),Endothelium,neither,-2.3438,-1.5441,-2.3710,-1.5190
Definitive early erythroblasts (CD36-),Enteric neurons,neither,-3.3566,-1.8084,-3.4459,-1.2487
Definitive early erythroblasts (CD36-),Eye field,neither,-3.7664,-2.5340,-3.8137,-2.6345
Definitive early erythroblasts (CD36-),Facial mesenchyme,neither,-3.2761,-1.6636,-3.2547,-1.6291
Definitive early erythroblasts (CD36-),Fibroblasts,neither,-3.2115,-1.5454,-3.0582,-1.4746
Definitive early erythroblasts (CD36-),First heart field,neither,-1.9999,-1.3731,-2.5635,-1.2158
Definitive early erythroblasts (CD36-),Floorplate and p3 domain,neither,-2.8620,-1.6512,-3.0146,-1.4732
Definitive early erythroblasts (CD36-),GABAergic cortical interneurons,neither,-3.7766,-1.7650,-3.5861,-1.6712
Definitive early erythroblasts (CD36-),GABAergic neurons,neither,-3.4354,-1.6585,-3.2467,-1.6069
Definitive early erythroblasts (CD36-),Glutamatergic neurons,neither,-3.4849,-1.5755,-3.3002,-1.5156
Definitive early erythroblasts (CD36-),Granular keratinocytes,neither,-3.1404,-1.8758,-3.0907,-1.7359
Definitive early erythroblasts (CD36-),Hematopoietic stem cells (Cd34+),neither,-0.4395,-2.1748,-0.6693,-2.2272
Definitive early erythroblasts (CD36-),Hematopoietic stem cells (Mpo+),neither,0.4423,-1.2589,0.2135,-1.2067
Definitive early erythroblasts (CD36-),Hepatocytes,neither,-4.3215,-3.2678,-5.0191,-3.4276
Definitive early erythroblasts (CD36-),Hindbrain,neither,-3.3713,-1.9089,-3.2221,-1.7946
Definitive early erythroblasts (CD36-),Hypothalamus,neither,-3.8393,-2.3988,-3.4925,-2.1754
Definitive early erythroblasts (CD36-),Hypothalamus (Sim1+),neither,-3.1610,-1.4861,-2.5528,-1.1313
Definitive early erythroblasts (CD36-),Intermediate neuronal progenitors,neither,-3.9606,-2.3306,-3.9920,-2.3407
Definitive early erythroblasts (CD36-),Kupffer cells,neither,0.0459,-1.4104,-0.1946,-1.3059
Definitive early erythroblasts (CD36-),Lateral plate and intermediate mesoderm,neither,-3.1425,-1.6728,-3.1738,-1.6310
Definitive early erythroblasts (CD36-),Limb mesenchyme progenitors,neither,-3.3129,-1.9275,-3.3343,-1.8492
Definitive early erythroblasts (CD36-),Liver sinusoidal endothelial cells,neither,-2.7704,-1.9798,-2.4135,-1.5825
Definitive early erythroblasts (CD36-),Lung progenitor cells,neither,-4.0907,-2.8483,-4.3892,-3.4420
Definitive early erythroblasts (CD36-),Lymphatic vessel endothelial cells,neither,-2.8422,-1.6255,-3.0720,-1.6436
Definitive early erythroblasts (CD36-),Mast cells,K15_only,0.6979,-0.7045,0.4583,-0.7456
Definitive early erythroblasts (CD36-),Megakaryocytes,neither,0.2007,-1.4816,0.1232,-1.4134
Definitive early erythroblasts (CD36-),Melanocyte cells,neither,-3.8581,-1.9450,-2.7859,-1.7389
Definitive early erythroblasts (CD36-),Metanephric mesenchyme,neither,-4.3165,-2.9877,-4.3196,-3.0753
Definitive early erythroblasts (CD36-),Microglia,neither,0.4852,-0.6584,0.2399,-0.6874
Definitive early erythroblasts (CD36-),Midbrain,neither,-4.3285,-2.4179,-4.4457,-2.4019
Definitive early erythroblasts (CD36-),Midbrain-hindbrain boundary,neither,-3.4141,-1.8864,-3.4710,-2.0730
Definitive early erythroblasts (CD36-),Midgut/Hindgut epithelial cells,neither,-4.0070,-2.5283,-3.2234,-2.1835
Definitive early erythroblasts (CD36-),Monocytes,K15_only,0.5774,-0.5332,0.4841,-0.5023
Definitive early erythroblasts (CD36-),Muscle progenitor cells,neither,-4.3094,-1.4293,-3.5136,-1.2925
Definitive early erythroblasts (CD36-),Myelinating Schwann cells,neither,-3.5808,-2.1372,-3.3364,-2.0847
Definitive early erythroblasts (CD36-),Myelinating Schwann cells (Tgfb2+),neither,-3.7154,-2.6490,-3.3895,-2.5891
Definitive early erythroblasts (CD36-),Myoblasts,neither,-3.6806,-1.9507,-3.5285,-1.7747
Definitive early erythroblasts (CD36-),Myofibroblasts,neither,-3.4029,-1.8677,-3.1436,-1.8380
Definitive early erythroblasts (CD36-),Naive retinal progenitor cells,neither,-4.2035,-3.0275,-4.5160,-3.0655
Definitive early erythroblasts (CD36-),Nephron progenitors,neither,-4.0448,-2.6040,-3.5961,-2.5429
Definitive early erythroblasts (CD36-),Neural crest (PNS glia),neither,-3.3218,-1.8637,-3.3181,-1.8941
Definitive early erythroblasts (CD36-),Neural crest (PNS neurons),neither,-3.8442,-2.3307,-3.5537,-2.3128
Definitive early erythroblasts (CD36-),Neural progenitor cells (Neurod1+),neither,-3.9715,-2.2822,-3.2736,-2.3776
Definitive early erythroblasts (CD36-),Neurons (Slc17a8+),neither,-2.6043,-1.7195,-3.2370,-1.3616
Definitive early erythroblasts (CD36-),Olfactory bulb cells,neither,-3.5512,-2.5217,-4.6254,-2.8694
Definitive early erythroblasts (CD36-),Olfactory epithelial cells,neither,-4.0617,-2.7786,-4.3390,-2.8367
Definitive early erythroblasts (CD36-),Olfactory sensory neurons,neither,-4.2677,-3.2309,-3.9888,-3.1802
Definitive early erythroblasts (CD36-),Otic epithelial cells,neither,-3.3950,-2.3118,-2.8714,-2.0640
Definitive early erythroblasts (CD36-),Otic sensory neurons,neither,-3.4388,-2.1326,-2.6161,-1.8574
Definitive early erythroblasts (CD36-),Pancreatic acinar cells,neither,-3.7426,-2.1341,-4.0446,-1.9014
Definitive early erythroblasts (CD36-),Parasympathetic neurons,neither,-3.6823,-2.2429,-3.1640,-2.2195
Definitive early erythroblasts (CD36-),Posterior roof plate,neither,-3.8475,-1.5843,-3.3684,-1.6574
Definitive early erythroblasts (CD36-),Pre-epidermal keratinocytes,neither,-3.4440,-1.9455,-3.3121,-1.9339
Definitive early erythroblasts (CD36-),Pre-osteoblasts (Sp7+),neither,-3.2321,-1.7516,-2.9522,-1.6910
Definitive early erythroblasts (CD36-),Primitive erythroid cells,neither,-0.9666,-0.7950,-0.8609,-0.8465
Definitive early erythroblasts (CD36-),Retinal ganglion cells,neither,-3.7408,-2.5960,-3.8340,-2.8318
Definitive early erythroblasts (CD36-),Retinal pigment cells,neither,-2.6829,-1.6011,-3.3404,-1.7465
Definitive early erythroblasts (CD36-),Retinal progenitor cells,neither,-3.6400,-1.9596,-4.0145,-2.3178
Definitive early erythroblasts (CD36-),Sclerotome,neither,-3.1180,-1.5945,-3.1549,-1.5945
Definitive early erythroblasts (CD36-),Spinal cord dorsal progenitors,neither,-3.3950,-1.6780,-3.2515,-1.7543
Definitive early erythroblasts (CD36-),Spinal cord motor neurons,neither,-3.0735,-1.7122,-2.8922,-1.7446
Definitive early erythroblasts (CD36-),Spinal cord ventral progenitors,neither,-2.9510,-1.4851,-3.3287,-1.5882
Definitive early erythroblasts (CD36-),Spinal cord/r7/r8,neither,-3.2756,-1.8235,-3.0261,-1.7263
Definitive early erythroblasts (CD36-),Sympathetic neurons,neither,-3.6108,-2.2148,-3.2676,-2.2297
Definitive early erythroblasts (CD36-),Telencephalon,neither,-3.9055,-1.7739,-3.7995,-1.6781
Definitive early erythroblasts (CD36-),Thalamic neuronal precursors,neither,-4.4848,-3.2219,-3.9380,-2.6316
Definitive early erythroblasts (CD36-),Ureteric bud,neither,-3.9091,-2.2759,-4.1862,-2.4408
Definitive erythroblasts (CD36+),Dermatome,neither,-1.3135,-0.8307,-0.5317,-0.6188
Definitive erythroblasts (CD36+),Dermomyotome,neither,-0.6358,-1.5602,-0.4897,-1.2077
Definitive erythroblasts (CD36+),Diencephalon,neither,-1.0107,-2.1997,-3.1854,-2.6336
Definitive erythroblasts (CD36+),Dorsal root ganglion neurons,neither,-0.7969,-0.7625,-0.5500,-0.9788
Definitive erythroblasts (CD36+),Dorsal telencephalon,neither,-0.5345,-1.3565,-0.1085,-1.2548
Definitive erythroblasts (CD36+),Early chondrocytes,neither,-1.4089,-1.0506,-0.8338,-0.7614
Definitive erythroblasts (CD36+),Endocardial cells,neither,-0.8637,-1.3289,-0.7528,-0.8752
Definitive erythroblasts (CD36+),Endothelium,neither,-2.4213,-1.2534,-1.1213,-0.7578
Definitive erythroblasts (CD36+),Enteric neurons,neither,-0.6651,-1.6488,-0.3053,-1.2037
Definitive erythroblasts (CD36+),Eye field,neither,-0.4877,-1.2248,-0.7175,-1.4026
Definitive erythroblasts (CD36+),Facial mesenchyme,neither,-1.0899,-0.8567,-0.8955,-0.5767
Definitive erythroblasts (CD36+),Fibroblasts,neither,-1.5389,-0.4093,-0.8580,-0.4518
Definitive erythroblasts (CD36+),First heart field,neither,-0.5069,-0.8667,-0.4440,-1.0969
Definitive erythroblasts (CD36+),Floorplate and p3 domain,neither,-1.3640,-0.9181,0.5901,-0.6432
Definitive erythroblasts (CD36+),GABAergic cortical interneurons,neither,-1.1215,-0.6497,-0.8434,-0.4420
Definitive erythroblasts (CD36+),GABAergic neurons,neither,-1.1806,-0.6933,-0.6638,-0.5375
Definitive erythroblasts (CD36+),Glutamatergic neurons,neither,-1.3037,-0.4509,-1.0564,-0.2568
Definitive erythroblasts (CD36+),Granular keratinocytes,neither,-0.8805,-1.0421,0.0513,-0.9897
Definitive erythroblasts (CD36+),Hematopoietic stem cells (Cd34+),neither,-0.8250,-1.2052,-1.5106,-1.0881
Definitive erythroblasts (CD36+),Hematopoietic stem cells (Mpo+),neither,1.1102,-0.3311,0.3161,-0.2040
Definitive erythroblasts (CD36+),Hepatocytes,neither,-3.0825,-2.6483,-2.7777,-2.3056
Definitive erythroblasts (CD36+),Hindbrain,neither,-0.2681,-1.0710,-0.8936,-1.1610
Definitive erythroblasts (CD36+),Hypothalamus,neither,-1.0757,-2.2807,-0.2223,-1.7381
Definitive erythroblasts (CD36+),Hypothalamus (Sim1+),neither,0.6518,0.0667,0.6732,0.3312
Definitive erythroblasts (CD36+),Intermediate neuronal progenitors,neither,-0.3574,-1.7212,-1.7299,-1.7440
Definitive erythroblasts (CD36+),Kupffer cells,both_K,2.3584,0.7284,1.8537,0.6262
Definitive erythroblasts (CD36+),Lateral plate and intermediate mesoderm,neither,-1.7223,-0.8748,-1.0109,-0.6954
Definitive erythroblasts (CD36+),Limb mesenchyme progenitors,neither,-1.1045,-1.3524,-1.2147,-0.9168
Definitive erythroblasts (CD36+),Liver sinusoidal endothelial cells,neither,-1.6377,-1.6861,-1.2798,-1.1848
Definitive erythroblasts (CD36+),Lung progenitor cells,neither,-0.6713,-2.3089,-1.5981,-1.8415
Definitive erythroblasts (CD36+),Lymphatic vessel endothelial cells,neither,-1.2592,-1.7378,-0.0755,-1.4771
Definitive erythroblasts (CD36+),Mast cells,both_K,2.6503,1.6682,2.2292,1.1452
Definitive erythroblasts (CD36+),Megakaryocytes,neither,0.8442,-0.0731,0.2062,-0.3358
Definitive erythroblasts (CD36+),Melanocyte cells,neither,-0.5942,-1.5041,-0.4440,-1.7315
Definitive erythroblasts (CD36+),Metanephric mesenchyme,neither,-1.5975,-1.8403,-1.4156,-1.7907
Definitive erythroblasts (CD36+),Microglia,K200_only,2.3299,1.3486,1.5150,1.4504
Definitive erythroblasts (CD36+),Midbrain,neither,-1.9166,-1.3282,-1.4051,-1.3566
Definitive erythroblasts (CD36+),Midbrain-hindbrain boundary,neither,0.3563,-2.1678,-0.3661,0.1131
Definitive erythroblasts (CD36+),Midgut/Hindgut epithelial cells,neither,-0.6474,-1.5532,-1.4677,-1.1814
Definitive erythroblasts (CD36+),Monocytes,neither,0.6566,0.7425,-0.3374,0.6059
Definitive erythroblasts (CD36+),Muscle progenitor cells,neither,-0.4296,-0.9818,-0.3188,-1.2636
Definitive erythroblasts (CD36+),Myelinating Schwann cells,neither,-0.5757,-1.6368,-1.2687,-1.5630
Definitive erythroblasts (CD36+),Myelinating Schwann cells (Tgfb2+),neither,-1.4550,-2.6200,-0.1653,-1.0349
Definitive erythroblasts (CD36+),Myoblasts,neither,-2.3788,-1.1793,-1.2271,-0.7756
Definitive erythroblasts (CD36+),Myofibroblasts,neither,-0.7293,-1.4151,-0.7070,-1.4160
Definitive erythroblasts (CD36+),Naive retinal progenitor cells,neither,-0.6128,-2.0930,-0.9348,-2.6555
Definitive erythroblasts (CD36+),Nephron progenitors,neither,-0.7882,-1.1652,-0.6122,-3.1827
Definitive erythroblasts (CD36+),Neural crest (PNS glia),neither,-0.6480,-1.1494,-2.1165,-0.9598
Definitive erythroblasts (CD36+),Neural crest (PNS neurons),neither,-1.1924,-1.6723,-0.1640,-1.7139
Definitive erythroblasts (CD36+),Neural progenitor cells (Neurod1+),neither,0.1344,-1.4544,0.2703,-1.6842
Definitive erythroblasts (CD36+),Neurons (Slc17a8+),neither,-0.5922,-1.0552,1.1313,-0.6747
Definitive erythroblasts (CD36+),Olfactory bulb cells,neither,-0.9096,-0.9548,-0.7210,-2.4439
Definitive erythroblasts (CD36+),Olfactory epithelial cells,neither,-1.5001,-2.2356,-2.1030,-2.6089
Definitive erythroblasts (CD36+),Olfactory sensory neurons,neither,-1.6127,-2.4857,-1.1225,-2.6505
Definitive erythroblasts (CD36+),Otic epithelial cells,neither,-2.1216,-1.8404,-1.5981,-1.4878
Definitive erythroblasts (CD36+),Otic sensory neurons,neither,-0.5448,-1.5579,-0.1799,-1.2160
Definitive erythroblasts (CD36+),Pancreatic acinar cells,neither,-0.3018,-1.0983,-0.3635,-1.4029
Definitive erythroblasts (CD36+),Parasympathetic neurons,neither,-1.0931,-1.4799,-0.0163,-1.6432
Definitive erythroblasts (CD36+),Posterior roof plate,neither,-0.5281,-0.3687,-0.3943,-1.5614
Definitive erythroblasts (CD36+),Pre-epidermal keratinocytes,neither,-0.5088,-1.3235,-0.8645,-1.2383
Definitive erythroblasts (CD36+),Pre-osteoblasts (Sp7+),neither,-0.3186,-1.2652,-1.3199,-0.6354
Definitive erythroblasts (CD36+),Primitive erythroid cells,neither,1.1239,0.9044,-0.3053,0.3711
Definitive erythroblasts (CD36+),Retinal ganglion cells,neither,-1.2376,-1.5394,-1.5883,-2.2682
Definitive erythroblasts (CD36+),Retinal pigment cells,neither,0.7435,0.0029,-0.3374,-0.0542
Definitive erythroblasts (CD36+),Retinal progenitor cells,neither,-0.5778,-0.6784,-0.6466,-1.7030
Definitive erythroblasts (CD36+),Sclerotome,neither,-0.9216,-0.7590,-0.4386,-0.6556
Definitive erythroblasts (CD36+),Spinal cord dorsal progenitors,neither,-1.2241,-1.2950,-0.7076,-1.3441
Definitive erythroblasts (CD36+),Spinal cord motor neurons,neither,-0.0225,-0.5650,0.3805,-0.1967
Definitive erythroblasts (CD36+),Spinal cord ventral progenitors,neither,-0.9417,-1.2058,-0.7310,-0.2576
Definitive erythroblasts (CD36+),Spinal cord/r7/r8,neither,-0.1544,-0.9558,-0.8655,-0.9006
Definitive erythroblasts (CD36+),Sympathetic neurons,neither,-0.6405,-1.7349,-0.7539,-1.5562
Definitive erythroblasts (CD36+),Telencephalon,neither,-1.5349,-0.6900,-1.2003,-0.4719
Definitive erythroblasts (CD36+),Thalamic neuronal precursors,neither,-1.3830,-2.5005,-1.6834,-1.7696
Definitive erythroblasts (CD36+),Ureteric bud,neither,0.7416,-1.0047,-0.9093,-2.7519
Dermatome,Dermomyotome,neither,-0.2928,-0.8001,-0.5344,-0.6298
Dermatome,Diencephalon,neither,-2.1989,-2.3150,-1.9385,-2.0486
Dermatome,Dorsal root ganglion neurons,neither,-0.5454,-0.5133,-0.4196,-0.4589
Dermatome,Dorsal telencephalon,neither,-1.6897,-1.6633,-1.4472,-1.2363
Dermatome,Early chondrocytes,neither,0.0809,-0.6311,0.1481,-0.5703
Dermatome,Endocardial cells,neither,-1.1104,-0.9947,-0.5810,-0.8077
Dermatome,Endothelium,neither,-0.3180,-0.7951,-0.2263,-0.7149
Dermatome,Enteric neurons,neither,-1.0817,-1.0777,-0.0125,-0.5551
Dermatome,Eye field,neither,-1.4712,-1.8837,-1.6881,-1.6460
Dermatome,Facial mesenchyme,neither,0.0159,-0.6036,-0.0522,-0.5802
Dermatome,Fibroblasts,neither,-0.0274,-0.4798,0.0024,-0.4160
Dermatome,First heart field,neither,-0.2695,-0.6115,0.0404,-0.5149
Dermatome,Floorplate and p3 domain,neither,-0.4245,-0.8030,-0.5512,-0.6622
Dermatome,GABAergic cortical interneurons,neither,-1.7310,-0.8352,-1.4698,-0.6832
Dermatome,GABAergic neurons,neither,-1.0769,-0.6781,-0.9488,-0.5967
Dermatome,Glutamatergic neurons,neither,-1.1505,-0.5570,-0.9974,-0.4956
Dermatome,Granular keratinocytes,neither,-0.8357,-1.0441,-0.5413,-0.8539
Dermatome,Hematopoietic stem cells (Cd34+),neither,-2.4369,-2.5039,-2.0816,-2.4516
Dermatome,Hematopoietic stem cells (Mpo+),neither,-2.5386,-2.2945,-1.9399,-2.0174
Dermatome,Hepatocytes,neither,-2.9289,-2.5743,-2.8847,-2.6215
Dermatome,Hindbrain,neither,-1.0755,-0.9940,-0.8155,-0.9322
Dermatome,Hypothalamus,neither,-1.5580,-1.6079,-1.3787,-1.3438
Dermatome,Hypothalamus (Sim1+),neither,-0.5682,-0.4753,-0.1980,-0.5080
Dermatome,Intermediate neuronal progenitors,neither,-1.8549,-1.5962,-1.5512,-1.4124
Dermatome,Kupffer cells,neither,-2.1268,-2.3548,-1.7998,-1.8425
Dermatome,Lateral plate and intermediate mesoderm,neither,-0.3510,-0.6641,-0.3473,-0.5883
Dermatome,Limb mesenchyme progenitors,neither,-0.5094,-0.9383,-0.5454,-0.8290
Dermatome,Liver sinusoidal endothelial cells,neither,-0.7841,-1.2220,-0.8306,-0.8985
Dermatome,Lung progenitor cells,neither,-1.8943,-2.2448,-2.0856,-2.5048
Dermatome,Lymphatic vessel endothelial cells,neither,-0.3816,-0.6499,-0.3283,-0.7060
Dermatome,Mast cells,neither,-2.1950,-1.9735,-1.9158,-1.5994
Dermatome,Megakaryocytes,neither,-2.1826,-2.2641,-1.6808,-1.9395
Dermatome,Melanocyte cells,neither,-0.9529,-1.0066,-0.6795,-0.7468
Dermatome,Metanephric mesenchyme,neither,-1.1398,-1.8703,-0.9128,-1.7398
Dermatome,Microglia,neither,-1.8778,-1.9416,-1.7082,-1.4682
Dermatome,Midbrain,neither,-2.0537,-1.4358,-1.9314,-1.3864
Dermatome,Midbrain-hindbrain boundary,neither,-1.4840,-1.0424,-1.4608,-1.1636
Dermatome,Midgut/Hindgut epithelial cells,neither,-1.8913,-1.7553,-0.8470,-1.2661
Dermatome,Monocytes,neither,-2.8687,-1.5142,-1.7494,-1.4839
Dermatome,Muscle progenitor cells,neither,0.4782,-0.1420,0.5072,-0.2327
Dermatome,Myelinating Schwann cells,neither,-0.6854,-1.1616,-0.7453,-1.0834
Dermatome,Myelinating Schwann cells (Tgfb2+),neither,-1.0705,-1.7149,-1.5148,-1.5910
Dermatome,Myoblasts,neither,-0.6302,-0.8627,-0.5965,-0.7680
Dermatome,Myofibroblasts,neither,-0.0594,-0.8312,-0.0485,-0.8092
Dermatome,Naive retinal progenitor cells,neither,-1.8821,-2.3834,-1.7606,-2.1266
Dermatome,Nephron progenitors,neither,-0.8469,-1.4097,-0.4448,-1.3145
Dermatome,Neural crest (PNS glia),neither,-0.5076,-0.9846,-0.3224,-0.8397
Dermatome,Neural crest (PNS neurons),neither,-1.0999,-1.3922,-0.9081,-1.2385
Dermatome,Neural progenitor cells (Neurod1+),neither,-1.6937,-1.5605,-1.9641,-1.6359
Dermatome,Neurons (Slc17a8+),neither,-0.8800,-0.8271,-0.6322,-0.5214
Dermatome,Olfactory bulb cells,neither,-1.4156,-1.5715,-1.1310,-1.7508
Dermatome,Olfactory epithelial cells,neither,-1.4608,-2.0065,-1.2540,-1.7849
Dermatome,Olfactory sensory neurons,neither,-1.6748,-2.2176,-1.3983,-2.3126
Dermatome,Otic epithelial cells,neither,-0.9554,-1.5468,-0.6603,-1.2038
Dermatome,Otic sensory neurons,neither,-1.0212,-1.2760,-0.7079,-1.0310
Dermatome,Pancreatic acinar cells,neither,-0.7972,-1.2035,-0.8648,-1.1363
Dermatome,Parasympathetic neurons,neither,-0.7506,-1.3556,-0.8448,-1.3750
Dermatome,Posterior roof plate,neither,-0.6219,-0.6169,-0.5770,-0.4640
Dermatome,Pre-epidermal keratinocytes,neither,-0.9835,-1.0365,-0.8613,-0.9636
Dermatome,Pre-osteoblasts (Sp7+),neither,0.4392,-0.6073,0.2421,-0.5523
Dermatome,Primitive erythroid cells,neither,-0.6733,-0.6921,-0.4820,-0.4367
Dermatome,Retinal ganglion cells,neither,-2.1519,-1.9342,-1.7409,-2.0152
Dermatome,Retinal pigment cells,neither,-0.8437,-1.0713,-1.7494,-1.0469
Dermatome,Retinal progenitor cells,neither,-1.7129,-1.5181,-1.1496,-1.4495
Dermatome,Sclerotome,K15_only,0.2246,-0.5702,0.2249,-0.5022
Dermatome,Spinal cord dorsal progenitors,neither,-0.7374,-0.7550,-0.8870,-0.7378
Dermatome,Spinal cord motor neurons,neither,-0.5965,-0.7409,-0.2265,-0.7526
Dermatome,Spinal cord ventral progenitors,neither,-0.6280,-0.5156,-0.4454,-0.5103
Dermatome,Spinal cord/r7/r8,neither,-0.7060,-0.8687,-0.6529,-0.8296
Dermatome,Sympathetic neurons,neither,-1.1765,-1.3363,-0.8255,-1.3443
Dermatome,Telencephalon,neither,-1.9099,-0.8039,-1.6492,-0.6496
Dermatome,Thalamic neuronal precursors,neither,-2.5591,-2.3462,-1.9394,-1.7279
Dermatome,Ureteric bud,neither,-0.7249,-1.1433,-0.9329,-1.3847
Dermomyotome,Diencephalon,neither,-3.9864,-2.7853,-2.0605,-2.5028
Dermomyotome,Dorsal root ganglion neurons,neither,-0.1419,0.4660,-0.7311,0.4186
Dermomyotome,Dorsal telencephalon,neither,-1.6947,-2.5640,-2.0625,-2.2877
Dermomyotome,Early chondrocytes,neither,0.4008,-0.5918,0.5614,-0.4515
Dermomyotome,Endocardial cells,neither,-1.2272,-1.0323,-0.9813,-1.1895
Dermomyotome,Endothelium,neither,-1.2710,-1.0526,-0.1198,-0.7871
Dermomyotome,Enteric neurons,neither,1.0303,-0.7718,-0.4171,-0.1563
Dermomyotome,Eye field,neither,-0.9829,-2.4484,-1.0890,-2.3203
Dermomyotome,Facial mesenchyme,neither,0.5372,-0.6857,0.2834,-0.5107
Dermomyotome,Fibroblasts,neither,-0.2905,-0.6572,-0.1814,-0.4852
Dermomyotome,First heart field,neither,-0.7560,-1.3892,0.4031,-0.1685
Dermomyotome,Floorplate and p3 domain,neither,0.1617,-0.6127,-1.2702,0.0342
Dermomyotome,GABAergic cortical interneurons,neither,-1.8246,-0.8606,-1.4343,-0.6863
Dermomyotome,GABAergic neurons,neither,-0.6198,-0.6796,-0.3765,-0.5472
Dermomyotome,Glutamatergic neurons,neither,-0.8012,-0.6567,-0.5586,-0.5252
Dermomyotome,Granular keratinocytes,neither,-0.3428,-1.2960,-1.6871,-1.1033
Dermomyotome,Hematopoietic stem cells (Cd34+),neither,-2.2968,-3.0984,-2.9805,-2.8869
Dermomyotome,Hematopoietic stem cells (Mpo+),neither,-0.9678,-3.0415,-1.5872,-3.1953
Dermomyotome,Hepatocytes,neither,-2.1745,-2.6034,-2.0423,-2.6458
Dermomyotome,Hindbrain,neither,-0.5044,-1.0652,-1.3683,-0.8939
Dermomyotome,Hypothalamus,neither,-1.6946,-2.2423,-1.0505,-1.4889
Dermomyotome,Hypothalamus (Sim1+),neither,-0.5328,-1.7404,-0.4452,-0.5307
Dermomyotome,Intermediate neuronal progenitors,neither,-1.4123,-1.6257,-1.0353,-1.3758
Dermomyotome,Kupffer cells,neither,-2.1601,-2.4049,-1.9656,-1.9075
Dermomyotome,Lateral plate and intermediate mesoderm,neither,-1.0429,-0.8321,-0.6263,-0.5736
Dermomyotome,Limb mesenchyme progenitors,neither,0.4041,-0.7842,0.5352,-0.5737
Dermomyotome,Liver sinusoidal endothelial cells,neither,-2.1557,-2.1079,-1.5996,-1.3602
Dermomyotome,Lung progenitor cells,neither,-1.1939,-2.2982,-0.9572,-2.5882
Dermomyotome,Lymphatic vessel endothelial cells,neither,-0.7140,-0.8014,0.2204,-0.0641
Dermomyotome,Mast cells,neither,-0.1576,-2.2775,-1.2064,-3.3069
Dermomyotome,Megakaryocytes,neither,-1.3347,-3.7422,-1.5214,-2.3819
Dermomyotome,Melanocyte cells,neither,0.1250,-0.1620,-0.5969,0.1428
Dermomyotome,Metanephric mesenchyme,neither,-2.1096,-1.8289,-0.1685,-0.9277
Dermomyotome,Microglia,neither,-1.1973,-1.9707,-1.0467,-1.9972
Dermomyotome,Midbrain,neither,-2.7642,-1.7672,-1.6572,-1.5597
Dermomyotome,Midbrain-hindbrain boundary,neither,-0.9413,-1.3815,-0.4964,-1.7581
Dermomyotome,Midgut/Hindgut epithelial cells,neither,-1.1667,-1.7487,-1.8119,-1.8010
Dermomyotome,Monocytes,neither,-0.5259,-1.9249,-0.4591,-1.0922
Dermomyotome,Muscle progenitor cells,neither,1.6733,1.0144,1.5652,0.9185
Dermomyotome,Myelinating Schwann cells,neither,0.1312,-0.7200,0.2838,-0.3802
Dermomyotome,Myelinating Schwann cells (Tgfb2+),neither,-0.9448,-1.8687,-0.4684,-0.6237
Dermomyotome,Myoblasts,neither,0.3166,-0.7286,0.4249,-0.6227
Dermomyotome,Myofibroblasts,K15_only,1.3182,-0.3199,0.9759,-0.4743
Dermomyotome,Naive retinal progenitor cells,neither,-1.1955,-2.9628,-1.9511,-2.5775
Dermomyotome,Nephron progenitors,neither,0.4544,-0.8639,-0.8087,-0.3211
Dermomyotome,Neural crest (PNS glia),neither,0.9818,-0.3899,0.7997,-0.1398
Dermomyotome,Neural crest (PNS neurons),neither,0.1598,-0.6201,0.2546,-0.2803
Dermomyotome,Neural progenitor cells (Neurod1+),neither,-1.9397,-1.7357,-1.6393,-2.0129
Dermomyotome,Neurons (Slc17a8+),neither,-0.8721,-0.7789,-0.6093,-0.3834
Dermomyotome,Olfactory bulb cells,neither,-1.2855,-1.5092,1.0574,-0.9506
Dermomyotome,Olfactory epithelial cells,neither,-2.1078,-2.0807,-0.5077,-1.6641
Dermomyotome,Olfactory sensory neurons,neither,-0.9065,-2.2061,-0.5286,-2.0928
Dermomyotome,Otic epithelial cells,neither,-0.6970,-1.4198,-0.9572,-1.3338
Dermomyotome,Otic sensory neurons,neither,-0.4639,-0.9781,-0.4853,-0.7345
Dermomyotome,Pancreatic acinar cells,neither,-0.4656,-1.5710,-0.4931,-1.1014
Dermomyotome,Parasympathetic neurons,neither,-1.5132,-0.9257,-0.2954,-1.4804
Dermomyotome,Posterior roof plate,neither,0.2148,0.6897,-0.5330,1.0558
Dermomyotome,Pre-epidermal keratinocytes,neither,-0.6402,-1.1228,-0.4359,-0.9500
Dermomyotome,Pre-osteoblasts (Sp7+),neither,-1.7846,-1.4181,-0.6453,-1.0706
Dermomyotome,Primitive erythroid cells,neither,-0.6927,-0.6085,0.5829,-0.1670
Dermomyotome,Retinal ganglion cells,neither,-0.1031,-2.3283,-0.3614,-2.5999
Dermomyotome,Retinal pigment cells,neither,-0.3989,-1.4608,-0.4591,-1.6585
Dermomyotome,Retinal progenitor cells,neither,-0.8530,-2.5289,0.1487,-2.5987
Dermomyotome,Sclerotome,K15_only,0.7998,-0.6532,0.9615,-0.4525
Dermomyotome,Spinal cord dorsal progenitors,neither,0.3702,-0.3822,0.4595,0.0026
Dermomyotome,Spinal cord motor neurons,neither,-0.1210,-0.2911,0.4865,0.4352
Dermomyotome,Spinal cord ventral progenitors,neither,0.2592,-0.4389,1.0452,0.7183
Dermomyotome,Spinal cord/r7/r8,neither,0.9334,-0.5673,0.6003,-0.2906
Dermomyotome,Sympathetic neurons,neither,-0.0033,-1.2155,0.1930,-0.8891
Dermomyotome,Telencephalon,neither,-1.5955,-0.7770,-1.6177,-0.6624
Dermomyotome,Thalamic neuronal precursors,neither,-2.8698,-2.7047,-2.1645,-1.6832
Dermomyotome,Ureteric bud,neither,-1.2015,-1.3320,-0.1692,-1.2640
Diencephalon,Dorsal root ganglion neurons,neither,-2.0544,-2.6214,-2.2450,-2.6383
Diencephalon,Dorsal telencephalon,K15_only,0.9811,-1.3882,0.7799,-1.2589
Diencephalon,Early chondrocytes,neither,-2.2512,-2.3193,-2.1252,-2.0284
Diencephalon,Endocardial cells,neither,-2.1998,-2.8561,-2.3588,-2.3353
Diencephalon,Endothelium,neither,-2.0526,-2.6010,-1.9261,-2.1959
Diencephalon,Enteric neurons,neither,-2.0616,-3.0363,-0.6259,-2.1568
Diencephalon,Eye field,neither,-1.6256,-2.5878,-1.7268,-2.4861
Diencephalon,Facial mesenchyme,neither,-1.9522,-2.1974,-1.7319,-1.8635
Diencephalon,Fibroblasts,neither,-2.3519,-1.9716,-2.0568,-1.7453
Diencephalon,First heart field,neither,-1.6187,-2.5435,-1.1720,-1.7363
Diencephalon,Floorplate and p3 domain,neither,-2.6255,-2.6145,-1.0648,-1.6282
Diencephalon,GABAergic cortical interneurons,neither,-1.5361,-1.9127,-1.6547,-1.7575
Diencephalon,GABAergic neurons,neither,-1.5875,-1.8932,-1.5193,-1.7648
Diencephalon,Glutamatergic neurons,neither,-1.1888,-1.7763,-1.1467,-1.6452
Diencephalon,Granular keratinocytes,neither,-2.1750,-2.4691,-1.3548,-2.1471
Diencephalon,Hematopoietic stem cells (Cd34+),neither,-4.4529,-4.4355,-4.7558,-4.3676
Diencephalon,Hematopoietic stem cells (Mpo+),neither,-4.6058,-4.6203,-3.7782,-4.6752
Diencephalon,Hepatocytes,neither,-3.7426,-4.0162,-4.1714,-3.9640
Diencephalon,Hindbrain,neither,-1.6162,-2.2991,-1.6941,-2.1259
Diencephalon,Hypothalamus,neither,-1.8093,-2.5244,-1.4350,-2.2858
Diencephalon,Hypothalamus (Sim1+),neither,-0.4713,-1.6696,-1.4580,-1.5033
Diencephalon,Intermediate neuronal progenitors,neither,-1.3855,-2.3615,-1.1404,-2.0892
Diencephalon,Kupffer cells,neither,-3.2689,-4.0848,-3.5659,-3.4552
Diencephalon,Lateral plate and intermediate mesoderm,neither,-2.5905,-2.3076,-2.2534,-1.9563
Diencephalon,Limb mesenchyme progenitors,neither,-2.8667,-2.6853,-2.2809,-2.2157
Diencephalon,Liver sinusoidal endothelial cells,neither,-1.6784,-2.9821,-1.4744,-2.4263
Diencephalon,Lung progenitor cells,neither,-2.8965,-3.6901,-2.8767,-3.7598
Diencephalon,Lymphatic vessel endothelial cells,neither,-2.4542,-2.7357,-2.0247,-2.4566
Diencephalon,Mast cells,neither,-4.4035,-4.7427,-3.7652,-3.6663
Diencephalon,Megakaryocytes,neither,-4.1776,-4.6047,-2.8843,-3.6451
Diencephalon,Melanocyte cells,neither,-1.8739,-2.7223,-1.1720,-2.2797
Diencephalon,Metanephric mesenchyme,neither,-3.2046,-3.7500,-2.7928,-3.4656
Diencephalon,Microglia,neither,-2.8863,-3.9513,-2.4823,-3.8534
Diencephalon,Midbrain,neither,-1.1677,-2.2604,-1.3674,-2.1296
Diencephalon,Midbrain-hindbrain boundary,neither,-2.4218,-2.4888,-3.2061,-2.3872
Diencephalon,Midgut/Hindgut epithelial cells,neither,-3.2773,-3.2836,-2.3590,-2.7029
Diencephalon,Monocytes,neither,-1.4515,-3.9517,-2.0883,-4.6148
Diencephalon,Muscle progenitor cells,neither,-1.7798,-2.8560,-2.0080,-2.3387
Diencephalon,Myelinating Schwann cells,neither,-2.8586,-2.7951,-2.5250,-2.4397
Diencephalon,Myelinating Schwann cells (Tgfb2+),neither,-3.2536,-3.5615,-2.3786,-2.9746
Diencephalon,Myoblasts,neither,-2.7319,-2.4486,-2.5017,-2.1541
Diencephalon,Myofibroblasts,neither,-2.5544,-2.7964,-2.4318,-2.4270
Diencephalon,Naive retinal progenitor cells,neither,-2.1430,-3.0545,-2.1794,-2.9510
Diencephalon,Nephron progenitors,neither,-2.7716,-3.3156,-4.0053,-3.1160
Diencephalon,Neural crest (PNS glia),neither,-2.6925,-2.7931,-2.1263,-2.3269
Diencephalon,Neural crest (PNS neurons),neither,-2.9690,-3.1595,-2.0454,-2.9146
Diencephalon,Neural progenitor cells (Neurod1+),K15_only,2.9311,-0.6674,2.8513,-0.8167
Diencephalon,Neurons (Slc17a8+),neither,-1.8683,-2.9187,-1.5272,-1.4477
Diencephalon,Olfactory bulb cells,neither,-1.8104,-3.0833,-4.2831,-3.0127
Diencephalon,Olfactory epithelial cells,neither,-2.6536,-3.1881,-2.6614,-3.0914
Diencephalon,Olfactory sensory neurons,neither,-2.6507,-3.8285,-2.7860,-3.3170
Diencephalon,Otic epithelial cells,neither,-2.5054,-3.0810,-2.7068,-2.7063
Diencephalon,Otic sensory neurons,neither,-2.5416,-2.8489,-1.6266,-2.2802
Diencephalon,Pancreatic acinar cells,neither,-2.8562,-3.2786,-2.1958,-2.7511
Diencephalon,Parasympathetic neurons,neither,-1.9717,-3.2002,-2.3284,-2.5418
Diencephalon,Posterior roof plate,neither,-0.8763,-2.1906,-0.9930,-2.0089
Diencephalon,Pre-epidermal keratinocytes,neither,-2.0602,-2.4395,-1.8035,-2.2339
Diencephalon,Pre-osteoblasts (Sp7+),neither,-2.3596,-2.3077,-1.5404,-2.3232
Diencephalon,Primitive erythroid cells,neither,-1.1498,-2.1831,0.2221,-1.4534
Diencephalon,Retinal ganglion cells,neither,-2.6401,-2.5975,-2.4029,-2.8788
Diencephalon,Retinal pigment cells,neither,-1.6370,-2.1475,-0.5034,-1.5341
Diencephalon,Retinal progenitor cells,neither,-1.8287,-2.0860,-0.7747,-1.9851
Diencephalon,Sclerotome,neither,-2.3372,-2.1639,-1.7697,-1.8642
Diencephalon,Spinal cord dorsal progenitors,neither,-2.4335,-2.3983,-1.6385,-2.2054
Diencephalon,Spinal cord motor neurons,neither,-2.1037,-2.6828,-2.6691,-2.6116
Diencephalon,Spinal cord ventral progenitors,neither,-3.0977,-2.3226,-1.3072,-1.7431
Diencephalon,Spinal cord/r7/r8,neither,-2.1424,-2.3618,-1.7084,-2.1192
Diencephalon,Sympathetic neurons,neither,-2.9370,-2.9575,-2.0999,-2.7660
Diencephalon,Telencephalon,neither,-1.2603,-1.8200,-1.2257,-1.6701
Diencephalon,Thalamic neuronal precursors,K15_only,1.4054,-1.9984,1.2419,-1.9193
Diencephalon,Ureteric bud,neither,-2.1566,-3.2753,-3.1164,-3.1545
Dorsal root ganglion neurons,Dorsal telencephalon,neither,-1.0510,-1.9032,-2.2167,-1.4978
Dorsal root ganglion neurons,Early chondrocytes,neither,-0.6330,-0.5374,-0.5169,-0.4308
Dorsal root ganglion neurons,Endocardial cells,neither,-0.4778,-1.1916,-0.0832,-0.6531
Dorsal root ganglion neurons,Endothelium,neither,-1.0103,-0.9293,-0.3036,-0.7041
Dorsal root ganglion neurons,Enteric neurons,neither,1.6211,0.1090,-0.4698,-0.3352
Dorsal root ganglion neurons,Eye field,neither,-1.3019,-2.3942,-1.2440,-3.2086
Dorsal root ganglion neurons,Facial mesenchyme,neither,-0.2345,-0.4388,-0.1578,-0.4084
Dorsal root ganglion neurons,Fibroblasts,neither,-0.5416,-0.3337,-0.6759,-0.3350
Dorsal root ganglion neurons,First heart field,neither,-0.9389,-1.4992,0.3324,-0.5805
Dorsal root ganglion neurons,Floorplate and p3 domain,neither,-0.5620,-1.0075,-1.3903,-0.4927
Dorsal root ganglion neurons,GABAergic cortical interneurons,neither,-1.3194,-0.5909,-1.4158,-0.4466
Dorsal root ganglion neurons,GABAergic neurons,neither,-0.2220,-0.3421,-0.0672,-0.3656
Dorsal root ganglion neurons,Glutamatergic neurons,neither,-0.2726,-0.3024,-0.2969,-0.2871
Dorsal root ganglion neurons,Granular keratinocytes,neither,0.1063,-0.5790,-0.0499,-0.5991
Dorsal root ganglion neurons,Hematopoietic stem cells (Cd34+),neither,-3.6912,-2.6860,-3.1681,-3.1007
Dorsal root ganglion neurons,Hematopoietic stem cells (Mpo+),neither,-2.2858,-3.5027,-0.7233,-2.6663
Dorsal root ganglion neurons,Hepatocytes,neither,-2.5739,-2.6347,-3.0427,-2.6378
Dorsal root ganglion neurons,Hindbrain,neither,-1.0642,-0.8304,-0.1168,-0.7145
Dorsal root ganglion neurons,Hypothalamus,neither,-2.0699,-1.9018,-0.2197,-1.5082
Dorsal root ganglion neurons,Hypothalamus (Sim1+),neither,0.3268,-0.3425,-0.5009,0.2891
Dorsal root ganglion neurons,Intermediate neuronal progenitors,neither,-1.8115,-1.6166,-1.5872,-1.3464
Dorsal root ganglion neurons,Kupffer cells,neither,-0.1683,-2.3369,-1.1166,-2.4394
Dorsal root ganglion neurons,Lateral plate and intermediate mesoderm,neither,-0.9037,-0.5478,-0.6297,-0.4999
Dorsal root ganglion neurons,Limb mesenchyme progenitors,neither,-1.1561,-0.7128,-1.2721,-0.6335
Dorsal root ganglion neurons,Liver sinusoidal endothelial cells,neither,-0.4856,-1.6434,-0.1513,-0.8021
Dorsal root ganglion neurons,Lung progenitor cells,neither,-2.5260,-3.1226,-0.5229,-2.2129
Dorsal root ganglion neurons,Lymphatic vessel endothelial cells,neither,-0.0129,-1.2586,0.0951,-0.5042
Dorsal root ganglion neurons,Mast cells,neither,-1.3998,-2.7275,-0.3228,-1.7047
Dorsal root ganglion neurons,Megakaryocytes,neither,-3.2842,-2.8863,-1.6881,-2.5938
Dorsal root ganglion neurons,Melanocyte cells,neither,1.5076,0.5846,1.6543,0.1043
Dorsal root ganglion neurons,Metanephric mesenchyme,neither,-1.4366,-1.4830,0.1035,-1.5514
Dorsal root ganglion neurons,Microglia,neither,-1.4442,-3.1579,-0.1530,-2.1999
Dorsal root ganglion neurons,Midbrain,neither,-2.0191,-1.2278,-2.0932,-1.3268
Dorsal root ganglion neurons,Midbrain-hindbrain boundary,neither,-1.1538,-1.8211,0.4426,-0.6216
Dorsal root ganglion neurons,Midgut/Hindgut epithelial cells,neither,-0.9123,-1.5185,-0.9573,-1.7203
Dorsal root ganglion neurons,Monocytes,neither,-0.6648,-3.3418,-0.5162,-2.8608
Dorsal root ganglion neurons,Muscle progenitor cells,neither,-0.8121,-0.0359,0.5107,0.4485
Dorsal root ganglion neurons,Myelinating Schwann cells,K15_only,2.3518,0.0675,2.4010,0.1437
Dorsal root ganglion neurons,Myelinating Schwann cells (Tgfb2+),neither,-0.2612,-0.6505,0.7230,-0.6497
Dorsal root ganglion neurons,Myoblasts,neither,-0.8684,-0.7364,-1.0809,-0.5788
Dorsal root ganglion neurons,Myofibroblasts,neither,-0.5495,-0.7882,-0.8589,-0.8443
Dorsal root ganglion neurons,Naive retinal progenitor cells,neither,-3.1400,-3.5980,-3.1263,-2.3750
Dorsal root ganglion neurons,Nephron progenitors,neither,-1.3693,-1.1580,0.1022,-1.6883
Dorsal root ganglion neurons,Neural crest (PNS glia),both_K,2.9737,0.6009,2.7374,0.5574
Dorsal root ganglion neurons,Neural crest (PNS neurons),K15_only,2.9915,0.2676,3.1196,0.4436
Dorsal root ganglion neurons,Neural progenitor cells (Neurod1+),neither,-1.2557,-2.1956,-0.7777,-1.7065
Dorsal root ganglion neurons,Neurons (Slc17a8+),neither,-1.0742,-1.7013,-0.6812,-1.1579
Dorsal root ganglion neurons,Olfactory bulb cells,neither,-1.5429,-1.4452,-1.0417,-1.9583
Dorsal root ganglion neurons,Olfactory epithelial cells,neither,-1.4784,-1.5836,-1.6740,-1.7152
Dorsal root ganglion neurons,Olfactory sensory neurons,neither,-2.0174,-2.1874,-1.6954,-2.3045
Dorsal root ganglion neurons,Otic epithelial cells,neither,0.4061,-0.7970,-0.5229,-1.2633
Dorsal root ganglion neurons,Otic sensory neurons,neither,0.7978,-1.0603,-0.0317,-0.4266
Dorsal root ganglion neurons,Pancreatic acinar cells,neither,-0.5917,-0.6506,-0.5537,-0.5483
Dorsal root ganglion neurons,Parasympathetic neurons,neither,-0.2094,-0.3802,0.9051,-0.6854
Dorsal root ganglion neurons,Posterior roof plate,K200_only,0.6120,1.2948,0.9875,1.3540
Dorsal root ganglion neurons,Pre-epidermal keratinocytes,neither,-0.6439,-0.8864,-0.5330,-0.6817
Dorsal root ganglion neurons,Pre-osteoblasts (Sp7+),neither,-0.0892,-0.5072,-0.7839,-0.4554
Dorsal root ganglion neurons,Primitive erythroid cells,neither,-0.8642,-0.2978,-0.4698,-0.3461
Dorsal root ganglion neurons,Retinal ganglion cells,neither,-1.9848,-3.3708,-1.0967,-2.5873
Dorsal root ganglion neurons,Retinal pigment cells,neither,-0.5101,-2.8568,-0.5162,-2.8417
Dorsal root ganglion neurons,Retinal progenitor cells,neither,-1.0520,-2.9646,-0.9436,-2.7973
Dorsal root ganglion neurons,Sclerotome,neither,-0.1410,-0.4186,-0.4157,-0.3863
Dorsal root ganglion neurons,Spinal cord dorsal progenitors,neither,0.6430,-0.0658,0.8193,-0.0109
Dorsal root ganglion neurons,Spinal cord motor neurons,neither,-0.4488,-0.1949,-0.6462,-0.1467
Dorsal root ganglion neurons,Spinal cord ventral progenitors,neither,-0.5877,-0.8899,0.9452,-0.3564
Dorsal root ganglion neurons,Spinal cord/r7/r8,neither,0.8318,-0.2723,0.6914,-0.2066
Dorsal root ganglion neurons,Sympathetic neurons,K15_only,2.0381,0.0848,1.9628,0.1960
Dorsal root ganglion neurons,Telencephalon,neither,-1.7918,-0.5810,-1.5524,-0.4918
Dorsal root ganglion neurons,Thalamic neuronal precursors,neither,-2.9483,-2.5266,-3.6775,-1.8318
Dorsal root ganglion neurons,Ureteric bud,neither,-0.4491,-1.4174,-0.2833,-1.4673
Dorsal telencephalon,Early chondrocytes,neither,-1.8824,-1.6039,-1.2637,-1.3001
Dorsal telencephalon,Endocardial cells,neither,-2.1858,-2.2535,-2.6748,-1.3273
Dorsal telencephalon,Endothelium,neither,-1.4704,-1.7584,-1.0366,-1.3242
Dorsal telencephalon,Enteric neurons,neither,-1.7628,-2.1215,0.0724,-0.4240
Dorsal telencephalon,Eye field,neither,-1.0653,-1.8311,-1.6623,-1.7997
Dorsal telencephalon,Facial mesenchyme,neither,-1.2860,-1.4318,-0.9569,-1.0375
Dorsal telencephalon,Fibroblasts,neither,-1.6961,-1.2050,-1.2230,-0.9267
Dorsal telencephalon,First heart field,neither,-0.7824,-1.9033,-0.9384,-1.0734
Dorsal telencephalon,Floorplate and p3 domain,neither,-1.2419,-1.9213,-0.3310,-1.1755
Dorsal telencephalon,GABAergic cortical interneurons,neither,-0.7539,-1.1026,-0.7325,-0.9659
Dorsal telencephalon,GABAergic neurons,neither,-1.3288,-1.1975,-1.1650,-1.0287
Dorsal telencephalon,Glutamatergic neurons,neither,-1.0875,-1.0301,-0.8622,-0.8603
Dorsal telencephalon,Granular keratinocytes,neither,-1.4126,-1.6951,-0.5652,-1.4267
Dorsal telencephalon,Hematopoietic stem cells (Cd34+),neither,-4.5067,-3.6355,-3.5630,-3.6699
Dorsal telencephalon,Hematopoietic stem cells (Mpo+),neither,-3.2160,-3.7741,-3.5947,-3.7566
Dorsal telencephalon,Hepatocytes,neither,-3.4018,-3.2316,-4.1049,-3.2003
Dorsal telencephalon,Hindbrain,neither,-1.0534,-1.6974,-1.2535,-1.3680
Dorsal telencephalon,Hypothalamus,neither,-1.6568,-2.1109,-0.5763,-1.5459
Dorsal telencephalon,Hypothalamus (Sim1+),neither,-0.3018,-0.9035,-0.5842,-0.9546
Dorsal telencephalon,Intermediate neuronal progenitors,neither,0.2796,-1.2810,0.1750,-1.1449
Dorsal telencephalon,Kupffer cells,neither,-2.8714,-3.1823,-1.2854,-2.6328
Dorsal telencephalon,Lateral plate and intermediate mesoderm,neither,-2.0496,-1.5507,-1.3929,-1.1788
Dorsal telencephalon,Limb mesenchyme progenitors,neither,-2.2755,-1.9383,-1.6918,-1.4245
Dorsal telencephalon,Liver sinusoidal endothelial cells,neither,-1.6436,-2.5199,-0.1523,-1.1698
Dorsal telencephalon,Lung progenitor cells,neither,-3.4978,-3.6329,-2.4972,-3.3122
Dorsal telencephalon,Lymphatic vessel endothelial cells,neither,-2.2999,-1.7641,-2.2789,-1.3849
Dorsal telencephalon,Mast cells,neither,-2.0761,-3.1948,-3.0405,-2.8874
Dorsal telencephalon,Megakaryocytes,neither,-2.7605,-3.5836,-3.1811,-3.3056
Dorsal telencephalon,Melanocyte cells,neither,-2.5937,-2.5015,-0.9384,-1.7583
Dorsal telencephalon,Metanephric mesenchyme,neither,-2.3939,-3.3020,-1.2336,-2.4230
Dorsal telencephalon,Microglia,neither,-3.1389,-2.9696,-1.7849,-2.2633
Dorsal telencephalon,Midbrain,neither,-1.6757,-1.6620,-1.7953,-1.4947
Dorsal telencephalon,Midbrain-hindbrain boundary,neither,-0.7132,-2.0486,-0.7095,-1.5942
Dorsal telencephalon,Midgut/Hindgut epithelial cells,neither,-1.6571,-2.3069,-1.8953,-2.0652
Dorsal telencephalon,Monocytes,neither,-0.8703,-2.8774,-0.6187,-3.2389
Dorsal telencephalon,Muscle progenitor cells,neither,-2.1469,-1.5570,-0.5577,-0.8596
Dorsal telencephalon,Myelinating Schwann cells,neither,-2.3880,-2.2893,-1.4728,-1.7220
Dorsal telencephalon,Myelinating Schwann cells (Tgfb2+),neither,-1.3795,-3.1380,-0.8438,-1.8662
Dorsal telencephalon,Myoblasts,neither,-2.1603,-1.6980,-1.3703,-1.4099
Dorsal telencephalon,Myofibroblasts,neither,-1.7276,-1.9537,-1.0856,-1.6371
Dorsal telencephalon,Naive retinal progenitor cells,neither,-0.7957,-2.2897,-1.4490,-2.2042
Dorsal telencephalon,Nephron progenitors,neither,-3.0328,-2.3113,-0.7811,-2.2650
Dorsal telencephalon,Neural crest (PNS glia),neither,-1.7295,-1.9575,-1.3076,-1.5995
Dorsal telencephalon,Neural crest (PNS neurons),neither,-2.1000,-2.4583,-2.0463,-2.0728
Dorsal telencephalon,Neural progenitor cells (Neurod1+),K15_only,1.3116,-0.4121,1.7265,-0.2742
Dorsal telencephalon,Neurons (Slc17a8+),neither,-1.5887,-1.9232,-1.9654,-0.9046
Dorsal telencephalon,Olfactory bulb cells,neither,-1.6904,-2.8876,-1.0230,-2.5507
Dorsal telencephalon,Olfactory epithelial cells,neither,-1.6485,-3.0487,-1.1651,-2.3173
Dorsal telencephalon,Olfactory sensory neurons,neither,-3.1033,-3.2564,-2.1895,-2.6884
Dorsal telencephalon,Otic epithelial cells,neither,-1.7707,-2.4960,-3.0822,-2.0570
Dorsal telencephalon,Otic sensory neurons,neither,-0.8588,-1.9279,-0.6453,-1.5102
Dorsal telencephalon,Pancreatic acinar cells,neither,-0.7228,-2.4743,-1.7015,-2.0271
Dorsal telencephalon,Parasympathetic neurons,neither,-0.8013,-2.3161,-1.5913,-2.0443
Dorsal telencephalon,Posterior roof plate,neither,-0.1026,-1.2242,0.5270,-0.8512
Dorsal telencephalon,Pre-epidermal keratinocytes,neither,-1.4297,-1.6988,-1.0776,-1.3890
Dorsal telencephalon,Pre-osteoblasts (Sp7+),neither,-0.3940,-1.7612,-0.6740,-1.6427
Dorsal telencephalon,Primitive erythroid cells,neither,-2.2392,-1.4096,-1.5125,-1.6064
Dorsal telencephalon,Retinal ganglion cells,neither,-0.3906,-1.7278,-1.7465,-2.3648
Dorsal telencephalon,Retinal pigment cells,neither,-0.5482,-0.9673,-0.6187,-0.9951
Dorsal telencephalon,Retinal progenitor cells,neither,-0.5532,-1.8617,-0.4449,-1.5922
Dorsal telencephalon,Sclerotome,neither,-1.4815,-1.4360,-1.1006,-1.0773
Dorsal telencephalon,Spinal cord dorsal progenitors,neither,-1.3924,-1.7418,-0.5919,-1.2975
Dorsal telencephalon,Spinal cord motor neurons,neither,-2.4081,-2.1187,-0.4924,-1.7416
Dorsal telencephalon,Spinal cord ventral progenitors,neither,-1.3361,-1.2336,-0.0442,-1.1849
Dorsal telencephalon,Spinal cord/r7/r8,neither,-1.5436,-1.6656,-0.8875,-1.3560
Dorsal telencephalon,Sympathetic neurons,neither,-2.0525,-2.5688,-0.5961,-2.0176
Dorsal telencephalon,Telencephalon,neither,-0.4682,-1.0033,-0.4115,-0.9056
Dorsal telencephalon,Thalamic neuronal precursors,neither,0.2781,-1.7419,0.2402,-1.3690
Dorsal telencephalon,Ureteric bud,neither,-2.1457,-2.7023,-1.3975,-2.5340
Early chondrocytes,Endocardial cells,neither,-0.2655,-0.9671,-0.3404,-0.7211
Early chondrocytes,Endothelium,neither,-0.2882,-0.7797,-0.3443,-0.6829
Early chondrocytes,Enteric neurons,neither,-0.8111,-0.9012,-0.9552,-0.4719
Early chondrocytes,Eye field,neither,-1.8473,-1.9116,-1.5812,-1.5852
Early chondrocytes,Facial mesenchyme,neither,-0.0429,-0.6184,-0.0629,-0.5419
Early chondrocytes,Fibroblasts,neither,-0.1833,-0.5071,-0.1179,-0.4145
Early chondrocytes,First heart field,neither,-0.0514,-0.5506,0.0435,-0.4555
Early chondrocytes,Floorplate and p3 domain,neither,-0.2326,-0.6959,-0.2063,-0.5171
Early chondrocytes,GABAergic cortical interneurons,neither,-1.7576,-0.8415,-1.5089,-0.6676
Early chondrocytes,GABAergic neurons,neither,-1.0688,-0.6779,-0.9573,-0.5873
Early chondrocytes,Glutamatergic neurons,neither,-1.1608,-0.5723,-1.0610,-0.4617
Early chondrocytes,Granular keratinocytes,neither,-0.7651,-1.0141,-0.6112,-0.8760
Early chondrocytes,Hematopoietic stem cells (Cd34+),neither,-2.6742,-2.6281,-2.5992,-2.4795
Early chondrocytes,Hematopoietic stem cells (Mpo+),neither,-2.7658,-2.5186,-2.2090,-2.1238
Early chondrocytes,Hepatocytes,neither,-2.9063,-2.5886,-3.1096,-2.6254
Early chondrocytes,Hindbrain,neither,-1.0579,-1.0246,-0.7957,-0.8985
Early chondrocytes,Hypothalamus,neither,-1.5249,-1.6388,-1.4370,-1.3235
Early chondrocytes,Hypothalamus (Sim1+),neither,-0.5244,-0.5500,-0.3806,-0.4525
Early chondrocytes,Intermediate neuronal progenitors,neither,-1.9216,-1.5874,-1.6000,-1.3573
Early chondrocytes,Kupffer cells,neither,-2.8473,-2.4548,-2.0776,-1.8917
Early chondrocytes,Lateral plate and intermediate mesoderm,neither,-0.5182,-0.6928,-0.4473,-0.5921
Early chondrocytes,Limb mesenchyme progenitors,neither,-0.2208,-0.9347,-0.1962,-0.7813
Early chondrocytes,Liver sinusoidal endothelial cells,neither,-0.9100,-1.2263,-0.3694,-0.8474
Early chondrocytes,Lung progenitor cells,neither,-1.9174,-2.2142,-2.1850,-2.5213
Early chondrocytes,Lymphatic vessel endothelial cells,neither,-0.2728,-0.6421,-0.2796,-0.6047
Early chondrocytes,Mast cells,neither,-2.5357,-2.0143,-1.7249,-1.6040
Early chondrocytes,Megakaryocytes,neither,-2.2338,-2.3556,-2.1955,-2.0940
Early chondrocytes,Melanocyte cells,neither,-0.8139,-0.9717,-0.4711,-0.4723
Early chondrocytes,Metanephric mesenchyme,neither,-1.0614,-1.8822,-1.2530,-1.8004
Early chondrocytes,Microglia,neither,-1.8687,-1.7407,-1.4345,-1.4694
Early chondrocytes,Midbrain,neither,-2.0633,-1.4677,-2.1030,-1.3682
Early chondrocytes,Midbrain-hindbrain boundary,neither,-1.2486,-1.0354,-0.6496,-0.9604
Early chondrocytes,Midgut/Hindgut epithelial cells,neither,-1.4208,-1.7373,-1.0718,-1.2771
Early chondrocytes,Monocytes,neither,-1.8653,-1.7445,-1.6223,-1.4744
Early chondrocytes,Muscle progenitor cells,neither,0.4952,-0.1108,0.4122,-0.1918
Early chondrocytes,Myelinating Schwann cells,neither,-0.9555,-1.1841,-0.7980,-1.0784
Early chondrocytes,Myelinating Schwann cells (Tgfb2+),neither,-1.2757,-1.6645,-1.0592,-1.5152
Early chondrocytes,Myoblasts,neither,-0.5791,-0.8599,-0.5135,-0.7568
Early chondrocytes,Myofibroblasts,neither,-0.0462,-0.8183,0.0490,-0.7503
Early chondrocytes,Naive retinal progenitor cells,neither,-2.2919,-2.4365,-1.8889,-2.1297
Early chondrocytes,Nephron progenitors,neither,-0.6457,-1.4023,-1.2304,-1.3949
Early chondrocytes,Neural crest (PNS glia),neither,-0.7013,-0.9752,-0.4444,-0.8444
Early chondrocytes,Neural crest (PNS neurons),neither,-1.1714,-1.3799,-0.8623,-1.2019
Early chondrocytes,Neural progenitor cells (Neurod1+),neither,-1.4803,-1.4978,-1.5852,-1.6394
Early chondrocytes,Neurons (Slc17a8+),neither,-0.9779,-0.8121,-1.1982,-0.6257
Early chondrocytes,Olfactory bulb cells,neither,-1.0563,-1.6525,-1.6010,-1.7591
Early chondrocytes,Olfactory epithelial cells,neither,-1.5939,-1.9853,-1.4726,-1.8133
Early chondrocytes,Olfactory sensory neurons,neither,-1.6020,-2.1636,-1.6795,-2.2291
Early chondrocytes,Otic epithelial cells,neither,-1.4788,-1.5641,-1.0663,-1.2414
Early chondrocytes,Otic sensory neurons,neither,-0.9985,-1.2456,-0.9674,-0.9945
Early chondrocytes,Pancreatic acinar cells,neither,-1.1523,-1.1252,-0.8449,-1.1633
Early chondrocytes,Parasympathetic neurons,neither,-1.2454,-1.4045,-0.7212,-1.2778
Early chondrocytes,Posterior roof plate,neither,-0.5608,-0.5214,-0.7661,-0.5070
Early chondrocytes,Pre-epidermal keratinocytes,neither,-1.0879,-1.0436,-0.8990,-0.9485
Early chondrocytes,Pre-osteoblasts (Sp7+),neither,0.1473,-0.6316,-0.0980,-0.5880
Early chondrocytes,Primitive erythroid cells,neither,-0.6194,-0.5653,-1.1073,-0.4637
Early chondrocytes,Retinal ganglion cells,neither,-1.9636,-1.9425,-1.6850,-1.9716
Early chondrocytes,Retinal pigment cells,neither,-1.4219,-1.4405,-0.9702,-1.0465
Early chondrocytes,Retinal progenitor cells,neither,-1.4337,-1.4185,-1.5884,-1.3914
Early chondrocytes,Sclerotome,neither,0.0229,-0.5919,0.0825,-0.4929
Early chondrocytes,Spinal cord dorsal progenitors,neither,-0.6123,-0.7535,-0.6096,-0.7142
Early chondrocytes,Spinal cord motor neurons,neither,-0.4021,-0.6939,-0.2908,-0.6775
Early chondrocytes,Spinal cord ventral progenitors,neither,-0.5016,-0.4386,-0.5841,-0.4732
Early chondrocytes,Spinal cord/r7/r8,neither,-0.6050,-0.8657,-0.5459,-0.7785
Early chondrocytes,Sympathetic neurons,neither,-1.2133,-1.3434,-1.0006,-1.3320
Early chondrocytes,Telencephalon,neither,-1.9557,-0.8182,-1.6498,-0.6251
Early chondrocytes,Thalamic neuronal precursors,neither,-2.6663,-2.3363,-2.0648,-1.7297
Early chondrocytes,Ureteric bud,neither,-1.0689,-1.2002,-1.2121,-1.3771
Endocardial cells,Endothelium,K15_only,1.4067,-0.6195,1.2333,-0.4629
Endocardial cells,Enteric neurons,neither,0.7263,-0.8371,-0.6491,-0.8017
Endocardial cells,Eye field,neither,-1.4246,-1.9954,-2.7042,-1.9732
Endocardial cells,Facial mesenchyme,neither,-0.9059,-0.9091,-0.6444,-0.6795
Endocardial cells,Fibroblasts,neither,-0.8169,-0.7465,-0.6905,-0.5265
Endocardial cells,First heart field,neither,0.9863,0.0036,1.4199,0.4334
Endocardial cells,Floorplate and p3 domain,neither,-1.2664,-1.6174,-1.7628,-1.6904
Endocardial cells,GABAergic cortical interneurons,neither,-1.4930,-1.0566,-1.3879,-0.7448
Endocardial cells,GABAergic neurons,neither,-1.3063,-0.9407,-0.7065,-0.6407
Endocardial cells,Glutamatergic neurons,neither,-1.1307,-0.7548,-1.0581,-0.5456
Endocardial cells,Granular keratinocytes,neither,-0.3359,-1.1608,-0.3535,-0.7736
Endocardial cells,Hematopoietic stem cells (Cd34+),neither,-3.8381,-3.4438,-2.7039,-3.1144
Endocardial cells,Hematopoietic stem cells (Mpo+),neither,-1.4082,-3.1039,-0.1368,-2.1919
Endocardial cells,Hepatocytes,neither,-2.4999,-2.8672,-3.2685,-2.4601
Endocardial cells,Hindbrain,neither,-1.0521,-1.3302,-0.5115,-0.8534
Endocardial cells,Hypothalamus,neither,-0.9884,-1.8707,-0.4910,-1.4171
Endocardial cells,Hypothalamus (Sim1+),neither,0.2680,-0.6434,-0.6896,-0.1802
Endocardial cells,Intermediate neuronal progenitors,neither,-1.5813,-2.0055,-1.3492,-1.6977
Endocardial cells,Kupffer cells,neither,-1.0317,-2.3169,-1.5670,-2.1614
Endocardial cells,Lateral plate and intermediate mesoderm,neither,-0.3485,-0.8799,-0.3162,-0.6804
Endocardial cells,Limb mesenchyme progenitors,neither,-1.3537,-1.1824,-0.9101,-0.9053
Endocardial cells,Liver sinusoidal endothelial cells,K15_only,2.6360,-0.0955,1.9362,0.1709
Endocardial cells,Lung progenitor cells,neither,-1.6531,-2.5573,-1.5576,-2.2114
Endocardial cells,Lymphatic vessel endothelial cells,K15_only,2.0409,0.2682,1.2942,-0.1585
Endocardial cells,Mast cells,neither,-0.4963,-1.8124,-0.6855,-2.2246
Endocardial cells,Megakaryocytes,neither,-3.4217,-3.1802,-3.1759,-2.4165
Endocardial cells,Melanocyte cells,neither,-0.1596,-1.1423,0.0980,-0.5382
Endocardial cells,Metanephric mesenchyme,neither,-1.5621,-2.6402,-1.3277,-1.9629
Endocardial cells,Microglia,neither,-1.5425,-3.8278,-1.4889,-1.3930
Endocardial cells,Midbrain,neither,-2.0322,-1.5933,-1.7826,-1.4083
Endocardial cells,Midbrain-hindbrain boundary,neither,-1.2397,-1.6414,-0.7623,-1.4235
Endocardial cells,Midgut/Hindgut epithelial cells,neither,-2.6238,-2.5381,-1.3940,-1.3148
Endocardial cells,Monocytes,neither,-0.7230,-2.4215,0.2906,-1.0152
Endocardial cells,Muscle progenitor cells,neither,0.7053,-0.2540,0.9104,-0.3838
Endocardial cells,Myelinating Schwann cells,neither,-1.5752,-1.6196,-0.4163,-1.1289
Endocardial cells,Myelinating Schwann cells (Tgfb2+),neither,-1.3832,-1.9297,-1.9984,-1.4526
Endocardial cells,Myoblasts,neither,-0.8266,-1.0708,-0.8184,-0.8420
Endocardial cells,Myofibroblasts,neither,0.0213,-1.0295,-0.1910,-0.8194
Endocardial cells,Naive retinal progenitor cells,neither,-2.2759,-2.2930,-1.6339,-2.3861
Endocardial cells,Nephron progenitors,neither,-1.4646,-2.2423,0.3996,-1.0228
Endocardial cells,Neural crest (PNS glia),neither,-0.9745,-1.3936,-0.3694,-0.7709
Endocardial cells,Neural crest (PNS neurons),neither,-1.2024,-1.5240,-0.4261,-1.3004
Endocardial cells,Neural progenitor cells (Neurod1+),neither,-0.7925,-1.9342,-1.1970,-2.0949
Endocardial cells,Neurons (Slc17a8+),neither,-1.1562,-1.1061,0.0810,-0.6462
Endocardial cells,Olfactory bulb cells,neither,-0.0599,-1.6822,0.2272,-1.4688
Endocardial cells,Olfactory epithelial cells,neither,-1.6178,-1.9121,-0.5761,-1.7410
Endocardial cells,Olfactory sensory neurons,neither,-2.1579,-2.8344,-1.5987,-2.3680
Endocardial cells,Otic epithelial cells,neither,-1.6033,-1.4274,-1.5576,-1.1791
Endocardial cells,Otic sensory neurons,neither,-1.4963,-1.5254,-0.4332,-1.0235
Endocardial cells,Pancreatic acinar cells,neither,-0.6447,-0.0498,0.2424,-0.3470
Endocardial cells,Parasympathetic neurons,neither,-1.9045,-1.9963,-0.2080,-1.3119
Endocardial cells,Posterior roof plate,neither,-0.0498,-1.4122,-0.8135,-0.5221
Endocardial cells,Pre-epidermal keratinocytes,neither,-0.7443,-1.2506,-0.6153,-0.8824
Endocardial cells,Pre-osteoblasts (Sp7+),neither,-0.2073,-0.6407,-0.6190,-1.0449
Endocardial cells,Primitive erythroid cells,neither,-0.9348,-0.2415,-0.6491,-0.5502
Endocardial cells,Retinal ganglion cells,neither,-2.1003,-2.1350,-1.5455,-1.9238
Endocardial cells,Retinal pigment cells,neither,-0.5572,-1.9331,-0.7094,-0.5099
Endocardial cells,Retinal progenitor cells,neither,-0.1329,-1.4623,-0.2406,-1.4969
Endocardial cells,Sclerotome,neither,-0.9464,-0.8996,-0.6262,-0.6415
Endocardial cells,Spinal cord dorsal progenitors,neither,-0.9586,-1.0121,-0.3784,-0.7196
Endocardial cells,Spinal cord motor neurons,neither,0.0105,-0.8001,-0.4662,-0.7824
Endocardial cells,Spinal cord ventral progenitors,neither,-0.1062,-1.0745,-1.3732,-0.8665
Endocardial cells,Spinal cord/r7/r8,neither,-0.9833,-1.1622,-0.7760,-0.8009
Endocardial cells,Sympathetic neurons,neither,-0.5003,-1.5051,-0.7483,-1.1823
Endocardial cells,Telencephalon,neither,-2.1576,-1.0168,-1.8590,-0.7120
Endocardial cells,Thalamic neuronal precursors,neither,-2.6116,-2.4413,-2.6362,-1.9548
Endocardial cells,Ureteric bud,neither,-1.5475,-1.8645,0.3599,-1.3315
Endothelium,Enteric neurons,neither,-1.3466,-1.2378,-0.8852,-0.7418
Endothelium,Eye field,neither,-1.6343,-2.1538,-1.5854,-1.8072
Endothelium,Facial mesenchyme,neither,-0.4750,-0.7449,-0.5075,-0.6457
Endothelium,Fibroblasts,neither,-0.5072,-0.5957,-0.4524,-0.5121
Endothelium,First heart field,neither,0.6833,-0.5415,0.8936,-0.2815
Endothelium,Floorplate and p3 domain,neither,-0.5286,-0.8615,-0.8025,-0.9606
Endothelium,GABAergic cortical interneurons,neither,-1.5300,-0.8696,-1.4745,-0.7629
Endothelium,GABAergic neurons,neither,-1.1216,-0.7865,-0.9613,-0.6867
Endothelium,Glutamatergic neurons,neither,-1.1362,-0.6398,-1.0006,-0.5597
Endothelium,Granular keratinocytes,neither,-0.7655,-1.1569,-0.5198,-0.9638
Endothelium,Hematopoietic stem cells (Cd34+),neither,-1.2184,-2.2711,-1.2008,-2.2187
Endothelium,Hematopoietic stem cells (Mpo+),neither,-1.0580,-1.8458,-1.2053,-1.7013
Endothelium,Hepatocytes,neither,-2.5924,-2.6234,-2.4838,-2.6323
Endothelium,Hindbrain,neither,-1.0386,-1.1472,-0.5492,-0.9792
Endothelium,Hypothalamus,neither,-1.2419,-1.6653,-1.4395,-1.4492
Endothelium,Hypothalamus (Sim1+),neither,-0.3355,-0.7934,-1.3948,-0.3895
Endothelium,Intermediate neuronal progenitors,neither,-1.4479,-1.7387,-1.4865,-1.5979
Endothelium,Kupffer cells,neither,-1.6284,-2.3064,-1.4246,-1.7137
Endothelium,Lateral plate and intermediate mesoderm,neither,-0.2986,-0.7376,-0.3098,-0.6573
Endothelium,Limb mesenchyme progenitors,neither,-0.5340,-1.0440,-0.5715,-0.8519
Endothelium,Liver sinusoidal endothelial cells,K15_only,1.1743,-0.9907,1.0641,-0.5790
Endothelium,Lung progenitor cells,neither,-1.6007,-2.4300,-1.5579,-2.6656
Endothelium,Lymphatic vessel endothelial cells,K15_only,1.6202,-0.3839,1.4375,-0.4635
Endothelium,Mast cells,neither,-1.0377,-1.8660,-2.1108,-1.6496
Endothelium,Megakaryocytes,neither,-1.1873,-1.9074,-1.0215,-1.8639
Endothelium,Melanocyte cells,neither,-0.7956,-1.1913,-1.1064,-0.9050
Endothelium,Metanephric mesenchyme,neither,-0.8859,-1.9409,-0.8291,-1.8007
Endothelium,Microglia,neither,-1.2431,-1.6630,-1.2435,-1.3039
Endothelium,Midbrain,neither,-1.9352,-1.5269,-1.8966,-1.5188
Endothelium,Midbrain-hindbrain boundary,neither,-0.7770,-1.0573,-0.8200,-1.1971
Endothelium,Midgut/Hindgut epithelial cells,neither,-1.1513,-1.9230,-0.8553,-1.3600
Endothelium,Monocytes,neither,-3.1229,-1.2397,-0.4399,-1.5034
Endothelium,Muscle progenitor cells,neither,-0.1316,-0.4072,0.5144,-0.5604
Endothelium,Myelinating Schwann cells,neither,-1.2152,-1.3805,-1.1037,-1.2622
Endothelium,Myelinating Schwann cells (Tgfb2+),neither,-1.0867,-1.6790,-1.0284,-1.7263
Endothelium,Myoblasts,neither,-0.7077,-0.9640,-0.7772,-0.8575
Endothelium,Myofibroblasts,neither,-0.1331,-0.9567,0.0645,-0.8583
Endothelium,Naive retinal progenitor cells,neither,-2.1760,-2.5392,-1.5229,-2.2587
Endothelium,Nephron progenitors,neither,-0.2020,-1.4310,-1.6158,-1.2557
Endothelium,Neural crest (PNS glia),neither,-0.8742,-1.2568,-0.6814,-1.0152
Endothelium,Neural crest (PNS neurons),neither,-1.2741,-1.7275,-1.2734,-1.4688
Endothelium,Neural progenitor cells (Neurod1+),neither,-0.9099,-1.7053,-0.9759,-1.8858
Endothelium,Neurons (Slc17a8+),neither,-0.2594,-0.6338,-0.2915,-1.1971
Endothelium,Olfactory bulb cells,neither,-1.3900,-1.8154,-0.7553,-1.6795
Endothelium,Olfactory epithelial cells,neither,-1.8248,-2.2228,-1.5900,-1.9143
Endothelium,Olfactory sensory neurons,neither,-1.8499,-2.5122,-1.3125,-2.3642
Endothelium,Otic epithelial cells,neither,-0.7695,-1.6419,-1.7184,-1.3680
Endothelium,Otic sensory neurons,neither,-0.3815,-1.3339,-0.6178,-1.1367
Endothelium,Pancreatic acinar cells,neither,-1.3561,-1.2731,-1.1317,-1.0287
Endothelium,Parasympathetic neurons,neither,-0.3662,-1.4888,-0.9368,-1.4719
Endothelium,Posterior roof plate,neither,-0.0739,-0.6781,-0.0803,-0.5412
Endothelium,Pre-epidermal keratinocytes,neither,-0.9435,-1.1568,-0.7912,-1.0281
Endothelium,Pre-osteoblasts (Sp7+),neither,-0.5485,-0.9371,-0.2476,-0.7830
Endothelium,Primitive erythroid cells,neither,-1.2393,-0.7465,-1.3003,-0.6391
Endothelium,Retinal ganglion cells,neither,-1.8612,-2.1015,-1.8846,-2.1612
Endothelium,Retinal pigment cells,neither,-1.7197,-1.3934,-2.0249,-1.1254
Endothelium,Retinal progenitor cells,neither,-2.3351,-1.6056,-0.8589,-1.7206
Endothelium,Sclerotome,neither,-0.4021,-0.7106,-0.2637,-0.6153
Endothelium,Spinal cord dorsal progenitors,neither,-0.9143,-0.9537,-0.6284,-0.8933
Endothelium,Spinal cord motor neurons,neither,-1.0425,-1.0226,-0.6603,-1.0178
Endothelium,Spinal cord ventral progenitors,neither,-0.5291,-0.6397,-0.6538,-0.6474
Endothelium,Spinal cord/r7/r8,neither,-0.8362,-1.0085,-0.5867,-0.9214
Endothelium,Sympathetic neurons,neither,-1.1799,-1.5287,-0.7809,-1.4927
Endothelium,Telencephalon,neither,-1.7832,-0.8832,-1.5813,-0.7013
Endothelium,Thalamic neuronal precursors,neither,-2.2403,-2.4991,-1.8949,-1.8437
Endothelium,Ureteric bud,neither,-0.8719,-1.4814,-1.0471,-1.5779
Enteric neurons,Eye field,neither,-2.0432,-2.3528,-1.5352,-1.4561
Enteric neurons,Facial mesenchyme,neither,-0.6657,-0.9490,-0.7288,-0.5015
Enteric neurons,Fibroblasts,neither,-0.9194,-0.7655,-0.8404,-0.4154
Enteric neurons,First heart field,neither,0.2107,-0.6721,0.6227,-0.0503
Enteric neurons,Floorplate and p3 domain,neither,0.1035,-0.9989,-0.8667,-0.2954
Enteric neurons,GABAergic cortical interneurons,neither,-1.9460,-1.0220,-0.9791,-0.4796
Enteric neurons,GABAergic neurons,neither,-0.8468,-0.8812,-1.0105,-0.4754
Enteric neurons,Glutamatergic neurons,neither,-1.0714,-0.7737,-0.6029,-0.4023
Enteric neurons,Granular keratinocytes,K15_only,1.3209,-0.6253,1.3983,-0.2544
Enteric neurons,Hematopoietic stem cells (Cd34+),neither,-4.3730,-3.1975,-2.2666,-1.6534
Enteric neurons,Hematopoietic stem cells (Mpo+),neither,-1.0279,-3.4607,-0.1172,-1.2891
Enteric neurons,Hepatocytes,neither,-2.2518,-2.5693,-3.1072,-2.2708
Enteric neurons,Hindbrain,neither,-0.7421,-1.2650,-0.1319,-1.0401
Enteric neurons,Hypothalamus,neither,-1.0297,-1.7559,-2.0147,-1.3722
Enteric neurons,Hypothalamus (Sim1+),neither,0.4419,-0.5036,-0.2760,-0.3810
Enteric neurons,Intermediate neuronal progenitors,neither,-1.3520,-1.8743,-0.8973,-1.1924
Enteric neurons,Kupffer cells,neither,-1.2227,-3.3505,-1.4302,-1.2147
Enteric neurons,Lateral plate and intermediate mesoderm,neither,-0.8225,-0.9419,-1.1894,-0.6362
Enteric neurons,Limb mesenchyme progenitors,neither,-0.9757,-1.2986,-0.9565,-0.8342
Enteric neurons,Liver sinusoidal endothelial cells,neither,-0.2182,-1.6202,-1.1273,-0.1932
Enteric neurons,Lung progenitor cells,neither,-1.2569,-2.3955,-0.4231,-2.1594
Enteric neurons,Lymphatic vessel endothelial cells,neither,-0.7702,-2.1778,-0.9401,-0.7126
Enteric neurons,Mast cells,neither,-1.2025,-2.3721,-0.8178,-1.3140
Enteric neurons,Megakaryocytes,neither,-1.4046,-2.3381,-1.9129,-1.5551
Enteric neurons,Melanocyte cells,neither,0.0880,-0.9058,-0.3773,-1.4196
Enteric neurons,Metanephric mesenchyme,neither,-0.5865,-2.0517,-0.2529,-1.9187
Enteric neurons,Microglia,neither,-1.2430,-2.8023,-0.6975,-1.3370
Enteric neurons,Midbrain,neither,-1.4280,-1.6589,-1.2829,-1.1364
Enteric neurons,Midbrain-hindbrain boundary,neither,-0.9803,-1.4736,-0.3098,-1.1721
Enteric neurons,Midgut/Hindgut epithelial cells,neither,-1.2294,-1.9615,-1.3013,-1.6980
Enteric neurons,Monocytes,neither,-0.5508,-1.4267,-0.2851,-2.0984
Enteric neurons,Muscle progenitor cells,neither,0.3218,0.0088,-0.2691,0.0248
Enteric neurons,Myelinating Schwann cells,neither,-0.5292,-1.4470,-0.3024,-0.5885
Enteric neurons,Myelinating Schwann cells (Tgfb2+),neither,-1.0047,-1.9657,-0.0220,-0.6830
Enteric neurons,Myoblasts,neither,-1.3474,-1.0950,-0.6863,-0.7444
Enteric neurons,Myofibroblasts,neither,-1.7205,-1.3290,0.0123,-0.6060
Enteric neurons,Naive retinal progenitor cells,neither,-2.8492,-2.9090,-2.3008,-2.4579
Enteric neurons,Nephron progenitors,neither,-1.1748,-2.1275,-0.5245,-1.2692
Enteric neurons,Neural crest (PNS glia),neither,-0.1682,-1.3163,0.4083,-0.7323
Enteric neurons,Neural crest (PNS neurons),neither,-0.5930,-1.3564,-0.2681,-0.9745
Enteric neurons,Neural progenitor cells (Neurod1+),neither,-1.9994,-1.5916,-0.1594,-1.5505
Enteric neurons,Neurons (Slc17a8+),neither,-0.9092,-1.3558,-0.3857,-1.3653
Enteric neurons,Olfactory bulb cells,neither,0.2516,-0.9518,-0.6208,-0.7859
Enteric neurons,Olfactory epithelial cells,neither,-0.1789,-1.5942,-0.3157,-1.2439
Enteric neurons,Olfactory sensory neurons,neither,0.6066,-1.8192,-0.9193,-2.2852
Enteric neurons,Otic epithelial cells,neither,1.0422,-0.8933,0.1618,-0.8650
Enteric neurons,Otic sensory neurons,K15_only,2.0599,-0.6967,1.5495,0.3840
Enteric neurons,Pancreatic acinar cells,neither,1.0967,-0.6542,-0.3076,-2.1068
Enteric neurons,Parasympathetic neurons,neither,0.4342,-1.7217,0.6988,-1.2954
Enteric neurons,Posterior roof plate,neither,0.1806,-0.5711,-0.3342,0.0647
Enteric neurons,Pre-epidermal keratinocytes,neither,0.4074,-0.9590,0.4725,-0.6542
Enteric neurons,Pre-osteoblasts (Sp7+),neither,0.1580,-1.0121,-1.1643,-0.9174
Enteric neurons,Primitive erythroid cells,neither,-0.7238,-1.2824,-0.2576,-0.9284
Enteric neurons,Retinal ganglion cells,neither,-0.7438,-2.6877,-1.4139,-2.1710
Enteric neurons,Retinal pigment cells,neither,-0.4189,-1.5428,-0.2851,-0.4965
Enteric neurons,Retinal progenitor cells,neither,-0.8894,-2.0352,-0.5548,-1.3712
Enteric neurons,Sclerotome,neither,-1.0123,-0.8773,-0.4291,-0.4295
Enteric neurons,Spinal cord dorsal progenitors,neither,-0.7028,-1.3584,-1.0821,-0.9040
Enteric neurons,Spinal cord motor neurons,neither,0.4018,-0.8035,1.2640,0.2357
Enteric neurons,Spinal cord ventral progenitors,neither,-0.3745,-1.4406,-0.6297,-0.2844
Enteric neurons,Spinal cord/r7/r8,neither,-0.7954,-1.0649,-0.1425,-0.7476
Enteric neurons,Sympathetic neurons,neither,-0.8797,-1.4657,0.7525,-0.8465
Enteric neurons,Telencephalon,neither,-1.9614,-0.9343,-1.0719,-0.4951
Enteric neurons,Thalamic neuronal precursors,neither,-1.7774,-2.9559,-2.7539,-1.1887
Enteric neurons,Ureteric bud,neither,-1.2474,-1.9116,-0.7894,-1.0864
Eye field,Facial mesenchyme,neither,-1.6046,-1.7375,-1.5043,-1.5865
Eye field,Fibroblasts,neither,-1.7963,-1.4763,-1.6707,-1.3168
Eye field,First heart field,neither,-1.6977,-1.9469,-1.9642,-1.1933
Eye field,Floorplate and p3 domain,neither,-1.2312,-1.9429,-0.5842,-1.3915
Eye field,GABAergic cortical interneurons,neither,-0.2233,-1.3433,-0.4748,-1.2598
Eye field,GABAergic neurons,neither,-1.7702,-1.5333,-1.2746,-1.3738
Eye field,Glutamatergic neurons,neither,-0.8701,-1.3334,-0.9900,-1.2347
Eye field,Granular keratinocytes,neither,-1.0387,-2.2738,-0.8212,-1.8924
Eye field,Hematopoietic stem cells (Cd34+),neither,-3.3638,-4.1407,-3.5973,-3.5856
Eye field,Hematopoietic stem cells (Mpo+),neither,-2.3902,-3.8248,-1.6266,-3.7898
Eye field,Hepatocytes,neither,-3.1039,-3.5114,-2.9170,-3.2168
Eye field,Hindbrain,neither,-1.6636,-2.0251,-1.2522,-1.6958
Eye field,Hypothalamus,neither,0.3330,-1.3523,0.3161,-1.2488
Eye field,Hypothalamus (Sim1+),neither,-0.2958,-0.3330,-0.6074,-0.9868
Eye field,Intermediate neuronal progenitors,neither,-1.1520,-2.1339,-1.1172,-1.9884
Eye field,Kupffer cells,neither,-2.6208,-3.0396,-2.1255,-2.7150
Eye field,Lateral plate and intermediate mesoderm,neither,-1.9972,-1.8188,-1.8599,-1.6703
Eye field,Limb mesenchyme progenitors,neither,-2.7450,-2.4321,-1.8519,-1.9409
Eye field,Liver sinusoidal endothelial cells,neither,-0.4456,-1.7047,-1.0587,-1.6528
Eye field,Lung progenitor cells,neither,-2.0757,-3.2938,-2.5299,-3.0560
Eye field,Lymphatic vessel endothelial cells,neither,-0.4904,-1.9869,-1.3101,-2.3815
Eye field,Mast cells,neither,-2.3247,-3.2959,-2.0711,-3.4511
Eye field,Megakaryocytes,neither,-4.4849,-3.8835,-2.4776,-3.5531
Eye field,Melanocyte cells,neither,-0.8940,-3.1941,-0.3792,-1.7909
Eye field,Metanephric mesenchyme,neither,-2.5608,-4.4611,-2.2659,-3.1761
Eye field,Microglia,neither,-2.3818,-3.0892,-0.4927,-2.4890
Eye field,Midbrain,neither,-1.8401,-2.0066,-1.5079,-1.8905
Eye field,Midbrain-hindbrain boundary,neither,-0.4143,-3.2807,-0.1488,-1.7785
Eye field,Midgut/Hindgut epithelial cells,neither,-1.3067,-2.6895,-1.9278,-2.2205
Eye field,Monocytes,neither,-1.2825,-3.4439,-1.6422,-2.2712
Eye field,Muscle progenitor cells,neither,-0.5107,-1.6059,-1.5808,-1.3772
Eye field,Myelinating Schwann cells,neither,-2.2209,-2.8973,-1.6768,-2.1890
Eye field,Myelinating Schwann cells (Tgfb2+),neither,-1.7774,-3.3594,-1.4603,-2.5316
Eye field,Myoblasts,neither,-2.1207,-2.0055,-2.1975,-1.7590
Eye field,Myofibroblasts,neither,-1.9052,-2.1685,-1.4152,-1.9168
Eye field,Naive retinal progenitor cells,K15_only,3.9546,-0.1598,3.2606,-0.7549
Eye field,Nephron progenitors,neither,-0.7003,-2.8201,-2.3941,-2.2978
Eye field,Neural crest (PNS glia),neither,-0.9551,-2.4041,-1.3411,-2.3013
Eye field,Neural crest (PNS neurons),neither,-2.1505,-3.0772,-1.7906,-2.4111
Eye field,Neural progenitor cells (Neurod1+),neither,-0.7711,-2.0160,-1.3760,-1.9050
Eye field,Neurons (Slc17a8+),neither,-0.3046,-1.0693,-0.4064,-1.6000
Eye field,Olfactory bulb cells,neither,-0.9218,-2.5994,-0.3151,-2.7211
Eye field,Olfactory epithelial cells,neither,-1.3688,-2.8378,-1.0831,-2.6793
Eye field,Olfactory sensory neurons,neither,-1.8214,-3.1737,-1.1075,-3.2411
Eye field,Otic epithelial cells,neither,-2.6527,-2.7872,-1.7930,-2.3534
Eye field,Otic sensory neurons,neither,-1.4881,-2.2863,-0.4843,-1.7360
Eye field,Pancreatic acinar cells,neither,-1.1642,-2.4648,-1.7257,-1.5448
Eye field,Parasympathetic neurons,neither,-1.8157,-2.7814,-1.6222,-2.2087
Eye field,Posterior roof plate,neither,-1.7468,-2.0441,-0.2348,-1.7316
Eye field,Pre-epidermal keratinocytes,neither,-1.3816,-2.0446,-2.3921,-1.9195
Eye field,Pre-osteoblasts (Sp7+),neither,-0.8425,-2.4573,-0.8987,-1.7446
Eye field,Primitive erythroid cells,neither,-0.0035,-1.5666,-1.5352,-1.4686
Eye field,Retinal ganglion cells,K15_only,4.4252,0.6544,3.6998,-0.2055
Eye field,Retinal pigment cells,both_K,3.0604,1.4328,3.2647,0.7800
Eye field,Retinal progenitor cells,both_K,4.7562,1.5040,4.2271,0.8275
Eye field,Sclerotome,neither,-2.1318,-1.7942,-1.5622,-1.4744
Eye field,Spinal cord dorsal progenitors,neither,-1.5862,-2.3107,-1.3174,-1.6413
Eye field,Spinal cord motor neurons,neither,-2.5744,-2.7720,-1.9391,-1.9784
Eye field,Spinal cord ventral progenitors,neither,-0.9777,-1.7037,-0.3364,-1.3247
Eye field,Spinal cord/r7/r8,neither,-1.8638,-2.0339,-1.4072,-1.7480
Eye field,Sympathetic neurons,neither,-2.7795,-2.8573,-1.1596,-2.7879
Eye field,Telencephalon,neither,-0.6191,-1.3271,-0.8886,-1.2430
Eye field,Thalamic neuronal precursors,neither,-1.5389,-2.5522,-1.7244,-2.2087
Eye field,Ureteric bud,neither,-1.3879,-2.4155,-2.0128,-2.7894
Facial mesenchyme,Fibroblasts,neither,-0.3625,-0.4694,-0.3899,-0.3828
Facial mesenchyme,First heart field,neither,-0.0575,-0.5651,-0.8353,-0.4589
Facial mesenchyme,Floorplate and p3 domain,neither,-0.7335,-0.7335,-0.7344,-0.6065
Facial mesenchyme,GABAergic cortical interneurons,neither,-1.6898,-0.7515,-1.4990,-0.6304
Facial mesenchyme,GABAergic neurons,neither,-1.1784,-0.6357,-1.1284,-0.5459
Facial mesenchyme,Glutamatergic neurons,neither,-1.1963,-0.5153,-1.1529,-0.4350
Facial mesenchyme,Granular keratinocytes,neither,-0.3660,-0.9326,-0.3151,-0.7784
Facial mesenchyme,Hematopoietic stem cells (Cd34+),neither,-2.6343,-2.5953,-2.6227,-2.4566
Facial mesenchyme,Hematopoietic stem cells (Mpo+),neither,-2.6807,-2.3266,-1.9571,-2.0236
Facial mesenchyme,Hepatocytes,neither,-2.7526,-2.5452,-3.1071,-2.5837
Facial mesenchyme,Hindbrain,neither,-1.0100,-0.9490,-0.8663,-0.8233
Facial mesenchyme,Hypothalamus,neither,-1.4562,-1.4989,-1.6205,-1.2601
Facial mesenchyme,Hypothalamus (Sim1+),neither,-0.8765,-0.5315,-0.8334,-0.3720
Facial mesenchyme,Intermediate neuronal progenitors,neither,-1.5921,-1.4394,-1.3602,-1.2705
Facial mesenchyme,Kupffer cells,neither,-2.6204,-2.3088,-2.2396,-1.7067
Facial mesenchyme,Lateral plate and intermediate mesoderm,neither,-0.6285,-0.6523,-0.6564,-0.5720
Facial mesenchyme,Limb mesenchyme progenitors,neither,-0.6107,-0.9331,-0.6489,-0.7922
Facial mesenchyme,Liver sinusoidal endothelial cells,neither,-1.0297,-1.1932,-0.9371,-0.8607
Facial mesenchyme,Lung progenitor cells,neither,-1.7891,-2.1110,-1.7809,-2.3345
Facial mesenchyme,Lymphatic vessel endothelial cells,neither,-0.3304,-0.6098,-0.4994,-0.6939
Facial mesenchyme,Mast cells,neither,-3.1372,-1.8851,-1.4262,-1.5572
Facial mesenchyme,Megakaryocytes,neither,-2.1686,-2.1590,-1.9598,-1.9509
Facial mesenchyme,Melanocyte cells,neither,-0.7096,-0.9347,-0.0577,-0.5442
Facial mesenchyme,Metanephric mesenchyme,neither,-0.4123,-1.8509,-0.5006,-1.8334
Facial mesenchyme,Microglia,neither,-2.1293,-1.7013,-1.3571,-1.3592
Facial mesenchyme,Midbrain,neither,-1.9040,-1.3668,-1.8610,-1.3105
Facial mesenchyme,Midbrain-hindbrain boundary,neither,-1.5717,-1.0724,-1.3330,-0.9855
Facial mesenchyme,Midgut/Hindgut epithelial cells,neither,-0.6695,-1.5642,-0.7345,-1.2485
Facial mesenchyme,Monocytes,neither,-2.2698,-1.6404,-2.2049,-1.4085
Facial mesenchyme,Muscle progenitor cells,neither,-0.1245,-0.2127,-0.6145,-0.2800
Facial mesenchyme,Myelinating Schwann cells,neither,-0.7613,-1.0743,-0.8929,-1.0479
Facial mesenchyme,Myelinating Schwann cells (Tgfb2+),neither,-1.2412,-1.6637,-1.2311,-1.5976
Facial mesenchyme,Myoblasts,neither,-0.8532,-0.8462,-0.9544,-0.7694
Facial mesenchyme,Myofibroblasts,neither,-0.2405,-0.8223,-0.4895,-0.8043
Facial mesenchyme,Naive retinal progenitor cells,neither,-1.8460,-2.2797,-2.1526,-2.1284
Facial mesenchyme,Nephron progenitors,neither,0.4421,-1.3076,0.0899,-1.4315
Facial mesenchyme,Neural crest (PNS glia),neither,-0.4412,-0.9097,-0.3484,-0.8093
Facial mesenchyme,Neural crest (PNS neurons),neither,-1.0365,-1.3019,-0.7631,-1.1865
Facial mesenchyme,Neural progenitor cells (Neurod1+),neither,-1.4787,-1.4191,-1.4886,-1.3848
Facial mesenchyme,Neurons (Slc17a8+),neither,-0.9408,-0.6740,-0.5627,-0.5188
Facial mesenchyme,Olfactory bulb cells,neither,-0.3788,-1.3848,-0.3853,-1.5096
Facial mesenchyme,Olfactory epithelial cells,neither,-0.9277,-1.7518,-0.8239,-1.7030
Facial mesenchyme,Olfactory sensory neurons,neither,-1.0574,-2.0717,-0.8265,-2.0684
Facial mesenchyme,Otic epithelial cells,neither,-1.0139,-1.4185,-0.9464,-1.2359
Facial mesenchyme,Otic sensory neurons,neither,-0.7153,-1.1751,-0.7084,-0.9649
Facial mesenchyme,Pancreatic acinar cells,neither,-0.1958,-1.1942,0.0474,-1.0208
Facial mesenchyme,Parasympathetic neurons,neither,-0.6442,-1.2948,-1.1528,-1.2967
Facial mesenchyme,Posterior roof plate,neither,-1.0935,-0.4781,-0.0356,-0.4124
Facial mesenchyme,Pre-epidermal keratinocytes,neither,-0.7869,-0.9442,-0.7552,-0.8824
Facial mesenchyme,Pre-osteoblasts (Sp7+),K15_only,1.1337,-0.5708,0.9127,-0.4600
Facial mesenchyme,Primitive erythroid cells,neither,-0.5720,-0.4161,-1.1762,-0.3217
Facial mesenchyme,Retinal ganglion cells,neither,-1.9813,-1.8690,-2.0008,-1.9341
Facial mesenchyme,Retinal pigment cells,neither,-2.0868,-1.1995,-1.4679,-1.0131
Facial mesenchyme,Retinal progenitor cells,neither,-1.7994,-1.4010,-2.0562,-1.4148
Facial mesenchyme,Sclerotome,K15_only,0.1689,-0.5328,0.1353,-0.4415
Facial mesenchyme,Spinal cord dorsal progenitors,neither,-0.7536,-0.7263,-0.9069,-0.6446
Facial mesenchyme,Spinal cord motor neurons,neither,-0.9585,-0.7290,-0.6461,-0.7376
Facial mesenchyme,Spinal cord ventral progenitors,neither,-0.6647,-0.5068,-0.7973,-0.5144
Facial mesenchyme,Spinal cord/r7/r8,neither,-0.7797,-0.7983,-0.7877,-0.7714
Facial mesenchyme,Sympathetic neurons,neither,-1.2598,-1.3066,-1.0807,-1.3334
Facial mesenchyme,Telencephalon,neither,-1.7168,-0.7294,-1.5250,-0.5781
Facial mesenchyme,Thalamic neuronal precursors,neither,-2.3541,-2.2734,-1.8811,-1.6282
Facial mesenchyme,Ureteric bud,neither,-0.0449,-1.0934,-0.4675,-1.3604
Fibroblasts,First heart field,neither,-0.2193,-0.4015,-0.1960,-0.2658
Fibroblasts,Floorplate and p3 domain,neither,-0.6643,-0.5387,-0.5293,-0.3332
Fibroblasts,GABAergic cortical interneurons,neither,-1.8095,-0.6390,-1.5677,-0.4871
Fibroblasts,GABAergic neurons,neither,-1.1775,-0.4839,-1.0695,-0.3961
Fibroblasts,Glutamatergic neurons,neither,-1.2645,-0.3849,-1.1536,-0.2818
Fibroblasts,Granular keratinocytes,neither,-0.9032,-0.8080,-0.7549,-0.6656
Fibroblasts,Hematopoietic stem cells (Cd34+),neither,-2.5179,-2.2359,-2.2870,-2.1144
Fibroblasts,Hematopoietic stem cells (Mpo+),neither,-2.7042,-1.7466,-2.1140,-1.4609
Fibroblasts,Hepatocytes,neither,-2.9369,-2.3863,-3.0237,-2.3981
Fibroblasts,Hindbrain,neither,-1.1441,-0.7687,-1.0419,-0.6753
Fibroblasts,Hypothalamus,neither,-1.6044,-1.2889,-1.3287,-1.0154
Fibroblasts,Hypothalamus (Sim1+),neither,-0.8290,-0.3070,-0.4239,-0.2006
Fibroblasts,Intermediate neuronal progenitors,neither,-1.8950,-1.2371,-1.5018,-1.0315
Fibroblasts,Kupffer cells,neither,-2.3583,-1.8028,-1.9564,-1.3487
Fibroblasts,Lateral plate and intermediate mesoderm,neither,-0.6240,-0.5313,-0.5894,-0.4341
Fibroblasts,Limb mesenchyme progenitors,neither,-0.6264,-0.8381,-0.6062,-0.6543
Fibroblasts,Liver sinusoidal endothelial cells,neither,-0.9609,-1.0465,-0.6366,-0.6797
Fibroblasts,Lung progenitor cells,neither,-1.9899,-1.9793,-2.2500,-2.2434
Fibroblasts,Lymphatic vessel endothelial cells,neither,-0.4036,-0.4966,-0.3111,-0.5329
Fibroblasts,Mast cells,neither,-2.3507,-1.3864,-1.7852,-1.0683
Fibroblasts,Megakaryocytes,neither,-2.0628,-1.7790,-1.8316,-1.5043
Fibroblasts,Melanocyte cells,neither,-1.0779,-0.7989,-0.5613,-0.4606
Fibroblasts,Metanephric mesenchyme,neither,-1.1245,-1.7201,-0.8599,-1.7015
Fibroblasts,Microglia,neither,-1.8994,-1.1880,-1.7369,-0.8236
Fibroblasts,Midbrain,neither,-2.0981,-1.2415,-2.0988,-1.1591
Fibroblasts,Midbrain-hindbrain boundary,neither,-1.4641,-0.7359,-1.6053,-0.7660
Fibroblasts,Midgut/Hindgut epithelial cells,neither,-1.6512,-1.5212,-1.2477,-1.0695
Fibroblasts,Monocytes,neither,-2.8424,-1.0844,-1.6058,-0.7459
Fibroblasts,Muscle progenitor cells,neither,0.3046,-0.1136,0.3012,-0.1835
Fibroblasts,Myelinating Schwann cells,neither,-0.9880,-0.9721,-1.0044,-0.9102
Fibroblasts,Myelinating Schwann cells (Tgfb2+),neither,-1.2964,-1.4781,-1.1957,-1.4196
Fibroblasts,Myoblasts,neither,-0.8122,-0.7333,-0.7873,-0.6304
Fibroblasts,Myofibroblasts,neither,-0.2011,-0.6902,-0.2254,-0.6510
Fibroblasts,Naive retinal progenitor cells,neither,-2.1294,-1.9993,-1.9060,-1.8290
Fibroblasts,Nephron progenitors,neither,-0.8591,-1.2940,-0.6339,-1.3273
Fibroblasts,Neural crest (PNS glia),neither,-0.7620,-0.7766,-0.5445,-0.6427
Fibroblasts,Neural crest (PNS neurons),neither,-1.1709,-1.1665,-0.9792,-1.0447
Fibroblasts,Neural progenitor cells (Neurod1+),neither,-1.5790,-1.1608,-1.4542,-1.2082
Fibroblasts,Neurons (Slc17a8+),neither,-0.8431,-0.5126,-0.5973,-0.3013
Fibroblasts,Olfactory bulb cells,neither,-1.4669,-1.3732,-1.3769,-1.4738
Fibroblasts,Olfactory epithelial cells,neither,-1.7685,-1.6916,-1.5944,-1.6271
Fibroblasts,Olfactory sensory neurons,neither,-1.8921,-2.0037,-1.7897,-1.9700
Fibroblasts,Otic epithelial cells,neither,-1.3939,-1.3159,-1.1087,-1.0345
Fibroblasts,Otic sensory neurons,neither,-1.2403,-1.0655,-1.0644,-0.8440
Fibroblasts,Pancreatic acinar cells,neither,-1.3165,-0.9980,-1.2105,-0.9195
Fibroblasts,Parasympathetic neurons,neither,-0.9303,-1.1440,-0.9269,-1.2317
Fibroblasts,Posterior roof plate,neither,-0.6845,-0.3389,-0.5208,-0.2708
Fibroblasts,Pre-epidermal keratinocytes,neither,-1.1901,-0.8346,-1.0595,-0.7564
Fibroblasts,Pre-osteoblasts (Sp7+),neither,0.0601,-0.5746,-0.0301,-0.4416
Fibroblasts,Primitive erythroid cells,neither,-0.7872,-0.2301,-0.7112,-0.1803
Fibroblasts,Retinal ganglion cells,neither,-1.7710,-1.5062,-1.9078,-1.6597
Fibroblasts,Retinal pigment cells,neither,-1.7072,-0.7643,-1.3542,-0.6308
Fibroblasts,Retinal progenitor cells,neither,-1.7817,-1.0225,-1.7659,-1.0263
Fibroblasts,Sclerotome,neither,-0.2337,-0.4322,-0.1924,-0.3243
Fibroblasts,Spinal cord dorsal progenitors,neither,-0.8138,-0.4941,-0.6772,-0.4686
Fibroblasts,Spinal cord motor neurons,neither,-0.6165,-0.5249,-0.4870,-0.5403
Fibroblasts,Spinal cord ventral progenitors,neither,-0.6785,-0.2087,-0.4888,-0.1983
Fibroblasts,Spinal cord/r7/r8,neither,-0.7924,-0.6262,-0.7255,-0.5558
Fibroblasts,Sympathetic neurons,neither,-1.1882,-1.1283,-1.0298,-1.0952
Fibroblasts,Telencephalon,neither,-1.9614,-0.6500,-1.6792,-0.4674
Fibroblasts,Thalamic neuronal precursors,neither,-2.6024,-2.0388,-2.0120,-1.4761
Fibroblasts,Ureteric bud,neither,-0.8942,-1.1330,-0.9777,-1.2770
First heart field,Floorplate and p3 domain,neither,-0.5643,-0.0096,-1.1756,-0.1644
First heart field,GABAergic cortical interneurons,neither,-1.4739,-0.6803,-0.9031,-0.5039
First heart field,GABAergic neurons,neither,-0.4908,-0.5329,-0.3981,-0.4675
First heart field,Glutamatergic neurons,neither,-0.6501,-0.3475,-0.7067,-0.3147
First heart field,Granular keratinocytes,neither,0.5445,-0.7966,-0.5485,-0.5347
First heart field,Hematopoietic stem cells (Cd34+),neither,-1.3387,-2.5707,-0.8260,-1.8507
First heart field,Hematopoietic stem cells (Mpo+),neither,-0.6837,-2.4689,0.1061,-1.4850
First heart field,Hepatocytes,neither,-1.3800,-2.1535,-1.6902,-2.1011
First heart field,Hindbrain,neither,-0.6725,-0.8492,-0.5603,-0.7862
First heart field,Hypothalamus,neither,-0.3446,-1.2497,-0.4979,-0.8463
First heart field,Hypothalamus (Sim1+),neither,-0.4217,-0.8896,-0.4031,0.3835
First heart field,Intermediate neuronal progenitors,neither,-0.4482,-1.5119,-0.8792,-1.3692
First heart field,Kupffer cells,neither,-0.8625,-2.2641,-1.8443,-1.7808
First heart field,Lateral plate and intermediate mesoderm,neither,0.1066,-0.4842,-0.0697,-0.3813
First heart field,Limb mesenchyme progenitors,neither,-0.8575,-0.7862,-0.0504,-0.6021
First heart field,Liver sinusoidal endothelial cells,neither,0.7266,-0.2129,1.0941,-0.3871
First heart field,Lung progenitor cells,neither,-0.8940,-1.5730,-1.8362,-2.0466
First heart field,Lymphatic vessel endothelial cells,neither,0.1345,-0.2607,-0.2656,-0.0143
First heart field,Mast cells,neither,-0.9527,-2.3926,-1.1149,-2.5985
First heart field,Megakaryocytes,neither,-0.9976,-2.0133,-2.3861,-1.3915
First heart field,Melanocyte cells,neither,-0.7082,-2.3319,-0.5429,-0.1061
First heart field,Metanephric mesenchyme,neither,-0.8154,-1.4036,0.3610,-1.3424
First heart field,Microglia,neither,-0.9873,-1.6706,-0.9637,-0.5535
First heart field,Midbrain,neither,-1.4579,-1.1401,-1.1089,-1.1238
First heart field,Midbrain-hindbrain boundary,neither,-0.7648,-0.6050,-0.4502,-1.0629
First heart field,Midgut/Hindgut epithelial cells,neither,-1.8686,-0.8911,-0.1105,-0.6750
First heart field,Monocytes,neither,-0.4161,-2.6529,-0.4158,-1.5680
First heart field,Muscle progenitor cells,neither,-0.5175,-0.4747,-0.3935,-0.1120
First heart field,Myelinating Schwann cells,neither,-1.0851,-1.1697,-1.5683,-1.1665
First heart field,Myelinating Schwann cells (Tgfb2+),neither,-0.0776,-0.8822,-1.3649,-1.0842
First heart field,Myoblasts,neither,-0.6863,-0.6206,-0.6127,-0.6494
First heart field,Myofibroblasts,neither,-0.5999,-0.8416,0.3669,-0.5501
First heart field,Naive retinal progenitor cells,neither,-1.4492,-2.4976,-1.2231,-1.7120
First heart field,Nephron progenitors,neither,-0.9290,-3.7372,0.2599,-0.7878
First heart field,Neural crest (PNS glia),neither,-0.5946,-0.9398,0.1981,-0.6267
First heart field,Neural crest (PNS neurons),neither,-1.4755,-1.5269,-0.7729,-1.3660
First heart field,Neural progenitor cells (Neurod1+),neither,-1.6577,-1.3017,-1.5290,-0.8874
First heart field,Neurons (Slc17a8+),neither,0.2942,-0.7124,-0.5544,-0.0481
First heart field,Olfactory bulb cells,neither,-0.0652,-2.4312,0.1345,-0.4677
First heart field,Olfactory epithelial cells,neither,-1.1786,-2.2813,-1.3727,-1.7168
First heart field,Olfactory sensory neurons,neither,-0.5582,-2.2136,-1.3932,-2.0804
First heart field,Otic epithelial cells,neither,0.2155,-1.0482,-1.8362,-0.9272
First heart field,Otic sensory neurons,neither,-0.1739,-0.6689,-0.3811,-0.8324
First heart field,Pancreatic acinar cells,neither,0.6331,-1.3115,-0.4472,-0.9922
First heart field,Parasympathetic neurons,neither,-1.2685,-0.8629,-1.1996,-1.1644
First heart field,Posterior roof plate,neither,0.3680,-0.6087,-0.4838,-0.4176
First heart field,Pre-epidermal keratinocytes,neither,-0.4688,-0.8679,-1.0159,-0.8636
First heart field,Pre-osteoblasts (Sp7+),neither,-0.5150,-0.3740,-0.5348,-1.0607
First heart field,Primitive erythroid cells,neither,-0.5542,-0.5918,-0.3773,0.2023
First heart field,Retinal ganglion cells,neither,-0.4269,-2.2849,-1.8256,-1.7363
First heart field,Retinal pigment cells,neither,-0.3128,-1.2059,-0.4158,-1.5496
First heart field,Retinal progenitor cells,neither,-0.6895,-1.6564,-0.7798,-1.4796
First heart field,Sclerotome,neither,-0.0251,-0.5010,-0.6085,-0.3960
First heart field,Spinal cord dorsal progenitors,neither,-1.0825,-0.7862,-0.2495,-0.8000
First heart field,Spinal cord motor neurons,neither,-0.2410,-0.9029,-1.4081,-0.6621
First heart field,Spinal cord ventral progenitors,neither,-0.1009,-0.4601,-0.8770,-0.1616
First heart field,Spinal cord/r7/r8,neither,-0.5645,-0.6826,-0.1741,-0.7036
First heart field,Sympathetic neurons,neither,0.1069,-0.9513,0.3190,-1.1341
First heart field,Telencephalon,neither,-1.3226,-0.6398,-0.9683,-0.4689
First heart field,Thalamic neuronal precursors,neither,-1.4891,-2.3879,-1.0067,-1.3075
First heart field,Ureteric bud,neither,0.5939,-0.5194,-1.0796,-0.7792
Floorplate and p3 domain,GABAergic cortical interneurons,neither,-0.9373,-0.6946,-0.7681,-0.4551
Floorplate and p3 domain,GABAergic neurons,neither,-0.1847,-0.5513,0.0181,-0.4080
Floorplate and p3 domain,Glutamatergic neurons,neither,-0.2548,-0.4769,-0.1345,-0.3382
Floorplate and p3 domain,Granular keratinocytes,neither,-0.4756,-1.1376,-1.2595,-1.0291
Floorplate and p3 domain,Hematopoietic stem cells (Cd34+),neither,-2.1702,-2.9766,-1.4146,-2.3510
Floorplate and p3 domain,Hematopoietic stem cells (Mpo+),neither,-1.6282,-3.1069,-1.5667,-1.8809
Floorplate and p3 domain,Hepatocytes,neither,-1.7718,-2.4077,-2.4160,-2.5086
Floorplate and p3 domain,Hindbrain,neither,0.1684,-0.7248,0.5531,-0.6802
Floorplate and p3 domain,Hypothalamus,neither,0.0683,-0.8618,0.1194,-0.7770
Floorplate and p3 domain,Hypothalamus (Sim1+),neither,1.9876,0.6933,1.0831,0.9090
Floorplate and p3 domain,Intermediate neuronal progenitors,neither,-1.3474,-1.5537,-0.9953,-1.2223
Floorplate and p3 domain,Kupffer cells,neither,-3.4408,-2.3780,-0.4398,-1.6507
Floorplate and p3 domain,Lateral plate and intermediate mesoderm,neither,-0.9285,-0.7312,-0.6441,-0.5985
Floorplate and p3 domain,Limb mesenchyme progenitors,neither,-0.7501,-0.9737,-0.9461,-0.8479
Floorplate and p3 domain,Liver sinusoidal endothelial cells,neither,-0.2657,-1.2600,0.0027,-1.0435
Floorplate and p3 domain,Lung progenitor cells,neither,-0.8952,-2.1587,-1.4299,-2.1295
Floorplate and p3 domain,Lymphatic vessel endothelial cells,neither,-0.5812,-0.7089,-1.2837,-0.5590
Floorplate and p3 domain,Mast cells,neither,-0.5842,-1.8879,-2.0746,-1.4775
Floorplate and p3 domain,Megakaryocytes,neither,-2.2972,-2.6533,-1.0759,-1.9195
Floorplate and p3 domain,Melanocyte cells,neither,-0.7526,-1.1037,-1.1756,-0.6348
Floorplate and p3 domain,Metanephric mesenchyme,neither,-1.3815,-2.3991,-1.1861,-1.8091
Floorplate and p3 domain,Microglia,neither,-0.2246,-2.0105,-1.8553,-1.5440
Floorplate and p3 domain,Midbrain,neither,-1.5428,-1.4261,-1.1415,-1.0654
Floorplate and p3 domain,Midbrain-hindbrain boundary,neither,-0.8540,-0.7750,-0.0065,-0.2269
Floorplate and p3 domain,Midgut/Hindgut epithelial cells,neither,-1.4485,-1.5367,-0.5198,-1.3875
Floorplate and p3 domain,Monocytes,neither,-1.1697,-1.9423,-0.9413,-1.8383
Floorplate and p3 domain,Muscle progenitor cells,neither,-0.3859,-0.1033,0.1017,0.3126
Floorplate and p3 domain,Myelinating Schwann cells,neither,-0.9024,-1.3149,-0.7010,-1.2260
Floorplate and p3 domain,Myelinating Schwann cells (Tgfb2+),neither,-0.3783,-1.6773,-2.4172,-1.7075
Floorplate and p3 domain,Myoblasts,neither,-0.9835,-0.8454,-0.5979,-0.5949
Floorplate and p3 domain,Myofibroblasts,neither,-0.7690,-0.8421,-0.2422,-0.7372
Floorplate and p3 domain,Naive retinal progenitor cells,neither,-2.5592,-2.3009,-0.5478,-1.6720
Floorplate and p3 domain,Nephron progenitors,neither,-0.5460,-1.1946,0.0757,-1.3926
Floorplate and p3 domain,Neural crest (PNS glia),neither,-0.8648,-1.2288,-0.6617,-0.9118
Floorplate and p3 domain,Neural crest (PNS neurons),neither,-1.0321,-1.5784,-0.9240,-1.1070
Floorplate and p3 domain,Neural progenitor cells (Neurod1+),neither,0.2800,-1.1125,-0.3095,-1.1375
Floorplate and p3 domain,Neurons (Slc17a8+),both_K,3.1585,0.9808,2.7108,0.7979
Floorplate and p3 domain,Olfactory bulb cells,neither,-1.3463,-1.6482,-1.7070,-2.9950
Floorplate and p3 domain,Olfactory epithelial cells,neither,-4.5018,-2.1864,-2.6455,-2.1312
Floorplate and p3 domain,Olfactory sensory neurons,neither,-3.0468,-2.2572,-1.6689,-2.4953
Floorplate and p3 domain,Otic epithelial cells,neither,-1.4668,-2.0647,-2.0149,-1.2896
Floorplate and p3 domain,Otic sensory neurons,neither,-0.9878,-1.2510,-2.4387,-0.7622
Floorplate and p3 domain,Pancreatic acinar cells,neither,-0.0584,-0.5511,-1.0007,-1.5265
Floorplate and p3 domain,Parasympathetic neurons,neither,0.1591,-1.5309,-2.1931,-1.5452
Floorplate and p3 domain,Posterior roof plate,neither,0.3886,-0.5394,-1.0689,0.0586
Floorplate and p3 domain,Pre-epidermal keratinocytes,neither,-0.7714,-1.0873,-0.8962,-0.9264
Floorplate and p3 domain,Pre-osteoblasts (Sp7+),neither,-0.6688,-1.1184,-0.3168,-0.7560
Floorplate and p3 domain,Primitive erythroid cells,neither,0.5400,-0.4676,1.1333,-0.3073
Floorplate and p3 domain,Retinal ganglion cells,neither,-1.2858,-1.8251,-0.6802,-1.8784
Floorplate and p3 domain,Retinal pigment cells,neither,-0.9302,-0.9417,0.6436,-0.2327
Floorplate and p3 domain,Retinal progenitor cells,neither,-0.7185,-0.7430,-1.5731,-0.8280
Floorplate and p3 domain,Sclerotome,neither,-0.6588,-0.6863,-0.3172,-0.5037
Floorplate and p3 domain,Spinal cord dorsal progenitors,neither,-0.1000,-0.5822,-0.0627,-0.4752
Floorplate and p3 domain,Spinal cord motor neurons,K15_only,2.0314,0.1597,2.0492,0.1459
Floorplate and p3 domain,Spinal cord ventral progenitors,neither,1.9915,0.7260,1.0827,0.6075
Floorplate and p3 domain,Spinal cord/r7/r8,neither,0.3123,-0.6175,-0.0164,-0.5600
Floorplate and p3 domain,Sympathetic neurons,neither,-1.1775,-1.4885,0.3695,-1.2374
Floorplate and p3 domain,Telencephalon,neither,-1.4731,-0.7254,-1.0245,-0.4851
Floorplate and p3 domain,Thalamic neuronal precursors,neither,-1.8206,-2.3489,-1.0440,-1.3640
Floorplate and p3 domain,Ureteric bud,neither,0.0912,-1.3043,-0.0243,-1.3214
GABAergic cortical interneurons,GABAergic neurons,neither,-1.4505,-0.6585,-1.3179,-0.5822
GABAergic cortical interneurons,Glutamatergic neurons,neither,-1.2918,-0.5558,-1.2270,-0.4666
GABAergic cortical interneurons,Granular keratinocytes,neither,-1.4292,-1.0195,-1.4915,-0.8563
GABAergic cortical interneurons,Hematopoietic stem cells (Cd34+),neither,-3.4052,-2.6140,-3.2560,-2.3957
GABAergic cortical interneurons,Hematopoietic stem cells (Mpo+),neither,-3.2371,-2.1803,-2.5638,-1.8215
GABAergic cortical interneurons,Hepatocytes,neither,-3.5088,-2.6132,-3.6340,-2.6620
GABAergic cortical interneurons,Hindbrain,neither,-1.3268,-0.9202,-1.1273,-0.8126
GABAergic cortical interneurons,Hypothalamus,neither,-0.2065,-1.2312,-0.1514,-0.9831
GABAergic cortical interneurons,Hypothalamus (Sim1+),neither,-0.2445,-0.2129,-0.4818,-0.3814
GABAergic cortical interneurons,Intermediate neuronal progenitors,neither,-1.1551,-1.2116,-0.8651,-1.0461
GABAergic cortical interneurons,Kupffer cells,neither,-2.9509,-2.1814,-2.1890,-1.5597
GABAergic cortical interneurons,Lateral plate and intermediate mesoderm,neither,-2.0656,-0.8593,-1.7818,-0.7052
GABAergic cortical interneurons,Limb mesenchyme progenitors,neither,-2.1891,-1.1389,-1.9114,-0.9219
GABAergic cortical interneurons,Liver sinusoidal endothelial cells,neither,-1.9571,-1.2527,-1.5246,-0.8898
GABAergic cortical interneurons,Lung progenitor cells,neither,-2.6770,-2.2100,-2.6569,-2.4566
GABAergic cortical interneurons,Lymphatic vessel endothelial cells,neither,-1.7702,-0.8963,-1.6420,-0.7724
GABAergic cortical interneurons,Mast cells,neither,-2.9328,-1.8525,-2.3552,-1.1956
GABAergic cortical interneurons,Megakaryocytes,neither,-2.8007,-2.1418,-2.6103,-1.8021
GABAergic cortical interneurons,Melanocyte cells,neither,-2.1907,-0.9913,-1.8327,-0.6831
GABAergic cortical interneurons,Metanephric mesenchyme,neither,-2.6069,-2.0791,-2.5622,-1.9760
GABAergic cortical interneurons,Microglia,neither,-2.4628,-1.4471,-1.9140,-1.2262
GABAergic cortical interneurons,Midbrain,neither,-2.0773,-1.3079,-2.1079,-1.2782
GABAergic cortical interneurons,Midbrain-hindbrain boundary,neither,-1.4520,-0.9375,-1.2102,-0.7024
GABAergic cortical interneurons,Midgut/Hindgut epithelial cells,neither,-2.3983,-1.7858,-2.1101,-1.3662
GABAergic cortical interneurons,Monocytes,neither,-2.7529,-1.8958,-1.8733,-1.0343
GABAergic cortical interneurons,Muscle progenitor cells,neither,-2.0380,-0.6219,-1.4427,-0.3937
GABAergic cortical interneurons,Myelinating Schwann cells,neither,-1.7968,-1.2263,-1.8303,-1.1056
GABAergic cortical interneurons,Myelinating Schwann cells (Tgfb2+),neither,-2.2063,-1.7027,-1.9098,-1.6009
GABAergic cortical interneurons,Myoblasts,neither,-2.1549,-1.0181,-1.9144,-0.8671
GABAergic cortical interneurons,Myofibroblasts,neither,-1.7618,-1.0241,-1.5027,-0.8877
GABAergic cortical interneurons,Naive retinal progenitor cells,neither,-0.6058,-1.8487,-0.8303,-1.7874
GABAergic cortical interneurons,Nephron progenitors,neither,-2.2139,-1.6066,-2.0712,-1.6018
GABAergic cortical interneurons,Neural crest (PNS glia),neither,-1.5526,-0.9954,-1.4997,-0.8561
GABAergic cortical interneurons,Neural crest (PNS neurons),neither,-2.0293,-1.4203,-1.9570,-1.2695
GABAergic cortical interneurons,Neural progenitor cells (Neurod1+),neither,-0.7151,-1.0092,-1.0462,-1.1874
GABAergic cortical interneurons,Neurons (Slc17a8+),neither,-0.5067,-0.5524,-0.3303,-0.3370
GABAergic cortical interneurons,Olfactory bulb cells,neither,-2.0301,-1.6137,-2.3088,-1.7187
GABAergic cortical interneurons,Olfactory epithelial cells,neither,-2.2671,-1.8981,-2.1531,-1.8551
GABAergic cortical interneurons,Olfactory sensory neurons,neither,-2.3116,-2.2125,-2.6450,-2.1959
GABAergic cortical interneurons,Otic epithelial cells,neither,-2.2193,-1.5091,-1.9069,-1.2717
GABAergic cortical interneurons,Otic sensory neurons,neither,-1.9556,-1.2862,-1.4999,-1.0025
GABAergic cortical interneurons,Pancreatic acinar cells,neither,-1.9120,-1.3755,-1.8118,-1.0451
GABAergic cortical interneurons,Parasympathetic neurons,neither,-1.9144,-1.4195,-1.6300,-1.3876
GABAergic cortical interneurons,Posterior roof plate,neither,-1.1077,-0.5267,-1.6379,-0.4537
GABAergic cortical interneurons,Pre-epidermal keratinocytes,neither,-1.8216,-1.0610,-1.6757,-0.9838
GABAergic cortical interneurons,Pre-osteoblasts (Sp7+),neither,-1.4358,-0.8813,-1.3337,-0.6622
GABAergic cortical interneurons,Primitive erythroid cells,neither,-0.7587,-0.3872,-0.6230,-0.2975
GABAergic cortical interneurons,Retinal ganglion cells,neither,-0.2294,-1.2935,-0.4724,-1.4933
GABAergic cortical interneurons,Retinal pigment cells,neither,0.0876,-0.4856,-0.0798,-0.5680
GABAergic cortical interneurons,Retinal progenitor cells,neither,0.0591,-0.8450,-0.1956,-0.8861
GABAergic cortical interneurons,Sclerotome,neither,-1.7370,-0.7358,-1.4634,-0.5866
GABAergic cortical interneurons,Spinal cord dorsal progenitors,neither,-1.2687,-0.6918,-1.2380,-0.6232
GABAergic cortical interneurons,Spinal cord motor neurons,neither,-1.2164,-0.7113,-1.1481,-0.7104
GABAergic cortical interneurons,Spinal cord ventral progenitors,neither,-0.8749,-0.3701,-0.6795,-0.3019
GABAergic cortical interneurons,Spinal cord/r7/r8,neither,-1.3715,-0.8150,-1.2557,-0.7202
GABAergic cortical interneurons,Sympathetic neurons,neither,-1.8353,-1.3397,-1.6987,-1.2781
GABAergic cortical interneurons,Telencephalon,neither,-0.8951,-0.6528,-0.8044,-0.5212
GABAergic cortical interneurons,Thalamic neuronal precursors,neither,-1.6174,-1.9509,-1.6312,-1.5519
GABAergic cortical interneurons,Ureteric bud,neither,-2.1850,-1.4367,-2.2133,-1.4925
GABAergic neurons,Glutamatergic neurons,neither,-0.3552,-0.3839,-0.2932,-0.3330
GABAergic neurons,Granular keratinocytes,neither,-1.1126,-0.9282,-0.9762,-0.8445
GABAergic neurons,Hematopoietic stem cells (Cd34+),neither,-3.0164,-2.5016,-2.6615,-2.3189
GABAergic neurons,Hematopoietic stem cells (Mpo+),neither,-3.0720,-2.2376,-2.6775,-1.7721
GABAergic neurons,Hepatocytes,neither,-3.1646,-2.5294,-3.1615,-2.5219
GABAergic neurons,Hindbrain,neither,-0.2846,-0.7543,-0.1907,-0.7049
GABAergic neurons,Hypothalamus,neither,-1.2480,-1.3193,-1.1050,-1.1033
GABAergic neurons,Hypothalamus (Sim1+),neither,0.1485,-0.2031,0.0278,-0.2282
GABAergic neurons,Intermediate neuronal progenitors,neither,-1.5699,-1.2661,-1.4347,-1.1753
GABAergic neurons,Kupffer cells,neither,-2.5465,-2.1028,-2.2111,-1.5853
GABAergic neurons,Lateral plate and intermediate mesoderm,neither,-1.4290,-0.7074,-1.3062,-0.6118
GABAergic neurons,Limb mesenchyme progenitors,neither,-1.5392,-0.9906,-1.5061,-0.8519
GABAergic neurons,Liver sinusoidal endothelial cells,neither,-1.5409,-1.2460,-0.9673,-0.7924
GABAergic neurons,Lung progenitor cells,neither,-2.3003,-2.0986,-2.5477,-2.4509
GABAergic neurons,Lymphatic vessel endothelial cells,neither,-0.9837,-0.7062,-0.6661,-0.6550
GABAergic neurons,Mast cells,neither,-2.7682,-1.6611,-1.8362,-1.2574
GABAergic neurons,Megakaryocytes,neither,-2.4856,-2.0918,-2.0792,-1.7907
GABAergic neurons,Melanocyte cells,neither,-0.8892,-0.8386,-0.4313,-0.5387
GABAergic neurons,Metanephric mesenchyme,neither,-1.5744,-1.8943,-1.3758,-1.8091
GABAergic neurons,Microglia,neither,-2.3440,-1.4859,-2.0431,-1.1261
GABAergic neurons,Midbrain,neither,-0.7182,-1.1631,-0.5905,-1.1434
GABAergic neurons,Midbrain-hindbrain boundary,neither,0.1312,-0.5931,0.3863,-0.6271
GABAergic neurons,Midgut/Hindgut epithelial cells,neither,-1.7477,-1.6445,-1.0642,-1.2250
GABAergic neurons,Monocytes,neither,-3.7601,-1.4989,-2.4147,-1.0589
GABAergic neurons,Muscle progenitor cells,neither,-1.1226,-0.3065,-0.8020,-0.2719
GABAergic neurons,Myelinating Schwann cells,neither,-0.5704,-1.0312,-0.5253,-0.9853
GABAergic neurons,Myelinating Schwann cells (Tgfb2+),neither,-1.4677,-1.5391,-1.3589,-1.5511
GABAergic neurons,Myoblasts,neither,-1.4597,-0.8648,-1.3489,-0.7562
GABAergic neurons,Myofibroblasts,neither,-0.9805,-0.8377,-0.9968,-0.8045
GABAergic neurons,Naive retinal progenitor cells,neither,-2.2355,-2.0708,-1.6737,-1.8800
GABAergic neurons,Nephron progenitors,neither,-1.0494,-1.3910,-1.0100,-1.4205
GABAergic neurons,Neural crest (PNS glia),neither,-0.3374,-0.8217,-0.2386,-0.7503
GABAergic neurons,Neural crest (PNS neurons),neither,-0.5283,-1.1858,-0.3772,-1.0675
GABAergic neurons,Neural progenitor cells (Neurod1+),neither,-0.7683,-1.0707,-0.8285,-1.2048
GABAergic neurons,Neurons (Slc17a8+),neither,0.3466,-0.4576,0.4990,-0.3367
GABAergic neurons,Olfactory bulb cells,neither,-1.5435,-1.4719,-1.9388,-1.6464
GABAergic neurons,Olfactory epithelial cells,neither,-1.9191,-1.8501,-1.8991,-1.7996
GABAergic neurons,Olfactory sensory neurons,neither,-2.0370,-2.1251,-2.0203,-2.1489
GABAergic neurons,Otic epithelial cells,neither,-1.6964,-1.4524,-1.2957,-1.1868
GABAergic neurons,Otic sensory neurons,neither,-1.6060,-1.1991,-1.2090,-0.9780
GABAergic neurons,Pancreatic acinar cells,neither,-1.2351,-1.1433,-1.2112,-1.0217
GABAergic neurons,Parasympathetic neurons,neither,-1.0212,-1.2618,-1.2170,-1.2946
GABAergic neurons,Posterior roof plate,neither,0.3269,-0.3011,0.2907,-0.2495
GABAergic neurons,Pre-epidermal keratinocytes,neither,-1.3814,-0.9672,-1.2330,-0.8997
GABAergic neurons,Pre-osteoblasts (Sp7+),neither,-1.1688,-0.7735,-1.0597,-0.6525
GABAergic neurons,Primitive erythroid cells,neither,-0.7796,-0.3358,-0.6145,-0.2908
GABAergic neurons,Retinal ganglion cells,neither,-1.7358,-1.6162,-1.3258,-1.6685
GABAergic neurons,Retinal pigment cells,neither,-0.8460,-0.6714,-0.8912,-0.7297
GABAergic neurons,Retinal progenitor cells,neither,-1.5780,-1.0914,-1.0722,-1.0743
GABAergic neurons,Sclerotome,neither,-1.1243,-0.5950,-0.9804,-0.4977
GABAergic neurons,Spinal cord dorsal progenitors,K15_only,0.4041,-0.4563,0.4777,-0.4644
GABAergic neurons,Spinal cord motor neurons,K15_only,0.3784,-0.4998,0.5141,-0.5054
GABAergic neurons,Spinal cord ventral progenitors,K15_only,0.5646,-0.1635,0.7324,-0.1760
GABAergic neurons,Spinal cord/r7/r8,K15_only,0.3226,-0.5991,0.3988,-0.5686
GABAergic neurons,Sympathetic neurons,neither,-0.5755,-1.1519,-0.3753,-1.1403
GABAergic neurons,Telencephalon,neither,-1.7429,-0.6738,-1.5651,-0.5481
GABAergic neurons,Thalamic neuronal precursors,neither,-1.8945,-1.9925,-1.5351,-1.5267
GABAergic neurons,Ureteric bud,neither,-1.2834,-1.2843,-1.5429,-1.4574
Glutamatergic neurons,Granular keratinocytes,neither,-1.1808,-0.8118,-1.0521,-0.6876
Glutamatergic neurons,Hematopoietic stem cells (Cd34+),neither,-3.0082,-2.3220,-2.7036,-2.1539
Glutamatergic neurons,Hematopoietic stem cells (Mpo+),neither,-3.1015,-1.8971,-2.4988,-1.4790
Glutamatergic neurons,Hepatocytes,neither,-3.1820,-2.4498,-3.2525,-2.4444
Glutamatergic neurons,Hindbrain,neither,-0.2618,-0.6745,-0.2521,-0.6159
Glutamatergic neurons,Hypothalamus,neither,-0.5946,-1.1600,-0.5624,-0.9691
Glutamatergic neurons,Hypothalamus (Sim1+),neither,0.2404,-0.1421,0.1612,-0.1760
Glutamatergic neurons,Intermediate neuronal progenitors,neither,-1.4564,-1.1160,-1.3039,-1.0011
Glutamatergic neurons,Kupffer cells,neither,-2.5368,-1.9802,-2.1852,-1.3842
Glutamatergic neurons,Lateral plate and intermediate mesoderm,neither,-1.4973,-0.6011,-1.3821,-0.5095
Glutamatergic neurons,Limb mesenchyme progenitors,neither,-1.6783,-0.8965,-1.5318,-0.7289
Glutamatergic neurons,Liver sinusoidal endothelial cells,neither,-1.5908,-1.1134,-1.2543,-0.7255
Glutamatergic neurons,Lung progenitor cells,neither,-2.4203,-1.9998,-2.5685,-2.2570
Glutamatergic neurons,Lymphatic vessel endothelial cells,neither,-1.2272,-0.6181,-1.0245,-0.5837
Glutamatergic neurons,Mast cells,neither,-2.9333,-1.5102,-1.9999,-1.0392
Glutamatergic neurons,Megakaryocytes,neither,-2.5433,-1.9032,-2.3179,-1.6112
Glutamatergic neurons,Melanocyte cells,neither,-0.8552,-0.7774,-0.8922,-0.4774
Glutamatergic neurons,Metanephric mesenchyme,neither,-1.7901,-1.8239,-1.7077,-1.7272
Glutamatergic neurons,Microglia,neither,-2.2670,-1.2285,-1.7552,-0.8960
Glutamatergic neurons,Midbrain,neither,-0.7478,-1.0886,-0.6778,-1.0619
Glutamatergic neurons,Midbrain-hindbrain boundary,neither,-0.0219,-0.5582,0.1602,-0.5989
Glutamatergic neurons,Midgut/Hindgut epithelial cells,neither,-1.8319,-1.5430,-1.4023,-1.1400
Glutamatergic neurons,Monocytes,neither,-2.6663,-1.1349,-2.4179,-0.7508
Glutamatergic neurons,Muscle progenitor cells,neither,-0.7771,-0.1798,-0.7064,-0.2478
Glutamatergic neurons,Myelinating Schwann cells,neither,-0.7844,-0.9527,-0.7045,-0.8891
Glutamatergic neurons,Myelinating Schwann cells (Tgfb2+),neither,-1.6471,-1.4917,-1.3972,-1.4246
Glutamatergic neurons,Myoblasts,neither,-1.5384,-0.7672,-1.4412,-0.6822
Glutamatergic neurons,Myofibroblasts,neither,-1.1261,-0.7377,-1.0239,-0.6967
Glutamatergic neurons,Naive retinal progenitor cells,neither,-1.3242,-1.7987,-1.3961,-1.7300
Glutamatergic neurons,Nephron progenitors,neither,-1.4691,-1.3659,-1.3846,-1.3629
Glutamatergic neurons,Neural crest (PNS glia),neither,-0.5098,-0.7594,-0.4649,-0.6411
Glutamatergic neurons,Neural crest (PNS neurons),neither,-0.7374,-1.1204,-0.5742,-1.0118
Glutamatergic neurons,Neural progenitor cells (Neurod1+),neither,-0.6231,-0.9233,-0.6975,-1.1271
Glutamatergic neurons,Neurons (Slc17a8+),neither,0.0643,-0.3841,0.0575,-0.2730
Glutamatergic neurons,Olfactory bulb cells,neither,-1.5398,-1.3551,-1.8505,-1.5491
Glutamatergic neurons,Olfactory epithelial cells,neither,-1.9030,-1.6743,-1.9629,-1.6796
Glutamatergic neurons,Olfactory sensory neurons,neither,-2.1050,-2.0050,-2.1185,-2.0110
Glutamatergic neurons,Otic epithelial cells,neither,-1.6335,-1.3377,-1.3369,-1.0583
Glutamatergic neurons,Otic sensory neurons,neither,-1.3409,-1.0706,-1.0622,-0.8245
Glutamatergic neurons,Pancreatic acinar cells,neither,-1.6387,-1.0870,-1.3798,-0.9244
Glutamatergic neurons,Parasympathetic neurons,neither,-1.2494,-1.1769,-1.1893,-1.1981
Glutamatergic neurons,Posterior roof plate,neither,0.0516,-0.2682,0.0737,-0.2400
Glutamatergic neurons,Pre-epidermal keratinocytes,neither,-1.4587,-0.8555,-1.3177,-0.7820
Glutamatergic neurons,Pre-osteoblasts (Sp7+),neither,-1.0659,-0.6434,-1.0147,-0.5086
Glutamatergic neurons,Primitive erythroid cells,neither,-0.6194,-0.1832,-0.5342,-0.1851
Glutamatergic neurons,Retinal ganglion cells,neither,-0.8010,-1.3031,-1.0581,-1.4703
Glutamatergic neurons,Retinal pigment cells,neither,-0.2939,-0.4652,-0.3904,-0.5146
Glutamatergic neurons,Retinal progenitor cells,neither,-0.8933,-0.8649,-0.8692,-0.8500
Glutamatergic neurons,Sclerotome,neither,-1.1649,-0.4784,-1.0669,-0.3855
Glutamatergic neurons,Spinal cord dorsal progenitors,K15_only,0.1173,-0.4317,0.1683,-0.4100
Glutamatergic neurons,Spinal cord motor neurons,neither,0.1031,-0.4785,0.1373,-0.5098
Glutamatergic neurons,Spinal cord ventral progenitors,neither,0.1077,-0.1413,0.2350,-0.1861
Glutamatergic neurons,Spinal cord/r7/r8,neither,-0.0379,-0.5608,0.0008,-0.5194
Glutamatergic neurons,Sympathetic neurons,neither,-0.8367,-1.0913,-0.7122,-1.0551
Glutamatergic neurons,Telencephalon,neither,-1.5700,-0.5669,-1.4256,-0.4406
Glutamatergic neurons,Thalamic neuronal precursors,neither,-1.6071,-1.8484,-1.3435,-1.4053
Glutamatergic neurons,Ureteric bud,neither,-1.4923,-1.2027,-1.9338,-1.3303
Granular keratinocytes,Hematopoietic stem cells (Cd34+),neither,-2.7503,-3.0336,-1.8910,-2.9351
Granular keratinocytes,Hematopoietic stem cells (Mpo+),neither,-2.2991,-3.0216,-2.3200,-2.7574
Granular keratinocytes,Hepatocytes,neither,-2.5042,-2.6317,-2.5550,-2.6360
Granular keratinocytes,Hindbrain,neither,-1.0349,-1.2946,-0.7156,-1.1561
Granular keratinocytes,Hypothalamus,neither,-1.4498,-1.9886,-1.0689,-1.5927
Granular keratinocytes,Hypothalamus (Sim1+),neither,-1.0314,-1.3914,-2.1446,-1.1007
Granular keratinocytes,Intermediate neuronal progenitors,neither,-1.4645,-1.7024,-1.1473,-1.5712
Granular keratinocytes,Kupffer cells,neither,-2.3526,-2.8470,-1.6631,-2.3414
Granular keratinocytes,Lateral plate and intermediate mesoderm,neither,-0.8943,-0.9921,-0.8973,-0.8427
Granular keratinocytes,Limb mesenchyme progenitors,neither,-1.1512,-1.2989,-1.0316,-1.0384
Granular keratinocytes,Liver sinusoidal endothelial cells,neither,-1.4401,-1.6506,-0.7527,-1.1670
Granular keratinocytes,Lung progenitor cells,neither,-1.3074,-2.3538,-1.1217,-2.2836
Granular keratinocytes,Lymphatic vessel endothelial cells,neither,-0.7656,-1.1428,-0.8217,-1.0924
Granular keratinocytes,Mast cells,neither,-2.3354,-2.6892,-1.7416,-2.3612
Granular keratinocytes,Megakaryocytes,neither,-2.2563,-2.7955,-1.6128,-2.3570
Granular keratinocytes,Melanocyte cells,neither,-1.4033,-1.3350,-0.5485,-1.0852
Granular keratinocytes,Metanephric mesenchyme,neither,-1.1188,-2.2983,-1.0919,-2.0826
Granular keratinocytes,Microglia,neither,-2.9868,-2.5475,-1.8860,-1.8056
Granular keratinocytes,Midbrain,neither,-1.8953,-1.6377,-1.9391,-1.5830
Granular keratinocytes,Midbrain-hindbrain boundary,neither,-1.2107,-1.4954,-0.7042,-1.3652
Granular keratinocytes,Midgut/Hindgut epithelial cells,neither,-0.4540,-1.7307,-0.4604,-1.3235
Granular keratinocytes,Monocytes,neither,-2.5976,-2.3393,-2.1846,-2.1198
Granular keratinocytes,Muscle progenitor cells,neither,-1.9113,-1.0466,-1.1138,-0.1953
Granular keratinocytes,Myelinating Schwann cells,neither,-1.2116,-1.4884,-0.8216,-1.2855
Granular keratinocytes,Myelinating Schwann cells (Tgfb2+),neither,-1.0765,-2.0143,-0.4474,-1.8676
Granular keratinocytes,Myoblasts,neither,-1.3883,-1.2000,-1.1290,-1.0433
Granular keratinocytes,Myofibroblasts,neither,-1.1547,-1.2473,-0.5615,-1.1631
Granular keratinocytes,Naive retinal progenitor cells,neither,-1.9269,-2.8888,-2.5570,-2.3856
Granular keratinocytes,Nephron progenitors,neither,-0.7044,-1.6411,-0.6986,-1.8275
Granular keratinocytes,Neural crest (PNS glia),neither,-0.7617,-1.3325,-0.6138,-0.9498
Granular keratinocytes,Neural crest (PNS neurons),neither,-1.0005,-1.6039,-0.7279,-1.5175
Granular keratinocytes,Neural progenitor cells (Neurod1+),neither,-1.7478,-1.8173,-0.8087,-1.7757
Granular keratinocytes,Neurons (Slc17a8+),neither,-0.2280,-1.0107,-0.9938,-0.6867
Granular keratinocytes,Olfactory bulb cells,neither,0.7273,-1.1452,0.1776,-0.9106
Granular keratinocytes,Olfactory epithelial cells,neither,0.2320,-1.6011,0.6463,-1.4604
Granular keratinocytes,Olfactory sensory neurons,neither,-0.0177,-2.0634,0.4490,-1.8683
Granular keratinocytes,Otic epithelial cells,neither,0.0873,-1.3671,0.2653,-1.1294
Granular keratinocytes,Otic sensory neurons,neither,0.0366,-1.2488,-0.4722,-1.1245
Granular keratinocytes,Pancreatic acinar cells,neither,-2.4267,-0.9924,-0.6950,-1.3650
Granular keratinocytes,Parasympathetic neurons,neither,-0.3917,-1.6037,-1.0768,-1.5843
Granular keratinocytes,Posterior roof plate,neither,-0.8969,-1.3303,-1.3866,-1.1819
Granular keratinocytes,Pre-epidermal keratinocytes,K15_only,1.5296,-0.8533,1.6370,-0.6828
Granular keratinocytes,Pre-osteoblasts (Sp7+),neither,-0.6147,-1.0772,-0.3146,-1.0155
Granular keratinocytes,Primitive erythroid cells,neither,0.1557,-0.9031,-1.0611,-0.8290
Granular keratinocytes,Retinal ganglion cells,neither,-1.4076,-2.4069,-1.8081,-2.2956
Granular keratinocytes,Retinal pigment cells,neither,-0.2206,-1.1375,-1.1846,-1.5132
Granular keratinocytes,Retinal progenitor cells,neither,-1.0375,-1.7852,-1.5212,-1.6095
Granular keratinocytes,Sclerotome,neither,-0.6631,-0.9074,-0.4050,-0.7287
Granular keratinocytes,Spinal cord dorsal progenitors,neither,-1.1044,-1.1293,-0.7410,-1.1136
Granular keratinocytes,Spinal cord motor neurons,neither,-0.4452,-1.3004,-0.6290,-1.0374
Granular keratinocytes,Spinal cord ventral progenitors,neither,-0.3871,-0.8174,0.1548,-0.7877
Granular keratinocytes,Spinal cord/r7/r8,neither,-0.9454,-1.1549,-0.4435,-1.1161
Granular keratinocytes,Sympathetic neurons,neither,-1.0024,-1.6083,-0.4565,-1.4138
Granular keratinocytes,Telencephalon,neither,-1.5385,-0.9579,-1.3814,-0.7908
Granular keratinocytes,Thalamic neuronal precursors,neither,-2.4154,-2.5304,-1.3848,-1.8902
Granular keratinocytes,Ureteric bud,neither,-0.5345,-1.3137,0.1271,-1.6496
Hematopoietic stem cells (Cd34+),Hematopoietic stem cells (Mpo+),K15_only,2.5629,-0.8473,2.1727,-0.8726
Hematopoietic stem cells (Cd34+),Hepatocytes,neither,-3.9011,-4.1257,-4.4414,-4.4170
Hematopoietic stem cells (Cd34+),Hindbrain,neither,-3.0413,-2.9977,-2.6119,-2.7801
Hematopoietic stem cells (Cd34+),Hypothalamus,neither,-3.1016,-3.5564,-3.0781,-3.3277
Hematopoietic stem cells (Cd34+),Hypothalamus (Sim1+),neither,-3.3496,-2.5987,-3.3645,-2.6548
Hematopoietic stem cells (Cd34+),Intermediate neuronal progenitors,neither,-4.0449,-3.6905,-3.6036,-3.5529
Hematopoietic stem cells (Cd34+),Kupffer cells,neither,-0.0694,-1.9513,-0.1557,-1.7214
Hematopoietic stem cells (Cd34+),Lateral plate and intermediate mesoderm,neither,-2.2992,-2.4274,-2.1907,-2.3282
Hematopoietic stem cells (Cd34+),Limb mesenchyme progenitors,neither,-2.5253,-2.7408,-2.1964,-2.5402
Hematopoietic stem cells (Cd34+),Liver sinusoidal endothelial cells,neither,-3.1723,-3.3195,-2.0339,-2.7390
Hematopoietic stem cells (Cd34+),Lung progenitor cells,neither,-3.6358,-3.8245,-3.6471,-4.0187
Hematopoietic stem cells (Cd34+),Lymphatic vessel endothelial cells,neither,-1.7756,-2.8128,-2.3756,-2.7954
Hematopoietic stem cells (Cd34+),Mast cells,neither,1.0886,-0.8430,0.5583,-1.1273
Hematopoietic stem cells (Cd34+),Megakaryocytes,K15_only,1.6989,-1.4267,1.6578,-1.3392
Hematopoietic stem cells (Cd34+),Melanocyte cells,neither,-3.1829,-3.1958,-1.2410,-2.5677
Hematopoietic stem cells (Cd34+),Metanephric mesenchyme,neither,-2.7915,-3.8036,-3.6324,-3.8980
Hematopoietic stem cells (Cd34+),Microglia,K15_only,1.4028,-0.7793,0.9527,-0.9936
Hematopoietic stem cells (Cd34+),Midbrain,neither,-3.9709,-3.3931,-3.8587,-3.4476
Hematopoietic stem cells (Cd34+),Midbrain-hindbrain boundary,neither,-3.3175,-3.6714,-1.9468,-2.9226
Hematopoietic stem cells (Cd34+),Midgut/Hindgut epithelial cells,neither,-3.3790,-3.4160,-2.7135,-3.3424
Hematopoietic stem cells (Cd34+),Monocytes,K15_only,2.8605,-0.0684,2.5663,-0.0911
Hematopoietic stem cells (Cd34+),Muscle progenitor cells,neither,-2.0801,-3.0941,-3.3285,-3.4447
Hematopoietic stem cells (Cd34+),Myelinating Schwann cells,neither,-3.3159,-3.2035,-2.7938,-3.1286
Hematopoietic stem cells (Cd34+),Myelinating Schwann cells (Tgfb2+),neither,-2.8985,-3.7618,-2.3679,-3.2688
Hematopoietic stem cells (Cd34+),Myoblasts,neither,-2.9921,-2.7988,-2.9649,-2.6287
Hematopoietic stem cells (Cd34+),Myofibroblasts,neither,-2.8823,-2.9925,-2.4843,-2.8580
Hematopoietic stem cells (Cd34+),Naive retinal progenitor cells,neither,-3.7587,-4.5393,-3.9853,-4.3176
Hematopoietic stem cells (Cd34+),Nephron progenitors,neither,-2.6713,-3.8182,-2.0241,-3.4239
Hematopoietic stem cells (Cd34+),Neural crest (PNS glia),neither,-2.8352,-2.9729,-2.5508,-2.9370
Hematopoietic stem cells (Cd34+),Neural crest (PNS neurons),neither,-3.8563,-3.5878,-3.1558,-3.5001
Hematopoietic stem cells (Cd34+),Neural progenitor cells (Neurod1+),neither,-3.5698,-3.8488,-3.7920,-4.3484
Hematopoietic stem cells (Cd34+),Neurons (Slc17a8+),neither,-1.3699,-2.7857,-2.2750,-3.0487
Hematopoietic stem cells (Cd34+),Olfactory bulb cells,neither,-2.6130,-3.7757,-3.0424,-4.1607
Hematopoietic stem cells (Cd34+),Olfactory epithelial cells,neither,-2.8429,-4.0642,-3.4662,-3.8947
Hematopoietic stem cells (Cd34+),Olfactory sensory neurons,neither,-3.1893,-4.2784,-3.6289,-4.1904
Hematopoietic stem cells (Cd34+),Otic epithelial cells,neither,-2.9244,-3.4623,-2.3251,-3.0071
Hematopoietic stem cells (Cd34+),Otic sensory neurons,neither,-3.4501,-3.1862,-1.3937,-2.7226
Hematopoietic stem cells (Cd34+),Pancreatic acinar cells,neither,-2.1441,-2.7784,-2.5212,-3.2539
Hematopoietic stem cells (Cd34+),Parasympathetic neurons,neither,-2.7065,-3.2599,-3.2635,-3.5989
Hematopoietic stem cells (Cd34+),Posterior roof plate,neither,-1.9897,-2.4860,-2.0582,-3.1555
Hematopoietic stem cells (Cd34+),Pre-epidermal keratinocytes,neither,-2.7640,-2.9576,-2.6910,-2.8530
Hematopoietic stem cells (Cd34+),Pre-osteoblasts (Sp7+),neither,-2.8743,-3.1836,-3.4788,-2.7122
Hematopoietic stem cells (Cd34+),Primitive erythroid cells,neither,-0.0737,-1.5658,-1.2666,-1.4348
Hematopoietic stem cells (Cd34+),Retinal ganglion cells,neither,-3.9614,-4.4755,-3.8957,-3.6589
Hematopoietic stem cells (Cd34+),Retinal pigment cells,neither,-2.9180,-4.3838,-3.4110,-2.8062
Hematopoietic stem cells (Cd34+),Retinal progenitor cells,neither,-3.1370,-3.4825,-2.8536,-3.7476
Hematopoietic stem cells (Cd34+),Sclerotome,neither,-2.3778,-2.4323,-2.3145,-2.3098
Hematopoietic stem cells (Cd34+),Spinal cord dorsal progenitors,neither,-3.2754,-2.8625,-2.7740,-2.9412
Hematopoietic stem cells (Cd34+),Spinal cord motor neurons,neither,-2.2211,-2.9428,-2.0214,-2.8021
Hematopoietic stem cells (Cd34+),Spinal cord ventral progenitors,neither,-3.4153,-2.8064,-2.3298,-2.6952
Hematopoietic stem cells (Cd34+),Spinal cord/r7/r8,neither,-2.8283,-2.8895,-2.2868,-2.6913
Hematopoietic stem cells (Cd34+),Sympathetic neurons,neither,-2.8762,-3.2865,-2.7555,-3.2428
Hematopoietic stem cells (Cd34+),Telencephalon,neither,-3.6452,-2.6429,-3.2694,-2.3230
Hematopoietic stem cells (Cd34+),Thalamic neuronal precursors,neither,-4.7258,-4.5266,-3.7863,-3.5922
Hematopoietic stem cells (Cd34+),Ureteric bud,neither,-3.2095,-3.4446,-2.2424,-3.0009
Hematopoietic stem cells (Mpo+),Hepatocytes,neither,-4.0839,-3.7681,-4.6159,-4.3474
Hematopoietic stem cells (Mpo+),Hindbrain,neither,-2.5912,-3.0205,-1.7499,-2.4155
Hematopoietic stem cells (Mpo+),Hypothalamus,neither,-2.0496,-3.7356,-1.9400,-3.2224
Hematopoietic stem cells (Mpo+),Hypothalamus (Sim1+),neither,-1.2839,-3.3447,-1.1769,-3.1565
Hematopoietic stem cells (Mpo+),Intermediate neuronal progenitors,neither,-3.2100,-3.7670,-3.6287,-3.8040
Hematopoietic stem cells (Mpo+),Kupffer cells,neither,1.2558,-0.6470,0.6929,-0.4955
Hematopoietic stem cells (Mpo+),Lateral plate and intermediate mesoderm,neither,-2.1665,-2.0437,-2.2168,-1.7555
Hematopoietic stem cells (Mpo+),Limb mesenchyme progenitors,neither,-2.5614,-2.4615,-2.6167,-2.1660
Hematopoietic stem cells (Mpo+),Liver sinusoidal endothelial cells,neither,-2.5970,-3.0845,-1.0148,-2.1365
Hematopoietic stem cells (Mpo+),Lung progenitor cells,neither,-2.6421,-3.8890,-1.8818,-3.9616
Hematopoietic stem cells (Mpo+),Lymphatic vessel endothelial cells,neither,-1.0575,-2.6198,-1.6990,-2.2459
Hematopoietic stem cells (Mpo+),Mast cells,K15_only,2.7789,0.6687,2.1097,0.3722
Hematopoietic stem cells (Mpo+),Megakaryocytes,K15_only,1.7242,-0.3330,1.5115,-0.1901
Hematopoietic stem cells (Mpo+),Melanocyte cells,neither,-1.8792,-4.3016,0.1061,-2.1262
Hematopoietic stem cells (Mpo+),Metanephric mesenchyme,neither,-2.5423,-3.9858,-3.2128,-5.7106
Hematopoietic stem cells (Mpo+),Microglia,K15_only,2.8044,0.5183,2.2856,0.4018
Hematopoietic stem cells (Mpo+),Midbrain,neither,-4.1419,-3.2955,-3.8128,-3.2537
Hematopoietic stem cells (Mpo+),Midbrain-hindbrain boundary,neither,-1.9840,-2.8035,-1.2825,-3.4134
Hematopoietic stem cells (Mpo+),Midgut/Hindgut epithelial cells,neither,-2.6100,-3.3842,-3.2865,-3.2955
Hematopoietic stem cells (Mpo+),Monocytes,both_K,4.2530,1.6984,4.3178,1.7436
Hematopoietic stem cells (Mpo+),Muscle progenitor cells,neither,-1.4977,-3.7120,-1.1548,-2.5832
Hematopoietic stem cells (Mpo+),Myelinating Schwann cells,neither,-4.6605,-3.7206,-2.4101,-2.8742
Hematopoietic stem cells (Mpo+),Myelinating Schwann cells (Tgfb2+),neither,-1.7591,-3.7584,-2.8407,-2.8428
Hematopoietic stem cells (Mpo+),Myoblasts,neither,-3.4225,-2.5098,-2.5543,-2.1183
Hematopoietic stem cells (Mpo+),Myofibroblasts,neither,-2.2639,-2.9663,-1.3834,-2.4635
Hematopoietic stem cells (Mpo+),Naive retinal progenitor cells,neither,-4.3116,-4.2997,-3.0289,-4.9666
Hematopoietic stem cells (Mpo+),Nephron progenitors,neither,-2.2693,-4.1508,-1.8567,-2.8909
Hematopoietic stem cells (Mpo+),Neural crest (PNS glia),neither,-2.2575,-3.2958,-3.1333,-2.9683
Hematopoietic stem cells (Mpo+),Neural crest (PNS neurons),neither,-3.8677,-4.6027,-2.5743,-3.1873
Hematopoietic stem cells (Mpo+),Neural progenitor cells (Neurod1+),neither,-3.3378,-4.1256,-3.0665,-4.6004
Hematopoietic stem cells (Mpo+),Neurons (Slc17a8+),neither,-1.8748,-2.2642,-1.5023,-3.0617
Hematopoietic stem cells (Mpo+),Olfactory bulb cells,neither,-2.4901,-3.4451,-1.0757,-3.4963
Hematopoietic stem cells (Mpo+),Olfactory epithelial cells,neither,-2.6713,-3.7652,-2.1167,-4.2283
Hematopoietic stem cells (Mpo+),Olfactory sensory neurons,neither,-3.8019,-4.6990,-3.1406,-4.0076
Hematopoietic stem cells (Mpo+),Otic epithelial cells,neither,-1.8966,-3.4333,-2.4668,-2.6071
Hematopoietic stem cells (Mpo+),Otic sensory neurons,neither,-2.4697,-2.9524,-0.5414,-2.4070
Hematopoietic stem cells (Mpo+),Pancreatic acinar cells,neither,-1.1530,-2.5689,-1.2757,-4.3329
Hematopoietic stem cells (Mpo+),Parasympathetic neurons,neither,-1.7984,-4.7649,-1.6023,-3.4659
Hematopoietic stem cells (Mpo+),Posterior roof plate,neither,-1.7327,-3.5664,-1.3553,-3.5169
Hematopoietic stem cells (Mpo+),Pre-epidermal keratinocytes,neither,-2.7539,-2.7729,-2.5085,-2.3921
Hematopoietic stem cells (Mpo+),Pre-osteoblasts (Sp7+),neither,-2.1465,-2.8298,-3.0742,-2.5498
Hematopoietic stem cells (Mpo+),Primitive erythroid cells,neither,0.4250,-0.9361,-1.1172,-0.7867
Hematopoietic stem cells (Mpo+),Retinal ganglion cells,neither,-3.0247,-4.0598,-2.4534,-4.1663
Hematopoietic stem cells (Mpo+),Retinal pigment cells,neither,-1.0169,-4.0282,-0.2058,-3.3015
Hematopoietic stem cells (Mpo+),Retinal progenitor cells,neither,-1.8440,-2.6183,-1.9277,-3.7426
Hematopoietic stem cells (Mpo+),Sclerotome,neither,-2.5267,-2.1346,-2.1104,-1.7909
Hematopoietic stem cells (Mpo+),Spinal cord dorsal progenitors,neither,-2.7041,-3.1581,-1.0243,-2.6849
Hematopoietic stem cells (Mpo+),Spinal cord motor neurons,neither,-2.5558,-3.8818,-2.9011,-3.0113
Hematopoietic stem cells (Mpo+),Spinal cord ventral progenitors,neither,-2.5458,-3.4754,-2.0951,-3.4786
Hematopoietic stem cells (Mpo+),Spinal cord/r7/r8,neither,-3.1658,-3.1890,-2.7804,-2.3879
Hematopoietic stem cells (Mpo+),Sympathetic neurons,neither,-2.7602,-4.1738,-2.6744,-3.3332
Hematopoietic stem cells (Mpo+),Telencephalon,neither,-3.6684,-2.3258,-2.9250,-1.7417
Hematopoietic stem cells (Mpo+),Thalamic neuronal precursors,neither,-4.5189,-4.8538,-4.2421,-3.1967
Hematopoietic stem cells (Mpo+),Ureteric bud,neither,-2.3717,-3.2610,-1.4210,-2.8255
Hepatocytes,Hindbrain,neither,-3.1715,-2.9376,-3.0782,-2.7414
Hepatocytes,Hypothalamus,neither,-3.3904,-3.2687,-2.8983,-3.0509
Hepatocytes,Hypothalamus (Sim1+),neither,-1.7924,-2.6019,-1.8880,-2.4119
Hepatocytes,Intermediate neuronal progenitors,neither,-3.2799,-3.2973,-3.9429,-3.3031
Hepatocytes,Kupffer cells,neither,-5.0710,-4.2180,-3.9770,-3.8425
Hepatocytes,Lateral plate and intermediate mesoderm,neither,-3.1409,-2.6184,-3.1470,-2.5391
Hepatocytes,Limb mesenchyme progenitors,neither,-3.2955,-2.8601,-3.1917,-2.7440
Hepatocytes,Liver sinusoidal endothelial cells,neither,-3.0653,-3.0871,-2.9338,-2.7955
Hepatocytes,Lung progenitor cells,neither,-1.6545,-3.3642,-1.3283,-3.1711
Hepatocytes,Lymphatic vessel endothelial cells,neither,-3.4731,-2.8786,-2.8124,-2.6805
Hepatocytes,Mast cells,neither,-2.8648,-3.4940,-3.1999,-3.6444
Hepatocytes,Megakaryocytes,neither,-3.3217,-3.7718,-4.3899,-3.9397
Hepatocytes,Melanocyte cells,neither,-3.0588,-3.1725,-3.1052,-2.9894
Hepatocytes,Metanephric mesenchyme,neither,-2.8907,-3.3745,-3.2711,-3.9536
Hepatocytes,Microglia,neither,-3.6708,-3.5100,-4.1324,-3.2684
Hepatocytes,Midbrain,neither,-4.0575,-3.2466,-4.2201,-3.3107
Hepatocytes,Midbrain-hindbrain boundary,neither,-3.7804,-2.9981,-3.3848,-2.7629
Hepatocytes,Midgut/Hindgut epithelial cells,neither,-1.8570,-3.0709,-2.1829,-2.7229
Hepatocytes,Monocytes,neither,-2.7715,-2.6339,-3.2587,-3.7556
Hepatocytes,Muscle progenitor cells,neither,-2.1160,-2.5674,-1.1723,-1.8392
Hepatocytes,Myelinating Schwann cells,neither,-3.2133,-3.0497,-3.6604,-3.1719
Hepatocytes,Myelinating Schwann cells (Tgfb2+),neither,-4.3753,-3.6529,-3.2660,-3.5771
Hepatocytes,Myoblasts,neither,-3.2293,-2.7314,-3.3213,-2.6855
Hepatocytes,Myofibroblasts,neither,-2.8893,-2.7456,-2.6452,-2.7929
Hepatocytes,Naive retinal progenitor cells,neither,-3.7084,-4.0674,-3.1440,-3.7823
Hepatocytes,Nephron progenitors,neither,-3.1387,-2.8493,-4.2251,-3.2834
Hepatocytes,Neural crest (PNS glia),neither,-2.8311,-2.8010,-3.3267,-2.7553
Hepatocytes,Neural crest (PNS neurons),neither,-3.0628,-3.2411,-3.4544,-3.2192
Hepatocytes,Neural progenitor cells (Neurod1+),neither,-3.7835,-3.2667,-4.3706,-3.7676
Hepatocytes,Neurons (Slc17a8+),neither,-2.6380,-2.5493,-3.7253,-2.7003
Hepatocytes,Olfactory bulb cells,neither,-2.8201,-3.2814,-3.9275,-4.1585
Hepatocytes,Olfactory epithelial cells,neither,-3.3239,-3.6879,-3.7453,-3.6130
Hepatocytes,Olfactory sensory neurons,neither,-3.4590,-3.8587,-3.6101,-4.1450
Hepatocytes,Otic epithelial cells,neither,-3.4044,-3.1605,-3.2288,-3.0483
Hepatocytes,Otic sensory neurons,neither,-3.1905,-2.8824,-3.0025,-2.9158
Hepatocytes,Pancreatic acinar cells,neither,-0.2586,-2.1396,-1.0518,-1.9591
Hepatocytes,Parasympathetic neurons,neither,-2.5946,-3.2378,-3.1585,-3.1734
Hepatocytes,Posterior roof plate,neither,-1.8624,-2.5334,-2.1788,-2.7881
Hepatocytes,Pre-epidermal keratinocytes,neither,-2.8285,-2.8196,-3.3613,-2.8733
Hepatocytes,Pre-osteoblasts (Sp7+),neither,-2.8353,-2.5081,-3.1163,-2.5146
Hepatocytes,Primitive erythroid cells,neither,-2.2275,-2.3238,-1.7853,-2.7242
Hepatocytes,Retinal ganglion cells,neither,-2.8513,-3.4658,-3.0337,-3.7963
Hepatocytes,Retinal pigment cells,neither,-1.7614,-2.8558,-2.6737,-2.8268
Hepatocytes,Retinal progenitor cells,neither,-3.5971,-3.6935,-2.5124,-2.9859
Hepatocytes,Sclerotome,neither,-3.0508,-2.5542,-2.9857,-2.5259
Hepatocytes,Spinal cord dorsal progenitors,neither,-2.4770,-2.7020,-2.7889,-2.6769
Hepatocytes,Spinal cord motor neurons,neither,-2.5183,-2.4688,-2.5983,-2.4984
Hepatocytes,Spinal cord ventral progenitors,neither,-2.6637,-2.4335,-2.7299,-2.5554
Hepatocytes,Spinal cord/r7/r8,neither,-2.7261,-2.7434,-2.9185,-2.8368
Hepatocytes,Sympathetic neurons,neither,-2.9204,-3.2432,-3.1910,-3.4290
Hepatocytes,Telencephalon,neither,-3.7418,-2.6017,-3.8683,-2.5862
Hepatocytes,Thalamic neuronal precursors,neither,-4.3463,-4.2205,-4.0196,-3.5036
Hepatocytes,Ureteric bud,neither,-2.2632,-3.0945,-3.1346,-3.3947
Hindbrain,Hypothalamus,neither,-1.2537,-1.6574,-1.2180,-1.4186
Hindbrain,Hypothalamus (Sim1+),neither,0.0219,-0.5149,-0.0936,-0.5051
Hindbrain,Intermediate neuronal progenitors,neither,-1.4870,-1.6461,-1.3127,-1.4806
Hindbrain,Kupffer cells,neither,-2.2563,-2.6776,-2.3606,-2.1618
Hindbrain,Lateral plate and intermediate mesoderm,neither,-1.2815,-1.0168,-1.2190,-0.9041
Hindbrain,Limb mesenchyme progenitors,neither,-1.5921,-1.2842,-1.4036,-1.1330
Hindbrain,Liver sinusoidal endothelial cells,neither,-1.5137,-1.7667,-1.1832,-1.2196
Hindbrain,Lung progenitor cells,neither,-1.9367,-2.5065,-2.8519,-2.8585
Hindbrain,Lymphatic vessel endothelial cells,neither,-1.1439,-1.1365,-1.0548,-1.0391
Hindbrain,Mast cells,neither,-2.5945,-2.5339,-2.1461,-2.0684
Hindbrain,Megakaryocytes,neither,-2.6081,-2.7548,-2.4476,-2.3458
Hindbrain,Melanocyte cells,neither,-0.8293,-1.1027,-0.4348,-0.7594
Hindbrain,Metanephric mesenchyme,neither,-1.8834,-2.3577,-2.0712,-2.3116
Hindbrain,Microglia,neither,-1.4412,-2.0644,-1.4443,-1.6830
Hindbrain,Midbrain,neither,-0.8347,-1.3871,-1.0787,-1.3650
Hindbrain,Midbrain-hindbrain boundary,K15_only,1.1093,-0.5003,1.6699,-0.3906
Hindbrain,Midgut/Hindgut epithelial cells,neither,-2.0721,-1.9427,-1.2399,-1.5281
Hindbrain,Monocytes,neither,-2.1797,-2.6173,-0.6002,-1.5317
Hindbrain,Muscle progenitor cells,neither,-0.9391,-0.6829,-0.5166,-0.6809
Hindbrain,Myelinating Schwann cells,neither,-0.9329,-1.3549,-0.8648,-1.2691
Hindbrain,Myelinating Schwann cells (Tgfb2+),neither,-1.6676,-1.8991,-1.4192,-1.8401
Hindbrain,Myoblasts,neither,-1.4660,-1.1829,-1.3857,-1.0673
Hindbrain,Myofibroblasts,neither,-0.8756,-1.1927,-0.9977,-1.1259
Hindbrain,Naive retinal progenitor cells,neither,-2.2316,-2.4874,-1.6066,-2.2287
Hindbrain,Nephron progenitors,neither,-1.9616,-1.9200,-1.3740,-2.0465
Hindbrain,Neural crest (PNS glia),neither,-0.7338,-1.1259,-0.3416,-1.0217
Hindbrain,Neural crest (PNS neurons),neither,-1.1611,-1.5208,-1.1506,-1.3680
Hindbrain,Neural progenitor cells (Neurod1+),neither,-0.1713,-1.2808,-0.4110,-1.4483
Hindbrain,Neurons (Slc17a8+),K15_only,0.9237,-0.4509,1.2314,-0.2829
Hindbrain,Olfactory bulb cells,neither,-1.9384,-1.9709,-2.2420,-2.4082
Hindbrain,Olfactory epithelial cells,neither,-1.9687,-2.3269,-1.8836,-2.1548
Hindbrain,Olfactory sensory neurons,neither,-2.1832,-2.6050,-2.1567,-2.5624
Hindbrain,Otic epithelial cells,neither,-1.7190,-1.8709,-1.2274,-1.4609
Hindbrain,Otic sensory neurons,neither,-1.2572,-1.5611,-0.6795,-1.1757
Hindbrain,Pancreatic acinar cells,neither,-1.9888,-1.4351,-1.1268,-1.3674
Hindbrain,Parasympathetic neurons,neither,-0.8031,-1.5206,-0.7654,-1.5711
Hindbrain,Posterior roof plate,neither,-0.5334,-0.6376,-0.2501,-0.6218
Hindbrain,Pre-epidermal keratinocytes,neither,-1.3167,-1.3175,-1.2822,-1.2093
Hindbrain,Pre-osteoblasts (Sp7+),neither,-1.1056,-1.1204,-0.7568,-0.9755
Hindbrain,Primitive erythroid cells,neither,0.2390,-0.6678,-0.6464,-0.6185
Hindbrain,Retinal ganglion cells,neither,-1.5545,-2.0339,-1.1370,-2.0633
Hindbrain,Retinal pigment cells,neither,-0.7547,-1.0738,-0.6002,-1.1064
Hindbrain,Retinal progenitor cells,neither,-1.4201,-1.5444,-0.9366,-1.3514
Hindbrain,Sclerotome,neither,-1.1090,-0.9326,-0.8842,-0.7981
Hindbrain,Spinal cord dorsal progenitors,K15_only,0.8831,-0.6425,0.9896,-0.5557
Hindbrain,Spinal cord motor neurons,neither,-0.0593,-0.8249,-0.2863,-0.7704
Hindbrain,Spinal cord ventral progenitors,K15_only,0.7061,-0.3548,0.9815,-0.2577
Hindbrain,Spinal cord/r7/r8,neither,0.1226,-0.8866,0.3070,-0.8548
Hindbrain,Sympathetic neurons,neither,-1.2468,-1.5030,-1.0762,-1.4851
Hindbrain,Telencephalon,neither,-1.6487,-0.9335,-1.4768,-0.7866
Hindbrain,Thalamic neuronal precursors,neither,-2.1294,-2.3738,-1.6499,-1.7789
Hindbrain,Ureteric bud,neither,-2.0861,-1.7841,-1.3445,-1.9412
Hypothalamus,Hypothalamus (Sim1+),neither,0.5960,-0.0324,1.3620,-0.1122
Hypothalamus,Intermediate neuronal progenitors,neither,-1.7205,-2.1866,-1.2491,-1.8073
Hypothalamus,Kupffer cells,neither,-2.2944,-3.3272,-2.4521,-2.7181
Hypothalamus,Lateral plate and intermediate mesoderm,neither,-1.8971,-1.5975,-1.3738,-1.2877
Hypothalamus,Limb mesenchyme progenitors,neither,-2.2573,-1.8812,-1.6810,-1.5786
Hypothalamus,Liver sinusoidal endothelial cells,neither,-1.1894,-1.9454,-0.8201,-1.4102
Hypothalamus,Lung progenitor cells,neither,-1.9740,-2.7837,-1.0627,-2.8387
Hypothalamus,Lymphatic vessel endothelial cells,neither,-0.6113,-1.7244,-0.6124,-1.5997
Hypothalamus,Mast cells,neither,-2.0963,-3.1976,-1.3631,-2.8675
Hypothalamus,Megakaryocytes,neither,-3.4174,-3.5208,-2.4598,-2.9120
Hypothalamus,Melanocyte cells,neither,-1.5871,-2.9165,-1.4979,-1.2257
Hypothalamus,Metanephric mesenchyme,neither,-1.5789,-2.9458,-1.6854,-2.9761
Hypothalamus,Microglia,neither,-2.7468,-2.6900,-2.4153,-2.1630
Hypothalamus,Midbrain,neither,-2.1660,-1.9469,-1.6872,-1.6779
Hypothalamus,Midbrain-hindbrain boundary,neither,-0.7142,-1.5895,-1.2406,-1.1839
Hypothalamus,Midgut/Hindgut epithelial cells,neither,-1.9401,-2.6802,-1.7642,-1.9959
Hypothalamus,Monocytes,neither,-1.3857,-2.7346,-2.1370,-2.4125
Hypothalamus,Muscle progenitor cells,neither,-0.3687,-2.0936,-1.0670,-1.2536
Hypothalamus,Myelinating Schwann cells,neither,-2.1349,-2.1801,-1.3016,-2.0152
Hypothalamus,Myelinating Schwann cells (Tgfb2+),neither,-3.8272,-2.8581,-2.0901,-2.1748
Hypothalamus,Myoblasts,neither,-1.9545,-1.7096,-1.6826,-1.3751
Hypothalamus,Myofibroblasts,neither,-1.6230,-1.7893,-1.1190,-1.6771
Hypothalamus,Naive retinal progenitor cells,neither,-0.2887,-1.9651,-0.1748,-1.8024
Hypothalamus,Nephron progenitors,neither,-1.0508,-2.5489,-0.3820,-1.9291
Hypothalamus,Neural crest (PNS glia),neither,-1.8659,-2.0833,-1.4608,-1.7745
Hypothalamus,Neural crest (PNS neurons),neither,-1.8415,-2.4356,-1.2152,-2.0501
Hypothalamus,Neural progenitor cells (Neurod1+),neither,-1.2355,-1.7218,-2.0134,-1.7689
Hypothalamus,Neurons (Slc17a8+),neither,0.1552,-0.6055,-0.5280,-0.6155
Hypothalamus,Olfactory bulb cells,neither,-2.8890,-2.7791,-3.2270,-3.4389
Hypothalamus,Olfactory epithelial cells,neither,-2.0441,-2.8553,-2.6362,-2.5491
Hypothalamus,Olfactory sensory neurons,neither,-2.3479,-3.1310,-2.4683,-3.1663
Hypothalamus,Otic epithelial cells,neither,-1.6595,-2.4200,-1.3037,-2.1230
Hypothalamus,Otic sensory neurons,neither,-1.9612,-2.2556,-1.1149,-1.4573
Hypothalamus,Pancreatic acinar cells,neither,-0.6356,-2.0055,-0.2315,-1.7228
Hypothalamus,Parasympathetic neurons,neither,-3.2341,-3.0376,-2.2422,-2.2624
Hypothalamus,Posterior roof plate,neither,-1.4062,-1.6484,-0.7523,-1.0885
Hypothalamus,Pre-epidermal keratinocytes,neither,-1.7260,-1.8861,-1.7315,-1.5063
Hypothalamus,Pre-osteoblasts (Sp7+),neither,-2.2927,-2.0199,-0.6433,-1.5225
Hypothalamus,Primitive erythroid cells,neither,-0.7910,-1.4497,-0.4298,-1.1047
Hypothalamus,Retinal ganglion cells,neither,-0.1605,-1.3036,0.4989,-1.4839
Hypothalamus,Retinal pigment cells,neither,0.2997,-0.6124,0.8630,-0.2616
Hypothalamus,Retinal progenitor cells,neither,0.0410,-0.5943,0.1178,-0.8232
Hypothalamus,Sclerotome,neither,-1.7594,-1.4796,-1.3832,-1.1978
Hypothalamus,Spinal cord dorsal progenitors,neither,-1.0852,-1.6440,-0.9805,-1.4490
Hypothalamus,Spinal cord motor neurons,neither,-0.8047,-1.5499,-0.6966,-1.4633
Hypothalamus,Spinal cord ventral progenitors,neither,-0.7822,-1.1194,-0.4423,-0.8360
Hypothalamus,Spinal cord/r7/r8,neither,-1.1786,-1.6175,-1.0788,-1.3057
Hypothalamus,Sympathetic neurons,neither,-2.4186,-2.4943,-2.1748,-2.1580
Hypothalamus,Telencephalon,neither,-0.7793,-1.2620,-0.6566,-1.0011
Hypothalamus,Thalamic neuronal precursors,neither,-1.5975,-2.4549,-1.4595,-2.0420
Hypothalamus,Ureteric bud,neither,-2.1689,-2.3522,-3.6239,-2.0349
Hypothalamus (Sim1+),Intermediate neuronal progenitors,neither,-1.1831,-0.8638,-1.2598,-1.4359
Hypothalamus (Sim1+),Kupffer cells,neither,-0.4382,-1.9661,-1.4996,-0.7903
Hypothalamus (Sim1+),Lateral plate and intermediate mesoderm,neither,-1.3258,-0.5446,-1.1023,-0.4770
Hypothalamus (Sim1+),Limb mesenchyme progenitors,neither,-1.3898,-1.0132,-1.5199,-0.7696
Hypothalamus (Sim1+),Liver sinusoidal endothelial cells,neither,-0.4346,-1.0874,-1.1873,-0.1535
Hypothalamus (Sim1+),Lung progenitor cells,neither,-1.4657,-1.6394,-1.4923,-1.7349
Hypothalamus (Sim1+),Lymphatic vessel endothelial cells,neither,-1.0866,-0.7145,-0.9932,-0.6016
Hypothalamus (Sim1+),Mast cells,neither,-0.6841,-1.7146,-0.8659,-0.8872
Hypothalamus (Sim1+),Megakaryocytes,neither,-2.0828,-2.1202,-0.9936,-2.8801
Hypothalamus (Sim1+),Melanocyte cells,neither,0.5032,-1.1017,-0.4031,0.1133
Hypothalamus (Sim1+),Metanephric mesenchyme,neither,-0.3972,-2.3938,-1.3171,-2.7161
Hypothalamus (Sim1+),Microglia,neither,-0.7113,-1.7290,0.2598,-0.3946
Hypothalamus (Sim1+),Midbrain,neither,-0.5450,-0.6757,-0.9020,-0.7607
Hypothalamus (Sim1+),Midbrain-hindbrain boundary,neither,0.4605,-0.1772,-0.3315,0.3630
Hypothalamus (Sim1+),Midgut/Hindgut epithelial cells,neither,-1.4435,-1.2583,-1.3670,-1.5361
Hypothalamus (Sim1+),Monocytes,neither,-0.2830,-2.0606,-0.3052,-2.1475
Hypothalamus (Sim1+),Muscle progenitor cells,neither,-0.3558,-0.6062,-0.2883,-1.0230
Hypothalamus (Sim1+),Myelinating Schwann cells,neither,-2.1055,-1.2765,-0.7161,-1.0254
Hypothalamus (Sim1+),Myelinating Schwann cells (Tgfb2+),neither,-1.2657,-1.8547,-1.0783,-1.9123
Hypothalamus (Sim1+),Myoblasts,neither,-0.7548,-0.6196,-0.4864,-0.5851
Hypothalamus (Sim1+),Myofibroblasts,neither,-1.0383,-0.7950,-0.8887,-0.5947
Hypothalamus (Sim1+),Naive retinal progenitor cells,neither,0.6240,-1.0110,-1.3882,-0.9966
Hypothalamus (Sim1+),Nephron progenitors,neither,-0.6656,-2.0698,-0.5585,-1.9092
Hypothalamus (Sim1+),Neural crest (PNS glia),neither,-0.3918,-1.1781,-0.4093,-1.0286
Hypothalamus (Sim1+),Neural crest (PNS neurons),neither,-0.9194,-1.3240,-0.7700,-1.4088
Hypothalamus (Sim1+),Neural progenitor cells (Neurod1+),neither,-0.2617,-0.0935,-1.2206,-1.1957
Hypothalamus (Sim1+),Neurons (Slc17a8+),neither,1.5050,0.6676,1.5880,0.9051
Hypothalamus (Sim1+),Olfactory bulb cells,neither,-0.7726,-1.0147,-0.6599,-1.5793
Hypothalamus (Sim1+),Olfactory epithelial cells,neither,-1.2496,-2.0427,-1.9811,-1.4127
Hypothalamus (Sim1+),Olfactory sensory neurons,neither,-0.7729,-1.5815,-2.0001,-1.9845
Hypothalamus (Sim1+),Otic epithelial cells,neither,-0.8886,-2.1652,-0.4923,-1.0514
Hypothalamus (Sim1+),Otic sensory neurons,neither,-1.3484,-1.9610,-0.0922,-0.7534
Hypothalamus (Sim1+),Pancreatic acinar cells,neither,-0.2483,-0.7557,-0.3292,-2.1559
Hypothalamus (Sim1+),Parasympathetic neurons,neither,-0.9365,-1.0468,-0.9371,-0.8686
Hypothalamus (Sim1+),Posterior roof plate,neither,-0.4398,-0.9725,-0.3573,0.0141
Hypothalamus (Sim1+),Pre-epidermal keratinocytes,neither,-1.7995,-1.0579,-0.5452,-0.6616
Hypothalamus (Sim1+),Pre-osteoblasts (Sp7+),neither,-1.1408,-1.6728,-0.2256,-0.5624
Hypothalamus (Sim1+),Primitive erythroid cells,neither,-0.3826,-0.2983,-0.2760,-0.3907
Hypothalamus (Sim1+),Retinal ganglion cells,neither,-1.0671,-0.5860,0.5171,-0.9689
Hypothalamus (Sim1+),Retinal pigment cells,neither,0.7897,0.3369,-0.3052,0.4546
Hypothalamus (Sim1+),Retinal progenitor cells,neither,-0.4827,-0.6019,0.9945,-0.0118
Hypothalamus (Sim1+),Sclerotome,neither,-1.0552,-0.3882,-0.5342,-0.3121
Hypothalamus (Sim1+),Spinal cord dorsal progenitors,neither,0.4528,-0.7867,-0.1660,-0.1180
Hypothalamus (Sim1+),Spinal cord motor neurons,neither,0.9154,0.2041,-1.1155,0.0978
Hypothalamus (Sim1+),Spinal cord ventral progenitors,neither,1.1989,0.7231,0.9158,0.4368
Hypothalamus (Sim1+),Spinal cord/r7/r8,neither,-0.1088,-0.4705,-0.0450,-0.3759
Hypothalamus (Sim1+),Sympathetic neurons,neither,-0.9873,-2.0884,-0.6425,-1.1301
Hypothalamus (Sim1+),Telencephalon,neither,-0.7364,-0.2674,-1.3310,-0.3633
Hypothalamus (Sim1+),Thalamic neuronal precursors,neither,-1.0915,-1.6082,-1.2700,-1.2517
Hypothalamus (Sim1+),Ureteric bud,neither,-0.7141,-1.1691,-0.8363,-1.8812
Intermediate neuronal progenitors,Kupffer cells,neither,-3.8227,-3.6081,-2.7786,-2.9658
Intermediate neuronal progenitors,Lateral plate and intermediate mesoderm,neither,-2.1485,-1.5814,-1.8395,-1.3871
Intermediate neuronal progenitors,Limb mesenchyme progenitors,neither,-2.5151,-1.9202,-1.9782,-1.6283
Intermediate neuronal progenitors,Liver sinusoidal endothelial cells,neither,-1.9239,-2.4473,-1.3840,-1.8190
Intermediate neuronal progenitors,Lung progenitor cells,neither,-2.5855,-3.1072,-2.4678,-3.1453
Intermediate neuronal progenitors,Lymphatic vessel endothelial cells,neither,-1.7844,-1.9009,-1.7021,-1.6104
Intermediate neuronal progenitors,Mast cells,neither,-3.1612,-3.2865,-2.1766,-2.7236
Intermediate neuronal progenitors,Megakaryocytes,neither,-3.0842,-3.4770,-3.0092,-3.3007
Intermediate neuronal progenitors,Melanocyte cells,neither,-1.8113,-1.6604,-1.4642,-1.4273
Intermediate neuronal progenitors,Metanephric mesenchyme,neither,-2.6584,-3.0696,-2.6046,-2.7873
Intermediate neuronal progenitors,Microglia,neither,-2.6453,-2.8874,-1.4747,-2.4259
Intermediate neuronal progenitors,Midbrain,neither,-2.1208,-1.9074,-1.9896,-1.8015
Intermediate neuronal progenitors,Midbrain-hindbrain boundary,neither,-1.7552,-1.5819,-1.7514,-1.5233
Intermediate neuronal progenitors,Midgut/Hindgut epithelial cells,neither,-2.4685,-2.6023,-2.1834,-2.3873
Intermediate neuronal progenitors,Monocytes,neither,-3.7472,-3.0198,-1.6289,-2.4288
Intermediate neuronal progenitors,Muscle progenitor cells,neither,-2.0913,-1.3964,-1.2233,-1.4482
Intermediate neuronal progenitors,Myelinating Schwann cells,neither,-1.8895,-1.9686,-1.6330,-1.8306
Intermediate neuronal progenitors,Myelinating Schwann cells (Tgfb2+),neither,-2.0275,-2.6518,-1.5240,-2.2954
Intermediate neuronal progenitors,Myoblasts,neither,-2.2609,-1.7324,-1.8834,-1.4867
Intermediate neuronal progenitors,Myofibroblasts,neither,-1.9412,-1.9333,-1.9370,-1.8191
Intermediate neuronal progenitors,Naive retinal progenitor cells,neither,-1.5755,-2.5484,-1.7049,-2.4504
Intermediate neuronal progenitors,Nephron progenitors,neither,-2.3059,-2.7657,-1.9890,-2.5278
Intermediate neuronal progenitors,Neural crest (PNS glia),neither,-1.3493,-1.7762,-1.2493,-1.6312
Intermediate neuronal progenitors,Neural crest (PNS neurons),neither,-2.1509,-2.2171,-2.3193,-2.0673
Intermediate neuronal progenitors,Neural progenitor cells (Neurod1+),neither,-0.8507,-1.5189,-0.7789,-1.5788
Intermediate neuronal progenitors,Neurons (Slc17a8+),neither,-1.0279,-1.3466,-1.0834,-1.1246
Intermediate neuronal progenitors,Olfactory bulb cells,neither,-0.4726,-1.9677,-0.6092,-2.1095
Intermediate neuronal progenitors,Olfactory epithelial cells,neither,-1.5094,-2.5107,-1.8050,-2.4158
Intermediate neuronal progenitors,Olfactory sensory neurons,neither,-1.8263,-2.8719,-1.5731,-2.7321
Intermediate neuronal progenitors,Otic epithelial cells,neither,-1.5304,-2.2516,-1.8240,-2.0909
Intermediate neuronal progenitors,Otic sensory neurons,neither,-1.5797,-2.1270,-1.5498,-1.9113
Intermediate neuronal progenitors,Pancreatic acinar cells,neither,-1.5566,-2.4016,-1.1557,-1.8832
Intermediate neuronal progenitors,Parasympathetic neurons,neither,-2.5689,-2.1492,-1.5896,-2.0789
Intermediate neuronal progenitors,Posterior roof plate,neither,-2.1004,-1.3855,-0.8642,-1.1333
Intermediate neuronal progenitors,Pre-epidermal keratinocytes,neither,-1.6503,-1.7244,-1.2595,-1.6061
Intermediate neuronal progenitors,Pre-osteoblasts (Sp7+),neither,-1.2735,-1.6553,-1.2282,-1.4106
Intermediate neuronal progenitors,Primitive erythroid cells,neither,-0.6177,-1.2418,-0.1604,-0.9004
Intermediate neuronal progenitors,Retinal ganglion cells,neither,-2.2950,-2.0888,-1.4090,-2.1361
Intermediate neuronal progenitors,Retinal pigment cells,neither,-1.7378,-1.0474,-1.0440,-0.9708
Intermediate neuronal progenitors,Retinal progenitor cells,neither,-0.8716,-1.5348,-1.3452,-1.3820
Intermediate neuronal progenitors,Sclerotome,neither,-1.7537,-1.4217,-1.2748,-1.1936
Intermediate neuronal progenitors,Spinal cord dorsal progenitors,neither,-1.2407,-1.4254,-1.4035,-1.3462
Intermediate neuronal progenitors,Spinal cord motor neurons,neither,-1.8250,-1.7284,-1.3812,-1.6481
Intermediate neuronal progenitors,Spinal cord ventral progenitors,neither,-1.3580,-1.2880,-0.7942,-1.1516
Intermediate neuronal progenitors,Spinal cord/r7/r8,neither,-1.3661,-1.6038,-1.2856,-1.4711
Intermediate neuronal progenitors,Sympathetic neurons,neither,-1.8634,-2.2297,-1.4068,-2.0439
Intermediate neuronal progenitors,Telencephalon,K15_only,0.1542,-1.0250,0.1345,-0.9088
Intermediate neuronal progenitors,Thalamic neuronal precursors,neither,-1.8219,-2.5529,-1.4886,-2.0087
Intermediate neuronal progenitors,Ureteric bud,neither,-2.0678,-2.4930,-2.1120,-2.5048
Kupffer cells,Lateral plate and intermediate mesoderm,neither,-2.5509,-2.1556,-2.0947,-1.7068
Kupffer cells,Limb mesenchyme progenitors,neither,-2.5327,-2.6308,-2.7157,-2.0644
Kupffer cells,Liver sinusoidal endothelial cells,neither,-2.8306,-2.9275,-0.9090,-1.9178
Kupffer cells,Lung progenitor cells,neither,-2.8762,-3.4260,-2.9613,-3.5156
Kupffer cells,Lymphatic vessel endothelial cells,neither,-1.6973,-2.4418,-0.8420,-2.0260
Kupffer cells,Mast cells,both_K,2.6561,0.6302,2.7444,0.5048
Kupffer cells,Megakaryocytes,neither,1.0200,-0.7657,0.4871,-0.9042
Kupffer cells,Melanocyte cells,neither,-2.0676,-4.5128,-1.8443,-2.1596
Kupffer cells,Metanephric mesenchyme,neither,-2.1901,-3.9113,-2.1144,-3.5859
Kupffer cells,Microglia,both_K,3.8868,0.8260,3.8637,0.8726
Kupffer cells,Midbrain,neither,-3.5310,-3.2769,-3.1435,-2.6982
Kupffer cells,Midbrain-hindbrain boundary,neither,-2.1770,-3.0149,-1.6213,-3.2733
Kupffer cells,Midgut/Hindgut epithelial cells,neither,-2.2588,-3.7062,-1.1906,-2.6916
Kupffer cells,Monocytes,neither,2.0354,0.4128,1.2743,0.4817
Kupffer cells,Muscle progenitor cells,neither,-0.6659,-1.7507,-1.4740,-2.2876
Kupffer cells,Myelinating Schwann cells,neither,-2.4494,-3.2245,-2.9316,-2.5458
Kupffer cells,Myelinating Schwann cells (Tgfb2+),neither,-1.9889,-3.1431,-1.3124,-2.5131
Kupffer cells,Myoblasts,neither,-3.6743,-2.5530,-2.7127,-1.8783
Kupffer cells,Myofibroblasts,neither,-2.8338,-2.5263,-2.0136,-2.1621
Kupffer cells,Naive retinal progenitor cells,neither,-1.9678,-3.7081,-1.9611,-3.5229
Kupffer cells,Nephron progenitors,neither,-1.4732,-4.9483,-2.2632,-2.6658
Kupffer cells,Neural crest (PNS glia),neither,-2.5022,-2.7305,-1.6431,-2.4920
Kupffer cells,Neural crest (PNS neurons),neither,-3.7002,-3.4656,-2.0910,-3.0130
Kupffer cells,Neural progenitor cells (Neurod1+),neither,-3.5675,-3.9777,-3.5476,-3.6008
Kupffer cells,Neurons (Slc17a8+),neither,-2.0630,-2.4753,-1.8707,-2.0944
Kupffer cells,Olfactory bulb cells,neither,-2.7011,-3.2433,-0.9161,-2.9512
Kupffer cells,Olfactory epithelial cells,neither,-3.3300,-3.7295,-3.0413,-3.4889
Kupffer cells,Olfactory sensory neurons,neither,-2.7244,-4.5931,-1.3287,-3.5313
Kupffer cells,Otic epithelial cells,neither,-2.4589,-3.2159,-1.9613,-2.3454
Kupffer cells,Otic sensory neurons,neither,-3.7015,-3.4474,-1.0142,-2.1878
Kupffer cells,Pancreatic acinar cells,neither,-1.2976,-2.3587,-1.6136,-3.1918
Kupffer cells,Parasympathetic neurons,neither,-1.4325,-3.2418,-2.0623,-2.5087
Kupffer cells,Posterior roof plate,neither,-1.9141,-2.3620,-1.7045,-2.1558
Kupffer cells,Pre-epidermal keratinocytes,neither,-3.0977,-2.8568,-2.6225,-2.2840
Kupffer cells,Pre-osteoblasts (Sp7+),neither,-1.3729,-2.6292,-3.5557,-2.0095
Kupffer cells,Primitive erythroid cells,neither,1.0595,-0.4672,-0.4302,-0.3792
Kupffer cells,Retinal ganglion cells,neither,-0.9268,-3.3997,-2.3627,-3.4346
Kupffer cells,Retinal pigment cells,neither,-1.1504,-1.9101,-0.5331,-1.1599
Kupffer cells,Retinal progenitor cells,neither,-2.0306,-2.6068,-1.3407,-2.6114
Kupffer cells,Sclerotome,neither,-2.3360,-2.1633,-1.9605,-1.6718
Kupffer cells,Spinal cord dorsal progenitors,neither,-1.8123,-2.6823,-1.5378,-2.2851
Kupffer cells,Spinal cord motor neurons,neither,-2.7888,-3.2488,-2.3755,-2.4707
Kupffer cells,Spinal cord ventral progenitors,neither,-2.7584,-2.8142,-2.5220,-2.0265
Kupffer cells,Spinal cord/r7/r8,neither,-2.3279,-2.6378,-1.8901,-2.0450
Kupffer cells,Sympathetic neurons,neither,-2.2646,-3.2320,-1.8526,-2.9580
Kupffer cells,Telencephalon,neither,-3.0394,-2.2089,-2.5984,-1.5470
Kupffer cells,Thalamic neuronal precursors,neither,-4.1843,-3.9799,-3.0713,-2.8517
Kupffer cells,Ureteric bud,neither,-2.5789,-3.7368,-2.8706,-3.6973
Lateral plate and intermediate mesoderm,Limb mesenchyme progenitors,neither,-0.6785,-0.9693,-0.6774,-0.8211
Lateral plate and intermediate mesoderm,Liver sinusoidal endothelial cells,neither,-0.4191,-1.1440,-0.2811,-0.8174
Lateral plate and intermediate mesoderm,Lung progenitor cells,neither,-2.0278,-2.1943,-2.2533,-2.4160
Lateral plate and intermediate mesoderm,Lymphatic vessel endothelial cells,neither,-0.2391,-0.6441,-0.3474,-0.6712
Lateral plate and intermediate mesoderm,Mast cells,neither,-2.5950,-1.8162,-2.1191,-1.3770
Lateral plate and intermediate mesoderm,Megakaryocytes,neither,-1.7184,-1.9909,-1.6994,-1.7875
Lateral plate and intermediate mesoderm,Melanocyte cells,neither,-1.1651,-1.0380,-0.6864,-0.6357
Lateral plate and intermediate mesoderm,Metanephric mesenchyme,neither,-0.3723,-1.7629,-0.1362,-1.7182
Lateral plate and intermediate mesoderm,Microglia,neither,-2.0804,-1.5181,-2.3123,-1.2376
Lateral plate and intermediate mesoderm,Midbrain,neither,-2.3499,-1.4613,-2.2502,-1.3901
Lateral plate and intermediate mesoderm,Midbrain-hindbrain boundary,neither,-2.6494,-1.0784,-1.3746,-1.1301
Lateral plate and intermediate mesoderm,Midgut/Hindgut epithelial cells,neither,-1.7207,-1.6629,-1.0166,-1.2344
Lateral plate and intermediate mesoderm,Monocytes,neither,-1.9819,-1.3000,-1.9824,-1.2174
Lateral plate and intermediate mesoderm,Muscle progenitor cells,neither,-0.5766,-0.1825,-0.3088,-0.3131
Lateral plate and intermediate mesoderm,Myelinating Schwann cells,neither,-1.3404,-1.1944,-1.1487,-1.0930
Lateral plate and intermediate mesoderm,Myelinating Schwann cells (Tgfb2+),neither,-1.6467,-1.5993,-1.3579,-1.5605
Lateral plate and intermediate mesoderm,Myoblasts,neither,-1.2049,-0.9129,-1.1771,-0.8006
Lateral plate and intermediate mesoderm,Myofibroblasts,neither,-0.7780,-0.8457,-0.6320,-0.8075
Lateral plate and intermediate mesoderm,Naive retinal progenitor cells,neither,-2.6507,-2.3165,-2.2152,-2.1171
Lateral plate and intermediate mesoderm,Nephron progenitors,neither,-0.0018,-1.3076,-0.0280,-1.3637
Lateral plate and intermediate mesoderm,Neural crest (PNS glia),neither,-1.2040,-1.0055,-0.7942,-0.8547
Lateral plate and intermediate mesoderm,Neural crest (PNS neurons),neither,-1.4815,-1.3691,-1.3760,-1.2466
Lateral plate and intermediate mesoderm,Neural progenitor cells (Neurod1+),neither,-1.8956,-1.4302,-1.7828,-1.4886
Lateral plate and intermediate mesoderm,Neurons (Slc17a8+),neither,-0.8460,-0.6508,-0.6290,-0.4872
Lateral plate and intermediate mesoderm,Olfactory bulb cells,neither,-1.6295,-1.6184,-1.6199,-1.7038
Lateral plate and intermediate mesoderm,Olfactory epithelial cells,neither,-1.9164,-1.8933,-1.7262,-1.8237
Lateral plate and intermediate mesoderm,Olfactory sensory neurons,neither,-2.1620,-2.2308,-1.9146,-2.2280
Lateral plate and intermediate mesoderm,Otic epithelial cells,neither,-1.3634,-1.4890,-1.3742,-1.1700
Lateral plate and intermediate mesoderm,Otic sensory neurons,neither,-1.1526,-1.2438,-0.9747,-0.9817
Lateral plate and intermediate mesoderm,Pancreatic acinar cells,neither,-1.0148,-1.2278,-1.1003,-1.0461
Lateral plate and intermediate mesoderm,Parasympathetic neurons,neither,-1.2856,-1.3551,-1.1961,-1.3927
Lateral plate and intermediate mesoderm,Posterior roof plate,neither,-0.7978,-0.5644,-0.8765,-0.4768
Lateral plate and intermediate mesoderm,Pre-epidermal keratinocytes,neither,-1.2674,-1.0369,-1.2418,-0.9682
Lateral plate and intermediate mesoderm,Pre-osteoblasts (Sp7+),neither,-0.6934,-0.7556,-0.5265,-0.6128
Lateral plate and intermediate mesoderm,Primitive erythroid cells,neither,-0.7355,-0.4368,-0.6045,-0.5235
Lateral plate and intermediate mesoderm,Retinal ganglion cells,neither,-2.0263,-1.8675,-2.2132,-2.0083
Lateral plate and intermediate mesoderm,Retinal pigment cells,neither,-1.1524,-0.9149,-2.1523,-0.8735
Lateral plate and intermediate mesoderm,Retinal progenitor cells,neither,-1.7021,-1.3481,-1.7730,-1.4978
Lateral plate and intermediate mesoderm,Sclerotome,neither,-0.4329,-0.6103,-0.4063,-0.5219
Lateral plate and intermediate mesoderm,Spinal cord dorsal progenitors,neither,-1.1964,-0.8046,-0.9036,-0.6994
Lateral plate and intermediate mesoderm,Spinal cord motor neurons,neither,-1.0716,-0.7498,-0.9356,-0.7496
Lateral plate and intermediate mesoderm,Spinal cord ventral progenitors,neither,-1.0999,-0.4831,-0.9287,-0.4537
Lateral plate and intermediate mesoderm,Spinal cord/r7/r8,neither,-1.1009,-0.8583,-1.0095,-0.8249
Lateral plate and intermediate mesoderm,Sympathetic neurons,neither,-1.2753,-1.3400,-1.4538,-1.3530
Lateral plate and intermediate mesoderm,Telencephalon,neither,-2.2051,-0.8470,-1.9358,-0.6725
Lateral plate and intermediate mesoderm,Thalamic neuronal precursors,neither,-2.7882,-2.3410,-2.2381,-1.6755
Lateral plate and intermediate mesoderm,Ureteric bud,neither,-0.6530,-1.1334,-0.9064,-1.3580
Limb mesenchyme progenitors,Liver sinusoidal endothelial cells,neither,-1.0754,-1.4338,-0.6351,-0.9786
Limb mesenchyme progenitors,Lung progenitor cells,neither,-2.4539,-2.4733,-2.3301,-2.8430
Limb mesenchyme progenitors,Lymphatic vessel endothelial cells,neither,-1.0414,-0.9899,-0.8390,-0.8992
Limb mesenchyme progenitors,Mast cells,neither,-2.1385,-2.1176,-1.6846,-1.6689
Limb mesenchyme progenitors,Megakaryocytes,neither,-2.2335,-2.4360,-1.8884,-2.1047
Limb mesenchyme progenitors,Melanocyte cells,neither,-1.7791,-1.3327,-1.6827,-0.8208
Limb mesenchyme progenitors,Metanephric mesenchyme,neither,-0.9552,-2.0496,-0.6401,-1.9342
Limb mesenchyme progenitors,Microglia,neither,-2.5080,-1.8820,-2.2302,-1.5798
Limb mesenchyme progenitors,Midbrain,neither,-2.5194,-1.7323,-2.5596,-1.6276
Limb mesenchyme progenitors,Midbrain-hindbrain boundary,neither,-1.7258,-1.3273,-2.3746,-1.1931
Limb mesenchyme progenitors,Midgut/Hindgut epithelial cells,neither,-2.2711,-1.9033,-1.4032,-1.4798
Limb mesenchyme progenitors,Monocytes,neither,-1.6901,-1.6074,-2.5691,-1.2716
Limb mesenchyme progenitors,Muscle progenitor cells,neither,-0.7240,-0.4741,-0.5749,-0.4166
Limb mesenchyme progenitors,Myelinating Schwann cells,neither,-1.3671,-1.4103,-1.3048,-1.2910
Limb mesenchyme progenitors,Myelinating Schwann cells (Tgfb2+),neither,-1.8786,-1.9550,-2.0579,-1.8928
Limb mesenchyme progenitors,Myoblasts,neither,-1.4391,-1.2165,-1.3856,-1.0221
Limb mesenchyme progenitors,Myofibroblasts,neither,-0.9879,-1.1329,-1.0745,-1.0327
Limb mesenchyme progenitors,Naive retinal progenitor cells,neither,-2.8525,-2.7001,-2.1085,-2.4448
Limb mesenchyme progenitors,Nephron progenitors,neither,-0.2825,-1.5237,-0.5888,-1.4431
Limb mesenchyme progenitors,Neural crest (PNS glia),neither,-1.1739,-1.2802,-0.8894,-1.0196
Limb mesenchyme progenitors,Neural crest (PNS neurons),neither,-1.6310,-1.6529,-1.5287,-1.4671
Limb mesenchyme progenitors,Neural progenitor cells (Neurod1+),neither,-2.0458,-1.8749,-1.6579,-1.8765
Limb mesenchyme progenitors,Neurons (Slc17a8+),neither,-0.5806,-0.9887,-0.9525,-0.8415
Limb mesenchyme progenitors,Olfactory bulb cells,neither,-1.8360,-1.9812,-1.5838,-1.7704
Limb mesenchyme progenitors,Olfactory epithelial cells,neither,-2.1076,-2.3129,-1.7649,-2.0588
Limb mesenchyme progenitors,Olfactory sensory neurons,neither,-2.2286,-2.6196,-1.9927,-2.3857
Limb mesenchyme progenitors,Otic epithelial cells,neither,-1.8024,-1.7989,-1.2114,-1.4356
Limb mesenchyme progenitors,Otic sensory neurons,neither,-1.5452,-1.4569,-1.3250,-1.3391
Limb mesenchyme progenitors,Pancreatic acinar cells,neither,-1.0321,-1.4509,-0.5155,-1.2825
Limb mesenchyme progenitors,Parasympathetic neurons,neither,-1.4749,-1.5722,-1.5259,-1.6839
Limb mesenchyme progenitors,Posterior roof plate,neither,-0.2984,-0.7119,-1.1131,-0.7620
Limb mesenchyme progenitors,Pre-epidermal keratinocytes,neither,-1.4728,-1.3183,-1.3058,-1.1592
Limb mesenchyme progenitors,Pre-osteoblasts (Sp7+),neither,-0.8707,-1.0016,-0.8344,-0.8344
Limb mesenchyme progenitors,Primitive erythroid cells,neither,-0.5167,-0.8294,-1.2460,-0.6951
Limb mesenchyme progenitors,Retinal ganglion cells,neither,-2.6597,-2.3423,-1.9854,-2.2471
Limb mesenchyme progenitors,Retinal pigment cells,neither,-2.6614,-1.6812,-1.7618,-1.2193
Limb mesenchyme progenitors,Retinal progenitor cells,neither,-2.7315,-1.9528,-1.6382,-1.6747
Limb mesenchyme progenitors,Sclerotome,neither,-0.2722,-0.8780,-0.2605,-0.7221
Limb mesenchyme progenitors,Spinal cord dorsal progenitors,neither,-1.2417,-1.0522,-1.0239,-0.9109
Limb mesenchyme progenitors,Spinal cord motor neurons,neither,-1.2844,-1.0279,-0.7616,-0.9059
Limb mesenchyme progenitors,Spinal cord ventral progenitors,neither,-0.8414,-0.7682,-0.7274,-0.7153
Limb mesenchyme progenitors,Spinal cord/r7/r8,neither,-1.2152,-1.1035,-1.1403,-1.0165
Limb mesenchyme progenitors,Sympathetic neurons,neither,-1.4112,-1.6104,-1.6626,-1.5368
Limb mesenchyme progenitors,Telencephalon,neither,-2.3753,-1.1192,-1.9495,-0.8704
Limb mesenchyme progenitors,Thalamic neuronal precursors,neither,-2.9804,-2.6971,-2.5122,-1.9413
Limb mesenchyme progenitors,Ureteric bud,neither,-0.7566,-1.3638,-1.0150,-1.5403
Liver sinusoidal endothelial cells,Lung progenitor cells,neither,-1.2860,-2.7549,-1.1617,-2.3368
Liver sinusoidal endothelial cells,Lymphatic vessel endothelial cells,K15_only,2.2147,-0.2113,2.4146,-0.0980
Liver sinusoidal endothelial cells,Mast cells,neither,-1.5091,-2.7345,0.0945,-1.2699
Liver sinusoidal endothelial cells,Megakaryocytes,neither,-1.5325,-2.9395,-1.3425,-2.2543
Liver sinusoidal endothelial cells,Melanocyte cells,neither,-1.0633,-1.7829,-0.4908,-1.0282
Liver sinusoidal endothelial cells,Metanephric mesenchyme,neither,-3.7698,-3.1358,-0.6444,-2.0246
Liver sinusoidal endothelial cells,Microglia,neither,-2.5679,-2.6127,-0.6677,-1.5604
Liver sinusoidal endothelial cells,Midbrain,neither,-2.3554,-2.0285,-1.8312,-1.6149
Liver sinusoidal endothelial cells,Midbrain-hindbrain boundary,neither,-2.1726,-1.9953,-1.2935,-1.9944
Liver sinusoidal endothelial cells,Midgut/Hindgut epithelial cells,neither,-1.5165,-2.0892,-0.3032,-1.4059
Liver sinusoidal endothelial cells,Monocytes,neither,-0.4204,-1.8072,-0.2164,-1.4184
Liver sinusoidal endothelial cells,Muscle progenitor cells,neither,-0.0770,-0.5295,-0.1651,-0.9021
Liver sinusoidal endothelial cells,Myelinating Schwann cells,neither,-2.0958,-1.9251,-1.0131,-1.3484
Liver sinusoidal endothelial cells,Myelinating Schwann cells (Tgfb2+),neither,-1.9837,-2.3519,-0.8567,-1.7421
Liver sinusoidal endothelial cells,Myoblasts,neither,-1.0247,-1.3987,-1.1182,-0.9678
Liver sinusoidal endothelial cells,Myofibroblasts,neither,-0.4020,-1.4823,-0.4539,-1.0016
Liver sinusoidal endothelial cells,Naive retinal progenitor cells,neither,-1.9623,-2.7825,-1.3097,-2.4385
Liver sinusoidal endothelial cells,Nephron progenitors,neither,-2.4685,-2.2175,-0.2852,-1.7917
Liver sinusoidal endothelial cells,Neural crest (PNS glia),neither,-1.1748,-1.8718,-0.5658,-1.1663
Liver sinusoidal endothelial cells,Neural crest (PNS neurons),neither,-1.8872,-2.0992,-1.1327,-1.7743
Liver sinusoidal endothelial cells,Neural progenitor cells (Neurod1+),neither,-0.7550,-2.3565,-2.0829,-1.9145
Liver sinusoidal endothelial cells,Neurons (Slc17a8+),neither,-2.0587,-1.0085,0.0706,-1.2269
Liver sinusoidal endothelial cells,Olfactory bulb cells,neither,-0.6962,-2.5120,-0.5050,-2.0747
Liver sinusoidal endothelial cells,Olfactory epithelial cells,neither,-1.9095,-2.9033,-2.5492,-1.9568
Liver sinusoidal endothelial cells,Olfactory sensory neurons,neither,-2.7189,-3.1039,-1.8362,-2.4465
Liver sinusoidal endothelial cells,Otic epithelial cells,neither,-1.6461,-2.5750,-1.8987,-1.2131
Liver sinusoidal endothelial cells,Otic sensory neurons,neither,-0.8889,-2.2004,-1.8794,-1.0037
Liver sinusoidal endothelial cells,Pancreatic acinar cells,neither,-1.2942,-2.6331,-0.2867,-1.2361
Liver sinusoidal endothelial cells,Parasympathetic neurons,neither,-2.0125,-2.7166,-0.0329,-1.6285
Liver sinusoidal endothelial cells,Posterior roof plate,neither,-0.9098,-1.4101,-1.3667,-2.0976
Liver sinusoidal endothelial cells,Pre-epidermal keratinocytes,neither,-1.2176,-1.5970,-1.1118,-1.2101
Liver sinusoidal endothelial cells,Pre-osteoblasts (Sp7+),neither,-1.0458,-1.3446,-0.2833,-0.9253
Liver sinusoidal endothelial cells,Primitive erythroid cells,neither,-0.7438,-0.6606,0.4577,-0.8428
Liver sinusoidal endothelial cells,Retinal ganglion cells,neither,-1.2436,-2.1885,-1.1484,-2.4130
Liver sinusoidal endothelial cells,Retinal pigment cells,neither,0.4378,-1.5070,0.7836,-0.7454
Liver sinusoidal endothelial cells,Retinal progenitor cells,neither,-2.0264,-1.6845,-0.9415,-2.0582
Liver sinusoidal endothelial cells,Sclerotome,neither,-0.9085,-1.1771,-0.6086,-0.7943
Liver sinusoidal endothelial cells,Spinal cord dorsal progenitors,neither,-1.6812,-1.5001,-1.0420,-1.1519
Liver sinusoidal endothelial cells,Spinal cord motor neurons,neither,-1.7836,-1.6274,-0.5953,-1.2000
Liver sinusoidal endothelial cells,Spinal cord ventral progenitors,neither,-1.1686,-0.9179,-1.1094,-1.1310
Liver sinusoidal endothelial cells,Spinal cord/r7/r8,neither,-1.8862,-1.4370,-1.4766,-1.0604
Liver sinusoidal endothelial cells,Sympathetic neurons,neither,-0.6742,-1.9647,-0.8842,-1.4542
Liver sinusoidal endothelial cells,Telencephalon,neither,-2.2926,-1.3124,-1.5696,-0.8830
Liver sinusoidal endothelial cells,Thalamic neuronal precursors,neither,-2.4417,-2.9378,-1.8010,-1.9274
Liver sinusoidal endothelial cells,Ureteric bud,neither,-1.5742,-2.1054,-0.8512,-1.8184
Lung progenitor cells,Lymphatic vessel endothelial cells,neither,-1.3212,-2.4779,-0.3466,-2.0302
Lung progenitor cells,Mast cells,neither,-2.5497,-3.2877,-2.9182,-3.1495
Lung progenitor cells,Megakaryocytes,neither,-3.7496,-3.7958,-3.0464,-3.5225
Lung progenitor cells,Melanocyte cells,neither,-2.1007,-3.4061,-1.8362,-1.9334
Lung progenitor cells,Metanephric mesenchyme,neither,-1.8153,-3.4549,-1.6889,-4.5284
Lung progenitor cells,Microglia,neither,-1.0238,-2.2039,-2.6660,-2.9773
Lung progenitor cells,Midbrain,neither,-2.9893,-2.9011,-3.5684,-3.1953
Lung progenitor cells,Midbrain-hindbrain boundary,neither,-2.2109,-2.9081,-1.6137,-3.8025
Lung progenitor cells,Midgut/Hindgut epithelial cells,neither,-0.2992,-2.2106,-0.5952,-2.2508
Lung progenitor cells,Monocytes,neither,-1.4513,-2.6522,-1.5257,-4.7105
Lung progenitor cells,Muscle progenitor cells,neither,-0.6957,-2.0078,-1.4668,-2.2322
Lung progenitor cells,Myelinating Schwann cells,neither,-2.3665,-2.5384,-2.0461,-3.1457
Lung progenitor cells,Myelinating Schwann cells (Tgfb2+),neither,-2.6137,-3.2273,-3.3023,-3.3818
Lung progenitor cells,Myoblasts,neither,-2.3115,-2.2478,-2.3713,-2.5283
Lung progenitor cells,Myofibroblasts,neither,-1.7065,-2.5811,-2.0025,-2.6680
Lung progenitor cells,Naive retinal progenitor cells,neither,-3.5943,-3.9915,-2.5351,-3.2020
Lung progenitor cells,Nephron progenitors,neither,-0.9239,-2.5190,-2.2542,-3.6091
Lung progenitor cells,Neural crest (PNS glia),neither,-1.5444,-2.5954,-1.6323,-3.2029
Lung progenitor cells,Neural crest (PNS neurons),neither,-1.3504,-3.0219,-2.0801,-3.4405
Lung progenitor cells,Neural progenitor cells (Neurod1+),neither,-2.6073,-4.0392,-2.5373,-4.0028
Lung progenitor cells,Neurons (Slc17a8+),neither,-1.0961,-2.1987,-0.8625,-2.0382
Lung progenitor cells,Olfactory bulb cells,neither,-0.7378,-3.1356,-2.4918,-3.8943
Lung progenitor cells,Olfactory epithelial cells,neither,-0.8695,-2.9790,-1.4455,-3.1474
Lung progenitor cells,Olfactory sensory neurons,neither,-1.6290,-3.5836,-2.6398,-3.9097
Lung progenitor cells,Otic epithelial cells,neither,-2.9154,-3.0040,-1.9508,-2.5774
Lung progenitor cells,Otic sensory neurons,neither,-2.7416,-2.7539,-1.7410,-2.6279
Lung progenitor cells,Pancreatic acinar cells,neither,0.6765,-1.4478,0.3941,-1.2616
Lung progenitor cells,Parasympathetic neurons,neither,-2.0556,-3.2858,-1.4674,-2.4514
Lung progenitor cells,Posterior roof plate,neither,-0.9460,-1.9337,-0.6967,-2.5852
Lung progenitor cells,Pre-epidermal keratinocytes,neither,-2.0033,-2.5559,-2.0264,-2.7046
Lung progenitor cells,Pre-osteoblasts (Sp7+),neither,-1.4121,-2.6730,-1.9604,-2.8646
Lung progenitor cells,Primitive erythroid cells,neither,-1.7785,-1.9465,-1.4231,-2.4938
Lung progenitor cells,Retinal ganglion cells,neither,-1.7027,-3.7509,-2.9371,-3.2071
Lung progenitor cells,Retinal pigment cells,neither,-1.1742,-3.1289,0.0592,-1.5193
Lung progenitor cells,Retinal progenitor cells,neither,-2.0636,-2.9857,-2.3316,-2.9172
Lung progenitor cells,Sclerotome,neither,-2.2492,-2.1412,-2.1521,-2.3445
Lung progenitor cells,Spinal cord dorsal progenitors,neither,-2.3140,-2.2837,-1.8488,-2.8488
Lung progenitor cells,Spinal cord motor neurons,neither,-1.8291,-1.9882,-1.7804,-2.6248
Lung progenitor cells,Spinal cord ventral progenitors,neither,-1.2105,-1.7065,-2.5127,-2.0691
Lung progenitor cells,Spinal cord/r7/r8,neither,-1.7578,-2.2521,-2.8790,-2.9992
Lung progenitor cells,Sympathetic neurons,neither,-1.1687,-3.0269,-1.8420,-3.2963
Lung progenitor cells,Telencephalon,neither,-2.7363,-2.2672,-2.7774,-2.4258
Lung progenitor cells,Thalamic neuronal precursors,neither,-3.8123,-4.3150,-2.7606,-3.3553
Lung progenitor cells,Ureteric bud,neither,-1.6152,-2.7813,-2.8608,-3.2251
Lymphatic vessel endothelial cells,Mast cells,neither,-1.0345,-3.9249,-1.1963,-1.9658
Lymphatic vessel endothelial cells,Megakaryocytes,neither,-2.1311,-2.3462,-2.8066,-2.2318
Lymphatic vessel endothelial cells,Melanocyte cells,neither,-1.6314,-0.9207,-1.2656,-0.8583
Lymphatic vessel endothelial cells,Metanephric mesenchyme,neither,-0.6387,-1.6265,-0.5847,-1.9112
Lymphatic vessel endothelial cells,Microglia,neither,-0.5035,-2.9406,-0.9711,-1.7602
Lymphatic vessel endothelial cells,Midbrain,neither,-2.2065,-1.5591,-2.2045,-1.5868
Lymphatic vessel endothelial cells,Midbrain-hindbrain boundary,neither,-0.7291,-1.7436,0.4971,-0.8542
Lymphatic vessel endothelial cells,Midgut/Hindgut epithelial cells,neither,-1.7049,-1.7066,-1.9783,-1.7626
Lymphatic vessel endothelial cells,Monocytes,neither,-1.0748,-3.0854,-1.0191,-1.6128
Lymphatic vessel endothelial cells,Muscle progenitor cells,neither,0.7201,0.3396,0.0265,-0.7830
Lymphatic vessel endothelial cells,Myelinating Schwann cells,neither,-1.3159,-1.3250,-0.5719,-1.3131
Lymphatic vessel endothelial cells,Myelinating Schwann cells (Tgfb2+),neither,-2.0304,-1.8004,-0.9617,-1.8966
Lymphatic vessel endothelial cells,Myoblasts,neither,-0.0451,-0.7334,-0.0448,-0.7149
Lymphatic vessel endothelial cells,Myofibroblasts,neither,0.8028,-0.4776,0.6059,-0.5331
Lymphatic vessel endothelial cells,Naive retinal progenitor cells,neither,-1.3941,-2.8130,-1.9599,-2.3864
Lymphatic vessel endothelial cells,Nephron progenitors,neither,-0.4123,-1.2579,-0.6135,-1.6442
Lymphatic vessel endothelial cells,Neural crest (PNS glia),neither,-0.5038,-1.1217,-1.2226,-1.1897
Lymphatic vessel endothelial cells,Neural crest (PNS neurons),neither,-1.2024,-1.5028,-1.0729,-1.4234
Lymphatic vessel endothelial cells,Neural progenitor cells (Neurod1+),neither,-1.4393,-2.2789,-1.1797,-1.9457
Lymphatic vessel endothelial cells,Neurons (Slc17a8+),neither,-1.6273,-0.6207,0.2980,-0.6691
Lymphatic vessel endothelial cells,Olfactory bulb cells,neither,-0.2070,-1.2282,-1.8182,-1.6359
Lymphatic vessel endothelial cells,Olfactory epithelial cells,neither,-2.3344,-2.2779,-0.9838,-1.9314
Lymphatic vessel endothelial cells,Olfactory sensory neurons,neither,-1.2937,-2.3370,-1.2298,-2.2762
Lymphatic vessel endothelial cells,Otic epithelial cells,neither,-1.0800,-1.8093,-0.8320,-1.2358
Lymphatic vessel endothelial cells,Otic sensory neurons,neither,-1.5679,-1.8005,-0.9835,-1.0014
Lymphatic vessel endothelial cells,Pancreatic acinar cells,neither,-0.9698,-1.6975,0.5032,-0.7750
Lymphatic vessel endothelial cells,Parasympathetic neurons,neither,-1.5022,-1.3447,-0.7328,-1.9460
Lymphatic vessel endothelial cells,Posterior roof plate,neither,-1.4956,-0.9785,-1.1535,-0.6667
Lymphatic vessel endothelial cells,Pre-epidermal keratinocytes,neither,-0.7327,-1.0985,-1.2277,-1.0817
Lymphatic vessel endothelial cells,Pre-osteoblasts (Sp7+),neither,0.3315,-1.1240,-1.1873,-0.8214
Lymphatic vessel endothelial cells,Primitive erythroid cells,neither,-0.3507,-0.4675,-0.9401,-0.7245
Lymphatic vessel endothelial cells,Retinal ganglion cells,neither,-1.7205,-1.9139,-1.5560,-2.3958
Lymphatic vessel endothelial cells,Retinal pigment cells,neither,0.1507,-1.5747,0.5659,-1.1066
Lymphatic vessel endothelial cells,Retinal progenitor cells,neither,-0.0136,-1.2709,-1.6796,-2.6059
Lymphatic vessel endothelial cells,Sclerotome,neither,-0.6801,-0.6087,-0.7460,-0.6586
Lymphatic vessel endothelial cells,Spinal cord dorsal progenitors,neither,-1.1008,-1.0608,-0.5581,-0.7649
Lymphatic vessel endothelial cells,Spinal cord motor neurons,neither,-1.2369,-1.2924,-1.0199,-0.7791
Lymphatic vessel endothelial cells,Spinal cord ventral progenitors,neither,-1.2602,-0.8254,-0.8364,-0.6854
Lymphatic vessel endothelial cells,Spinal cord/r7/r8,neither,-1.1184,-1.0922,-0.5675,-0.8742
Lymphatic vessel endothelial cells,Sympathetic neurons,neither,-1.2049,-1.6062,-0.7720,-1.6029
Lymphatic vessel endothelial cells,Telencephalon,neither,-1.9208,-0.8401,-1.7834,-0.7516
Lymphatic vessel endothelial cells,Thalamic neuronal precursors,neither,-2.0834,-2.3480,-2.7293,-2.0042
Lymphatic vessel endothelial cells,Ureteric bud,neither,-0.5093,-1.0454,-0.1447,-0.9629
Mast cells,Megakaryocytes,K15_only,1.3339,0.1697,0.9003,-0.1604
Mast cells,Melanocyte cells,neither,-1.0926,-4.2174,-0.1149,-2.2389
Mast cells,Metanephric mesenchyme,neither,-2.4600,-3.4554,-2.6770,-3.6364
Mast cells,Microglia,both_K,2.6250,1.4529,2.0313,1.2905
Mast cells,Midbrain,neither,-3.3692,-3.0009,-2.5237,-2.4733
Mast cells,Midbrain-hindbrain boundary,neither,-1.1697,-2.3017,-0.9519,-2.9462
Mast cells,Midgut/Hindgut epithelial cells,neither,-1.5208,-2.7540,-1.7468,-2.3586
Mast cells,Monocytes,both_K,1.9094,1.6355,2.2806,1.4648
Mast cells,Muscle progenitor cells,neither,-0.8245,-2.0639,0.1520,-2.7060
Mast cells,Myelinating Schwann cells,neither,-1.4568,-3.0644,-2.4026,-2.3457
Mast cells,Myelinating Schwann cells (Tgfb2+),neither,-2.2839,-4.2301,-0.7428,-2.4929
Mast cells,Myoblasts,neither,-3.0520,-2.3479,-2.6976,-1.6099
Mast cells,Myofibroblasts,neither,-2.0622,-2.5942,-3.0102,-2.2616
Mast cells,Naive retinal progenitor cells,neither,-3.1654,-4.1791,-3.0284,-3.7731
Mast cells,Nephron progenitors,neither,-1.3869,-3.0555,-1.4384,-3.7340
Mast cells,Neural crest (PNS glia),neither,-2.0824,-2.7807,-1.9750,-2.6018
Mast cells,Neural crest (PNS neurons),neither,-1.9328,-3.3256,-2.4048,-3.2792
Mast cells,Neural progenitor cells (Neurod1+),neither,-2.2784,-3.2346,-2.5390,-3.1116
Mast cells,Neurons (Slc17a8+),neither,-0.0894,-2.1811,-0.1347,-1.5904
Mast cells,Olfactory bulb cells,neither,-1.5618,-4.9289,-1.6311,-3.4297
Mast cells,Olfactory epithelial cells,neither,-2.5044,-4.0354,-2.5439,-3.2508
Mast cells,Olfactory sensory neurons,neither,-2.6287,-3.8393,-2.5671,-3.7785
Mast cells,Otic epithelial cells,neither,-2.0785,-3.3135,-0.5963,-1.9795
Mast cells,Otic sensory neurons,neither,-0.3953,-2.7556,-1.3489,-1.7390
Mast cells,Pancreatic acinar cells,neither,-0.6015,-2.1199,0.0536,-1.5454
Mast cells,Parasympathetic neurons,neither,-1.8148,-3.2436,-1.1073,-2.7576
Mast cells,Posterior roof plate,neither,-0.9871,-4.0718,-0.0119,-2.0478
Mast cells,Pre-epidermal keratinocytes,neither,-3.2080,-2.2215,-2.1663,-1.9810
Mast cells,Pre-osteoblasts (Sp7+),neither,-1.1112,-2.8181,-2.5463,-1.3608
Mast cells,Primitive erythroid cells,neither,0.1228,0.0329,0.1822,-0.3259
Mast cells,Retinal ganglion cells,neither,-2.0063,-3.5346,-0.9055,-3.6760
Mast cells,Retinal pigment cells,neither,-0.5188,-3.0024,0.1107,-1.8365
Mast cells,Retinal progenitor cells,neither,-1.0668,-2.5371,-1.5005,-2.8475
Mast cells,Sclerotome,neither,-2.4912,-1.7162,-1.7923,-1.4845
Mast cells,Spinal cord dorsal progenitors,neither,-1.2581,-2.8605,-2.1821,-2.3788
Mast cells,Spinal cord motor neurons,neither,-2.4722,-3.2805,-0.3841,-1.7346
Mast cells,Spinal cord ventral progenitors,neither,-1.6069,-2.3738,-1.6483,-2.9971
Mast cells,Spinal cord/r7/r8,neither,-2.1434,-2.4470,-1.9601,-1.7912
Mast cells,Sympathetic neurons,neither,-1.6118,-3.1688,-1.5320,-3.0648
Mast cells,Telencephalon,neither,-3.5083,-1.8160,-2.6034,-1.2978
Mast cells,Thalamic neuronal precursors,neither,-3.2981,-3.5482,-3.3138,-2.4514
Mast cells,Ureteric bud,neither,-1.4673,-3.1634,-1.9415,-2.5338
Megakaryocytes,Melanocyte cells,neither,-2.8159,-3.4572,-0.0642,-2.1859
Megakaryocytes,Metanephric mesenchyme,neither,-4.6450,-4.3254,-4.3621,-4.3342
Megakaryocytes,Microglia,K15_only,1.5803,0.0799,1.2933,-0.0550
Megakaryocytes,Midbrain,neither,-3.5226,-3.1601,-3.5634,-2.8647
Megakaryocytes,Midbrain-hindbrain boundary,neither,-2.9387,-2.6520,-2.1337,-3.4662
Megakaryocytes,Midgut/Hindgut epithelial cells,neither,-2.7161,-2.8833,-1.4406,-2.6682
Megakaryocytes,Monocytes,K15_only,1.3938,0.4072,2.2156,0.6271
Megakaryocytes,Muscle progenitor cells,neither,-2.3542,-3.3436,-1.9639,-4.2141
Megakaryocytes,Myelinating Schwann cells,neither,-2.9110,-3.1336,-2.5103,-2.8153
Megakaryocytes,Myelinating Schwann cells (Tgfb2+),neither,-2.1142,-3.4449,-1.6395,-2.7974
Megakaryocytes,Myoblasts,neither,-2.8055,-2.5463,-2.7130,-2.0811
Megakaryocytes,Myofibroblasts,neither,-2.3500,-2.8674,-1.7659,-2.4293
Megakaryocytes,Naive retinal progenitor cells,neither,-4.4439,-4.0572,-3.2364,-4.1983
Megakaryocytes,Nephron progenitors,neither,-1.6807,-3.1185,-2.8482,-3.4740
Megakaryocytes,Neural crest (PNS glia),neither,-4.4026,-2.8850,-3.0051,-2.6866
Megakaryocytes,Neural crest (PNS neurons),neither,-3.8002,-3.8023,-2.7809,-3.1010
Megakaryocytes,Neural progenitor cells (Neurod1+),neither,-4.4295,-4.2084,-3.2054,-3.5952
Megakaryocytes,Neurons (Slc17a8+),neither,-2.8107,-3.2267,-0.8307,-2.2455
Megakaryocytes,Olfactory bulb cells,neither,-2.5129,-3.8305,-2.1053,-3.5687
Megakaryocytes,Olfactory epithelial cells,neither,-3.0054,-3.7461,-2.9879,-3.3523
Megakaryocytes,Olfactory sensory neurons,neither,-3.9461,-4.1362,-3.3346,-3.5104
Megakaryocytes,Otic epithelial cells,neither,-2.5408,-3.2110,-2.3095,-2.5214
Megakaryocytes,Otic sensory neurons,neither,-1.9837,-2.8069,-1.6642,-2.1847
Megakaryocytes,Pancreatic acinar cells,neither,-1.9107,-3.5092,-1.1248,-2.7986
Megakaryocytes,Parasympathetic neurons,neither,-2.2664,-3.3226,-1.7002,-3.1290
Megakaryocytes,Posterior roof plate,neither,-2.6416,-3.3049,-2.2284,-3.9873
Megakaryocytes,Pre-epidermal keratinocytes,neither,-2.3962,-2.5670,-2.0013,-2.3715
Megakaryocytes,Pre-osteoblasts (Sp7+),neither,-2.6412,-2.9568,-1.8919,-2.4618
Megakaryocytes,Primitive erythroid cells,neither,0.1350,-0.7545,0.0871,-0.6933
Megakaryocytes,Retinal ganglion cells,neither,-3.0958,-4.1598,-4.6173,-4.0581
Megakaryocytes,Retinal pigment cells,neither,-1.7262,-2.9647,-2.0323,-2.7663
Megakaryocytes,Retinal progenitor cells,neither,-1.7742,-3.8430,-2.9323,-3.3977
Megakaryocytes,Sclerotome,neither,-2.0512,-2.0513,-2.1034,-1.8185
Megakaryocytes,Spinal cord dorsal progenitors,neither,-4.1745,-2.7252,-3.2248,-2.7954
Megakaryocytes,Spinal cord motor neurons,neither,-2.0743,-2.9329,-1.7052,-2.3822
Megakaryocytes,Spinal cord ventral progenitors,neither,-1.5747,-2.9435,-1.5427,-2.1584
Megakaryocytes,Spinal cord/r7/r8,neither,-2.8043,-2.5984,-2.2651,-2.3302
Megakaryocytes,Sympathetic neurons,neither,-3.8935,-3.8097,-2.5277,-2.9780
Megakaryocytes,Telencephalon,neither,-3.1108,-2.1756,-2.7242,-1.7789
Megakaryocytes,Thalamic neuronal precursors,neither,-4.0985,-4.0264,-3.2251,-3.1528
Megakaryocytes,Ureteric bud,neither,-1.0589,-2.8147,-1.4985,-2.6536
Melanocyte cells,Metanephric mesenchyme,neither,-1.0180,-2.5446,-0.6390,-1.3989
Melanocyte cells,Microglia,neither,-1.1307,-3.2325,0.0363,-1.9300
Melanocyte cells,Midbrain,neither,-2.2309,-1.7662,-1.6114,-1.4367
Melanocyte cells,Midbrain-hindbrain boundary,neither,-0.8849,-2.6450,-0.4502,-1.6972
Melanocyte cells,Midgut/Hindgut epithelial cells,neither,-2.0741,-1.4803,-1.6955,-2.0941
Melanocyte cells,Monocytes,neither,-0.4901,-2.8700,0.5842,-1.0319
Melanocyte cells,Muscle progenitor cells,neither,0.3937,-0.4324,-0.3935,-0.1599
Melanocyte cells,Myelinating Schwann cells,K15_only,1.2439,-0.6070,1.2390,-0.4710
Melanocyte cells,Myelinating Schwann cells (Tgfb2+),neither,0.4652,-0.8071,0.9570,-0.2140
Melanocyte cells,Myoblasts,neither,-1.5649,-1.0418,-0.9753,-0.8333
Melanocyte cells,Myofibroblasts,neither,-1.0476,-1.0478,-0.3335,-0.8760
Melanocyte cells,Naive retinal progenitor cells,neither,-2.6783,-4.0702,-0.8081,-2.5067
Melanocyte cells,Nephron progenitors,neither,-0.0665,-1.9744,-0.7401,-0.6184
Melanocyte cells,Neural crest (PNS glia),K15_only,2.0112,-0.0676,2.0725,0.1986
Melanocyte cells,Neural crest (PNS neurons),K15_only,1.5193,-0.4901,2.0345,-0.1606
Melanocyte cells,Neural progenitor cells (Neurod1+),neither,-1.8517,-1.5485,-0.5290,-1.5811
Melanocyte cells,Neurons (Slc17a8+),neither,-0.8189,-1.9432,-0.5544,-0.3210
Melanocyte cells,Olfactory bulb cells,neither,-0.2157,-3.2564,-0.8655,-1.6916
Melanocyte cells,Olfactory epithelial cells,neither,-0.4170,-2.4331,-2.3727,-1.6811
Melanocyte cells,Olfactory sensory neurons,neither,-0.5365,-2.5584,-0.8082,-2.0223
Melanocyte cells,Otic epithelial cells,neither,-1.0109,-1.7724,-0.8362,-1.0715
Melanocyte cells,Otic sensory neurons,neither,0.0415,-1.1508,-1.3811,-1.8883
Melanocyte cells,Pancreatic acinar cells,neither,-0.4335,-1.5184,-0.4472,-1.0411
Melanocyte cells,Parasympathetic neurons,neither,1.1488,-0.3174,1.6078,0.1726
Melanocyte cells,Posterior roof plate,neither,1.5860,0.9697,0.5162,0.7955
Melanocyte cells,Pre-epidermal keratinocytes,neither,-1.0761,-1.1700,-0.7264,-1.0120
Melanocyte cells,Pre-osteoblasts (Sp7+),neither,-0.7003,-1.3567,0.0502,-0.7019
Melanocyte cells,Primitive erythroid cells,neither,-0.6480,-2.1371,0.6227,0.1548
Melanocyte cells,Retinal ganglion cells,neither,-1.6062,-3.8520,-0.2407,-1.9452
Melanocyte cells,Retinal pigment cells,neither,-0.3708,-2.4091,-0.4158,-1.0134
Melanocyte cells,Retinal progenitor cells,neither,-0.8005,-2.4711,-0.7798,-1.5329
Melanocyte cells,Sclerotome,neither,-0.7762,-0.8292,-0.2459,-0.6133
Melanocyte cells,Spinal cord dorsal progenitors,neither,0.3720,-0.4334,0.2359,-0.5000
Melanocyte cells,Spinal cord motor neurons,neither,-1.0292,-0.6442,-0.4081,-0.5377
Melanocyte cells,Spinal cord ventral progenitors,neither,-1.2547,-0.5851,0.7079,-0.0899
Melanocyte cells,Spinal cord/r7/r8,neither,0.0483,-0.9192,0.0890,-0.5501
Melanocyte cells,Sympathetic neurons,neither,0.8768,-0.5364,0.8044,-0.6936
Melanocyte cells,Telencephalon,neither,-1.7623,-0.9824,-1.6762,-0.5908
Melanocyte cells,Thalamic neuronal precursors,neither,-2.1688,-2.5040,-1.5213,-1.9089
Melanocyte cells,Ureteric bud,neither,-1.1348,-2.4947,-0.0796,-1.4190
Metanephric mesenchyme,Microglia,neither,-2.5183,-2.7342,-2.4324,-3.3130
Metanephric mesenchyme,Midbrain,neither,-3.2028,-2.8451,-2.7906,-2.6564
Metanephric mesenchyme,Midbrain-hindbrain boundary,neither,-1.1263,-1.8539,-1.4302,-2.9743
Metanephric mesenchyme,Midgut/Hindgut epithelial cells,neither,-1.7830,-2.9950,-1.5060,-2.5140
Metanephric mesenchyme,Monocytes,neither,-1.3833,-2.5989,-1.3481,-2.8830
Metanephric mesenchyme,Muscle progenitor cells,neither,-0.6213,-0.8548,-1.2934,-1.5055
Metanephric mesenchyme,Myelinating Schwann cells,neither,-1.4521,-2.3423,-1.5301,-2.1946
Metanephric mesenchyme,Myelinating Schwann cells (Tgfb2+),neither,-1.9291,-2.7317,-1.0517,-2.6458
Metanephric mesenchyme,Myoblasts,neither,-0.8542,-1.8728,-0.8088,-1.9039
Metanephric mesenchyme,Myofibroblasts,neither,-0.1257,-1.8026,0.2167,-1.7953
Metanephric mesenchyme,Naive retinal progenitor cells,neither,-2.9052,-3.8487,-3.8472,-3.7971
Metanephric mesenchyme,Nephron progenitors,K15_only,4.6026,0.4804,4.5184,0.4963
Metanephric mesenchyme,Neural crest (PNS glia),neither,-1.1168,-2.1379,-0.6625,-1.7512
Metanephric mesenchyme,Neural crest (PNS neurons),neither,-1.6360,-2.4149,-0.8074,-2.0946
Metanephric mesenchyme,Neural progenitor cells (Neurod1+),neither,-3.5077,-3.3992,-2.2820,-2.9444
Metanephric mesenchyme,Neurons (Slc17a8+),neither,-1.0135,-2.1446,-1.6638,-2.4717
Metanephric mesenchyme,Olfactory bulb cells,neither,-2.6458,-3.7590,-2.2642,-3.3239
Metanephric mesenchyme,Olfactory epithelial cells,neither,-1.6818,-3.4016,-1.7613,-3.1174
Metanephric mesenchyme,Olfactory sensory neurons,neither,-1.8130,-3.4286,-3.3704,-3.9374
Metanephric mesenchyme,Otic epithelial cells,neither,-2.3965,-2.9993,-1.6889,-2.9932
Metanephric mesenchyme,Otic sensory neurons,neither,-1.0562,-2.5676,-0.7529,-1.8210
Metanephric mesenchyme,Pancreatic acinar cells,neither,-1.2590,-4.2026,0.5771,-1.4784
Metanephric mesenchyme,Parasympathetic neurons,neither,-1.3753,-2.3134,-1.8076,-2.7420
Metanephric mesenchyme,Posterior roof plate,neither,-0.8662,-1.3942,0.0772,-1.8560
Metanephric mesenchyme,Pre-epidermal keratinocytes,neither,-1.5821,-2.2729,-1.2452,-2.2367
Metanephric mesenchyme,Pre-osteoblasts (Sp7+),neither,-1.7289,-2.0330,-1.2900,-2.5312
Metanephric mesenchyme,Primitive erythroid cells,neither,-0.1172,-1.8928,-1.2529,-1.9310
Metanephric mesenchyme,Retinal ganglion cells,neither,-2.1903,-3.6959,-3.6754,-3.0379
Metanephric mesenchyme,Retinal pigment cells,neither,-1.1147,-3.0767,-1.3481,-1.6395
Metanephric mesenchyme,Retinal progenitor cells,neither,-1.9815,-4.2536,-2.1103,-2.8917
Metanephric mesenchyme,Sclerotome,neither,-1.0215,-1.8117,-0.7540,-1.7760
Metanephric mesenchyme,Spinal cord dorsal progenitors,neither,-1.5075,-2.3052,-1.1183,-1.8816
Metanephric mesenchyme,Spinal cord motor neurons,neither,-1.1432,-1.9696,-1.5284,-1.7639
Metanephric mesenchyme,Spinal cord ventral progenitors,neither,-0.3809,-1.5877,-0.6994,-1.8207
Metanephric mesenchyme,Spinal cord/r7/r8,neither,-1.3063,-2.0709,-0.7951,-1.9844
Metanephric mesenchyme,Sympathetic neurons,neither,-1.9389,-2.3711,-1.5774,-2.1631
Metanephric mesenchyme,Telencephalon,neither,-2.4309,-2.0102,-1.8868,-1.8431
Metanephric mesenchyme,Thalamic neuronal precursors,neither,-3.1195,-3.7287,-2.5747,-2.8492
Metanephric mesenchyme,Ureteric bud,K15_only,2.2302,-1.1962,2.0792,-1.3907
Microglia,Midbrain,neither,-3.4394,-2.8436,-2.6474,-2.1640
Microglia,Midbrain-hindbrain boundary,neither,-0.2096,-2.7320,-0.8169,-2.0567
Microglia,Midgut/Hindgut epithelial cells,neither,-1.5796,-3.0916,-0.9149,-1.7719
Microglia,Monocytes,both_K,2.2975,1.5791,2.0463,1.5334
Microglia,Muscle progenitor cells,neither,-0.8559,-2.0787,-0.7243,-2.4058
Microglia,Myelinating Schwann cells,neither,-1.9397,-2.6109,-3.1230,-2.3235
Microglia,Myelinating Schwann cells (Tgfb2+),neither,-1.3406,-3.2458,-1.0966,-1.9081
Microglia,Myoblasts,neither,-2.8812,-2.0229,-2.0135,-1.4505
Microglia,Myofibroblasts,neither,-2.4517,-2.3818,-1.5064,-1.8486
Microglia,Naive retinal progenitor cells,neither,-2.2286,-3.6100,-2.1685,-2.8250
Microglia,Nephron progenitors,neither,-1.4311,-3.0709,-1.2594,-1.6122
Microglia,Neural crest (PNS glia),neither,-2.1479,-2.5450,-2.2926,-2.4875
Microglia,Neural crest (PNS neurons),neither,-2.3221,-3.2040,-2.7153,-2.9527
Microglia,Neural progenitor cells (Neurod1+),neither,-2.3350,-4.2503,-1.2993,-2.9813
Microglia,Neurons (Slc17a8+),neither,-1.1274,-2.1962,-0.9816,-1.8674
Microglia,Olfactory bulb cells,neither,-1.6091,-2.6225,-1.4381,-2.6977
Microglia,Olfactory epithelial cells,neither,-1.9843,-3.1444,-3.2768,-3.2730
Microglia,Olfactory sensory neurons,neither,-1.6940,-3.2703,-2.2995,-3.1896
Microglia,Otic epithelial cells,neither,-3.1413,-2.9508,-1.6660,-1.9448
Microglia,Otic sensory neurons,neither,-1.4530,-3.1339,-2.1169,-1.8042
Microglia,Pancreatic acinar cells,neither,-0.6261,-0.8121,-0.8120,-3.5641
Microglia,Parasympathetic neurons,neither,-1.8659,-3.6742,0.1137,-1.9225
Microglia,Posterior roof plate,neither,-1.0228,-1.7649,-0.8708,-2.7417
Microglia,Pre-epidermal keratinocytes,neither,-2.2774,-2.3237,-2.2006,-1.7990
Microglia,Pre-osteoblasts (Sp7+),neither,-2.1661,-3.0562,-0.7214,-1.4905
Microglia,Primitive erythroid cells,neither,1.6750,0.2108,0.8875,0.2362
Microglia,Retinal ganglion cells,neither,-2.0600,-3.2283,-1.6536,-2.8372
Microglia,Retinal pigment cells,neither,-0.5405,-1.4314,-0.7611,-0.9489
Microglia,Retinal progenitor cells,neither,-1.1044,-2.1371,-1.3168,-2.9470
Microglia,Sclerotome,neither,-2.1895,-1.5257,-1.9311,-1.2250
Microglia,Spinal cord dorsal progenitors,neither,-1.9092,-2.2484,-1.9111,-2.2103
Microglia,Spinal cord motor neurons,neither,-0.5306,-2.1967,-1.1505,-1.0751
Microglia,Spinal cord ventral progenitors,neither,-1.6549,-2.9742,-0.4541,-1.8729
Microglia,Spinal cord/r7/r8,neither,-3.0195,-2.0116,-1.8996,-1.6536
Microglia,Sympathetic neurons,neither,-1.2602,-2.5997,-1.8593,-2.3250
Microglia,Telencephalon,neither,-2.7044,-1.6026,-2.0170,-1.0337
Microglia,Thalamic neuronal precursors,neither,-3.3673,-3.7411,-2.5400,-2.5154
Microglia,Ureteric bud,neither,-1.5130,-3.1788,-0.7293,-2.0219
Midbrain,Midbrain-hindbrain boundary,K15_only,1.0668,-0.6571,0.8410,-0.7315
Midbrain,Midgut/Hindgut epithelial cells,neither,-2.5395,-2.3006,-2.2876,-2.0929
Midbrain,Monocytes,neither,-3.9155,-3.0787,-4.7589,-2.4060
Midbrain,Muscle progenitor cells,neither,-1.3663,-1.1386,-2.6710,-1.3462
Midbrain,Myelinating Schwann cells,neither,-2.3577,-1.8720,-2.0034,-1.7538
Midbrain,Myelinating Schwann cells (Tgfb2+),neither,-2.9267,-2.4322,-2.6322,-2.1984
Midbrain,Myoblasts,neither,-2.4663,-1.6043,-2.4900,-1.5332
Midbrain,Myofibroblasts,neither,-2.2249,-1.6400,-1.9957,-1.6106
Midbrain,Naive retinal progenitor cells,neither,-2.1829,-2.5108,-2.0426,-2.4017
Midbrain,Nephron progenitors,neither,-3.1506,-2.4642,-2.7366,-2.2319
Midbrain,Neural crest (PNS glia),neither,-1.8493,-1.6166,-1.5643,-1.4169
Midbrain,Neural crest (PNS neurons),neither,-2.5132,-2.0384,-2.0929,-1.8756
Midbrain,Neural progenitor cells (Neurod1+),neither,-1.2969,-1.3947,-1.2115,-1.5370
Midbrain,Neurons (Slc17a8+),neither,-1.5620,-1.1011,-1.1444,-1.0735
Midbrain,Olfactory bulb cells,neither,-2.1314,-2.1210,-2.5666,-2.3765
Midbrain,Olfactory epithelial cells,neither,-2.4929,-2.5721,-2.6537,-2.4509
Midbrain,Olfactory sensory neurons,neither,-2.7452,-2.8314,-2.5721,-2.8756
Midbrain,Otic epithelial cells,neither,-2.3616,-2.2003,-1.8745,-1.8717
Midbrain,Otic sensory neurons,neither,-2.3867,-1.9929,-1.6949,-1.5978
Midbrain,Pancreatic acinar cells,neither,-2.3938,-2.0218,-1.8758,-1.8763
Midbrain,Parasympathetic neurons,neither,-2.2541,-2.1536,-2.2833,-2.1193
Midbrain,Posterior roof plate,neither,-1.8072,-1.1761,-1.0976,-1.0681
Midbrain,Pre-epidermal keratinocytes,neither,-2.1967,-1.6745,-2.2071,-1.6587
Midbrain,Pre-osteoblasts (Sp7+),neither,-2.0290,-1.4627,-1.5479,-1.3435
Midbrain,Primitive erythroid cells,neither,-0.9289,-1.0073,-0.6980,-0.8338
Midbrain,Retinal ganglion cells,neither,-1.5699,-1.9451,-1.5538,-2.1732
Midbrain,Retinal pigment cells,neither,-1.1469,-1.3635,-2.1739,-1.1710
Midbrain,Retinal progenitor cells,neither,-1.3757,-1.3606,-1.0772,-1.4284
Midbrain,Sclerotome,neither,-1.9481,-1.3427,-1.9357,-1.2651
Midbrain,Spinal cord dorsal progenitors,neither,-0.7406,-1.1651,-0.6593,-1.1639
Midbrain,Spinal cord motor neurons,neither,-2.1021,-1.4488,-1.8943,-1.4557
Midbrain,Spinal cord ventral progenitors,neither,-0.9028,-0.9411,-0.7657,-0.8014
Midbrain,Spinal cord/r7/r8,neither,-1.3703,-1.3725,-1.3837,-1.4080
Midbrain,Sympathetic neurons,neither,-2.0151,-1.9600,-2.2669,-2.1308
Midbrain,Telencephalon,neither,-2.1475,-1.3111,-2.1063,-1.2284
Midbrain,Thalamic neuronal precursors,neither,-2.0553,-2.5061,-1.9841,-2.0941
Midbrain,Ureteric bud,neither,-2.4469,-2.0518,-2.7576,-2.3256
Midbrain-hindbrain boundary,Midgut/Hindgut epithelial cells,neither,-2.1836,-2.6667,-1.4825,-1.4321
Midbrain-hindbrain boundary,Monocytes,neither,-0.5325,-2.9471,-0.3423,-1.3614
Midbrain-hindbrain boundary,Muscle progenitor cells,neither,0.3435,-0.5107,-0.3234,-1.2317
Midbrain-hindbrain boundary,Myelinating Schwann cells,neither,-1.7373,-1.6954,-0.8737,-1.4618
Midbrain-hindbrain boundary,Myelinating Schwann cells (Tgfb2+),neither,-1.9610,-2.2156,-1.1782,-2.5817
Midbrain-hindbrain boundary,Myoblasts,neither,-2.0972,-1.2912,-1.4721,-1.2554
Midbrain-hindbrain boundary,Myofibroblasts,neither,-1.6657,-1.3061,-1.4644,-1.4830
Midbrain-hindbrain boundary,Naive retinal progenitor cells,neither,-1.2141,-2.4575,-0.9541,-2.7857
Midbrain-hindbrain boundary,Nephron progenitors,neither,-1.1425,-2.0578,0.3797,-1.1468
Midbrain-hindbrain boundary,Neural crest (PNS glia),neither,-1.2856,-1.6581,-0.5495,-0.7948
Midbrain-hindbrain boundary,Neural crest (PNS neurons),neither,-0.8605,-1.8284,-0.9200,-1.7617
Midbrain-hindbrain boundary,Neural progenitor cells (Neurod1+),neither,0.8515,-0.8277,-1.3286,-1.2830
Midbrain-hindbrain boundary,Neurons (Slc17a8+),neither,-0.8822,-0.6097,-0.4600,-1.6407
Midbrain-hindbrain boundary,Olfactory bulb cells,neither,-0.2983,-2.3408,-0.7302,-2.4073
Midbrain-hindbrain boundary,Olfactory epithelial cells,neither,-2.1271,-2.6206,-2.1209,-3.3768
Midbrain-hindbrain boundary,Olfactory sensory neurons,neither,-2.2479,-2.7459,-2.1404,-3.4183
Midbrain-hindbrain boundary,Otic epithelial cells,neither,-1.1305,-2.7080,-0.6137,-1.9634
Midbrain-hindbrain boundary,Otic sensory neurons,neither,-0.0654,-1.6245,-0.1930,-1.1778
Midbrain-hindbrain boundary,Pancreatic acinar cells,neither,-0.4717,-2.5923,-0.3687,-0.7853
Midbrain-hindbrain boundary,Parasympathetic neurons,neither,-1.5274,-1.3287,-0.0281,-0.7574
Midbrain-hindbrain boundary,Posterior roof plate,neither,-0.7944,-1.9186,-0.3999,-0.9429
Midbrain-hindbrain boundary,Pre-epidermal keratinocytes,neither,-1.2139,-1.4514,-1.5642,-1.3357
Midbrain-hindbrain boundary,Pre-osteoblasts (Sp7+),neither,0.1999,-1.1209,0.2511,-0.9448
Midbrain-hindbrain boundary,Primitive erythroid cells,neither,-0.7009,-1.2162,-0.3098,-0.5973
Midbrain-hindbrain boundary,Retinal ganglion cells,neither,-0.7031,-2.1307,-0.0189,-1.8141
Midbrain-hindbrain boundary,Retinal pigment cells,neither,-0.4041,-2.4818,0.6577,-0.7587
Midbrain-hindbrain boundary,Retinal progenitor cells,neither,-0.8627,-2.5523,0.3450,-0.9298
Midbrain-hindbrain boundary,Sclerotome,neither,-1.5793,-1.0664,-0.7831,-0.8006
Midbrain-hindbrain boundary,Spinal cord dorsal progenitors,neither,0.4499,-0.2851,1.6889,0.0325
Midbrain-hindbrain boundary,Spinal cord motor neurons,neither,0.1842,-1.2381,-1.2176,-1.1583
Midbrain-hindbrain boundary,Spinal cord ventral progenitors,both_K,2.1206,0.8393,2.4296,1.1327
Midbrain-hindbrain boundary,Spinal cord/r7/r8,neither,-0.7395,-0.8213,-0.6232,-0.6722
Midbrain-hindbrain boundary,Sympathetic neurons,neither,-1.2444,-2.4472,-0.7703,-1.9765
Midbrain-hindbrain boundary,Telencephalon,neither,-1.7692,-0.8216,-1.3134,-0.6492
Midbrain-hindbrain boundary,Thalamic neuronal precursors,neither,-1.8909,-2.6829,-2.0271,-1.9746
Midbrain-hindbrain boundary,Ureteric bud,neither,-1.2138,-1.5786,-0.9202,-2.1295
Midgut/Hindgut epithelial cells,Monocytes,neither,-0.4294,-3.0486,-1.3987,-2.5106
Midgut/Hindgut epithelial cells,Muscle progenitor cells,neither,-1.6717,-0.8896,-0.3428,-0.4484
Midgut/Hindgut epithelial cells,Myelinating Schwann cells,neither,-1.4577,-2.0595,-1.7259,-1.8592
Midgut/Hindgut epithelial cells,Myelinating Schwann cells (Tgfb2+),neither,-1.9967,-2.4304,-1.5394,-2.4973
Midgut/Hindgut epithelial cells,Myoblasts,neither,-2.1467,-1.7757,-1.6550,-1.3557
Midgut/Hindgut epithelial cells,Myofibroblasts,neither,-1.5202,-1.8493,-0.7528,-1.4804
Midgut/Hindgut epithelial cells,Naive retinal progenitor cells,neither,-2.2389,-3.3282,-1.7569,-2.7042
Midgut/Hindgut epithelial cells,Nephron progenitors,neither,-2.4802,-2.6519,-2.0990,-2.4052
Midgut/Hindgut epithelial cells,Neural crest (PNS glia),neither,-1.0080,-2.0614,-1.1196,-1.6838
Midgut/Hindgut epithelial cells,Neural crest (PNS neurons),neither,-2.1235,-2.5028,-1.1865,-2.1168
Midgut/Hindgut epithelial cells,Neural progenitor cells (Neurod1+),neither,-1.9904,-3.0199,-2.3562,-2.4741
Midgut/Hindgut epithelial cells,Neurons (Slc17a8+),neither,-2.0695,-1.4428,-0.1358,-0.6667
Midgut/Hindgut epithelial cells,Olfactory bulb cells,neither,-1.7082,-3.1164,-1.3299,-1.6896
Midgut/Hindgut epithelial cells,Olfactory epithelial cells,neither,-1.9232,-2.6011,-1.4247,-2.4249
Midgut/Hindgut epithelial cells,Olfactory sensory neurons,neither,-2.4697,-3.0861,-1.6415,-3.0888
Midgut/Hindgut epithelial cells,Otic epithelial cells,neither,-1.8821,-2.4163,-0.5952,-1.6656
Midgut/Hindgut epithelial cells,Otic sensory neurons,neither,-1.1244,-2.3721,-1.5628,-2.0496
Midgut/Hindgut epithelial cells,Pancreatic acinar cells,K15_only,2.6974,0.1556,2.5248,-0.0617
Midgut/Hindgut epithelial cells,Parasympathetic neurons,neither,-3.0249,-2.3491,-2.8785,-1.7860
Midgut/Hindgut epithelial cells,Posterior roof plate,neither,-1.9203,-1.5362,1.0232,-1.2468
Midgut/Hindgut epithelial cells,Pre-epidermal keratinocytes,neither,-1.7276,-1.9182,-1.2442,-1.5821
Midgut/Hindgut epithelial cells,Pre-osteoblasts (Sp7+),neither,-2.3806,-1.6943,-1.7792,-1.5754
Midgut/Hindgut epithelial cells,Primitive erythroid cells,neither,-0.1688,-1.9277,-0.3013,-0.8358
Midgut/Hindgut epithelial cells,Retinal ganglion cells,neither,-1.6714,-3.4097,-2.7515,-2.9998
Midgut/Hindgut epithelial cells,Retinal pigment cells,neither,-0.1550,-2.5256,-1.3987,-1.4895
Midgut/Hindgut epithelial cells,Retinal progenitor cells,neither,-0.4522,-2.1188,-0.5891,-3.1984
Midgut/Hindgut epithelial cells,Sclerotome,neither,-1.5646,-1.6482,-1.3064,-1.2669
Midgut/Hindgut epithelial cells,Spinal cord dorsal progenitors,neither,-1.3731,-1.6484,-1.1973,-1.4667
Midgut/Hindgut epithelial cells,Spinal cord motor neurons,neither,-0.9893,-1.8314,-0.6016,-1.5368
Midgut/Hindgut epithelial cells,Spinal cord ventral progenitors,neither,-1.1807,-1.7545,-0.7653,-1.1483
Midgut/Hindgut epithelial cells,Spinal cord/r7/r8,neither,-1.7799,-1.7224,-1.3613,-1.5644
Midgut/Hindgut epithelial cells,Sympathetic neurons,neither,-1.7874,-2.2613,-0.9763,-2.2075
Midgut/Hindgut epithelial cells,Telencephalon,neither,-1.9484,-1.6745,-1.6446,-1.2568
Midgut/Hindgut epithelial cells,Thalamic neuronal precursors,neither,-3.3182,-3.1256,-2.1708,-2.3155
Midgut/Hindgut epithelial cells,Ureteric bud,neither,-0.0011,-1.7622,-1.6906,-2.0196
Monocytes,Muscle progenitor cells,neither,-0.3509,-1.3614,-0.2977,-2.1571
Monocytes,Myelinating Schwann cells,neither,-1.0856,-2.4882,-1.7598,-2.3678
Monocytes,Myelinating Schwann cells (Tgfb2+),neither,-1.2526,-2.0582,-0.1056,-1.7547
Monocytes,Myoblasts,neither,-3.0548,-1.8142,-2.1211,-1.7185
Monocytes,Myofibroblasts,neither,-3.0185,-2.3477,-1.3484,-1.8413
Monocytes,Naive retinal progenitor cells,neither,-1.9442,-3.3073,-2.4300,-5.6920
Monocytes,Nephron progenitors,neither,-0.6573,-3.2605,-0.5753,-2.0624
Monocytes,Neural crest (PNS glia),neither,-2.3736,-2.2508,-1.0330,-1.9647
Monocytes,Neural crest (PNS neurons),neither,-1.8999,-4.1794,-0.8116,-2.6679
Monocytes,Neural progenitor cells (Neurod1+),neither,-1.2486,-3.3845,-1.2502,-4.3619
Monocytes,Neurons (Slc17a8+),neither,-0.4885,-1.8369,-0.4249,-2.5609
Monocytes,Olfactory bulb cells,neither,-0.7634,-1.9464,-0.6789,-2.3211
Monocytes,Olfactory epithelial cells,neither,-2.2319,-2.9895,-2.0197,-2.4763
Monocytes,Olfactory sensory neurons,neither,-2.3397,-3.3767,-2.0389,-3.0032
Monocytes,Otic epithelial cells,neither,-1.8722,-5.1808,-0.5257,-2.0939
Monocytes,Otic sensory neurons,neither,-1.3348,-2.4873,1.2021,-1.0878
Monocytes,Pancreatic acinar cells,neither,-0.2446,-1.9101,-0.3399,-2.2937
Monocytes,Parasympathetic neurons,neither,-0.9257,-3.8302,-0.9620,-1.8383
Monocytes,Posterior roof plate,neither,-0.4340,-1.7377,-0.3688,-2.4494
Monocytes,Pre-epidermal keratinocytes,neither,-3.1002,-2.2707,-2.7628,-1.5631
Monocytes,Pre-osteoblasts (Sp7+),neither,-1.1285,-3.1968,-1.2553,-1.9915
Monocytes,Primitive erythroid cells,neither,-0.3775,-0.8869,-0.2851,-0.5234
Monocytes,Retinal ganglion cells,neither,-0.0554,-2.5243,-1.5162,-3.1372
Monocytes,Retinal pigment cells,neither,-0.2073,-1.8133,-0.3152,-1.2675
Monocytes,Retinal progenitor cells,neither,-0.4762,-1.1983,-0.6080,-3.1665
Monocytes,Sclerotome,neither,-2.7989,-1.5243,-1.8064,-1.1676
Monocytes,Spinal cord dorsal progenitors,neither,-1.5286,-3.5334,-2.2061,-2.4591
Monocytes,Spinal cord motor neurons,neither,-0.3925,-2.3233,-1.1435,-2.6526
Monocytes,Spinal cord ventral progenitors,neither,-0.7917,-1.9745,0.3115,-1.3048
Monocytes,Spinal cord/r7/r8,neither,-3.5476,-2.6828,-3.0904,-1.4378
Monocytes,Sympathetic neurons,neither,-1.9705,-2.9752,-1.6777,-2.0768
Monocytes,Telencephalon,neither,-3.2061,-1.7688,-2.0492,-0.9581
Monocytes,Thalamic neuronal precursors,neither,-3.8778,-3.6051,-3.9029,-2.9344
Monocytes,Ureteric bud,neither,-0.7054,-2.3614,-0.8592,-2.6265
Muscle progenitor cells,Myelinating Schwann cells,neither,-0.4153,-0.5323,0.3176,-0.7925
Muscle progenitor cells,Myelinating Schwann cells (Tgfb2+),neither,-0.4777,-1.5418,-1.0574,-0.7540
Muscle progenitor cells,Myoblasts,K15_only,1.3007,-0.2020,1.1370,-0.2189
Muscle progenitor cells,Myofibroblasts,K15_only,2.0460,0.3854,1.6693,0.0936
Muscle progenitor cells,Naive retinal progenitor cells,neither,-0.6406,-2.0132,-1.3561,-2.2104
Muscle progenitor cells,Nephron progenitors,neither,0.1967,-0.6058,-0.5459,-0.1126
Muscle progenitor cells,Neural crest (PNS glia),neither,0.1294,-0.6671,0.0354,-0.4843
Muscle progenitor cells,Neural crest (PNS neurons),neither,-0.9022,-0.9204,-0.0011,-0.6015
Muscle progenitor cells,Neural progenitor cells (Neurod1+),neither,-1.4732,-1.9613,0.8020,-1.6224
Muscle progenitor cells,Neurons (Slc17a8+),neither,-0.6041,-0.6618,-0.4022,-0.8420
Muscle progenitor cells,Olfactory bulb cells,neither,-0.9262,-1.1019,-0.6453,-1.5903
Muscle progenitor cells,Olfactory epithelial cells,neither,-0.5294,-1.3482,-1.9515,-2.5402
Muscle progenitor cells,Olfactory sensory neurons,neither,-1.0576,-1.9581,-0.9704,-2.3591
Muscle progenitor cells,Otic epithelial cells,neither,0.1729,-1.1759,-1.4668,-1.3528
Muscle progenitor cells,Otic sensory neurons,neither,-0.5682,-1.6495,-1.0712,-1.6130
Muscle progenitor cells,Pancreatic acinar cells,neither,-0.3086,-0.4513,-0.3212,-2.1656
Muscle progenitor cells,Parasympathetic neurons,neither,-1.1120,-1.6664,-0.9183,-0.6874
Muscle progenitor cells,Posterior roof plate,neither,1.0460,0.2870,0.6513,0.0042
Muscle progenitor cells,Pre-epidermal keratinocytes,neither,-1.6423,-0.9795,-0.6784,-0.6469
Muscle progenitor cells,Pre-osteoblasts (Sp7+),neither,0.9819,-0.0355,-1.2029,-0.6997
Muscle progenitor cells,Primitive erythroid cells,neither,-0.4708,-1.6121,-0.2691,-0.9849
Muscle progenitor cells,Retinal ganglion cells,neither,-1.2581,-1.9474,-1.4574,-2.5657
Muscle progenitor cells,Retinal pigment cells,neither,0.7376,-0.3515,-0.2977,-2.1399
Muscle progenitor cells,Retinal progenitor cells,neither,-0.5896,-0.3443,0.4227,-2.0227
Muscle progenitor cells,Sclerotome,neither,-0.1580,-0.2116,-0.0300,-0.2260
Muscle progenitor cells,Spinal cord dorsal progenitors,neither,-0.5177,-0.1640,-2.1351,-0.4927
Muscle progenitor cells,Spinal cord motor neurons,neither,-0.0465,-0.0533,-1.0942,0.3085
Muscle progenitor cells,Spinal cord ventral progenitors,neither,0.6263,-0.2558,0.3455,0.4258
Muscle progenitor cells,Spinal cord/r7/r8,neither,0.1120,-0.2818,-0.4251,-0.6745
Muscle progenitor cells,Sympathetic neurons,neither,0.0685,-0.7620,-0.6156,-0.6396
Muscle progenitor cells,Telencephalon,neither,-1.8152,-0.5057,-1.4617,-0.3591
Muscle progenitor cells,Thalamic neuronal precursors,neither,-2.2240,-2.4196,-1.0105,-1.5666
Muscle progenitor cells,Ureteric bud,neither,0.7257,-0.0557,-0.8189,-0.4775
Myelinating Schwann cells,Myelinating Schwann cells (Tgfb2+),K15_only,1.5397,-1.2212,1.5901,-1.1646
Myelinating Schwann cells,Myoblasts,neither,-1.3061,-1.3348,-1.2757,-1.2496
Myelinating Schwann cells,Myofibroblasts,neither,-0.7876,-1.3189,-0.9635,-1.3915
Myelinating Schwann cells,Naive retinal progenitor cells,neither,-2.7509,-3.2675,-2.8041,-2.6857
Myelinating Schwann cells,Nephron progenitors,neither,-1.2398,-2.1501,-1.3316,-1.8226
Myelinating Schwann cells,Neural crest (PNS glia),K15_only,2.0918,-0.5859,2.1147,-0.5234
Myelinating Schwann cells,Neural crest (PNS neurons),K15_only,1.6539,-0.9672,1.7434,-0.8194
Myelinating Schwann cells,Neural progenitor cells (Neurod1+),neither,-1.9230,-2.0594,-1.9002,-2.2508
Myelinating Schwann cells,Neurons (Slc17a8+),neither,-2.9204,-1.3844,-1.6008,-1.0778
Myelinating Schwann cells,Olfactory bulb cells,neither,-1.3495,-1.9730,-1.6047,-2.4006
Myelinating Schwann cells,Olfactory epithelial cells,neither,-1.5073,-2.4129,-1.8020,-2.3363
Myelinating Schwann cells,Olfactory sensory neurons,neither,-1.9561,-2.6961,-1.7599,-2.7503
Myelinating Schwann cells,Otic epithelial cells,neither,-1.1343,-1.9841,-0.8617,-1.6160
Myelinating Schwann cells,Otic sensory neurons,neither,-0.4809,-1.6258,-0.8447,-1.4602
Myelinating Schwann cells,Pancreatic acinar cells,neither,-2.9045,-1.8855,-0.8637,-1.8760
Myelinating Schwann cells,Parasympathetic neurons,K15_only,1.7944,-0.8625,1.6987,-1.1179
Myelinating Schwann cells,Posterior roof plate,K15_only,1.3940,-0.1318,1.2687,0.0943
Myelinating Schwann cells,Pre-epidermal keratinocytes,neither,-1.3101,-1.4950,-1.0707,-1.4151
Myelinating Schwann cells,Pre-osteoblasts (Sp7+),neither,-0.9547,-1.3399,-0.9912,-1.1560
Myelinating Schwann cells,Primitive erythroid cells,neither,-0.9377,-1.1056,-1.6243,-1.0301
Myelinating Schwann cells,Retinal ganglion cells,neither,-2.1096,-2.6197,-2.1693,-2.6273
Myelinating Schwann cells,Retinal pigment cells,neither,-1.0991,-2.2949,-1.1749,-1.1760
Myelinating Schwann cells,Retinal progenitor cells,neither,-2.2957,-2.7182,-2.1583,-2.2834
Myelinating Schwann cells,Sclerotome,neither,-0.6936,-1.0547,-0.6123,-0.9816
Myelinating Schwann cells,Spinal cord dorsal progenitors,neither,0.3723,-0.8273,0.2667,-0.8157
Myelinating Schwann cells,Spinal cord motor neurons,neither,-0.2152,-0.9299,-0.6389,-0.9623
Myelinating Schwann cells,Spinal cord ventral progenitors,neither,-0.3440,-0.8479,-0.6285,-0.7977
Myelinating Schwann cells,Spinal cord/r7/r8,neither,0.2484,-1.0423,0.1551,-1.0097
Myelinating Schwann cells,Sympathetic neurons,K15_only,1.8190,-0.9182,1.9588,-0.8814
Myelinating Schwann cells,Telencephalon,neither,-2.0120,-1.1858,-1.7319,-1.0644
Myelinating Schwann cells,Thalamic neuronal precursors,neither,-2.7226,-2.9365,-2.1419,-2.0925
Myelinating Schwann cells,Ureteric bud,neither,-0.3620,-1.6652,-1.1695,-2.1677
Myelinating Schwann cells (Tgfb2+),Myoblasts,neither,-1.9064,-1.8867,-1.9993,-1.7626
Myelinating Schwann cells (Tgfb2+),Myofibroblasts,neither,-1.5556,-2.0421,-1.2068,-2.0661
Myelinating Schwann cells (Tgfb2+),Naive retinal progenitor cells,neither,-3.2823,-4.1229,-2.8549,-3.2478
Myelinating Schwann cells (Tgfb2+),Nephron progenitors,neither,-2.2448,-2.9769,-1.7274,-1.7905
Myelinating Schwann cells (Tgfb2+),Neural crest (PNS glia),K15_only,1.1873,-1.0853,1.1669,-1.0656
Myelinating Schwann cells (Tgfb2+),Neural crest (PNS neurons),neither,-0.1745,-1.6180,0.3543,-1.5129
Myelinating Schwann cells (Tgfb2+),Neural progenitor cells (Neurod1+),neither,-0.9881,-2.8501,-1.3226,-2.2557
Myelinating Schwann cells (Tgfb2+),Neurons (Slc17a8+),neither,-1.8524,-2.2844,-1.3873,-2.0760
Myelinating Schwann cells (Tgfb2+),Olfactory bulb cells,neither,-1.4647,-2.2706,-0.9391,-2.9206
Myelinating Schwann cells (Tgfb2+),Olfactory epithelial cells,neither,-2.3197,-3.0263,-1.1386,-2.6475
Myelinating Schwann cells (Tgfb2+),Olfactory sensory neurons,neither,-2.4502,-3.2000,-2.9696,-2.8101
Myelinating Schwann cells (Tgfb2+),Otic epithelial cells,neither,-0.7299,-2.1522,-0.3023,-1.9162
Myelinating Schwann cells (Tgfb2+),Otic sensory neurons,neither,-0.6343,-2.0058,-0.7079,-1.4135
Myelinating Schwann cells (Tgfb2+),Pancreatic acinar cells,neither,-1.1360,-2.9870,-0.1718,-2.0870
Myelinating Schwann cells (Tgfb2+),Parasympathetic neurons,K15_only,4.2504,0.1106,4.2484,0.3135
Myelinating Schwann cells (Tgfb2+),Posterior roof plate,neither,-0.1262,-0.7314,-0.2473,-0.8098
Myelinating Schwann cells (Tgfb2+),Pre-epidermal keratinocytes,neither,-1.2971,-2.0238,-1.0564,-1.8494
Myelinating Schwann cells (Tgfb2+),Pre-osteoblasts (Sp7+),neither,-3.1191,-1.6541,-0.3302,-1.9004
Myelinating Schwann cells (Tgfb2+),Primitive erythroid cells,neither,0.0305,-1.2127,-1.0220,-2.2801
Myelinating Schwann cells (Tgfb2+),Retinal ganglion cells,neither,-1.9976,-4.4693,-1.2891,-2.9083
Myelinating Schwann cells (Tgfb2+),Retinal pigment cells,neither,-0.0013,-1.8623,-1.1056,-2.0558
Myelinating Schwann cells (Tgfb2+),Retinal progenitor cells,neither,-1.8217,-4.0310,-0.7959,-2.2672
Myelinating Schwann cells (Tgfb2+),Sclerotome,neither,-1.0132,-1.5349,-0.9488,-1.4951
Myelinating Schwann cells (Tgfb2+),Spinal cord dorsal progenitors,neither,-0.6741,-1.4589,-0.1739,-1.6122
Myelinating Schwann cells (Tgfb2+),Spinal cord motor neurons,neither,-2.5276,-1.9400,-0.7449,-1.6902
Myelinating Schwann cells (Tgfb2+),Spinal cord ventral progenitors,neither,-0.5203,-1.3008,-0.3729,-1.3180
Myelinating Schwann cells (Tgfb2+),Spinal cord/r7/r8,neither,-1.0479,-1.6537,-0.6032,-1.6154
Myelinating Schwann cells (Tgfb2+),Sympathetic neurons,neither,0.5422,-1.3225,1.3504,-1.3277
Myelinating Schwann cells (Tgfb2+),Telencephalon,neither,-2.1041,-1.6528,-1.7290,-1.4945
Myelinating Schwann cells (Tgfb2+),Thalamic neuronal precursors,neither,-3.4884,-3.3919,-2.2554,-2.5552
Myelinating Schwann cells (Tgfb2+),Ureteric bud,neither,-0.7618,-2.0869,-1.2749,-2.2485
Myoblasts,Myofibroblasts,K15_only,0.9421,-0.7753,0.8639,-0.7830
Myoblasts,Naive retinal progenitor cells,neither,-2.2933,-2.4331,-2.5751,-2.2915
Myoblasts,Nephron progenitors,neither,-0.6813,-1.4981,-0.3856,-1.4347
Myoblasts,Neural crest (PNS glia),neither,-1.1409,-1.1425,-0.9249,-0.9759
Myoblasts,Neural crest (PNS neurons),neither,-1.4901,-1.5249,-1.3232,-1.3512
Myoblasts,Neural progenitor cells (Neurod1+),neither,-2.3492,-1.6897,-1.9267,-1.6793
Myoblasts,Neurons (Slc17a8+),neither,-0.9971,-0.7703,-0.9438,-0.5677
Myoblasts,Olfactory bulb cells,neither,-1.8753,-1.9597,-2.2924,-2.0341
Myoblasts,Olfactory epithelial cells,neither,-2.2580,-2.1157,-2.0536,-2.0219
Myoblasts,Olfactory sensory neurons,neither,-2.2981,-2.3914,-2.5102,-2.4138
Myoblasts,Otic epithelial cells,neither,-1.8474,-1.7392,-1.5088,-1.4950
Myoblasts,Otic sensory neurons,neither,-1.5299,-1.4198,-1.3473,-1.1596
Myoblasts,Pancreatic acinar cells,neither,-1.3949,-1.1319,-1.1389,-1.1714
Myoblasts,Parasympathetic neurons,neither,-1.8879,-1.6393,-1.9428,-1.6111
Myoblasts,Posterior roof plate,neither,-1.0007,-0.6332,-0.7827,-0.5213
Myoblasts,Pre-epidermal keratinocytes,neither,-1.5757,-1.2383,-1.3752,-1.1254
Myoblasts,Pre-osteoblasts (Sp7+),neither,-1.1364,-1.0140,-1.2051,-0.8438
Myoblasts,Primitive erythroid cells,neither,-1.4414,-0.6351,-1.3143,-0.4547
Myoblasts,Retinal ganglion cells,neither,-2.4025,-1.9572,-2.3899,-2.1148
Myoblasts,Retinal pigment cells,neither,-1.7991,-1.1279,-2.3435,-1.0336
Myoblasts,Retinal progenitor cells,neither,-1.9094,-1.4886,-2.0048,-1.6420
Myoblasts,Sclerotome,neither,-0.9880,-0.8405,-0.9374,-0.7269
Myoblasts,Spinal cord dorsal progenitors,neither,-1.1689,-0.8536,-1.0097,-0.8114
Myoblasts,Spinal cord motor neurons,neither,-0.8477,-0.8131,-0.4299,-0.7061
Myoblasts,Spinal cord ventral progenitors,neither,-0.7127,-0.5613,-0.8320,-0.5507
Myoblasts,Spinal cord/r7/r8,neither,-0.9223,-0.9665,-0.9251,-0.8812
Myoblasts,Sympathetic neurons,neither,-1.5883,-1.4633,-1.3701,-1.4462
Myoblasts,Telencephalon,neither,-2.3219,-1.0118,-2.0879,-0.8347
Myoblasts,Thalamic neuronal precursors,neither,-2.9024,-2.4729,-2.3962,-1.8310
Myoblasts,Ureteric bud,neither,-0.9168,-1.3325,-0.9040,-1.4707
Myofibroblasts,Naive retinal progenitor cells,neither,-2.0587,-2.6578,-2.0528,-2.5155
Myofibroblasts,Nephron progenitors,neither,-0.1672,-1.2569,0.3299,-1.1973
Myofibroblasts,Neural crest (PNS glia),neither,-0.6239,-1.1339,-0.5038,-1.0654
Myofibroblasts,Neural crest (PNS neurons),neither,-1.0012,-1.5016,-0.7202,-1.4181
Myofibroblasts,Neural progenitor cells (Neurod1+),neither,-1.6419,-1.8181,-1.2661,-2.1265
Myofibroblasts,Neurons (Slc17a8+),neither,-1.0420,-0.6471,-1.3664,-0.6694
Myofibroblasts,Olfactory bulb cells,neither,-1.1388,-2.1795,-1.3084,-2.0840
Myofibroblasts,Olfactory epithelial cells,neither,-1.8678,-2.1822,-1.4864,-2.0578
Myofibroblasts,Olfactory sensory neurons,neither,-1.7679,-2.4756,-2.2485,-2.7552
Myofibroblasts,Otic epithelial cells,neither,-1.5783,-1.7631,-0.6586,-1.3599
Myofibroblasts,Otic sensory neurons,neither,-0.6915,-1.3326,-0.1328,-1.0562
Myofibroblasts,Pancreatic acinar cells,neither,-0.5167,-1.8447,-0.2319,-1.2421
Myofibroblasts,Parasympathetic neurons,neither,-1.1445,-1.6284,-1.1577,-1.9019
Myofibroblasts,Posterior roof plate,neither,-1.3429,-0.5681,-1.5718,-0.6758
Myofibroblasts,Pre-epidermal keratinocytes,neither,-1.1307,-1.2491,-0.8823,-1.2234
Myofibroblasts,Pre-osteoblasts (Sp7+),neither,-0.4817,-1.0604,-0.6308,-1.0120
Myofibroblasts,Primitive erythroid cells,neither,-2.4532,-0.7235,-1.2101,-1.4073
Myofibroblasts,Retinal ganglion cells,neither,-2.0353,-2.5526,-2.6886,-2.5989
Myofibroblasts,Retinal pigment cells,neither,-1.6199,-1.8066,-1.3484,-1.4825
Myofibroblasts,Retinal progenitor cells,neither,-1.8097,-1.7956,-1.3457,-2.0772
Myofibroblasts,Sclerotome,neither,-0.4878,-0.8037,-0.4365,-0.7635
Myofibroblasts,Spinal cord dorsal progenitors,neither,-0.5787,-0.8680,-0.7505,-0.9042
Myofibroblasts,Spinal cord motor neurons,neither,-0.4622,-0.7346,-0.2241,-0.6809
Myofibroblasts,Spinal cord ventral progenitors,neither,-0.4931,-0.5568,0.0302,-0.6460
Myofibroblasts,Spinal cord/r7/r8,neither,-0.5667,-0.9666,-0.5323,-0.9486
Myofibroblasts,Sympathetic neurons,neither,-0.8893,-1.4005,-0.7163,-1.6173
Myofibroblasts,Telencephalon,neither,-1.9020,-0.9695,-1.7345,-0.8549
Myofibroblasts,Thalamic neuronal precursors,neither,-2.8140,-2.6873,-2.0960,-1.9008
Myofibroblasts,Ureteric bud,neither,-0.2111,-1.1857,-0.9467,-1.3240
Naive retinal progenitor cells,Nephron progenitors,neither,-1.1216,-3.3385,-1.2937,-3.1444
Naive retinal progenitor cells,Neural crest (PNS glia),neither,-2.2436,-2.9301,-1.8224,-2.7197
Naive retinal progenitor cells,Neural crest (PNS neurons),neither,-3.1257,-3.6042,-2.3723,-2.8516
Naive retinal progenitor cells,Neural progenitor cells (Neurod1+),neither,-0.9538,-2.3549,-1.3662,-2.3933
Naive retinal progenitor cells,Neurons (Slc17a8+),neither,-0.6732,-1.8625,-1.2544,-1.8556
Naive retinal progenitor cells,Olfactory bulb cells,neither,-3.3661,-3.6350,-1.9758,-4.0846
Naive retinal progenitor cells,Olfactory epithelial cells,neither,-1.8468,-3.4175,-2.8051,-3.6426
Naive retinal progenitor cells,Olfactory sensory neurons,neither,-2.7872,-3.8980,-3.5080,-4.2523
Naive retinal progenitor cells,Otic epithelial cells,neither,-3.1906,-3.4932,-2.1201,-2.7243
Naive retinal progenitor cells,Otic sensory neurons,neither,-1.6069,-2.7754,-1.1430,-2.4336
Naive retinal progenitor cells,Pancreatic acinar cells,neither,-1.7938,-2.0960,-1.5295,-2.0023
Naive retinal progenitor cells,Parasympathetic neurons,neither,-2.7015,-3.1267,-1.8511,-2.8684
Naive retinal progenitor cells,Posterior roof plate,neither,-1.5071,-2.7483,-1.6404,-2.4328
Naive retinal progenitor cells,Pre-epidermal keratinocytes,neither,-2.0584,-2.5988,-2.5786,-2.5056
Naive retinal progenitor cells,Pre-osteoblasts (Sp7+),neither,-1.2662,-3.1231,-3.1117,-2.6716
Naive retinal progenitor cells,Primitive erythroid cells,neither,-0.7343,-2.2837,-1.3008,-1.7701
Naive retinal progenitor cells,Retinal ganglion cells,K15_only,4.2358,0.1315,3.4138,-0.7841
Naive retinal progenitor cells,Retinal pigment cells,K15_only,2.9082,0.6179,2.9623,0.1371
Naive retinal progenitor cells,Retinal progenitor cells,K15_only,4.4712,0.7571,3.8948,0.1743
Naive retinal progenitor cells,Sclerotome,neither,-2.1063,-2.2021,-1.9606,-1.9910
Naive retinal progenitor cells,Spinal cord dorsal progenitors,neither,-1.7672,-2.4598,-1.7216,-2.3505
Naive retinal progenitor cells,Spinal cord motor neurons,neither,-1.6969,-2.7748,-1.9217,-2.6293
Naive retinal progenitor cells,Spinal cord ventral progenitors,neither,-3.4273,-2.1350,-0.7767,-1.7446
Naive retinal progenitor cells,Spinal cord/r7/r8,neither,-2.2604,-2.6372,-1.8792,-2.2979
Naive retinal progenitor cells,Sympathetic neurons,neither,-2.5133,-3.5277,-1.7558,-3.1598
Naive retinal progenitor cells,Telencephalon,neither,-1.1256,-1.8442,-1.3337,-1.7855
Naive retinal progenitor cells,Thalamic neuronal precursors,neither,-1.8502,-3.0794,-2.5504,-2.8396
Naive retinal progenitor cells,Ureteric bud,neither,-1.6505,-2.9190,-2.3813,-2.9775
Nephron progenitors,Neural crest (PNS glia),neither,-0.8146,-1.6312,-0.5271,-1.2872
Nephron progenitors,Neural crest (PNS neurons),neither,-1.8861,-2.2206,-0.9349,-1.7723
Nephron progenitors,Neural progenitor cells (Neurod1+),neither,-2.2393,-2.5664,-1.9132,-2.2532
Nephron progenitors,Neurons (Slc17a8+),neither,-1.0633,-1.3535,-0.7548,-1.0431
Nephron progenitors,Olfactory bulb cells,neither,-1.5293,-2.6800,-1.1413,-2.5909
Nephron progenitors,Olfactory epithelial cells,neither,-0.6521,-2.3198,-2.8339,-2.6061
Nephron progenitors,Olfactory sensory neurons,neither,-1.2614,-2.8174,-2.8558,-3.6481
Nephron progenitors,Otic epithelial cells,neither,-3.0351,-2.7950,-0.6693,-2.1175
Nephron progenitors,Otic sensory neurons,neither,-0.7704,-1.5845,-1.7458,-2.3869
Nephron progenitors,Pancreatic acinar cells,neither,-0.5849,-1.3090,-0.6163,-1.0720
Nephron progenitors,Parasympathetic neurons,neither,-1.7796,-2.1855,-1.5371,-1.5446
Nephron progenitors,Posterior roof plate,neither,-0.9628,-1.0230,-0.6640,-1.2434
Nephron progenitors,Pre-epidermal keratinocytes,neither,-1.6743,-1.8433,-1.2537,-1.6745
Nephron progenitors,Pre-osteoblasts (Sp7+),neither,-1.0734,-1.5656,-0.3347,-2.2035
Nephron progenitors,Primitive erythroid cells,neither,0.1451,-0.7294,-0.5245,-1.2804
Nephron progenitors,Retinal ganglion cells,neither,-1.9694,-2.6976,-1.2427,-2.6209
Nephron progenitors,Retinal pigment cells,neither,-0.5039,-1.1941,-0.5753,-3.0429
Nephron progenitors,Retinal progenitor cells,neither,-1.0412,-2.2951,-0.0368,-2.0132
Nephron progenitors,Sclerotome,neither,-0.6719,-1.4211,-0.6724,-1.4075
Nephron progenitors,Spinal cord dorsal progenitors,neither,-1.2122,-1.6710,-1.0448,-1.2393
Nephron progenitors,Spinal cord motor neurons,neither,-0.8469,-1.4415,-0.1916,-1.6663
Nephron progenitors,Spinal cord ventral progenitors,neither,0.0111,-1.1247,-1.1552,-1.1587
Nephron progenitors,Spinal cord/r7/r8,neither,-0.8156,-1.4118,-0.3070,-1.6169
Nephron progenitors,Sympathetic neurons,neither,-0.5680,-1.8542,-1.4364,-2.7858
Nephron progenitors,Telencephalon,neither,-2.0144,-1.5082,-1.6075,-1.4272
Nephron progenitors,Thalamic neuronal precursors,neither,-3.6650,-3.4673,-3.8584,-2.5540
Nephron progenitors,Ureteric bud,K15_only,3.5640,0.5868,3.4105,0.2600
Neural crest (PNS glia),Neural crest (PNS neurons),K15_only,2.4022,-0.5762,2.4989,-0.4273
Neural crest (PNS glia),Neural progenitor cells (Neurod1+),neither,-2.4840,-2.3159,-1.2064,-1.8941
Neural crest (PNS glia),Neurons (Slc17a8+),neither,-1.5685,-1.5321,-1.4165,-0.7603
Neural crest (PNS glia),Olfactory bulb cells,neither,-1.2901,-1.7876,-2.1061,-2.6738
Neural crest (PNS glia),Olfactory epithelial cells,neither,-1.7397,-2.2350,-1.4039,-2.3398
Neural crest (PNS glia),Olfactory sensory neurons,neither,-1.5257,-2.3937,-1.3355,-2.7338
Neural crest (PNS glia),Otic epithelial cells,neither,-1.1472,-1.7798,-0.7254,-1.6031
Neural crest (PNS glia),Otic sensory neurons,neither,-0.6247,-1.6015,-0.0801,-1.0394
Neural crest (PNS glia),Pancreatic acinar cells,neither,-1.2088,-1.8438,-0.5406,-1.4900
Neural crest (PNS glia),Parasympathetic neurons,neither,1.2064,-0.6785,0.8225,-1.0869
Neural crest (PNS glia),Posterior roof plate,K15_only,1.4814,0.2148,1.8583,0.3216
Neural crest (PNS glia),Pre-epidermal keratinocytes,neither,-1.0071,-1.3195,-0.7696,-1.1905
Neural crest (PNS glia),Pre-osteoblasts (Sp7+),neither,-0.3523,-1.0190,0.1776,-0.8294
Neural crest (PNS glia),Primitive erythroid cells,neither,0.5437,-0.5840,-0.9136,-0.3664
Neural crest (PNS glia),Retinal ganglion cells,neither,-1.8831,-2.6635,-1.8109,-2.6123
Neural crest (PNS glia),Retinal pigment cells,neither,-1.0110,-2.1733,-1.0330,-1.8057
Neural crest (PNS glia),Retinal progenitor cells,neither,-0.7937,-2.1292,-0.9332,-2.3104
Neural crest (PNS glia),Sclerotome,neither,-0.4729,-0.8623,-0.1953,-0.7461
Neural crest (PNS glia),Spinal cord dorsal progenitors,K15_only,0.5977,-0.5461,0.5398,-0.5999
Neural crest (PNS glia),Spinal cord motor neurons,neither,-0.2832,-0.8641,-0.3276,-0.8494
Neural crest (PNS glia),Spinal cord ventral progenitors,neither,-0.3531,-0.6152,-0.1286,-0.8194
Neural crest (PNS glia),Spinal cord/r7/r8,K15_only,0.5946,-0.8177,0.5413,-0.7895
Neural crest (PNS glia),Sympathetic neurons,K15_only,1.7661,-0.6856,1.6730,-0.5678
Neural crest (PNS glia),Telencephalon,neither,-1.7121,-0.9869,-1.5137,-0.7983
Neural crest (PNS glia),Thalamic neuronal precursors,neither,-2.8264,-2.6419,-2.1164,-2.0146
Neural crest (PNS glia),Ureteric bud,neither,-0.5700,-1.3556,-1.4994,-1.9558
Neural crest (PNS neurons),Neural progenitor cells (Neurod1+),neither,-2.4157,-2.3904,-3.6486,-2.5573
Neural crest (PNS neurons),Neurons (Slc17a8+),neither,-0.4011,-1.7415,-0.4821,-0.9139
Neural crest (PNS neurons),Olfactory bulb cells,neither,-0.7675,-1.9881,-1.2012,-2.9607
Neural crest (PNS neurons),Olfactory epithelial cells,neither,-1.4983,-2.5949,-1.7646,-2.4481
Neural crest (PNS neurons),Olfactory sensory neurons,neither,-1.8673,-2.8735,-1.7021,-3.0519
Neural crest (PNS neurons),Otic epithelial cells,neither,-0.8270,-2.1061,-0.5565,-1.6281
Neural crest (PNS neurons),Otic sensory neurons,neither,0.1698,-1.5886,0.3817,-1.2188
Neural crest (PNS neurons),Pancreatic acinar cells,neither,-2.7223,-2.1849,-1.4955,-1.7718
Neural crest (PNS neurons),Parasympathetic neurons,neither,0.1797,-1.4119,-0.0467,-1.8440
Neural crest (PNS neurons),Posterior roof plate,K15_only,1.7455,0.0366,1.5641,0.1542
Neural crest (PNS neurons),Pre-epidermal keratinocytes,neither,-1.3827,-1.6757,-1.1708,-1.5585
Neural crest (PNS neurons),Pre-osteoblasts (Sp7+),neither,-1.7477,-1.5194,-0.6571,-1.2460
Neural crest (PNS neurons),Primitive erythroid cells,neither,-1.3300,-1.1234,0.7319,-0.9231
Neural crest (PNS neurons),Retinal ganglion cells,neither,-2.0729,-3.6090,-2.0659,-2.7745
Neural crest (PNS neurons),Retinal pigment cells,neither,-1.5068,-2.4689,-0.8116,-1.4763
Neural crest (PNS neurons),Retinal progenitor cells,neither,-1.6837,-3.2643,-2.3441,-2.1113
Neural crest (PNS neurons),Sclerotome,neither,-0.9511,-1.2506,-0.7147,-1.1196
Neural crest (PNS neurons),Spinal cord dorsal progenitors,neither,0.2746,-0.9495,0.3893,-0.8211
Neural crest (PNS neurons),Spinal cord motor neurons,neither,-0.1587,-0.9537,-0.2974,-0.7760
Neural crest (PNS neurons),Spinal cord ventral progenitors,neither,-0.5325,-0.8489,-0.3764,-0.8954
Neural crest (PNS neurons),Spinal cord/r7/r8,K15_only,0.3704,-1.1507,0.5522,-1.0497
Neural crest (PNS neurons),Sympathetic neurons,K15_only,1.7269,-0.9857,1.9282,-0.8411
Neural crest (PNS neurons),Telencephalon,neither,-2.3038,-1.4133,-2.0840,-1.2405
Neural crest (PNS neurons),Thalamic neuronal precursors,neither,-3.1155,-3.2394,-2.2917,-2.2804
Neural crest (PNS neurons),Ureteric bud,neither,-1.3294,-1.8875,-1.3428,-2.2942
Neural progenitor cells (Neurod1+),Neurons (Slc17a8+),neither,1.4746,-0.0087,0.4471,-0.1015
Neural progenitor cells (Neurod1+),Olfactory bulb cells,neither,-1.4590,-2.6901,-2.1351,-3.9519
Neural progenitor cells (Neurod1+),Olfactory epithelial cells,neither,-3.0500,-2.6997,-3.1897,-2.6846
Neural progenitor cells (Neurod1+),Olfactory sensory neurons,neither,-1.9580,-3.1115,-2.2137,-3.1744
Neural progenitor cells (Neurod1+),Otic epithelial cells,neither,-1.8609,-2.6762,-1.2154,-2.2153
Neural progenitor cells (Neurod1+),Otic sensory neurons,neither,-0.6280,-2.1679,-1.9304,-2.1069
Neural progenitor cells (Neurod1+),Pancreatic acinar cells,neither,-1.1322,-3.9913,-1.3217,-2.7874
Neural progenitor cells (Neurod1+),Parasympathetic neurons,neither,-1.1810,-2.7199,-1.6672,-2.1848
Neural progenitor cells (Neurod1+),Posterior roof plate,neither,-1.7063,-1.5243,-0.4030,-1.7493
Neural progenitor cells (Neurod1+),Pre-epidermal keratinocytes,neither,-1.5872,-1.7160,-1.2156,-1.7536
Neural progenitor cells (Neurod1+),Pre-osteoblasts (Sp7+),neither,-3.1129,-1.8107,-1.5577,-2.1315
Neural progenitor cells (Neurod1+),Primitive erythroid cells,neither,-1.5499,-0.9761,-0.1594,-1.1477
Neural progenitor cells (Neurod1+),Retinal ganglion cells,neither,-0.9915,-1.7733,-1.5239,-2.1568
Neural progenitor cells (Neurod1+),Retinal pigment cells,neither,-0.9978,-1.0592,-0.2502,-1.0190
Neural progenitor cells (Neurod1+),Retinal progenitor cells,neither,-1.8167,-1.7136,0.0148,-1.5606
Neural progenitor cells (Neurod1+),Sclerotome,neither,-1.9671,-1.3803,-1.4811,-1.3818
Neural progenitor cells (Neurod1+),Spinal cord dorsal progenitors,neither,-1.0824,-1.4635,-0.6126,-1.5808
Neural progenitor cells (Neurod1+),Spinal cord motor neurons,neither,-1.1993,-1.4471,-1.9684,-2.4243
Neural progenitor cells (Neurod1+),Spinal cord ventral progenitors,neither,0.8074,-0.4309,0.8452,-0.5649
Neural progenitor cells (Neurod1+),Spinal cord/r7/r8,neither,-1.4280,-1.4384,-0.9174,-1.5169
Neural progenitor cells (Neurod1+),Sympathetic neurons,neither,-1.3092,-2.2426,-0.9385,-1.8964
Neural progenitor cells (Neurod1+),Telencephalon,neither,-0.7137,-1.0127,-0.6980,-1.1280
Neural progenitor cells (Neurod1+),Thalamic neuronal precursors,K15_only,2.2667,-1.1006,2.2012,-1.1589
Neural progenitor cells (Neurod1+),Ureteric bud,neither,-2.3412,-2.5064,-2.4843,-3.2813
Neurons (Slc17a8+),Olfactory bulb cells,neither,-0.2123,-0.8981,-0.8821,-2.0448
Neurons (Slc17a8+),Olfactory epithelial cells,neither,-0.6748,-1.9098,-2.4022,-2.0303
Neurons (Slc17a8+),Olfactory sensory neurons,neither,-1.5312,-2.2574,-1.4228,-3.0720
Neurons (Slc17a8+),Otic epithelial cells,neither,-1.5909,-1.9977,-1.8625,-1.5470
Neurons (Slc17a8+),Otic sensory neurons,neither,0.0459,-1.0310,-0.4037,-0.9498
Neurons (Slc17a8+),Pancreatic acinar cells,neither,-0.4319,-0.9019,-0.4569,-0.5700
Neurons (Slc17a8+),Parasympathetic neurons,neither,-1.4324,-2.2066,-0.2203,-0.4559
Neurons (Slc17a8+),Posterior roof plate,neither,-0.7335,-1.0659,-0.4943,0.4377
Neurons (Slc17a8+),Pre-epidermal keratinocytes,neither,-1.1698,-1.2337,-1.4130,-1.0169
Neurons (Slc17a8+),Pre-osteoblasts (Sp7+),neither,-0.1111,-1.7346,0.0262,-0.5500
Neurons (Slc17a8+),Primitive erythroid cells,neither,-0.6457,-1.1031,-0.3857,-1.3758
Neurons (Slc17a8+),Retinal ganglion cells,neither,-0.6022,-1.0076,0.1481,-1.4650
Neurons (Slc17a8+),Retinal pigment cells,neither,1.2155,0.2069,-0.4249,-0.9576
Neurons (Slc17a8+),Retinal progenitor cells,neither,-0.7980,-0.6289,-0.7951,-1.4718
Neurons (Slc17a8+),Sclerotome,neither,-1.0183,-0.6863,-0.2420,-0.4386
Neurons (Slc17a8+),Spinal cord dorsal progenitors,neither,-0.1531,-0.6545,0.2056,-0.3322
Neurons (Slc17a8+),Spinal cord motor neurons,neither,0.9753,-0.1137,0.1540,-0.0372
Neurons (Slc17a8+),Spinal cord ventral progenitors,neither,1.3338,0.6577,1.1063,0.7792
Neurons (Slc17a8+),Spinal cord/r7/r8,neither,-0.3180,-0.6515,-0.3593,-0.5057
Neurons (Slc17a8+),Sympathetic neurons,neither,-1.7031,-1.4372,-1.0304,-1.4059
Neurons (Slc17a8+),Telencephalon,neither,-1.5903,-0.7039,-0.8643,-0.4728
Neurons (Slc17a8+),Thalamic neuronal precursors,neither,-2.7480,-2.3809,-0.6629,-1.3567
Neurons (Slc17a8+),Ureteric bud,neither,-1.1315,-1.4586,-1.0989,-1.1338
Olfactory bulb cells,Olfactory epithelial cells,K15_only,3.9552,-0.2308,4.0592,-0.1928
Olfactory bulb cells,Olfactory sensory neurons,K15_only,3.9586,-0.3318,4.0965,-0.1803
Olfactory bulb cells,Otic epithelial cells,neither,-0.9559,-2.0323,-0.4918,-2.2770
Olfactory bulb cells,Otic sensory neurons,neither,-0.2574,-1.7961,0.0414,-1.7946
Olfactory bulb cells,Pancreatic acinar cells,neither,-0.6817,-2.1564,-0.7256,-1.7459
Olfactory bulb cells,Parasympathetic neurons,neither,-0.3936,-1.5833,-0.7368,-2.1877
Olfactory bulb cells,Posterior roof plate,neither,-1.1024,-1.7886,-0.7797,-1.1839
Olfactory bulb cells,Pre-epidermal keratinocytes,neither,0.4003,-1.4405,0.3949,-1.4139
Olfactory bulb cells,Pre-osteoblasts (Sp7+),neither,0.0355,-1.2735,-0.5570,-1.6795
Olfactory bulb cells,Primitive erythroid cells,neither,0.0165,-1.0052,-0.6208,-1.1193
Olfactory bulb cells,Retinal ganglion cells,neither,-2.1777,-4.5749,-0.8948,-3.9062
Olfactory bulb cells,Retinal pigment cells,neither,0.4099,-1.4535,-0.6789,-2.3011
Olfactory bulb cells,Retinal progenitor cells,neither,-1.1882,-2.5759,-1.1952,-4.2873
Olfactory bulb cells,Sclerotome,neither,-1.0457,-1.4679,-1.2938,-1.5839
Olfactory bulb cells,Spinal cord dorsal progenitors,neither,-1.7306,-2.3165,-0.7217,-2.3341
Olfactory bulb cells,Spinal cord motor neurons,neither,-0.6584,-1.6049,-1.9911,-2.4088
Olfactory bulb cells,Spinal cord ventral progenitors,neither,-0.7611,-1.9986,-1.3249,-2.8495
Olfactory bulb cells,Spinal cord/r7/r8,neither,-1.4677,-1.8740,-1.4779,-2.2279
Olfactory bulb cells,Sympathetic neurons,neither,-1.8131,-2.3351,-1.6808,-3.0716
Olfactory bulb cells,Telencephalon,neither,-1.5975,-1.4392,-1.4694,-1.5940
Olfactory bulb cells,Thalamic neuronal precursors,neither,-2.9319,-3.4318,-2.3363,-3.0365
Olfactory bulb cells,Ureteric bud,neither,-0.6143,-3.2030,-0.5865,-1.9664
Olfactory epithelial cells,Olfactory sensory neurons,K15_only,2.8675,-1.6074,3.1121,-1.4491
Olfactory epithelial cells,Otic epithelial cells,neither,0.7819,-1.8453,0.6700,-1.8134
Olfactory epithelial cells,Otic sensory neurons,neither,0.4344,-1.7175,0.2774,-1.6027
Olfactory epithelial cells,Pancreatic acinar cells,neither,-2.0714,-1.7090,-2.1120,-1.2069
Olfactory epithelial cells,Parasympathetic neurons,neither,-2.0523,-2.6437,-1.3629,-2.4531
Olfactory epithelial cells,Posterior roof plate,neither,-1.2391,-2.1876,-2.2154,-2.3129
Olfactory epithelial cells,Pre-epidermal keratinocytes,neither,-0.1622,-1.8655,0.0332,-1.7530
Olfactory epithelial cells,Pre-osteoblasts (Sp7+),neither,-1.1083,-1.5784,-0.8761,-1.5864
Olfactory epithelial cells,Primitive erythroid cells,neither,-2.6277,-1.9671,-0.9007,-1.4789
Olfactory epithelial cells,Retinal ganglion cells,neither,-0.7139,-2.8374,-2.6014,-3.3229
Olfactory epithelial cells,Retinal pigment cells,neither,0.4426,-1.4538,-0.0197,-2.0922
Olfactory epithelial cells,Retinal progenitor cells,neither,-0.6376,-2.2403,-1.9179,-2.4005
Olfactory epithelial cells,Sclerotome,neither,-1.4281,-1.8064,-1.4391,-1.7086
Olfactory epithelial cells,Spinal cord dorsal progenitors,neither,-1.8629,-2.1714,-1.5304,-2.2342
Olfactory epithelial cells,Spinal cord motor neurons,neither,-2.5441,-2.1697,-1.4265,-2.2516
Olfactory epithelial cells,Spinal cord ventral progenitors,neither,-2.1876,-1.9776,-0.5280,-1.7598
Olfactory epithelial cells,Spinal cord/r7/r8,neither,-2.1151,-2.1763,-1.6637,-2.1277
Olfactory epithelial cells,Sympathetic neurons,neither,-1.8814,-2.6827,-2.8336,-3.0053
Olfactory epithelial cells,Telencephalon,neither,-1.9363,-1.7672,-1.7799,-1.7254
Olfactory epithelial cells,Thalamic neuronal precursors,neither,-3.1968,-3.4780,-2.9970,-3.0477
Olfactory epithelial cells,Ureteric bud,neither,0.0087,-2.0325,-0.6760,-2.1103
Olfactory sensory neurons,Otic epithelial cells,neither,-1.1673,-2.9379,-1.6398,-2.7944
Olfactory sensory neurons,Otic sensory neurons,neither,-1.0986,-2.7272,-0.9943,-3.0235
Olfactory sensory neurons,Pancreatic acinar cells,neither,-2.1760,-3.2917,-1.1315,-1.8764
Olfactory sensory neurons,Parasympathetic neurons,neither,-1.3728,-2.4372,-1.7083,-3.2729
Olfactory sensory neurons,Posterior roof plate,neither,-1.9413,-2.4058,-2.2353,-2.2024
Olfactory sensory neurons,Pre-epidermal keratinocytes,neither,-0.4298,-2.1563,-0.0557,-2.1511
Olfactory sensory neurons,Pre-osteoblasts (Sp7+),neither,-1.1004,-2.2703,-0.5216,-1.8825
Olfactory sensory neurons,Primitive erythroid cells,neither,-2.7423,-1.9112,-0.9193,-2.2978
Olfactory sensory neurons,Retinal ganglion cells,neither,-2.4279,-3.4293,-2.0408,-3.6169
Olfactory sensory neurons,Retinal pigment cells,neither,-0.9794,-3.1618,-1.0389,-2.7186
Olfactory sensory neurons,Retinal progenitor cells,neither,-3.0785,-3.1955,-1.9399,-2.7644
Olfactory sensory neurons,Sclerotome,neither,-1.4552,-2.0864,-1.3371,-2.1033
Olfactory sensory neurons,Spinal cord dorsal progenitors,neither,-1.9356,-2.4597,-1.8548,-2.6812
Olfactory sensory neurons,Spinal cord motor neurons,neither,-1.8274,-2.4530,-1.7133,-2.6454
Olfactory sensory neurons,Spinal cord ventral progenitors,neither,-1.5769,-2.5323,-1.5505,-1.9173
Olfactory sensory neurons,Spinal cord/r7/r8,neither,-1.8184,-2.4155,-1.8408,-2.5534
Olfactory sensory neurons,Sympathetic neurons,neither,-1.8219,-3.0575,-2.2731,-3.5332
Olfactory sensory neurons,Telencephalon,neither,-2.1714,-2.1343,-2.0068,-2.0902
Olfactory sensory neurons,Thalamic neuronal precursors,neither,-3.6401,-4.0333,-2.7812,-3.1661
Olfactory sensory neurons,Ureteric bud,neither,-3.7011,-2.7683,-0.9215,-2.9460
Otic epithelial cells,Otic sensory neurons,K15_only,2.7560,-0.6791,2.6964,-0.4349
Otic epithelial cells,Pancreatic acinar cells,neither,-1.7247,-2.4560,-0.6059,-1.5195
Otic epithelial cells,Parasympathetic neurons,neither,-0.2892,-1.5058,-0.0524,-1.5120
Otic epithelial cells,Posterior roof plate,neither,-0.4267,-1.8837,-0.6967,-2.5535
Otic epithelial cells,Pre-epidermal keratinocytes,neither,-0.6954,-1.6306,-0.5028,-1.4124
Otic epithelial cells,Pre-osteoblasts (Sp7+),neither,-1.1741,-1.6582,-0.9604,-1.1915
Otic epithelial cells,Primitive erythroid cells,neither,-1.2414,-1.6712,-1.4231,-1.2924
Otic epithelial cells,Retinal ganglion cells,neither,-1.8525,-2.9016,-1.6151,-3.0963
Otic epithelial cells,Retinal pigment cells,neither,-0.5499,-1.4796,-1.5257,-1.1982
Otic epithelial cells,Retinal progenitor cells,neither,-1.5554,-2.2581,-1.3316,-2.2329
Otic epithelial cells,Sclerotome,neither,-0.9947,-1.3713,-1.0096,-1.1507
Otic epithelial cells,Spinal cord dorsal progenitors,neither,-1.0606,-1.5979,-0.8488,-1.2812
Otic epithelial cells,Spinal cord motor neurons,neither,-1.2407,-1.9240,-1.0434,-1.5182
Otic epithelial cells,Spinal cord ventral progenitors,neither,-0.5312,-1.3144,-0.9277,-0.9373
Otic epithelial cells,Spinal cord/r7/r8,neither,-1.3149,-1.5700,-1.1786,-1.4913
Otic epithelial cells,Sympathetic neurons,neither,-1.2250,-2.2603,-0.5789,-1.5115
Otic epithelial cells,Telencephalon,neither,-2.1560,-1.4870,-1.8244,-1.1794
Otic epithelial cells,Thalamic neuronal precursors,neither,-2.7246,-3.1653,-2.4386,-2.3453
Otic epithelial cells,Ureteric bud,neither,-0.5631,-2.0986,-0.8608,-1.8707
Otic sensory neurons,Pancreatic acinar cells,neither,-1.2133,-0.7706,-1.1865,-1.2907
Otic sensory neurons,Parasympathetic neurons,neither,-0.3062,-1.7007,-0.4736,-1.8066
Otic sensory neurons,Posterior roof plate,neither,0.1911,-0.7663,-1.2626,-1.1106
Otic sensory neurons,Pre-epidermal keratinocytes,neither,-0.7733,-1.3884,-0.2964,-1.1433
Otic sensory neurons,Pre-osteoblasts (Sp7+),neither,-0.6576,-1.3868,-0.6161,-1.0190
Otic sensory neurons,Primitive erythroid cells,neither,-1.6475,-1.6103,-1.0354,-1.5541
Otic sensory neurons,Retinal ganglion cells,neither,-0.7978,-2.4929,-0.7279,-2.1424
Otic sensory neurons,Retinal pigment cells,neither,-1.0725,-2.9672,0.4651,-0.6075
Otic sensory neurons,Retinal progenitor cells,neither,-0.9225,-2.1401,-0.2298,-1.9161
Otic sensory neurons,Sclerotome,neither,-0.9422,-1.1660,-0.7775,-0.8810
Otic sensory neurons,Spinal cord dorsal progenitors,neither,-0.8087,-1.3341,-0.1987,-1.0226
Otic sensory neurons,Spinal cord motor neurons,neither,-0.8475,-1.2322,-0.7674,-1.0962
Otic sensory neurons,Spinal cord ventral progenitors,neither,-0.6358,-1.2414,0.0225,-0.7769
Otic sensory neurons,Spinal cord/r7/r8,neither,-1.0627,-1.3756,-1.1263,-1.3083
Otic sensory neurons,Sympathetic neurons,neither,-1.6405,-1.7433,-0.2097,-1.6846
Otic sensory neurons,Telencephalon,neither,-1.7020,-1.2320,-1.5391,-0.9478
Otic sensory neurons,Thalamic neuronal precursors,neither,-2.3037,-2.7574,-1.5037,-1.8811
Otic sensory neurons,Ureteric bud,neither,-0.1373,-1.3226,-2.2958,-2.5820
Pancreatic acinar cells,Parasympathetic neurons,neither,-0.8314,-3.4476,-1.0223,-1.8485
Pancreatic acinar cells,Posterior roof plate,neither,-0.3829,-0.8073,-0.3971,-0.8734
Pancreatic acinar cells,Pre-epidermal keratinocytes,neither,-0.3210,-1.0859,-0.5534,-1.2163
Pancreatic acinar cells,Pre-osteoblasts (Sp7+),neither,-0.0198,-0.9994,-0.3269,-0.5164
Pancreatic acinar cells,Primitive erythroid cells,neither,0.6677,-1.1402,-0.3076,-1.1168
Pancreatic acinar cells,Retinal ganglion cells,neither,0.0485,-1.7208,-1.5961,-1.9253
Pancreatic acinar cells,Retinal pigment cells,neither,-0.1812,-1.5283,-0.3399,-0.6912
Pancreatic acinar cells,Retinal progenitor cells,neither,-0.4210,-1.4356,-0.6508,-1.5913
Pancreatic acinar cells,Sclerotome,neither,-1.5981,-1.2043,-0.3933,-0.9995
Pancreatic acinar cells,Spinal cord dorsal progenitors,neither,-2.3595,-1.2776,-0.7169,-1.3823
Pancreatic acinar cells,Spinal cord motor neurons,neither,-1.2678,-1.6633,-1.2111,-1.4406
Pancreatic acinar cells,Spinal cord ventral progenitors,neither,-0.7077,-0.3764,-0.7357,-2.3146
Pancreatic acinar cells,Spinal cord/r7/r8,neither,-1.7744,-1.4235,-1.1978,-1.4486
Pancreatic acinar cells,Sympathetic neurons,neither,-0.8190,-1.3083,-1.7621,-2.5728
Pancreatic acinar cells,Telencephalon,neither,-1.3581,-1.1091,-1.3982,-1.1334
Pancreatic acinar cells,Thalamic neuronal precursors,neither,-2.1008,-2.6627,-4.0163,-2.2533
Pancreatic acinar cells,Ureteric bud,neither,-0.6287,-0.9915,0.0852,-1.3146
Parasympathetic neurons,Posterior roof plate,neither,1.0117,-0.4178,0.4936,-0.5694
Parasympathetic neurons,Pre-epidermal keratinocytes,neither,-1.1106,-1.5663,-1.1791,-1.5943
Parasympathetic neurons,Pre-osteoblasts (Sp7+),neither,-1.5856,-1.5920,-0.0897,-1.7934
Parasympathetic neurons,Primitive erythroid cells,neither,-0.1767,-0.5310,0.1138,-1.0443
Parasympathetic neurons,Retinal ganglion cells,neither,-2.4714,-2.7232,-1.4545,-2.4634
Parasympathetic neurons,Retinal pigment cells,neither,-0.7242,-1.7419,-0.9620,-1.8177
Parasympathetic neurons,Retinal progenitor cells,neither,-1.4056,-3.4688,-0.6016,-1.8280
Parasympathetic neurons,Sclerotome,neither,-0.5950,-1.1981,-0.7902,-1.2986
Parasympathetic neurons,Spinal cord dorsal progenitors,neither,0.0594,-1.1759,-0.3249,-1.2625
Parasympathetic neurons,Spinal cord motor neurons,neither,-0.6513,-1.1632,-1.5094,-1.7927
Parasympathetic neurons,Spinal cord ventral progenitors,neither,-0.4443,-1.2263,-0.7546,-1.2770
Parasympathetic neurons,Spinal cord/r7/r8,neither,-0.1687,-1.3714,-1.3307,-1.4373
Parasympathetic neurons,Sympathetic neurons,K15_only,1.5138,-0.7765,1.1387,-1.0447
Parasympathetic neurons,Telencephalon,neither,-2.0191,-1.3900,-1.6688,-1.3518
Parasympathetic neurons,Thalamic neuronal precursors,neither,-2.4175,-3.0594,-2.6164,-2.6011
Parasympathetic neurons,Ureteric bud,neither,-0.2865,-1.5167,-1.0566,-1.7364
Posterior roof plate,Pre-epidermal keratinocytes,neither,-1.7847,-1.0162,-0.2993,-0.8110
Posterior roof plate,Pre-osteoblasts (Sp7+),neither,-0.5613,-1.3331,-0.4084,-0.7004
Posterior roof plate,Primitive erythroid cells,neither,-0.5770,-1.0011,-0.3342,-1.2675
Posterior roof plate,Retinal ganglion cells,neither,-1.4717,-2.3813,-1.6866,-2.1115
Posterior roof plate,Retinal pigment cells,neither,-0.3268,-2.2851,-0.3688,-0.8464
Posterior roof plate,Retinal progenitor cells,neither,-0.7166,-2.3314,-0.7006,-3.3491
Posterior roof plate,Sclerotome,neither,-0.7349,-0.4266,-0.3162,-0.3978
Posterior roof plate,Spinal cord dorsal progenitors,K200_only,0.6624,0.3999,1.0505,0.5892
Posterior roof plate,Spinal cord motor neurons,neither,-0.2920,0.2109,0.2968,0.4755
Posterior roof plate,Spinal cord ventral progenitors,neither,-0.1389,0.0304,0.2096,0.4176
Posterior roof plate,Spinal cord/r7/r8,K15_only,1.3985,0.0106,1.6830,0.1137
Posterior roof plate,Sympathetic neurons,K15_only,1.7117,0.2620,1.9501,0.4102
Posterior roof plate,Telencephalon,neither,-1.7068,-0.4681,-1.3001,-0.4830
Posterior roof plate,Thalamic neuronal precursors,neither,-1.7493,-2.2654,-1.8196,-1.6671
Posterior roof plate,Ureteric bud,neither,-1.0265,-1.6130,-0.9789,-1.8149
Pre-epidermal keratinocytes,Pre-osteoblasts (Sp7+),neither,-0.6220,-1.0158,-0.3971,-0.9593
Pre-epidermal keratinocytes,Primitive erythroid cells,neither,-1.3926,-0.9691,-0.4450,-0.8158
Pre-epidermal keratinocytes,Retinal ganglion cells,neither,-1.6677,-2.1614,-2.3489,-2.2714
Pre-epidermal keratinocytes,Retinal pigment cells,neither,-1.0821,-1.4535,-2.1778,-1.1836
Pre-epidermal keratinocytes,Retinal progenitor cells,neither,-1.6140,-1.6960,-1.6368,-1.7918
Pre-epidermal keratinocytes,Sclerotome,neither,-1.0039,-0.9365,-0.8554,-0.8567
Pre-epidermal keratinocytes,Spinal cord dorsal progenitors,neither,-1.0571,-1.1083,-0.9932,-1.1136
Pre-epidermal keratinocytes,Spinal cord motor neurons,neither,-0.8669,-1.1589,-0.9833,-1.1107
Pre-epidermal keratinocytes,Spinal cord ventral progenitors,neither,-1.2308,-0.9591,-1.1151,-1.0952
Pre-epidermal keratinocytes,Spinal cord/r7/r8,neither,-1.1746,-1.1662,-1.0003,-1.1474
Pre-epidermal keratinocytes,Sympathetic neurons,neither,-1.4541,-1.6027,-0.6660,-1.4748
Pre-epidermal keratinocytes,Telencephalon,neither,-1.8356,-1.0210,-1.6405,-0.9094
Pre-epidermal keratinocytes,Thalamic neuronal precursors,neither,-2.2985,-2.5397,-1.9291,-1.9893
Pre-epidermal keratinocytes,Ureteric bud,neither,-1.4369,-1.5843,-1.7229,-1.6973
Pre-osteoblasts (Sp7+),Primitive erythroid cells,neither,0.1723,-0.5801,-1.1643,-1.2922
Pre-osteoblasts (Sp7+),Retinal ganglion cells,neither,-1.2213,-3.1083,-1.9471,-2.6422
Pre-osteoblasts (Sp7+),Retinal pigment cells,neither,-0.8949,-2.0982,-1.2553,-2.2924
Pre-osteoblasts (Sp7+),Retinal progenitor cells,neither,-0.6668,-2.8441,-1.9918,-2.5108
Pre-osteoblasts (Sp7+),Sclerotome,K15_only,0.7099,-0.5744,0.4926,-0.4885
Pre-osteoblasts (Sp7+),Spinal cord dorsal progenitors,neither,-0.9752,-0.9441,-0.5215,-0.8617
Pre-osteoblasts (Sp7+),Spinal cord motor neurons,neither,-0.7423,-1.2507,-1.3911,-1.2133
Pre-osteoblasts (Sp7+),Spinal cord ventral progenitors,neither,-0.7554,-0.6516,0.6458,-0.5150
Pre-osteoblasts (Sp7+),Spinal cord/r7/r8,neither,-0.7083,-1.0762,-1.2017,-1.0228
Pre-osteoblasts (Sp7+),Sympathetic neurons,neither,-0.6474,-1.4606,-0.9467,-1.5764
Pre-osteoblasts (Sp7+),Telencephalon,neither,-1.5255,-0.8462,-1.4260,-0.6417
Pre-osteoblasts (Sp7+),Thalamic neuronal precursors,neither,-2.0222,-2.3761,-2.3272,-1.8169
Pre-osteoblasts (Sp7+),Ureteric bud,neither,-0.1720,-1.1606,-0.9066,-1.5681
Primitive erythroid cells,Retinal ganglion cells,neither,0.2569,-2.0765,-0.4139,-1.5053
Primitive erythroid cells,Retinal pigment cells,neither,-0.2828,-1.0381,-0.2851,-1.0914
Primitive erythroid cells,Retinal progenitor cells,neither,-0.6305,-1.4630,-0.5548,-0.3825
Primitive erythroid cells,Sclerotome,neither,-0.7375,-0.3577,-0.5735,-0.4044
Primitive erythroid cells,Spinal cord dorsal progenitors,neither,0.3802,-0.4835,0.2398,-0.7150
Primitive erythroid cells,Spinal cord motor neurons,neither,-0.1275,-0.6175,-0.0579,-0.0244
Primitive erythroid cells,Spinal cord ventral progenitors,neither,-0.0174,-0.3818,-0.6297,-0.7813
Primitive erythroid cells,Spinal cord/r7/r8,neither,-1.4134,-0.8262,0.2201,-0.5104
Primitive erythroid cells,Sympathetic neurons,neither,0.2374,-1.2031,0.4305,-0.7594
Primitive erythroid cells,Telencephalon,neither,-1.0723,-0.3802,-0.9788,-0.2802
Primitive erythroid cells,Thalamic neuronal precursors,neither,-1.1661,-2.0337,-0.4320,-0.9516
Primitive erythroid cells,Ureteric bud,neither,-0.9135,-0.6396,-0.7894,-0.8352
Retinal ganglion cells,Retinal pigment cells,both_K,2.6266,1.3563,3.1277,0.8227
Retinal ganglion cells,Retinal progenitor cells,both_K,4.9655,1.8303,4.3944,0.8783
Retinal ganglion cells,Sclerotome,neither,-1.9007,-1.8179,-1.8654,-1.8003
Retinal ganglion cells,Spinal cord dorsal progenitors,neither,-1.8424,-2.0739,-1.5127,-2.0588
Retinal ganglion cells,Spinal cord motor neurons,neither,-1.2035,-2.4958,-2.3521,-2.4253
Retinal ganglion cells,Spinal cord ventral progenitors,neither,-1.2307,-1.5176,-0.5006,-1.8883
Retinal ganglion cells,Spinal cord/r7/r8,neither,-1.7821,-2.2654,-1.5427,-1.9632
Retinal ganglion cells,Sympathetic neurons,neither,-1.9772,-3.3253,-2.1501,-2.9713
Retinal ganglion cells,Telencephalon,neither,-0.7136,-1.2969,-1.0482,-1.5350
Retinal ganglion cells,Thalamic neuronal precursors,neither,-1.6104,-2.5202,-2.4981,-2.5503
Retinal ganglion cells,Ureteric bud,neither,-1.0658,-3.0700,-2.8482,-3.0671
Retinal pigment cells,Retinal progenitor cells,K200_only,1.2251,2.2572,3.1994,1.9406
Retinal pigment cells,Sclerotome,neither,-1.8644,-1.1044,-1.0694,-0.7238
Retinal pigment cells,Spinal cord dorsal progenitors,neither,-0.5708,-1.3172,-1.2061,-1.2675
Retinal pigment cells,Spinal cord motor neurons,neither,-1.1228,-0.9522,-0.1435,-1.2166
Retinal pigment cells,Spinal cord ventral progenitors,neither,-0.6132,-0.4806,-0.6885,-0.9629
Retinal pigment cells,Spinal cord/r7/r8,neither,-1.5440,-1.1399,-2.0904,-1.3128
Retinal pigment cells,Sympathetic neurons,neither,-0.6392,-3.1794,-1.6777,-1.4033
Retinal pigment cells,Telencephalon,neither,-0.3564,-0.5198,-0.7791,-0.5662
Retinal pigment cells,Thalamic neuronal precursors,neither,-0.6425,-1.4239,-1.5810,-1.4429
Retinal pigment cells,Ureteric bud,neither,-0.5429,-1.2905,-0.8592,-2.0212
Retinal progenitor cells,Sclerotome,neither,-1.8064,-1.4618,-1.7316,-1.2067
Retinal progenitor cells,Spinal cord dorsal progenitors,neither,-0.2847,-1.4789,-2.1305,-1.8412
Retinal progenitor cells,Spinal cord motor neurons,neither,-1.9927,-1.9786,-0.8461,-1.9184
Retinal progenitor cells,Spinal cord ventral progenitors,neither,-0.2265,-1.0200,-0.2095,-0.5697
Retinal progenitor cells,Spinal cord/r7/r8,neither,-2.3648,-1.8023,-0.7769,-1.2717
Retinal progenitor cells,Sympathetic neurons,neither,-2.6671,-2.7906,-0.9311,-2.0941
Retinal progenitor cells,Telencephalon,neither,-0.5170,-0.8702,-0.7518,-0.8813
Retinal progenitor cells,Thalamic neuronal precursors,neither,-1.3850,-1.8629,-1.1450,-1.8901
Retinal progenitor cells,Ureteric bud,neither,-1.1084,-1.6629,-1.4579,-3.6076
Sclerotome,Spinal cord dorsal progenitors,neither,-0.6959,-0.6541,-0.6014,-0.6093
Sclerotome,Spinal cord motor neurons,neither,-0.4821,-0.6605,-0.5747,-0.7006
Sclerotome,Spinal cord ventral progenitors,neither,-0.6196,-0.4202,-0.3423,-0.3682
Sclerotome,Spinal cord/r7/r8,neither,-0.7015,-0.7528,-0.6179,-0.6918
Sclerotome,Sympathetic neurons,neither,-1.0103,-1.2352,-0.8964,-1.2339
Sclerotome,Telencephalon,neither,-1.8279,-0.7113,-1.5386,-0.5495
Sclerotome,Thalamic neuronal precursors,neither,-2.4584,-2.2004,-1.9002,-1.5913
Sclerotome,Ureteric bud,neither,-1.0418,-1.1735,-1.1262,-1.3994
Spinal cord dorsal progenitors,Spinal cord motor neurons,K15_only,1.1527,-0.1086,1.0453,-0.2222
Spinal cord dorsal progenitors,Spinal cord ventral progenitors,neither,0.6387,0.1631,0.8405,0.2199
Spinal cord dorsal progenitors,Spinal cord/r7/r8,K15_only,1.5686,-0.3497,1.6731,-0.3447
Spinal cord dorsal progenitors,Sympathetic neurons,neither,-0.0276,-0.9321,-0.2609,-0.9048
Spinal cord dorsal progenitors,Telencephalon,neither,-1.5227,-0.6923,-1.4201,-0.6071
Spinal cord dorsal progenitors,Thalamic neuronal precursors,neither,-2.6487,-2.4312,-1.6102,-1.8090
Spinal cord dorsal progenitors,Ureteric bud,neither,-0.9163,-1.2679,-0.3838,-1.5968
Spinal cord motor neurons,Spinal cord ventral progenitors,both_K,1.9285,0.5826,2.2378,0.6089
Spinal cord motor neurons,Spinal cord/r7/r8,K15_only,1.2196,-0.3944,1.4852,-0.3690
Spinal cord motor neurons,Sympathetic neurons,neither,-0.2162,-0.8241,-0.4017,-1.0974
Spinal cord motor neurons,Telencephalon,neither,-1.7258,-0.7385,-1.8432,-0.7808
Spinal cord motor neurons,Thalamic neuronal precursors,neither,-2.5492,-2.7228,-1.4878,-1.6252
Spinal cord motor neurons,Ureteric bud,neither,-1.5369,-1.3592,-0.7457,-1.4156
Spinal cord ventral progenitors,Spinal cord/r7/r8,K15_only,0.9950,-0.1677,0.9385,-0.1703
Spinal cord ventral progenitors,Sympathetic neurons,neither,-0.1374,-1.1527,0.1052,-0.8838
Spinal cord ventral progenitors,Telencephalon,neither,-1.2004,-0.3887,-1.3614,-0.2809
Spinal cord ventral progenitors,Thalamic neuronal precursors,neither,-1.1907,-2.1506,-0.9984,-1.1675
Spinal cord ventral progenitors,Ureteric bud,neither,0.3399,-0.7302,-1.6034,-1.4343
Spinal cord/r7/r8,Sympathetic neurons,neither,0.2815,-1.0931,0.5272,-1.0181
Spinal cord/r7/r8,Telencephalon,neither,-1.5802,-0.8208,-1.4027,-0.7012
Spinal cord/r7/r8,Thalamic neuronal precursors,neither,-2.3701,-2.3326,-1.6420,-1.7667
Spinal cord/r7/r8,Ureteric bud,neither,-1.0270,-1.3311,-1.2442,-1.8254
Sympathetic neurons,Telencephalon,neither,-2.1870,-1.3671,-1.6310,-1.2653
Sympathetic neurons,Thalamic neuronal precursors,neither,-3.0983,-2.8895,-1.8979,-2.1921
Sympathetic neurons,Ureteric bud,neither,-0.4597,-1.7512,-0.7365,-2.1551
Telencephalon,Thalamic neuronal precursors,neither,-1.7559,-1.9380,-1.4962,-1.4939
Telencephalon,Ureteric bud,neither,-1.9491,-1.4295,-1.9285,-1.4328
Thalamic neuronal precursors,Ureteric bud,neither,-2.7898,-3.3480,-2.9858,-2.6247
