"gini","gini_obs"
0.501217866768404,0.79672089253819
0.497092534989607,0.79672089253819
0.504277117207724,0.79672089253819
0.500535725493052,0.79672089253819
0.502185847100375,0.79672089253819
0.501395537906267,0.79672089253819
0.497872944916706,0.79672089253819
0.501135381964608,0.79672089253819
0.505451063410135,0.79672089253819
0.501466694941435,0.79672089253819
0.505504492806935,0.79672089253819
0.507407905290637,0.79672089253819
0.496033572390045,0.79672089253819
0.496060564615001,0.79672089253819
0.487332584053707,0.79672089253819
0.495387408431348,0.79672089253819
0.501295153360315,0.79672089253819
0.494710961124072,0.79672089253819
0.494887294927216,0.79672089253819
0.494173096197964,0.79672089253819
0.495858580925511,0.79672089253819
0.505412584070482,0.79672089253819
0.497672431913792,0.79672089253819
0.504893962871032,0.79672089253819
0.499854404199987,0.79672089253819
0.491826969961956,0.79672089253819
0.501131636970579,0.79672089253819
0.500049122475451,0.79672089253819
0.504099278700072,0.79672089253819
0.500536308416686,0.79672089253819
0.504042593888193,0.79672089253819
0.499474662720976,0.79672089253819
0.499267626204123,0.79672089253819
0.493599072520552,0.79672089253819
0.49861562466102,0.79672089253819
0.506974245126823,0.79672089253819
0.487160849998782,0.79672089253819
0.503562848864186,0.79672089253819
0.495227342171347,0.79672089253819
0.502940016981608,0.79672089253819
0.49536924960445,0.79672089253819
0.501507817522778,0.79672089253819
0.496985708023392,0.79672089253819
0.511552535885634,0.79672089253819
0.498900759536867,0.79672089253819
0.503212256534312,0.79672089253819
0.502088040966067,0.79672089253819
0.503290007165084,0.79672089253819
0.499391661789384,0.79672089253819
0.497332064188828,0.79672089253819
0.496099885619385,0.79672089253819
0.50077880596805,0.79672089253819
0.497884152256251,0.79672089253819
0.506966495423739,0.79672089253819
0.505281938996794,0.79672089253819
0.495428343566531,0.79672089253819
0.495911816006999,0.79672089253819
0.499201309417431,0.79672089253819
0.497022186761942,0.79672089253819
0.495599808521636,0.79672089253819
0.497322214444285,0.79672089253819
0.497779629620728,0.79672089253819
0.501305668312305,0.79672089253819
0.499737096541974,0.79672089253819
0.500155108128444,0.79672089253819
0.503587636402116,0.79672089253819
0.504887225248583,0.79672089253819
0.490167861952628,0.79672089253819
0.497038096658303,0.79672089253819
0.500190665536351,0.79672089253819
0.496920085563109,0.79672089253819
0.494181586088198,0.79672089253819
0.495668251423205,0.79672089253819
0.49118297013968,0.79672089253819
0.491633332450827,0.79672089253819
0.492693132655105,0.79672089253819
0.498003538556965,0.79672089253819
0.502427505642454,0.79672089253819
0.493097373858217,0.79672089253819
0.498482714542953,0.79672089253819
0.501146446967151,0.79672089253819
0.495146800232708,0.79672089253819
0.496629504859341,0.79672089253819
0.502203599466563,0.79672089253819
0.499909637378582,0.79672089253819
0.505603492227372,0.79672089253819
0.500004921745728,0.79672089253819
0.498553400523057,0.79672089253819
0.500554140518377,0.79672089253819
0.50275588793153,0.79672089253819
0.501908126724669,0.79672089253819
0.498699845590587,0.79672089253819
0.484795742050664,0.79672089253819
0.50100879526683,0.79672089253819
0.49259959990713,0.79672089253819
0.503009565620641,0.79672089253819
0.508251729974192,0.79672089253819
0.497733954803629,0.79672089253819
0.506825635336851,0.79672089253819
0.498840389481264,0.79672089253819
0.494243352653536,0.79672089253819
0.505435700107206,0.79672089253819
0.5041701811787,0.79672089253819
0.499328207172355,0.79672089253819
0.507932639066576,0.79672089253819
0.498806406370497,0.79672089253819
0.50019767205489,0.79672089253819
0.498039277207379,0.79672089253819
0.502529456106359,0.79672089253819
0.496632028720238,0.79672089253819
0.494596918800348,0.79672089253819
0.498829341987307,0.79672089253819
0.493410557596109,0.79672089253819
0.501337781114079,0.79672089253819
0.490880773256466,0.79672089253819
0.500439074510159,0.79672089253819
0.48766732140444,0.79672089253819
0.501745340683652,0.79672089253819
0.49233638759639,0.79672089253819
0.507772205050671,0.79672089253819
0.496778965854819,0.79672089253819
0.489433090396446,0.79672089253819
0.499408520867809,0.79672089253819
0.48993042347179,0.79672089253819
0.493961671269759,0.79672089253819
0.500533305868962,0.79672089253819
0.497424342760005,0.79672089253819
0.507928447737821,0.79672089253819
0.489712866525869,0.79672089253819
0.504071794132254,0.79672089253819
0.496598079627951,0.79672089253819
0.492210573607928,0.79672089253819
0.498799793905728,0.79672089253819
0.503513622798898,0.79672089253819
0.504164996964379,0.79672089253819
0.496374590999412,0.79672089253819
0.506650255814024,0.79672089253819
0.500712650630936,0.79672089253819
0.503535838165569,0.79672089253819
0.503898060756086,0.79672089253819
0.49517246469866,0.79672089253819
0.499817322299177,0.79672089253819
0.506803104993081,0.79672089253819
0.496460743170547,0.79672089253819
0.503352158197211,0.79672089253819
0.498855793335175,0.79672089253819
0.500221419057399,0.79672089253819
0.505223448440083,0.79672089253819
0.49998852422982,0.79672089253819
0.503211481832671,0.79672089253819
0.49935866259398,0.79672089253819
0.497767871201929,0.79672089253819
0.496411334971711,0.79672089253819
0.501382242911094,0.79672089253819
0.503528504173153,0.79672089253819
0.50670496473357,0.79672089253819
0.498167817439571,0.79672089253819
0.497933122797715,0.79672089253819
0.502079081447021,0.79672089253819
0.50326598289647,0.79672089253819
0.50421774484221,0.79672089253819
0.498087105785364,0.79672089253819
0.501364078659757,0.79672089253819
0.500256930992527,0.79672089253819
0.500015505104604,0.79672089253819
0.507294085815218,0.79672089253819
0.499130919140231,0.79672089253819
0.494559823417742,0.79672089253819
0.497472647575891,0.79672089253819
0.495245968714555,0.79672089253819
0.501992748979936,0.79672089253819
0.495833036711494,0.79672089253819
0.499600003518408,0.79672089253819
0.500060031528795,0.79672089253819
0.500587885721859,0.79672089253819
0.501999971115807,0.79672089253819
0.499066971008329,0.79672089253819
0.488528216756549,0.79672089253819
0.502713694081335,0.79672089253819
0.506424928146021,0.79672089253819
0.5034234595354,0.79672089253819
0.507338400108351,0.79672089253819
0.503202713256192,0.79672089253819
0.498417889113713,0.79672089253819
0.505537818445607,0.79672089253819
0.489836721324439,0.79672089253819
0.500588923174236,0.79672089253819
0.496828640915613,0.79672089253819
0.497531486033488,0.79672089253819
0.496723365724546,0.79672089253819
0.495496905622257,0.79672089253819
0.50319417118738,0.79672089253819
0.501893940758694,0.79672089253819
0.502734319195958,0.79672089253819
0.498007836013994,0.79672089253819
0.502141913634025,0.79672089253819
0.505109874572891,0.79672089253819
0.497340878935742,0.79672089253819
0.498728645455853,0.79672089253819
0.504695493221885,0.79672089253819
0.498299794908789,0.79672089253819
0.49772895937436,0.79672089253819
0.501248153816252,0.79672089253819
0.500341493633202,0.79672089253819
0.502670154429189,0.79672089253819
0.493799792663952,0.79672089253819
0.492450507713489,0.79672089253819
0.500030580790906,0.79672089253819
0.50354117179233,0.79672089253819
0.494733693090175,0.79672089253819
0.498149791311428,0.79672089253819
0.491445999037998,0.79672089253819
0.495993939214361,0.79672089253819
0.497478093813008,0.79672089253819
0.501706166701042,0.79672089253819
0.497427552126259,0.79672089253819
0.498121659486315,0.79672089253819
0.501444668060677,0.79672089253819
0.499540871355883,0.79672089253819
0.499177770752502,0.79672089253819
0.508158612689711,0.79672089253819
0.49821549127608,0.79672089253819
0.498438837736509,0.79672089253819
0.501298231218285,0.79672089253819
0.489423435085092,0.79672089253819
0.496643313700145,0.79672089253819
0.50449738406808,0.79672089253819
0.499254179312635,0.79672089253819
0.4972810806416,0.79672089253819
0.497484605009618,0.79672089253819
0.501138356632395,0.79672089253819
0.502687821867703,0.79672089253819
0.498103006342384,0.79672089253819
0.499017379123118,0.79672089253819
0.493172763973162,0.79672089253819
0.498867084541333,0.79672089253819
0.491556419449825,0.79672089253819
0.493964728318772,0.79672089253819
0.49589437386077,0.79672089253819
0.501271366549561,0.79672089253819
0.50559585635205,0.79672089253819
0.495829147881814,0.79672089253819
0.503054570782512,0.79672089253819
0.505017824141607,0.79672089253819
0.505377510608706,0.79672089253819
0.498629957641627,0.79672089253819
0.494773572324347,0.79672089253819
0.49979815379773,0.79672089253819
0.498804552829135,0.79672089253819
0.49668842765789,0.79672089253819
0.502149014015347,0.79672089253819
0.506538650156957,0.79672089253819
0.494987160038966,0.79672089253819
0.498568920435885,0.79672089253819
0.50246840944731,0.79672089253819
0.49980730429742,0.79672089253819
0.500516820212575,0.79672089253819
0.503960561964704,0.79672089253819
0.496228077229763,0.79672089253819
0.492374901441615,0.79672089253819
0.502329287157996,0.79672089253819
0.506557788441797,0.79672089253819
0.505134141999052,0.79672089253819
0.500052764227587,0.79672089253819
0.494140735249783,0.79672089253819
0.500444871668438,0.79672089253819
0.501679042596251,0.79672089253819
0.498688964757824,0.79672089253819
0.499134214955092,0.79672089253819
0.500199300719697,0.79672089253819
0.508316003284477,0.79672089253819
0.499132465442773,0.79672089253819
0.502868263811323,0.79672089253819
0.503382378641596,0.79672089253819
0.499230761935382,0.79672089253819
0.503167151517063,0.79672089253819
0.503633737973071,0.79672089253819
0.499082513295583,0.79672089253819
0.497228303302342,0.79672089253819
0.491527646703338,0.79672089253819
0.498632245087244,0.79672089253819
0.49871551684121,0.79672089253819
0.496692112128681,0.79672089253819
0.504481839893306,0.79672089253819
0.498861428521171,0.79672089253819
0.499208735968076,0.79672089253819
0.503546037487422,0.79672089253819
0.499238947593892,0.79672089253819
0.503579280143148,0.79672089253819
0.493098929335545,0.79672089253819
0.494912997787008,0.79672089253819
0.497295051536359,0.79672089253819
0.503624357525056,0.79672089253819
0.499430212765835,0.79672089253819
0.500665577626083,0.79672089253819
0.49939560540536,0.79672089253819
0.502299174429631,0.79672089253819
0.496270443430099,0.79672089253819
0.501072277681928,0.79672089253819
0.507297362062665,0.79672089253819
0.500192724712145,0.79672089253819
0.498747421241396,0.79672089253819
0.506284052880455,0.79672089253819
0.487968456070834,0.79672089253819
0.504967743693737,0.79672089253819
0.48855429600588,0.79672089253819
0.489809999941186,0.79672089253819
0.50813027225767,0.79672089253819
0.504246274174291,0.79672089253819
0.502008610574462,0.79672089253819
0.501425570779573,0.79672089253819
0.487977205955546,0.79672089253819
0.498745655489354,0.79672089253819
0.496350826389515,0.79672089253819
0.495916062682718,0.79672089253819
0.50023068550121,0.79672089253819
0.493974914681785,0.79672089253819
0.498723637290623,0.79672089253819
0.503306877061676,0.79672089253819
0.50050831075139,0.79672089253819
0.495962304348018,0.79672089253819
0.50016864248147,0.79672089253819
0.496399514459332,0.79672089253819
0.496773840345164,0.79672089253819
0.500357217497589,0.79672089253819
0.495578478823926,0.79672089253819
0.499373054279708,0.79672089253819
0.501217418190956,0.79672089253819
0.497922697633005,0.79672089253819
0.500286763778765,0.79672089253819
0.497236087293528,0.79672089253819
0.498398486603941,0.79672089253819
0.501446103142583,0.79672089253819
0.508527783427025,0.79672089253819
0.494408707680165,0.79672089253819
0.504341952800586,0.79672089253819
0.489846424422992,0.79672089253819
0.50622410931272,0.79672089253819
0.499823768188385,0.79672089253819
0.50432464217137,0.79672089253819
0.49884750365436,0.79672089253819
0.508371298181462,0.79672089253819
0.507563749426458,0.79672089253819
0.502614790826766,0.79672089253819
0.499300407431974,0.79672089253819
0.49921138757171,0.79672089253819
0.493596719389269,0.79672089253819
0.503174390375083,0.79672089253819
0.498532231754359,0.79672089253819
0.49897515330196,0.79672089253819
0.507802935350634,0.79672089253819
0.50513863625415,0.79672089253819
0.501979206110781,0.79672089253819
0.505942592113801,0.79672089253819
0.494038393424184,0.79672089253819
0.49739819126616,0.79672089253819
0.499779282517233,0.79672089253819
0.498393875058342,0.79672089253819
0.491575734669898,0.79672089253819
0.496969015350066,0.79672089253819
0.49995294989763,0.79672089253819
0.499231682133088,0.79672089253819
0.500329254857422,0.79672089253819
0.502181849435515,0.79672089253819
0.495705257511797,0.79672089253819
0.504426955254252,0.79672089253819
0.501776748121267,0.79672089253819
0.496276863527891,0.79672089253819
0.496399326945984,0.79672089253819
0.498436525245506,0.79672089253819
0.494813160491125,0.79672089253819
0.504185411686514,0.79672089253819
0.503700712879644,0.79672089253819
0.496879195081113,0.79672089253819
0.497163725363444,0.79672089253819
0.49530767887763,0.79672089253819
0.504154817961734,0.79672089253819
0.499478143936644,0.79672089253819
0.491242630783927,0.79672089253819
0.497256144633152,0.79672089253819
0.499652301239607,0.79672089253819
0.499320382095522,0.79672089253819
0.498840155529639,0.79672089253819
0.505335559691947,0.79672089253819
0.506336199464635,0.79672089253819
0.500570999907614,0.79672089253819
0.491996911261966,0.79672089253819
0.490427368509891,0.79672089253819
0.50201444085768,0.79672089253819
0.501188061303868,0.79672089253819
0.496654109488695,0.79672089253819
0.504187854425368,0.79672089253819
0.501578085215356,0.79672089253819
0.508256134222564,0.79672089253819
0.502089301629458,0.79672089253819
0.499389259943029,0.79672089253819
0.506934452762034,0.79672089253819
0.500248422959525,0.79672089253819
0.50451295219429,0.79672089253819
0.496050913096463,0.79672089253819
0.499071742661658,0.79672089253819
0.503095857113831,0.79672089253819
0.494235176156485,0.79672089253819
0.497117140570928,0.79672089253819
0.50462008125942,0.79672089253819
0.505127414131034,0.79672089253819
0.505093626538398,0.79672089253819
0.499858852031141,0.79672089253819
0.503885714652206,0.79672089253819
0.498067112606627,0.79672089253819
0.504351839421373,0.79672089253819
0.49749640856107,0.79672089253819
0.498730767945863,0.79672089253819
0.500811873594188,0.79672089253819
0.498029180744074,0.79672089253819
0.504679244835924,0.79672089253819
0.502490399402821,0.79672089253819
0.501824915156797,0.79672089253819
0.498232848079839,0.79672089253819
0.505809892237949,0.79672089253819
0.493625925744204,0.79672089253819
0.496941536803602,0.79672089253819
0.495431901398306,0.79672089253819
0.491741115955409,0.79672089253819
0.493833170615342,0.79672089253819
0.500583867794688,0.79672089253819
0.496690869271897,0.79672089253819
0.492535729033944,0.79672089253819
0.497727232997061,0.79672089253819
0.489384823557607,0.79672089253819
0.500172920192603,0.79672089253819
0.499568154672685,0.79672089253819
0.492131958742241,0.79672089253819
0.4929218280803,0.79672089253819
0.498838047193547,0.79672089253819
0.499550263412557,0.79672089253819
0.497233264969264,0.79672089253819
0.499352907959457,0.79672089253819
0.505015770816808,0.79672089253819
0.511176555287761,0.79672089253819
0.497474797577683,0.79672089253819
0.505424067141524,0.79672089253819
0.505866597293573,0.79672089253819
0.494262421676111,0.79672089253819
0.504885109834495,0.79672089253819
0.500370614661047,0.79672089253819
0.500806118640633,0.79672089253819
0.497354421998689,0.79672089253819
0.504096443797302,0.79672089253819
0.496654302117974,0.79672089253819
0.505418262870208,0.79672089253819
0.503093281876307,0.79672089253819
0.501074059282665,0.79672089253819
0.500714725213901,0.79672089253819
0.501134434515291,0.79672089253819
0.501968695048984,0.79672089253819
0.508022718925422,0.79672089253819
0.506613126617812,0.79672089253819
0.506070441699313,0.79672089253819
0.501677309645377,0.79672089253819
0.488886645870499,0.79672089253819
0.514244870891271,0.79672089253819
0.488804206644608,0.79672089253819
0.50183713947757,0.79672089253819
0.498557430240976,0.79672089253819
0.49883743011511,0.79672089253819
0.509601801083149,0.79672089253819
0.492455431007512,0.79672089253819
0.498888443730515,0.79672089253819
0.509022508308427,0.79672089253819
0.494388255620374,0.79672089253819
0.495018389501051,0.79672089253819
0.503743982491983,0.79672089253819
0.495801322295949,0.79672089253819
0.50308924787399,0.79672089253819
0.489455580609471,0.79672089253819
0.50198045064255,0.79672089253819
0.501018864089074,0.79672089253819
0.489551667889866,0.79672089253819
0.492778330218122,0.79672089253819
0.500216954258601,0.79672089253819
0.500460547034609,0.79672089253819
0.505032984021191,0.79672089253819
0.505726101543916,0.79672089253819
0.491029509127737,0.79672089253819
0.498996799552366,0.79672089253819
0.500248190734835,0.79672089253819
0.499984112604473,0.79672089253819
0.496806384101824,0.79672089253819
0.504462946832296,0.79672089253819
0.498353146283409,0.79672089253819
0.497506089473161,0.79672089253819
0.496904695602847,0.79672089253819
0.503540659429889,0.79672089253819
0.499075116662243,0.79672089253819
0.499752853137649,0.79672089253819
0.495530804486779,0.79672089253819
0.502138039249713,0.79672089253819
0.498584746779122,0.79672089253819
0.507479805475354,0.79672089253819
0.504152957216598,0.79672089253819
0.495782441136174,0.79672089253819
0.502499584969443,0.79672089253819
0.498282574285174,0.79672089253819
0.49618724808596,0.79672089253819
0.503473711744404,0.79672089253819
0.498633939962702,0.79672089253819
0.501553380738087,0.79672089253819
0.496271676164857,0.79672089253819
0.505579945597101,0.79672089253819
0.510710825245668,0.79672089253819
0.504099486817667,0.79672089253819
0.49909087341628,0.79672089253819
0.494044215195256,0.79672089253819
0.503833912501334,0.79672089253819
0.502326349338377,0.79672089253819
0.50282936869036,0.79672089253819
0.501566815783043,0.79672089253819
0.497868563251965,0.79672089253819
0.500703762797584,0.79672089253819
0.487494793803861,0.79672089253819
0.500889431836788,0.79672089253819
0.506386680426437,0.79672089253819
0.49768060149477,0.79672089253819
0.502866504264088,0.79672089253819
0.493840686889025,0.79672089253819
0.501679936731963,0.79672089253819
0.500343272248006,0.79672089253819
0.502664449061803,0.79672089253819
0.497475481125217,0.79672089253819
0.50520635033571,0.79672089253819
0.49453352365329,0.79672089253819
0.500694540896893,0.79672089253819
0.495673677504619,0.79672089253819
0.502907226885318,0.79672089253819
0.499118068406505,0.79672089253819
0.50974165654382,0.79672089253819
0.499589296687324,0.79672089253819
0.503863546277697,0.79672089253819
0.489905511618068,0.79672089253819
0.498863277819997,0.79672089253819
0.499986669645066,0.79672089253819
0.506461677099924,0.79672089253819
0.501849950510673,0.79672089253819
0.489643736629181,0.79672089253819
0.49633902820982,0.79672089253819
0.496425258476049,0.79672089253819
0.505535051966841,0.79672089253819
0.490141550728166,0.79672089253819
0.503280414278236,0.79672089253819
0.503367538612925,0.79672089253819
0.499206516387891,0.79672089253819
0.49708172054468,0.79672089253819
0.493111372711316,0.79672089253819
0.49711168462584,0.79672089253819
0.495694471040259,0.79672089253819
0.496281995423967,0.79672089253819
0.498517691065723,0.79672089253819
0.501814866073406,0.79672089253819
0.491237021982395,0.79672089253819
0.500128990902843,0.79672089253819
0.50275524172016,0.79672089253819
0.49526494792835,0.79672089253819
0.496813747134555,0.79672089253819
0.497350560572347,0.79672089253819
0.502287070359105,0.79672089253819
0.49936194881036,0.79672089253819
0.50132931657409,0.79672089253819
0.496729880310759,0.79672089253819
0.501859869805737,0.79672089253819
0.496741350397273,0.79672089253819
0.492405596263517,0.79672089253819
0.496843488393601,0.79672089253819
0.497072326877608,0.79672089253819
0.501915129981257,0.79672089253819
0.503082269645446,0.79672089253819
0.500538883320208,0.79672089253819
0.487393879242272,0.79672089253819
0.496980268549248,0.79672089253819
0.498057518614825,0.79672089253819
0.501762193930481,0.79672089253819
0.503275905273945,0.79672089253819
0.49769103660573,0.79672089253819
0.497591008704052,0.79672089253819
0.50147188712537,0.79672089253819
0.496565782501406,0.79672089253819
0.497990719061166,0.79672089253819
0.505368024652417,0.79672089253819
0.501995937501986,0.79672089253819
0.507268950608161,0.79672089253819
0.496288539985446,0.79672089253819
0.500399805663196,0.79672089253819
0.499497315877059,0.79672089253819
0.496201541478887,0.79672089253819
0.494955677067972,0.79672089253819
0.49420442827055,0.79672089253819
0.490491688369732,0.79672089253819
0.498671071744198,0.79672089253819
0.500871676780356,0.79672089253819
0.499480700305752,0.79672089253819
0.496824693392174,0.79672089253819
0.49678492888979,0.79672089253819
0.505809601542073,0.79672089253819
0.497744288536675,0.79672089253819
0.489746211170344,0.79672089253819
0.49805167556696,0.79672089253819
0.5010969021164,0.79672089253819
0.494173395353747,0.79672089253819
0.498607800058124,0.79672089253819
0.501465812584634,0.79672089253819
0.500397966433937,0.79672089253819
0.507281551728146,0.79672089253819
0.496450051119682,0.79672089253819
0.501062531593302,0.79672089253819
0.500597347437574,0.79672089253819
0.51167745479973,0.79672089253819
0.494383355820679,0.79672089253819
0.503084106652681,0.79672089253819
0.5056464021635,0.79672089253819
0.492205401483512,0.79672089253819
0.501347612131467,0.79672089253819
0.499359621990362,0.79672089253819
0.505898816444509,0.79672089253819
0.493671231201895,0.79672089253819
0.49301322306311,0.79672089253819
0.505611351740915,0.79672089253819
0.496686689187791,0.79672089253819
0.500559163810263,0.79672089253819
0.502074804311945,0.79672089253819
0.499962365171565,0.79672089253819
0.496691358464494,0.79672089253819
0.495284757984341,0.79672089253819
0.503254480734816,0.79672089253819
0.496653118994933,0.79672089253819
0.490220797951559,0.79672089253819
0.50146330685684,0.79672089253819
0.504242697423686,0.79672089253819
0.496508216502381,0.79672089253819
0.491401125316812,0.79672089253819
0.505955465700227,0.79672089253819
0.499827007699442,0.79672089253819
0.501344324574603,0.79672089253819
0.499264119105204,0.79672089253819
0.496248450809414,0.79672089253819
0.507568400517608,0.79672089253819
0.500978436950321,0.79672089253819
0.505270014168482,0.79672089253819
0.499633043836618,0.79672089253819
0.503533298628639,0.79672089253819
0.497926218511011,0.79672089253819
0.494088739265073,0.79672089253819
0.502412710770475,0.79672089253819
0.49257162791599,0.79672089253819
0.499745462089648,0.79672089253819
0.503970134083782,0.79672089253819
0.501857086540808,0.79672089253819
0.498187671362014,0.79672089253819
0.499315356241851,0.79672089253819
0.500389409784038,0.79672089253819
0.507351556324888,0.79672089253819
0.489774511906085,0.79672089253819
0.507755805842445,0.79672089253819
0.502594772170972,0.79672089253819
0.498434140991064,0.79672089253819
0.495469108224549,0.79672089253819
0.496838781292228,0.79672089253819
0.496676277947367,0.79672089253819
0.503860466434473,0.79672089253819
0.501198089607742,0.79672089253819
0.50311299418757,0.79672089253819
0.492497302122182,0.79672089253819
0.494287952220242,0.79672089253819
0.500329480102851,0.79672089253819
0.501473048171035,0.79672089253819
0.499627892613437,0.79672089253819
0.497798170605681,0.79672089253819
0.505660216907841,0.79672089253819
0.494262568919021,0.79672089253819
0.508826037163855,0.79672089253819
0.50363844186255,0.79672089253819
0.499792042188969,0.79672089253819
0.503057402194017,0.79672089253819
0.498351904474904,0.79672089253819
0.511092394339688,0.79672089253819
0.494378258455967,0.79672089253819
0.4923366094686,0.79672089253819
0.493163796408444,0.79672089253819
0.502194486066894,0.79672089253819
0.500549759938898,0.79672089253819
0.500896450164627,0.79672089253819
0.491540559991787,0.79672089253819
0.502035012068758,0.79672089253819
0.494533990291119,0.79672089253819
0.496845158118168,0.79672089253819
0.494077571115263,0.79672089253819
0.500825770523725,0.79672089253819
0.498660245948517,0.79672089253819
0.501276078670629,0.79672089253819
0.506009172368058,0.79672089253819
0.502933605952515,0.79672089253819
0.497845834751969,0.79672089253819
0.495056597177441,0.79672089253819
0.500156087040278,0.79672089253819
0.501301324504074,0.79672089253819
0.498965126822964,0.79672089253819
0.493085862815511,0.79672089253819
0.503493698084169,0.79672089253819
0.502841852917335,0.79672089253819
0.499416212226178,0.79672089253819
0.489900996154955,0.79672089253819
0.502710450042749,0.79672089253819
0.511052055125107,0.79672089253819
0.500471116720223,0.79672089253819
0.49948434785169,0.79672089253819
0.503549083870721,0.79672089253819
0.503543737734648,0.79672089253819
0.497790573690038,0.79672089253819
0.497864963099721,0.79672089253819
0.49287579962965,0.79672089253819
0.501152114616505,0.79672089253819
0.49589246456261,0.79672089253819
0.500406625645595,0.79672089253819
0.498278897841009,0.79672089253819
0.494224673435317,0.79672089253819
0.492669456899342,0.79672089253819
0.493489114221242,0.79672089253819
0.498568787738365,0.79672089253819
0.500090201380779,0.79672089253819
0.499670860462226,0.79672089253819
0.496564915684679,0.79672089253819
0.50352170904538,0.79672089253819
0.493148983107393,0.79672089253819
0.503472046225839,0.79672089253819
0.495610629458392,0.79672089253819
0.506589998585186,0.79672089253819
0.501356136891754,0.79672089253819
0.500771584078297,0.79672089253819
0.507024976100047,0.79672089253819
0.507099740109823,0.79672089253819
0.494845239926807,0.79672089253819
0.497779717424229,0.79672089253819
0.502491683628683,0.79672089253819
0.505001230735852,0.79672089253819
0.506131290916346,0.79672089253819
0.495258878999257,0.79672089253819
0.494063237585451,0.79672089253819
0.497533489972212,0.79672089253819
0.498495965728462,0.79672089253819
0.502404952084335,0.79672089253819
0.500151478271634,0.79672089253819
0.495331001982693,0.79672089253819
0.494315465143041,0.79672089253819
0.498606788111535,0.79672089253819
0.500963612986591,0.79672089253819
0.497968676182168,0.79672089253819
0.49645515484215,0.79672089253819
0.500087526568556,0.79672089253819
0.497263655770046,0.79672089253819
0.502780060003746,0.79672089253819
0.500535297494609,0.79672089253819
0.500568855594609,0.79672089253819
0.498077209231782,0.79672089253819
0.509513478089051,0.79672089253819
0.496946633059178,0.79672089253819
0.495617214816293,0.79672089253819
0.498142631840087,0.79672089253819
0.497483654432191,0.79672089253819
0.4972499346431,0.79672089253819
0.498980914350002,0.79672089253819
0.48726372309833,0.79672089253819
0.491673630361607,0.79672089253819
0.50012284065505,0.79672089253819
0.503613730319034,0.79672089253819
0.497488557802378,0.79672089253819
0.489351509760161,0.79672089253819
0.505574257178192,0.79672089253819
0.491199752953472,0.79672089253819
0.500740719738897,0.79672089253819
0.502156960884469,0.79672089253819
0.504441162428971,0.79672089253819
0.494725740717968,0.79672089253819
0.495439191279182,0.79672089253819
0.497025148799718,0.79672089253819
0.497590296272063,0.79672089253819
0.497914528633145,0.79672089253819
0.498652762826744,0.79672089253819
0.496660062104299,0.79672089253819
0.49055223145261,0.79672089253819
0.500465561594497,0.79672089253819
0.50051759331577,0.79672089253819
0.488123661164383,0.79672089253819
0.499542155394967,0.79672089253819
0.50486311016141,0.79672089253819
0.509550663944954,0.79672089253819
0.504676644481953,0.79672089253819
0.495521807586334,0.79672089253819
0.4981289903768,0.79672089253819
0.500329133519332,0.79672089253819
0.500396015567782,0.79672089253819
0.505153662633558,0.79672089253819
0.495582413778718,0.79672089253819
0.499064891636286,0.79672089253819
0.503502221943671,0.79672089253819
0.497551682842186,0.79672089253819
0.508341144779039,0.79672089253819
0.4938016918206,0.79672089253819
0.500664142002816,0.79672089253819
0.495114999344751,0.79672089253819
0.492722886566917,0.79672089253819
0.50088483432988,0.79672089253819
0.49783302492256,0.79672089253819
0.501423067189801,0.79672089253819
0.494959292505594,0.79672089253819
0.499317354751498,0.79672089253819
0.497020047164853,0.79672089253819
0.499453217301226,0.79672089253819
0.505369403792377,0.79672089253819
0.495573669099964,0.79672089253819
0.487428458325471,0.79672089253819
0.498260222037827,0.79672089253819
0.504847162446326,0.79672089253819
0.498259159335683,0.79672089253819
0.501647801846309,0.79672089253819
0.493000008320276,0.79672089253819
0.50037728131667,0.79672089253819
0.496372541769783,0.79672089253819
0.497953234838868,0.79672089253819
0.493667302647655,0.79672089253819
0.501788257160462,0.79672089253819
0.498834863114655,0.79672089253819
0.498887139024778,0.79672089253819
0.50400495214158,0.79672089253819
0.49235542991611,0.79672089253819
0.505385448149254,0.79672089253819
0.507403747099043,0.79672089253819
0.495552732132984,0.79672089253819
0.496105120653595,0.79672089253819
0.495309985861589,0.79672089253819
0.501631837883386,0.79672089253819
0.503739608266089,0.79672089253819
0.49737480987191,0.79672089253819
0.495489254959136,0.79672089253819
0.501259735236454,0.79672089253819
0.501766969578609,0.79672089253819
0.502731174407014,0.79672089253819
0.499373790521313,0.79672089253819
0.499956154569751,0.79672089253819
0.495861755028886,0.79672089253819
0.499440111185924,0.79672089253819
0.50028965985864,0.79672089253819
0.48544446222507,0.79672089253819
0.50024823013714,0.79672089253819
0.50068146120899,0.79672089253819
0.495586916586913,0.79672089253819
0.497869303402357,0.79672089253819
0.492800534130658,0.79672089253819
0.502015974633253,0.79672089253819
0.504362312386087,0.79672089253819
0.503453541179691,0.79672089253819
0.507334980748197,0.79672089253819
0.500689359231354,0.79672089253819
0.502298748158258,0.79672089253819
0.498342800011652,0.79672089253819
0.489425232868551,0.79672089253819
0.498118124779904,0.79672089253819
0.500834836401486,0.79672089253819
0.504137098423834,0.79672089253819
0.50179492601999,0.79672089253819
0.495907408391389,0.79672089253819
0.506006342848006,0.79672089253819
0.495054272341944,0.79672089253819
0.501831184266817,0.79672089253819
0.49295917218668,0.79672089253819
0.49792679938379,0.79672089253819
0.50248764650238,0.79672089253819
0.504929820556888,0.79672089253819
0.504904864405175,0.79672089253819
0.505104321298113,0.79672089253819
0.500461929540072,0.79672089253819
0.499745944328909,0.79672089253819
0.496794089559086,0.79672089253819
0.502094096104628,0.79672089253819
0.499673204600707,0.79672089253819
0.501500284063332,0.79672089253819
0.50104501733819,0.79672089253819
0.496212871012427,0.79672089253819
0.504019991479645,0.79672089253819
0.496884807771926,0.79672089253819
0.495605117959515,0.79672089253819
0.502071115325833,0.79672089253819
0.500810445108518,0.79672089253819
0.500497714418934,0.79672089253819
0.496771314574048,0.79672089253819
0.502633766661241,0.79672089253819
0.488575599813139,0.79672089253819
0.498619302978248,0.79672089253819
0.498299384756191,0.79672089253819
0.49990126733617,0.79672089253819
0.503640116588127,0.79672089253819
0.496236716046028,0.79672089253819
0.502422059210216,0.79672089253819
0.502396706418255,0.79672089253819
0.501713143111656,0.79672089253819
0.484020126585056,0.79672089253819
0.491465546155745,0.79672089253819
0.503402934269824,0.79672089253819
0.496409177509881,0.79672089253819
0.501274359198261,0.79672089253819
0.494208748813803,0.79672089253819
0.499148820713187,0.79672089253819
0.499457450840962,0.79672089253819
0.495989581163288,0.79672089253819
0.496767570106106,0.79672089253819
0.502912141835416,0.79672089253819
0.49876645537276,0.79672089253819
0.501297654732479,0.79672089253819
0.498283999510594,0.79672089253819
0.494927098538599,0.79672089253819
0.49568929966303,0.79672089253819
0.494903415317051,0.79672089253819
0.501584540825965,0.79672089253819
0.498745158643531,0.79672089253819
0.507002240322869,0.79672089253819
0.504769351085595,0.79672089253819
0.498801547922906,0.79672089253819
0.495146141822572,0.79672089253819
0.499137117604677,0.79672089253819
0.503521931836581,0.79672089253819
0.49459607238268,0.79672089253819
0.497642749828195,0.79672089253819
0.502420274543371,0.79672089253819
0.505239551536721,0.79672089253819
0.492619411000277,0.79672089253819
0.494334879216823,0.79672089253819
0.495891033818147,0.79672089253819
0.498302057983409,0.79672089253819
0.491885990686129,0.79672089253819
0.499716256619007,0.79672089253819
0.501680388937757,0.79672089253819
0.504816422121693,0.79672089253819
0.495973450486454,0.79672089253819
0.500062975866102,0.79672089253819
0.501979485224874,0.79672089253819
0.5018292554861,0.79672089253819
0.492135724521771,0.79672089253819
0.494719630554027,0.79672089253819
0.502621181289341,0.79672089253819
0.496084444661684,0.79672089253819
0.498691510658315,0.79672089253819
0.493074986586985,0.79672089253819
0.494909144508212,0.79672089253819
0.499258788073439,0.79672089253819
0.493479295273475,0.79672089253819
0.486854363256935,0.79672089253819
0.4990146046939,0.79672089253819
0.494825035198692,0.79672089253819
0.491173553548562,0.79672089253819
0.497310973682637,0.79672089253819
0.507094515542744,0.79672089253819
0.502429175293923,0.79672089253819
0.503751027123357,0.79672089253819
0.499771788290008,0.79672089253819
0.505930533713712,0.79672089253819
0.506629361586815,0.79672089253819
0.504825795324841,0.79672089253819
0.49900810862637,0.79672089253819
0.493824682555485,0.79672089253819
0.504132367971378,0.79672089253819
0.502561551176944,0.79672089253819
0.49825385391475,0.79672089253819
0.503852829013832,0.79672089253819
0.505545827606222,0.79672089253819
0.49833192690153,0.79672089253819
0.499648614239376,0.79672089253819
0.494627739842767,0.79672089253819
0.503168985461025,0.79672089253819
0.497140498184184,0.79672089253819
0.502799601006585,0.79672089253819
0.497138001084256,0.79672089253819
0.496053126266361,0.79672089253819
0.504469937327951,0.79672089253819
0.50070671463345,0.79672089253819
0.506187367115039,0.79672089253819
0.501708619076727,0.79672089253819
0.499110816208587,0.79672089253819
0.49717063320674,0.79672089253819
0.50892204518944,0.79672089253819
0.504403952287145,0.79672089253819
0.503468731365689,0.79672089253819
0.500914859031503,0.79672089253819
0.498804658614345,0.79672089253819
0.488422664135493,0.79672089253819
0.49352723460652,0.79672089253819
0.496339765835079,0.79672089253819
0.504659275638259,0.79672089253819
0.501969639922573,0.79672089253819
0.495570250892757,0.79672089253819
0.498571486910617,0.79672089253819
0.506729402518093,0.79672089253819
0.496292574328478,0.79672089253819
0.497734323842052,0.79672089253819
0.494115054185852,0.79672089253819
0.494469489235472,0.79672089253819
0.505495336716731,0.79672089253819
0.49617010361937,0.79672089253819
0.495965825344422,0.79672089253819
0.497966355357629,0.79672089253819
0.498133842561726,0.79672089253819
0.492284960416171,0.79672089253819
0.503609775420184,0.79672089253819
0.498167496824121,0.79672089253819
0.498261973287446,0.79672089253819
0.496119385302875,0.79672089253819
0.493469640322342,0.79672089253819
0.501364232535673,0.79672089253819
0.499661786989993,0.79672089253819
0.495450871170404,0.79672089253819
0.492889070016916,0.79672089253819
0.502722297106308,0.79672089253819
0.503190696607791,0.79672089253819
0.502203654728241,0.79672089253819
0.491198311192493,0.79672089253819
0.497017112318341,0.79672089253819
0.501367050468951,0.79672089253819
0.496882203324925,0.79672089253819
0.49159020506883,0.79672089253819
0.496432004295698,0.79672089253819
0.50271230870483,0.79672089253819
0.500341180660445,0.79672089253819
0.497841424050728,0.79672089253819
0.497881196686464,0.79672089253819
0.499755432712921,0.79672089253819
0.499316759609088,0.79672089253819
0.4967776629108,0.79672089253819
0.505609239627521,0.79672089253819
0.494981769613702,0.79672089253819
0.50111336336222,0.79672089253819
0.505240827089045,0.79672089253819
0.499299815305675,0.79672089253819
0.492266795280068,0.79672089253819
0.493649020627223,0.79672089253819
0.496168988291063,0.79672089253819
0.496083739990432,0.79672089253819
0.508504470840243,0.79672089253819
0.499199873521005,0.79672089253819
0.500608930740402,0.79672089253819
0.498085317369497,0.79672089253819
0.49368525644666,0.79672089253819
0.492491908757408,0.79672089253819
0.500884672029451,0.79672089253819
0.492304209221948,0.79672089253819
0.490306251688804,0.79672089253819
0.496369401387883,0.79672089253819
0.501138496835032,0.79672089253819
0.500498446973554,0.79672089253819
0.50742768669163,0.79672089253819
0.49542172519797,0.79672089253819
0.49777356390087,0.79672089253819
0.501802621676369,0.79672089253819
0.503383941912052,0.79672089253819
0.493223516477346,0.79672089253819
0.502472601462118,0.79672089253819
0.494886131110249,0.79672089253819
0.502793431531337,0.79672089253819
0.505991709782684,0.79672089253819
0.492620319867844,0.79672089253819
0.502733428838684,0.79672089253819
0.496777568486576,0.79672089253819
0.502094164935405,0.79672089253819
0.496227517439606,0.79672089253819
0.503160356467597,0.79672089253819
0.496171467197731,0.79672089253819
0.497804049966692,0.79672089253819
0.497775420708352,0.79672089253819
0.505585039543645,0.79672089253819
0.504743836088537,0.79672089253819
0.500477411775752,0.79672089253819
0.495336285466349,0.79672089253819
0.497246550899153,0.79672089253819
0.499939881214935,0.79672089253819
0.494773546454512,0.79672089253819
0.494923928914737,0.79672089253819
0.502866199282472,0.79672089253819
0.50855449732564,0.79672089253819
0.498808882821579,0.79672089253819
0.504566830137184,0.79672089253819
0.502628742663855,0.79672089253819
0.495533567403307,0.79672089253819
0.49091954842666,0.79672089253819
0.498698462819466,0.79672089253819
0.498342387526627,0.79672089253819
0.506129421104986,0.79672089253819
0.495368482370756,0.79672089253819
0.504137514696187,0.79672089253819
0.502777447665688,0.79672089253819
0.50539639317864,0.79672089253819
0.497619642360715,0.79672089253819
0.499700451812669,0.79672089253819
0.492812191546717,0.79672089253819
0.492543227957448,0.79672089253819
0.499036157018617,0.79672089253819
0.497812414249652,0.79672089253819
0.496117108088376,0.79672089253819
0.503292138885681,0.79672089253819
0.50034395459067,0.79672089253819
0.490498838717717,0.79672089253819
0.486284583659951,0.79672089253819
0.500321526761642,0.79672089253819
0.496291874846295,0.79672089253819
0.50203415316981,0.79672089253819
0.503320599731091,0.79672089253819
0.492938258185749,0.79672089253819
0.49938540484654,0.79672089253819
0.503532002560219,0.79672089253819
0.501745060432298,0.79672089253819
0.49590382562231,0.79672089253819
0.499818878222774,0.79672089253819
0.502924490374628,0.79672089253819
0.498386440745775,0.79672089253819
0.495572066942954,0.79672089253819
0.502339435539324,0.79672089253819
0.499309739449565,0.79672089253819
0.50279708147173,0.79672089253819
0.50486299987035,0.79672089253819
0.50419766989489,0.79672089253819
0.499083485850366,0.79672089253819
0.496401841455914,0.79672089253819
0.49616761389661,0.79672089253819
0.50206647343652,0.79672089253819
0.499238708071626,0.79672089253819
0.495181777943442,0.79672089253819
0.497341720132065,0.79672089253819
0.497714552184917,0.79672089253819
0.494072492047443,0.79672089253819
0.496397612399128,0.79672089253819
0.498425951105957,0.79672089253819
0.49872439269718,0.79672089253819
0.490612062873085,0.79672089253819
0.498351688604329,0.79672089253819
0.494092517555357,0.79672089253819
0.500677879232862,0.79672089253819
0.50072717871592,0.79672089253819
0.491660707352543,0.79672089253819
0.504858169285642,0.79672089253819
0.499419774408912,0.79672089253819
0.493680855994379,0.79672089253819
0.504557301797441,0.79672089253819
0.49194595018447,0.79672089253819
0.49626932688028,0.79672089253819
0.495855181080067,0.79672089253819
0.499538252833603,0.79672089253819
0.497373391405545,0.79672089253819
0.49448044085992,0.79672089253819
0.495920374219835,0.79672089253819
0.498992460801284,0.79672089253819
0.50083032751246,0.79672089253819
0.504507610822368,0.79672089253819
0.498936486680976,0.79672089253819
0.498072431488577,0.79672089253819
0.498524563244965,0.79672089253819
0.501951289813446,0.79672089253819
0.497039539738789,0.79672089253819
0.496850996220701,0.79672089253819
0.498289077494954,0.79672089253819
0.500082228624688,0.79672089253819
0.505179298404894,0.79672089253819
0.492264302103846,0.79672089253819
0.498037952842794,0.79672089253819
0.497149978585876,0.79672089253819
0.503883802963298,0.79672089253819
0.503129379804475,0.79672089253819
0.498966822044917,0.79672089253819
0.501909415071686,0.79672089253819
0.499185599009748,0.79672089253819
0.496206064068235,0.79672089253819
0.5011861512323,0.79672089253819
0.500294866915036,0.79672089253819
0.503673791998761,0.79672089253819
0.496011308978853,0.79672089253819
0.495671133963421,0.79672089253819
0.503540816998371,0.79672089253819
0.49749161175414,0.79672089253819
0.502168733269757,0.79672089253819
0.503637022664173,0.79672089253819
0.503855012254605,0.79672089253819
0.5031530737629,0.79672089253819
0.494681109156893,0.79672089253819
0.50007881070323,0.79672089253819
0.493749257651795,0.79672089253819
0.50615507619307,0.79672089253819
0.495556688954359,0.79672089253819
0.504190348456743,0.79672089253819
0.498013062071463,0.79672089253819
0.491497781889227,0.79672089253819
0.498263657377766,0.79672089253819
0.50175757028499,0.79672089253819
0.492938529611278,0.79672089253819
0.503746114789747,0.79672089253819
0.499497958618329,0.79672089253819
0.501863733817934,0.79672089253819
0.502038394336008,0.79672089253819
0.496498954834826,0.79672089253819
0.495675663783844,0.79672089253819
0.508878593165365,0.79672089253819
0.493559523792078,0.79672089253819
0.499045256373253,0.79672089253819
0.50689919477248,0.79672089253819
0.505983999764392,0.79672089253819
0.494629394014034,0.79672089253819
0.503719880617976,0.79672089253819
0.504924184501977,0.79672089253819
0.49175668297455,0.79672089253819
0.49786039842253,0.79672089253819
0.486954260255141,0.79672089253819
0.507406940232426,0.79672089253819
0.506668794615833,0.79672089253819
0.49889446651953,0.79672089253819
0.504672344618798,0.79672089253819
0.49302584159992,0.79672089253819
0.49413157829883,0.79672089253819
0.50122389272703,0.79672089253819
0.502507091971559,0.79672089253819
0.498855877954798,0.79672089253819
0.508649718581181,0.79672089253819
0.502244730677938,0.79672089253819
0.505027301970395,0.79672089253819
0.488720215668659,0.79672089253819
0.498359932501511,0.79672089253819
0.506726043675785,0.79672089253819
0.505914583820329,0.79672089253819
0.504520278132107,0.79672089253819
0.48943739884226,0.79672089253819
0.498709241518957,0.79672089253819
0.505095555165444,0.79672089253819
0.500529295288822,0.79672089253819
0.498448694829231,0.79672089253819
0.493534384040084,0.79672089253819
0.501790181180115,0.79672089253819
0.504356870531988,0.79672089253819
0.503502127064124,0.79672089253819
0.502829930517457,0.79672089253819
0.503879202307229,0.79672089253819
0.499711641459021,0.79672089253819
0.489805574796551,0.79672089253819
0.49754263979982,0.79672089253819
0.496167068804714,0.79672089253819
0.493418205165361,0.79672089253819
0.502837836632253,0.79672089253819
0.506122125995701,0.79672089253819
0.499937287580141,0.79672089253819
0.501219527091433,0.79672089253819
0.499810121304296,0.79672089253819
0.497228520886665,0.79672089253819
0.498919436447054,0.79672089253819
0.49701693155254,0.79672089253819
0.498614692920434,0.79672089253819
0.500053598974534,0.79672089253819
0.490811545522352,0.79672089253819
0.50641025591849,0.79672089253819
0.492096006912187,0.79672089253819
0.492481410880657,0.79672089253819
0.496483111108639,0.79672089253819
0.500068292839277,0.79672089253819
0.503568184091902,0.79672089253819
0.501679291398568,0.79672089253819
0.489811601410624,0.79672089253819
0.504632547722088,0.79672089253819
0.495945983096148,0.79672089253819
0.493954663664922,0.79672089253819
0.501408827463659,0.79672089253819
0.504847308691933,0.79672089253819
0.49742497918637,0.79672089253819
0.497085746687407,0.79672089253819
0.501014409395578,0.79672089253819
0.496310398876709,0.79672089253819
0.499220218925221,0.79672089253819
0.494645558369779,0.79672089253819
0.498096508843191,0.79672089253819
0.502486828297186,0.79672089253819
0.497070714587789,0.79672089253819
0.498955107362224,0.79672089253819
0.504421867338799,0.79672089253819
0.499150771287276,0.79672089253819
0.498992658056634,0.79672089253819
0.501998483952947,0.79672089253819
0.494905465251285,0.79672089253819
0.492260507237659,0.79672089253819
0.499727089205904,0.79672089253819
0.503311873157102,0.79672089253819
0.499485888982078,0.79672089253819
0.495203907920488,0.79672089253819
0.493858186182601,0.79672089253819
0.493900625899551,0.79672089253819
0.504937142957893,0.79672089253819
0.498595201806846,0.79672089253819
0.503906179394643,0.79672089253819
0.502690545785925,0.79672089253819
0.495901177653993,0.79672089253819
0.495177133674023,0.79672089253819
0.500013392362889,0.79672089253819
0.498086406753682,0.79672089253819
0.501031750554306,0.79672089253819
0.49546351552392,0.79672089253819
0.501292708255594,0.79672089253819
0.499898073462808,0.79672089253819
0.49936729747763,0.79672089253819
0.497601473377594,0.79672089253819
0.494147879334709,0.79672089253819
0.497242403786855,0.79672089253819
0.496898480732839,0.79672089253819
0.49986203382595,0.79672089253819
0.503347928132576,0.79672089253819
0.499562264713304,0.79672089253819
0.491013083283524,0.79672089253819
0.499633971294591,0.79672089253819
0.500371160778004,0.79672089253819
0.507581445462599,0.79672089253819
0.495255326059692,0.79672089253819
0.500351125948549,0.79672089253819
0.496653313229415,0.79672089253819
0.499664992678824,0.79672089253819
0.493960805325651,0.79672089253819
0.503250019860236,0.79672089253819
0.49725356053916,0.79672089253819
0.49538911237651,0.79672089253819
0.487831826879111,0.79672089253819
0.501579886755782,0.79672089253819
0.502826134439941,0.79672089253819
0.501668859303449,0.79672089253819
0.4937954852842,0.79672089253819
0.505932829918122,0.79672089253819
0.500651397552984,0.79672089253819
0.501880718367823,0.79672089253819
0.500807504003396,0.79672089253819
0.496528078108972,0.79672089253819
0.505816913325506,0.79672089253819
0.499586110511463,0.79672089253819
0.492900027543751,0.79672089253819
0.501618893303406,0.79672089253819
0.497279474737006,0.79672089253819
0.495824872781222,0.79672089253819
0.498211400036437,0.79672089253819
0.494316994075406,0.79672089253819
0.502754767705622,0.79672089253819
0.49540196849896,0.79672089253819
0.493884856126143,0.79672089253819
0.505279050439018,0.79672089253819
0.492673620096784,0.79672089253819
0.502468900153445,0.79672089253819
0.496620008224082,0.79672089253819
0.499282599652031,0.79672089253819
0.50108708234517,0.79672089253819
0.496803881677054,0.79672089253819
0.499093720504418,0.79672089253819
0.514000303820005,0.79672089253819
0.490800009152979,0.79672089253819
0.495987684368766,0.79672089253819
0.502811459515708,0.79672089253819
0.505267789443014,0.79672089253819
0.49458343003556,0.79672089253819
0.500664643751991,0.79672089253819
0.494479017963579,0.79672089253819
0.503157520446631,0.79672089253819
0.495540456716725,0.79672089253819
0.491781494124663,0.79672089253819
0.501705180030333,0.79672089253819
0.501601315902017,0.79672089253819
0.502939646235592,0.79672089253819
0.494649718509312,0.79672089253819
0.502103280989662,0.79672089253819
0.498557244073585,0.79672089253819
0.501173604326592,0.79672089253819
0.504973058022235,0.79672089253819
0.49622539856307,0.79672089253819
0.501975017891526,0.79672089253819
0.495239084263446,0.79672089253819
0.503319104251112,0.79672089253819
0.496322071841379,0.79672089253819
0.496133469976631,0.79672089253819
0.505432408826733,0.79672089253819
0.500723749904998,0.79672089253819
0.499955243789683,0.79672089253819
0.504238010766369,0.79672089253819
0.496096973679311,0.79672089253819
0.500174009664657,0.79672089253819
0.499189701163387,0.79672089253819
0.49734512287398,0.79672089253819
0.493587445983164,0.79672089253819
0.495057720340249,0.79672089253819
0.507898366737232,0.79672089253819
0.499165113440528,0.79672089253819
0.499153551794955,0.79672089253819
0.495559136696351,0.79672089253819
0.497847798858833,0.79672089253819
0.491899425231567,0.79672089253819
0.515344841742205,0.79672089253819
0.491367800963091,0.79672089253819
0.490199985256097,0.79672089253819
0.50259619700166,0.79672089253819
0.505505041275985,0.79672089253819
0.495475359433309,0.79672089253819
0.507024051219995,0.79672089253819
0.49426855470693,0.79672089253819
0.503189792397443,0.79672089253819
0.489754832142394,0.79672089253819
0.503185718226187,0.79672089253819
0.496745391936991,0.79672089253819
0.502910415565612,0.79672089253819
0.502760305848639,0.79672089253819
0.500884351543521,0.79672089253819
0.503169842958887,0.79672089253819
0.489762805783934,0.79672089253819
0.496131775860521,0.79672089253819
0.495839538852173,0.79672089253819
0.503220680711247,0.79672089253819
0.493873880184682,0.79672089253819
0.498665604475535,0.79672089253819
0.509837318658843,0.79672089253819
0.490622270203371,0.79672089253819
0.488706186400409,0.79672089253819
0.505234779157876,0.79672089253819
0.496575970146468,0.79672089253819
0.496314602595296,0.79672089253819
0.498321658998124,0.79672089253819
0.495174233957938,0.79672089253819
0.501127332769193,0.79672089253819
0.50056479253992,0.79672089253819
0.503279275984931,0.79672089253819
0.499414089975226,0.79672089253819
0.496603908299309,0.79672089253819
0.497789202866261,0.79672089253819
0.490415405566144,0.79672089253819
0.496362973022264,0.79672089253819
0.499246687268424,0.79672089253819
0.496925425258824,0.79672089253819
0.502576798667322,0.79672089253819
0.497460573790511,0.79672089253819
0.495645567070577,0.79672089253819
0.497972551100002,0.79672089253819
0.501850000423286,0.79672089253819
0.497234579316402,0.79672089253819
0.510820959575609,0.79672089253819
0.502763762757034,0.79672089253819
0.502221146955412,0.79672089253819
0.501090424598351,0.79672089253819
0.501308635844988,0.79672089253819
0.504990380146633,0.79672089253819
0.498290163505313,0.79672089253819
0.504336070549132,0.79672089253819
0.504416744817966,0.79672089253819
0.496349927354413,0.79672089253819
0.499925945534461,0.79672089253819
0.493350690810719,0.79672089253819
0.484687658966592,0.79672089253819
0.496434117145294,0.79672089253819
0.500292068000357,0.79672089253819
0.504507753795881,0.79672089253819
0.495656104127461,0.79672089253819
0.494605997285183,0.79672089253819
0.499270496076067,0.79672089253819
0.502600207461383,0.79672089253819
0.498922585817232,0.79672089253819
0.503381670392423,0.79672089253819
0.500215914183622,0.79672089253819
0.501777657624195,0.79672089253819
0.505920908204677,0.79672089253819
0.497559410161119,0.79672089253819
0.492384555291846,0.79672089253819
0.505999523798864,0.79672089253819
0.494326581687527,0.79672089253819
0.493687344887107,0.79672089253819
0.500717462322576,0.79672089253819
0.505537615118037,0.79672089253819
0.483681094094677,0.79672089253819
0.502723156006141,0.79672089253819
0.493892602876145,0.79672089253819
0.500568501574427,0.79672089253819
0.497305768090274,0.79672089253819
0.49644938613013,0.79672089253819
0.498155747259001,0.79672089253819
0.508875015643977,0.79672089253819
0.498373743350618,0.79672089253819
0.499209000162335,0.79672089253819
0.500580843668773,0.79672089253819
0.496378756618112,0.79672089253819
0.497686436123663,0.79672089253819
0.49306572343189,0.79672089253819
0.512076068516946,0.79672089253819
0.492806217787307,0.79672089253819
0.50572140057375,0.79672089253819
0.505682243667819,0.79672089253819
0.50171035418269,0.79672089253819
0.504395213816957,0.79672089253819
0.493656056043155,0.79672089253819
0.504491818767606,0.79672089253819
0.49916999724914,0.79672089253819
0.497112367896209,0.79672089253819
0.492781069459482,0.79672089253819
0.492237169641332,0.79672089253819
0.49811785003186,0.79672089253819
0.499218529519602,0.79672089253819
0.493601790789385,0.79672089253819
0.496663953560206,0.79672089253819
0.493885056368878,0.79672089253819
0.499324304599884,0.79672089253819
0.500666522278612,0.79672089253819
0.506933475880587,0.79672089253819
0.499838512625033,0.79672089253819
0.509477012856709,0.79672089253819
0.493382052263127,0.79672089253819
0.500542405998598,0.79672089253819
0.496499572378281,0.79672089253819
0.49004075705699,0.79672089253819
0.502150496801713,0.79672089253819
0.492025047257273,0.79672089253819
0.503738075722111,0.79672089253819
0.5061834988243,0.79672089253819
0.500586015448592,0.79672089253819
0.50179123011159,0.79672089253819
0.492216505710122,0.79672089253819
0.500134783223829,0.79672089253819
0.494579318611837,0.79672089253819
0.500531669915833,0.79672089253819
0.498869511335045,0.79672089253819
0.492424104309033,0.79672089253819
0.500050191995417,0.79672089253819
0.504894809860095,0.79672089253819
0.499450338103407,0.79672089253819
0.501771106517897,0.79672089253819
0.500338170969335,0.79672089253819
0.498713225692325,0.79672089253819
0.50537151983552,0.79672089253819
0.501562232223962,0.79672089253819
0.507058391340987,0.79672089253819
0.504986040921084,0.79672089253819
0.489499777500522,0.79672089253819
0.497434088968247,0.79672089253819
0.499286810389895,0.79672089253819
0.504316978584808,0.79672089253819
0.498211173774208,0.79672089253819
0.49984511396771,0.79672089253819
0.499363106698644,0.79672089253819
0.50567791446128,0.79672089253819
0.503387254792965,0.79672089253819
0.503389994340817,0.79672089253819
0.500999131389679,0.79672089253819
0.49886213840084,0.79672089253819
0.503778082821422,0.79672089253819
0.501968107814312,0.79672089253819
0.498107392795192,0.79672089253819
0.495322417269117,0.79672089253819
0.496885863323432,0.79672089253819
0.503777512026217,0.79672089253819
0.499901706016188,0.79672089253819
0.500228548873841,0.79672089253819
0.496213175684663,0.79672089253819
0.496949755470293,0.79672089253819
0.495822594666421,0.79672089253819
0.502672224005956,0.79672089253819
0.500511508167996,0.79672089253819
0.493326713483499,0.79672089253819
0.496772590226925,0.79672089253819
0.49594770751133,0.79672089253819
0.499156800698624,0.79672089253819
0.493651134605012,0.79672089253819
0.501828989833847,0.79672089253819
0.50064498046933,0.79672089253819
0.501991313850724,0.79672089253819
0.498664795161858,0.79672089253819
0.492098112037788,0.79672089253819
0.492178941834821,0.79672089253819
0.500252963601139,0.79672089253819
0.504610949131123,0.79672089253819
0.496672708800241,0.79672089253819
0.502628194895127,0.79672089253819
0.50105180114341,0.79672089253819
0.4960825735432,0.79672089253819
0.504434768257664,0.79672089253819
0.498315320589252,0.79672089253819
0.498568884342603,0.79672089253819
0.503205912971408,0.79672089253819
0.499361655605105,0.79672089253819
0.50274289879698,0.79672089253819
0.491851369392364,0.79672089253819
0.498909856602418,0.79672089253819
0.494120402717992,0.79672089253819
0.50139448013416,0.79672089253819
0.501487583722601,0.79672089253819
0.501784214761438,0.79672089253819
0.502102397764246,0.79672089253819
0.493958840175901,0.79672089253819
0.502513027808944,0.79672089253819
0.490591954225366,0.79672089253819
0.50514082611308,0.79672089253819
0.502493787164988,0.79672089253819
0.492442455874102,0.79672089253819
0.500862375718674,0.79672089253819
0.501202792307166,0.79672089253819
0.500130300024669,0.79672089253819
0.499973836170009,0.79672089253819
0.492217910514026,0.79672089253819
0.509326947487552,0.79672089253819
0.500683658980961,0.79672089253819
0.488480366568548,0.79672089253819
0.495559282920946,0.79672089253819
0.503200359765653,0.79672089253819
0.496835352183394,0.79672089253819
0.505283070530592,0.79672089253819
0.499103488278224,0.79672089253819
0.500917329437058,0.79672089253819
0.50446770624999,0.79672089253819
0.502782560732414,0.79672089253819
0.495320649079067,0.79672089253819
0.504999938089552,0.79672089253819
0.499661256270135,0.79672089253819
0.499621608157322,0.79672089253819
0.495838204245688,0.79672089253819
0.497148062175527,0.79672089253819
0.504812511250973,0.79672089253819
0.504066756811849,0.79672089253819
0.498121256039631,0.79672089253819
0.499487088434759,0.79672089253819
0.493591581376647,0.79672089253819
0.49294625916299,0.79672089253819
0.489672344671683,0.79672089253819
0.50103646495502,0.79672089253819
0.50036880031863,0.79672089253819
0.501963662707042,0.79672089253819
0.493471139167495,0.79672089253819
0.503894762198958,0.79672089253819
0.506374342808735,0.79672089253819
0.505775310847779,0.79672089253819
0.494893164972802,0.79672089253819
0.493913414757218,0.79672089253819
0.494493505612669,0.79672089253819
0.499742524201358,0.79672089253819
0.493905317285639,0.79672089253819
0.495763685174806,0.79672089253819
0.502116048370384,0.79672089253819
0.495176671581574,0.79672089253819
0.494792266250261,0.79672089253819
0.495322329684714,0.79672089253819
0.504189492666683,0.79672089253819
0.503725526660865,0.79672089253819
0.502716069399948,0.79672089253819
0.493352694088889,0.79672089253819
0.50352317805372,0.79672089253819
0.492269059388059,0.79672089253819
0.495556166650479,0.79672089253819
0.49886282303959,0.79672089253819
0.50393119048384,0.79672089253819
0.498348637359718,0.79672089253819
0.498565205582504,0.79672089253819
0.499301268829352,0.79672089253819
0.500491216667973,0.79672089253819
0.4976476497773,0.79672089253819
0.499178272303776,0.79672089253819
0.502266343205656,0.79672089253819
0.489249625346544,0.79672089253819
0.495795972989362,0.79672089253819
0.501322046584982,0.79672089253819
0.496299890762465,0.79672089253819
0.50367913512972,0.79672089253819
0.501071820201614,0.79672089253819
0.497130670323272,0.79672089253819
0.500777693874779,0.79672089253819
0.503401962972818,0.79672089253819
0.49329130876232,0.79672089253819
0.489784971777156,0.79672089253819
0.501228185572705,0.79672089253819
0.501643874327297,0.79672089253819
0.488561974673389,0.79672089253819
0.501959071074122,0.79672089253819
0.492550045923671,0.79672089253819
0.494381529435212,0.79672089253819
0.499001205669699,0.79672089253819
0.502469736164686,0.79672089253819
0.510134510055796,0.79672089253819
0.501565290336463,0.79672089253819
0.503890104391357,0.79672089253819
0.496864436731037,0.79672089253819
0.491414047915529,0.79672089253819
0.501843494541081,0.79672089253819
0.501681382243593,0.79672089253819
0.496595467573346,0.79672089253819
0.50040207793237,0.79672089253819
0.49565894385276,0.79672089253819
0.503903551259417,0.79672089253819
0.496634868290665,0.79672089253819
0.496655808202724,0.79672089253819
0.504941391895197,0.79672089253819
0.496952448911193,0.79672089253819
0.506224853400251,0.79672089253819
0.505792202924113,0.79672089253819
0.496496647258395,0.79672089253819
0.49721873410732,0.79672089253819
0.501594369169869,0.79672089253819
0.498710682263671,0.79672089253819
0.490802548502074,0.79672089253819
0.494156091425363,0.79672089253819
0.503728522508082,0.79672089253819
0.497644609065651,0.79672089253819
0.497240101413395,0.79672089253819
0.511246011746238,0.79672089253819
0.493323740697182,0.79672089253819
0.495427760711533,0.79672089253819
0.50140613521709,0.79672089253819
0.502295791085657,0.79672089253819
0.494235320000239,0.79672089253819
0.497262898665051,0.79672089253819
0.498481115785125,0.79672089253819
0.503750586565442,0.79672089253819
0.495902469591285,0.79672089253819
0.50335842193856,0.79672089253819
0.507805632326608,0.79672089253819
0.494801327448299,0.79672089253819
0.505118849489293,0.79672089253819
0.491596016694916,0.79672089253819
0.503337169346249,0.79672089253819
0.505385606864266,0.79672089253819
0.501178347210182,0.79672089253819
0.488954952027595,0.79672089253819
0.499492288932195,0.79672089253819
0.498226843412686,0.79672089253819
0.502271712248897,0.79672089253819
0.509444380574146,0.79672089253819
0.495101780307925,0.79672089253819
0.508825634800391,0.79672089253819
0.501216934297527,0.79672089253819
0.501850319622463,0.79672089253819
0.492824752143584,0.79672089253819
0.502458100300397,0.79672089253819
0.499295897750164,0.79672089253819
0.502637474423853,0.79672089253819
0.501762669986438,0.79672089253819
0.498798608762332,0.79672089253819
0.495625208219009,0.79672089253819
0.500740820575347,0.79672089253819
0.496862368508359,0.79672089253819
0.498876024659095,0.79672089253819
0.496505970144855,0.79672089253819
0.495821270116383,0.79672089253819
0.502178146352487,0.79672089253819
0.499163944433656,0.79672089253819
0.503322451937872,0.79672089253819
0.495675363898442,0.79672089253819
0.497111578020323,0.79672089253819
0.49648555312698,0.79672089253819
0.50235168037618,0.79672089253819
0.500228924889162,0.79672089253819
0.50079641161945,0.79672089253819
0.501000814131093,0.79672089253819
0.497776285698309,0.79672089253819
0.505359981384589,0.79672089253819
0.493577531295124,0.79672089253819
0.49742693056797,0.79672089253819
0.499128677395903,0.79672089253819
0.497142271239651,0.79672089253819
0.500034819779285,0.79672089253819
0.500722661610431,0.79672089253819
0.491506690996117,0.79672089253819
0.494363851359987,0.79672089253819
0.492317182540254,0.79672089253819
0.507240787125107,0.79672089253819
0.500345022927877,0.79672089253819
0.495933440464753,0.79672089253819
0.508057405469264,0.79672089253819
0.492969854801571,0.79672089253819
0.500545752539506,0.79672089253819
0.504414757518068,0.79672089253819
0.493434601480608,0.79672089253819
0.501295055663624,0.79672089253819
0.503239714200186,0.79672089253819
0.500130141638078,0.79672089253819
0.498394697008501,0.79672089253819
0.495542833903041,0.79672089253819
0.492075610172825,0.79672089253819
0.50268134490768,0.79672089253819
0.502517017141295,0.79672089253819
0.505244580215934,0.79672089253819
0.500890124215327,0.79672089253819
0.493907435596512,0.79672089253819
0.491603904981988,0.79672089253819
0.50329493475527,0.79672089253819
0.499527020249071,0.79672089253819
0.502767144514535,0.79672089253819
0.497451603314077,0.79672089253819
0.499847191943721,0.79672089253819
0.499390060557097,0.79672089253819
0.506072086244422,0.79672089253819
0.502981534657084,0.79672089253819
0.500522918442367,0.79672089253819
0.495860595022403,0.79672089253819
0.502594631922133,0.79672089253819
0.493801605703518,0.79672089253819
0.497925399360328,0.79672089253819
0.504054805676594,0.79672089253819
0.504019019481469,0.79672089253819
0.502177338300471,0.79672089253819
0.498731337337152,0.79672089253819
0.500715047797605,0.79672089253819
0.499969368559921,0.79672089253819
0.502203059906669,0.79672089253819
0.501829998488006,0.79672089253819
0.501761490863394,0.79672089253819
0.503388540404932,0.79672089253819
0.493953976413722,0.79672089253819
0.500747416409362,0.79672089253819
0.501734377348851,0.79672089253819
0.502768432989149,0.79672089253819
0.500548762475708,0.79672089253819
0.499231106197499,0.79672089253819
0.492327547114993,0.79672089253819
0.498845561361795,0.79672089253819
0.499537473180892,0.79672089253819
0.495498064982415,0.79672089253819
0.493998327222694,0.79672089253819
0.495549461411607,0.79672089253819
0.491390841616423,0.79672089253819
0.501550127702446,0.79672089253819
0.493459845479671,0.79672089253819
0.506737118740822,0.79672089253819
0.492129260040092,0.79672089253819
0.500295503663702,0.79672089253819
0.506627861160678,0.79672089253819
0.497844335220166,0.79672089253819
0.496614786661127,0.79672089253819
0.502843802379809,0.79672089253819
0.499242971861377,0.79672089253819
0.494545025158735,0.79672089253819
0.501675413478098,0.79672089253819
0.500714102165436,0.79672089253819
0.499414169098836,0.79672089253819
0.499106026862612,0.79672089253819
0.498931683009707,0.79672089253819
0.498923343575433,0.79672089253819
0.492857067136432,0.79672089253819
0.496909241554294,0.79672089253819
0.503797071906748,0.79672089253819
0.502875804639863,0.79672089253819
0.502247995306639,0.79672089253819
0.503007981479619,0.79672089253819
0.495847269085143,0.79672089253819
0.496038609705035,0.79672089253819
0.493681548566764,0.79672089253819
0.493264628420954,0.79672089253819
0.490998626792302,0.79672089253819
0.507710224236641,0.79672089253819
0.50256049672924,0.79672089253819
0.496251117162493,0.79672089253819
0.498075177706597,0.79672089253819
0.494578329273196,0.79672089253819
0.496434010018604,0.79672089253819
0.494872486412162,0.79672089253819
0.502046659443071,0.79672089253819
0.494705688208552,0.79672089253819
0.497352885587203,0.79672089253819
0.501470068288586,0.79672089253819
0.495831511586944,0.79672089253819
0.494936196624044,0.79672089253819
0.506812576597307,0.79672089253819
0.510381009687544,0.79672089253819
0.494216386799918,0.79672089253819
0.50598359631511,0.79672089253819
0.495930765933452,0.79672089253819
0.503902775162399,0.79672089253819
0.498868571283117,0.79672089253819
0.492865308064361,0.79672089253819
0.497888951940497,0.79672089253819
0.500862811499381,0.79672089253819
0.498884423173637,0.79672089253819
0.50069401781136,0.79672089253819
0.499282656769821,0.79672089253819
0.49861640685581,0.79672089253819
0.502782752723028,0.79672089253819
0.501392429193564,0.79672089253819
0.502311483364559,0.79672089253819
0.500364862086807,0.79672089253819
0.509768500355641,0.79672089253819
0.505450009929356,0.79672089253819
0.497476816667319,0.79672089253819
0.497130771605315,0.79672089253819
0.496524066907702,0.79672089253819
0.506573122183842,0.79672089253819
0.502780777060259,0.79672089253819
0.494442632449925,0.79672089253819
0.503828279338884,0.79672089253819
0.496001341602126,0.79672089253819
0.498161349660964,0.79672089253819
0.500639465136515,0.79672089253819
0.496775770667664,0.79672089253819
0.496848215440081,0.79672089253819
0.501484531288304,0.79672089253819
0.501011013109933,0.79672089253819
0.494479772853611,0.79672089253819
0.490376278298372,0.79672089253819
0.497849646159247,0.79672089253819
0.49616761283213,0.79672089253819
0.502267148750217,0.79672089253819
0.493073989955851,0.79672089253819
0.497939537280838,0.79672089253819
0.50355334130321,0.79672089253819
0.500815110148805,0.79672089253819
0.487457181460154,0.79672089253819
0.496749570990521,0.79672089253819
0.503667382811636,0.79672089253819
0.498287875274833,0.79672089253819
0.496573141878188,0.79672089253819
0.499542797396004,0.79672089253819
0.499450784858583,0.79672089253819
0.496547677862175,0.79672089253819
0.502672430229178,0.79672089253819
0.491023960939773,0.79672089253819
0.507728121019377,0.79672089253819
0.502501353678969,0.79672089253819
0.50429896363692,0.79672089253819
0.50349934404027,0.79672089253819
0.503974216487112,0.79672089253819
0.496632980597844,0.79672089253819
0.496802413416516,0.79672089253819
0.498558968683973,0.79672089253819
0.50605991475875,0.79672089253819
0.496846332140817,0.79672089253819
0.500439673140708,0.79672089253819
0.502314865847493,0.79672089253819
0.495076202532166,0.79672089253819
0.49706905053625,0.79672089253819
0.498177833799607,0.79672089253819
0.499284344357581,0.79672089253819
0.500354381761372,0.79672089253819
0.504535519496351,0.79672089253819
0.494534027519844,0.79672089253819
0.50135594672223,0.79672089253819
0.494324274416518,0.79672089253819
0.504364041762714,0.79672089253819
0.497050642616983,0.79672089253819
0.50419929227,0.79672089253819
0.508710009818636,0.79672089253819
0.499430787854653,0.79672089253819
0.499793395263737,0.79672089253819
0.500065690043577,0.79672089253819
0.509706302823583,0.79672089253819
0.502115326967468,0.79672089253819
0.499622505166741,0.79672089253819
0.495909776523315,0.79672089253819
0.50029614069347,0.79672089253819
0.503449316820846,0.79672089253819
0.493699883603373,0.79672089253819
0.501123496893717,0.79672089253819
0.502391269613266,0.79672089253819
0.504881203731889,0.79672089253819
0.495995233752075,0.79672089253819
0.502891543626858,0.79672089253819
0.490045546283462,0.79672089253819
0.503356679464482,0.79672089253819
0.49518240516961,0.79672089253819
0.494122469853675,0.79672089253819
0.491997897359805,0.79672089253819
0.50121263586143,0.79672089253819
0.495285221710025,0.79672089253819
0.503507036259057,0.79672089253819
0.499147902651918,0.79672089253819
0.500917272858667,0.79672089253819
0.496799340509564,0.79672089253819
0.503965000547746,0.79672089253819
0.496233003878354,0.79672089253819
0.502454985576056,0.79672089253819
0.496534227592656,0.79672089253819
0.494750547045574,0.79672089253819
0.501468827060316,0.79672089253819
0.500855840884549,0.79672089253819
0.487431479023565,0.79672089253819
0.5043601484763,0.79672089253819
0.49449093755815,0.79672089253819
0.495505597129892,0.79672089253819
0.499708611528094,0.79672089253819
0.494809688516985,0.79672089253819
0.495969927221112,0.79672089253819
0.49939698046643,0.79672089253819
0.498235162716138,0.79672089253819
0.495406286562608,0.79672089253819
0.50407152888819,0.79672089253819
0.491689612244067,0.79672089253819
0.489417570532646,0.79672089253819
0.500665565179664,0.79672089253819
0.501961008903061,0.79672089253819
0.496889578196173,0.79672089253819
0.507694633755706,0.79672089253819
0.500894458179381,0.79672089253819
0.506455567983144,0.79672089253819
0.496005385155314,0.79672089253819
0.491831886433459,0.79672089253819
0.50401189303731,0.79672089253819
0.496012020693778,0.79672089253819
0.493795503848341,0.79672089253819
0.493333165388419,0.79672089253819
0.505090932182729,0.79672089253819
0.501436278978942,0.79672089253819
0.4917173816938,0.79672089253819
0.503013495304658,0.79672089253819
0.495892535730682,0.79672089253819
0.502809923985906,0.79672089253819
0.503353484248352,0.79672089253819
0.504787342835837,0.79672089253819
0.504166539357587,0.79672089253819
0.492981685746067,0.79672089253819
0.488908030359917,0.79672089253819
0.496430286804043,0.79672089253819
0.498177279768464,0.79672089253819
0.500928119509433,0.79672089253819
0.498965415979299,0.79672089253819
0.492907920874655,0.79672089253819
0.507204618157981,0.79672089253819
0.495213335938408,0.79672089253819
0.49969139187515,0.79672089253819
0.498047648838512,0.79672089253819
0.501697603911084,0.79672089253819
0.492964291271254,0.79672089253819
0.503108115373936,0.79672089253819
0.49808769347656,0.79672089253819
0.49514282860829,0.79672089253819
0.500595141480732,0.79672089253819
0.489114890434351,0.79672089253819
0.499876362650786,0.79672089253819
0.497288210636943,0.79672089253819
0.506775397909635,0.79672089253819
0.489997139179922,0.79672089253819
0.505362437009888,0.79672089253819
0.499067488486989,0.79672089253819
0.49390622914768,0.79672089253819
0.501861080100107,0.79672089253819
0.500420506868541,0.79672089253819
0.500560795432123,0.79672089253819
0.499012967088863,0.79672089253819
0.508178535934804,0.79672089253819
0.498355913891305,0.79672089253819
0.503566911243571,0.79672089253819
0.498171705419301,0.79672089253819
0.496466457865083,0.79672089253819
0.494809520710426,0.79672089253819
0.493332856337845,0.79672089253819
0.491617378743206,0.79672089253819
0.501591857468136,0.79672089253819
0.501946384560133,0.79672089253819
0.50351517606368,0.79672089253819
0.501442623387015,0.79672089253819
0.504238724031046,0.79672089253819
0.501497399954675,0.79672089253819
0.496445095847942,0.79672089253819
0.490251468540911,0.79672089253819
0.496858244966905,0.79672089253819
0.499384583206493,0.79672089253819
0.497370848104179,0.79672089253819
0.507215237031518,0.79672089253819
0.504132838470952,0.79672089253819
0.504468104832032,0.79672089253819
0.497166262305824,0.79672089253819
0.494746207170099,0.79672089253819
0.492453067401027,0.79672089253819
0.503689872193771,0.79672089253819
0.500714344160305,0.79672089253819
0.511656383825941,0.79672089253819
0.492754451027571,0.79672089253819
0.499488089840376,0.79672089253819
0.505083975241394,0.79672089253819
0.50096806659494,0.79672089253819
0.499001045899455,0.79672089253819
0.497580847071135,0.79672089253819
0.494571722701695,0.79672089253819
0.506103075876217,0.79672089253819
0.503533961616879,0.79672089253819
0.498306679935822,0.79672089253819
0.499919132686845,0.79672089253819
0.494194904230148,0.79672089253819
0.505622500603138,0.79672089253819
0.498902334171847,0.79672089253819
0.500249167856536,0.79672089253819
0.493929454819213,0.79672089253819
0.49933498217685,0.79672089253819
0.503974573755966,0.79672089253819
0.510714718752952,0.79672089253819
0.494300094170261,0.79672089253819
0.499772961240538,0.79672089253819
0.498695211058769,0.79672089253819
0.500810575480832,0.79672089253819
0.503467329347842,0.79672089253819
0.491595714594255,0.79672089253819
0.508279695045508,0.79672089253819
0.501410772278188,0.79672089253819
0.500759604258161,0.79672089253819
0.500873112551356,0.79672089253819
0.499282177817125,0.79672089253819
0.491620933763412,0.79672089253819
0.495961622383745,0.79672089253819
0.497061487010872,0.79672089253819
0.501758260659495,0.79672089253819
0.506277270187387,0.79672089253819
0.509027686868148,0.79672089253819
0.499570696140128,0.79672089253819
0.499487658972157,0.79672089253819
0.500268878754355,0.79672089253819
0.501982120146543,0.79672089253819
0.500240135328451,0.79672089253819
0.506907793516593,0.79672089253819
0.49553861330061,0.79672089253819
0.499816032215079,0.79672089253819
0.489119345792761,0.79672089253819
0.503822047007213,0.79672089253819
0.493173723046329,0.79672089253819
0.499690239034509,0.79672089253819
0.500464561448571,0.79672089253819
0.498155876552615,0.79672089253819
0.499003885410858,0.79672089253819
0.50139687003671,0.79672089253819
0.500158649062541,0.79672089253819
0.500349290438174,0.79672089253819
0.49475658646779,0.79672089253819
0.493370433774258,0.79672089253819
0.497655549138711,0.79672089253819
0.492482013115178,0.79672089253819
0.497263839745215,0.79672089253819
0.505686635483326,0.79672089253819
0.495288082903851,0.79672089253819
0.500793993864502,0.79672089253819
0.495611088683124,0.79672089253819
0.502544119230841,0.79672089253819
0.497802781152453,0.79672089253819
0.506107143776833,0.79672089253819
0.498827211833177,0.79672089253819
0.494810894573973,0.79672089253819
0.50684384226822,0.79672089253819
0.49956114956573,0.79672089253819
0.502673026273124,0.79672089253819
0.493204366391708,0.79672089253819
0.491702019211928,0.79672089253819
0.503394696620002,0.79672089253819
0.491450059385065,0.79672089253819
0.501716640482955,0.79672089253819
0.505043071684722,0.79672089253819
0.506747425713261,0.79672089253819
0.494619110392127,0.79672089253819
0.486887792416309,0.79672089253819
0.501175503708895,0.79672089253819
0.489484512492828,0.79672089253819
0.488711898655908,0.79672089253819
0.500839895241037,0.79672089253819
0.503734220528183,0.79672089253819
0.504314325024067,0.79672089253819
0.500778978487241,0.79672089253819
0.504144653053075,0.79672089253819
0.49945197507392,0.79672089253819
0.487002358922903,0.79672089253819
0.490479015811129,0.79672089253819
0.504953406076629,0.79672089253819
0.49938797279379,0.79672089253819
0.495687763472325,0.79672089253819
0.500010356098678,0.79672089253819
0.496399710234528,0.79672089253819
0.498310815510087,0.79672089253819
0.506502983056699,0.79672089253819
0.495806110785918,0.79672089253819
0.503021491574187,0.79672089253819
0.492918235668593,0.79672089253819
0.495239066316366,0.79672089253819
0.49705764480346,0.79672089253819
0.499758656671254,0.79672089253819
0.498754518061024,0.79672089253819
0.504450839990165,0.79672089253819
0.501314854252359,0.79672089253819
0.491853177686734,0.79672089253819
0.49876310654872,0.79672089253819
0.49454464090583,0.79672089253819
0.502483407120682,0.79672089253819
0.497455117647839,0.79672089253819
0.505497911719012,0.79672089253819
0.491572406387628,0.79672089253819
0.49993473012153,0.79672089253819
0.496843722106266,0.79672089253819
0.49988286130983,0.79672089253819
0.499382397618187,0.79672089253819
0.504688859318913,0.79672089253819
0.506143593038662,0.79672089253819
0.49952382043738,0.79672089253819
0.504528094550278,0.79672089253819
0.497341893823631,0.79672089253819
0.499346872963259,0.79672089253819
0.492627994804907,0.79672089253819
0.503728411830898,0.79672089253819
0.496531378399641,0.79672089253819
0.505716308614119,0.79672089253819
0.507017521881862,0.79672089253819
0.496950736979096,0.79672089253819
0.496835503310526,0.79672089253819
0.497275234971926,0.79672089253819
0.505062772989855,0.79672089253819
0.502290980056932,0.79672089253819
0.491370353740243,0.79672089253819
0.495039052865185,0.79672089253819
0.491266209871521,0.79672089253819
0.491854230100784,0.79672089253819
0.494779857840574,0.79672089253819
0.49392809424177,0.79672089253819
0.49599058920502,0.79672089253819
0.492272484183091,0.79672089253819
0.495202028648539,0.79672089253819
0.500880110481245,0.79672089253819
0.50142433212109,0.79672089253819
0.495191480332004,0.79672089253819
0.50432462744842,0.79672089253819
0.504660293389918,0.79672089253819
0.499531028207827,0.79672089253819
0.494035516954669,0.79672089253819
0.497366132517127,0.79672089253819
0.504791951148162,0.79672089253819
0.509232046364508,0.79672089253819
0.492621878298927,0.79672089253819
0.500792953497955,0.79672089253819
0.500708371680515,0.79672089253819
0.49459164377359,0.79672089253819
0.489779237075549,0.79672089253819
0.508966174509766,0.79672089253819
0.504722365288753,0.79672089253819
0.503108021272817,0.79672089253819
0.493168277838143,0.79672089253819
0.499041329672408,0.79672089253819
0.500343238751302,0.79672089253819
0.500404711805278,0.79672089253819
0.496929666083618,0.79672089253819
0.502832566695226,0.79672089253819
0.507054302173426,0.79672089253819
0.50260421051211,0.79672089253819
0.506207081186181,0.79672089253819
0.494522959249191,0.79672089253819
0.498932038166105,0.79672089253819
0.496305076968586,0.79672089253819
0.497697967281508,0.79672089253819
0.508236786922247,0.79672089253819
0.497732016134952,0.79672089253819
0.489704387834137,0.79672089253819
0.502640011871951,0.79672089253819
0.488037521112077,0.79672089253819
0.498526841636601,0.79672089253819
0.500885375314776,0.79672089253819
0.497603179073911,0.79672089253819
0.501933712942513,0.79672089253819
0.503531660800443,0.79672089253819
0.500947677062343,0.79672089253819
0.505188400551233,0.79672089253819
0.511662644777689,0.79672089253819
0.494414351015549,0.79672089253819
0.491175424508103,0.79672089253819
0.501214753889788,0.79672089253819
0.496555342152925,0.79672089253819
0.487489316850518,0.79672089253819
0.500435149915585,0.79672089253819
0.502015044667264,0.79672089253819
0.499571318640469,0.79672089253819
0.504994151822678,0.79672089253819
0.4961345222015,0.79672089253819
0.497463737275767,0.79672089253819
0.501617889985062,0.79672089253819
0.490101562071944,0.79672089253819
0.503458769403278,0.79672089253819
0.505443593978944,0.79672089253819
0.505061129769551,0.79672089253819
0.491678595369309,0.79672089253819
0.498309915615421,0.79672089253819
0.503375583851897,0.79672089253819
0.508926204115342,0.79672089253819
0.494957376959192,0.79672089253819
0.494408870006891,0.79672089253819
0.493557838406224,0.79672089253819
0.501413457286571,0.79672089253819
0.501765820364319,0.79672089253819
0.493364031838989,0.79672089253819
0.501053020765704,0.79672089253819
0.495318581641349,0.79672089253819
0.498978918367483,0.79672089253819
0.494781472848086,0.79672089253819
0.503588532845657,0.79672089253819
0.4980291068842,0.79672089253819
0.504624000766237,0.79672089253819
0.492854072764079,0.79672089253819
0.502171751380558,0.79672089253819
0.501421805316202,0.79672089253819
0.503120314110443,0.79672089253819
0.498716558637945,0.79672089253819
0.496726297595613,0.79672089253819
0.498748755856882,0.79672089253819
0.502331758793363,0.79672089253819
0.494360413504816,0.79672089253819
0.504212135476437,0.79672089253819
0.496352637872525,0.79672089253819
0.496713603658174,0.79672089253819
0.499310013170423,0.79672089253819
0.499972969846505,0.79672089253819
0.502219477786944,0.79672089253819
0.502774913548238,0.79672089253819
0.493883030388222,0.79672089253819
0.49644313592744,0.79672089253819
0.494916463452285,0.79672089253819
0.497983048623034,0.79672089253819
0.495736390372193,0.79672089253819
0.490452914345265,0.79672089253819
0.501651040822408,0.79672089253819
0.501568212350187,0.79672089253819
0.495314386376152,0.79672089253819
0.497831673053089,0.79672089253819
0.490720240781383,0.79672089253819
0.494620107385935,0.79672089253819
0.498527542919832,0.79672089253819
0.50489964592541,0.79672089253819
0.497416693939827,0.79672089253819
0.490057602479172,0.79672089253819
0.499325374232862,0.79672089253819
0.506981083059919,0.79672089253819
0.509236834554445,0.79672089253819
0.496582555331458,0.79672089253819
0.501981123571654,0.79672089253819
0.505430991092789,0.79672089253819
0.501138488469279,0.79672089253819
0.49887274906359,0.79672089253819
0.496559210483436,0.79672089253819
0.495595411278741,0.79672089253819
0.506826395124673,0.79672089253819
0.496604527393146,0.79672089253819
0.494386610742008,0.79672089253819
0.499527128678575,0.79672089253819
0.500153841365032,0.79672089253819
0.509782166974207,0.79672089253819
0.492426001025604,0.79672089253819
0.492370945894264,0.79672089253819
0.50946836366244,0.79672089253819
0.497812574944444,0.79672089253819
0.503179043817132,0.79672089253819
0.498423282458476,0.79672089253819
0.491455621029454,0.79672089253819
0.498764526219869,0.79672089253819
0.507403092920448,0.79672089253819
0.501605066225747,0.79672089253819
0.504520404589585,0.79672089253819
0.488746028429143,0.79672089253819
0.492902103022505,0.79672089253819
0.497826849712404,0.79672089253819
0.50610559276099,0.79672089253819
0.4941121427045,0.79672089253819
0.497297586261768,0.79672089253819
0.497425644195947,0.79672089253819
0.492339729078637,0.79672089253819
0.500821832101901,0.79672089253819
0.495766088479507,0.79672089253819
0.49555108781617,0.79672089253819
0.50226415130801,0.79672089253819
0.503063327482129,0.79672089253819
0.506338944211922,0.79672089253819
0.495130575711155,0.79672089253819
0.505051869758569,0.79672089253819
0.496640809867739,0.79672089253819
0.495737007405364,0.79672089253819
0.49306462707135,0.79672089253819
0.502220157172705,0.79672089253819
0.493771124930946,0.79672089253819
0.499299895363439,0.79672089253819
0.506802918297524,0.79672089253819
0.496321219566152,0.79672089253819
0.49948562623154,0.79672089253819
0.50583525359091,0.79672089253819
0.49998989034803,0.79672089253819
0.499058830948787,0.79672089253819
0.502952032025437,0.79672089253819
0.50487276111693,0.79672089253819
0.501444045838943,0.79672089253819
0.498736067350087,0.79672089253819
0.496562382774691,0.79672089253819
0.497617581449646,0.79672089253819
0.496336088802295,0.79672089253819
0.498606407557326,0.79672089253819
0.495179844103696,0.79672089253819
0.489805442975117,0.79672089253819
0.493799903421672,0.79672089253819
0.502698819280022,0.79672089253819
0.498276162378922,0.79672089253819
0.508393870236185,0.79672089253819
0.491466267948384,0.79672089253819
0.50004072574191,0.79672089253819
0.49943316935092,0.79672089253819
0.500803229751327,0.79672089253819
0.49619962671569,0.79672089253819
0.507161679636457,0.79672089253819
0.503495064894302,0.79672089253819
0.502516151512872,0.79672089253819
0.502293273540075,0.79672089253819
0.501906481943826,0.79672089253819
0.504280096381271,0.79672089253819
0.497042042489577,0.79672089253819
0.497723537180438,0.79672089253819
0.495048862816182,0.79672089253819
0.504648000186099,0.79672089253819
0.495967926119462,0.79672089253819
0.497898762506348,0.79672089253819
0.504167704012616,0.79672089253819
0.487498360192626,0.79672089253819
0.498706908720762,0.79672089253819
0.496519529800483,0.79672089253819
0.498305857008439,0.79672089253819
0.498113039830788,0.79672089253819
0.493137868985319,0.79672089253819
0.502425776739251,0.79672089253819
0.497683663134511,0.79672089253819
0.497060310445102,0.79672089253819
0.497881034674143,0.79672089253819
0.501378916649318,0.79672089253819
0.494123615141097,0.79672089253819
0.501521495852908,0.79672089253819
0.500924772527904,0.79672089253819
0.487165531594942,0.79672089253819
0.495293889516683,0.79672089253819
0.50172983247908,0.79672089253819
0.492231506120783,0.79672089253819
0.49607239102719,0.79672089253819
0.502342388491575,0.79672089253819
0.496412038640067,0.79672089253819
0.495323333636802,0.79672089253819
0.498223431645373,0.79672089253819
0.494021280557106,0.79672089253819
0.499714698505527,0.79672089253819
0.498374716339659,0.79672089253819
0.495646213576624,0.79672089253819
0.506295191065681,0.79672089253819
0.498126674749278,0.79672089253819
0.499828520390856,0.79672089253819
0.496509288808388,0.79672089253819
0.499524403337161,0.79672089253819
0.495584610737617,0.79672089253819
0.499951307120778,0.79672089253819
0.496047341267419,0.79672089253819
0.499924195840951,0.79672089253819
0.499814974083178,0.79672089253819
0.494262791472212,0.79672089253819
0.49539175837188,0.79672089253819
0.49462282793774,0.79672089253819
0.511239084934817,0.79672089253819
0.499516158816069,0.79672089253819
0.499769337136222,0.79672089253819
0.500059538354992,0.79672089253819
0.502574790950085,0.79672089253819
0.504443654624962,0.79672089253819
0.501228515648627,0.79672089253819
0.50806182482411,0.79672089253819
0.493109385066115,0.79672089253819
0.496637568834322,0.79672089253819
0.500147751799147,0.79672089253819
0.487710570414473,0.79672089253819
0.500934821027243,0.79672089253819
0.502668788860177,0.79672089253819
0.498745611019948,0.79672089253819
0.497211138608972,0.79672089253819
0.496811743895509,0.79672089253819
0.504417119804479,0.79672089253819
0.494526452383352,0.79672089253819
0.506635186633307,0.79672089253819
0.490874718032606,0.79672089253819
0.498222144484116,0.79672089253819
0.499787165753225,0.79672089253819
0.509531025932988,0.79672089253819
0.501973949988385,0.79672089253819
0.500991629205617,0.79672089253819
0.496144578774973,0.79672089253819
0.501760805191688,0.79672089253819
0.496254497978558,0.79672089253819
0.494968685479834,0.79672089253819
0.502007093670181,0.79672089253819
0.501550520506969,0.79672089253819
0.493550718610469,0.79672089253819
0.499005954657334,0.79672089253819
0.502618475098088,0.79672089253819
0.500464992792309,0.79672089253819
0.497252720079459,0.79672089253819
0.504820533719162,0.79672089253819
0.499790243725626,0.79672089253819
0.492968361954249,0.79672089253819
0.494848197556334,0.79672089253819
0.496586761151389,0.79672089253819
0.500189126706887,0.79672089253819
0.492863103807974,0.79672089253819
0.496572356436015,0.79672089253819
0.50763200769243,0.79672089253819
0.513600677511354,0.79672089253819
0.493381151326219,0.79672089253819
0.493525158942405,0.79672089253819
0.499303062075769,0.79672089253819
0.500609175158913,0.79672089253819
0.499053566663801,0.79672089253819
0.502538643747885,0.79672089253819
0.498840261678227,0.79672089253819
0.491193638016451,0.79672089253819
0.502873284377317,0.79672089253819
0.499856515155688,0.79672089253819
0.498602650666117,0.79672089253819
0.500931998985861,0.79672089253819
0.502724045309453,0.79672089253819
0.496207997221839,0.79672089253819
0.510063697258404,0.79672089253819
0.500983559635264,0.79672089253819
0.504697673460038,0.79672089253819
0.502513686098836,0.79672089253819
0.500127108370332,0.79672089253819
0.506703706760599,0.79672089253819
0.482960043892485,0.79672089253819
0.493449170108172,0.79672089253819
0.50388435318117,0.79672089253819
0.504706846998471,0.79672089253819
0.505486161342993,0.79672089253819
0.495638076474305,0.79672089253819
0.505471328812615,0.79672089253819
0.499608305337954,0.79672089253819
0.501386046511747,0.79672089253819
0.499134472065307,0.79672089253819
0.496270332608933,0.79672089253819
0.499864602899352,0.79672089253819
0.501137669945311,0.79672089253819
0.501301990591918,0.79672089253819
0.495214875222803,0.79672089253819
0.502239158168858,0.79672089253819
0.499427225912991,0.79672089253819
0.493943803498621,0.79672089253819
0.49109347054291,0.79672089253819
0.497843843349272,0.79672089253819
0.496784267534312,0.79672089253819
0.49520486639419,0.79672089253819
0.493475115658863,0.79672089253819
0.500621111756617,0.79672089253819
0.501209849396201,0.79672089253819
0.50215323854525,0.79672089253819
0.502551639507297,0.79672089253819
0.500995937578747,0.79672089253819
0.50192401111685,0.79672089253819
0.504838568466572,0.79672089253819
0.504709651653381,0.79672089253819
0.499041106786159,0.79672089253819
0.499631479416227,0.79672089253819
0.497798785927567,0.79672089253819
0.493853709414711,0.79672089253819
0.500155720498141,0.79672089253819
0.500897486698955,0.79672089253819
0.489636548491835,0.79672089253819
0.498252387542482,0.79672089253819
0.497409227133166,0.79672089253819
0.507109900789773,0.79672089253819
0.502671406691452,0.79672089253819
0.500398213350867,0.79672089253819
0.500335706346931,0.79672089253819
0.498734239650279,0.79672089253819
0.500173493812366,0.79672089253819
0.496120087657343,0.79672089253819
0.502755592804641,0.79672089253819
0.504714593206773,0.79672089253819
0.500700021370145,0.79672089253819
0.501828489590243,0.79672089253819
0.498341001595538,0.79672089253819
0.497906141483081,0.79672089253819
0.494484561119211,0.79672089253819
0.496193885344638,0.79672089253819
0.495204083233476,0.79672089253819
0.487832679147081,0.79672089253819
0.500133204625633,0.79672089253819
0.502495258409986,0.79672089253819
0.498167620301436,0.79672089253819
0.498911250574202,0.79672089253819
0.500401852472063,0.79672089253819
0.496640451416515,0.79672089253819
0.498410232155392,0.79672089253819
0.502725015634902,0.79672089253819
0.503593851221427,0.79672089253819
0.495791590981879,0.79672089253819
0.498221633470268,0.79672089253819
0.503707613867686,0.79672089253819
0.495955491234818,0.79672089253819
0.494241734939941,0.79672089253819
0.502931418070805,0.79672089253819
0.499077848813948,0.79672089253819
0.491193617991109,0.79672089253819
0.498091801138495,0.79672089253819
0.501867632815683,0.79672089253819
0.497988017296095,0.79672089253819
0.504010849686629,0.79672089253819
0.501994392100916,0.79672089253819
0.501675612309849,0.79672089253819
0.498203805008536,0.79672089253819
0.500583097968049,0.79672089253819
0.499511802809657,0.79672089253819
0.499442942054397,0.79672089253819
0.499801963955962,0.79672089253819
0.497162713080134,0.79672089253819
0.501081713321577,0.79672089253819
0.511457053919798,0.79672089253819
0.505336610083047,0.79672089253819
0.509355783934345,0.79672089253819
0.496404260884268,0.79672089253819
0.493233127624177,0.79672089253819
0.500642204382739,0.79672089253819
0.493381408448421,0.79672089253819
0.497672137017675,0.79672089253819
0.494882926406408,0.79672089253819
0.500837361760273,0.79672089253819
0.504060989381663,0.79672089253819
0.491099851302709,0.79672089253819
0.492439361414368,0.79672089253819
0.510394500184984,0.79672089253819
0.497958267952779,0.79672089253819
0.500498858670563,0.79672089253819
0.506014555382405,0.79672089253819
0.499170581981036,0.79672089253819
0.507566041804568,0.79672089253819
0.499532088721866,0.79672089253819
0.50238044466341,0.79672089253819
0.504571590271555,0.79672089253819
0.499727793093143,0.79672089253819
0.492599536614141,0.79672089253819
0.501646426514673,0.79672089253819
0.504430715705977,0.79672089253819
0.49494822676774,0.79672089253819
0.505671655962341,0.79672089253819
0.497255492545641,0.79672089253819
0.50348762623393,0.79672089253819
0.499921953279893,0.79672089253819
0.501620585022826,0.79672089253819
0.502557300402524,0.79672089253819
0.502723086981935,0.79672089253819
0.501872084955354,0.79672089253819
0.500286068854333,0.79672089253819
0.49614023925661,0.79672089253819
0.498653074488667,0.79672089253819
0.497450723472676,0.79672089253819
0.502518396478022,0.79672089253819
0.498960349770524,0.79672089253819
0.505183792968783,0.79672089253819
0.49100690896324,0.79672089253819
0.496443399603834,0.79672089253819
0.498481166332449,0.79672089253819
0.501567113911202,0.79672089253819
0.495852787696933,0.79672089253819
0.500874940555703,0.79672089253819
0.504455862118975,0.79672089253819
0.505567540615453,0.79672089253819
0.502777324818857,0.79672089253819
0.501095773614869,0.79672089253819
0.504678261820774,0.79672089253819
0.498228242365517,0.79672089253819
0.500429541612099,0.79672089253819
0.497073614650248,0.79672089253819
0.495627390221925,0.79672089253819
0.506408742354886,0.79672089253819
0.505009567778578,0.79672089253819
0.499941412592323,0.79672089253819
0.50401787381458,0.79672089253819
0.504980402461758,0.79672089253819
0.501650879289482,0.79672089253819
0.50022997012306,0.79672089253819
0.499794575180569,0.79672089253819
0.493610331105182,0.79672089253819
0.502735692518617,0.79672089253819
0.49855559323339,0.79672089253819
0.500768057426701,0.79672089253819
0.501681615691003,0.79672089253819
0.499816515175665,0.79672089253819
0.500566909423946,0.79672089253819
0.507470175034667,0.79672089253819
0.492506395688034,0.79672089253819
0.487088111690939,0.79672089253819
0.494510075633321,0.79672089253819
0.497830043218023,0.79672089253819
0.49626755304752,0.79672089253819
0.496727800859484,0.79672089253819
0.503950363499229,0.79672089253819
0.489134352502075,0.79672089253819
0.495172928647139,0.79672089253819
0.500857693408056,0.79672089253819
0.50351677796899,0.79672089253819
0.503183472618795,0.79672089253819
0.493344922498421,0.79672089253819
0.49336707513734,0.79672089253819
0.501105614029822,0.79672089253819
0.503347351936756,0.79672089253819
0.49858223836871,0.79672089253819
0.510833940556366,0.79672089253819
0.505673755948169,0.79672089253819
0.49749415449464,0.79672089253819
0.506358960080531,0.79672089253819
0.491725573007452,0.79672089253819
0.503536929207716,0.79672089253819
0.502202588506013,0.79672089253819
0.499364501338189,0.79672089253819
0.491013853155686,0.79672089253819
0.495468663076232,0.79672089253819
0.497512681456176,0.79672089253819
0.493454172588906,0.79672089253819
0.496858518818025,0.79672089253819
0.502808491853464,0.79672089253819
0.512147077375994,0.79672089253819
0.499424598251285,0.79672089253819
0.495153272202222,0.79672089253819
0.499339879135207,0.79672089253819
0.511356825877865,0.79672089253819
0.507221333115326,0.79672089253819
0.485680377287154,0.79672089253819
0.489160096133574,0.79672089253819
0.498340584614033,0.79672089253819
0.502880692133274,0.79672089253819
0.502933653584477,0.79672089253819
0.498087317862596,0.79672089253819
0.494848869389877,0.79672089253819
0.50517261019281,0.79672089253819
0.495764926216629,0.79672089253819
0.508285031887799,0.79672089253819
0.499891098661735,0.79672089253819
0.493802619487446,0.79672089253819
0.492352759838285,0.79672089253819
0.504128852463111,0.79672089253819
0.500882081598808,0.79672089253819
0.501407552187311,0.79672089253819
0.504866175218002,0.79672089253819
0.498730840726541,0.79672089253819
0.500858300164414,0.79672089253819
0.501913470760984,0.79672089253819
0.503442067385668,0.79672089253819
0.489606570643173,0.79672089253819
0.498176645268444,0.79672089253819
0.498551499247076,0.79672089253819
0.499965460409592,0.79672089253819
0.491966618819506,0.79672089253819
0.500963071308991,0.79672089253819
0.507167531839401,0.79672089253819
0.500092762516169,0.79672089253819
0.499494024748457,0.79672089253819
0.502674209723475,0.79672089253819
0.501125939814844,0.79672089253819
0.49535080400658,0.79672089253819
0.497140305081946,0.79672089253819
0.506646229601403,0.79672089253819
0.501836925894011,0.79672089253819
0.501821453318566,0.79672089253819
0.498099868547761,0.79672089253819
0.503775043225439,0.79672089253819
0.495219256130238,0.79672089253819
0.493747219075918,0.79672089253819
0.503721934905506,0.79672089253819
0.501875650306488,0.79672089253819
0.50489561867701,0.79672089253819
0.498243087984993,0.79672089253819
0.503112871289506,0.79672089253819
0.498142828417655,0.79672089253819
0.500321771811198,0.79672089253819
0.501747590404738,0.79672089253819
0.500119801822082,0.79672089253819
0.497083631638957,0.79672089253819
0.505615217616202,0.79672089253819
0.501675267812615,0.79672089253819
0.4945653580653,0.79672089253819
0.496694188934966,0.79672089253819
0.489656918572975,0.79672089253819
0.501714941239506,0.79672089253819
0.500645010193684,0.79672089253819
0.502750951636302,0.79672089253819
0.507232168773628,0.79672089253819
0.505836074895119,0.79672089253819
0.491531455797112,0.79672089253819
0.492396680815247,0.79672089253819
0.497264741164663,0.79672089253819
0.498822458861886,0.79672089253819
0.503858526885327,0.79672089253819
0.501552618278862,0.79672089253819
0.497587480026934,0.79672089253819
0.505905651369299,0.79672089253819
0.503314073582442,0.79672089253819
0.510059029066605,0.79672089253819
0.500586738234552,0.79672089253819
0.498977665162644,0.79672089253819
0.496364191753809,0.79672089253819
0.501550790898965,0.79672089253819
0.501836036854208,0.79672089253819
0.496138031388115,0.79672089253819
0.498817006042074,0.79672089253819
0.508491383950375,0.79672089253819
0.498164263496613,0.79672089253819
0.490988014873435,0.79672089253819
0.49782134756818,0.79672089253819
0.493609371025092,0.79672089253819
0.49903119545325,0.79672089253819
0.499636527001127,0.79672089253819
0.501319047936925,0.79672089253819
0.498425611203203,0.79672089253819
0.497378595155568,0.79672089253819
0.501545091491329,0.79672089253819
0.494430473072345,0.79672089253819
0.501851357486136,0.79672089253819
0.495016715094691,0.79672089253819
0.494973601163617,0.79672089253819
0.499497172482807,0.79672089253819
0.494661081590584,0.79672089253819
0.508702708117538,0.79672089253819
0.500279513720508,0.79672089253819
0.499706307217689,0.79672089253819
0.503738080544079,0.79672089253819
0.500930060238002,0.79672089253819
0.501094604798036,0.79672089253819
0.506325668052269,0.79672089253819
0.496565522618876,0.79672089253819
0.501872077585441,0.79672089253819
0.495828093328847,0.79672089253819
0.501131131241164,0.79672089253819
0.503378723030651,0.79672089253819
0.509729382960453,0.79672089253819
0.504211264871697,0.79672089253819
0.505007441294589,0.79672089253819
0.49536270670014,0.79672089253819
0.494254478930248,0.79672089253819
0.496618287773873,0.79672089253819
0.50392911872729,0.79672089253819
0.494335874700288,0.79672089253819
0.506951925524638,0.79672089253819
0.499374980192182,0.79672089253819
0.493530873495004,0.79672089253819
0.488725515079653,0.79672089253819
0.496316332314958,0.79672089253819
0.496880553259899,0.79672089253819
0.505319172514429,0.79672089253819
0.498374375267801,0.79672089253819
0.504528738189048,0.79672089253819
0.494394162454048,0.79672089253819
0.496656677704599,0.79672089253819
0.503354749045748,0.79672089253819
0.499325237271903,0.79672089253819
0.491836816657445,0.79672089253819
0.502896453865364,0.79672089253819
0.500175651874763,0.79672089253819
0.501449736673249,0.79672089253819
0.505666071504067,0.79672089253819
0.494856259826754,0.79672089253819
0.495271435424796,0.79672089253819
0.510564117738245,0.79672089253819
0.497302836381824,0.79672089253819
0.494381052384446,0.79672089253819
0.506936684640084,0.79672089253819
0.497702362080141,0.79672089253819
0.497747194034877,0.79672089253819
0.503191855248281,0.79672089253819
0.497970746556523,0.79672089253819
0.501315416100108,0.79672089253819
0.496087662844202,0.79672089253819
0.498393394322054,0.79672089253819
0.501108163821556,0.79672089253819
0.500156365630869,0.79672089253819
0.49873243349326,0.79672089253819
0.500384332539833,0.79672089253819
0.499160169949218,0.79672089253819
0.506742628757876,0.79672089253819
0.497770015055795,0.79672089253819
0.496451634206018,0.79672089253819
0.491258052811979,0.79672089253819
0.498049838336477,0.79672089253819
0.501743256801185,0.79672089253819
0.507035955361459,0.79672089253819
0.498166615742953,0.79672089253819
0.500292399566658,0.79672089253819
0.501155553509967,0.79672089253819
0.494691625110231,0.79672089253819
0.497566358285795,0.79672089253819
0.497132723496494,0.79672089253819
0.503271402310403,0.79672089253819
0.50311346286159,0.79672089253819
0.500985333758464,0.79672089253819
0.494033827946973,0.79672089253819
0.491446625668822,0.79672089253819
0.494500429959417,0.79672089253819
0.499988378608584,0.79672089253819
0.506512039704659,0.79672089253819
0.497568607140757,0.79672089253819
0.49933552898768,0.79672089253819
0.505555535966653,0.79672089253819
0.497858867702385,0.79672089253819
0.501409115791934,0.79672089253819
0.496160836061715,0.79672089253819
0.506716893631758,0.79672089253819
0.506311747673405,0.79672089253819
0.50857124600774,0.79672089253819
0.491820141452578,0.79672089253819
0.501526988073676,0.79672089253819
0.502232321755005,0.79672089253819
0.502374516613765,0.79672089253819
0.501450826953805,0.79672089253819
0.503912470582291,0.79672089253819
0.496366084673645,0.79672089253819
0.490219343606748,0.79672089253819
0.499817088539036,0.79672089253819
0.495688160069554,0.79672089253819
0.501452788022566,0.79672089253819
0.505186917542101,0.79672089253819
0.497735023028095,0.79672089253819
0.496684610129201,0.79672089253819
0.502431534894658,0.79672089253819
0.494410133363213,0.79672089253819
0.493952569183885,0.79672089253819
0.497512940681831,0.79672089253819
0.506041871680365,0.79672089253819
0.50480471800834,0.79672089253819
0.500826564714068,0.79672089253819
0.498101609278635,0.79672089253819
0.50207878420663,0.79672089253819
0.500077351167621,0.79672089253819
0.502750771713813,0.79672089253819
0.496296080130362,0.79672089253819
0.503897029763022,0.79672089253819
0.492161088584502,0.79672089253819
0.497517695350103,0.79672089253819
0.49717956735303,0.79672089253819
0.504249920900103,0.79672089253819
0.498215492291198,0.79672089253819
0.502783952072099,0.79672089253819
0.49968125572063,0.79672089253819
0.499555527871176,0.79672089253819
0.496319734529533,0.79672089253819
0.487714668812333,0.79672089253819
0.494871538541785,0.79672089253819
0.500163332863756,0.79672089253819
0.505944369382726,0.79672089253819
0.497292709602303,0.79672089253819
0.498351154328175,0.79672089253819
0.496422221108345,0.79672089253819
0.503477534346199,0.79672089253819
0.499276459012575,0.79672089253819
0.497554950184546,0.79672089253819
0.495417181509723,0.79672089253819
0.497234472722822,0.79672089253819
0.491999558580741,0.79672089253819
0.501850167604796,0.79672089253819
0.500648265716694,0.79672089253819
0.500504125564023,0.79672089253819
0.503636508114422,0.79672089253819
0.50400029664309,0.79672089253819
0.503577636618998,0.79672089253819
0.496095913386835,0.79672089253819
0.511639025038295,0.79672089253819
0.500501439560069,0.79672089253819
0.503057816465868,0.79672089253819
0.495867401007214,0.79672089253819
0.506248061871927,0.79672089253819
0.503557057293295,0.79672089253819
0.505893478483049,0.79672089253819
0.504960209474027,0.79672089253819
0.500224317658087,0.79672089253819
0.509601341499854,0.79672089253819
0.497923470563134,0.79672089253819
0.497563324324172,0.79672089253819
0.508594853168855,0.79672089253819
0.495454658234399,0.79672089253819
0.493685721864077,0.79672089253819
0.50223449971433,0.79672089253819
0.496742662650001,0.79672089253819
0.496699339670024,0.79672089253819
0.500739844573997,0.79672089253819
0.50083169655721,0.79672089253819
0.501917109965526,0.79672089253819
0.499933189698554,0.79672089253819
0.487814742073548,0.79672089253819
0.500001803886677,0.79672089253819
0.49718360386539,0.79672089253819
0.499430132748838,0.79672089253819
0.500701133154104,0.79672089253819
0.502437825019738,0.79672089253819
0.499048934702195,0.79672089253819
0.48992821790175,0.79672089253819
0.501614231247048,0.79672089253819
0.501982122659911,0.79672089253819
0.492635055486253,0.79672089253819
0.505275075702445,0.79672089253819
0.503096507787104,0.79672089253819
0.498629258492815,0.79672089253819
0.492657599036702,0.79672089253819
0.494142211315451,0.79672089253819
0.493613252112376,0.79672089253819
0.495880267774863,0.79672089253819
0.498784003357522,0.79672089253819
0.499911751986598,0.79672089253819
0.493841065545229,0.79672089253819
0.495823954663652,0.79672089253819
0.507247030517313,0.79672089253819
0.500599098802943,0.79672089253819
0.50570791524279,0.79672089253819
0.489243533871155,0.79672089253819
0.496783765835599,0.79672089253819
0.501403660562313,0.79672089253819
0.497633900084659,0.79672089253819
0.505733276736827,0.79672089253819
0.50172989962746,0.79672089253819
0.507956742970612,0.79672089253819
0.501258476447494,0.79672089253819
0.504847583821036,0.79672089253819
0.498780129292183,0.79672089253819
0.497716994147553,0.79672089253819
0.50755234385857,0.79672089253819
0.494863250451161,0.79672089253819
0.494655320667359,0.79672089253819
0.496726972498162,0.79672089253819
0.497607402413566,0.79672089253819
0.494652097251135,0.79672089253819
0.499400755119645,0.79672089253819
0.498916705079957,0.79672089253819
0.5098915774261,0.79672089253819
0.507012059194512,0.79672089253819
0.494944817214169,0.79672089253819
0.500144270165361,0.79672089253819
0.495549681272478,0.79672089253819
0.494430139257498,0.79672089253819
0.499651378914794,0.79672089253819
0.501101519998385,0.79672089253819
0.502408070291894,0.79672089253819
0.500588150827192,0.79672089253819
0.496880703133041,0.79672089253819
0.493274747152464,0.79672089253819
0.502560173477644,0.79672089253819
0.500231649433234,0.79672089253819
0.503297998042787,0.79672089253819
0.498329786769922,0.79672089253819
0.493255179992254,0.79672089253819
0.498301260342241,0.79672089253819
0.506360414839518,0.79672089253819
0.495066418372263,0.79672089253819
0.501046530768651,0.79672089253819
0.501859445988171,0.79672089253819
0.507971527946548,0.79672089253819
0.501201294567509,0.79672089253819
0.497697753153669,0.79672089253819
0.499850629599479,0.79672089253819
0.500334665424975,0.79672089253819
0.490476074903602,0.79672089253819
0.500348022202607,0.79672089253819
0.493285185171825,0.79672089253819
0.504984425425447,0.79672089253819
0.501074756485055,0.79672089253819
0.499170406108866,0.79672089253819
0.507292750362476,0.79672089253819
0.501158521146233,0.79672089253819
0.498274836922412,0.79672089253819
0.496582137172329,0.79672089253819
0.492412944565426,0.79672089253819
0.496353247139047,0.79672089253819
0.497276429334778,0.79672089253819
0.495669636126894,0.79672089253819
0.499851318972034,0.79672089253819
0.493040644072812,0.79672089253819
0.503591038117905,0.79672089253819
0.497655705005326,0.79672089253819
0.501058504264927,0.79672089253819
0.505486110142199,0.79672089253819
0.498941110878063,0.79672089253819
0.497470221014349,0.79672089253819
0.495350391602072,0.79672089253819
0.49977150785518,0.79672089253819
0.504250112963797,0.79672089253819
0.494920686981435,0.79672089253819
0.497404745064612,0.79672089253819
0.505752489733705,0.79672089253819
0.500159132000666,0.79672089253819
0.506611457678353,0.79672089253819
0.498074338572824,0.79672089253819
0.499861702148717,0.79672089253819
0.497619198580405,0.79672089253819
0.497998320512155,0.79672089253819
0.500402079822507,0.79672089253819
0.498429573557717,0.79672089253819
0.500657503356205,0.79672089253819
0.501089988714413,0.79672089253819
0.489736336623886,0.79672089253819
0.488368311969648,0.79672089253819
0.498719752504932,0.79672089253819
0.502179148280809,0.79672089253819
0.498915839562063,0.79672089253819
0.482991583287598,0.79672089253819
0.494892782832319,0.79672089253819
0.497118152323581,0.79672089253819
0.498598512910988,0.79672089253819
0.501900712345275,0.79672089253819
0.500176626761031,0.79672089253819
0.500664840427851,0.79672089253819
0.502386798489697,0.79672089253819
0.491688920332977,0.79672089253819
0.498098993369262,0.79672089253819
0.500353874042797,0.79672089253819
0.503653945490882,0.79672089253819
0.499300477037044,0.79672089253819
0.504357352423717,0.79672089253819
0.499896368042319,0.79672089253819
0.502818117152381,0.79672089253819
0.501773015976971,0.79672089253819
0.49922254817789,0.79672089253819
0.501155166408515,0.79672089253819
0.494840416841259,0.79672089253819
0.50490899566016,0.79672089253819
0.502745207681894,0.79672089253819
0.497148029953232,0.79672089253819
0.496367595595587,0.79672089253819
0.493226534196096,0.79672089253819
0.496514010820751,0.79672089253819
0.503581073653771,0.79672089253819
0.499291159389027,0.79672089253819
0.496333259471267,0.79672089253819
0.498938194227946,0.79672089253819
0.497377394596345,0.79672089253819
0.491856908954649,0.79672089253819
0.494503306110149,0.79672089253819
0.498437664035265,0.79672089253819
0.498552810588477,0.79672089253819
0.504856676727573,0.79672089253819
0.496188054233323,0.79672089253819
0.493776686442912,0.79672089253819
0.497389447089009,0.79672089253819
0.495649064236828,0.79672089253819
0.495203246776371,0.79672089253819
0.499795603076655,0.79672089253819
0.493329085937799,0.79672089253819
0.502577156663466,0.79672089253819
0.503274329058574,0.79672089253819
0.499831119129111,0.79672089253819
0.497561753253617,0.79672089253819
0.505235175420986,0.79672089253819
0.50381823788662,0.79672089253819
0.496828580191548,0.79672089253819
0.499821634085836,0.79672089253819
0.489425546403124,0.79672089253819
0.498586394743598,0.79672089253819
0.497104477369608,0.79672089253819
0.498085026743188,0.79672089253819
0.494870610342755,0.79672089253819
0.49171287457238,0.79672089253819
0.500899102077535,0.79672089253819
0.499710793584676,0.79672089253819
0.495259763402741,0.79672089253819
0.5019963771823,0.79672089253819
0.494431587511689,0.79672089253819
0.495234292998983,0.79672089253819
0.490440291059246,0.79672089253819
0.499929225460621,0.79672089253819
0.49285859466812,0.79672089253819
0.502025044668027,0.79672089253819
0.50061427867574,0.79672089253819
0.498232375347427,0.79672089253819
0.498270812964454,0.79672089253819
0.496429238001052,0.79672089253819
0.506050635363209,0.79672089253819
0.50486426390489,0.79672089253819
0.505498734009907,0.79672089253819
0.502328427405448,0.79672089253819
0.498328411922522,0.79672089253819
0.499621293393605,0.79672089253819
0.505384278251047,0.79672089253819
0.498102220389818,0.79672089253819
0.499424546258884,0.79672089253819
0.502169819611394,0.79672089253819
0.49656475807072,0.79672089253819
0.498086334593398,0.79672089253819
0.500145504324072,0.79672089253819
0.4979972366502,0.79672089253819
0.50245898763107,0.79672089253819
0.495015854134278,0.79672089253819
0.500327769048776,0.79672089253819
0.504397094152612,0.79672089253819
0.50274990359731,0.79672089253819
0.494558343139273,0.79672089253819
0.493763216318054,0.79672089253819
0.4919678939497,0.79672089253819
0.491223687738407,0.79672089253819
0.49804880723518,0.79672089253819
0.500330790756589,0.79672089253819
0.502138564531927,0.79672089253819
0.499048120270284,0.79672089253819
0.494892360087935,0.79672089253819
0.500634591323027,0.79672089253819
0.489097041532957,0.79672089253819
0.49283013721751,0.79672089253819
0.50347214771029,0.79672089253819
0.507900989899123,0.79672089253819
0.492632746977563,0.79672089253819
0.489934206645862,0.79672089253819
0.49554594854324,0.79672089253819
0.498327614215841,0.79672089253819
0.49639674349044,0.79672089253819
0.508527822606102,0.79672089253819
0.50027604462678,0.79672089253819
0.508390384989748,0.79672089253819
0.493501594386607,0.79672089253819
0.4953225586323,0.79672089253819
0.500536853508986,0.79672089253819
0.50090415545396,0.79672089253819
0.500965910715116,0.79672089253819
0.499976021689691,0.79672089253819
0.498875112824799,0.79672089253819
0.500049134473623,0.79672089253819
0.495156290880258,0.79672089253819
0.501875380280844,0.79672089253819
0.498191633615028,0.79672089253819
0.500812582868544,0.79672089253819
0.495629495575687,0.79672089253819
0.500250781363154,0.79672089253819
0.50366679361638,0.79672089253819
0.502436001876191,0.79672089253819
0.503520778886766,0.79672089253819
0.493608518659035,0.79672089253819
0.493882432358614,0.79672089253819
0.500003913782976,0.79672089253819
0.503237955733418,0.79672089253819
0.498551642649736,0.79672089253819
0.489928105875522,0.79672089253819
0.500536290102892,0.79672089253819
0.506105796143713,0.79672089253819
0.503579282587254,0.79672089253819
0.491216317053984,0.79672089253819
0.498857234506488,0.79672089253819
0.497375565250452,0.79672089253819
0.500085029322508,0.79672089253819
0.507088934074877,0.79672089253819
0.498744049495274,0.79672089253819
0.501974732924214,0.79672089253819
0.493995971059379,0.79672089253819
0.49657028159518,0.79672089253819
0.493399410561983,0.79672089253819
0.507975161922338,0.79672089253819
0.499976517939459,0.79672089253819
0.497070082773027,0.79672089253819
0.496851873972764,0.79672089253819
0.505667447679183,0.79672089253819
0.503334370667107,0.79672089253819
0.495421580033028,0.79672089253819
0.501619664460586,0.79672089253819
0.497798923456248,0.79672089253819
0.496148695408582,0.79672089253819
0.495614967336484,0.79672089253819
0.484036259191631,0.79672089253819
0.5019614615511,0.79672089253819
0.498154939349583,0.79672089253819
0.504863164699504,0.79672089253819
0.500509777448142,0.79672089253819
0.499630068795112,0.79672089253819
0.50545426185529,0.79672089253819
0.498757619374452,0.79672089253819
0.495487191591393,0.79672089253819
0.503681846752234,0.79672089253819
0.507576022216991,0.79672089253819
0.507893729586129,0.79672089253819
0.506352073159282,0.79672089253819
0.49642785835192,0.79672089253819
0.4949855587711,0.79672089253819
0.49239642499417,0.79672089253819
0.49373881359207,0.79672089253819
0.501656675144789,0.79672089253819
0.492006253070803,0.79672089253819
0.496736073215982,0.79672089253819
0.50118789799896,0.79672089253819
0.494008650277046,0.79672089253819
0.496043939219884,0.79672089253819
0.504315352744203,0.79672089253819
0.498915972718131,0.79672089253819
0.506047575369619,0.79672089253819
0.507965853183067,0.79672089253819
0.502159279907214,0.79672089253819
0.497945632629029,0.79672089253819
0.495060813266389,0.79672089253819
0.498027807777976,0.79672089253819
0.500614843110465,0.79672089253819
0.49597732673862,0.79672089253819
0.503924357673034,0.79672089253819
0.50134961731093,0.79672089253819
0.495497888560485,0.79672089253819
0.495688407776147,0.79672089253819
0.49896078655811,0.79672089253819
0.502059746044442,0.79672089253819
0.499758247393641,0.79672089253819
0.499650413450915,0.79672089253819
0.494234038815887,0.79672089253819
0.495498241088758,0.79672089253819
0.496054522201115,0.79672089253819
0.495891286524033,0.79672089253819
0.495668328898403,0.79672089253819
0.497390645857897,0.79672089253819
0.494476003965365,0.79672089253819
0.498354788941844,0.79672089253819
0.503789821184371,0.79672089253819
0.505036052649541,0.79672089253819
0.491170057083498,0.79672089253819
0.502218621372799,0.79672089253819
0.499759398096994,0.79672089253819
0.500340403037295,0.79672089253819
0.500015237493738,0.79672089253819
0.501206337393462,0.79672089253819
0.498919955839271,0.79672089253819
0.499064817547349,0.79672089253819
0.49515503650622,0.79672089253819
0.496363022424352,0.79672089253819
0.505288430866373,0.79672089253819
0.501742152582932,0.79672089253819
0.49671119765826,0.79672089253819
0.502098395319353,0.79672089253819
0.50325406708959,0.79672089253819
0.502914325669391,0.79672089253819
0.499521939679717,0.79672089253819
0.504944319844026,0.79672089253819
0.499664273400931,0.79672089253819
0.490624503560052,0.79672089253819
0.49661437059809,0.79672089253819
0.495512053917815,0.79672089253819
0.498989857075849,0.79672089253819
0.494242552178055,0.79672089253819
0.495902538367963,0.79672089253819
0.499419583120115,0.79672089253819
0.503023178933891,0.79672089253819
0.504866011635269,0.79672089253819
0.499457633169203,0.79672089253819
0.506129272393716,0.79672089253819
0.49719471072164,0.79672089253819
0.496794648321616,0.79672089253819
0.489831565496541,0.79672089253819
0.49955071415271,0.79672089253819
0.497455302811823,0.79672089253819
0.500758769644502,0.79672089253819
0.500809819131543,0.79672089253819
0.501295159690355,0.79672089253819
0.502195223142515,0.79672089253819
0.501096738720947,0.79672089253819
0.489347332723441,0.79672089253819
0.492770817438796,0.79672089253819
0.503377514291253,0.79672089253819
0.501344391719566,0.79672089253819
0.495521143262388,0.79672089253819
0.493546402521193,0.79672089253819
0.499767733359167,0.79672089253819
0.493262263101874,0.79672089253819
0.495470801478798,0.79672089253819
0.498708679959476,0.79672089253819
0.500482417024981,0.79672089253819
0.497218756842154,0.79672089253819
0.496596857480897,0.79672089253819
0.495257117672254,0.79672089253819
0.495811818700086,0.79672089253819
0.496810606511202,0.79672089253819
0.496434671493002,0.79672089253819
0.486712152207806,0.79672089253819
0.501051811334081,0.79672089253819
0.491431840525939,0.79672089253819
0.498795346967945,0.79672089253819
0.501665229794552,0.79672089253819
0.498590088125137,0.79672089253819
0.504432847581196,0.79672089253819
0.491441302463544,0.79672089253819
0.497636087919195,0.79672089253819
0.503537549294302,0.79672089253819
0.50597871622159,0.79672089253819
0.507164344155673,0.79672089253819
0.499006509161131,0.79672089253819
0.496706124637638,0.79672089253819
0.501148820225038,0.79672089253819
0.503915009302324,0.79672089253819
0.505804151950972,0.79672089253819
0.511093137300576,0.79672089253819
0.49194884155133,0.79672089253819
0.496021979544153,0.79672089253819
0.50573531382955,0.79672089253819
0.50050803160686,0.79672089253819
0.49736552352183,0.79672089253819
0.494324928632605,0.79672089253819
0.502152591952286,0.79672089253819
0.49930327238989,0.79672089253819
0.498199332115848,0.79672089253819
0.492226034224879,0.79672089253819
0.494358023320957,0.79672089253819
0.496863777439776,0.79672089253819
0.49387723655884,0.79672089253819
0.501827299000694,0.79672089253819
0.501841745443529,0.79672089253819
0.501727232982991,0.79672089253819
0.497064716303424,0.79672089253819
0.500641826915342,0.79672089253819
0.50183579127124,0.79672089253819
0.495584460416892,0.79672089253819
0.499348518693927,0.79672089253819
0.506409347998524,0.79672089253819
0.502678422451674,0.79672089253819
0.50021596107811,0.79672089253819
0.49698890499086,0.79672089253819
0.501140790398667,0.79672089253819
0.504272325670835,0.79672089253819
0.495985855580212,0.79672089253819
0.503511549888088,0.79672089253819
0.492815155304058,0.79672089253819
0.496645802692348,0.79672089253819
0.497759657007128,0.79672089253819
0.502796275942462,0.79672089253819
0.500517676777724,0.79672089253819
0.498971782310563,0.79672089253819
0.494317539273437,0.79672089253819
0.493026705335314,0.79672089253819
0.491168954940421,0.79672089253819
0.489672163765693,0.79672089253819
0.494354487881358,0.79672089253819
0.498269153070426,0.79672089253819
0.498877641079944,0.79672089253819
0.494217848301424,0.79672089253819
0.501507158536345,0.79672089253819
0.499532037750044,0.79672089253819
0.496153795322878,0.79672089253819
0.503539629022834,0.79672089253819
0.495822374223672,0.79672089253819
0.504667158879996,0.79672089253819
0.492853928775692,0.79672089253819
0.498436870803231,0.79672089253819
0.50765495097616,0.79672089253819
0.49894111373461,0.79672089253819
0.507945056965379,0.79672089253819
0.497809052546701,0.79672089253819
0.494384544720824,0.79672089253819
0.4951883628758,0.79672089253819
0.492968415610136,0.79672089253819
0.499880915989437,0.79672089253819
0.496873303655748,0.79672089253819
0.500122060603047,0.79672089253819
0.497758904619479,0.79672089253819
0.501098778735044,0.79672089253819
0.50087764352579,0.79672089253819
0.49508441785044,0.79672089253819
0.491611740287043,0.79672089253819
0.490367811133996,0.79672089253819
0.488775511104886,0.79672089253819
0.494951397442681,0.79672089253819
0.501907056235073,0.79672089253819
0.499872155147798,0.79672089253819
0.499743582929947,0.79672089253819
0.507152916864579,0.79672089253819
0.495443216101031,0.79672089253819
0.490749335458025,0.79672089253819
0.502361343535279,0.79672089253819
0.502029354321319,0.79672089253819
0.497885605721107,0.79672089253819
0.495886678854536,0.79672089253819
0.501592454701823,0.79672089253819
0.501991753962786,0.79672089253819
0.506356486858418,0.79672089253819
0.50892776595531,0.79672089253819
0.497669810448453,0.79672089253819
0.50427656009273,0.79672089253819
0.50648648945876,0.79672089253819
0.503964014307254,0.79672089253819
0.497059873286413,0.79672089253819
0.499690259843616,0.79672089253819
0.49284833875808,0.79672089253819
0.503780858365587,0.79672089253819
0.496997807163107,0.79672089253819
0.492766726046066,0.79672089253819
0.500875422787594,0.79672089253819
0.50233803673646,0.79672089253819
0.499289596462115,0.79672089253819
0.501245004221732,0.79672089253819
0.505102954076225,0.79672089253819
0.501248975000754,0.79672089253819
0.494399535815799,0.79672089253819
0.491801762255027,0.79672089253819
0.495289544898649,0.79672089253819
0.498245052196415,0.79672089253819
0.502588457972104,0.79672089253819
0.502772160422543,0.79672089253819
0.498863370220901,0.79672089253819
0.499126091136145,0.79672089253819
0.502486352762391,0.79672089253819
0.497908135622257,0.79672089253819
0.502785976148785,0.79672089253819
0.506847631703656,0.79672089253819
0.50926091337982,0.79672089253819
0.50810522943381,0.79672089253819
0.497423560363744,0.79672089253819
0.497096633357294,0.79672089253819
0.506306202669988,0.79672089253819
0.497869064012212,0.79672089253819
0.493192656754192,0.79672089253819
0.505867629801831,0.79672089253819
0.498723581476017,0.79672089253819
0.503417838436752,0.79672089253819
0.497307811369366,0.79672089253819
0.503172319891026,0.79672089253819
0.494624388324759,0.79672089253819
0.499712087886034,0.79672089253819
0.500236845729599,0.79672089253819
0.510787714571915,0.79672089253819
0.507041995025773,0.79672089253819
0.497558537208956,0.79672089253819
0.502954770172887,0.79672089253819
0.498527463462754,0.79672089253819
0.500528099257527,0.79672089253819
0.507293745980217,0.79672089253819
0.498060022755508,0.79672089253819
0.507184805617856,0.79672089253819
0.50092712012805,0.79672089253819
0.492042769195536,0.79672089253819
0.50009300290022,0.79672089253819
0.497779203196339,0.79672089253819
0.501723369641582,0.79672089253819
0.493644757950526,0.79672089253819
0.496620610960772,0.79672089253819
0.501023111791744,0.79672089253819
0.507711190220625,0.79672089253819
0.494131887300859,0.79672089253819
0.501230311787769,0.79672089253819
0.496363520760107,0.79672089253819
0.494694410246864,0.79672089253819
0.495198431575958,0.79672089253819
0.495130396880698,0.79672089253819
0.49523488527528,0.79672089253819
0.49813687732362,0.79672089253819
0.496078975028124,0.79672089253819
0.497550048642374,0.79672089253819
0.496605515719805,0.79672089253819
0.499293588620468,0.79672089253819
0.494812745612329,0.79672089253819
0.490696824641756,0.79672089253819
0.493778325244579,0.79672089253819
0.497814715422358,0.79672089253819
0.491377447172368,0.79672089253819
0.503166169808338,0.79672089253819
0.499913166955763,0.79672089253819
0.505040969415525,0.79672089253819
0.490565088314755,0.79672089253819
0.490276838684385,0.79672089253819
0.506597605677985,0.79672089253819
0.497064611051467,0.79672089253819
0.503112782782315,0.79672089253819
0.499188264573868,0.79672089253819
0.499758746025899,0.79672089253819
0.501221408584883,0.79672089253819
0.495747992616952,0.79672089253819
0.498330700593641,0.79672089253819
0.501130613420238,0.79672089253819
0.504639850357609,0.79672089253819
0.497789417638629,0.79672089253819
0.496935642695234,0.79672089253819
0.493744572890371,0.79672089253819
0.491786475587008,0.79672089253819
0.498352113333338,0.79672089253819
0.498694307849131,0.79672089253819
0.494747854981807,0.79672089253819
0.505893325912861,0.79672089253819
0.50241121975692,0.79672089253819
0.500446061218121,0.79672089253819
0.503965220128269,0.79672089253819
0.495257145646955,0.79672089253819
0.49735749873507,0.79672089253819
0.498406089990315,0.79672089253819
0.506573868475923,0.79672089253819
0.492045633914782,0.79672089253819
0.50988079240461,0.79672089253819
0.494587585545861,0.79672089253819
0.505195323057323,0.79672089253819
0.498246383678181,0.79672089253819
0.505621738551341,0.79672089253819
0.500961024666969,0.79672089253819
0.501213089164827,0.79672089253819
0.497948463217302,0.79672089253819
0.501712626478651,0.79672089253819
0.500378768761793,0.79672089253819
0.500728892449135,0.79672089253819
0.484091049584898,0.79672089253819
0.498470971864561,0.79672089253819
0.493253780533529,0.79672089253819
0.500735731355078,0.79672089253819
0.504472519396313,0.79672089253819
0.498632370699289,0.79672089253819
0.504744619347577,0.79672089253819
0.492762368194292,0.79672089253819
0.493581778780912,0.79672089253819
0.502274475724304,0.79672089253819
0.495213699067195,0.79672089253819
0.491112899704994,0.79672089253819
0.500469439063491,0.79672089253819
0.498880664251803,0.79672089253819
0.504487093080171,0.79672089253819
0.49703009353633,0.79672089253819
0.493169502170094,0.79672089253819
0.492694192038898,0.79672089253819
0.50380186605033,0.79672089253819
0.496221967512342,0.79672089253819
0.500208026188208,0.79672089253819
0.509959828285386,0.79672089253819
0.509549680585057,0.79672089253819
0.497344679368137,0.79672089253819
0.498644041828258,0.79672089253819
0.498581863934215,0.79672089253819
0.498516533649498,0.79672089253819
0.496934430910561,0.79672089253819
0.499765025019839,0.79672089253819
0.494285090319194,0.79672089253819
0.494701785085333,0.79672089253819
0.503067952476814,0.79672089253819
0.499087929184842,0.79672089253819
0.500950684729564,0.79672089253819
0.492263280028635,0.79672089253819
0.505854304220427,0.79672089253819
0.498175269531145,0.79672089253819
0.497325536764214,0.79672089253819
0.494825987632707,0.79672089253819
0.497892702964797,0.79672089253819
0.505703081243589,0.79672089253819
0.506027779528699,0.79672089253819
0.500748657940864,0.79672089253819
0.503675114892535,0.79672089253819
0.508300935998493,0.79672089253819
0.501012868191312,0.79672089253819
0.508498025464094,0.79672089253819
0.499411855550785,0.79672089253819
0.501420206473352,0.79672089253819
0.495558268481867,0.79672089253819
0.505253008889701,0.79672089253819
0.495602722056621,0.79672089253819
0.49952003185791,0.79672089253819
0.498450926043537,0.79672089253819
0.50343889623641,0.79672089253819
0.497413387205082,0.79672089253819
0.506564059416734,0.79672089253819
0.495884256791287,0.79672089253819
0.49801585116691,0.79672089253819
0.503423780671401,0.79672089253819
0.499517544958637,0.79672089253819
0.498777862067133,0.79672089253819
0.504475385393661,0.79672089253819
0.496578020923503,0.79672089253819
0.505556646309723,0.79672089253819
0.501402231371764,0.79672089253819
0.499663640480447,0.79672089253819
0.502562342128361,0.79672089253819
0.502075675558026,0.79672089253819
0.503829692943817,0.79672089253819
0.501729046646461,0.79672089253819
0.495965490132366,0.79672089253819
0.49518001455076,0.79672089253819
0.49732912469409,0.79672089253819
0.498483067340365,0.79672089253819
0.501611166324076,0.79672089253819
0.503741851140633,0.79672089253819
0.50552514092811,0.79672089253819
0.499047174591916,0.79672089253819
0.498616125074874,0.79672089253819
0.499700880748526,0.79672089253819
0.49260911117781,0.79672089253819
0.502207132884629,0.79672089253819
0.507921933464852,0.79672089253819
0.492609472871064,0.79672089253819
0.508203666472762,0.79672089253819
0.500850109295287,0.79672089253819
0.49813778344198,0.79672089253819
0.500824834328317,0.79672089253819
0.508358394306875,0.79672089253819
0.497352382677519,0.79672089253819
0.500862080152587,0.79672089253819
0.504048313760551,0.79672089253819
0.503996238600712,0.79672089253819
0.505083529547662,0.79672089253819
0.494885507751285,0.79672089253819
0.504145666762537,0.79672089253819
0.505834978475664,0.79672089253819
0.498035644639244,0.79672089253819
0.505148396000092,0.79672089253819
0.503683392136274,0.79672089253819
0.497908836417999,0.79672089253819
0.501612204988926,0.79672089253819
0.504893703696615,0.79672089253819
0.492145127177477,0.79672089253819
0.507901711533508,0.79672089253819
0.491878452093508,0.79672089253819
0.49806441946285,0.79672089253819
0.505836941617188,0.79672089253819
0.504229983770067,0.79672089253819
0.500029590850908,0.79672089253819
0.50348993399899,0.79672089253819
0.498297760179182,0.79672089253819
0.495162414261219,0.79672089253819
0.499100289992089,0.79672089253819
0.49799422970801,0.79672089253819
0.492373616110862,0.79672089253819
0.500133443356773,0.79672089253819
0.50042144604369,0.79672089253819
0.494589917732645,0.79672089253819
0.493706743563186,0.79672089253819
0.50792800790401,0.79672089253819
0.505100869549993,0.79672089253819
0.497948352672294,0.79672089253819
0.491570741843254,0.79672089253819
0.501187157474234,0.79672089253819
0.502813715397511,0.79672089253819
0.509731673804478,0.79672089253819
0.491894869884474,0.79672089253819
0.497335607436469,0.79672089253819
0.504618599607111,0.79672089253819
0.506494684618111,0.79672089253819
0.500054037190802,0.79672089253819
0.504983812899819,0.79672089253819
0.509539334377824,0.79672089253819
0.488250350571955,0.79672089253819
0.496743873037841,0.79672089253819
0.48970496476516,0.79672089253819
0.499446602962563,0.79672089253819
0.506582456292714,0.79672089253819
0.507842805094675,0.79672089253819
0.49114022081768,0.79672089253819
0.494986767835509,0.79672089253819
0.496409967007807,0.79672089253819
0.496444166460667,0.79672089253819
0.496990193612741,0.79672089253819
0.501742736632286,0.79672089253819
0.504528966871132,0.79672089253819
0.504330876068549,0.79672089253819
0.505134866763558,0.79672089253819
0.492186948210526,0.79672089253819
0.506544825035017,0.79672089253819
0.502087278655172,0.79672089253819
0.496540012956396,0.79672089253819
0.494429635399224,0.79672089253819
0.50498466700626,0.79672089253819
0.499600983187818,0.79672089253819
0.49942142794224,0.79672089253819
0.497163559631736,0.79672089253819
0.500402089776493,0.79672089253819
0.50275326422867,0.79672089253819
0.500484653808814,0.79672089253819
0.512082695850744,0.79672089253819
0.489190450993133,0.79672089253819
0.494057273368901,0.79672089253819
0.499324369329717,0.79672089253819
0.4979247749376,0.79672089253819
0.493151223482191,0.79672089253819
0.498400021245766,0.79672089253819
0.497737012669635,0.79672089253819
0.505983201794244,0.79672089253819
0.506074557074409,0.79672089253819
0.500381647066802,0.79672089253819
0.500221326168384,0.79672089253819
0.493191480557457,0.79672089253819
0.495081642189178,0.79672089253819
0.505606675202851,0.79672089253819
0.493110694467064,0.79672089253819
0.492378960972576,0.79672089253819
0.498793037399575,0.79672089253819
0.493400323212586,0.79672089253819
0.501066983791256,0.79672089253819
0.490546094960654,0.79672089253819
0.4995168678426,0.79672089253819
0.498470692340714,0.79672089253819
0.50267034643965,0.79672089253819
0.501563911443744,0.79672089253819
0.501002877477165,0.79672089253819
0.50519340458958,0.79672089253819
0.493238005033784,0.79672089253819
0.497218636963812,0.79672089253819
0.498618356460476,0.79672089253819
0.49568513891938,0.79672089253819
0.500824087554269,0.79672089253819
0.499873485678069,0.79672089253819
0.493529243799332,0.79672089253819
0.504317380919455,0.79672089253819
0.500482898768303,0.79672089253819
0.496522160719524,0.79672089253819
0.494781453593376,0.79672089253819
0.515300146749702,0.79672089253819
0.504301142372434,0.79672089253819
0.494110886131972,0.79672089253819
0.501265334430455,0.79672089253819
0.492064794239878,0.79672089253819
0.485677521341889,0.79672089253819
0.496953436207441,0.79672089253819
0.497505267279582,0.79672089253819
0.499310402815251,0.79672089253819
0.502345979885714,0.79672089253819
0.502810402368479,0.79672089253819
0.504440130978042,0.79672089253819
0.505518288680533,0.79672089253819
0.503660153631698,0.79672089253819
0.496450288984728,0.79672089253819
0.492383513186637,0.79672089253819
0.48978389475067,0.79672089253819
0.490430888812358,0.79672089253819
0.490451626024316,0.79672089253819
0.491975192921695,0.79672089253819
0.500770402234832,0.79672089253819
0.503003898377074,0.79672089253819
0.49821045425636,0.79672089253819
0.509799953295968,0.79672089253819
0.500595552218122,0.79672089253819
0.494883145226892,0.79672089253819
0.502386324223521,0.79672089253819
0.493171050687952,0.79672089253819
0.506637335946823,0.79672089253819
0.497252995141752,0.79672089253819
0.505016225043335,0.79672089253819
0.494847349834986,0.79672089253819
0.499012874641166,0.79672089253819
0.495322841776171,0.79672089253819
0.491394616160818,0.79672089253819
0.495545445609136,0.79672089253819
0.497887625182477,0.79672089253819
0.493948288406791,0.79672089253819
0.491568293300314,0.79672089253819
0.493363714417908,0.79672089253819
0.499484762119883,0.79672089253819
0.501078748801384,0.79672089253819
0.492625598479203,0.79672089253819
0.508599413359547,0.79672089253819
0.497340251204668,0.79672089253819
0.49941776522063,0.79672089253819
0.501582639257664,0.79672089253819
0.504804025702545,0.79672089253819
0.505645935021537,0.79672089253819
0.496414187644734,0.79672089253819
0.502586352895,0.79672089253819
0.493972725825243,0.79672089253819
0.489350463205253,0.79672089253819
0.498389380937357,0.79672089253819
0.493975078397329,0.79672089253819
0.496981406628155,0.79672089253819
0.496413319166234,0.79672089253819
0.506671657232605,0.79672089253819
0.500499565115386,0.79672089253819
0.499498803794292,0.79672089253819
0.498428205505809,0.79672089253819
0.50696473538413,0.79672089253819
0.498268542902419,0.79672089253819
0.498986633695385,0.79672089253819
0.501932204919409,0.79672089253819
0.504295791311012,0.79672089253819
0.491876557782863,0.79672089253819
0.497134167235234,0.79672089253819
0.504297883798896,0.79672089253819
0.50231420995499,0.79672089253819
0.508249904452865,0.79672089253819
0.50733246878799,0.79672089253819
0.497766495774967,0.79672089253819
0.494587449528956,0.79672089253819
0.497788991964454,0.79672089253819
0.504617022136083,0.79672089253819
0.489698939748332,0.79672089253819
0.493285391052765,0.79672089253819
0.498865853195284,0.79672089253819
0.503149216058795,0.79672089253819
0.498542398961064,0.79672089253819
0.495601847948624,0.79672089253819
0.501658120065891,0.79672089253819
0.506653460651667,0.79672089253819
0.498908852931295,0.79672089253819
0.501610843890301,0.79672089253819
0.499326760081171,0.79672089253819
0.498149488107943,0.79672089253819
0.495722178429048,0.79672089253819
0.500492727410474,0.79672089253819
0.500385149207961,0.79672089253819
0.501078787492462,0.79672089253819
0.506210466771558,0.79672089253819
0.502045907274986,0.79672089253819
0.50121884742175,0.79672089253819
0.501341946005993,0.79672089253819
0.500390199520266,0.79672089253819
0.508599677442679,0.79672089253819
0.496175629933201,0.79672089253819
0.498307220234293,0.79672089253819
0.497664539910571,0.79672089253819
0.503139896316994,0.79672089253819
0.498266626560313,0.79672089253819
0.499129548869608,0.79672089253819
0.49952165174236,0.79672089253819
0.498070127590668,0.79672089253819
0.496471460942958,0.79672089253819
0.498634366201774,0.79672089253819
0.502452427257619,0.79672089253819
0.498296987803674,0.79672089253819
0.49641699857003,0.79672089253819
0.501476654064087,0.79672089253819
0.501804905362572,0.79672089253819
0.504673166798191,0.79672089253819
0.495170048063833,0.79672089253819
0.501123827270506,0.79672089253819
0.496452563380189,0.79672089253819
0.490235787836676,0.79672089253819
0.498939776621654,0.79672089253819
0.497273092312835,0.79672089253819
0.49747725075127,0.79672089253819
0.489080578326693,0.79672089253819
0.501999451998142,0.79672089253819
0.502481209692149,0.79672089253819
0.496776441148776,0.79672089253819
0.50109156964589,0.79672089253819
0.50205342749883,0.79672089253819
0.488798437551691,0.79672089253819
0.49842766828786,0.79672089253819
0.498933415262204,0.79672089253819
0.502308150961244,0.79672089253819
0.502398710134964,0.79672089253819
0.502461237064942,0.79672089253819
0.498793684372297,0.79672089253819
0.496683537727814,0.79672089253819
0.488578024157852,0.79672089253819
0.4964200458407,0.79672089253819
0.502870575631266,0.79672089253819
0.494151108798601,0.79672089253819
0.499149687390721,0.79672089253819
0.505691312943716,0.79672089253819
0.498241917862019,0.79672089253819
0.498290131834368,0.79672089253819
0.506326750595518,0.79672089253819
0.494506120810705,0.79672089253819
0.494461824242002,0.79672089253819
0.502217840962587,0.79672089253819
0.493372363438557,0.79672089253819
0.504680363961595,0.79672089253819
0.501371885008263,0.79672089253819
0.502845926331478,0.79672089253819
0.506603957941221,0.79672089253819
0.499277973193339,0.79672089253819
0.492569248367888,0.79672089253819
0.495796750219395,0.79672089253819
0.501022903070845,0.79672089253819
0.500798695332416,0.79672089253819
0.50193131459141,0.79672089253819
0.496492815019461,0.79672089253819
0.498056577621579,0.79672089253819
0.504861412061501,0.79672089253819
0.504712450677867,0.79672089253819
0.500261320824396,0.79672089253819
0.495626661464352,0.79672089253819
0.501677474029534,0.79672089253819
0.49986259702724,0.79672089253819
0.500617559102126,0.79672089253819
0.499990722773697,0.79672089253819
0.501276334835492,0.79672089253819
0.502951955191598,0.79672089253819
0.496191748333635,0.79672089253819
0.495641757388009,0.79672089253819
0.497302495313641,0.79672089253819
0.502411280077414,0.79672089253819
0.503645149936346,0.79672089253819
0.501963884027845,0.79672089253819
0.491986127267271,0.79672089253819
0.501460586191827,0.79672089253819
0.499262777177441,0.79672089253819
0.500898019931656,0.79672089253819
0.498322429067393,0.79672089253819
0.492195080079889,0.79672089253819
0.494117490347855,0.79672089253819
0.504005116237735,0.79672089253819
0.506307456683304,0.79672089253819
0.503830109218642,0.79672089253819
0.501165366481063,0.79672089253819
0.499110546049016,0.79672089253819
0.500954380560382,0.79672089253819
0.497311918179428,0.79672089253819
0.503886237500889,0.79672089253819
0.494717489837084,0.79672089253819
0.502353331717465,0.79672089253819
0.490213915400865,0.79672089253819
0.503889808336298,0.79672089253819
0.49947199522791,0.79672089253819
0.496720584621822,0.79672089253819
0.496074968050567,0.79672089253819
0.502707946626482,0.79672089253819
0.498277753891634,0.79672089253819
0.494813123357302,0.79672089253819
0.507548136767875,0.79672089253819
0.502628511452542,0.79672089253819
0.501785269531586,0.79672089253819
0.504189189173766,0.79672089253819
0.502609126338851,0.79672089253819
0.494636206061647,0.79672089253819
0.492965306123028,0.79672089253819
0.506521820397788,0.79672089253819
0.497049834637107,0.79672089253819
0.504839893893637,0.79672089253819
0.499030865476474,0.79672089253819
0.488093780989774,0.79672089253819
0.495873332984919,0.79672089253819
0.499553373666821,0.79672089253819
0.499067168197047,0.79672089253819
0.496946731558239,0.79672089253819
0.497806795095383,0.79672089253819
0.500446419044992,0.79672089253819
0.50173156053633,0.79672089253819
0.500259129436334,0.79672089253819
0.494482849658299,0.79672089253819
0.50591461296575,0.79672089253819
0.493289564728797,0.79672089253819
0.495685853473175,0.79672089253819
0.504391352169306,0.79672089253819
0.504223852021669,0.79672089253819
0.496820665170232,0.79672089253819
0.491159122103605,0.79672089253819
0.497214955801536,0.79672089253819
0.500681338558653,0.79672089253819
0.503956040967524,0.79672089253819
0.503445017141317,0.79672089253819
0.505245519533216,0.79672089253819
0.499148319885252,0.79672089253819
0.499653832325496,0.79672089253819
0.490396820332503,0.79672089253819
0.500298836362163,0.79672089253819
0.503702830367916,0.79672089253819
0.50216068483476,0.79672089253819
0.496875417541246,0.79672089253819
0.509286615779926,0.79672089253819
0.505111954515546,0.79672089253819
0.494788936914045,0.79672089253819
0.49982904066783,0.79672089253819
0.497120194724021,0.79672089253819
0.502580896610511,0.79672089253819
0.501790628198605,0.79672089253819
0.49835756517044,0.79672089253819
0.501333812173044,0.79672089253819
0.50082332825866,0.79672089253819
0.496880347876798,0.79672089253819
0.504905661811966,0.79672089253819
0.498677433075781,0.79672089253819
0.495992964183293,0.79672089253819
0.504503553759894,0.79672089253819
0.5003725570769,0.79672089253819
0.493549305451132,0.79672089253819
0.498260874419718,0.79672089253819
0.498819760569912,0.79672089253819
0.501006083986204,0.79672089253819
0.496453825324362,0.79672089253819
0.498647639013126,0.79672089253819
0.498541281850433,0.79672089253819
0.50230566689801,0.79672089253819
0.497048153654476,0.79672089253819
0.502937636845968,0.79672089253819
0.498606719180673,0.79672089253819
0.492735133593939,0.79672089253819
0.495960300364558,0.79672089253819
0.49794922860367,0.79672089253819
0.493708097660883,0.79672089253819
0.50191066170229,0.79672089253819
0.49753298864951,0.79672089253819
0.504660682955968,0.79672089253819
0.498300955812972,0.79672089253819
0.503279847759088,0.79672089253819
0.503472272131629,0.79672089253819
0.495928290500794,0.79672089253819
0.492626124491659,0.79672089253819
0.491928163733911,0.79672089253819
0.48877229455454,0.79672089253819
0.497215338182894,0.79672089253819
0.501056074940073,0.79672089253819
0.4976084040098,0.79672089253819
0.489732105430659,0.79672089253819
0.4995789443771,0.79672089253819
0.501530048825331,0.79672089253819
0.505621136444922,0.79672089253819
0.500382427406151,0.79672089253819
0.503076139455776,0.79672089253819
0.496244114438994,0.79672089253819
0.497201756114308,0.79672089253819
0.496828047662067,0.79672089253819
0.498848556911699,0.79672089253819
0.498804440842685,0.79672089253819
0.495904219169241,0.79672089253819
0.492495708434541,0.79672089253819
0.493516195629369,0.79672089253819
0.497220187500774,0.79672089253819
0.499052656710788,0.79672089253819
0.498916395943776,0.79672089253819
0.500719813260767,0.79672089253819
0.49375477865679,0.79672089253819
0.500484457271042,0.79672089253819
0.500474005031492,0.79672089253819
0.494630616344087,0.79672089253819
0.49596173513663,0.79672089253819
0.493033796719098,0.79672089253819
0.504578246804219,0.79672089253819
0.498103189736641,0.79672089253819
0.505379424279823,0.79672089253819
0.50186916282147,0.79672089253819
0.499116230407271,0.79672089253819
0.501917622873503,0.79672089253819
0.501881843527006,0.79672089253819
0.50278897083335,0.79672089253819
0.504860779560359,0.79672089253819
0.503963263937522,0.79672089253819
0.497067146466824,0.79672089253819
0.498398163079345,0.79672089253819
0.504158215989924,0.79672089253819
0.500118511690134,0.79672089253819
0.503029037632503,0.79672089253819
0.503536135106602,0.79672089253819
0.491332797125244,0.79672089253819
0.501147079825398,0.79672089253819
0.50158235635358,0.79672089253819
0.502781486752244,0.79672089253819
0.494103955155472,0.79672089253819
0.496028461830182,0.79672089253819
0.495392359932183,0.79672089253819
0.495265104049596,0.79672089253819
0.500839496988451,0.79672089253819
0.50270860850333,0.79672089253819
0.496659176942953,0.79672089253819
0.501444238483752,0.79672089253819
0.498084660399322,0.79672089253819
0.499763056951732,0.79672089253819
0.501658095656885,0.79672089253819
0.493580841341563,0.79672089253819
0.494655841940794,0.79672089253819
0.503710497965223,0.79672089253819
0.499540819602774,0.79672089253819
0.504201476743034,0.79672089253819
0.498044085104881,0.79672089253819
0.505988484617072,0.79672089253819
0.509942537914752,0.79672089253819
0.49724851835282,0.79672089253819
0.499734137915437,0.79672089253819
0.501775981073382,0.79672089253819
0.501555534969729,0.79672089253819
0.499855833692719,0.79672089253819
0.500096552645715,0.79672089253819
0.489311637937261,0.79672089253819
0.49414358167365,0.79672089253819
0.49660008471084,0.79672089253819
0.501161658130562,0.79672089253819
0.501208296660269,0.79672089253819
0.500186137626639,0.79672089253819
0.498152848103148,0.79672089253819
0.497275076336843,0.79672089253819
0.494998082164999,0.79672089253819
0.495439353534107,0.79672089253819
0.507278900289493,0.79672089253819
0.500321311097697,0.79672089253819
0.497137181602184,0.79672089253819
0.506005157655774,0.79672089253819
0.498599529858397,0.79672089253819
0.501178601756209,0.79672089253819
0.501135860746855,0.79672089253819
0.500996183252174,0.79672089253819
0.494080077633863,0.79672089253819
0.502001087441869,0.79672089253819
0.497448098752361,0.79672089253819
0.497111878560875,0.79672089253819
0.503625858432666,0.79672089253819
0.492539289267159,0.79672089253819
0.501891380735897,0.79672089253819
0.501713278249416,0.79672089253819
0.502156160556585,0.79672089253819
0.492819640950527,0.79672089253819
0.499583403181515,0.79672089253819
0.506581553425665,0.79672089253819
0.497719035153762,0.79672089253819
0.505534569220779,0.79672089253819
0.508451411173975,0.79672089253819
0.506725884807723,0.79672089253819
0.502570720988578,0.79672089253819
0.495655143028351,0.79672089253819
0.493348477649902,0.79672089253819
0.494983497591064,0.79672089253819
0.491008990715134,0.79672089253819
0.506242806324389,0.79672089253819
0.489177319284269,0.79672089253819
0.505080300018859,0.79672089253819
0.498346776881758,0.79672089253819
0.493267516080269,0.79672089253819
0.499457263860992,0.79672089253819
0.500003672409538,0.79672089253819
0.494884566139359,0.79672089253819
0.50727969796041,0.79672089253819
0.498361514362247,0.79672089253819
0.499992077039357,0.79672089253819
0.498138905264096,0.79672089253819
0.492208534067527,0.79672089253819
0.495777867851883,0.79672089253819
0.492182573082093,0.79672089253819
0.50414823434652,0.79672089253819
0.505266936634121,0.79672089253819
0.50408011394961,0.79672089253819
0.504409633740907,0.79672089253819
0.497893287810683,0.79672089253819
0.499249346229191,0.79672089253819
0.504293119253764,0.79672089253819
0.495964613009297,0.79672089253819
0.49572524612923,0.79672089253819
0.50696200263803,0.79672089253819
0.500678640606223,0.79672089253819
0.501352613758036,0.79672089253819
0.492685579289454,0.79672089253819
0.499946230989859,0.79672089253819
0.503582932739289,0.79672089253819
0.496615877540868,0.79672089253819
0.499569258682872,0.79672089253819
0.492998809606411,0.79672089253819
0.495786259388347,0.79672089253819
0.492631008864561,0.79672089253819
0.499058354864311,0.79672089253819
0.499229327057616,0.79672089253819
0.497326045568175,0.79672089253819
0.50041701390014,0.79672089253819
0.508794810235847,0.79672089253819
0.502260753976383,0.79672089253819
0.499746251266027,0.79672089253819
0.504498530140513,0.79672089253819
0.50266109567793,0.79672089253819
0.496356377687698,0.79672089253819
0.500890738940695,0.79672089253819
0.502546048054642,0.79672089253819
0.492608378748169,0.79672089253819
0.498844198818676,0.79672089253819
0.498739984749533,0.79672089253819
0.492235591427251,0.79672089253819
0.499960582021002,0.79672089253819
0.497573307914963,0.79672089253819
0.503320748601118,0.79672089253819
0.501589086353665,0.79672089253819
0.490483208963678,0.79672089253819
0.49482984869662,0.79672089253819
0.49194045970194,0.79672089253819
0.503355278056091,0.79672089253819
0.497718096201427,0.79672089253819
0.495892588059692,0.79672089253819
0.494282588588345,0.79672089253819
0.497261032682328,0.79672089253819
0.494758044315426,0.79672089253819
0.504139798257557,0.79672089253819
0.50213282824216,0.79672089253819
0.493517720286004,0.79672089253819
0.506924021088314,0.79672089253819
0.501889983911382,0.79672089253819
0.496546601547827,0.79672089253819
0.494078324573117,0.79672089253819
0.495602839683811,0.79672089253819
0.498057403907406,0.79672089253819
0.492912201621457,0.79672089253819
0.503104946387891,0.79672089253819
0.50484838440879,0.79672089253819
0.500925622428281,0.79672089253819
0.499701635608571,0.79672089253819
0.500495897208768,0.79672089253819
0.505229424964138,0.79672089253819
0.509029571946347,0.79672089253819
0.497951457725538,0.79672089253819
0.498416526619492,0.79672089253819
0.499714872970756,0.79672089253819
0.496317200427482,0.79672089253819
0.49645561016662,0.79672089253819
0.506761506304216,0.79672089253819
0.497089489848531,0.79672089253819
0.49586849072867,0.79672089253819
0.498522077469482,0.79672089253819
0.494054176270732,0.79672089253819
0.485958218870869,0.79672089253819
0.495699469476794,0.79672089253819
0.495471898128393,0.79672089253819
0.48893775131138,0.79672089253819
0.501202050983522,0.79672089253819
0.501369373012932,0.79672089253819
0.50973797329321,0.79672089253819
0.501012013681645,0.79672089253819
0.501040753169562,0.79672089253819
0.495589759322379,0.79672089253819
0.503814402381793,0.79672089253819
0.496719418984534,0.79672089253819
0.505103232040638,0.79672089253819
0.501527794760155,0.79672089253819
0.505527854448765,0.79672089253819
0.494100326771643,0.79672089253819
0.502053569884412,0.79672089253819
0.503473621634472,0.79672089253819
0.502252215643425,0.79672089253819
0.506052043453381,0.79672089253819
0.494337420511779,0.79672089253819
0.501990426588679,0.79672089253819
0.50599755648907,0.79672089253819
0.502784439642451,0.79672089253819
0.498323434558782,0.79672089253819
0.499547247457597,0.79672089253819
0.497352949311517,0.79672089253819
0.501301178036508,0.79672089253819
0.494930389574823,0.79672089253819
0.51052297017733,0.79672089253819
0.493875578741708,0.79672089253819
0.504437003210651,0.79672089253819
0.507594422098748,0.79672089253819
0.493650265063417,0.79672089253819
0.505320470843603,0.79672089253819
0.498920849633503,0.79672089253819
0.500606176206277,0.79672089253819
0.500902239993891,0.79672089253819
0.49424558272647,0.79672089253819
0.502361048390558,0.79672089253819
0.50558860840867,0.79672089253819
0.510854867791414,0.79672089253819
0.499118594646894,0.79672089253819
0.499196365861584,0.79672089253819
0.494663476087976,0.79672089253819
0.503334021441535,0.79672089253819
0.50020070525594,0.79672089253819
0.495695909790002,0.79672089253819
0.495656923341042,0.79672089253819
0.499372044428049,0.79672089253819
0.504398518883428,0.79672089253819
0.50114517512754,0.79672089253819
0.496691216576305,0.79672089253819
0.503390894705264,0.79672089253819
0.498114688333839,0.79672089253819
0.498234328136868,0.79672089253819
0.500059496003716,0.79672089253819
0.487730926587534,0.79672089253819
0.499580035469142,0.79672089253819
0.500813731019552,0.79672089253819
0.503152784227979,0.79672089253819
0.503842709671052,0.79672089253819
0.502608237038239,0.79672089253819
0.498123005960541,0.79672089253819
0.498663323050016,0.79672089253819
0.503332563630058,0.79672089253819
0.49533517411505,0.79672089253819
0.503500917773919,0.79672089253819
0.501071698259602,0.79672089253819
0.49731966050743,0.79672089253819
0.50216540871,0.79672089253819
0.494726493894498,0.79672089253819
0.491499993477771,0.79672089253819
0.504025578321015,0.79672089253819
0.494263973684594,0.79672089253819
0.496136555532452,0.79672089253819
0.498984563138814,0.79672089253819
0.491596364555075,0.79672089253819
0.501770150761013,0.79672089253819
0.491389279527271,0.79672089253819
0.495462905489533,0.79672089253819
0.490805861063227,0.79672089253819
0.493708970852356,0.79672089253819
0.503827813423236,0.79672089253819
0.501902965687467,0.79672089253819
0.506381964647039,0.79672089253819
0.502746614696083,0.79672089253819
0.49953163883366,0.79672089253819
0.489801066605951,0.79672089253819
0.496548871493342,0.79672089253819
0.507099039172829,0.79672089253819
0.493664791108255,0.79672089253819
0.504606551304519,0.79672089253819
0.503074421559367,0.79672089253819
0.501591172434105,0.79672089253819
0.494153435664612,0.79672089253819
0.497040835381803,0.79672089253819
0.490625603401737,0.79672089253819
0.508884011437726,0.79672089253819
0.504104793320036,0.79672089253819
0.493353292294015,0.79672089253819
0.506370800515928,0.79672089253819
0.500220176842327,0.79672089253819
0.503989991263751,0.79672089253819
0.501875737016227,0.79672089253819
0.501906927504039,0.79672089253819
0.506160974459781,0.79672089253819
0.501629461200941,0.79672089253819
0.496204560757283,0.79672089253819
0.500426906522091,0.79672089253819
0.494456411507067,0.79672089253819
0.492855730472487,0.79672089253819
0.500841769821042,0.79672089253819
0.488418550129326,0.79672089253819
0.502888054264836,0.79672089253819
0.497374218558607,0.79672089253819
0.492031671875871,0.79672089253819
0.504248472647062,0.79672089253819
0.501130301509001,0.79672089253819
0.493669466832313,0.79672089253819
0.490276212710465,0.79672089253819
0.492546245925102,0.79672089253819
0.508256712256332,0.79672089253819
0.497871351081654,0.79672089253819
0.503218453404925,0.79672089253819
0.502703575610892,0.79672089253819
0.503948128054531,0.79672089253819
0.501855825407097,0.79672089253819
0.497591795401196,0.79672089253819
0.492521498415789,0.79672089253819
0.506346348199853,0.79672089253819
0.506287283800078,0.79672089253819
0.509894977989012,0.79672089253819
0.50067473518232,0.79672089253819
0.498939868670708,0.79672089253819
0.500182145994164,0.79672089253819
0.496753737809401,0.79672089253819
0.492885951107129,0.79672089253819
0.495677518139058,0.79672089253819
0.5014359018965,0.79672089253819
0.500102510122188,0.79672089253819
0.493816483459368,0.79672089253819
0.500306096784391,0.79672089253819
0.503898196474856,0.79672089253819
0.493519045358229,0.79672089253819
0.492545112938275,0.79672089253819
0.490118096654711,0.79672089253819
0.500885544036124,0.79672089253819
0.496981879876494,0.79672089253819
0.498931526401945,0.79672089253819
0.504507787351818,0.79672089253819
0.495362419892688,0.79672089253819
0.502790865156405,0.79672089253819
0.50759910928181,0.79672089253819
0.494070364895897,0.79672089253819
0.489209007981809,0.79672089253819
0.49231431473098,0.79672089253819
0.503973939461275,0.79672089253819
0.497587228292627,0.79672089253819
0.498151518969022,0.79672089253819
0.506823743567686,0.79672089253819
0.495334155399575,0.79672089253819
0.500925288628233,0.79672089253819
0.496601820374298,0.79672089253819
0.492269951532972,0.79672089253819
0.499922340503705,0.79672089253819
0.500453733151187,0.79672089253819
0.502860004879257,0.79672089253819
0.502264555384478,0.79672089253819
0.504123976056714,0.79672089253819
0.492762939412393,0.79672089253819
0.486819360062112,0.79672089253819
0.493771883715469,0.79672089253819
0.496107158786752,0.79672089253819
0.504322230976377,0.79672089253819
0.496334328731903,0.79672089253819
0.494028136674479,0.79672089253819
0.490386469969008,0.79672089253819
0.496955539944197,0.79672089253819
0.500200986858238,0.79672089253819
0.49448889744795,0.79672089253819
0.510110693095785,0.79672089253819
0.500817761867102,0.79672089253819
0.490834575973777,0.79672089253819
0.503952225891718,0.79672089253819
0.489226763223032,0.79672089253819
0.507839136820073,0.79672089253819
0.503229696091704,0.79672089253819
0.498999552621886,0.79672089253819
0.497325511585842,0.79672089253819
0.500955451611134,0.79672089253819
0.500258997259902,0.79672089253819
0.498731752945084,0.79672089253819
0.504196517877305,0.79672089253819
0.50808887444576,0.79672089253819
0.490899206084495,0.79672089253819
0.503077097352266,0.79672089253819
0.499118767301194,0.79672089253819
0.494669114971066,0.79672089253819
0.490376743864343,0.79672089253819
0.489255272654044,0.79672089253819
0.488840410807331,0.79672089253819
0.49404629900224,0.79672089253819
0.491629310583033,0.79672089253819
0.499443782072174,0.79672089253819
0.504034923176094,0.79672089253819
0.503926429587631,0.79672089253819
0.495853056974564,0.79672089253819
0.497792127192799,0.79672089253819
0.5001831931753,0.79672089253819
0.496615863268724,0.79672089253819
0.504150238112241,0.79672089253819
0.496249404230577,0.79672089253819
0.492805719633861,0.79672089253819
0.497465736804214,0.79672089253819
0.503412248229466,0.79672089253819
0.494111113534218,0.79672089253819
0.4982158039415,0.79672089253819
0.499138104163694,0.79672089253819
0.501526415975725,0.79672089253819
0.495167627309887,0.79672089253819
0.502519760315104,0.79672089253819
0.503609929153098,0.79672089253819
0.504645103054935,0.79672089253819
0.497945349719424,0.79672089253819
0.500953374479315,0.79672089253819
0.50229454201298,0.79672089253819
0.501096889186404,0.79672089253819
0.502540073876769,0.79672089253819
0.488694495504235,0.79672089253819
0.503686198245426,0.79672089253819
0.504070255035459,0.79672089253819
0.497492527538451,0.79672089253819
0.492607894511531,0.79672089253819
0.504525205970329,0.79672089253819
0.503653231552767,0.79672089253819
0.49966183367563,0.79672089253819
0.49868404113243,0.79672089253819
0.496991769767135,0.79672089253819
0.505716247891666,0.79672089253819
0.502299836457651,0.79672089253819
0.498747199128905,0.79672089253819
0.492596814886991,0.79672089253819
0.49498684408258,0.79672089253819
0.489475829400804,0.79672089253819
0.501470081103025,0.79672089253819
0.492121485695918,0.79672089253819
0.499037805371128,0.79672089253819
0.498968139717929,0.79672089253819
0.506254890986764,0.79672089253819
0.49946440613471,0.79672089253819
0.505687644339297,0.79672089253819
0.489533071388208,0.79672089253819
0.500474600838003,0.79672089253819
0.503247413266673,0.79672089253819
0.499081219246387,0.79672089253819
0.498307831968547,0.79672089253819
0.497498221878183,0.79672089253819
0.505989990256753,0.79672089253819
0.504530095109348,0.79672089253819
0.50402892693828,0.79672089253819
0.49683109880038,0.79672089253819
0.492276424428463,0.79672089253819
0.497520860100242,0.79672089253819
0.506797118081302,0.79672089253819
0.503148838049857,0.79672089253819
0.501337242234334,0.79672089253819
0.497524133286842,0.79672089253819
0.499168970126355,0.79672089253819
0.491550084988959,0.79672089253819
0.498990194822789,0.79672089253819
0.499095014301555,0.79672089253819
0.494608894272779,0.79672089253819
0.496717169346144,0.79672089253819
0.500320641284214,0.79672089253819
0.498631465474734,0.79672089253819
0.500447998993092,0.79672089253819
0.501746023436458,0.79672089253819
0.504568041820056,0.79672089253819
0.499348721275298,0.79672089253819
0.504277720076956,0.79672089253819
0.503017493775766,0.79672089253819
0.50423563559273,0.79672089253819
0.500791760989339,0.79672089253819
0.502406039594914,0.79672089253819
0.509643722132439,0.79672089253819
0.502609625112039,0.79672089253819
0.491149456355399,0.79672089253819
0.496174212206106,0.79672089253819
0.501219435037584,0.79672089253819
0.500900396724648,0.79672089253819
0.495971316881089,0.79672089253819
0.494094833176553,0.79672089253819
0.497819244459036,0.79672089253819
0.500384904687378,0.79672089253819
0.501885786989061,0.79672089253819
0.494613703961488,0.79672089253819
0.499130718707276,0.79672089253819
0.498745217966936,0.79672089253819
0.497505018358948,0.79672089253819
0.499111538407073,0.79672089253819
0.492021648360969,0.79672089253819
0.493124239225291,0.79672089253819
0.505215906553187,0.79672089253819
0.498532086124207,0.79672089253819
0.496650684000538,0.79672089253819
0.500510398433043,0.79672089253819
0.501217716303864,0.79672089253819
0.504879226735979,0.79672089253819
0.500088462680891,0.79672089253819
0.501548181634208,0.79672089253819
0.497428306332282,0.79672089253819
0.49902528403039,0.79672089253819
0.501834551315164,0.79672089253819
0.491408878925169,0.79672089253819
0.495159066073787,0.79672089253819
0.497094508067616,0.79672089253819
0.50145817167372,0.79672089253819
0.500354474740529,0.79672089253819
0.502963355602781,0.79672089253819
0.50641684646778,0.79672089253819
0.48974333230471,0.79672089253819
0.497237855633974,0.79672089253819
0.502647318791811,0.79672089253819
0.501215240265889,0.79672089253819
0.496639772443402,0.79672089253819
0.500095034042757,0.79672089253819
0.496324215689827,0.79672089253819
0.495932482506584,0.79672089253819
0.500218903338573,0.79672089253819
0.499909066598792,0.79672089253819
0.506380358498388,0.79672089253819
0.499043648478285,0.79672089253819
0.498045254391711,0.79672089253819
0.503341561439703,0.79672089253819
0.504501217456927,0.79672089253819
0.496672607540627,0.79672089253819
0.497895310700087,0.79672089253819
0.496593926527135,0.79672089253819
0.49733140545205,0.79672089253819
0.499109017473321,0.79672089253819
0.498788693945321,0.79672089253819
0.497015072653051,0.79672089253819
0.496646635411443,0.79672089253819
0.499696740387165,0.79672089253819
0.494385702159903,0.79672089253819
0.496809092627879,0.79672089253819
0.498743658138047,0.79672089253819
0.491810178130152,0.79672089253819
0.500023124042679,0.79672089253819
0.496063705149007,0.79672089253819
0.489788902583144,0.79672089253819
0.504602227098653,0.79672089253819
0.499785565308936,0.79672089253819
0.497173785981267,0.79672089253819
0.496621705941271,0.79672089253819
0.499639568140407,0.79672089253819
0.49547003722253,0.79672089253819
0.497124867940824,0.79672089253819
0.49967349643777,0.79672089253819
0.503418281089435,0.79672089253819
0.496851724308951,0.79672089253819
0.496507027595964,0.79672089253819
0.507096935916911,0.79672089253819
0.496356436091098,0.79672089253819
0.500996584744381,0.79672089253819
0.498682097435073,0.79672089253819
0.50116502987745,0.79672089253819
0.49176947586625,0.79672089253819
0.50355287623788,0.79672089253819
0.497176577409795,0.79672089253819
0.498414676277429,0.79672089253819
0.505710151896419,0.79672089253819
0.503787409615112,0.79672089253819
0.497424640851393,0.79672089253819
0.497463384642922,0.79672089253819
0.501540105510157,0.79672089253819
0.490638162439503,0.79672089253819
0.497342392057918,0.79672089253819
0.502396415896961,0.79672089253819
0.501914884753869,0.79672089253819
0.499785628455163,0.79672089253819
0.499616369880192,0.79672089253819
0.491280878472388,0.79672089253819
0.503876635477872,0.79672089253819
0.499547034013177,0.79672089253819
0.499707106056495,0.79672089253819
0.502953542604846,0.79672089253819
0.488279498382766,0.79672089253819
0.488644251245665,0.79672089253819
0.505718284071441,0.79672089253819
0.490609730178929,0.79672089253819
0.496974055899809,0.79672089253819
0.502409171822712,0.79672089253819
0.507900537733427,0.79672089253819
0.499251885497419,0.79672089253819
0.499038492820059,0.79672089253819
0.497519893054426,0.79672089253819
0.500355649078487,0.79672089253819
0.495266191936959,0.79672089253819
0.494439086368656,0.79672089253819
0.501185570060111,0.79672089253819
0.500105297976374,0.79672089253819
0.495806521515396,0.79672089253819
0.499688852346634,0.79672089253819
0.497421955375652,0.79672089253819
0.494619482146118,0.79672089253819
0.493282171088288,0.79672089253819
0.495699934242403,0.79672089253819
0.496369657543279,0.79672089253819
0.499284067053284,0.79672089253819
0.501608909167302,0.79672089253819
0.507585168881071,0.79672089253819
0.497180241254011,0.79672089253819
0.498511573874903,0.79672089253819
0.494161050338823,0.79672089253819
0.499914311312598,0.79672089253819
0.498240790433898,0.79672089253819
0.509502341434656,0.79672089253819
0.501354842808029,0.79672089253819
0.499174537005913,0.79672089253819
0.487467072070893,0.79672089253819
0.501339623574506,0.79672089253819
0.505367791635221,0.79672089253819
0.502421487414389,0.79672089253819
0.503191101494826,0.79672089253819
0.500364570618118,0.79672089253819
0.504230609971789,0.79672089253819
0.495781814002504,0.79672089253819
0.48398277618755,0.79672089253819
0.504987847930398,0.79672089253819
0.496567298389061,0.79672089253819
0.501494535160208,0.79672089253819
0.497917476798215,0.79672089253819
0.491440396345789,0.79672089253819
0.502269474130594,0.79672089253819
0.496654365360215,0.79672089253819
0.504634192828728,0.79672089253819
0.507506681039484,0.79672089253819
0.499683986360596,0.79672089253819
0.499757215895069,0.79672089253819
0.501628438124261,0.79672089253819
0.498552579933148,0.79672089253819
0.501907118282456,0.79672089253819
0.505552991122843,0.79672089253819
0.502451435161962,0.79672089253819
0.503291450918892,0.79672089253819
0.498617917047697,0.79672089253819
0.496031428622188,0.79672089253819
0.505746507281196,0.79672089253819
0.50862812733895,0.79672089253819
0.499598420784254,0.79672089253819
0.499591417316564,0.79672089253819
0.51406444562896,0.79672089253819
0.495177845174696,0.79672089253819
0.495284521959881,0.79672089253819
0.496557369507792,0.79672089253819
0.502058645419052,0.79672089253819
0.493671381865402,0.79672089253819
0.503312646392867,0.79672089253819
0.49530189859394,0.79672089253819
0.500190892945921,0.79672089253819
0.497993963873524,0.79672089253819
0.501529743907926,0.79672089253819
0.503151289986461,0.79672089253819
0.494943715617261,0.79672089253819
0.497022242231771,0.79672089253819
0.505349329129176,0.79672089253819
0.502746488784141,0.79672089253819
0.500366871354685,0.79672089253819
0.498851721901754,0.79672089253819
0.497417209609387,0.79672089253819
0.496578051585498,0.79672089253819
0.499442777726044,0.79672089253819
0.499682713019638,0.79672089253819
0.500924587657627,0.79672089253819
0.506303199079854,0.79672089253819
0.496283003168309,0.79672089253819
0.495675996644093,0.79672089253819
0.506911958351817,0.79672089253819
0.50138885979647,0.79672089253819
0.500542567031128,0.79672089253819
0.491466190611666,0.79672089253819
0.49783470041141,0.79672089253819
0.500379905189829,0.79672089253819
0.508540828953657,0.79672089253819
0.501767043819712,0.79672089253819
0.501186266071626,0.79672089253819
0.502072829485892,0.79672089253819
0.490628953169618,0.79672089253819
0.504271661577395,0.79672089253819
0.495014541660928,0.79672089253819
0.500934580829534,0.79672089253819
0.500760837645394,0.79672089253819
0.49667596810885,0.79672089253819
0.496865672128524,0.79672089253819
0.497141086624128,0.79672089253819
0.497936031721614,0.79672089253819
0.500921088782163,0.79672089253819
0.49134314287775,0.79672089253819
0.498966498597584,0.79672089253819
0.505792970651093,0.79672089253819
0.510943350555263,0.79672089253819
0.499223738463654,0.79672089253819
0.501884503962312,0.79672089253819
0.500343179534106,0.79672089253819
0.501596476117058,0.79672089253819
0.494897455660258,0.79672089253819
0.504838508947868,0.79672089253819
0.505211143789597,0.79672089253819
0.504036346901488,0.79672089253819
0.499303927259984,0.79672089253819
0.496790931319511,0.79672089253819
0.502966545583273,0.79672089253819
0.504644547263431,0.79672089253819
0.496253550110023,0.79672089253819
0.494064398830251,0.79672089253819
0.494954083750585,0.79672089253819
0.495919184927642,0.79672089253819
0.504247699994913,0.79672089253819
0.492251060072082,0.79672089253819
0.502787718531653,0.79672089253819
0.505264951969461,0.79672089253819
0.492074047133845,0.79672089253819
0.495456726337632,0.79672089253819
0.504880444128041,0.79672089253819
0.49842561459883,0.79672089253819
0.502058557886009,0.79672089253819
0.502374607507128,0.79672089253819
0.504368508162387,0.79672089253819
0.50256935709772,0.79672089253819
0.502684073258749,0.79672089253819
0.489152341992133,0.79672089253819
0.501770587360857,0.79672089253819
0.501767831736447,0.79672089253819
0.497766716002774,0.79672089253819
0.501579081891382,0.79672089253819
0.504098827535784,0.79672089253819
0.496677654085116,0.79672089253819
0.487509815428141,0.79672089253819
0.50348021497874,0.79672089253819
0.505976542294357,0.79672089253819
0.490500763699474,0.79672089253819
0.501040466353674,0.79672089253819
0.498090824742758,0.79672089253819
0.497174895694155,0.79672089253819
0.500787037457371,0.79672089253819
0.501372720490114,0.79672089253819
0.494203027490966,0.79672089253819
0.506140827047807,0.79672089253819
0.496299946356287,0.79672089253819
0.494153066146471,0.79672089253819
0.495553896616312,0.79672089253819
0.50283485884308,0.79672089253819
0.499322859675744,0.79672089253819
0.495872492836306,0.79672089253819
0.49682000839381,0.79672089253819
0.504622916640021,0.79672089253819
0.496003448288603,0.79672089253819
0.502108311623952,0.79672089253819
0.509200211436253,0.79672089253819
0.492108164416029,0.79672089253819
0.504573967356223,0.79672089253819
0.502538750917391,0.79672089253819
0.492406548173842,0.79672089253819
0.511268716417818,0.79672089253819
0.507266653172647,0.79672089253819
0.498816560983205,0.79672089253819
0.495061082514272,0.79672089253819
0.50009503362972,0.79672089253819
0.498943044952147,0.79672089253819
0.493719776343024,0.79672089253819
0.509964627267275,0.79672089253819
0.499682400776692,0.79672089253819
0.50754539226018,0.79672089253819
0.501365797827976,0.79672089253819
0.49978737194826,0.79672089253819
0.502293736528374,0.79672089253819
0.491823564704317,0.79672089253819
0.495832727417942,0.79672089253819
0.495833678507078,0.79672089253819
0.501335920954135,0.79672089253819
0.491808615206024,0.79672089253819
0.500296017234077,0.79672089253819
0.499725633149704,0.79672089253819
0.495284542669732,0.79672089253819
0.50092083593262,0.79672089253819
0.506664195778657,0.79672089253819
0.498131768174953,0.79672089253819
0.501392978823467,0.79672089253819
0.502324764298139,0.79672089253819
0.497167689509099,0.79672089253819
0.506845981922132,0.79672089253819
0.499905131857747,0.79672089253819
0.503774857077965,0.79672089253819
0.499444732654486,0.79672089253819
0.495216477872487,0.79672089253819
0.500634816439817,0.79672089253819
0.497487629727506,0.79672089253819
0.500414438492844,0.79672089253819
0.508309677145363,0.79672089253819
0.500261552046811,0.79672089253819
0.508336880471311,0.79672089253819
0.494886839448249,0.79672089253819
0.494987731562514,0.79672089253819
0.500093885087627,0.79672089253819
0.480044195492727,0.79672089253819
0.493945268603413,0.79672089253819
0.501928447044885,0.79672089253819
0.501267859644232,0.79672089253819
0.497306272397609,0.79672089253819
0.50121037032249,0.79672089253819
0.496433428227695,0.79672089253819
0.496592781783252,0.79672089253819
0.498257380661416,0.79672089253819
0.496300394389654,0.79672089253819
0.49442536876073,0.79672089253819
0.49969305253512,0.79672089253819
0.502632418164409,0.79672089253819
0.491734739666676,0.79672089253819
0.508949868276425,0.79672089253819
0.49605860474931,0.79672089253819
0.497838674396688,0.79672089253819
0.504690428013479,0.79672089253819
0.500708356550242,0.79672089253819
0.500145157136818,0.79672089253819
0.496349382969523,0.79672089253819
0.503426502599176,0.79672089253819
0.500399236338074,0.79672089253819
0.503971575742127,0.79672089253819
0.499478278457061,0.79672089253819
0.496112362321197,0.79672089253819
0.496896519665572,0.79672089253819
0.506852887896012,0.79672089253819
0.493055406665029,0.79672089253819
0.499937109368337,0.79672089253819
0.500308109022035,0.79672089253819
0.495545997769916,0.79672089253819
0.496483292611394,0.79672089253819
0.501346180653567,0.79672089253819
0.492762212492629,0.79672089253819
0.503262296198947,0.79672089253819
0.493628932865257,0.79672089253819
0.496702954896097,0.79672089253819
0.499575900692702,0.79672089253819
0.492360372616634,0.79672089253819
0.500534052659117,0.79672089253819
0.496201162373317,0.79672089253819
0.494852693656639,0.79672089253819
0.496859977600484,0.79672089253819
0.502413226187026,0.79672089253819
0.49779831256891,0.79672089253819
0.502954667962827,0.79672089253819
0.511916737982049,0.79672089253819
0.494781004321698,0.79672089253819
0.498497637661541,0.79672089253819
0.490938420664298,0.79672089253819
0.491509915167652,0.79672089253819
0.496071204242837,0.79672089253819
0.497102245205203,0.79672089253819
0.495335875429058,0.79672089253819
0.499390853031973,0.79672089253819
0.502095991425101,0.79672089253819
0.496523623718738,0.79672089253819
0.499669252510637,0.79672089253819
0.497588904413333,0.79672089253819
0.50523603020901,0.79672089253819
0.495298520979838,0.79672089253819
0.494998001275127,0.79672089253819
0.499061924275046,0.79672089253819
0.496769066077771,0.79672089253819
0.498875986358225,0.79672089253819
0.495928952030071,0.79672089253819
0.497631740637281,0.79672089253819
0.503613541954144,0.79672089253819
0.492623752812446,0.79672089253819
0.492889120962148,0.79672089253819
0.496144713300353,0.79672089253819
0.50296434110837,0.79672089253819
0.49551404191286,0.79672089253819
0.495156285860481,0.79672089253819
0.502438680852373,0.79672089253819
0.495346827689111,0.79672089253819
0.489825391956254,0.79672089253819
0.504466654561458,0.79672089253819
0.501180065818094,0.79672089253819
0.503112346163312,0.79672089253819
0.501079380609033,0.79672089253819
0.504258946886675,0.79672089253819
0.496654131798509,0.79672089253819
0.495593019128802,0.79672089253819
0.490992017381405,0.79672089253819
0.499075926028027,0.79672089253819
0.490360579298996,0.79672089253819
0.488805398278341,0.79672089253819
0.494048358612426,0.79672089253819
0.502127777902595,0.79672089253819
0.501045051898597,0.79672089253819
0.498985942071391,0.79672089253819
0.496300751326138,0.79672089253819
0.497327929075503,0.79672089253819
0.500227764363128,0.79672089253819
0.503464538452457,0.79672089253819
0.496448719668983,0.79672089253819
0.504367848825255,0.79672089253819
0.507179619209181,0.79672089253819
0.495758294406308,0.79672089253819
0.50585676139464,0.79672089253819
0.50623362781971,0.79672089253819
0.490222929888106,0.79672089253819
0.496818832069321,0.79672089253819
0.507119170688061,0.79672089253819
0.502591485065758,0.79672089253819
0.489086749954145,0.79672089253819
0.495539424497407,0.79672089253819
0.48916764059339,0.79672089253819
0.508167233462889,0.79672089253819
0.502720435821686,0.79672089253819
0.495910830947458,0.79672089253819
0.501666608235346,0.79672089253819
0.511729978548888,0.79672089253819
0.497089933296117,0.79672089253819
0.492106545464269,0.79672089253819
0.496161756106483,0.79672089253819
0.493835347936664,0.79672089253819
0.499663204501032,0.79672089253819
0.49886221295737,0.79672089253819
0.504322044764812,0.79672089253819
0.495984940714781,0.79672089253819
0.491726772481432,0.79672089253819
0.495766872345192,0.79672089253819
0.501339101447297,0.79672089253819
0.498043853073574,0.79672089253819
0.5025877604285,0.79672089253819
0.496669283070006,0.79672089253819
0.497694207187993,0.79672089253819
0.49188729473939,0.79672089253819
0.496195466372685,0.79672089253819
0.487133787261019,0.79672089253819
0.497771939831526,0.79672089253819
0.505952366076869,0.79672089253819
0.487540099547595,0.79672089253819
0.494721604363374,0.79672089253819
0.502332420536099,0.79672089253819
0.493061648617757,0.79672089253819
0.495040157040822,0.79672089253819
0.498333927747576,0.79672089253819
0.496442313262456,0.79672089253819
0.507047614391716,0.79672089253819
0.497981003440474,0.79672089253819
0.498582909770743,0.79672089253819
0.497318741297038,0.79672089253819
0.498488666366138,0.79672089253819
0.507253486170243,0.79672089253819
0.492333321833655,0.79672089253819
0.503842607823752,0.79672089253819
0.494848635151577,0.79672089253819
0.496260496069956,0.79672089253819
0.495974329078221,0.79672089253819
0.49555004822608,0.79672089253819
0.497401830355972,0.79672089253819
0.50891481779047,0.79672089253819
0.505525333103678,0.79672089253819
0.491233631254706,0.79672089253819
0.501139409829563,0.79672089253819
0.502870229011059,0.79672089253819
0.49408834053336,0.79672089253819
0.502317318575052,0.79672089253819
0.497933988707315,0.79672089253819
0.509944625803114,0.79672089253819
0.49350705338335,0.79672089253819
0.496563852877335,0.79672089253819
0.499509828547416,0.79672089253819
0.496287487073665,0.79672089253819
0.495143523660657,0.79672089253819
0.498791885618099,0.79672089253819
0.50543668931092,0.79672089253819
0.498593869227243,0.79672089253819
0.501797289513697,0.79672089253819
0.504513734768589,0.79672089253819
0.495309204672323,0.79672089253819
0.497028197836502,0.79672089253819
0.497391629964059,0.79672089253819
0.504354666244518,0.79672089253819
0.494239867274236,0.79672089253819
0.507466991429847,0.79672089253819
0.496298301409652,0.79672089253819
0.516970096183384,0.79672089253819
0.501239140129047,0.79672089253819
0.494082240312993,0.79672089253819
0.506109109973565,0.79672089253819
0.490319311450314,0.79672089253819
0.499944554121117,0.79672089253819
0.504665708316309,0.79672089253819
0.503672802518312,0.79672089253819
0.497199537442771,0.79672089253819
0.506362933805811,0.79672089253819
0.497913174199036,0.79672089253819
0.49626248196415,0.79672089253819
0.498036366661262,0.79672089253819
0.504121649747319,0.79672089253819
0.498268959198206,0.79672089253819
0.493055752387246,0.79672089253819
0.500163016923441,0.79672089253819
0.497861908842606,0.79672089253819
0.490347370085805,0.79672089253819
0.500675191045654,0.79672089253819
0.50452957896222,0.79672089253819
0.497518760230231,0.79672089253819
0.498512238820695,0.79672089253819
0.50116963972584,0.79672089253819
0.500726621285668,0.79672089253819
0.502688247684,0.79672089253819
0.501879680200369,0.79672089253819
0.514626379933903,0.79672089253819
0.507044271695997,0.79672089253819
0.500080694037304,0.79672089253819
0.49808225672154,0.79672089253819
0.493705171486981,0.79672089253819
0.495379603040442,0.79672089253819
0.496738522811065,0.79672089253819
0.500928621539127,0.79672089253819
0.491380844651287,0.79672089253819
0.4906988445616,0.79672089253819
0.495694183638846,0.79672089253819
0.504198919750727,0.79672089253819
0.506278477644601,0.79672089253819
0.491911632224716,0.79672089253819
0.499806589066927,0.79672089253819
0.495036193621294,0.79672089253819
0.49429359229533,0.79672089253819
0.499927675797994,0.79672089253819
0.495420752308725,0.79672089253819
0.498805587159595,0.79672089253819
0.494739068197595,0.79672089253819
0.493914379857119,0.79672089253819
0.499605321791099,0.79672089253819
0.481000101097001,0.79672089253819
0.497728835685908,0.79672089253819
0.491022239005739,0.79672089253819
0.501843952126306,0.79672089253819
0.499362062500859,0.79672089253819
0.502227778361445,0.79672089253819
0.501566711662991,0.79672089253819
0.492275570278314,0.79672089253819
0.501929365946294,0.79672089253819
0.494110367777015,0.79672089253819
0.497751257102017,0.79672089253819
0.503473998381415,0.79672089253819
0.495344727513626,0.79672089253819
0.49963486739497,0.79672089253819
0.496652818703527,0.79672089253819
0.495772958103346,0.79672089253819
0.502619185780848,0.79672089253819
0.496104470609677,0.79672089253819
0.493877170004545,0.79672089253819
0.503850008299337,0.79672089253819
0.499326605982956,0.79672089253819
0.492973825287778,0.79672089253819
0.497504986686679,0.79672089253819
0.499112656928306,0.79672089253819
0.49353687250273,0.79672089253819
0.502596914986713,0.79672089253819
0.499303693183094,0.79672089253819
0.50765476137978,0.79672089253819
0.505408120290855,0.79672089253819
0.500142571335411,0.79672089253819
0.507463617741132,0.79672089253819
0.501626879026263,0.79672089253819
0.501702436350183,0.79672089253819
0.490614125510653,0.79672089253819
0.494844270153389,0.79672089253819
0.501330645436187,0.79672089253819
0.497554404572144,0.79672089253819
0.506640423920582,0.79672089253819
0.499469977996901,0.79672089253819
0.490415728600439,0.79672089253819
0.49910490150588,0.79672089253819
0.504654953371741,0.79672089253819
0.490503992232964,0.79672089253819
0.497064776427736,0.79672089253819
0.503175983251839,0.79672089253819
0.496867501926939,0.79672089253819
0.499604629681287,0.79672089253819
0.501092248895143,0.79672089253819
0.48876944124744,0.79672089253819
0.503254810145421,0.79672089253819
0.500347444297201,0.79672089253819
0.501464456617392,0.79672089253819
0.498440154530994,0.79672089253819
0.496666558255463,0.79672089253819
0.494854746485991,0.79672089253819
0.500192816868666,0.79672089253819
0.498271032829698,0.79672089253819
0.499157690859114,0.79672089253819
0.49388395518172,0.79672089253819
0.506443303724688,0.79672089253819
0.495110222304088,0.79672089253819
0.502194700104479,0.79672089253819
0.495380264655232,0.79672089253819
0.502590262643349,0.79672089253819
0.501265478318745,0.79672089253819
0.499697097812312,0.79672089253819
0.502819508058496,0.79672089253819
0.491810907848719,0.79672089253819
0.499000070995008,0.79672089253819
0.498849570082073,0.79672089253819
0.486691131355292,0.79672089253819
0.499959228030006,0.79672089253819
0.502673468244256,0.79672089253819
0.494018662678657,0.79672089253819
0.499023893906478,0.79672089253819
0.498050665520117,0.79672089253819
0.50262959984927,0.79672089253819
0.500328113244985,0.79672089253819
0.489174345192171,0.79672089253819
0.496627645458344,0.79672089253819
0.497616574516473,0.79672089253819
0.501436433726251,0.79672089253819
0.493174815575235,0.79672089253819
0.502750852070172,0.79672089253819
0.500583869292239,0.79672089253819
0.500211228101041,0.79672089253819
0.489241473248903,0.79672089253819
0.500696974476398,0.79672089253819
0.498764531224665,0.79672089253819
0.487303459211677,0.79672089253819
0.506884671872366,0.79672089253819
0.497629996765878,0.79672089253819
0.500041167660244,0.79672089253819
0.492051260970927,0.79672089253819
0.489798726096136,0.79672089253819
0.499367156468306,0.79672089253819
0.499345436676823,0.79672089253819
0.503736714716138,0.79672089253819
0.503014693599696,0.79672089253819
0.501429662930627,0.79672089253819
0.49824185496346,0.79672089253819
0.497224795508999,0.79672089253819
0.499045324925324,0.79672089253819
0.496338477465082,0.79672089253819
0.499577290973224,0.79672089253819
0.495080505052924,0.79672089253819
0.497659660689681,0.79672089253819
0.503143897007497,0.79672089253819
0.496361293612886,0.79672089253819
0.496054179810513,0.79672089253819
0.501696736207232,0.79672089253819
0.502511977129355,0.79672089253819
0.501824502788216,0.79672089253819
0.498575509210307,0.79672089253819
0.505107162081328,0.79672089253819
0.498213070173714,0.79672089253819
0.496385680122758,0.79672089253819
0.493411533931554,0.79672089253819
0.496445390482133,0.79672089253819
0.498868822399803,0.79672089253819
0.498745863615473,0.79672089253819
0.498667178933804,0.79672089253819
0.503965345281291,0.79672089253819
0.501041640063724,0.79672089253819
0.501639705232738,0.79672089253819
0.496503042310449,0.79672089253819
0.493058601101853,0.79672089253819
0.50161395012912,0.79672089253819
0.498899781075786,0.79672089253819
0.497575691800896,0.79672089253819
0.495766496411179,0.79672089253819
0.496063007885056,0.79672089253819
0.500443160403928,0.79672089253819
0.491560389064881,0.79672089253819
0.501397833912194,0.79672089253819
0.499333797061633,0.79672089253819
0.498649675299116,0.79672089253819
0.494104188190514,0.79672089253819
0.494746739625232,0.79672089253819
0.496639460636779,0.79672089253819
0.491622242126718,0.79672089253819
0.502099963205223,0.79672089253819
0.500499588880225,0.79672089253819
0.494315373090455,0.79672089253819
0.49361230214794,0.79672089253819
0.50183255118902,0.79672089253819
0.498699228770606,0.79672089253819
0.50381568612432,0.79672089253819
0.493736289568838,0.79672089253819
0.50050481558586,0.79672089253819
0.498770132222784,0.79672089253819
0.49771501085443,0.79672089253819
0.495750395923347,0.79672089253819
0.491034378510529,0.79672089253819
0.496670778737589,0.79672089253819
0.495007857969279,0.79672089253819
0.499777297695985,0.79672089253819
0.494798658503053,0.79672089253819
0.503533249116387,0.79672089253819
0.49935442893877,0.79672089253819
0.498040419862335,0.79672089253819
0.499048164158779,0.79672089253819
0.499039004685087,0.79672089253819
0.498078463757604,0.79672089253819
0.498674022682014,0.79672089253819
0.50168946323251,0.79672089253819
0.515790421278108,0.79672089253819
0.501345421010827,0.79672089253819
0.498351562899307,0.79672089253819
0.496369375570078,0.79672089253819
0.497857451202387,0.79672089253819
0.503337741495114,0.79672089253819
0.500682757738266,0.79672089253819
0.498160044570046,0.79672089253819
0.497306494915166,0.79672089253819
0.498159413553709,0.79672089253819
0.494463454843257,0.79672089253819
0.499360464609434,0.79672089253819
0.499348989219251,0.79672089253819
0.50487845090692,0.79672089253819
0.49598433727084,0.79672089253819
0.497695854599736,0.79672089253819
0.49989374440504,0.79672089253819
0.48999597400943,0.79672089253819
0.494257581848947,0.79672089253819
0.497551828481054,0.79672089253819
0.499168314577598,0.79672089253819
0.498768428609434,0.79672089253819
0.492972995298102,0.79672089253819
0.496007719441621,0.79672089253819
0.503103742355555,0.79672089253819
0.494926907429005,0.79672089253819
0.499391911050697,0.79672089253819
0.503132877123854,0.79672089253819
0.495328383469472,0.79672089253819
0.502627633554552,0.79672089253819
0.495135759503386,0.79672089253819
0.493806595421666,0.79672089253819
0.501193956601291,0.79672089253819
0.502597106621014,0.79672089253819
0.500277293906767,0.79672089253819
0.501278025844357,0.79672089253819
0.495541288467001,0.79672089253819
0.509137423344388,0.79672089253819
0.499098695317998,0.79672089253819
0.499220636359761,0.79672089253819
0.501716765163018,0.79672089253819
0.501062292418038,0.79672089253819
0.506968259879781,0.79672089253819
0.498702990602717,0.79672089253819
0.500728324023747,0.79672089253819
0.495847595267807,0.79672089253819
0.50618354545948,0.79672089253819
0.500789562360177,0.79672089253819
0.496022435512382,0.79672089253819
0.495237460893665,0.79672089253819
0.495658122559509,0.79672089253819
0.500561665518919,0.79672089253819
0.503349849615098,0.79672089253819
0.49744168099667,0.79672089253819
0.502294539904473,0.79672089253819
0.499928810226582,0.79672089253819
0.49803344314075,0.79672089253819
0.500177771710506,0.79672089253819
0.499300746403511,0.79672089253819
0.499928299441315,0.79672089253819
0.494467075357433,0.79672089253819
0.497006746669473,0.79672089253819
0.507748038763279,0.79672089253819
0.497349160527891,0.79672089253819
0.509238416061235,0.79672089253819
0.489438762088077,0.79672089253819
0.507418329822137,0.79672089253819
0.506232939324163,0.79672089253819
0.490469028566271,0.79672089253819
0.48994330262471,0.79672089253819
0.49777744352976,0.79672089253819
0.501081129579676,0.79672089253819
0.506769638407003,0.79672089253819
0.493196234242933,0.79672089253819
0.490812295912765,0.79672089253819
0.502175277219683,0.79672089253819
0.485354779109519,0.79672089253819
0.501032421249017,0.79672089253819
0.505782427289916,0.79672089253819
0.501058769517596,0.79672089253819
0.491723673813277,0.79672089253819
0.499436537791513,0.79672089253819
0.514026516719627,0.79672089253819
0.494075097580143,0.79672089253819
0.496822377831425,0.79672089253819
0.500184291655511,0.79672089253819
0.500172840856425,0.79672089253819
0.490592414550204,0.79672089253819
0.504361035339928,0.79672089253819
0.508488106884127,0.79672089253819
0.496579246775072,0.79672089253819
0.501781484748656,0.79672089253819
0.496109719086494,0.79672089253819
0.501032522413893,0.79672089253819
0.493800786661678,0.79672089253819
0.503496123382413,0.79672089253819
0.496298674241517,0.79672089253819
0.490555183565553,0.79672089253819
0.499018509004184,0.79672089253819
0.498218963890743,0.79672089253819
0.499195584504581,0.79672089253819
0.494597024766499,0.79672089253819
0.495523167468589,0.79672089253819
0.500947243265182,0.79672089253819
0.502650539795837,0.79672089253819
0.501183258739834,0.79672089253819
0.495731046575616,0.79672089253819
0.497435059756763,0.79672089253819
0.490422800630908,0.79672089253819
0.500917783185849,0.79672089253819
0.498169053712557,0.79672089253819
0.496710977008083,0.79672089253819
0.497689984646687,0.79672089253819
0.498882621088151,0.79672089253819
0.493774213073712,0.79672089253819
0.498682462308849,0.79672089253819
0.503950840408605,0.79672089253819
0.49509306947401,0.79672089253819
0.503671246978045,0.79672089253819
0.502787139795488,0.79672089253819
0.496513684600611,0.79672089253819
0.505772302455726,0.79672089253819
0.505255494252121,0.79672089253819
0.503495821198504,0.79672089253819
0.499599330380273,0.79672089253819
0.497293367796676,0.79672089253819
0.493604332221786,0.79672089253819
0.501823240356724,0.79672089253819
0.504124660912977,0.79672089253819
0.502218251347856,0.79672089253819
0.504556635214036,0.79672089253819
0.501127307493641,0.79672089253819
0.501987285269763,0.79672089253819
0.495585959006098,0.79672089253819
0.506053137558066,0.79672089253819
0.502395330845414,0.79672089253819
0.498043352164431,0.79672089253819
0.507483533264075,0.79672089253819
0.498445676461477,0.79672089253819
0.498349637096033,0.79672089253819
0.493515451650985,0.79672089253819
0.484799408732228,0.79672089253819
0.507714072589305,0.79672089253819
0.500434588038777,0.79672089253819
0.500679793230807,0.79672089253819
0.505550496020389,0.79672089253819
0.491801093373186,0.79672089253819
0.497604329797751,0.79672089253819
0.498061883090276,0.79672089253819
0.501132927164645,0.79672089253819
0.493113626533564,0.79672089253819
0.510342971966574,0.79672089253819
0.490274509400536,0.79672089253819
0.498655371949621,0.79672089253819
0.492102730420633,0.79672089253819
0.498694827647442,0.79672089253819
0.499725299395544,0.79672089253819
0.502205311082218,0.79672089253819
0.508197604590547,0.79672089253819
0.501264220881604,0.79672089253819
0.496559261089153,0.79672089253819
0.496199565477118,0.79672089253819
0.49972012122467,0.79672089253819
0.500467301718919,0.79672089253819
0.502076872875461,0.79672089253819
0.489850448243882,0.79672089253819
0.497003009047718,0.79672089253819
0.498072649324569,0.79672089253819
0.50098446034809,0.79672089253819
0.492424575423162,0.79672089253819
0.502235365322046,0.79672089253819
0.495550208774889,0.79672089253819
0.508208233804391,0.79672089253819
0.504181646638684,0.79672089253819
0.498388975477051,0.79672089253819
0.490358863018609,0.79672089253819
0.497524646454894,0.79672089253819
0.501524102958746,0.79672089253819
0.503137872118793,0.79672089253819
0.503530116219161,0.79672089253819
0.506501739528856,0.79672089253819
0.496635610068984,0.79672089253819
0.498013757841506,0.79672089253819
0.500035679027155,0.79672089253819
0.509250645433814,0.79672089253819
0.505329734656334,0.79672089253819
0.498898512183512,0.79672089253819
0.495514502048843,0.79672089253819
0.49233701726068,0.79672089253819
0.489240916403817,0.79672089253819
0.499591141199085,0.79672089253819
0.499857478177523,0.79672089253819
0.498694526980708,0.79672089253819
0.50716672972962,0.79672089253819
0.497854114762562,0.79672089253819
0.494920668017163,0.79672089253819
0.495479930546186,0.79672089253819
0.498319242134528,0.79672089253819
0.495057792300533,0.79672089253819
0.502853743183766,0.79672089253819
0.498654658048284,0.79672089253819
0.502108155435615,0.79672089253819
0.499396103689919,0.79672089253819
0.506985786302982,0.79672089253819
0.500121894936901,0.79672089253819
0.494703873458469,0.79672089253819
0.504389155241839,0.79672089253819
0.498153751606115,0.79672089253819
0.504358418328174,0.79672089253819
0.504007620532316,0.79672089253819
0.496314138013153,0.79672089253819
0.506397379351269,0.79672089253819
0.494732110835334,0.79672089253819
0.49980925850371,0.79672089253819
0.507117667134208,0.79672089253819
0.505539089764317,0.79672089253819
0.496898542162209,0.79672089253819
0.489018854619592,0.79672089253819
0.499835832202185,0.79672089253819
0.490412365066073,0.79672089253819
0.508195223959682,0.79672089253819
0.497322852727321,0.79672089253819
0.501652225418422,0.79672089253819
0.495879738881624,0.79672089253819
0.503072606603345,0.79672089253819
0.490123845416176,0.79672089253819
0.499626155543893,0.79672089253819
0.497501846833599,0.79672089253819
0.491300100251443,0.79672089253819
0.495328514411163,0.79672089253819
0.502976268376124,0.79672089253819
0.503945965926361,0.79672089253819
0.506827561498185,0.79672089253819
0.491865416698741,0.79672089253819
0.499515813048091,0.79672089253819
0.494720107251357,0.79672089253819
0.490700947147778,0.79672089253819
0.501343980681936,0.79672089253819
0.490706271404826,0.79672089253819
0.504706769356902,0.79672089253819
0.496695327292386,0.79672089253819
0.498049120851546,0.79672089253819
0.497170561914572,0.79672089253819
0.497633805563024,0.79672089253819
0.494112954954864,0.79672089253819
0.493445501489739,0.79672089253819
0.50081512196729,0.79672089253819
0.503320042362383,0.79672089253819
0.489792188049577,0.79672089253819
0.498911728661577,0.79672089253819
0.495740579716675,0.79672089253819
0.50231777272403,0.79672089253819
0.49939953195919,0.79672089253819
0.494413460863864,0.79672089253819
0.508363407224675,0.79672089253819
0.502407132323638,0.79672089253819
0.507589278280764,0.79672089253819
0.487180004244271,0.79672089253819
0.504558676452931,0.79672089253819
0.497568583636822,0.79672089253819
0.503044953239252,0.79672089253819
0.508027596203646,0.79672089253819
0.50334057354861,0.79672089253819
0.497741507856309,0.79672089253819
0.501877032442801,0.79672089253819
0.504189421799639,0.79672089253819
0.500294578950891,0.79672089253819
0.501271696761452,0.79672089253819
0.496619580380226,0.79672089253819
0.491020093470899,0.79672089253819
0.509579869444339,0.79672089253819
0.492827133796815,0.79672089253819
0.49497746548307,0.79672089253819
0.500374864385711,0.79672089253819
0.506829319874649,0.79672089253819
0.495616458177315,0.79672089253819
0.503710357160539,0.79672089253819
0.50487322295391,0.79672089253819
0.4968158882577,0.79672089253819
0.498213712878234,0.79672089253819
0.502622079467742,0.79672089253819
0.501915290318019,0.79672089253819
0.502185805204183,0.79672089253819
0.499894360260127,0.79672089253819
0.503160069755446,0.79672089253819
0.49865187145932,0.79672089253819
0.497817722088541,0.79672089253819
0.492600745711744,0.79672089253819
0.497022047567072,0.79672089253819
0.491233404110262,0.79672089253819
0.502507852248585,0.79672089253819
0.495622751999883,0.79672089253819
0.503060270308165,0.79672089253819
0.490783040686451,0.79672089253819
0.502552495205911,0.79672089253819
0.502691067365245,0.79672089253819
0.501957043014014,0.79672089253819
0.50392394120189,0.79672089253819
0.497377105275299,0.79672089253819
0.494447739294094,0.79672089253819
0.504394106804142,0.79672089253819
0.499313134208784,0.79672089253819
0.497729873786935,0.79672089253819
0.495207006855606,0.79672089253819
0.502203196438281,0.79672089253819
0.50399109738947,0.79672089253819
0.489341770652445,0.79672089253819
0.50101159584627,0.79672089253819
0.500746080030502,0.79672089253819
0.500274132232522,0.79672089253819
0.501888083595935,0.79672089253819
0.498463922841275,0.79672089253819
0.494591001659771,0.79672089253819
0.506423723634779,0.79672089253819
0.503597763984332,0.79672089253819
0.492356182126327,0.79672089253819
0.50422117809014,0.79672089253819
0.497253914208621,0.79672089253819
0.507927055743479,0.79672089253819
0.50755005850505,0.79672089253819
0.501679234321208,0.79672089253819
0.500995174858595,0.79672089253819
0.501531544300663,0.79672089253819
0.502286755035119,0.79672089253819
0.49784539777125,0.79672089253819
0.499010300952644,0.79672089253819
0.50384590757509,0.79672089253819
0.497516544867878,0.79672089253819
0.498948469290733,0.79672089253819
0.491623745938484,0.79672089253819
0.494998973240374,0.79672089253819
0.49113590379972,0.79672089253819
0.496476606716441,0.79672089253819
0.496152586301784,0.79672089253819
0.49445965413572,0.79672089253819
0.501457188739064,0.79672089253819
0.498636611982162,0.79672089253819
0.492497820482564,0.79672089253819
0.496918825732724,0.79672089253819
0.497943350020086,0.79672089253819
0.498226078207045,0.79672089253819
0.499752596532654,0.79672089253819
0.492986837928742,0.79672089253819
0.493183525993896,0.79672089253819
0.506545583920866,0.79672089253819
0.503009151057977,0.79672089253819
0.49559612845285,0.79672089253819
0.500616425667694,0.79672089253819
0.498269104728961,0.79672089253819
0.496612590445374,0.79672089253819
0.498234166284882,0.79672089253819
0.495414983296707,0.79672089253819
0.504551786783815,0.79672089253819
0.50049001626425,0.79672089253819
0.50383411928741,0.79672089253819
0.500321110940466,0.79672089253819
0.495742676562967,0.79672089253819
0.495458963739175,0.79672089253819
0.496158598346868,0.79672089253819
0.498391651495526,0.79672089253819
0.503870936382328,0.79672089253819
0.493596626205196,0.79672089253819
0.494204890949907,0.79672089253819
0.492488155703186,0.79672089253819
0.503539704276601,0.79672089253819
0.492196592798292,0.79672089253819
0.506609223971764,0.79672089253819
0.4946008789752,0.79672089253819
0.496908748463807,0.79672089253819
0.502566274904218,0.79672089253819
0.491855212060407,0.79672089253819
0.502838430873069,0.79672089253819
0.499151103948321,0.79672089253819
0.499709348652402,0.79672089253819
0.499049572897967,0.79672089253819
0.512633487185609,0.79672089253819
0.490480975348146,0.79672089253819
0.508176377395915,0.79672089253819
0.496810758865468,0.79672089253819
0.502174877135463,0.79672089253819
0.506850352660226,0.79672089253819
0.499738308894981,0.79672089253819
0.500153297375628,0.79672089253819
0.493329731437712,0.79672089253819
0.497583732020184,0.79672089253819
0.497094608975955,0.79672089253819
0.499663984520776,0.79672089253819
0.50144233493657,0.79672089253819
0.505349988368911,0.79672089253819
0.496886629977796,0.79672089253819
0.498204158631749,0.79672089253819
0.492424150794291,0.79672089253819
0.488487664722091,0.79672089253819
0.499141238685157,0.79672089253819
0.497131348222739,0.79672089253819
0.503372805214881,0.79672089253819
0.499660594264059,0.79672089253819
0.500145408023853,0.79672089253819
0.498084721153029,0.79672089253819
0.492217558084406,0.79672089253819
0.498737944296444,0.79672089253819
0.497860767976572,0.79672089253819
0.498024455944086,0.79672089253819
0.506062668866245,0.79672089253819
0.500773072174762,0.79672089253819
0.508428256190423,0.79672089253819
0.496447484518663,0.79672089253819
0.502608632474422,0.79672089253819
0.498510640201144,0.79672089253819
0.497422933547766,0.79672089253819
0.505243769404985,0.79672089253819
0.499047775983325,0.79672089253819
0.506942704420484,0.79672089253819
0.504306842504125,0.79672089253819
0.501596955828177,0.79672089253819
0.49948037871357,0.79672089253819
0.496964802586503,0.79672089253819
0.497796372923165,0.79672089253819
0.507075438452683,0.79672089253819
0.495927618797357,0.79672089253819
0.500786491816451,0.79672089253819
0.505122568406399,0.79672089253819
0.504029156824577,0.79672089253819
0.501708436716692,0.79672089253819
0.504721112048043,0.79672089253819
0.498059904529547,0.79672089253819
0.499227292124029,0.79672089253819
0.500435045409977,0.79672089253819
0.489933706285254,0.79672089253819
0.496732865247493,0.79672089253819
0.502826185432572,0.79672089253819
0.503034178326865,0.79672089253819
0.494502598848149,0.79672089253819
0.50344091383331,0.79672089253819
0.500934617982542,0.79672089253819
0.507291695487886,0.79672089253819
0.503810768833451,0.79672089253819
0.50481635063005,0.79672089253819
0.496732559983513,0.79672089253819
0.49280276819089,0.79672089253819
0.495483564853224,0.79672089253819
0.498830240351742,0.79672089253819
0.495381540961631,0.79672089253819
0.496434682574888,0.79672089253819
0.492998945913379,0.79672089253819
0.50978312945409,0.79672089253819
0.502628832794006,0.79672089253819
0.492576618646601,0.79672089253819
0.501725445117988,0.79672089253819
0.491548991881327,0.79672089253819
0.495647258776481,0.79672089253819
0.49511201466324,0.79672089253819
0.502280507564472,0.79672089253819
0.506017782682886,0.79672089253819
0.495190008419843,0.79672089253819
0.499377508618258,0.79672089253819
0.49835226947745,0.79672089253819
0.497835462040071,0.79672089253819
0.494530389378392,0.79672089253819
0.494762170248201,0.79672089253819
0.504538724034582,0.79672089253819
0.503895521118435,0.79672089253819
0.490093453164447,0.79672089253819
0.507483061384532,0.79672089253819
0.50496968967107,0.79672089253819
0.49675450540633,0.79672089253819
0.502618809405276,0.79672089253819
0.500114080083745,0.79672089253819
0.499701782808212,0.79672089253819
0.493329511111816,0.79672089253819
0.502147293506826,0.79672089253819
0.502639017706064,0.79672089253819
0.497992872689378,0.79672089253819
0.495242001064231,0.79672089253819
0.497693200080689,0.79672089253819
0.504318747646609,0.79672089253819
0.497313031307653,0.79672089253819
0.500247481463616,0.79672089253819
0.497456836084679,0.79672089253819
0.499220498149769,0.79672089253819
0.488969158656055,0.79672089253819
0.504724845290083,0.79672089253819
0.498301443818438,0.79672089253819
0.499182079001032,0.79672089253819
0.4972649086315,0.79672089253819
0.498833326634148,0.79672089253819
0.504872632910842,0.79672089253819
0.500957072986044,0.79672089253819
0.497152959835748,0.79672089253819
0.503184976821971,0.79672089253819
0.500801341613099,0.79672089253819
0.502753167696193,0.79672089253819
0.500777759904097,0.79672089253819
0.492182900579895,0.79672089253819
0.498264785377842,0.79672089253819
0.498344035673158,0.79672089253819
0.498015349125636,0.79672089253819
0.500432693966806,0.79672089253819
0.488941839716891,0.79672089253819
0.499179093527465,0.79672089253819
0.508663311217806,0.79672089253819
0.496695077735406,0.79672089253819
0.49715790414968,0.79672089253819
0.498501545437959,0.79672089253819
0.496271929718537,0.79672089253819
0.500189580954994,0.79672089253819
0.49755863158738,0.79672089253819
0.488300193656396,0.79672089253819
0.509002101981316,0.79672089253819
0.496768553814117,0.79672089253819
0.501710367687684,0.79672089253819
0.502266076735124,0.79672089253819
0.496161408561744,0.79672089253819
0.499294092137835,0.79672089253819
0.497911487452236,0.79672089253819
0.509000009729707,0.79672089253819
0.4988241454684,0.79672089253819
0.497167287418302,0.79672089253819
0.506358824881492,0.79672089253819
0.495451347521813,0.79672089253819
0.492759294578846,0.79672089253819
0.503494680469808,0.79672089253819
0.503914720996129,0.79672089253819
0.507611785786287,0.79672089253819
0.507570567587516,0.79672089253819
0.488825911323714,0.79672089253819
0.500124149195896,0.79672089253819
0.496954656372104,0.79672089253819
0.499206624923332,0.79672089253819
0.497023260584332,0.79672089253819
0.491759250045678,0.79672089253819
0.49799011477017,0.79672089253819
0.501463342326914,0.79672089253819
0.504755580692607,0.79672089253819
0.502668179158574,0.79672089253819
0.504949497843951,0.79672089253819
0.498234283914622,0.79672089253819
0.500453405738167,0.79672089253819
0.495506379851107,0.79672089253819
0.4887889130616,0.79672089253819
0.494327397769285,0.79672089253819
0.496998962816734,0.79672089253819
0.49969404856878,0.79672089253819
0.501459714539949,0.79672089253819
0.502371812421252,0.79672089253819
0.49177988780295,0.79672089253819
0.500819823748536,0.79672089253819
0.49724841560804,0.79672089253819
0.494966071659029,0.79672089253819
0.488075929127288,0.79672089253819
0.498891694674768,0.79672089253819
0.495064849091886,0.79672089253819
0.499486131271975,0.79672089253819
0.498888294006284,0.79672089253819
0.494848856480517,0.79672089253819
0.490623569861839,0.79672089253819
0.499920444153187,0.79672089253819
0.504467658645176,0.79672089253819
0.497229930674027,0.79672089253819
0.494468859332297,0.79672089253819
0.499837504913105,0.79672089253819
0.485261955817925,0.79672089253819
0.502060237847086,0.79672089253819
0.502866700832408,0.79672089253819
0.501522150991093,0.79672089253819
0.507003651847782,0.79672089253819
0.500614569838432,0.79672089253819
0.49246082277782,0.79672089253819
0.502634842428912,0.79672089253819
0.501016887546459,0.79672089253819
0.505314221538812,0.79672089253819
0.498756597862916,0.79672089253819
0.503663081927722,0.79672089253819
0.505400981363961,0.79672089253819
0.492803728999478,0.79672089253819
0.499524626978926,0.79672089253819
0.507113868695553,0.79672089253819
0.502073236413689,0.79672089253819
0.497918293709408,0.79672089253819
0.502173237661725,0.79672089253819
0.497602597280568,0.79672089253819
0.493812104411894,0.79672089253819
0.493795996307165,0.79672089253819
0.505571113234305,0.79672089253819
0.499790377681579,0.79672089253819
0.496659525182407,0.79672089253819
0.487726257164202,0.79672089253819
0.498289789916454,0.79672089253819
0.494039593895917,0.79672089253819
0.499805152729496,0.79672089253819
0.496995256005982,0.79672089253819
0.497882446860422,0.79672089253819
0.496301596604595,0.79672089253819
0.499294669345865,0.79672089253819
0.504776701078416,0.79672089253819
0.502345325672428,0.79672089253819
0.497422155745104,0.79672089253819
0.505268359662997,0.79672089253819
0.489641452748594,0.79672089253819
0.493947619742324,0.79672089253819
0.503210183760889,0.79672089253819
0.500811701479335,0.79672089253819
0.49795237107577,0.79672089253819
0.49314209159969,0.79672089253819
0.502315564705132,0.79672089253819
0.49732787366836,0.79672089253819
0.506702463594474,0.79672089253819
0.486420281413407,0.79672089253819
0.501255480255382,0.79672089253819
0.504022961045006,0.79672089253819
0.501383768261537,0.79672089253819
0.497696019262266,0.79672089253819
0.499229476194648,0.79672089253819
0.491431156277605,0.79672089253819
0.496203050646378,0.79672089253819
0.502104607050956,0.79672089253819
0.503664667421798,0.79672089253819
0.49780416161136,0.79672089253819
0.50009190898523,0.79672089253819
0.50669784419977,0.79672089253819
0.501302757863049,0.79672089253819
0.502233269085631,0.79672089253819
0.494936739144742,0.79672089253819
0.494852294328216,0.79672089253819
0.497226637907437,0.79672089253819
0.496055623071352,0.79672089253819
0.504116620838262,0.79672089253819
0.499689668687652,0.79672089253819
0.501449413083617,0.79672089253819
0.50696180165752,0.79672089253819
0.49889391764044,0.79672089253819
0.503286675593449,0.79672089253819
0.50250390257748,0.79672089253819
0.503104736603055,0.79672089253819
0.502543915592285,0.79672089253819
0.503407108958273,0.79672089253819
0.506609466530804,0.79672089253819
0.492578298216406,0.79672089253819
0.504803653822021,0.79672089253819
0.493901304979425,0.79672089253819
0.501337722014311,0.79672089253819
0.496420006404395,0.79672089253819
0.499335347138722,0.79672089253819
0.491934703440321,0.79672089253819
0.501013881077307,0.79672089253819
0.499009920242399,0.79672089253819
0.500487752698305,0.79672089253819
0.502132192275075,0.79672089253819
0.499576163928841,0.79672089253819
0.498583410680577,0.79672089253819
0.498946999382118,0.79672089253819
0.500698776694901,0.79672089253819
0.500279655275133,0.79672089253819
0.499698786309451,0.79672089253819
0.495976998843956,0.79672089253819
0.503611038508832,0.79672089253819
0.498216587753095,0.79672089253819
0.503941217106984,0.79672089253819
0.494947079008658,0.79672089253819
0.49700221039834,0.79672089253819
0.49260461160858,0.79672089253819
0.501775460255992,0.79672089253819
0.503581809342428,0.79672089253819
0.495100493009752,0.79672089253819
0.500845861037039,0.79672089253819
0.495441303327344,0.79672089253819
0.492126106891284,0.79672089253819
0.500696338059641,0.79672089253819
0.494931095183898,0.79672089253819
0.500258389138427,0.79672089253819
0.507468089883404,0.79672089253819
0.502261199633507,0.79672089253819
0.496152821703451,0.79672089253819
0.49937591008429,0.79672089253819
0.500640555176391,0.79672089253819
0.496665284268569,0.79672089253819
0.494047607985528,0.79672089253819
0.501763797661717,0.79672089253819
0.501481723298757,0.79672089253819
0.496145231218877,0.79672089253819
0.50078104849882,0.79672089253819
0.498303250252803,0.79672089253819
0.493396216169082,0.79672089253819
0.50880423357122,0.79672089253819
0.501463193426067,0.79672089253819
0.497392065886337,0.79672089253819
0.486986129214898,0.79672089253819
0.498701696887002,0.79672089253819
0.503183403312544,0.79672089253819
0.501242397889444,0.79672089253819
0.500200719865268,0.79672089253819
0.504177384518982,0.79672089253819
0.50458208560721,0.79672089253819
0.503677315401445,0.79672089253819
0.492026157025337,0.79672089253819
0.500773422007405,0.79672089253819
0.502724098112491,0.79672089253819
0.499083874999224,0.79672089253819
0.506039983181396,0.79672089253819
0.500651424278594,0.79672089253819
0.501801168120987,0.79672089253819
0.508130961993583,0.79672089253819
0.503552261700135,0.79672089253819
0.487008697968382,0.79672089253819
0.494916113631811,0.79672089253819
0.495726016266267,0.79672089253819
0.495670925486586,0.79672089253819
0.496557259167837,0.79672089253819
0.500354356613214,0.79672089253819
0.503130154306145,0.79672089253819
0.496368375395385,0.79672089253819
0.500799823473844,0.79672089253819
0.498949291975287,0.79672089253819
0.498855401619971,0.79672089253819
0.500529569594615,0.79672089253819
0.509187617401941,0.79672089253819
0.495743574523974,0.79672089253819
0.493626189793112,0.79672089253819
0.502017208907783,0.79672089253819
0.502630643484468,0.79672089253819
0.497288400924253,0.79672089253819
0.495314768865182,0.79672089253819
0.494086248381772,0.79672089253819
0.506310175912337,0.79672089253819
0.494582516792831,0.79672089253819
0.504809224349244,0.79672089253819
0.495718653254728,0.79672089253819
0.503246448818388,0.79672089253819
0.504892712495656,0.79672089253819
0.492837722768019,0.79672089253819
0.497365113493385,0.79672089253819
0.510591676877803,0.79672089253819
0.501393598159529,0.79672089253819
0.490991458122102,0.79672089253819
0.504376521111494,0.79672089253819
0.503432248232225,0.79672089253819
0.49874325742278,0.79672089253819
0.500829609676497,0.79672089253819
0.50207903829429,0.79672089253819
0.494200338132798,0.79672089253819
0.498329353446721,0.79672089253819
0.503692916028479,0.79672089253819
0.497765056184571,0.79672089253819
0.501037384805568,0.79672089253819
0.491351336634744,0.79672089253819
0.502846469090063,0.79672089253819
0.506953030485958,0.79672089253819
0.493878600900558,0.79672089253819
0.503916289128997,0.79672089253819
0.505380399085837,0.79672089253819
0.488621225716666,0.79672089253819
0.503964474981586,0.79672089253819
0.503398859517687,0.79672089253819
0.499180661900844,0.79672089253819
0.497092580841837,0.79672089253819
0.493399808851253,0.79672089253819
0.491035240442306,0.79672089253819
0.506134801157176,0.79672089253819
0.500945353593581,0.79672089253819
0.497225297936101,0.79672089253819
0.499823775255974,0.79672089253819
0.493645554205511,0.79672089253819
0.499993056766553,0.79672089253819
0.495822138780995,0.79672089253819
0.500962016258023,0.79672089253819
0.48640663147311,0.79672089253819
0.501452631456617,0.79672089253819
0.505029056767253,0.79672089253819
0.50641748719293,0.79672089253819
0.496874405771601,0.79672089253819
0.502571351901542,0.79672089253819
0.503264763364455,0.79672089253819
0.506152553374049,0.79672089253819
0.508341311792768,0.79672089253819
0.502412914812142,0.79672089253819
0.496868069237742,0.79672089253819
0.499930805654239,0.79672089253819
0.497912357932508,0.79672089253819
0.493629229051252,0.79672089253819
0.506686447761278,0.79672089253819
0.503746483172669,0.79672089253819
0.496028359562379,0.79672089253819
0.499236592313473,0.79672089253819
0.505276143111487,0.79672089253819
0.496394813417916,0.79672089253819
0.497716871271747,0.79672089253819
0.496054355245668,0.79672089253819
0.50274958150577,0.79672089253819
0.502390015377329,0.79672089253819
0.504311382380737,0.79672089253819
0.509771691431028,0.79672089253819
0.498204156767159,0.79672089253819
0.491982048559964,0.79672089253819
0.496062808177522,0.79672089253819
0.500157429773898,0.79672089253819
0.500492336012923,0.79672089253819
0.499996650953107,0.79672089253819
0.502407852341577,0.79672089253819
0.494962456751701,0.79672089253819
0.493591645554847,0.79672089253819
0.498279279715514,0.79672089253819
0.505349923627698,0.79672089253819
0.504993560637402,0.79672089253819
0.503846944746472,0.79672089253819
0.502061900914211,0.79672089253819
0.493664316662857,0.79672089253819
0.497339908898074,0.79672089253819
0.502874087000401,0.79672089253819
0.500257783179775,0.79672089253819
0.494660007376522,0.79672089253819
0.494676921799076,0.79672089253819
0.496195921346916,0.79672089253819
0.505983730267104,0.79672089253819
0.504874726398423,0.79672089253819
0.494999371040578,0.79672089253819
0.496991693510829,0.79672089253819
0.495355716697825,0.79672089253819
0.496170368363795,0.79672089253819
0.499740599224427,0.79672089253819
0.500821993933966,0.79672089253819
0.499792865211726,0.79672089253819
0.49769847724139,0.79672089253819
0.498483333082341,0.79672089253819
0.503987113626564,0.79672089253819
0.500707159359649,0.79672089253819
0.507761813639286,0.79672089253819
0.500553799450644,0.79672089253819
0.504711962086864,0.79672089253819
0.500542666504259,0.79672089253819
0.497914948742567,0.79672089253819
0.494301115333642,0.79672089253819
0.497991565358352,0.79672089253819
0.497943631984646,0.79672089253819
0.495876940578095,0.79672089253819
0.497292658669934,0.79672089253819
0.495915166407848,0.79672089253819
0.500531725833088,0.79672089253819
0.497723853569086,0.79672089253819
0.490070642432668,0.79672089253819
0.498331747893911,0.79672089253819
0.496856639683905,0.79672089253819
0.497008991825067,0.79672089253819
0.495501767816624,0.79672089253819
0.504577883472395,0.79672089253819
0.500358200796629,0.79672089253819
0.506055881647494,0.79672089253819
0.498329039152257,0.79672089253819
0.505221136754174,0.79672089253819
0.497713247316573,0.79672089253819
0.502924029425912,0.79672089253819
0.493154405816417,0.79672089253819
0.485782873702678,0.79672089253819
0.498386023078428,0.79672089253819
0.501152644288343,0.79672089253819
0.506131594178474,0.79672089253819
0.492046155169797,0.79672089253819
0.497125256926499,0.79672089253819
0.501777506356912,0.79672089253819
0.499748591969926,0.79672089253819
0.494830349791417,0.79672089253819
0.503667144472682,0.79672089253819
0.505146055054004,0.79672089253819
0.501128577186665,0.79672089253819
0.498868410686509,0.79672089253819
0.488098193879368,0.79672089253819
0.499811294922649,0.79672089253819
0.500200544189429,0.79672089253819
0.497542700218952,0.79672089253819
0.502160454925062,0.79672089253819
0.489942215603186,0.79672089253819
0.501018371614964,0.79672089253819
0.493092018848899,0.79672089253819
0.496019545069118,0.79672089253819
0.49256010267707,0.79672089253819
0.500987704012738,0.79672089253819
0.505651175307881,0.79672089253819
0.494760036095835,0.79672089253819
0.49893265416648,0.79672089253819
0.503038616840178,0.79672089253819
0.503437685824435,0.79672089253819
0.501559041353781,0.79672089253819
0.495532032468207,0.79672089253819
0.500069814311934,0.79672089253819
0.502199402445108,0.79672089253819
0.499926635202576,0.79672089253819
0.493169218771316,0.79672089253819
0.498941470936404,0.79672089253819
0.503374827701812,0.79672089253819
0.501317045109568,0.79672089253819
0.494480724806469,0.79672089253819
0.495930302200401,0.79672089253819
0.497250450952314,0.79672089253819
0.498663747168127,0.79672089253819
0.498477291199739,0.79672089253819
0.500369622349482,0.79672089253819
0.501190549907501,0.79672089253819
0.501337421629619,0.79672089253819
0.493954335426173,0.79672089253819
0.493959449318541,0.79672089253819
0.499588630046781,0.79672089253819
0.503926530477988,0.79672089253819
0.496297112103697,0.79672089253819
0.500542949992865,0.79672089253819
0.496988372028968,0.79672089253819
0.498124084188932,0.79672089253819
0.495190564633413,0.79672089253819
0.491664074075655,0.79672089253819
0.497568844297526,0.79672089253819
0.495682601300636,0.79672089253819
0.496086004244408,0.79672089253819
0.497331961136571,0.79672089253819
0.502858050252986,0.79672089253819
0.498269838238186,0.79672089253819
0.498609091636361,0.79672089253819
0.499939143318171,0.79672089253819
0.499639380276991,0.79672089253819
0.503752069667952,0.79672089253819
0.499777904075184,0.79672089253819
0.496369727831295,0.79672089253819
0.500236506043591,0.79672089253819
0.502681541713892,0.79672089253819
0.501783608415143,0.79672089253819
0.499841130305317,0.79672089253819
0.501094740561598,0.79672089253819
0.499820557942634,0.79672089253819
0.487735725179273,0.79672089253819
0.498881714544607,0.79672089253819
0.502584442738592,0.79672089253819
0.50005986528462,0.79672089253819
0.493654340914866,0.79672089253819
0.497218937649618,0.79672089253819
0.500520602446916,0.79672089253819
0.489799817840865,0.79672089253819
0.493410854802861,0.79672089253819
0.495282309541491,0.79672089253819
0.495862382639572,0.79672089253819
0.50663725052127,0.79672089253819
0.495615132184857,0.79672089253819
0.498625386771763,0.79672089253819
0.495036805070855,0.79672089253819
0.490368017500149,0.79672089253819
0.49512018321373,0.79672089253819
0.500794900964614,0.79672089253819
0.500629644583942,0.79672089253819
0.503269411612173,0.79672089253819
0.503177318968345,0.79672089253819
0.501807804153193,0.79672089253819
0.503166868799814,0.79672089253819
0.500558750669181,0.79672089253819
0.496557113049922,0.79672089253819
0.497972048398521,0.79672089253819
0.499456706526187,0.79672089253819
0.495824581784733,0.79672089253819
0.501374003072878,0.79672089253819
0.49852195420507,0.79672089253819
0.502789836324076,0.79672089253819
0.498468588855712,0.79672089253819
0.498511737011624,0.79672089253819
0.499273256113753,0.79672089253819
0.505850021872578,0.79672089253819
0.499177057829989,0.79672089253819
0.507575495301705,0.79672089253819
0.509247773947765,0.79672089253819
0.499830704366733,0.79672089253819
0.50498340542158,0.79672089253819
0.492840109889296,0.79672089253819
0.504122100471481,0.79672089253819
0.500893480276148,0.79672089253819
0.495531004300017,0.79672089253819
0.499120269512373,0.79672089253819
0.491838951218636,0.79672089253819
0.500362141586333,0.79672089253819
0.506137258582168,0.79672089253819
0.497566805175495,0.79672089253819
0.494561072427818,0.79672089253819
0.502338652748415,0.79672089253819
0.500392301500999,0.79672089253819
0.503120199783593,0.79672089253819
0.496654846132831,0.79672089253819
0.494365022623524,0.79672089253819
0.496308599202221,0.79672089253819
0.495420745974373,0.79672089253819
0.499843131635303,0.79672089253819
0.499152196948151,0.79672089253819
0.50701856091188,0.79672089253819
0.501136438989597,0.79672089253819
0.502244177228427,0.79672089253819
0.501776775590083,0.79672089253819
0.492039163172609,0.79672089253819
0.486230552506666,0.79672089253819
0.494132262916757,0.79672089253819
0.495538495994643,0.79672089253819
0.495274638449507,0.79672089253819
0.494688989048758,0.79672089253819
0.496422445793869,0.79672089253819
0.490003745856033,0.79672089253819
0.50034221670162,0.79672089253819
0.49382191618087,0.79672089253819
0.500679427506835,0.79672089253819
0.495076306873422,0.79672089253819
0.497522115642417,0.79672089253819
0.495399781149321,0.79672089253819
0.503173322739645,0.79672089253819
0.503541146015113,0.79672089253819
0.495837735645877,0.79672089253819
0.49853449101512,0.79672089253819
0.498133799363882,0.79672089253819
0.504243739184741,0.79672089253819
0.497394388477915,0.79672089253819
0.491596041057583,0.79672089253819
0.505987591759273,0.79672089253819
0.503988363628476,0.79672089253819
0.489150651414174,0.79672089253819
0.505796638068397,0.79672089253819
0.507599463774418,0.79672089253819
0.497958354886072,0.79672089253819
0.495536164664837,0.79672089253819
0.502625966189434,0.79672089253819
0.496991580080157,0.79672089253819
0.495684015707865,0.79672089253819
0.506710622989273,0.79672089253819
0.494741500909665,0.79672089253819
0.496053000192488,0.79672089253819
0.498036900153704,0.79672089253819
0.502127064403161,0.79672089253819
0.500808415900471,0.79672089253819
0.500260579242539,0.79672089253819
0.505728523647263,0.79672089253819
0.498651737326434,0.79672089253819
0.489483833618699,0.79672089253819
0.491359905301434,0.79672089253819
0.50469520497599,0.79672089253819
0.505812848073847,0.79672089253819
0.496391197957412,0.79672089253819
0.497002668034199,0.79672089253819
0.500384114583261,0.79672089253819
0.497772236104017,0.79672089253819
0.49556330145681,0.79672089253819
0.48952451660906,0.79672089253819
0.503119953984744,0.79672089253819
0.502540132243877,0.79672089253819
0.499909542843069,0.79672089253819
0.490027060010506,0.79672089253819
0.497547870603618,0.79672089253819
0.499023058851403,0.79672089253819
0.501231426713496,0.79672089253819
0.496016032031867,0.79672089253819
0.499268522667553,0.79672089253819
0.492200223679538,0.79672089253819
0.501394682422135,0.79672089253819
0.497596764774386,0.79672089253819
0.491483149396267,0.79672089253819
0.500675026743549,0.79672089253819
0.495055380660193,0.79672089253819
0.504056084223679,0.79672089253819
0.501646182947815,0.79672089253819
0.50235379075222,0.79672089253819
0.498680022566474,0.79672089253819
0.503152436421464,0.79672089253819
0.49982513523294,0.79672089253819
0.492479760973684,0.79672089253819
0.50002019147569,0.79672089253819
0.503835312781147,0.79672089253819
0.497058456679031,0.79672089253819
0.494086839316916,0.79672089253819
0.492859666837568,0.79672089253819
0.494716606450957,0.79672089253819
0.499856426017778,0.79672089253819
0.505026897539203,0.79672089253819
0.501404240070941,0.79672089253819
0.493817532469181,0.79672089253819
0.505410999251276,0.79672089253819
0.495225888652427,0.79672089253819
0.502532926198271,0.79672089253819
0.491874720011836,0.79672089253819
0.506556216302218,0.79672089253819
0.502960626389394,0.79672089253819
0.496353298733498,0.79672089253819
0.501573870186702,0.79672089253819
0.493002561161,0.79672089253819
0.496655200591795,0.79672089253819
0.496695558074859,0.79672089253819
0.501328305433015,0.79672089253819
0.499283736845167,0.79672089253819
0.501075062295564,0.79672089253819
0.498023546030825,0.79672089253819
0.49785240486586,0.79672089253819
0.498970838062071,0.79672089253819
0.495349092536999,0.79672089253819
0.504753831687018,0.79672089253819
0.500309415730741,0.79672089253819
0.501180904582339,0.79672089253819
0.492335359996534,0.79672089253819
0.500012317854412,0.79672089253819
0.494731751406848,0.79672089253819
0.505474297664908,0.79672089253819
0.495752304705796,0.79672089253819
0.50172725607978,0.79672089253819
0.502758441536696,0.79672089253819
0.499203568941594,0.79672089253819
0.491837090475529,0.79672089253819
0.496472188697256,0.79672089253819
0.502229753572201,0.79672089253819
0.492909855939775,0.79672089253819
0.494737429501902,0.79672089253819
0.509282689961772,0.79672089253819
0.497485228657156,0.79672089253819
0.492057765310966,0.79672089253819
0.501028627360699,0.79672089253819
0.49933575945158,0.79672089253819
0.500996594001362,0.79672089253819
0.503599519533151,0.79672089253819
0.495112988817438,0.79672089253819
0.506521710794861,0.79672089253819
0.493204176906489,0.79672089253819
0.501388431992074,0.79672089253819
0.499615100558583,0.79672089253819
0.493293889284788,0.79672089253819
0.494414608784217,0.79672089253819
0.500676293371353,0.79672089253819
0.498879136668713,0.79672089253819
0.490362230845127,0.79672089253819
0.507017466015633,0.79672089253819
0.502641539219545,0.79672089253819
0.495481017382747,0.79672089253819
0.499387147992761,0.79672089253819
0.496521165212263,0.79672089253819
0.496212512416844,0.79672089253819
0.49566884261966,0.79672089253819
0.501073078584773,0.79672089253819
0.498911398090194,0.79672089253819
0.504267620980671,0.79672089253819
0.496582665542052,0.79672089253819
0.497081336666069,0.79672089253819
0.500717047971124,0.79672089253819
0.501106241414355,0.79672089253819
0.495442558293023,0.79672089253819
0.4885258346371,0.79672089253819
0.50119532963064,0.79672089253819
0.499707017811742,0.79672089253819
0.500493695596402,0.79672089253819
0.493843728384269,0.79672089253819
0.499038062109896,0.79672089253819
0.495063094311928,0.79672089253819
0.490177339216169,0.79672089253819
0.491663377604662,0.79672089253819
0.497868624414039,0.79672089253819
0.498670700886761,0.79672089253819
0.501415748188931,0.79672089253819
0.498432523757108,0.79672089253819
0.501247987641266,0.79672089253819
0.49442733672734,0.79672089253819
0.500197338433159,0.79672089253819
0.498075340234349,0.79672089253819
0.496986622017499,0.79672089253819
0.499968665055349,0.79672089253819
0.503672842922376,0.79672089253819
0.500450898690199,0.79672089253819
0.49265452511188,0.79672089253819
0.5048295352549,0.79672089253819
0.498580875573309,0.79672089253819
0.499878589204684,0.79672089253819
0.503516075640983,0.79672089253819
0.500834562440097,0.79672089253819
0.497903040271675,0.79672089253819
0.494170708444831,0.79672089253819
0.499178998636878,0.79672089253819
0.497153095012631,0.79672089253819
0.493354822115479,0.79672089253819
0.502585829676999,0.79672089253819
0.49291781824952,0.79672089253819
0.4969216086669,0.79672089253819
0.497009581435477,0.79672089253819
0.49740165090285,0.79672089253819
0.493621102362089,0.79672089253819
0.506534217663676,0.79672089253819
0.496283945368215,0.79672089253819
0.502310684973034,0.79672089253819
0.49479847862958,0.79672089253819
0.499839272938011,0.79672089253819
0.500553547795163,0.79672089253819
0.505163457131075,0.79672089253819
0.499231549858231,0.79672089253819
0.505288851034911,0.79672089253819
0.492919121284654,0.79672089253819
0.505596661371063,0.79672089253819
0.507751072627644,0.79672089253819
0.491861738053817,0.79672089253819
0.492011443678933,0.79672089253819
0.501760753842668,0.79672089253819
0.494268467668695,0.79672089253819
0.491914402348856,0.79672089253819
0.502451062437451,0.79672089253819
0.502247384323608,0.79672089253819
0.506721008911843,0.79672089253819
0.502692154060486,0.79672089253819
0.500440178154595,0.79672089253819
0.49287544003823,0.79672089253819
0.496936852957511,0.79672089253819
0.497327916087261,0.79672089253819
0.497146615541552,0.79672089253819
0.499353697704353,0.79672089253819
0.502701496192162,0.79672089253819
0.505438592609027,0.79672089253819
0.508352838548601,0.79672089253819
0.511710426432356,0.79672089253819
0.508519369473382,0.79672089253819
0.494322404082515,0.79672089253819
0.499741058856306,0.79672089253819
0.502125566324983,0.79672089253819
0.504911249837783,0.79672089253819
0.491364710636708,0.79672089253819
0.502327345728337,0.79672089253819
0.490882042712998,0.79672089253819
0.505225350536052,0.79672089253819
0.500100256522513,0.79672089253819
0.495804465861056,0.79672089253819
0.494893554135259,0.79672089253819
0.491128877005945,0.79672089253819
0.502614711351257,0.79672089253819
0.499767609910762,0.79672089253819
0.498413790209497,0.79672089253819
0.498372527705521,0.79672089253819
0.506321195990088,0.79672089253819
0.499480666437614,0.79672089253819
0.503854456359716,0.79672089253819
0.493465420155545,0.79672089253819
0.496077303972083,0.79672089253819
0.497856700827198,0.79672089253819
0.497682791322836,0.79672089253819
0.493034495206293,0.79672089253819
0.509203361773847,0.79672089253819
0.491736217596007,0.79672089253819
0.494418687853009,0.79672089253819
0.507845502799885,0.79672089253819
0.498435807843437,0.79672089253819
0.504869893934605,0.79672089253819
0.499684104521497,0.79672089253819
0.503294496245042,0.79672089253819
0.495751142503093,0.79672089253819
0.495885249145299,0.79672089253819
0.494403184520899,0.79672089253819
0.507808660542128,0.79672089253819
0.496384544876468,0.79672089253819
0.500017525707104,0.79672089253819
0.502832096912432,0.79672089253819
0.505484304452147,0.79672089253819
0.503691922127855,0.79672089253819
0.50702593686852,0.79672089253819
0.498605882679191,0.79672089253819
0.506639257522427,0.79672089253819
0.497753079625978,0.79672089253819
0.499051882362558,0.79672089253819
0.486412797286449,0.79672089253819
0.495700523928322,0.79672089253819
0.49046238127231,0.79672089253819
0.494162627862137,0.79672089253819
0.501358758346593,0.79672089253819
0.493173622454652,0.79672089253819
0.495303108687397,0.79672089253819
0.495889160044795,0.79672089253819
0.489854015760326,0.79672089253819
0.502896874735373,0.79672089253819
0.496844064454552,0.79672089253819
0.493807663168798,0.79672089253819
0.498198546724564,0.79672089253819
0.495575603560691,0.79672089253819
0.494662487975231,0.79672089253819
0.49092101056234,0.79672089253819
0.499774989933077,0.79672089253819
0.497867141651688,0.79672089253819
0.502281531955411,0.79672089253819
0.504852822785746,0.79672089253819
0.498073735174768,0.79672089253819
0.494355381605654,0.79672089253819
0.498545920877846,0.79672089253819
0.501634297804829,0.79672089253819
0.499052187040272,0.79672089253819
0.511706479857689,0.79672089253819
0.495128443303623,0.79672089253819
0.510103166226383,0.79672089253819
0.5044403361189,0.79672089253819
0.497868343970227,0.79672089253819
0.498207328215116,0.79672089253819
0.500497935830611,0.79672089253819
0.495191784295504,0.79672089253819
0.499253891161623,0.79672089253819
0.496898650164692,0.79672089253819
0.499840450221042,0.79672089253819
0.502695827003469,0.79672089253819
0.497603608423378,0.79672089253819
0.50485575189678,0.79672089253819
0.491391376557457,0.79672089253819
0.501044890487307,0.79672089253819
0.504160241478725,0.79672089253819
0.4970543728541,0.79672089253819
0.501440884061917,0.79672089253819
0.498865586002738,0.79672089253819
0.498528570914487,0.79672089253819
0.498863455282951,0.79672089253819
0.502035156356778,0.79672089253819
0.503543285985726,0.79672089253819
0.492582742592098,0.79672089253819
0.493341939657015,0.79672089253819
0.495737378051444,0.79672089253819
0.496147847562214,0.79672089253819
0.497497531314672,0.79672089253819
0.501198626605802,0.79672089253819
0.497427880937372,0.79672089253819
0.496577027672715,0.79672089253819
0.501571620837212,0.79672089253819
0.504823257854854,0.79672089253819
0.495783396029719,0.79672089253819
0.495518171061208,0.79672089253819
0.495268840439404,0.79672089253819
0.499434174556236,0.79672089253819
0.500819206855651,0.79672089253819
0.498678651718984,0.79672089253819
0.50433990104851,0.79672089253819
0.497128319162173,0.79672089253819
0.498328327897946,0.79672089253819
0.502075604958069,0.79672089253819
0.503876762509085,0.79672089253819
0.508876371990401,0.79672089253819
0.500709537248023,0.79672089253819
0.497570334097282,0.79672089253819
0.507162229395083,0.79672089253819
0.501715569443892,0.79672089253819
0.502243097435171,0.79672089253819
0.501135345867729,0.79672089253819
0.497574102055059,0.79672089253819
0.495125745805643,0.79672089253819
0.493350613996409,0.79672089253819
0.494482583376788,0.79672089253819
0.497263607875144,0.79672089253819
0.5099936996812,0.79672089253819
0.500069607386426,0.79672089253819
0.499986745015318,0.79672089253819
0.499440703336759,0.79672089253819
0.503946236464476,0.79672089253819
0.495817325295301,0.79672089253819
0.500278639160419,0.79672089253819
0.49243212875183,0.79672089253819
0.499922876348386,0.79672089253819
0.495995502089808,0.79672089253819
0.497482668181329,0.79672089253819
0.498534138254437,0.79672089253819
0.49720696770877,0.79672089253819
0.502995941963866,0.79672089253819
0.499237447828092,0.79672089253819
0.493731201563042,0.79672089253819
0.504605605320542,0.79672089253819
0.509822761127612,0.79672089253819
0.49403922776875,0.79672089253819
0.497603492949059,0.79672089253819
0.500112410486024,0.79672089253819
0.500515474680527,0.79672089253819
0.498585385936959,0.79672089253819
0.497162034741681,0.79672089253819
0.493508356484388,0.79672089253819
0.50466783021984,0.79672089253819
0.502359682276991,0.79672089253819
0.50212180890026,0.79672089253819
0.491287176847691,0.79672089253819
0.502776479233221,0.79672089253819
0.494913695798212,0.79672089253819
0.506861999735748,0.79672089253819
0.498961723275603,0.79672089253819
0.496632920058596,0.79672089253819
0.493550740028072,0.79672089253819
0.491230874370301,0.79672089253819
0.489182095786273,0.79672089253819
0.492068029230729,0.79672089253819
0.50585359237604,0.79672089253819
0.499321387474714,0.79672089253819
0.505752736630496,0.79672089253819
0.505582013702123,0.79672089253819
0.49735334390833,0.79672089253819
0.492853219554894,0.79672089253819
0.499147453069068,0.79672089253819
0.49815239403684,0.79672089253819
0.498743939011727,0.79672089253819
0.487279593560762,0.79672089253819
0.492677438262916,0.79672089253819
0.494499194646502,0.79672089253819
0.502460877871591,0.79672089253819
0.506729169110839,0.79672089253819
0.49524495350698,0.79672089253819
0.495402543547928,0.79672089253819
0.50051468830177,0.79672089253819
0.500953506839052,0.79672089253819
0.498025684101303,0.79672089253819
0.498366785507109,0.79672089253819
0.492329368070097,0.79672089253819
0.501483186864405,0.79672089253819
0.499537965347443,0.79672089253819
0.502890786451663,0.79672089253819
0.497338820811037,0.79672089253819
0.49357982724113,0.79672089253819
0.505306076540335,0.79672089253819
0.49518580120753,0.79672089253819
0.499180961767648,0.79672089253819
0.499311185606297,0.79672089253819
0.495800687195779,0.79672089253819
0.499365223397989,0.79672089253819
0.506274592200347,0.79672089253819
0.503266873138551,0.79672089253819
0.502435194300075,0.79672089253819
0.501313262854917,0.79672089253819
0.505993324603719,0.79672089253819
0.499350582037736,0.79672089253819
0.497282932903987,0.79672089253819
0.502157149932615,0.79672089253819
0.506672762532437,0.79672089253819
0.502210047516013,0.79672089253819
0.494466181570239,0.79672089253819
0.490339862348842,0.79672089253819
0.497577938518848,0.79672089253819
0.498028666477517,0.79672089253819
0.500931589395662,0.79672089253819
0.505186046772205,0.79672089253819
0.494960115637962,0.79672089253819
0.500240924444509,0.79672089253819
0.498063319296596,0.79672089253819
0.494470486208678,0.79672089253819
0.504849243907591,0.79672089253819
0.5037751035045,0.79672089253819
0.501823856894608,0.79672089253819
0.492860605925444,0.79672089253819
0.49989287335885,0.79672089253819
0.498574308545485,0.79672089253819
0.502904661877492,0.79672089253819
0.501276726350991,0.79672089253819
0.488480303001079,0.79672089253819
0.503230964426807,0.79672089253819
0.494320603545851,0.79672089253819
0.497431763170939,0.79672089253819
0.498246675922514,0.79672089253819
0.500665976019062,0.79672089253819
0.494055579437397,0.79672089253819
0.504120388893084,0.79672089253819
0.496475010000184,0.79672089253819
0.504299953807927,0.79672089253819
0.486731772584191,0.79672089253819
0.492753349348186,0.79672089253819
0.49705973406373,0.79672089253819
0.5001921600936,0.79672089253819
0.505815735815798,0.79672089253819
0.496122861490485,0.79672089253819
0.497398605262316,0.79672089253819
0.49439573905249,0.79672089253819
0.501487096970852,0.79672089253819
0.500776866901207,0.79672089253819
0.507504540511023,0.79672089253819
0.505843662428538,0.79672089253819
0.500770760166714,0.79672089253819
0.496570355230839,0.79672089253819
0.49284274391515,0.79672089253819
0.501562610716391,0.79672089253819
0.500590765764162,0.79672089253819
0.493738460281788,0.79672089253819
0.504745568340117,0.79672089253819
0.499270621899363,0.79672089253819
0.496428275243228,0.79672089253819
0.49415392569054,0.79672089253819
0.505834855539989,0.79672089253819
0.494207108025352,0.79672089253819
0.501826878950076,0.79672089253819
0.503314173810748,0.79672089253819
0.496979964823499,0.79672089253819
0.495884811881195,0.79672089253819
0.498261692889972,0.79672089253819
0.49810114211168,0.79672089253819
0.505398061276437,0.79672089253819
0.499938393354272,0.79672089253819
0.501819541702481,0.79672089253819
0.499910500194752,0.79672089253819
0.498369956214989,0.79672089253819
0.497930992784449,0.79672089253819
0.491327305569144,0.79672089253819
0.502612442112731,0.79672089253819
0.501561646615957,0.79672089253819
0.500296780758506,0.79672089253819
0.496826067936218,0.79672089253819
0.496767368827548,0.79672089253819
0.496973980193961,0.79672089253819
0.502289217734329,0.79672089253819
0.497760396917486,0.79672089253819
0.497904894983555,0.79672089253819
0.490333453902174,0.79672089253819
0.498263557755613,0.79672089253819
0.501086096409092,0.79672089253819
0.503349020428515,0.79672089253819
0.497928161862852,0.79672089253819
0.496812384486267,0.79672089253819
0.503484124379565,0.79672089253819
0.493083812071563,0.79672089253819
0.498148195782437,0.79672089253819
0.502392488007922,0.79672089253819
0.498761117698259,0.79672089253819
0.497166712803232,0.79672089253819
0.499240288395749,0.79672089253819
0.495421286453838,0.79672089253819
0.505861391843241,0.79672089253819
0.502653593895353,0.79672089253819
0.498092705395128,0.79672089253819
0.490367510002094,0.79672089253819
0.505107503616932,0.79672089253819
0.500047674591907,0.79672089253819
0.493745414226147,0.79672089253819
0.497143539423934,0.79672089253819
0.49477489063709,0.79672089253819
0.497268966864818,0.79672089253819
0.4968972843994,0.79672089253819
0.504969683780317,0.79672089253819
0.502999116340122,0.79672089253819
0.499325779455072,0.79672089253819
0.503707778402262,0.79672089253819
0.496531365493202,0.79672089253819
0.496361070720088,0.79672089253819
0.494290152281484,0.79672089253819
0.494441211346121,0.79672089253819
0.499820771131583,0.79672089253819
0.498194705028925,0.79672089253819
0.497555354272323,0.79672089253819
0.499007656877028,0.79672089253819
0.498594482991991,0.79672089253819
0.49098066671195,0.79672089253819
0.491954163249811,0.79672089253819
0.50339922060718,0.79672089253819
0.504223045091796,0.79672089253819
0.50109482940847,0.79672089253819
0.497604571747906,0.79672089253819
0.502326511423402,0.79672089253819
0.505958602503813,0.79672089253819
0.500373591485642,0.79672089253819
0.491786167377939,0.79672089253819
0.503149757226865,0.79672089253819
0.497552592041475,0.79672089253819
0.499305031465035,0.79672089253819
0.498154714378425,0.79672089253819
0.500601839564705,0.79672089253819
0.498456142922702,0.79672089253819
0.502443717173767,0.79672089253819
0.497319387668613,0.79672089253819
0.498625225852333,0.79672089253819
0.511635021138504,0.79672089253819
0.496904600015749,0.79672089253819
0.490897433786824,0.79672089253819
0.502739837012931,0.79672089253819
0.487902015967072,0.79672089253819
0.494926284124227,0.79672089253819
0.504593601068481,0.79672089253819
0.497397553614639,0.79672089253819
0.499569102759735,0.79672089253819
0.500828267510798,0.79672089253819
0.498180535493044,0.79672089253819
0.500314263707351,0.79672089253819
0.510556837927613,0.79672089253819
0.488284386300492,0.79672089253819
0.491027584027218,0.79672089253819
0.493608453341805,0.79672089253819
0.503866792538384,0.79672089253819
0.495865026701683,0.79672089253819
0.496439876582959,0.79672089253819
0.497025682375831,0.79672089253819
0.497880459568186,0.79672089253819
0.496100254811521,0.79672089253819
0.500540930360648,0.79672089253819
0.500693622420781,0.79672089253819
0.499207140092826,0.79672089253819
0.499650963720184,0.79672089253819
0.498666880984829,0.79672089253819
0.4989981285211,0.79672089253819
0.501878952921239,0.79672089253819
0.500897372750194,0.79672089253819
0.49776884094418,0.79672089253819
0.489912097087888,0.79672089253819
0.499622264119133,0.79672089253819
0.507898765871235,0.79672089253819
0.503199613653315,0.79672089253819
0.491974184426191,0.79672089253819
0.504575234944852,0.79672089253819
0.501122722143017,0.79672089253819
0.49163155923231,0.79672089253819
0.498728119434869,0.79672089253819
0.503120012842655,0.79672089253819
0.498473079336752,0.79672089253819
0.492054757800647,0.79672089253819
0.503280060093741,0.79672089253819
0.501082037366879,0.79672089253819
0.504647399249908,0.79672089253819
0.492298640872447,0.79672089253819
0.493483658705257,0.79672089253819
0.488723798202091,0.79672089253819
0.502038933873663,0.79672089253819
0.501484530775898,0.79672089253819
0.499963204850697,0.79672089253819
0.507311379877866,0.79672089253819
0.495242609063037,0.79672089253819
0.497709134529619,0.79672089253819
0.497010487872967,0.79672089253819
0.500737414208349,0.79672089253819
0.503345760181366,0.79672089253819
0.503839883431767,0.79672089253819
0.510778998570242,0.79672089253819
0.501387811876056,0.79672089253819
0.493880573489419,0.79672089253819
0.501960175130579,0.79672089253819
0.498742540371861,0.79672089253819
0.498862952607394,0.79672089253819
0.497175960251445,0.79672089253819
0.495196234729259,0.79672089253819
0.497762621341816,0.79672089253819
0.496121646368313,0.79672089253819
0.507961933404225,0.79672089253819
0.497719252638244,0.79672089253819
0.498908313248738,0.79672089253819
0.496261298965558,0.79672089253819
0.499164126406365,0.79672089253819
0.50235325352761,0.79672089253819
0.50442354875128,0.79672089253819
0.500848047758221,0.79672089253819
0.504849466506709,0.79672089253819
0.49956175423656,0.79672089253819
0.503057711240158,0.79672089253819
0.493654852042826,0.79672089253819
0.498657846556984,0.79672089253819
0.509132766346089,0.79672089253819
0.491686829002496,0.79672089253819
0.494378372371525,0.79672089253819
0.499286140637623,0.79672089253819
0.484944001202263,0.79672089253819
0.504976919422923,0.79672089253819
0.497686426950998,0.79672089253819
0.499371309001619,0.79672089253819
0.503707145081198,0.79672089253819
0.497505386111662,0.79672089253819
0.496769658353452,0.79672089253819
0.505658356392619,0.79672089253819
0.501045976024808,0.79672089253819
0.494250817070977,0.79672089253819
0.507471753690108,0.79672089253819
0.501492230671021,0.79672089253819
0.500479290347959,0.79672089253819
0.506396090284029,0.79672089253819
0.50146191636947,0.79672089253819
0.495054727472599,0.79672089253819
0.49735256659748,0.79672089253819
0.500069411325737,0.79672089253819
0.500994287939827,0.79672089253819
0.501818903737265,0.79672089253819
0.493837233879135,0.79672089253819
0.50005353248941,0.79672089253819
0.503328660209104,0.79672089253819
0.502133911488419,0.79672089253819
0.500226488511257,0.79672089253819
0.497639054540801,0.79672089253819
0.499483754866731,0.79672089253819
0.499324926073687,0.79672089253819
0.497411606438565,0.79672089253819
0.493551182857133,0.79672089253819
0.499339828197425,0.79672089253819
0.505519937005697,0.79672089253819
0.500063486473769,0.79672089253819
0.498699883904045,0.79672089253819
0.493715596944802,0.79672089253819
0.487973282013241,0.79672089253819
0.496343429202738,0.79672089253819
0.498485676372935,0.79672089253819
0.500540857295212,0.79672089253819
0.49847865281936,0.79672089253819
0.499684087958914,0.79672089253819
0.493864266660039,0.79672089253819
0.491381325389865,0.79672089253819
0.496159158407352,0.79672089253819
0.498690229940677,0.79672089253819
0.497582340583229,0.79672089253819
0.502323110441499,0.79672089253819
0.496817616939915,0.79672089253819
0.490922603125859,0.79672089253819
0.501534390171981,0.79672089253819
0.494261249714486,0.79672089253819
0.503924508871894,0.79672089253819
0.499714242079605,0.79672089253819
0.498765910395887,0.79672089253819
0.491635216758292,0.79672089253819
0.500896914746416,0.79672089253819
0.492949739300047,0.79672089253819
0.503308036245854,0.79672089253819
0.506223570399604,0.79672089253819
0.494375941071838,0.79672089253819
0.505037358073508,0.79672089253819
0.497658638260554,0.79672089253819
0.496708853514382,0.79672089253819
0.49177425659348,0.79672089253819
0.497782061559251,0.79672089253819
0.494473281841617,0.79672089253819
0.497503961230456,0.79672089253819
0.49943678096106,0.79672089253819
0.504893823064845,0.79672089253819
0.509705122387113,0.79672089253819
0.494149948618498,0.79672089253819
0.498529286162556,0.79672089253819
0.50511982736177,0.79672089253819
0.486895668478165,0.79672089253819
0.49193423357513,0.79672089253819
0.493413888256011,0.79672089253819
0.49760116865612,0.79672089253819
0.496056361619198,0.79672089253819
0.493382574399786,0.79672089253819
0.496082582544413,0.79672089253819
0.501030327179623,0.79672089253819
0.50052100562356,0.79672089253819
0.498251622737178,0.79672089253819
0.493190986631731,0.79672089253819
0.499064786552168,0.79672089253819
0.50145657534361,0.79672089253819
0.491971800788761,0.79672089253819
0.500937689720871,0.79672089253819
0.497571399707247,0.79672089253819
0.499220255013609,0.79672089253819
0.504684733066196,0.79672089253819
0.500090062139192,0.79672089253819
0.505443034210482,0.79672089253819
0.495815061238222,0.79672089253819
0.502099377108372,0.79672089253819
0.504133100873127,0.79672089253819
0.497553418793202,0.79672089253819
0.497478242498467,0.79672089253819
0.502390664723822,0.79672089253819
0.502890830021852,0.79672089253819
0.504318013504311,0.79672089253819
0.506642768072586,0.79672089253819
0.507942347235888,0.79672089253819
0.496839824826317,0.79672089253819
0.505119154417385,0.79672089253819
0.499747214137104,0.79672089253819
0.504683373394474,0.79672089253819
0.488392516017199,0.79672089253819
0.496821491388389,0.79672089253819
0.503877263744362,0.79672089253819
0.497005743654659,0.79672089253819
0.506173225504765,0.79672089253819
0.501483788732056,0.79672089253819
0.49983838367531,0.79672089253819
0.491028840963606,0.79672089253819
0.501883598758904,0.79672089253819
0.502233089836157,0.79672089253819
0.497036864900728,0.79672089253819
0.504191698891991,0.79672089253819
0.502920781114864,0.79672089253819
0.49749472690788,0.79672089253819
0.496638029116666,0.79672089253819
0.499584978606816,0.79672089253819
0.50419198907789,0.79672089253819
0.502199211782068,0.79672089253819
0.503368035000348,0.79672089253819
0.496147233030486,0.79672089253819
0.490215359560154,0.79672089253819
0.50237143258035,0.79672089253819
0.494710493295594,0.79672089253819
0.493656080151245,0.79672089253819
0.498712443831949,0.79672089253819
0.506316072662687,0.79672089253819
0.496389473557637,0.79672089253819
0.501958925761207,0.79672089253819
0.489226550247845,0.79672089253819
0.502117848776512,0.79672089253819
0.493081545891138,0.79672089253819
0.502083375253162,0.79672089253819
0.504764102625555,0.79672089253819
0.49154097196256,0.79672089253819
0.502078352098997,0.79672089253819
0.498862728205903,0.79672089253819
0.502109213192017,0.79672089253819
0.501742581761916,0.79672089253819
0.500522253332723,0.79672089253819
0.500798704850069,0.79672089253819
0.496128823878889,0.79672089253819
0.509334609020174,0.79672089253819
0.494833042951286,0.79672089253819
0.504145738642753,0.79672089253819
0.498029196658363,0.79672089253819
0.499687627890678,0.79672089253819
0.500135729101269,0.79672089253819
0.5003928777117,0.79672089253819
0.503154643119078,0.79672089253819
0.502465397093391,0.79672089253819
0.493370298216464,0.79672089253819
0.507080874781849,0.79672089253819
0.508316381213375,0.79672089253819
0.498388411743292,0.79672089253819
0.497408994555292,0.79672089253819
0.498610955319776,0.79672089253819
0.492175867592385,0.79672089253819
0.494012487895728,0.79672089253819
0.494695816187641,0.79672089253819
0.494789160272647,0.79672089253819
0.510781468482482,0.79672089253819
0.495753287899974,0.79672089253819
0.49557776308594,0.79672089253819
0.499216184837194,0.79672089253819
0.504531782000444,0.79672089253819
0.496875458437392,0.79672089253819
0.499745131026802,0.79672089253819
0.500497028722613,0.79672089253819
0.498340015055526,0.79672089253819
0.503293582475782,0.79672089253819
0.497028557264127,0.79672089253819
0.508626461890744,0.79672089253819
0.499046660700365,0.79672089253819
0.501449453992812,0.79672089253819
0.500381045401527,0.79672089253819
0.501692085106847,0.79672089253819
0.499294614716918,0.79672089253819
0.496414298950258,0.79672089253819
0.496542812871022,0.79672089253819
0.499763514305352,0.79672089253819
0.499442390091093,0.79672089253819
0.496939808128094,0.79672089253819
0.503057656531018,0.79672089253819
0.49406782917577,0.79672089253819
0.504199264844728,0.79672089253819
0.492615973846668,0.79672089253819
0.505301736649773,0.79672089253819
0.502902710411049,0.79672089253819
0.502565446770549,0.79672089253819
0.503839003253362,0.79672089253819
0.493622597321124,0.79672089253819
0.50684648311492,0.79672089253819
0.497400362910414,0.79672089253819
0.49545823271499,0.79672089253819
0.498682520579482,0.79672089253819
0.501436957068398,0.79672089253819
0.499203987845142,0.79672089253819
0.509964937024475,0.79672089253819
0.502228529391386,0.79672089253819
0.506668100419908,0.79672089253819
0.49733479289148,0.79672089253819
0.500754644945458,0.79672089253819
0.495408608921622,0.79672089253819
0.505102386707691,0.79672089253819
0.496173175539432,0.79672089253819
0.502264327125186,0.79672089253819
0.491148002658072,0.79672089253819
0.502499933377175,0.79672089253819
0.495991559580942,0.79672089253819
0.503583331672419,0.79672089253819
0.497607327874179,0.79672089253819
0.502731068808678,0.79672089253819
0.506248035277705,0.79672089253819
0.501050147716242,0.79672089253819
0.500755628165372,0.79672089253819
0.504651572167095,0.79672089253819
0.503029838719134,0.79672089253819
0.503466927870874,0.79672089253819
0.49633679654622,0.79672089253819
0.502917018519944,0.79672089253819
0.498292477605034,0.79672089253819
0.501303670058547,0.79672089253819
0.496273941384292,0.79672089253819
0.499667757663253,0.79672089253819
0.499644495174617,0.79672089253819
0.506585756452293,0.79672089253819
0.502433557997146,0.79672089253819
0.492893652848138,0.79672089253819
0.495594389686383,0.79672089253819
0.492659568002378,0.79672089253819
0.510947585789456,0.79672089253819
0.502226244295818,0.79672089253819
0.496357180891775,0.79672089253819
0.499369105715578,0.79672089253819
0.499688986414936,0.79672089253819
0.494717539332584,0.79672089253819
0.497811966851114,0.79672089253819
0.496253240806607,0.79672089253819
0.502623795242608,0.79672089253819
0.497567133030086,0.79672089253819
0.501551532685026,0.79672089253819
0.500506257756101,0.79672089253819
0.499783201941059,0.79672089253819
0.495895144248348,0.79672089253819
0.500257913910139,0.79672089253819
0.497839940442073,0.79672089253819
0.497482277543253,0.79672089253819
0.495780572084885,0.79672089253819
0.497764313687076,0.79672089253819
0.497406561401968,0.79672089253819
0.504125064659488,0.79672089253819
0.493089146188957,0.79672089253819
0.501015248851091,0.79672089253819
0.502028024402462,0.79672089253819
0.50294511041704,0.79672089253819
0.499787518442616,0.79672089253819
0.505926007629128,0.79672089253819
0.495778183299516,0.79672089253819
0.491161344363198,0.79672089253819
0.495048541080268,0.79672089253819
0.502325985184721,0.79672089253819
0.497979435474859,0.79672089253819
0.495346510702089,0.79672089253819
0.504498826616821,0.79672089253819
0.490543933228466,0.79672089253819
0.50279626147761,0.79672089253819
0.50149080420498,0.79672089253819
0.491250023362655,0.79672089253819
0.502262662696456,0.79672089253819
0.502760334564139,0.79672089253819
0.493104107840049,0.79672089253819
0.501283021094986,0.79672089253819
0.501388659904834,0.79672089253819
0.49006584858911,0.79672089253819
0.493676996978821,0.79672089253819
0.499759739563553,0.79672089253819
0.492621700419747,0.79672089253819
0.494077978409285,0.79672089253819
0.497805941570471,0.79672089253819
0.498894745562866,0.79672089253819
0.495922146882507,0.79672089253819
0.497423615712412,0.79672089253819
0.506116576380967,0.79672089253819
0.500884727702996,0.79672089253819
0.499347322763556,0.79672089253819
0.501072767647544,0.79672089253819
0.504172056165207,0.79672089253819
0.500238599912839,0.79672089253819
0.502352846510876,0.79672089253819
0.499914902140535,0.79672089253819
0.494788723509675,0.79672089253819
0.50277282901397,0.79672089253819
0.49777343252414,0.79672089253819
0.498956704997366,0.79672089253819
0.497962058808184,0.79672089253819
0.491141144153754,0.79672089253819
0.501166261308433,0.79672089253819
0.496001268414256,0.79672089253819
0.50302886363045,0.79672089253819
0.496452244859016,0.79672089253819
0.500627240670978,0.79672089253819
0.501812537998259,0.79672089253819
0.495861504983986,0.79672089253819
0.500857400245938,0.79672089253819
0.492670479581564,0.79672089253819
0.502470199030896,0.79672089253819
0.501464826551164,0.79672089253819
0.503692948854723,0.79672089253819
0.499971344080093,0.79672089253819
0.496829613700238,0.79672089253819
0.489248160792705,0.79672089253819
0.497914685448061,0.79672089253819
0.501049490371807,0.79672089253819
0.50013656691354,0.79672089253819
0.502336320512638,0.79672089253819
0.498029004170846,0.79672089253819
0.501480995653812,0.79672089253819
0.505404233003643,0.79672089253819
0.508650759314918,0.79672089253819
0.496838251384882,0.79672089253819
0.502600070809511,0.79672089253819
0.498616585407919,0.79672089253819
0.497462196273352,0.79672089253819
0.500812537293193,0.79672089253819
0.498604068080257,0.79672089253819
0.500045141891772,0.79672089253819
0.506037514356601,0.79672089253819
0.493956372702863,0.79672089253819
0.494312467563826,0.79672089253819
0.500925503236141,0.79672089253819
0.504767338990922,0.79672089253819
0.507833551718655,0.79672089253819
0.49461139168542,0.79672089253819
0.500481395281748,0.79672089253819
0.504937859509631,0.79672089253819
0.501630458427691,0.79672089253819
0.499841987738087,0.79672089253819
0.499970755744438,0.79672089253819
0.505435791422748,0.79672089253819
0.503855051926888,0.79672089253819
0.499923156904262,0.79672089253819
0.496296920772273,0.79672089253819
0.486975541890042,0.79672089253819
0.492336563786084,0.79672089253819
0.500558382198042,0.79672089253819
0.499474461491984,0.79672089253819
0.499235616629769,0.79672089253819
0.494173902718621,0.79672089253819
0.506987251364474,0.79672089253819
0.491101142562794,0.79672089253819
0.500590634559167,0.79672089253819
0.497865818689303,0.79672089253819
0.503925074834424,0.79672089253819
0.49576218511083,0.79672089253819
0.504501705231759,0.79672089253819
0.488615290875668,0.79672089253819
0.502492897513809,0.79672089253819
0.496450403584176,0.79672089253819
0.503433093653079,0.79672089253819
0.493574827680252,0.79672089253819
0.500820215630508,0.79672089253819
0.499176116519093,0.79672089253819
0.49599969445067,0.79672089253819
0.503793049050699,0.79672089253819
0.497860134755442,0.79672089253819
0.502322477305858,0.79672089253819
0.49744111299689,0.79672089253819
0.495119460695169,0.79672089253819
0.495095975193869,0.79672089253819
0.50416842467019,0.79672089253819
0.508966743079637,0.79672089253819
0.497514855052252,0.79672089253819
0.493738770457315,0.79672089253819
0.505911585230731,0.79672089253819
0.497606494927321,0.79672089253819
0.492844623241293,0.79672089253819
0.505224606782871,0.79672089253819
0.503987610140217,0.79672089253819
0.500965569111534,0.79672089253819
0.497166556909847,0.79672089253819
0.496936060992312,0.79672089253819
0.507240318989123,0.79672089253819
0.496835386040744,0.79672089253819
0.495748037975496,0.79672089253819
0.494891687941922,0.79672089253819
0.502200978912317,0.79672089253819
0.497707172072244,0.79672089253819
0.501591563184416,0.79672089253819
0.488684109781938,0.79672089253819
0.499789395774321,0.79672089253819
0.498684595462108,0.79672089253819
0.49855884307359,0.79672089253819
0.500026907577166,0.79672089253819
0.492919661327121,0.79672089253819
0.503922598963304,0.79672089253819
0.502969573384761,0.79672089253819
0.493171642663846,0.79672089253819
0.498933302049795,0.79672089253819
0.498501834991362,0.79672089253819
0.512172031514358,0.79672089253819
0.493146086424109,0.79672089253819
0.494970139211136,0.79672089253819
0.4942044399359,0.79672089253819
0.495619853831727,0.79672089253819
0.499579521999199,0.79672089253819
0.49371695811961,0.79672089253819
0.497283572549009,0.79672089253819
0.491796337274178,0.79672089253819
0.492208793203692,0.79672089253819
0.502461528739191,0.79672089253819
0.497422141081812,0.79672089253819
0.492168226897372,0.79672089253819
0.497196722131014,0.79672089253819
0.498991130204997,0.79672089253819
0.507228409557711,0.79672089253819
0.504579387354082,0.79672089253819
0.501669167973268,0.79672089253819
0.498749495808232,0.79672089253819
0.496917125977005,0.79672089253819
0.501646346013244,0.79672089253819
0.500652177621329,0.79672089253819
0.502785982455391,0.79672089253819
0.497706622779157,0.79672089253819
0.499182849455145,0.79672089253819
0.501791168427372,0.79672089253819
0.50435412516424,0.79672089253819
0.491238940805906,0.79672089253819
0.500264990084562,0.79672089253819
0.496974522644342,0.79672089253819
0.505486868652929,0.79672089253819
0.486652893179378,0.79672089253819
0.501828613730184,0.79672089253819
0.49011599884222,0.79672089253819
0.502086124561561,0.79672089253819
0.50250854857027,0.79672089253819
0.502822182817109,0.79672089253819
0.496476948896185,0.79672089253819
0.504023832463801,0.79672089253819
0.504193008468494,0.79672089253819
0.499598769090343,0.79672089253819
0.499269568854603,0.79672089253819
0.485578071383979,0.79672089253819
0.498954983777393,0.79672089253819
0.498899824559491,0.79672089253819
0.493296904972575,0.79672089253819
0.494963514400517,0.79672089253819
0.50741486877118,0.79672089253819
0.50093534533954,0.79672089253819
0.503673567604396,0.79672089253819
0.488168853085192,0.79672089253819
0.497262065723344,0.79672089253819
0.495875058225404,0.79672089253819
0.504797964078569,0.79672089253819
0.498902342413978,0.79672089253819
0.501743909236144,0.79672089253819
0.502345358134538,0.79672089253819
0.497388057208267,0.79672089253819
0.497873754286134,0.79672089253819
0.504204920217418,0.79672089253819
0.501183439712027,0.79672089253819
0.50303148563915,0.79672089253819
0.504303557680334,0.79672089253819
0.497279806284104,0.79672089253819
0.502695018241245,0.79672089253819
0.501909238803356,0.79672089253819
0.496936424481123,0.79672089253819
0.505416686617857,0.79672089253819
0.502490596962325,0.79672089253819
0.497290521062865,0.79672089253819
0.496159091160148,0.79672089253819
0.502006939238171,0.79672089253819
0.494830454567548,0.79672089253819
0.5037825656072,0.79672089253819
0.501200641027678,0.79672089253819
0.500748692049507,0.79672089253819
0.494938672394475,0.79672089253819
0.503302116166219,0.79672089253819
0.497958945315492,0.79672089253819
0.503524655187464,0.79672089253819
0.499612505036327,0.79672089253819
0.496674552161228,0.79672089253819
0.504559127268197,0.79672089253819
0.496017319205531,0.79672089253819
0.500897673490123,0.79672089253819
0.503017949140863,0.79672089253819
0.504862593816001,0.79672089253819
0.495976610765088,0.79672089253819
0.497698256484236,0.79672089253819
0.495766319156153,0.79672089253819
0.495947554363965,0.79672089253819
0.495000157930996,0.79672089253819
0.508173179852917,0.79672089253819
0.494518465538286,0.79672089253819
0.496198515654389,0.79672089253819
0.498957770913894,0.79672089253819
0.497076302554084,0.79672089253819
0.500679703851864,0.79672089253819
0.49162480366235,0.79672089253819
0.494306286547356,0.79672089253819
0.492142578487401,0.79672089253819
0.503877233221679,0.79672089253819
0.489571564751412,0.79672089253819
0.495571693998237,0.79672089253819
0.49912588302498,0.79672089253819
0.50289286658219,0.79672089253819
0.497011751738611,0.79672089253819
0.494279344437863,0.79672089253819
0.495532560185282,0.79672089253819
0.496222829369456,0.79672089253819
0.505525130202955,0.79672089253819
0.507678921156018,0.79672089253819
0.496820056665483,0.79672089253819
0.491504133954314,0.79672089253819
0.50666090620277,0.79672089253819
0.502285537881138,0.79672089253819
0.50333835038855,0.79672089253819
0.496765975326006,0.79672089253819
0.49967911329091,0.79672089253819
0.491410762875085,0.79672089253819
0.498051356587563,0.79672089253819
0.501252363188297,0.79672089253819
0.495038667229915,0.79672089253819
0.492857447643231,0.79672089253819
0.495967762381536,0.79672089253819
0.501248848176156,0.79672089253819
0.499514458717014,0.79672089253819
0.501040203559988,0.79672089253819
0.497812459580785,0.79672089253819
0.503673219138467,0.79672089253819
0.506105094754316,0.79672089253819
0.50069927601283,0.79672089253819
0.495265472599577,0.79672089253819
0.501414614902959,0.79672089253819
0.492920856163186,0.79672089253819
0.499551577495071,0.79672089253819
0.495281084150198,0.79672089253819
0.499397207791226,0.79672089253819
0.503091797524138,0.79672089253819
0.488657372096927,0.79672089253819
0.491901200537485,0.79672089253819
0.499387426663387,0.79672089253819
0.4982690075465,0.79672089253819
0.502064353820736,0.79672089253819
0.497515063153778,0.79672089253819
0.491105708562754,0.79672089253819
0.494797182689102,0.79672089253819
0.495053216844225,0.79672089253819
0.489510428661535,0.79672089253819
0.503618330669534,0.79672089253819
0.504721262705492,0.79672089253819
0.498309176128614,0.79672089253819
0.496726527155137,0.79672089253819
0.497509212440576,0.79672089253819
0.505637586950355,0.79672089253819
0.491628624572802,0.79672089253819
0.499755647797534,0.79672089253819
0.499458352893502,0.79672089253819
0.503610709944981,0.79672089253819
0.491318007913988,0.79672089253819
0.501323857965273,0.79672089253819
0.502779282215975,0.79672089253819
0.499217994719757,0.79672089253819
0.504473495574411,0.79672089253819
0.508490121822618,0.79672089253819
0.50226831385996,0.79672089253819
0.492178285035848,0.79672089253819
0.498352055184173,0.79672089253819
0.501845677793499,0.79672089253819
0.497491115031247,0.79672089253819
0.498028092953445,0.79672089253819
0.508904992336589,0.79672089253819
0.502959390383208,0.79672089253819
0.501662796059612,0.79672089253819
0.501265406604938,0.79672089253819
0.4925010828069,0.79672089253819
0.501942954113457,0.79672089253819
0.505077192316391,0.79672089253819
0.498282956451185,0.79672089253819
0.497334036749807,0.79672089253819
0.51159133831011,0.79672089253819
0.500162691762587,0.79672089253819
0.50069071234502,0.79672089253819
0.499418412170408,0.79672089253819
0.496461932118198,0.79672089253819
0.502996409152365,0.79672089253819
0.501411588510772,0.79672089253819
0.495369890663779,0.79672089253819
0.501891447812614,0.79672089253819
0.509416147411804,0.79672089253819
0.495754654533686,0.79672089253819
0.498910096861528,0.79672089253819
0.500868929578116,0.79672089253819
0.5037097669861,0.79672089253819
0.5019499854252,0.79672089253819
0.496633867838758,0.79672089253819
0.497237857497773,0.79672089253819
0.496002086361235,0.79672089253819
0.508057889899777,0.79672089253819
0.493197190969214,0.79672089253819
0.492680148623672,0.79672089253819
0.492196688882883,0.79672089253819
0.502486831611337,0.79672089253819
0.503429506620708,0.79672089253819
0.506343593549822,0.79672089253819
0.506869574408857,0.79672089253819
0.500440070143068,0.79672089253819
0.497426434389298,0.79672089253819
0.497700265432719,0.79672089253819
0.508044125947033,0.79672089253819
0.496019371435857,0.79672089253819
0.499635862756224,0.79672089253819
0.493769818976421,0.79672089253819
0.505293808885045,0.79672089253819
0.498304651987899,0.79672089253819
0.493983633745404,0.79672089253819
0.50207878507915,0.79672089253819
0.49852408053099,0.79672089253819
0.501949048739661,0.79672089253819
0.498995586576293,0.79672089253819
0.497394350224033,0.79672089253819
0.496769786770915,0.79672089253819
0.498767246218264,0.79672089253819
0.501179646314299,0.79672089253819
0.497809447975,0.79672089253819
0.493109539189329,0.79672089253819
0.508128580933776,0.79672089253819
0.50215323948906,0.79672089253819
0.503604457979741,0.79672089253819
0.511301321791518,0.79672089253819
0.501991234498493,0.79672089253819
0.497559904659287,0.79672089253819
0.504157552839646,0.79672089253819
0.494914144088302,0.79672089253819
0.502677080339223,0.79672089253819
0.493128293368789,0.79672089253819
0.505106848435412,0.79672089253819
0.497159197284731,0.79672089253819
0.504766531194783,0.79672089253819
0.49640537177693,0.79672089253819
0.50148030974701,0.79672089253819
0.49765473310752,0.79672089253819
0.501048645762613,0.79672089253819
0.506427035312949,0.79672089253819
0.503494421434149,0.79672089253819
0.505221472244368,0.79672089253819
0.501925124107677,0.79672089253819
0.493704606658553,0.79672089253819
0.498921634427323,0.79672089253819
0.507960051547108,0.79672089253819
0.500313553556309,0.79672089253819
0.491190116104421,0.79672089253819
0.502975217342286,0.79672089253819
0.496941628820309,0.79672089253819
0.490031502548791,0.79672089253819
0.499629632020409,0.79672089253819
0.499321121540253,0.79672089253819
0.499401747659809,0.79672089253819
0.504246666522497,0.79672089253819
0.501364568198432,0.79672089253819
0.504446301485597,0.79672089253819
0.505043398543517,0.79672089253819
0.501806439380882,0.79672089253819
0.502050472887372,0.79672089253819
0.496177288042825,0.79672089253819
0.503844181857921,0.79672089253819
0.50209486397509,0.79672089253819
0.489560562507462,0.79672089253819
0.491081281566156,0.79672089253819
0.493248286350871,0.79672089253819
0.495594137549295,0.79672089253819
0.487848119717821,0.79672089253819
0.496548266472253,0.79672089253819
0.498487326870367,0.79672089253819
0.496303554558559,0.79672089253819
0.493851350825566,0.79672089253819
0.493874526595622,0.79672089253819
0.49649686615769,0.79672089253819
0.499041174722716,0.79672089253819
0.487521908001814,0.79672089253819
0.499432453420558,0.79672089253819
0.499744062189097,0.79672089253819
0.501325300164305,0.79672089253819
0.494520862644975,0.79672089253819
0.50333718619807,0.79672089253819
0.500568998678216,0.79672089253819
0.500033471393954,0.79672089253819
0.506189128373137,0.79672089253819
0.501197497987306,0.79672089253819
0.498350396695989,0.79672089253819
0.495770972193534,0.79672089253819
0.501203904774967,0.79672089253819
0.49172581150394,0.79672089253819
0.495109238929983,0.79672089253819
0.499075178136267,0.79672089253819
0.494903499018702,0.79672089253819
0.496611931576825,0.79672089253819
0.500686244823257,0.79672089253819
0.501493223595746,0.79672089253819
0.49123787602314,0.79672089253819
0.501606866429909,0.79672089253819
0.500069173126575,0.79672089253819
0.491344320940376,0.79672089253819
0.496338987396514,0.79672089253819
0.494051045499651,0.79672089253819
0.503869075389197,0.79672089253819
0.511486724234314,0.79672089253819
0.493452505011456,0.79672089253819
0.501209595778196,0.79672089253819
0.498701295887563,0.79672089253819
0.495703806445039,0.79672089253819
0.497090064075898,0.79672089253819
0.502976440474675,0.79672089253819
0.498247448150393,0.79672089253819
0.491037568212793,0.79672089253819
0.507208412514576,0.79672089253819
0.506573493729995,0.79672089253819
0.495365346240476,0.79672089253819
0.503116473583651,0.79672089253819
0.497083675528916,0.79672089253819
0.500442992147801,0.79672089253819
0.504717293163325,0.79672089253819
0.49296357029512,0.79672089253819
0.490668141904337,0.79672089253819
0.503165684370728,0.79672089253819
0.488215606271541,0.79672089253819
0.502612973120457,0.79672089253819
0.490126204744528,0.79672089253819
0.496693926005555,0.79672089253819
0.503952227718732,0.79672089253819
0.492578349639075,0.79672089253819
0.500916349207214,0.79672089253819
0.487323185185012,0.79672089253819
0.498428495454045,0.79672089253819
0.494694780895009,0.79672089253819
0.498538380531732,0.79672089253819
0.495830883477798,0.79672089253819
0.497330147917136,0.79672089253819
0.504967542871281,0.79672089253819
0.499851200398967,0.79672089253819
0.505016912835179,0.79672089253819
0.498010131445018,0.79672089253819
0.494506310454674,0.79672089253819
0.498869790600002,0.79672089253819
0.497987644004361,0.79672089253819
0.496018440941631,0.79672089253819
0.498946425386673,0.79672089253819
0.504896432066052,0.79672089253819
0.499881418683037,0.79672089253819
0.493196162335851,0.79672089253819
0.492425669458514,0.79672089253819
0.507440837420002,0.79672089253819
0.501643839266215,0.79672089253819
0.496182658893991,0.79672089253819
0.499420849307342,0.79672089253819
0.494519023073167,0.79672089253819
0.510111128207762,0.79672089253819
0.500238810546951,0.79672089253819
0.501143749086937,0.79672089253819
0.501618207057783,0.79672089253819
0.51054183823962,0.79672089253819
0.499582314717514,0.79672089253819
0.493575266733571,0.79672089253819
0.496588982157559,0.79672089253819
0.504594125916793,0.79672089253819
0.494857054880768,0.79672089253819
0.504499367140887,0.79672089253819
0.507810565925022,0.79672089253819
0.504101103406057,0.79672089253819
0.499379653246045,0.79672089253819
0.502173947121276,0.79672089253819
0.50033074924812,0.79672089253819
0.49649500051949,0.79672089253819
0.503493237981222,0.79672089253819
0.503487236218661,0.79672089253819
0.490651329539903,0.79672089253819
0.497748778739004,0.79672089253819
0.502295661596588,0.79672089253819
0.497368381748588,0.79672089253819
0.498355135602046,0.79672089253819
0.502391046486367,0.79672089253819
0.500278865145157,0.79672089253819
0.5037127431931,0.79672089253819
0.49593779848495,0.79672089253819
0.499915469266976,0.79672089253819
0.497467408801679,0.79672089253819
0.50503391817615,0.79672089253819
0.496132733439938,0.79672089253819
0.500623792292012,0.79672089253819
0.498595314873375,0.79672089253819
0.499565123398568,0.79672089253819
0.492090917256937,0.79672089253819
0.500512126135199,0.79672089253819
0.498476689876392,0.79672089253819
0.500345522294282,0.79672089253819
0.493224351595049,0.79672089253819
0.501131205597838,0.79672089253819
0.503733299837068,0.79672089253819
0.493998547767909,0.79672089253819
0.494409237921797,0.79672089253819
0.50205846073312,0.79672089253819
0.496678646696337,0.79672089253819
0.505163595752177,0.79672089253819
0.492846065168722,0.79672089253819
0.505708002896336,0.79672089253819
0.493310029411302,0.79672089253819
0.497718741705464,0.79672089253819
0.500737376950198,0.79672089253819
0.499821022690737,0.79672089253819
0.500166317350775,0.79672089253819
0.498551100239589,0.79672089253819
0.496268996516904,0.79672089253819
0.503616934713836,0.79672089253819
0.50800481422227,0.79672089253819
0.504352677752679,0.79672089253819
0.505758583321176,0.79672089253819
0.505001226825778,0.79672089253819
0.503306992494927,0.79672089253819
0.48998361663194,0.79672089253819
0.491959456021242,0.79672089253819
0.504848749149322,0.79672089253819
0.507229501787535,0.79672089253819
0.500431655732468,0.79672089253819
0.500599035237622,0.79672089253819
0.504363765537219,0.79672089253819
0.498052879784173,0.79672089253819
0.50143424772447,0.79672089253819
0.497509934826009,0.79672089253819
0.503575435601854,0.79672089253819
0.498197258727212,0.79672089253819
0.498261802585736,0.79672089253819
0.501248542867824,0.79672089253819
0.499210211338749,0.79672089253819
0.500742634899198,0.79672089253819
0.497312960929353,0.79672089253819
0.486272756958948,0.79672089253819
0.497609023669236,0.79672089253819
0.499324225707988,0.79672089253819
0.496917783339881,0.79672089253819
0.5043647742705,0.79672089253819
0.491300965860824,0.79672089253819
0.491505883665166,0.79672089253819
0.501097153598312,0.79672089253819
0.494006742819644,0.79672089253819
0.507410049218014,0.79672089253819
0.496886984139023,0.79672089253819
0.495094605704711,0.79672089253819
0.495979885500866,0.79672089253819
0.497409853336482,0.79672089253819
0.497444680056596,0.79672089253819
0.501765895582777,0.79672089253819
0.498710936613036,0.79672089253819
0.503150889112718,0.79672089253819
0.494296566372777,0.79672089253819
0.497525985737359,0.79672089253819
0.498530517950359,0.79672089253819
0.500186562662874,0.79672089253819
0.499982858814898,0.79672089253819
0.499323159433309,0.79672089253819
0.50508720624902,0.79672089253819
0.496839049375981,0.79672089253819
0.508141134542918,0.79672089253819
0.492642856030778,0.79672089253819
0.495687816173272,0.79672089253819
0.499212023739567,0.79672089253819
0.500785728503774,0.79672089253819
0.495780168158199,0.79672089253819
0.497773791753183,0.79672089253819
0.495573259825695,0.79672089253819
0.503541189608494,0.79672089253819
0.490845056273947,0.79672089253819
0.49240310038496,0.79672089253819
0.509645410947669,0.79672089253819
0.497507872227502,0.79672089253819
0.490076311796901,0.79672089253819
0.49423332194512,0.79672089253819
0.498309253235483,0.79672089253819
0.505882488441404,0.79672089253819
0.503946959052092,0.79672089253819
0.490342181931527,0.79672089253819
0.498080637445606,0.79672089253819
0.503707302639095,0.79672089253819
0.501851954651177,0.79672089253819
0.49981705145294,0.79672089253819
0.491121172651287,0.79672089253819
0.500671373137683,0.79672089253819
0.501834931358499,0.79672089253819
0.501419589155832,0.79672089253819
0.503989435367741,0.79672089253819
0.505337177343246,0.79672089253819
0.497364094457406,0.79672089253819
0.502509130024025,0.79672089253819
0.493384104563656,0.79672089253819
0.499694554014592,0.79672089253819
0.495278096855462,0.79672089253819
0.501511104499473,0.79672089253819
0.508790501289864,0.79672089253819
0.491805367478032,0.79672089253819
0.492826445535607,0.79672089253819
0.489053097679308,0.79672089253819
0.495455226765959,0.79672089253819
0.489028585176989,0.79672089253819
0.497421377490166,0.79672089253819
0.49608252902837,0.79672089253819
0.507804273160528,0.79672089253819
0.494413085961162,0.79672089253819
0.498813674050067,0.79672089253819
0.497446320425868,0.79672089253819
0.499213861047253,0.79672089253819
0.500451071056058,0.79672089253819
0.4990407745004,0.79672089253819
0.499450325537697,0.79672089253819
0.491848481489523,0.79672089253819
0.494682822335793,0.79672089253819
0.506398311523351,0.79672089253819
0.508263695035395,0.79672089253819
0.499376787083741,0.79672089253819
0.498697184368058,0.79672089253819
0.502588131114213,0.79672089253819
0.497759673094939,0.79672089253819
0.493585527618131,0.79672089253819
0.497407706566762,0.79672089253819
0.503484390784981,0.79672089253819
0.49422528299095,0.79672089253819
0.497098816407539,0.79672089253819
0.511291787089263,0.79672089253819
0.505203828412332,0.79672089253819
0.508165324290722,0.79672089253819
0.492043003705239,0.79672089253819
0.505296217301773,0.79672089253819
0.501135069128923,0.79672089253819
0.506744391599163,0.79672089253819
0.49529653793818,0.79672089253819
0.495528945519067,0.79672089253819
0.50154412326431,0.79672089253819
0.500454003417833,0.79672089253819
0.499350276012131,0.79672089253819
0.500906319084023,0.79672089253819
0.49767553782021,0.79672089253819
0.500208199617511,0.79672089253819
0.498245556466391,0.79672089253819
0.495979633557253,0.79672089253819
0.500530194443371,0.79672089253819
0.498787111608594,0.79672089253819
0.498523176489542,0.79672089253819
0.499170467588442,0.79672089253819
0.496351980499175,0.79672089253819
0.50389475608679,0.79672089253819
0.495414244515274,0.79672089253819
0.496992832633921,0.79672089253819
0.492230627122509,0.79672089253819
0.500877583389943,0.79672089253819
0.494564864906602,0.79672089253819
0.497470670155972,0.79672089253819
0.498171216466984,0.79672089253819
0.496030553646646,0.79672089253819
0.502441239334565,0.79672089253819
0.499627687871331,0.79672089253819
0.498829842625845,0.79672089253819
0.496721851154243,0.79672089253819
0.496347090869847,0.79672089253819
0.500884989772376,0.79672089253819
0.503855395391833,0.79672089253819
0.50658265847344,0.79672089253819
0.506714641641903,0.79672089253819
0.500384919258106,0.79672089253819
0.504107804223064,0.79672089253819
0.502739903923435,0.79672089253819
0.490796731493331,0.79672089253819
0.50127162719927,0.79672089253819
0.494591201088413,0.79672089253819
0.499279636075451,0.79672089253819
0.499576740779151,0.79672089253819
0.501620026253821,0.79672089253819
0.498284715277573,0.79672089253819
0.49514922798393,0.79672089253819
0.501032730505092,0.79672089253819
0.503088339557636,0.79672089253819
0.494524919758279,0.79672089253819
0.496618694174081,0.79672089253819
0.494390184400625,0.79672089253819
0.499050718634643,0.79672089253819
0.495601484848333,0.79672089253819
0.493210280885135,0.79672089253819
0.501847691020776,0.79672089253819
0.495831990599421,0.79672089253819
0.496057575372413,0.79672089253819
0.498524213922436,0.79672089253819
0.501932063995857,0.79672089253819
0.494780850691816,0.79672089253819
0.498582268201072,0.79672089253819
0.498114540982024,0.79672089253819
0.494435295282458,0.79672089253819
0.49752270372614,0.79672089253819
0.50440436778236,0.79672089253819
0.502561320418716,0.79672089253819
0.498657739487575,0.79672089253819
0.50525942040986,0.79672089253819
0.510213794528986,0.79672089253819
0.504821537870629,0.79672089253819
0.499542261973563,0.79672089253819
0.498830682816891,0.79672089253819
0.498585563586507,0.79672089253819
0.501019558941404,0.79672089253819
0.493659845393881,0.79672089253819
0.502274795776368,0.79672089253819
0.49828816709857,0.79672089253819
0.500057289604663,0.79672089253819
0.49972140144911,0.79672089253819
0.506443969694535,0.79672089253819
0.503555627618671,0.79672089253819
0.505000264632223,0.79672089253819
0.496728082407416,0.79672089253819
0.501352925233856,0.79672089253819
0.500545249973003,0.79672089253819
0.500619310624907,0.79672089253819
0.492836971113744,0.79672089253819
0.502773113808131,0.79672089253819
0.500665020297694,0.79672089253819
0.490506272360662,0.79672089253819
0.493135222991073,0.79672089253819
0.503063350097174,0.79672089253819
0.504627648609836,0.79672089253819
0.501586174517188,0.79672089253819
0.496652074791108,0.79672089253819
0.495282861691743,0.79672089253819
0.500450086909381,0.79672089253819
0.49568384726616,0.79672089253819
0.493532863537738,0.79672089253819
0.497708471322483,0.79672089253819
0.501633994602792,0.79672089253819
0.498734162719771,0.79672089253819
0.498872451818718,0.79672089253819
0.506046496760102,0.79672089253819
0.50252819115374,0.79672089253819
0.501544739433325,0.79672089253819
0.499800465120392,0.79672089253819
0.508866979777794,0.79672089253819
0.492143858926177,0.79672089253819
0.501879369168278,0.79672089253819
0.492705218341875,0.79672089253819
0.507291532527242,0.79672089253819
0.497567737177769,0.79672089253819
0.49581948928671,0.79672089253819
0.498355160043133,0.79672089253819
0.49822722655479,0.79672089253819
0.498931554474735,0.79672089253819
0.509067231152982,0.79672089253819
0.505887097244029,0.79672089253819
0.493838404463873,0.79672089253819
0.50402875376621,0.79672089253819
0.495954400545021,0.79672089253819
0.500277078333978,0.79672089253819
0.499406266423924,0.79672089253819
0.499107842612754,0.79672089253819
0.495394185818623,0.79672089253819
0.501586681338336,0.79672089253819
0.506483980125774,0.79672089253819
0.504200886280034,0.79672089253819
0.505133534550981,0.79672089253819
0.5064834365573,0.79672089253819
0.503089718311354,0.79672089253819
0.504108932480097,0.79672089253819
0.502476409958854,0.79672089253819
0.496260814801188,0.79672089253819
0.495914622645983,0.79672089253819
0.502414090831424,0.79672089253819
0.486027846464422,0.79672089253819
0.502250828837246,0.79672089253819
0.507354215461095,0.79672089253819
0.49329649410165,0.79672089253819
0.500867783950925,0.79672089253819
0.497950707268639,0.79672089253819
0.510579565811365,0.79672089253819
0.498117235047221,0.79672089253819
0.502241994751686,0.79672089253819
0.49351324273245,0.79672089253819
0.503873033109548,0.79672089253819
0.500064265553779,0.79672089253819
0.493643149335055,0.79672089253819
0.496444039293839,0.79672089253819
0.495769860454532,0.79672089253819
0.497042828809646,0.79672089253819
0.495447715899698,0.79672089253819
0.490812912329962,0.79672089253819
0.502985379152294,0.79672089253819
0.503091745768579,0.79672089253819
0.498333835628845,0.79672089253819
0.501649833562377,0.79672089253819
0.499580569665048,0.79672089253819
0.500610254805446,0.79672089253819
0.50286940221435,0.79672089253819
0.49883370038357,0.79672089253819
0.501067386822188,0.79672089253819
0.496767944610677,0.79672089253819
0.49735264873124,0.79672089253819
0.499065415681884,0.79672089253819
0.491599873879203,0.79672089253819
0.494598898500825,0.79672089253819
0.493454704442677,0.79672089253819
0.502385439618299,0.79672089253819
0.49886667265717,0.79672089253819
0.496801966184579,0.79672089253819
0.501678978257077,0.79672089253819
0.489916513003741,0.79672089253819
0.504541130108372,0.79672089253819
0.501274262679947,0.79672089253819
0.503497553379251,0.79672089253819
0.497411268071952,0.79672089253819
0.49737302580522,0.79672089253819
0.4980806237376,0.79672089253819
0.499980523959677,0.79672089253819
0.500206226460699,0.79672089253819
0.504245494716026,0.79672089253819
0.495929040127433,0.79672089253819
0.495712090090675,0.79672089253819
0.498684117334733,0.79672089253819
0.496659810383808,0.79672089253819
0.497836946511732,0.79672089253819
0.500312501453942,0.79672089253819
0.507218162639614,0.79672089253819
0.496893807887324,0.79672089253819
0.50145989287976,0.79672089253819
0.505723847026225,0.79672089253819
0.507043123643642,0.79672089253819
0.495304879980637,0.79672089253819
0.500748326875595,0.79672089253819
0.503098345797088,0.79672089253819
0.492653076765556,0.79672089253819
0.500718435154385,0.79672089253819
0.496776092198526,0.79672089253819
0.500011994386797,0.79672089253819
0.506659355781754,0.79672089253819
0.501793218375084,0.79672089253819
0.499228486011313,0.79672089253819
0.497761803823795,0.79672089253819
0.501752354815411,0.79672089253819
0.502197728532158,0.79672089253819
0.499698018251115,0.79672089253819
0.498299004244978,0.79672089253819
0.494642480473704,0.79672089253819
0.494826895799322,0.79672089253819
0.493604566248324,0.79672089253819
0.497967867371593,0.79672089253819
0.493553290342795,0.79672089253819
0.49842495759825,0.79672089253819
0.504367690207691,0.79672089253819
0.490699134031534,0.79672089253819
0.502402232364396,0.79672089253819
0.49833131334771,0.79672089253819
0.504923419552803,0.79672089253819
0.497544234112551,0.79672089253819
0.497122800853171,0.79672089253819
0.49690986582073,0.79672089253819
0.494944805447137,0.79672089253819
0.500371473580907,0.79672089253819
0.496020294589676,0.79672089253819
0.492895539585802,0.79672089253819
0.504149199490725,0.79672089253819
0.492778879358139,0.79672089253819
0.488065223574852,0.79672089253819
0.494527639755308,0.79672089253819
0.502286130249962,0.79672089253819
0.497831084136859,0.79672089253819
0.495988867534824,0.79672089253819
0.492537975100457,0.79672089253819
0.485179696973842,0.79672089253819
0.496101435427491,0.79672089253819
0.497092140432522,0.79672089253819
0.496578696249602,0.79672089253819
0.493217313847459,0.79672089253819
0.497419905738218,0.79672089253819
0.494458782167657,0.79672089253819
0.500940704801437,0.79672089253819
0.495530116779572,0.79672089253819
0.503590755046356,0.79672089253819
0.500879959647728,0.79672089253819
0.490220061259627,0.79672089253819
0.498751843879864,0.79672089253819
0.501402353339565,0.79672089253819
0.500997984294327,0.79672089253819
0.499471430158175,0.79672089253819
0.493748985389662,0.79672089253819
0.508980340056553,0.79672089253819
0.496425309623129,0.79672089253819
0.497809430991135,0.79672089253819
0.504724036730281,0.79672089253819
0.501192164525611,0.79672089253819
0.49571329015846,0.79672089253819
0.497576432166218,0.79672089253819
0.499953511698531,0.79672089253819
0.500560807200793,0.79672089253819
0.495866715240311,0.79672089253819
0.501270406443676,0.79672089253819
0.499999048062758,0.79672089253819
0.501929208133623,0.79672089253819
0.499642504939036,0.79672089253819
0.491561434590868,0.79672089253819
0.503880126454123,0.79672089253819
0.49970637464141,0.79672089253819
0.504711973524997,0.79672089253819
0.501223443301487,0.79672089253819
0.497823947330392,0.79672089253819
0.4999689517329,0.79672089253819
0.500373484728033,0.79672089253819
0.502455767620587,0.79672089253819
0.501818159305765,0.79672089253819
0.49539604447743,0.79672089253819
0.497941305879809,0.79672089253819
0.493277373885212,0.79672089253819
0.496942835481107,0.79672089253819
0.49957388659217,0.79672089253819
0.497139475062966,0.79672089253819
0.502190345048081,0.79672089253819
0.496708643446364,0.79672089253819
0.503635805873383,0.79672089253819
0.504356224368529,0.79672089253819
0.501003944094135,0.79672089253819
0.491156802808756,0.79672089253819
0.501163138696978,0.79672089253819
0.497189637134185,0.79672089253819
0.498549732299772,0.79672089253819
0.507925574237985,0.79672089253819
0.50374052474479,0.79672089253819
0.497124143640022,0.79672089253819
0.504581073969227,0.79672089253819
0.498300713876422,0.79672089253819
0.499602375970869,0.79672089253819
0.497468116530222,0.79672089253819
0.497730513108822,0.79672089253819
0.502515615404933,0.79672089253819
0.500931650300652,0.79672089253819
0.501790053584931,0.79672089253819
0.496393061049635,0.79672089253819
0.502439862041127,0.79672089253819
0.495373180144322,0.79672089253819
0.508162043991415,0.79672089253819
0.509662511826308,0.79672089253819
0.498933127718965,0.79672089253819
0.499117196122933,0.79672089253819
0.497781097553123,0.79672089253819
0.505150815732679,0.79672089253819
0.496563058604551,0.79672089253819
0.501165681807501,0.79672089253819
0.497419331336385,0.79672089253819
0.502635259417721,0.79672089253819
0.501211949970477,0.79672089253819
0.496275940160152,0.79672089253819
0.50473149745843,0.79672089253819
0.505925159619221,0.79672089253819
0.498053231707312,0.79672089253819
0.501483021611644,0.79672089253819
0.495221686783778,0.79672089253819
0.496183218335984,0.79672089253819
0.49682392274371,0.79672089253819
0.497855751258058,0.79672089253819
0.498299365006916,0.79672089253819
0.490835625052749,0.79672089253819
0.503690883782431,0.79672089253819
0.509516498875202,0.79672089253819
0.503445091872634,0.79672089253819
0.497477128040065,0.79672089253819
0.497644959704362,0.79672089253819
0.502156112819642,0.79672089253819
0.497330585646803,0.79672089253819
0.501700267388806,0.79672089253819
0.491056370204953,0.79672089253819
0.499377616227106,0.79672089253819
0.496565151469462,0.79672089253819
0.495007168921973,0.79672089253819
0.502952020759661,0.79672089253819
0.504963247977633,0.79672089253819
0.507763478994307,0.79672089253819
0.50660424690109,0.79672089253819
0.497160358531526,0.79672089253819
0.501630261925464,0.79672089253819
0.503181462151661,0.79672089253819
0.507386795580507,0.79672089253819
0.497736495398464,0.79672089253819
0.495829087627596,0.79672089253819
0.496193664046626,0.79672089253819
0.499569196996467,0.79672089253819
0.49994631318072,0.79672089253819
0.511668393656738,0.79672089253819
0.495960407994913,0.79672089253819
0.505218276201844,0.79672089253819
0.496737871584203,0.79672089253819
0.505247686396173,0.79672089253819
0.500057136806665,0.79672089253819
0.50156158206914,0.79672089253819
0.497769623141445,0.79672089253819
0.492636625388629,0.79672089253819
0.499165542046716,0.79672089253819
0.497458026276739,0.79672089253819
0.494782408480419,0.79672089253819
0.498666446449267,0.79672089253819
0.50309041844339,0.79672089253819
0.495588601098258,0.79672089253819
0.508015696839516,0.79672089253819
0.492201739725629,0.79672089253819
0.495687494737639,0.79672089253819
0.490462994945576,0.79672089253819
0.502704276044125,0.79672089253819
0.503189720382936,0.79672089253819
0.505930246074403,0.79672089253819
0.493534996318354,0.79672089253819
0.502349936813462,0.79672089253819
0.495749860793037,0.79672089253819
0.503029980405164,0.79672089253819
0.500978011759539,0.79672089253819
0.495973562812046,0.79672089253819
0.498924547531733,0.79672089253819
0.500845183068984,0.79672089253819
0.495807775666223,0.79672089253819
0.499415392317511,0.79672089253819
0.501051929058407,0.79672089253819
0.491195190128237,0.79672089253819
0.504310302566605,0.79672089253819
0.503057382276433,0.79672089253819
0.503722440922496,0.79672089253819
0.496433607726128,0.79672089253819
0.498363818941525,0.79672089253819
0.490693892789536,0.79672089253819
0.500654177903573,0.79672089253819
0.506097896198636,0.79672089253819
0.500359313170163,0.79672089253819
0.506944117108936,0.79672089253819
0.495951426195577,0.79672089253819
0.499148388815932,0.79672089253819
0.494234218741804,0.79672089253819
0.495637265050194,0.79672089253819
0.49384484189054,0.79672089253819
0.49538883989804,0.79672089253819
0.502775111229884,0.79672089253819
0.505296963112874,0.79672089253819
0.485996091976143,0.79672089253819
0.49304828911484,0.79672089253819
0.498878110060721,0.79672089253819
0.495572649865913,0.79672089253819
0.505251922367467,0.79672089253819
0.505713174596493,0.79672089253819
0.498360610793261,0.79672089253819
0.494964371736911,0.79672089253819
0.493146075642603,0.79672089253819
0.501843736037311,0.79672089253819
0.498396298990472,0.79672089253819
0.502504882174739,0.79672089253819
0.50578584538079,0.79672089253819
0.511109836390102,0.79672089253819
0.496349937979966,0.79672089253819
0.50083359734138,0.79672089253819
0.498586251876065,0.79672089253819
0.498385697137851,0.79672089253819
0.500748066723176,0.79672089253819
0.497302354635677,0.79672089253819
0.508048839558341,0.79672089253819
0.507056298334348,0.79672089253819
0.491812735390248,0.79672089253819
0.505950334332628,0.79672089253819
0.492364204368501,0.79672089253819
0.504679216780265,0.79672089253819
0.492442517576334,0.79672089253819
0.496188360317405,0.79672089253819
0.500894912351363,0.79672089253819
0.500581921137122,0.79672089253819
0.507985730403417,0.79672089253819
0.496138434181228,0.79672089253819
0.504664255141556,0.79672089253819
0.495962185938504,0.79672089253819
0.489151542255568,0.79672089253819
0.509373370705407,0.79672089253819
0.491739341703538,0.79672089253819
0.50280908389984,0.79672089253819
0.497958300345871,0.79672089253819
0.51084312764398,0.79672089253819
0.496096597806394,0.79672089253819
0.501471375604182,0.79672089253819
0.507443547608677,0.79672089253819
0.49929357019702,0.79672089253819
0.499733165218218,0.79672089253819
0.500007204701028,0.79672089253819
0.506342809415823,0.79672089253819
0.499391021449708,0.79672089253819
0.507816186248263,0.79672089253819
0.503650605037945,0.79672089253819
0.492382878633037,0.79672089253819
0.493994077682118,0.79672089253819
0.501702260746261,0.79672089253819
0.502402163843805,0.79672089253819
0.491426321616922,0.79672089253819
0.495364735227879,0.79672089253819
0.501814036728268,0.79672089253819
0.496577456170642,0.79672089253819
0.498081383172488,0.79672089253819
0.505543669581338,0.79672089253819
0.497708836959031,0.79672089253819
0.497462684188802,0.79672089253819
0.498825285041178,0.79672089253819
0.499758500929604,0.79672089253819
0.504628826054971,0.79672089253819
0.496613235852516,0.79672089253819
0.497666970192718,0.79672089253819
0.496994070947105,0.79672089253819
0.495596629160882,0.79672089253819
0.500193779520013,0.79672089253819
0.497934913135519,0.79672089253819
0.498539827997979,0.79672089253819
0.502902199876881,0.79672089253819
0.501596519560389,0.79672089253819
0.502344164240481,0.79672089253819
0.501531681174386,0.79672089253819
0.503559248787067,0.79672089253819
0.498538214433714,0.79672089253819
0.49860868726788,0.79672089253819
0.498496363314766,0.79672089253819
0.49408791991742,0.79672089253819
0.500195524547994,0.79672089253819
0.493415330679913,0.79672089253819
0.503551263670261,0.79672089253819
0.501091404063742,0.79672089253819
0.502405470555165,0.79672089253819
0.492841213051117,0.79672089253819
0.505585636710733,0.79672089253819
0.49550213166357,0.79672089253819
0.51040029224873,0.79672089253819
0.505028444656304,0.79672089253819
0.505245273252041,0.79672089253819
0.494067778233808,0.79672089253819
0.511589313126187,0.79672089253819
0.500847057775048,0.79672089253819
0.503815694023125,0.79672089253819
0.505417747947515,0.79672089253819
0.489832447103512,0.79672089253819
0.498998789600532,0.79672089253819
0.49813530957262,0.79672089253819
0.495572945829384,0.79672089253819
0.494022004120751,0.79672089253819
0.49984994811351,0.79672089253819
0.499614833354081,0.79672089253819
0.491247394224578,0.79672089253819
0.497939872479881,0.79672089253819
0.499376409345981,0.79672089253819
0.499274438762939,0.79672089253819
0.498368595439267,0.79672089253819
0.489468868625891,0.79672089253819
0.498236218204904,0.79672089253819
0.502242293514496,0.79672089253819
0.493321934891099,0.79672089253819
0.497746827421602,0.79672089253819
0.497225871161648,0.79672089253819
0.501822307987364,0.79672089253819
0.505249132745299,0.79672089253819
0.499099668093247,0.79672089253819
0.502569041325153,0.79672089253819
0.493936632857681,0.79672089253819
0.500225440821057,0.79672089253819
0.4975219350909,0.79672089253819
0.499374597828879,0.79672089253819
0.494008907084468,0.79672089253819
0.510110371980331,0.79672089253819
0.500310880692861,0.79672089253819
0.494248669006713,0.79672089253819
0.49545770598288,0.79672089253819
0.499707082231955,0.79672089253819
0.499914962578001,0.79672089253819
0.499268184401398,0.79672089253819
0.502507054731182,0.79672089253819
0.496077183837928,0.79672089253819
0.499906275349526,0.79672089253819
0.49696331586276,0.79672089253819
0.504368411409386,0.79672089253819
0.496037257762538,0.79672089253819
0.49981625721727,0.79672089253819
0.49535104962315,0.79672089253819
0.49715428539687,0.79672089253819
0.499386397321291,0.79672089253819
0.501828622632508,0.79672089253819
0.500523517654652,0.79672089253819
0.508278156389819,0.79672089253819
0.504452476519526,0.79672089253819
0.498199232944795,0.79672089253819
0.494997423573824,0.79672089253819
0.499993310435873,0.79672089253819
0.496154168119327,0.79672089253819
0.493871022779588,0.79672089253819
0.500031644935218,0.79672089253819
0.505418084715393,0.79672089253819
0.495185244615967,0.79672089253819
0.504708814320402,0.79672089253819
0.491656939915164,0.79672089253819
0.497034102892338,0.79672089253819
0.497357820647955,0.79672089253819
0.506200187512729,0.79672089253819
0.501844296687052,0.79672089253819
0.496891766889977,0.79672089253819
0.496901635983887,0.79672089253819
0.50150945263805,0.79672089253819
0.497599933703555,0.79672089253819
0.500206914895832,0.79672089253819
0.508528695719315,0.79672089253819
0.502751541009308,0.79672089253819
0.500218523708265,0.79672089253819
0.499468833816863,0.79672089253819
0.495188977714856,0.79672089253819
0.501643553788832,0.79672089253819
0.499427394834743,0.79672089253819
0.502693183593449,0.79672089253819
0.495700035977209,0.79672089253819
0.495823369968195,0.79672089253819
0.508570930225997,0.79672089253819
0.494927053325274,0.79672089253819
0.485681636282202,0.79672089253819
0.501056438633024,0.79672089253819
0.490929599377544,0.79672089253819
0.502589611380908,0.79672089253819
0.503467586314331,0.79672089253819
0.49279180145329,0.79672089253819
0.494717638870424,0.79672089253819
0.499555785532351,0.79672089253819
0.498929007685832,0.79672089253819
0.496192928465534,0.79672089253819
0.505546426553213,0.79672089253819
0.496632206635837,0.79672089253819
0.492772696137095,0.79672089253819
0.497797952049786,0.79672089253819
0.503451935675757,0.79672089253819
0.499362342116236,0.79672089253819
0.492340881316274,0.79672089253819
0.496831780996715,0.79672089253819
0.50022463126705,0.79672089253819
0.490467842698597,0.79672089253819
0.4934102665499,0.79672089253819
0.498619063378103,0.79672089253819
0.502589856622154,0.79672089253819
0.502331549528874,0.79672089253819
0.497725285740526,0.79672089253819
0.503185986498906,0.79672089253819
0.500553038420166,0.79672089253819
0.503579335670321,0.79672089253819
0.494412831875215,0.79672089253819
0.511333054166949,0.79672089253819
0.500916518801244,0.79672089253819
0.497456147392299,0.79672089253819
0.505361909311083,0.79672089253819
0.4911350831764,0.79672089253819
0.501832285580479,0.79672089253819
0.497674831802152,0.79672089253819
0.500041942372058,0.79672089253819
0.491575329965072,0.79672089253819
0.50094343256961,0.79672089253819
0.504188360407024,0.79672089253819
0.499378750725418,0.79672089253819
0.492128714440428,0.79672089253819
0.504272826940108,0.79672089253819
0.503840533631917,0.79672089253819
0.494439135704386,0.79672089253819
0.498152878250097,0.79672089253819
0.496623469340569,0.79672089253819
0.5093923427196,0.79672089253819
0.502474752394251,0.79672089253819
0.504281691441255,0.79672089253819
0.49600592003085,0.79672089253819
0.5031515079921,0.79672089253819
0.503085045101722,0.79672089253819
0.499270568315766,0.79672089253819
0.4966073420265,0.79672089253819
0.499885508079447,0.79672089253819
0.502578331317154,0.79672089253819
0.508865067645758,0.79672089253819
0.503771194096908,0.79672089253819
0.494816198549157,0.79672089253819
0.497942164713548,0.79672089253819
0.497081565883417,0.79672089253819
0.502895519743322,0.79672089253819
0.504905992633578,0.79672089253819
0.502592680070596,0.79672089253819
0.504153125959517,0.79672089253819
0.503210198811504,0.79672089253819
0.495405225071364,0.79672089253819
0.499446256053527,0.79672089253819
0.504407777212148,0.79672089253819
0.498698816848015,0.79672089253819
0.497096867244763,0.79672089253819
0.493636321437582,0.79672089253819
0.493791370184348,0.79672089253819
0.501378334413151,0.79672089253819
0.494993396128272,0.79672089253819
0.492375409753452,0.79672089253819
0.499187238401064,0.79672089253819
0.500873059053761,0.79672089253819
0.498072164189053,0.79672089253819
0.492695999815455,0.79672089253819
0.499835983356682,0.79672089253819
0.488953675280043,0.79672089253819
0.500163140937889,0.79672089253819
0.499221253084892,0.79672089253819
0.490299277091425,0.79672089253819
0.502942764718951,0.79672089253819
0.494771251214759,0.79672089253819
0.496527942909008,0.79672089253819
0.49829433562799,0.79672089253819
0.49988061447888,0.79672089253819
0.49466050924338,0.79672089253819
0.500220281630851,0.79672089253819
0.504372815111058,0.79672089253819
0.501216060906259,0.79672089253819
0.493967444845537,0.79672089253819
0.489598404926579,0.79672089253819
0.492923985243006,0.79672089253819
0.50001975953825,0.79672089253819
0.499925181956786,0.79672089253819
0.497580103058394,0.79672089253819
0.490461420970313,0.79672089253819
0.495886254316345,0.79672089253819
0.494911514700416,0.79672089253819
0.501783053928282,0.79672089253819
0.502610398620465,0.79672089253819
0.496307172800469,0.79672089253819
0.495841871275374,0.79672089253819
0.502594890206001,0.79672089253819
0.500081647889193,0.79672089253819
0.495126380878912,0.79672089253819
0.502447818554255,0.79672089253819
0.5008871747745,0.79672089253819
0.497176079438465,0.79672089253819
0.498865785314605,0.79672089253819
0.499671341483437,0.79672089253819
0.494091228801884,0.79672089253819
0.501520235960031,0.79672089253819
0.505389182958338,0.79672089253819
0.507995868665957,0.79672089253819
0.509641229264269,0.79672089253819
0.503244228689164,0.79672089253819
0.497760199874749,0.79672089253819
0.496574847582837,0.79672089253819
0.50124769994207,0.79672089253819
0.506810230195707,0.79672089253819
0.494396770939169,0.79672089253819
0.497226992193919,0.79672089253819
0.499623887863275,0.79672089253819
0.499563226698621,0.79672089253819
0.492749982869255,0.79672089253819
0.49399831845619,0.79672089253819
0.503009757546169,0.79672089253819
0.503668446139791,0.79672089253819
0.49651849081176,0.79672089253819
0.500785124807141,0.79672089253819
0.493290109138288,0.79672089253819
0.497729695501942,0.79672089253819
0.500532511038624,0.79672089253819
0.494129101290176,0.79672089253819
0.499262834503571,0.79672089253819
0.50051614557414,0.79672089253819
0.503055027788713,0.79672089253819
0.502159214103709,0.79672089253819
0.500904279943714,0.79672089253819
0.505022399309574,0.79672089253819
0.5046170211044,0.79672089253819
0.503949498928377,0.79672089253819
0.506803553044484,0.79672089253819
0.493331706788631,0.79672089253819
0.494264694502776,0.79672089253819
0.492864143957626,0.79672089253819
0.49360668688118,0.79672089253819
0.496214154997893,0.79672089253819
0.489270336070854,0.79672089253819
0.504947244355132,0.79672089253819
0.494770162823912,0.79672089253819
0.495463329450009,0.79672089253819
0.495257106364408,0.79672089253819
0.506050315983327,0.79672089253819
0.50065097757872,0.79672089253819
0.497573854442022,0.79672089253819
0.496699498575619,0.79672089253819
0.494901368634135,0.79672089253819
0.499337078969893,0.79672089253819
0.498298279470023,0.79672089253819
0.49168360984082,0.79672089253819
0.492992467229471,0.79672089253819
0.492324929197411,0.79672089253819
0.495184350111118,0.79672089253819
0.491403910086219,0.79672089253819
0.496446583459653,0.79672089253819
0.496445860478454,0.79672089253819
0.496210357773431,0.79672089253819
0.49712662320382,0.79672089253819
0.492479717671165,0.79672089253819
0.494987983879902,0.79672089253819
0.496321097760385,0.79672089253819
0.492017438062599,0.79672089253819
0.49305187706251,0.79672089253819
0.509372045270595,0.79672089253819
0.492025861882787,0.79672089253819
0.500448572212718,0.79672089253819
0.495901094957924,0.79672089253819
0.491498192612404,0.79672089253819
0.502356646545272,0.79672089253819
0.490452682007036,0.79672089253819
0.49023936324565,0.79672089253819
0.493849695828187,0.79672089253819
0.500962810052813,0.79672089253819
0.493661731886169,0.79672089253819
0.507209781088506,0.79672089253819
0.495040160748179,0.79672089253819
0.504885767708792,0.79672089253819
0.501964823031938,0.79672089253819
0.497182010819362,0.79672089253819
0.494266547792853,0.79672089253819
0.497862016806131,0.79672089253819
0.501578354346418,0.79672089253819
0.495691066188523,0.79672089253819
0.493482001611203,0.79672089253819
0.496468476231825,0.79672089253819
0.497068736421252,0.79672089253819
0.495779429122403,0.79672089253819
0.50097323340878,0.79672089253819
0.498100991291713,0.79672089253819
0.499804683398338,0.79672089253819
0.498698758245745,0.79672089253819
0.49076397444564,0.79672089253819
0.502757868737107,0.79672089253819
0.498074028251802,0.79672089253819
0.496927334086895,0.79672089253819
0.507592308873051,0.79672089253819
0.49680107098552,0.79672089253819
0.490564621927489,0.79672089253819
0.494760188650377,0.79672089253819
0.502359635902563,0.79672089253819
0.509593508531897,0.79672089253819
0.503192138603863,0.79672089253819
0.493799774198823,0.79672089253819
0.499447681330408,0.79672089253819
0.502801990401901,0.79672089253819
0.503226087393824,0.79672089253819
0.500603259251894,0.79672089253819
0.499613706273044,0.79672089253819
0.492398624744168,0.79672089253819
0.49405893455108,0.79672089253819
0.497202574410807,0.79672089253819
0.499367206286391,0.79672089253819
0.500281724798366,0.79672089253819
0.503939707846808,0.79672089253819
0.49800148472954,0.79672089253819
0.503178895588182,0.79672089253819
0.49431327924004,0.79672089253819
0.499607882601931,0.79672089253819
0.500696877402852,0.79672089253819
0.495672936574469,0.79672089253819
0.49587584051899,0.79672089253819
0.496471813087723,0.79672089253819
0.495893095235078,0.79672089253819
0.504799446745609,0.79672089253819
0.495525454790756,0.79672089253819
0.496875488853696,0.79672089253819
0.500116274157657,0.79672089253819
0.489838264196152,0.79672089253819
0.49717218260421,0.79672089253819
0.503465454795231,0.79672089253819
0.495613811838624,0.79672089253819
0.497127158456193,0.79672089253819
0.491473299088559,0.79672089253819
0.503098200236149,0.79672089253819
0.493736179940393,0.79672089253819
0.498312732828928,0.79672089253819
0.494922508116038,0.79672089253819
0.500256094774577,0.79672089253819
0.501373963676446,0.79672089253819
0.499070154991508,0.79672089253819
0.49575582831961,0.79672089253819
0.500965630715698,0.79672089253819
0.502500719256223,0.79672089253819
0.50183334863759,0.79672089253819
0.494503110969782,0.79672089253819
0.501372122261207,0.79672089253819
0.499001469778185,0.79672089253819
0.502678152077525,0.79672089253819
0.489606019298237,0.79672089253819
0.49680579357814,0.79672089253819
0.504235378106658,0.79672089253819
0.494459885576041,0.79672089253819
0.497164110482927,0.79672089253819
0.487209630360671,0.79672089253819
0.494689704005527,0.79672089253819
0.501988123665236,0.79672089253819
0.495087566949152,0.79672089253819
0.498432021874539,0.79672089253819
0.496771317115091,0.79672089253819
0.503713232284252,0.79672089253819
0.50283015941655,0.79672089253819
0.496493404776125,0.79672089253819
0.493864425074171,0.79672089253819
0.494005508422772,0.79672089253819
0.501221971378599,0.79672089253819
0.489425778627207,0.79672089253819
0.495856217055738,0.79672089253819
0.503514202413284,0.79672089253819
0.497124955210194,0.79672089253819
0.503799643000004,0.79672089253819
0.49776657189598,0.79672089253819
0.503713565126149,0.79672089253819
0.491496071138588,0.79672089253819
0.494085765011604,0.79672089253819
0.498097413430187,0.79672089253819
0.501125900811723,0.79672089253819
0.501176979700425,0.79672089253819
0.491324173419006,0.79672089253819
0.497656513313666,0.79672089253819
0.502048112790035,0.79672089253819
0.490560088497044,0.79672089253819
0.495930627943856,0.79672089253819
0.496724171444672,0.79672089253819
0.500658337560356,0.79672089253819
0.500332513631706,0.79672089253819
0.497063289869637,0.79672089253819
0.501570808021814,0.79672089253819
0.503759936196205,0.79672089253819
0.497698649224233,0.79672089253819
0.500062546382713,0.79672089253819
0.497149661635832,0.79672089253819
0.499800766868381,0.79672089253819
0.500051067528498,0.79672089253819
0.505751288536875,0.79672089253819
0.50070759857109,0.79672089253819
0.504753597376877,0.79672089253819
0.497545388864635,0.79672089253819
0.498591349376088,0.79672089253819
0.50279376331652,0.79672089253819
0.496564701078754,0.79672089253819
0.498199739630022,0.79672089253819
0.500689961935635,0.79672089253819
0.491607167828212,0.79672089253819
0.498544577315097,0.79672089253819
0.490667773826071,0.79672089253819
0.498213892272331,0.79672089253819
0.503679903428274,0.79672089253819
0.502158221582013,0.79672089253819
0.509094867104803,0.79672089253819
0.501324847961922,0.79672089253819
0.494229119278205,0.79672089253819
0.498842789718286,0.79672089253819
0.498645787801632,0.79672089253819
0.505601822718454,0.79672089253819
0.496874762360621,0.79672089253819
0.494817583394078,0.79672089253819
0.494031580364092,0.79672089253819
0.503809074645684,0.79672089253819
0.493028325903637,0.79672089253819
0.504517860404537,0.79672089253819
0.499251073096715,0.79672089253819
0.497815729106521,0.79672089253819
0.498018087549531,0.79672089253819
0.495644709018291,0.79672089253819
0.496670472907448,0.79672089253819
0.497726181713422,0.79672089253819
0.495090880186996,0.79672089253819
0.49602074096534,0.79672089253819
0.497853988880522,0.79672089253819
0.494755442089725,0.79672089253819
0.488375724177056,0.79672089253819
0.503557032404989,0.79672089253819
0.492394413285139,0.79672089253819
0.496330670657525,0.79672089253819
0.495350410821517,0.79672089253819
0.494119648734478,0.79672089253819
0.491957317539352,0.79672089253819
0.493429517530882,0.79672089253819
0.495189763553895,0.79672089253819
0.503447210757407,0.79672089253819
0.496216834468887,0.79672089253819
0.503528946380417,0.79672089253819
0.510618482509232,0.79672089253819
0.501799059614471,0.79672089253819
0.493754888239544,0.79672089253819
0.504009864502221,0.79672089253819
0.494695613743492,0.79672089253819
0.5052564450338,0.79672089253819
0.501904985032183,0.79672089253819
0.501863107234466,0.79672089253819
0.495217535310267,0.79672089253819
0.502592504029697,0.79672089253819
0.505860135314926,0.79672089253819
0.49813719903181,0.79672089253819
0.501605099260722,0.79672089253819
0.499251126486388,0.79672089253819
0.494728984938469,0.79672089253819
0.488948735200503,0.79672089253819
0.493047859239917,0.79672089253819
0.501818748329207,0.79672089253819
0.500640029431711,0.79672089253819
0.496878128145349,0.79672089253819
0.502505152589638,0.79672089253819
0.500311954556048,0.79672089253819
0.506726928006012,0.79672089253819
0.502317613378142,0.79672089253819
0.500026578167847,0.79672089253819
0.501680181538831,0.79672089253819
0.497277496885014,0.79672089253819
0.497140734567624,0.79672089253819
0.495871417592764,0.79672089253819
0.501729221686737,0.79672089253819
0.500020834083094,0.79672089253819
0.500300279534518,0.79672089253819
0.496757141391913,0.79672089253819
0.496520615855207,0.79672089253819
0.497843103846664,0.79672089253819
0.497237794340077,0.79672089253819
0.501739426594193,0.79672089253819
0.499577648829703,0.79672089253819
0.498617564099488,0.79672089253819
0.499421282621037,0.79672089253819
0.50544437368247,0.79672089253819
0.498530890560889,0.79672089253819
0.502762430947073,0.79672089253819
0.50545457531589,0.79672089253819
0.504661796073393,0.79672089253819
0.501675063785212,0.79672089253819
0.498976743791062,0.79672089253819
0.506559332135001,0.79672089253819
0.498702431193344,0.79672089253819
0.498971428276106,0.79672089253819
0.502619258340296,0.79672089253819
0.503842426948626,0.79672089253819
0.505262517277398,0.79672089253819
0.498496770064992,0.79672089253819
0.489889596981758,0.79672089253819
0.497924554422489,0.79672089253819
0.499818621372698,0.79672089253819
0.4975551556577,0.79672089253819
0.495743243179388,0.79672089253819
0.497277867004737,0.79672089253819
0.498910764049265,0.79672089253819
0.504086530836313,0.79672089253819
0.496739572316675,0.79672089253819
0.493023822595667,0.79672089253819
0.499975191465261,0.79672089253819
0.497170966523944,0.79672089253819
0.501094232020162,0.79672089253819
0.503300150736821,0.79672089253819
0.497716487800175,0.79672089253819
0.502276937825,0.79672089253819
0.498609571987389,0.79672089253819
0.49236656017052,0.79672089253819
0.501055797613634,0.79672089253819
0.497193161937333,0.79672089253819
0.504180081848776,0.79672089253819
0.497988261528136,0.79672089253819
0.501518881844498,0.79672089253819
0.502631303651261,0.79672089253819
0.498266179858501,0.79672089253819
0.496111590038446,0.79672089253819
0.500045470076549,0.79672089253819
0.491999098651879,0.79672089253819
0.504851016631307,0.79672089253819
0.500871879725946,0.79672089253819
0.50413418062717,0.79672089253819
0.504595817744138,0.79672089253819
0.509646839493839,0.79672089253819
0.494088249944938,0.79672089253819
0.496908291563768,0.79672089253819
0.498297360074202,0.79672089253819
0.498666314644913,0.79672089253819
0.505785891272545,0.79672089253819
0.493694040818639,0.79672089253819
0.499974799179867,0.79672089253819
0.497950405758736,0.79672089253819
0.496464531991396,0.79672089253819
0.503422657432902,0.79672089253819
0.493152911038369,0.79672089253819
0.500532344245832,0.79672089253819
0.499394210988973,0.79672089253819
0.499265989321097,0.79672089253819
0.498337008003922,0.79672089253819
0.502769650396773,0.79672089253819
0.497129730590493,0.79672089253819
0.500536711344767,0.79672089253819
0.505416752845086,0.79672089253819
0.497106945859383,0.79672089253819
0.494615711933493,0.79672089253819
0.494970391428547,0.79672089253819
0.489984128904418,0.79672089253819
0.492502816073742,0.79672089253819
0.498037919671582,0.79672089253819
0.496239290904235,0.79672089253819
0.493824110462144,0.79672089253819
0.500880883495392,0.79672089253819
0.491843014652992,0.79672089253819
0.504032183346209,0.79672089253819
0.506501416579112,0.79672089253819
0.496183535365994,0.79672089253819
0.501093322851856,0.79672089253819
0.500056340448487,0.79672089253819
0.500970304836527,0.79672089253819
0.502340236018842,0.79672089253819
0.498430643711,0.79672089253819
0.501755506165539,0.79672089253819
0.493061339844476,0.79672089253819
0.500907433389074,0.79672089253819
0.506005113882111,0.79672089253819
0.494435130382681,0.79672089253819
0.497106100335388,0.79672089253819
0.503378210126047,0.79672089253819
0.496144559364683,0.79672089253819
0.49902761593167,0.79672089253819
0.494780643019349,0.79672089253819
0.486310079663457,0.79672089253819
0.498655203911955,0.79672089253819
0.499352071552865,0.79672089253819
0.495363127782416,0.79672089253819
0.497935529767849,0.79672089253819
0.499676071613664,0.79672089253819
0.48869007141855,0.79672089253819
0.495489689088037,0.79672089253819
0.506328467259805,0.79672089253819
0.496994686546586,0.79672089253819
0.498478248176076,0.79672089253819
0.499617497576324,0.79672089253819
0.49168462755859,0.79672089253819
0.497385218332674,0.79672089253819
0.512081896091377,0.79672089253819
0.506357425834279,0.79672089253819
0.495889702380191,0.79672089253819
0.499275338073567,0.79672089253819
0.499144717072421,0.79672089253819
0.501655784988393,0.79672089253819
0.498887447300262,0.79672089253819
0.504794162811486,0.79672089253819
0.498151556274999,0.79672089253819
0.496593571187202,0.79672089253819
0.50411734622722,0.79672089253819
0.501336670200247,0.79672089253819
0.497306514856101,0.79672089253819
0.504949480909093,0.79672089253819
0.510951840557836,0.79672089253819
0.500093690923483,0.79672089253819
0.497949294284924,0.79672089253819
0.501096018281255,0.79672089253819
0.497159024681498,0.79672089253819
0.494960475397963,0.79672089253819
0.508796259872975,0.79672089253819
0.495187048501051,0.79672089253819
0.498761331282807,0.79672089253819
0.497791348737649,0.79672089253819
0.50646417032249,0.79672089253819
0.502874585427571,0.79672089253819
0.502516850519433,0.79672089253819
0.494214331834724,0.79672089253819
0.492616950764129,0.79672089253819
0.497954439491308,0.79672089253819
0.495960759325483,0.79672089253819
0.503562937840595,0.79672089253819
0.496261577550654,0.79672089253819
0.494736003693708,0.79672089253819
0.496610364370827,0.79672089253819
0.497688216263169,0.79672089253819
0.501667218843974,0.79672089253819
0.509493715894306,0.79672089253819
0.499028270216966,0.79672089253819
0.500059213911617,0.79672089253819
0.504719055346754,0.79672089253819
0.50830091056069,0.79672089253819
0.499892926461684,0.79672089253819
0.504799832212638,0.79672089253819
0.496451755885744,0.79672089253819
0.497998895295691,0.79672089253819
0.503472892177067,0.79672089253819
0.500442747958203,0.79672089253819
0.499896084243,0.79672089253819
0.497944023888425,0.79672089253819
0.502096233785333,0.79672089253819
0.49226446514795,0.79672089253819
0.499324471808623,0.79672089253819
0.500760773628809,0.79672089253819
0.499915119225928,0.79672089253819
0.490679083412862,0.79672089253819
0.504720657129013,0.79672089253819
0.503439165592682,0.79672089253819
0.496173339714459,0.79672089253819
0.500229965180311,0.79672089253819
0.505086145727121,0.79672089253819
0.497385628358396,0.79672089253819
0.502171336232815,0.79672089253819
0.496936394145506,0.79672089253819
0.49594848724835,0.79672089253819
0.500864101467413,0.79672089253819
0.497426970301922,0.79672089253819
0.496850831182077,0.79672089253819
0.503903388901982,0.79672089253819
0.500312947750894,0.79672089253819
0.491175600408374,0.79672089253819
0.498716540918977,0.79672089253819
0.49987661454131,0.79672089253819
0.498799579169735,0.79672089253819
0.49639841102198,0.79672089253819
0.503386317612137,0.79672089253819
0.494251380170366,0.79672089253819
0.497362806176548,0.79672089253819
0.499482432513601,0.79672089253819
0.505022178283564,0.79672089253819
0.500712895423069,0.79672089253819
0.502112665311804,0.79672089253819
0.500143222301776,0.79672089253819
0.500704282949042,0.79672089253819
0.493546047863212,0.79672089253819
0.494288423203177,0.79672089253819
0.505135434888304,0.79672089253819
0.500893672565393,0.79672089253819
0.49923416003086,0.79672089253819
0.49473226950064,0.79672089253819
0.497489209172121,0.79672089253819
0.500755629495615,0.79672089253819
0.491360467459349,0.79672089253819
0.492316524453841,0.79672089253819
0.500667688812778,0.79672089253819
0.499278893335449,0.79672089253819
0.501652257500383,0.79672089253819
0.503208535300772,0.79672089253819
0.497324117912098,0.79672089253819
0.503057954643705,0.79672089253819
0.496918875958875,0.79672089253819
0.498121910246682,0.79672089253819
0.505808615899566,0.79672089253819
0.493765308598381,0.79672089253819
0.494576994062751,0.79672089253819
0.48849673408485,0.79672089253819
0.502533587963787,0.79672089253819
0.502025699977877,0.79672089253819
0.488904521629843,0.79672089253819
0.499708530123154,0.79672089253819
0.497788879174755,0.79672089253819
0.493360612217619,0.79672089253819
0.493768062034721,0.79672089253819
0.492013808085823,0.79672089253819
0.504563225709632,0.79672089253819
0.49803517519411,0.79672089253819
0.504558576644344,0.79672089253819
0.497655612562246,0.79672089253819
0.49929563220464,0.79672089253819
0.49677509903152,0.79672089253819
0.499959803711893,0.79672089253819
0.501234480013071,0.79672089253819
0.50566553485664,0.79672089253819
0.494338615848627,0.79672089253819
0.503184938558367,0.79672089253819
0.497681890829985,0.79672089253819
0.49916300107926,0.79672089253819
0.506114225013762,0.79672089253819
0.499481027448937,0.79672089253819
0.504875466126161,0.79672089253819
0.494668667978531,0.79672089253819
0.505140485668103,0.79672089253819
0.492201615182288,0.79672089253819
0.498685575125293,0.79672089253819
0.497407867535264,0.79672089253819
0.498130461673708,0.79672089253819
0.491747962376612,0.79672089253819
0.499398303517794,0.79672089253819
0.500754767925501,0.79672089253819
0.498397915564898,0.79672089253819
0.506594751635468,0.79672089253819
0.501703244069909,0.79672089253819
0.507725524200233,0.79672089253819
0.498971481169209,0.79672089253819
0.494468643837857,0.79672089253819
0.495677520842121,0.79672089253819
0.498296618754285,0.79672089253819
0.50282817244727,0.79672089253819
0.502338651788449,0.79672089253819
0.495359369724238,0.79672089253819
0.493491908608737,0.79672089253819
0.499039881814883,0.79672089253819
0.494854008129253,0.79672089253819
0.504621585700836,0.79672089253819
0.497902336045606,0.79672089253819
0.499216692168024,0.79672089253819
0.492989683677872,0.79672089253819
0.494961500975004,0.79672089253819
0.494471521423962,0.79672089253819
0.495072912223529,0.79672089253819
0.500739046312562,0.79672089253819
0.503626901337744,0.79672089253819
0.495781205663614,0.79672089253819
0.511248221413142,0.79672089253819
0.496354603219864,0.79672089253819
0.500468290081419,0.79672089253819
0.497164080650946,0.79672089253819
0.501296769999768,0.79672089253819
0.503274374210948,0.79672089253819
0.50252347784656,0.79672089253819
0.495572467176261,0.79672089253819
0.497519821948399,0.79672089253819
0.492516649652042,0.79672089253819
0.502771514947858,0.79672089253819
0.494973542990689,0.79672089253819
0.499986047477899,0.79672089253819
0.500299960678145,0.79672089253819
0.495792146135548,0.79672089253819
0.50195013435164,0.79672089253819
0.493880156869352,0.79672089253819
0.495372410553896,0.79672089253819
0.496421773262183,0.79672089253819
0.501000461739394,0.79672089253819
0.503380235535927,0.79672089253819
0.493454468103958,0.79672089253819
0.508221949921808,0.79672089253819
0.491296208754851,0.79672089253819
0.498626563877088,0.79672089253819
0.494037523309371,0.79672089253819
0.501031469651692,0.79672089253819
0.494751720519838,0.79672089253819
0.500051226731297,0.79672089253819
0.497305799743533,0.79672089253819
0.49111239792605,0.79672089253819
0.499723696867785,0.79672089253819
0.491824072445621,0.79672089253819
0.502018141717348,0.79672089253819
0.505223111886513,0.79672089253819
0.493538599921058,0.79672089253819
0.49435869126979,0.79672089253819
0.500993240566595,0.79672089253819
0.504045920598249,0.79672089253819
0.499102782746766,0.79672089253819
0.496522057039605,0.79672089253819
0.503417490458611,0.79672089253819
0.495577206301243,0.79672089253819
0.498571434996312,0.79672089253819
0.505291000048093,0.79672089253819
0.503641984103676,0.79672089253819
0.496971671366139,0.79672089253819
0.497188155430269,0.79672089253819
0.490349766175567,0.79672089253819
0.493084312405491,0.79672089253819
0.502536036986877,0.79672089253819
0.494168210348064,0.79672089253819
0.501612117554581,0.79672089253819
0.496796284040103,0.79672089253819
0.497570653436472,0.79672089253819
0.49148994072847,0.79672089253819
0.497912595653111,0.79672089253819
0.489052151363118,0.79672089253819
0.498814718541453,0.79672089253819
0.495444583221207,0.79672089253819
0.499192345203593,0.79672089253819
0.498378228357358,0.79672089253819
0.497893978560379,0.79672089253819
0.490536550552458,0.79672089253819
0.50008572552872,0.79672089253819
0.498099941679216,0.79672089253819
0.497808347215669,0.79672089253819
0.502670472783612,0.79672089253819
0.499337793947565,0.79672089253819
0.506230399194655,0.79672089253819
0.49984414497998,0.79672089253819
0.498948318594808,0.79672089253819
0.50257130369432,0.79672089253819
0.49333550885872,0.79672089253819
0.495735829471861,0.79672089253819
0.504020653949907,0.79672089253819
0.493109585945575,0.79672089253819
0.496243281249304,0.79672089253819
0.504345528539515,0.79672089253819
0.490657595464215,0.79672089253819
0.496176902295868,0.79672089253819
0.493313846313182,0.79672089253819
0.501815475886069,0.79672089253819
0.498161954008749,0.79672089253819
0.495673796933549,0.79672089253819
0.497889076594408,0.79672089253819
0.494533372077797,0.79672089253819
0.499085914167484,0.79672089253819
0.499222451048354,0.79672089253819
0.494743134582913,0.79672089253819
0.511761496340313,0.79672089253819
0.499026373962886,0.79672089253819
0.50701207502207,0.79672089253819
0.493504828678662,0.79672089253819
0.499243829609746,0.79672089253819
0.500986347906922,0.79672089253819
0.509149502753915,0.79672089253819
0.488575127976593,0.79672089253819
0.494352714497916,0.79672089253819
0.501463568137002,0.79672089253819
0.503468960164688,0.79672089253819
0.504587661702745,0.79672089253819
0.500669310427832,0.79672089253819
0.4916430503937,0.79672089253819
0.501073053021516,0.79672089253819
0.498336542009746,0.79672089253819
0.511395715433299,0.79672089253819
0.510964031721572,0.79672089253819
0.492246200655152,0.79672089253819
0.494239435567964,0.79672089253819
0.489463530811008,0.79672089253819
0.510295318268269,0.79672089253819
0.502653678065888,0.79672089253819
0.491426435252062,0.79672089253819
0.494894732748637,0.79672089253819
0.496472881577681,0.79672089253819
0.498759682102123,0.79672089253819
0.489510835751074,0.79672089253819
0.496415048804618,0.79672089253819
0.493080101174602,0.79672089253819
0.493193078204055,0.79672089253819
0.494578282264399,0.79672089253819
0.501381032034205,0.79672089253819
0.49437114623223,0.79672089253819
0.502975355434916,0.79672089253819
0.498513998517433,0.79672089253819
0.497826333293217,0.79672089253819
0.492957677330165,0.79672089253819
0.500677553584203,0.79672089253819
0.494802754757577,0.79672089253819
0.495865718039233,0.79672089253819
0.500689889165017,0.79672089253819
0.492841154586631,0.79672089253819
0.494101101154757,0.79672089253819
0.490495934106647,0.79672089253819
0.494720765706267,0.79672089253819
0.493605196192028,0.79672089253819
0.493808464765617,0.79672089253819
0.504382210685298,0.79672089253819
0.491856771609364,0.79672089253819
0.508101773011193,0.79672089253819
0.502608653085779,0.79672089253819
0.488281840579075,0.79672089253819
0.503460815151542,0.79672089253819
0.49691736037051,0.79672089253819
0.49626425013362,0.79672089253819
0.505111265491961,0.79672089253819
0.502085873632984,0.79672089253819
0.494808540996945,0.79672089253819
0.495959003435735,0.79672089253819
0.505683981782758,0.79672089253819
0.487990812463918,0.79672089253819
0.512313644288552,0.79672089253819
0.498543903272418,0.79672089253819
0.50242201820887,0.79672089253819
0.494803281488069,0.79672089253819
0.493747782529134,0.79672089253819
0.496026086718805,0.79672089253819
0.501446171696591,0.79672089253819
0.497712714672858,0.79672089253819
0.497918032200776,0.79672089253819
0.494057078194354,0.79672089253819
0.498460292942444,0.79672089253819
0.501848982829721,0.79672089253819
0.500189672832622,0.79672089253819
0.502725138061474,0.79672089253819
0.498022736862262,0.79672089253819
0.497534729500571,0.79672089253819
0.507041556509352,0.79672089253819
0.502210705188773,0.79672089253819
0.497000789332354,0.79672089253819
0.493109751644638,0.79672089253819
0.496898561963329,0.79672089253819
0.483464135742511,0.79672089253819
0.503054756816762,0.79672089253819
0.500308352201134,0.79672089253819
0.492720174534188,0.79672089253819
0.502221033914626,0.79672089253819
0.499238238923114,0.79672089253819
0.5020353667383,0.79672089253819
0.503893710848686,0.79672089253819
0.495325311967031,0.79672089253819
0.486417319410028,0.79672089253819
0.501621829319308,0.79672089253819
0.500942974195614,0.79672089253819
0.50294858930987,0.79672089253819
0.496228354431168,0.79672089253819
0.499549289696871,0.79672089253819
0.487811239016019,0.79672089253819
0.493911640519799,0.79672089253819
0.496239091660468,0.79672089253819
0.497502514937516,0.79672089253819
0.498445087154875,0.79672089253819
0.50372455500688,0.79672089253819
0.498217763389755,0.79672089253819
0.496719562140176,0.79672089253819
0.503367283116176,0.79672089253819
0.500305435688495,0.79672089253819
0.502213952912497,0.79672089253819
0.496550500638596,0.79672089253819
0.50211205386193,0.79672089253819
0.499838263424095,0.79672089253819
0.493676669349557,0.79672089253819
0.499299208837049,0.79672089253819
0.496792884292294,0.79672089253819
0.495972953822613,0.79672089253819
0.507149239340152,0.79672089253819
0.500693474501842,0.79672089253819
0.497001438357865,0.79672089253819
0.497139546579334,0.79672089253819
0.499524362072495,0.79672089253819
0.502685738513345,0.79672089253819
0.498229019352924,0.79672089253819
0.499522529939181,0.79672089253819
0.494037424626045,0.79672089253819
0.501212908474343,0.79672089253819
0.489467332457681,0.79672089253819
0.495158276212096,0.79672089253819
0.493381667728325,0.79672089253819
0.508100278663473,0.79672089253819
0.512590256264161,0.79672089253819
0.497689792366236,0.79672089253819
0.499456833426486,0.79672089253819
0.499463677079242,0.79672089253819
0.50363274307422,0.79672089253819
0.498031468591779,0.79672089253819
0.495859777946958,0.79672089253819
0.497665445241365,0.79672089253819
0.500312150246762,0.79672089253819
0.500910835900908,0.79672089253819
0.497423246480854,0.79672089253819
0.508123763004475,0.79672089253819
0.497405166527189,0.79672089253819
0.495499480252423,0.79672089253819
0.499227918004954,0.79672089253819
0.500179044254474,0.79672089253819
0.503453422511538,0.79672089253819
0.507953621742727,0.79672089253819
0.494881659092466,0.79672089253819
0.501887916625134,0.79672089253819
0.493640486340381,0.79672089253819
0.502537872769481,0.79672089253819
0.497535081370791,0.79672089253819
0.496729197387705,0.79672089253819
0.509006672568973,0.79672089253819
0.499745300456331,0.79672089253819
0.495819011903013,0.79672089253819
0.494011773715452,0.79672089253819
0.48916909870822,0.79672089253819
0.504863906280558,0.79672089253819
0.506055360596564,0.79672089253819
0.503935916085409,0.79672089253819
0.503747836109667,0.79672089253819
0.50423973093331,0.79672089253819
0.499738148862051,0.79672089253819
0.495260312966475,0.79672089253819
0.503318228792473,0.79672089253819
0.507039409418153,0.79672089253819
0.500573899580953,0.79672089253819
0.498751496614906,0.79672089253819
0.499886114892871,0.79672089253819
0.502403960140514,0.79672089253819
0.499983591052521,0.79672089253819
0.504203220482257,0.79672089253819
0.504228919695746,0.79672089253819
0.489560419775423,0.79672089253819
0.503090356905692,0.79672089253819
0.491720421416777,0.79672089253819
0.500493809811024,0.79672089253819
0.500539482349464,0.79672089253819
0.498530572633258,0.79672089253819
0.50322867674053,0.79672089253819
0.493362809454243,0.79672089253819
0.499123618759986,0.79672089253819
0.497393885316584,0.79672089253819
0.499300091449381,0.79672089253819
0.498026202073607,0.79672089253819
0.499057925199354,0.79672089253819
0.495019499719059,0.79672089253819
0.495813581095408,0.79672089253819
0.504498988972039,0.79672089253819
0.507109315665997,0.79672089253819
0.504163793259283,0.79672089253819
0.501244134263832,0.79672089253819
0.49822867302301,0.79672089253819
0.49507361290856,0.79672089253819
0.496573489093792,0.79672089253819
0.494069592528046,0.79672089253819
0.505068412848076,0.79672089253819
0.500609785544764,0.79672089253819
0.508385187943475,0.79672089253819
0.50142790318194,0.79672089253819
0.498822366637187,0.79672089253819
0.507149103442507,0.79672089253819
0.490320812293404,0.79672089253819
0.501196488937073,0.79672089253819
0.494294122182179,0.79672089253819
0.5031490438685,0.79672089253819
0.503723523868753,0.79672089253819
0.500642706495823,0.79672089253819
0.513373270521645,0.79672089253819
0.499097681773716,0.79672089253819
0.49813618380753,0.79672089253819
0.500129714161064,0.79672089253819
0.497448480851212,0.79672089253819
0.486036582612805,0.79672089253819
0.495941929784885,0.79672089253819
0.499691427882655,0.79672089253819
0.49640462893431,0.79672089253819
0.493201805595733,0.79672089253819
0.497839940364208,0.79672089253819
0.493319044688886,0.79672089253819
0.495361965960173,0.79672089253819
0.489109155199306,0.79672089253819
0.50066490494865,0.79672089253819
0.502569720775305,0.79672089253819
0.505485506424724,0.79672089253819
0.497293384305895,0.79672089253819
0.498199801276853,0.79672089253819
0.500292774204289,0.79672089253819
0.500350776953181,0.79672089253819
0.498521135434174,0.79672089253819
0.493421498136104,0.79672089253819
0.501963429670693,0.79672089253819
0.496389823030649,0.79672089253819
0.506358764241539,0.79672089253819
0.502746084601673,0.79672089253819
0.500207822177024,0.79672089253819
0.496138166447364,0.79672089253819
0.502024495344817,0.79672089253819
0.502816608218724,0.79672089253819
0.497461265238125,0.79672089253819
0.493977845426726,0.79672089253819
0.503304570565389,0.79672089253819
0.503509262699853,0.79672089253819
0.502045873385118,0.79672089253819
0.497805400512174,0.79672089253819
0.500198125789215,0.79672089253819
0.492345306930841,0.79672089253819
0.50234900668855,0.79672089253819
0.502996770909518,0.79672089253819
0.496228311154462,0.79672089253819
0.497440787532911,0.79672089253819
0.496517730719531,0.79672089253819
0.496359547402064,0.79672089253819
0.493035345471221,0.79672089253819
0.504782526792455,0.79672089253819
0.502095156278614,0.79672089253819
0.505212351831859,0.79672089253819
0.50092379195483,0.79672089253819
0.496470701012824,0.79672089253819
0.50020307832618,0.79672089253819
0.499931953391576,0.79672089253819
0.498364631314919,0.79672089253819
0.503464534917719,0.79672089253819
0.496409208161999,0.79672089253819
0.498433285721541,0.79672089253819
0.502000827172324,0.79672089253819
0.497732931615965,0.79672089253819
0.493910803097748,0.79672089253819
0.502027979936263,0.79672089253819
0.498472698198821,0.79672089253819
0.492775613132268,0.79672089253819
0.500951825464257,0.79672089253819
0.49283736617828,0.79672089253819
0.489161456241822,0.79672089253819
0.502041713049767,0.79672089253819
0.495015501432142,0.79672089253819
0.503697655536194,0.79672089253819
0.496660939239908,0.79672089253819
0.497388216405607,0.79672089253819
0.493935773714652,0.79672089253819
0.490987452119578,0.79672089253819
0.494014365585261,0.79672089253819
0.498183510641783,0.79672089253819
0.493566727792567,0.79672089253819
0.501845849842367,0.79672089253819
0.501570785607731,0.79672089253819
0.505641904422646,0.79672089253819
0.494467532966054,0.79672089253819
0.50000846937834,0.79672089253819
0.496220949317964,0.79672089253819
0.504289816549511,0.79672089253819
0.506681947068934,0.79672089253819
0.504276755967298,0.79672089253819
0.498026321677778,0.79672089253819
0.492626229301988,0.79672089253819
0.495340302608623,0.79672089253819
0.490616815527591,0.79672089253819
0.493167284376537,0.79672089253819
0.506108670865813,0.79672089253819
0.490346015741869,0.79672089253819
0.492483677809214,0.79672089253819
0.498653839889164,0.79672089253819
0.494303067733217,0.79672089253819
0.4891992286207,0.79672089253819
0.498946166742079,0.79672089253819
0.499569844323165,0.79672089253819
0.493835138254322,0.79672089253819
0.494871368336494,0.79672089253819
0.505163291911427,0.79672089253819
0.499338713606463,0.79672089253819
0.492172137700432,0.79672089253819
0.497898414255521,0.79672089253819
0.512409253288265,0.79672089253819
0.501846701506239,0.79672089253819
0.507389648943907,0.79672089253819
0.503031176359341,0.79672089253819
0.500385402190396,0.79672089253819
0.4995829120643,0.79672089253819
0.492680705737071,0.79672089253819
0.496858333136934,0.79672089253819
0.503574261806137,0.79672089253819
0.490736064672749,0.79672089253819
0.502015523249215,0.79672089253819
0.501195001060804,0.79672089253819
0.488744961539854,0.79672089253819
0.501554791703091,0.79672089253819
0.498380472914398,0.79672089253819
0.498974375952257,0.79672089253819
0.51336005428463,0.79672089253819
0.496531363366056,0.79672089253819
0.497994884021468,0.79672089253819
0.513373994777153,0.79672089253819
0.500743484559674,0.79672089253819
0.495345148360258,0.79672089253819
0.502866957489203,0.79672089253819
0.493660291141744,0.79672089253819
0.495749607933784,0.79672089253819
0.500973549942832,0.79672089253819
0.503065459717711,0.79672089253819
0.497848403516045,0.79672089253819
0.496638259408069,0.79672089253819
0.494900055832898,0.79672089253819
0.496692113390439,0.79672089253819
0.507493763557651,0.79672089253819
0.496826676234445,0.79672089253819
0.493761047148403,0.79672089253819
0.498420676074836,0.79672089253819
0.50761211265652,0.79672089253819
0.493814529094796,0.79672089253819
0.494759290832599,0.79672089253819
0.500615228963626,0.79672089253819
0.500448066221602,0.79672089253819
0.492846782313357,0.79672089253819
0.495694280481391,0.79672089253819
0.498935969982249,0.79672089253819
0.499295029431313,0.79672089253819
0.496895918101388,0.79672089253819
0.504228909712313,0.79672089253819
0.498529335438283,0.79672089253819
0.497378305599066,0.79672089253819
0.501984054080064,0.79672089253819
0.493310851540402,0.79672089253819
0.493631938566716,0.79672089253819
0.509003179808176,0.79672089253819
0.502776130254277,0.79672089253819
0.501248734548094,0.79672089253819
0.497027360332391,0.79672089253819
0.484821545762093,0.79672089253819
0.493997225591301,0.79672089253819
0.503743449836128,0.79672089253819
0.497060238957462,0.79672089253819
0.50201987523032,0.79672089253819
0.503341154431197,0.79672089253819
0.506740758653074,0.79672089253819
0.492079935820362,0.79672089253819
0.497218765597066,0.79672089253819
0.499267703743397,0.79672089253819
0.491285449656402,0.79672089253819
0.499925928897475,0.79672089253819
0.503288061987576,0.79672089253819
0.501506407369328,0.79672089253819
0.500998980196302,0.79672089253819
0.48861570369646,0.79672089253819
0.507676834590546,0.79672089253819
0.493263311136406,0.79672089253819
0.501259581249435,0.79672089253819
0.496995402053995,0.79672089253819
0.502722568936151,0.79672089253819
0.504539964049986,0.79672089253819
0.496979025705077,0.79672089253819
0.501831633457049,0.79672089253819
0.501983777923111,0.79672089253819
0.499166855695961,0.79672089253819
0.505607509877627,0.79672089253819
0.506539486040267,0.79672089253819
0.498536127437023,0.79672089253819
0.492951571742238,0.79672089253819
0.496190403304265,0.79672089253819
0.502088397338337,0.79672089253819
0.498192283383337,0.79672089253819
0.498255179670127,0.79672089253819
0.500456434357229,0.79672089253819
0.500571888237104,0.79672089253819
0.505759159541333,0.79672089253819
0.498466197676028,0.79672089253819
0.501175319901081,0.79672089253819
0.499490488911899,0.79672089253819
0.492321733117698,0.79672089253819
0.505708393932585,0.79672089253819
0.505995598127069,0.79672089253819
0.492026989221882,0.79672089253819
0.501726445151706,0.79672089253819
0.500555124973825,0.79672089253819
0.494631344331197,0.79672089253819
0.490522130702423,0.79672089253819
0.505501326675565,0.79672089253819
0.502474986991028,0.79672089253819
0.499235913709501,0.79672089253819
0.503917134819545,0.79672089253819
0.485598729173645,0.79672089253819
0.507280957435308,0.79672089253819
0.508367849133727,0.79672089253819
0.4905814647397,0.79672089253819
0.50365068449592,0.79672089253819
0.496634301330567,0.79672089253819
0.495827334286519,0.79672089253819
0.511827988526041,0.79672089253819
0.495236674094835,0.79672089253819
0.501648865625802,0.79672089253819
0.501594266027855,0.79672089253819
0.492350058612289,0.79672089253819
0.495819288669166,0.79672089253819
0.500116779671714,0.79672089253819
0.496243319444002,0.79672089253819
0.4935866760732,0.79672089253819
0.503467992559514,0.79672089253819
0.502992103763643,0.79672089253819
0.501953749638305,0.79672089253819
0.504551983062796,0.79672089253819
0.503173491951929,0.79672089253819
0.500486452043238,0.79672089253819
0.502664691067395,0.79672089253819
0.509130218785201,0.79672089253819
0.494081324716956,0.79672089253819
0.500978968527879,0.79672089253819
0.501391154220388,0.79672089253819
0.495910019289677,0.79672089253819
0.500067007394783,0.79672089253819
0.496717811415656,0.79672089253819
0.502466073821741,0.79672089253819
0.510983777611933,0.79672089253819
0.503316712975102,0.79672089253819
0.497909865402432,0.79672089253819
0.501213365015189,0.79672089253819
0.499681387328569,0.79672089253819
0.500189105417859,0.79672089253819
0.497746511433475,0.79672089253819
0.496090420170198,0.79672089253819
0.492352420764408,0.79672089253819
0.500766068293376,0.79672089253819
0.501779465321383,0.79672089253819
0.498137413970287,0.79672089253819
0.495657190438858,0.79672089253819
0.501947292908663,0.79672089253819
0.505918257402963,0.79672089253819
0.502007336590758,0.79672089253819
0.492497691579182,0.79672089253819
0.499890927323352,0.79672089253819
0.497420011772111,0.79672089253819
0.499644875747261,0.79672089253819
0.500648110431217,0.79672089253819
0.504732289606318,0.79672089253819
0.507345643551125,0.79672089253819
0.501161620966334,0.79672089253819
0.498963024189227,0.79672089253819
0.492884620933847,0.79672089253819
0.500861644359826,0.79672089253819
0.498375848668329,0.79672089253819
0.501712318899182,0.79672089253819
0.499312746109927,0.79672089253819
0.496355334635954,0.79672089253819
0.49894248051655,0.79672089253819
0.497528858382514,0.79672089253819
0.495408819696746,0.79672089253819
0.50546454812312,0.79672089253819
0.507871252528426,0.79672089253819
0.493861149492688,0.79672089253819
0.494878998087344,0.79672089253819
0.501283140301249,0.79672089253819
0.504819506471963,0.79672089253819
0.501118387567583,0.79672089253819
0.4966958768175,0.79672089253819
0.500075691776662,0.79672089253819
0.506325331524591,0.79672089253819
0.497175407373962,0.79672089253819
0.492155782807751,0.79672089253819
0.497520293804307,0.79672089253819
0.5026012994609,0.79672089253819
0.491762666640061,0.79672089253819
0.492246225200283,0.79672089253819
0.496666673985056,0.79672089253819
0.492257791821256,0.79672089253819
0.498605772988163,0.79672089253819
0.4946427243761,0.79672089253819
0.501778076620309,0.79672089253819
0.500016166924754,0.79672089253819
0.507141844176072,0.79672089253819
0.49055701998254,0.79672089253819
0.502476071622876,0.79672089253819
0.499005890264066,0.79672089253819
0.494647191970289,0.79672089253819
0.490830873443701,0.79672089253819
0.493768959515232,0.79672089253819
0.498878317998024,0.79672089253819
0.49262430231928,0.79672089253819
0.496110527372799,0.79672089253819
0.496814017836755,0.79672089253819
0.494946177460648,0.79672089253819
0.498459486965394,0.79672089253819
0.500883198535146,0.79672089253819
0.498107656588523,0.79672089253819
0.498771302167277,0.79672089253819
0.491952979789253,0.79672089253819
0.498518192495295,0.79672089253819
0.499671474587889,0.79672089253819
0.501599037742771,0.79672089253819
0.502250806183194,0.79672089253819
0.49374587047026,0.79672089253819
0.50590060652936,0.79672089253819
0.49662296274452,0.79672089253819
0.494372310723715,0.79672089253819
0.500376863771588,0.79672089253819
0.498068583898843,0.79672089253819
0.499990760049043,0.79672089253819
0.500250495332673,0.79672089253819
0.496473947508603,0.79672089253819
0.492825567965944,0.79672089253819
0.495278706540332,0.79672089253819
0.502159724681066,0.79672089253819
0.494754527545901,0.79672089253819
0.495063466372321,0.79672089253819
0.498569492950302,0.79672089253819
0.503911492465086,0.79672089253819
0.49813270840152,0.79672089253819
0.506417156471061,0.79672089253819
0.495168251197354,0.79672089253819
0.488975126448985,0.79672089253819
0.50611579235446,0.79672089253819
0.504862243796049,0.79672089253819
0.499080279112906,0.79672089253819
0.497926972339426,0.79672089253819
0.499456702893761,0.79672089253819
0.497904486126674,0.79672089253819
0.500963835900432,0.79672089253819
0.501332964686614,0.79672089253819
0.49722469321135,0.79672089253819
0.499352724667406,0.79672089253819
0.501211476232265,0.79672089253819
0.495928280172102,0.79672089253819
0.50299110687885,0.79672089253819
0.499172305085509,0.79672089253819
0.49629891399967,0.79672089253819
0.4993328651782,0.79672089253819
0.498212908680838,0.79672089253819
0.500875047528485,0.79672089253819
0.49547060568683,0.79672089253819
0.491126144621512,0.79672089253819
0.504596852821995,0.79672089253819
0.506129817086216,0.79672089253819
0.498950221529585,0.79672089253819
0.502436723738515,0.79672089253819
0.493609281811381,0.79672089253819
0.503256929202175,0.79672089253819
0.505676536692015,0.79672089253819
0.498899491704434,0.79672089253819
0.500084393399748,0.79672089253819
0.501217404104643,0.79672089253819
0.500342271612629,0.79672089253819
0.492058363941297,0.79672089253819
0.495010892125315,0.79672089253819
0.499258290021147,0.79672089253819
0.499415125582631,0.79672089253819
0.495059747652779,0.79672089253819
0.49787906833347,0.79672089253819
0.50466119413466,0.79672089253819
0.501928298245426,0.79672089253819
0.502920630248842,0.79672089253819
0.500964874882813,0.79672089253819
0.500108654285124,0.79672089253819
0.500369641386549,0.79672089253819
0.499359893654481,0.79672089253819
0.505072407041145,0.79672089253819
0.499431196786457,0.79672089253819
0.497255843603705,0.79672089253819
0.50586796500708,0.79672089253819
0.495326184186527,0.79672089253819
0.493174231413408,0.79672089253819
0.497898071988149,0.79672089253819
0.494185801572845,0.79672089253819
0.496799778764931,0.79672089253819
0.509068634836473,0.79672089253819
0.492698393124274,0.79672089253819
0.498470284859688,0.79672089253819
0.501333737487218,0.79672089253819
0.494350473748286,0.79672089253819
0.501865963248346,0.79672089253819
0.495564399212341,0.79672089253819
0.506559427527549,0.79672089253819
0.50176847145136,0.79672089253819
0.50243940711968,0.79672089253819
0.495832983265716,0.79672089253819
0.501332840748166,0.79672089253819
0.502590725360551,0.79672089253819
0.494988005711144,0.79672089253819
0.499554580812252,0.79672089253819
0.48997738216785,0.79672089253819
0.491174401400873,0.79672089253819
0.493862543501146,0.79672089253819
0.496720308697236,0.79672089253819
0.502447656145022,0.79672089253819
0.492753300583093,0.79672089253819
0.49902770963562,0.79672089253819
0.496476558832605,0.79672089253819
0.499365150278675,0.79672089253819
0.4988150247732,0.79672089253819
0.498671751314011,0.79672089253819
0.491285139884791,0.79672089253819
0.503126622584484,0.79672089253819
0.503843016447371,0.79672089253819
0.503617176474014,0.79672089253819
0.498718254482327,0.79672089253819
0.499072936379718,0.79672089253819
0.499317557930158,0.79672089253819
0.502601504059523,0.79672089253819
0.495323814751282,0.79672089253819
0.491012879064334,0.79672089253819
0.496418385690311,0.79672089253819
0.491702063257308,0.79672089253819
0.501085796088668,0.79672089253819
0.500537196234431,0.79672089253819
0.497080205071136,0.79672089253819
0.502297696900697,0.79672089253819
0.498515561910019,0.79672089253819
0.497785923363912,0.79672089253819
0.500102811194086,0.79672089253819
0.505495510698883,0.79672089253819
0.498527327019605,0.79672089253819
0.500106435080968,0.79672089253819
0.50026536074805,0.79672089253819
0.491645596452344,0.79672089253819
0.496397068518673,0.79672089253819
0.495999677297108,0.79672089253819
0.500650287068848,0.79672089253819
0.506622784551281,0.79672089253819
0.500074846656904,0.79672089253819
0.501997365149984,0.79672089253819
0.498874973742938,0.79672089253819
0.489335915322672,0.79672089253819
0.497358079714249,0.79672089253819
0.498537750873655,0.79672089253819
0.493816467693714,0.79672089253819
0.494145068857752,0.79672089253819
0.498985534596737,0.79672089253819
0.493543963815856,0.79672089253819
0.496034488459995,0.79672089253819
0.494860007493936,0.79672089253819
0.493696746186812,0.79672089253819
0.504887940613573,0.79672089253819
0.501821042682903,0.79672089253819
0.499091526866092,0.79672089253819
0.504998541593394,0.79672089253819
0.494114246653512,0.79672089253819
0.504740131820677,0.79672089253819
0.506407275935571,0.79672089253819
0.499325122778682,0.79672089253819
0.500304792707048,0.79672089253819
0.495938208711689,0.79672089253819
0.499375978649273,0.79672089253819
0.503042730358931,0.79672089253819
0.49170740950376,0.79672089253819
0.504623469362712,0.79672089253819
0.492281640034763,0.79672089253819
0.491099321102632,0.79672089253819
0.50527140473902,0.79672089253819
0.494592069206596,0.79672089253819
0.503148357222795,0.79672089253819
0.499356907362726,0.79672089253819
0.507317037478946,0.79672089253819
0.495078451464111,0.79672089253819
0.507830037386264,0.79672089253819
0.499880985694641,0.79672089253819
0.497023363962186,0.79672089253819
0.50117574069096,0.79672089253819
0.505591086907162,0.79672089253819
0.493797745901051,0.79672089253819
0.493563881353476,0.79672089253819
0.498314229148609,0.79672089253819
0.499246975805997,0.79672089253819
0.502244474273537,0.79672089253819
0.498765783318877,0.79672089253819
0.500911687697136,0.79672089253819
0.501901972424228,0.79672089253819
0.500370058622148,0.79672089253819
0.487201985068693,0.79672089253819
0.50646672744199,0.79672089253819
0.50063860275213,0.79672089253819
0.500441716672247,0.79672089253819
0.506583779947933,0.79672089253819
0.492506857241469,0.79672089253819
0.507093642551424,0.79672089253819
0.49574957102503,0.79672089253819
0.496263686102727,0.79672089253819
0.498156273722058,0.79672089253819
0.498006438477198,0.79672089253819
0.499516623798788,0.79672089253819
0.497202414291363,0.79672089253819
0.50356103853175,0.79672089253819
0.506097728877295,0.79672089253819
0.494570604781959,0.79672089253819
0.502414251411921,0.79672089253819
0.497767568781013,0.79672089253819
0.494886118151516,0.79672089253819
0.496165016113603,0.79672089253819
0.490247767389937,0.79672089253819
0.498957674814158,0.79672089253819
0.501007008267576,0.79672089253819
0.499270682119709,0.79672089253819
0.4993307494739,0.79672089253819
0.505899558644888,0.79672089253819
0.502834573974052,0.79672089253819
0.501455216779993,0.79672089253819
0.495255883429771,0.79672089253819
0.500920560285795,0.79672089253819
0.4984803238796,0.79672089253819
0.501333872947897,0.79672089253819
0.49854958159398,0.79672089253819
0.501211949680661,0.79672089253819
0.497037808284431,0.79672089253819
0.501988124235685,0.79672089253819
0.49902915922714,0.79672089253819
0.491081155779526,0.79672089253819
0.507060491226139,0.79672089253819
0.505973467813417,0.79672089253819
0.498287031737178,0.79672089253819
0.504277384448291,0.79672089253819
0.502392971135839,0.79672089253819
0.498768268288045,0.79672089253819
0.504732467960835,0.79672089253819
0.495516069797998,0.79672089253819
0.499773330696739,0.79672089253819
0.49708145527017,0.79672089253819
0.497308403319862,0.79672089253819
0.497698001925669,0.79672089253819
0.499597388106212,0.79672089253819
0.501790580282378,0.79672089253819
0.499392430660536,0.79672089253819
0.504949495455723,0.79672089253819
0.49863117473248,0.79672089253819
0.507650018165499,0.79672089253819
0.505648327061561,0.79672089253819
0.508671968048849,0.79672089253819
0.493841118447511,0.79672089253819
0.496100213341389,0.79672089253819
0.496378778456055,0.79672089253819
0.502116028634191,0.79672089253819
0.499166794110821,0.79672089253819
0.494682107871786,0.79672089253819
0.498862677743879,0.79672089253819
0.501103259062252,0.79672089253819
0.497621266189613,0.79672089253819
0.504145907439809,0.79672089253819
0.496159507959908,0.79672089253819
0.495295273872273,0.79672089253819
0.501344900257275,0.79672089253819
0.49607588317836,0.79672089253819
0.492944431881031,0.79672089253819
0.500657926202275,0.79672089253819
0.496293340925461,0.79672089253819
0.500741434137123,0.79672089253819
0.496302815028775,0.79672089253819
0.492734458858798,0.79672089253819
0.489502927393411,0.79672089253819
0.495119126255749,0.79672089253819
0.501513159273071,0.79672089253819
0.498593294244914,0.79672089253819
0.49477231417399,0.79672089253819
0.497635477282493,0.79672089253819
0.494550456404806,0.79672089253819
0.502399390850681,0.79672089253819
0.499529956733237,0.79672089253819
0.499427394501253,0.79672089253819
0.496677379414076,0.79672089253819
0.498673753391807,0.79672089253819
0.496662087280367,0.79672089253819
0.490598747484329,0.79672089253819
0.500898734017616,0.79672089253819
0.499592975429228,0.79672089253819
0.492602882009593,0.79672089253819
0.502219752003192,0.79672089253819
0.499881733064406,0.79672089253819
0.505753855351458,0.79672089253819
0.508285743670679,0.79672089253819
0.497270625851457,0.79672089253819
0.496288081330143,0.79672089253819
0.491259948710241,0.79672089253819
0.49871261646297,0.79672089253819
0.4878559804699,0.79672089253819
0.489977281944565,0.79672089253819
0.505361683523526,0.79672089253819
0.499416203732371,0.79672089253819
0.494677986390509,0.79672089253819
0.50294248072736,0.79672089253819
0.506876012636293,0.79672089253819
0.493132459823354,0.79672089253819
0.495918991250876,0.79672089253819
0.491631394442283,0.79672089253819
0.495171985059656,0.79672089253819
0.502943169571498,0.79672089253819
0.4993693496164,0.79672089253819
0.501130550147529,0.79672089253819
0.493002850048898,0.79672089253819
0.507897070887875,0.79672089253819
0.50896495311087,0.79672089253819
0.493858538487316,0.79672089253819
0.497214438170053,0.79672089253819
0.492465012759294,0.79672089253819
0.501262711074017,0.79672089253819
0.48876948954434,0.79672089253819
0.503139191766652,0.79672089253819
0.499679268114041,0.79672089253819
0.500373412217875,0.79672089253819
0.50035658675875,0.79672089253819
0.497051282389502,0.79672089253819
0.49756341877484,0.79672089253819
0.500716882794071,0.79672089253819
0.496798451348383,0.79672089253819
