"blastomere","T","major_trajectory","gini","gini_null_median","gini_null_lo","gini_null_hi","diff","diff_hi","blast"
"B1",10.0463362,"CNS_neurons",0.760501927013404,0.478335466258016,0.466247855453151,0.490544521180698,0.282166460755388,0.269957405832706,"Blastomere A"
"B1",10.0463362,"Definitive_erythroid",0.538673071567808,0.478335466258016,0.466247855453151,0.490544521180698,0.0603376053097926,0.0481285503871108,"Blastomere A"
"B1",10.0463362,"Endothelium",0.561647718613795,0.478335466258016,0.466247855453151,0.490544521180698,0.0833122523557791,0.0711031974330973,"Blastomere A"
"B1",10.0463362,"Ependymal_cells",0.394828791055206,0.478335466258016,0.466247855453151,0.490544521180698,-0.0835066752028096,-0.0957157301254914,"Blastomere A"
"B1",10.0463362,"Epithelium",0.719554656017558,0.478335466258016,0.466247855453151,0.490544521180698,0.241219189759542,0.22901013483686,"Blastomere A"
"B1",10.0463362,"Eye_and_other",0.561620622368286,0.478335466258016,0.466247855453151,0.490544521180698,0.0832851561102701,0.0710761011875883,"Blastomere A"
"B1",10.0463362,"Hepatocytes",0.613462522191797,0.478335466258016,0.466247855453151,0.490544521180698,0.135127055933782,0.1229180010111,"Blastomere A"
"B1",10.0463362,"Intermediate_neuronal_progenitors",0.713975308548657,0.478335466258016,0.466247855453151,0.490544521180698,0.235639842290641,0.223430787367959,"Blastomere A"
"B1",10.0463362,"Intestine",0.583505482281901,0.478335466258016,0.466247855453151,0.490544521180698,0.105170016023885,0.092960961101203,"Blastomere A"
"B1",10.0463362,"Lung_and_airway",0.543226872246696,0.478335466258016,0.466247855453151,0.490544521180698,0.0648914059886802,0.0526823510659984,"Blastomere A"
"B1",10.0463362,"Mast_cells",0.272425629290618,0.478335466258016,0.466247855453151,0.490544521180698,-0.205909836967398,-0.21811889189008,"Blastomere A"
"B1",10.0463362,"Megakaryocytes",0.429954856560361,0.478335466258016,0.466247855453151,0.490544521180698,-0.0483806096976547,-0.0605896646203364,"Blastomere A"
"B1",10.0463362,"Mesoderm",0.72661624345682,0.478335466258016,0.466247855453151,0.490544521180698,0.248280777198805,0.236071722276123,"Blastomere A"
"B1",10.0463362,"Muscle_cells",0.669836143597239,0.478335466258016,0.466247855453151,0.490544521180698,0.191500677339224,0.179291622416542,"Blastomere A"
"B1",10.0463362,"Neural_crest_PNS_glia",0.634822122246915,0.478335466258016,0.466247855453151,0.490544521180698,0.156486655988899,0.144277601066217,"Blastomere A"
"B1",10.0463362,"Neural_crest_PNS_neurons",0.646569092829238,0.478335466258016,0.466247855453151,0.490544521180698,0.168233626571222,0.15602457164854,"Blastomere A"
"B1",10.0463362,"Neuroectoderm_and_glia",0.752411484495773,0.478335466258016,0.466247855453151,0.490544521180698,0.274076018237758,0.261866963315076,"Blastomere A"
"B1",10.0463362,"Olfactory_sensory_neurons",0.638857106534452,0.478335466258016,0.466247855453151,0.490544521180698,0.160521640276436,0.148312585353754,"Blastomere A"
"B1",10.0463362,"White_blood_cells",0.517809659266588,0.478335466258016,0.466247855453151,0.490544521180698,0.0394741930085726,0.0272651380858908,"Blastomere A"
"B1",10.1787856,"CNS_neurons",0.765322857185115,0.480767250452982,0.468389550860256,0.492820784332443,0.284555606732133,0.272502072852672,"Blastomere A"
"B1",10.1787856,"Definitive_erythroid",0.549215471629265,0.480767250452982,0.468389550860256,0.492820784332443,0.0684482211762828,0.0563946872968213,"Blastomere A"
"B1",10.1787856,"Endothelium",0.566375036192625,0.480767250452982,0.468389550860256,0.492820784332443,0.0856077857396434,0.0735542518601819,"Blastomere A"
"B1",10.1787856,"Ependymal_cells",0.397998366013072,0.480767250452982,0.468389550860256,0.492820784332443,-0.08276888443991,-0.0948224183193715,"Blastomere A"
"B1",10.1787856,"Epithelium",0.723537901680858,0.480767250452982,0.468389550860256,0.492820784332443,0.242770651227876,0.230717117348414,"Blastomere A"
"B1",10.1787856,"Eye_and_other",0.57478319630589,0.480767250452982,0.468389550860256,0.492820784332443,0.0940159458529085,0.081962411973447,"Blastomere A"
"B1",10.1787856,"Hepatocytes",0.625919247531245,0.480767250452982,0.468389550860256,0.492820784332443,0.145151997078263,0.133098463198801,"Blastomere A"
"B1",10.1787856,"Intermediate_neuronal_progenitors",0.723534625041025,0.480767250452982,0.468389550860256,0.492820784332443,0.242767374588043,0.230713840708581,"Blastomere A"
"B1",10.1787856,"Intestine",0.592281105990783,0.480767250452982,0.468389550860256,0.492820784332443,0.111513855537801,0.09946032165834,"Blastomere A"
"B1",10.1787856,"Lung_and_airway",0.551483050847458,0.480767250452982,0.468389550860256,0.492820784332443,0.0707158003944757,0.0586622665150142,"Blastomere A"
"B1",10.1787856,"Mast_cells",0.278357531760436,0.480767250452982,0.468389550860256,0.492820784332443,-0.202409718692546,-0.214463252572008,"Blastomere A"
"B1",10.1787856,"Megakaryocytes",0.444583681425787,0.480767250452982,0.468389550860256,0.492820784332443,-0.0361835690271952,-0.0482371029066567,"Blastomere A"
"B1",10.1787856,"Mesoderm",0.730246709703772,0.480767250452982,0.468389550860256,0.492820784332443,0.24947945925079,0.237425925371328,"Blastomere A"
"B1",10.1787856,"Muscle_cells",0.673244234615629,0.480767250452982,0.468389550860256,0.492820784332443,0.192476984162647,0.180423450283186,"Blastomere A"
"B1",10.1787856,"Neural_crest_PNS_glia",0.639187509845448,0.480767250452982,0.468389550860256,0.492820784332443,0.158420259392466,0.146366725513005,"Blastomere A"
"B1",10.1787856,"Neural_crest_PNS_neurons",0.651062030290439,0.480767250452982,0.468389550860256,0.492820784332443,0.170294779837457,0.158241245957995,"Blastomere A"
"B1",10.1787856,"Neuroectoderm_and_glia",0.758709687082168,0.480767250452982,0.468389550860256,0.492820784332443,0.277942436629186,0.265888902749724,"Blastomere A"
"B1",10.1787856,"Olfactory_sensory_neurons",0.644998579141802,0.480767250452982,0.468389550860256,0.492820784332443,0.16423132868882,0.152177794809358,"Blastomere A"
"B1",10.1787856,"White_blood_cells",0.525799461553615,0.480767250452982,0.468389550860256,0.492820784332443,0.0450322111006328,0.0329786772211713,"Blastomere A"
"B1",10.311235,"CNS_neurons",0.770406522822808,0.482818460099283,0.470418021075662,0.494923978290657,0.287588062723525,0.275482544532152,"Blastomere A"
"B1",10.311235,"Definitive_erythroid",0.561122956645345,0.482818460099283,0.470418021075662,0.494923978290657,0.0783044965460618,0.0661989783546881,"Blastomere A"
"B1",10.311235,"Endothelium",0.571818740336768,0.482818460099283,0.470418021075662,0.494923978290657,0.0890002802374852,0.0768947620461115,"Blastomere A"
"B1",10.311235,"Ependymal_cells",0.406610982761685,0.482818460099283,0.470418021075662,0.494923978290657,-0.0762074773375982,-0.0883129955289719,"Blastomere A"
"B1",10.311235,"Epithelium",0.727031517328788,0.482818460099283,0.470418021075662,0.494923978290657,0.244213057229505,0.232107539038131,"Blastomere A"
"B1",10.311235,"Eye_and_other",0.590749414519906,0.482818460099283,0.470418021075662,0.494923978290657,0.107930954420623,0.0958254362292495,"Blastomere A"
"B1",10.311235,"Hepatocytes",0.635004676378739,0.482818460099283,0.470418021075662,0.494923978290657,0.152186216279456,0.140080698088083,"Blastomere A"
"B1",10.311235,"Intermediate_neuronal_progenitors",0.733805555440559,0.482818460099283,0.470418021075662,0.494923978290657,0.250987095341276,0.238881577149902,"Blastomere A"
"B1",10.311235,"Intestine",0.599150512686176,0.482818460099283,0.470418021075662,0.494923978290657,0.116332052586893,0.104226534395519,"Blastomere A"
"B1",10.311235,"Lung_and_airway",0.56745951417004,0.482818460099283,0.470418021075662,0.494923978290657,0.0846410540707575,0.0725355358793838,"Blastomere A"
"B1",10.311235,"Mast_cells",0.278357531760436,0.482818460099283,0.470418021075662,0.494923978290657,-0.204460928338847,-0.216566446530221,"Blastomere A"
"B1",10.311235,"Megakaryocytes",0.454099398543843,0.482818460099283,0.470418021075662,0.494923978290657,-0.02871906155544,-0.0408245797468137,"Blastomere A"
"B1",10.311235,"Mesoderm",0.733604084835638,0.482818460099283,0.470418021075662,0.494923978290657,0.250785624736355,0.238680106544981,"Blastomere A"
"B1",10.311235,"Muscle_cells",0.676426904530579,0.482818460099283,0.470418021075662,0.494923978290657,0.193608444431296,0.181502926239923,"Blastomere A"
"B1",10.311235,"Neural_crest_PNS_glia",0.643245387370234,0.482818460099283,0.470418021075662,0.494923978290657,0.160426927270951,0.148321409079578,"Blastomere A"
"B1",10.311235,"Neural_crest_PNS_neurons",0.653914683995388,0.482818460099283,0.470418021075662,0.494923978290657,0.171096223896105,0.158990705704732,"Blastomere A"
"B1",10.311235,"Neuroectoderm_and_glia",0.76437594316511,0.482818460099283,0.470418021075662,0.494923978290657,0.281557483065827,0.269451964874453,"Blastomere A"
"B1",10.311235,"Olfactory_sensory_neurons",0.652829118504176,0.482818460099283,0.470418021075662,0.494923978290657,0.170010658404893,0.157905140213519,"Blastomere A"
"B1",10.311235,"White_blood_cells",0.540861650561146,0.482818460099283,0.470418021075662,0.494923978290657,0.0580431904618628,0.0459376722704891,"Blastomere A"
"B1",10.4436844,"CNS_neurons",0.774650985333229,0.484405501044616,0.472128020200517,0.496912061763059,0.290245484288613,0.27773892357017,"Blastomere A"
"B1",10.4436844,"Definitive_erythroid",0.575577285141279,0.484405501044616,0.472128020200517,0.496912061763059,0.0911717840966637,0.0786652233782208,"Blastomere A"
"B1",10.4436844,"Endothelium",0.574899120242967,0.484405501044616,0.472128020200517,0.496912061763059,0.0904936191983513,0.0779870584799084,"Blastomere A"
"B1",10.4436844,"Ependymal_cells",0.413607183724133,0.484405501044616,0.472128020200517,0.496912061763059,-0.0707983173204831,-0.083304878038926,"Blastomere A"
"B1",10.4436844,"Epithelium",0.730186063938543,0.484405501044616,0.472128020200517,0.496912061763059,0.245780562893927,0.233274002175485,"Blastomere A"
"B1",10.4436844,"Eye_and_other",0.600552950234479,0.484405501044616,0.472128020200517,0.496912061763059,0.116147449189863,0.10364088847142,"Blastomere A"
"B1",10.4436844,"Hepatocytes",0.64321608040201,0.484405501044616,0.472128020200517,0.496912061763059,0.158810579357394,0.146304018638951,"Blastomere A"
"B1",10.4436844,"Intermediate_neuronal_progenitors",0.740818410016105,0.484405501044616,0.472128020200517,0.496912061763059,0.256412908971489,0.243906348253046,"Blastomere A"
"B1",10.4436844,"Intestine",0.604249521284431,0.484405501044616,0.472128020200517,0.496912061763059,0.119844020239815,0.107337459521372,"Blastomere A"
"B1",10.4436844,"Lung_and_airway",0.589115969581749,0.484405501044616,0.472128020200517,0.496912061763059,0.104710468537133,0.0922039078186904,"Blastomere A"
"B1",10.4436844,"Mast_cells",0.292680229986731,0.484405501044616,0.472128020200517,0.496912061763059,-0.191725271057884,-0.204231831776327,"Blastomere A"
"B1",10.4436844,"Megakaryocytes",0.465416453319679,0.484405501044616,0.472128020200517,0.496912061763059,-0.0189890477249366,-0.0314956084433796,"Blastomere A"
"B1",10.4436844,"Mesoderm",0.73644099994575,0.484405501044616,0.472128020200517,0.496912061763059,0.252035498901135,0.239528938182692,"Blastomere A"
"B1",10.4436844,"Muscle_cells",0.681081274375389,0.484405501044616,0.472128020200517,0.496912061763059,0.196675773330773,0.18416921261233,"Blastomere A"
"B1",10.4436844,"Neural_crest_PNS_glia",0.648468740429628,0.484405501044616,0.472128020200517,0.496912061763059,0.164063239385012,0.151556678666569,"Blastomere A"
"B1",10.4436844,"Neural_crest_PNS_neurons",0.657772343597333,0.484405501044616,0.472128020200517,0.496912061763059,0.173366842552717,0.160860281834274,"Blastomere A"
"B1",10.4436844,"Neuroectoderm_and_glia",0.769442923791207,0.484405501044616,0.472128020200517,0.496912061763059,0.285037422746592,0.272530862028149,"Blastomere A"
"B1",10.4436844,"Olfactory_sensory_neurons",0.65922076214889,0.484405501044616,0.472128020200517,0.496912061763059,0.174815261104274,0.162308700385831,"Blastomere A"
"B1",10.4436844,"White_blood_cells",0.552506333909502,0.484405501044616,0.472128020200517,0.496912061763059,0.0681008328648863,0.0555942721464434,"Blastomere A"
"B1",10.5761338,"CNS_neurons",0.778879897840582,0.486155500422817,0.473705707056155,0.498484612531872,0.292724397417765,0.280395285308711,"Blastomere A"
"B1",10.5761338,"Definitive_erythroid",0.585781830462682,0.486155500422817,0.473705707056155,0.498484612531872,0.0996263300398644,0.0872972179308099,"Blastomere A"
"B1",10.5761338,"Endothelium",0.578353212731031,0.486155500422817,0.473705707056155,0.498484612531872,0.0921977123082143,0.0798686001991597,"Blastomere A"
"B1",10.5761338,"Ependymal_cells",0.421349492177823,0.486155500422817,0.473705707056155,0.498484612531872,-0.0648060082449938,-0.0771351203540483,"Blastomere A"
"B1",10.5761338,"Epithelium",0.73330223072507,0.486155500422817,0.473705707056155,0.498484612531872,0.247146730302253,0.234817618193198,"Blastomere A"
"B1",10.5761338,"Eye_and_other",0.609811429620499,0.486155500422817,0.473705707056155,0.498484612531872,0.123655929197682,0.111326817088627,"Blastomere A"
"B1",10.5761338,"Hepatocytes",0.651091344912117,0.486155500422817,0.473705707056155,0.498484612531872,0.1649358444893,0.152606732380245,"Blastomere A"
"B1",10.5761338,"Intermediate_neuronal_progenitors",0.750158049481318,0.486155500422817,0.473705707056155,0.498484612531872,0.264002549058501,0.251673436949447,"Blastomere A"
"B1",10.5761338,"Intestine",0.611475877819012,0.486155500422817,0.473705707056155,0.498484612531872,0.125320377396195,0.11299126528714,"Blastomere A"
"B1",10.5761338,"Lung_and_airway",0.599772727272727,0.486155500422817,0.473705707056155,0.498484612531872,0.11361722684991,0.101288114740855,"Blastomere A"
"B1",10.5761338,"Mast_cells",0.300239234449761,0.486155500422817,0.473705707056155,0.498484612531872,-0.185916265973056,-0.198245378082111,"Blastomere A"
"B1",10.5761338,"Megakaryocytes",0.478775394805929,0.486155500422817,0.473705707056155,0.498484612531872,-0.0073801056168879,-0.0197092177259425,"Blastomere A"
"B1",10.5761338,"Mesoderm",0.73939127839427,0.486155500422817,0.473705707056155,0.498484612531872,0.253235777971453,0.240906665862398,"Blastomere A"
"B1",10.5761338,"Muscle_cells",0.684109493911511,0.486155500422817,0.473705707056155,0.498484612531872,0.197953993488694,0.185624881379639,"Blastomere A"
"B1",10.5761338,"Neural_crest_PNS_glia",0.653439910161878,0.486155500422817,0.473705707056155,0.498484612531872,0.167284409739061,0.154955297630006,"Blastomere A"
"B1",10.5761338,"Neural_crest_PNS_neurons",0.662474191045321,0.486155500422817,0.473705707056155,0.498484612531872,0.176318690622504,0.163989578513449,"Blastomere A"
"B1",10.5761338,"Neuroectoderm_and_glia",0.774618817500554,0.486155500422817,0.473705707056155,0.498484612531872,0.288463317077737,0.276134204968682,"Blastomere A"
"B1",10.5761338,"Olfactory_sensory_neurons",0.666026152812172,0.486155500422817,0.473705707056155,0.498484612531872,0.179870652389354,0.1675415402803,"Blastomere A"
"B1",10.5761338,"White_blood_cells",0.564419333608487,0.486155500422817,0.473705707056155,0.498484612531872,0.0782638331856694,0.0659347210766149,"Blastomere A"
"B1",10.7085832,"CNS_neurons",0.782654509119403,0.487616251827297,0.475188202066305,0.500029087338332,0.295038257292106,0.282625421781072,"Blastomere A"
"B1",10.7085832,"Definitive_erythroid",0.596030082193604,0.487616251827297,0.475188202066305,0.500029087338332,0.108413830366307,0.0960009948552727,"Blastomere A"
"B1",10.7085832,"Endothelium",0.58063052705927,0.487616251827297,0.475188202066305,0.500029087338332,0.0930142752319734,0.080601439720939,"Blastomere A"
"B1",10.7085832,"Ependymal_cells",0.427589564956833,0.487616251827297,0.475188202066305,0.500029087338332,-0.0600266868704644,-0.0724395223814987,"Blastomere A"
"B1",10.7085832,"Epithelium",0.736668664778353,0.487616251827297,0.475188202066305,0.500029087338332,0.249052412951056,0.236639577440022,"Blastomere A"
"B1",10.7085832,"Eye_and_other",0.617696782855154,0.487616251827297,0.475188202066305,0.500029087338332,0.130080531027857,0.117667695516822,"Blastomere A"
"B1",10.7085832,"Hepatocytes",0.662898171122055,0.487616251827297,0.475188202066305,0.500029087338332,0.175281919294758,0.162869083783723,"Blastomere A"
"B1",10.7085832,"Intermediate_neuronal_progenitors",0.757626668055285,0.487616251827297,0.475188202066305,0.500029087338332,0.270010416227988,0.257597580716954,"Blastomere A"
"B1",10.7085832,"Intestine",0.616419424812819,0.487616251827297,0.475188202066305,0.500029087338332,0.128803172985522,0.116390337474488,"Blastomere A"
"B1",10.7085832,"Lung_and_airway",0.607428825622776,0.487616251827297,0.475188202066305,0.500029087338332,0.119812573795478,0.107399738284444,"Blastomere A"
"B1",10.7085832,"Mast_cells",0.30565142364107,0.487616251827297,0.475188202066305,0.500029087338332,-0.181964828186227,-0.194377663697262,"Blastomere A"
"B1",10.7085832,"Megakaryocytes",0.484224245253657,0.487616251827297,0.475188202066305,0.500029087338332,-0.00339200657364025,-0.0158048420846746,"Blastomere A"
"B1",10.7085832,"Mesoderm",0.742349657528253,0.487616251827297,0.475188202066305,0.500029087338332,0.254733405700955,0.242320570189921,"Blastomere A"
"B1",10.7085832,"Muscle_cells",0.687992142060264,0.487616251827297,0.475188202066305,0.500029087338332,0.200375890232967,0.187963054721932,"Blastomere A"
"B1",10.7085832,"Neural_crest_PNS_glia",0.657564571862151,0.487616251827297,0.475188202066305,0.500029087338332,0.169948320034854,0.15753548452382,"Blastomere A"
"B1",10.7085832,"Neural_crest_PNS_neurons",0.666301189229695,0.487616251827297,0.475188202066305,0.500029087338332,0.178684937402398,0.166272101891363,"Blastomere A"
"B1",10.7085832,"Neuroectoderm_and_glia",0.779290107237494,0.487616251827297,0.475188202066305,0.500029087338332,0.291673855410196,0.279261019899162,"Blastomere A"
"B1",10.7085832,"Olfactory_sensory_neurons",0.673338965793635,0.487616251827297,0.475188202066305,0.500029087338332,0.185722713966338,0.173309878455304,"Blastomere A"
"B1",10.7085832,"White_blood_cells",0.572936489213913,0.487616251827297,0.475188202066305,0.500029087338332,0.085320237386616,0.0729074018755816,"Blastomere A"
"B1",10.8410326,"CNS_neurons",0.786260002183187,0.488784387889463,0.476280828682157,0.501439048625424,0.297475614293725,0.284820953557763,"Blastomere A"
"B1",10.8410326,"Definitive_erythroid",0.607506730883354,0.488784387889463,0.476280828682157,0.501439048625424,0.118722342993892,0.10606768225793,"Blastomere A"
"B1",10.8410326,"Endothelium",0.583029479143745,0.488784387889463,0.476280828682157,0.501439048625424,0.0942450912542827,0.0815904305183213,"Blastomere A"
"B1",10.8410326,"Ependymal_cells",0.43221471595174,0.488784387889463,0.476280828682157,0.501439048625424,-0.0565696719377227,-0.0692243326736841,"Blastomere A"
"B1",10.8410326,"Epithelium",0.739719442035726,0.488784387889463,0.476280828682157,0.501439048625424,0.250935054146263,0.238280393410301,"Blastomere A"
"B1",10.8410326,"Eye_and_other",0.628954820365213,0.488784387889463,0.476280828682157,0.501439048625424,0.14017043247575,0.127515771739788,"Blastomere A"
"B1",10.8410326,"Hepatocytes",0.675019887080189,0.488784387889463,0.476280828682157,0.501439048625424,0.186235499190726,0.173580838454764,"Blastomere A"
"B1",10.8410326,"Intermediate_neuronal_progenitors",0.765286061977238,0.488784387889463,0.476280828682157,0.501439048625424,0.276501674087776,0.263847013351814,"Blastomere A"
"B1",10.8410326,"Intestine",0.622061235647895,0.488784387889463,0.476280828682157,0.501439048625424,0.133276847758432,0.120622187022471,"Blastomere A"
"B1",10.8410326,"Lung_and_airway",0.613020833333333,0.488784387889463,0.476280828682157,0.501439048625424,0.12423644544387,0.111581784707909,"Blastomere A"
"B1",10.8410326,"Mast_cells",0.306910569105691,0.488784387889463,0.476280828682157,0.501439048625424,-0.181873818783772,-0.194528479519733,"Blastomere A"
"B1",10.8410326,"Megakaryocytes",0.495366919714746,0.488784387889463,0.476280828682157,0.501439048625424,0.0065825318252829,-0.00607212891067854,"Blastomere A"
"B1",10.8410326,"Mesoderm",0.744967743025285,0.488784387889463,0.476280828682157,0.501439048625424,0.256183355135822,0.243528694399861,"Blastomere A"
"B1",10.8410326,"Muscle_cells",0.68983287146816,0.488784387889463,0.476280828682157,0.501439048625424,0.201048483578697,0.188393822842736,"Blastomere A"
"B1",10.8410326,"Neural_crest_PNS_glia",0.65980616502894,0.488784387889463,0.476280828682157,0.501439048625424,0.171021777139478,0.158367116403516,"Blastomere A"
"B1",10.8410326,"Neural_crest_PNS_neurons",0.668716661547857,0.488784387889463,0.476280828682157,0.501439048625424,0.179932273658395,0.167277612922433,"Blastomere A"
"B1",10.8410326,"Neuroectoderm_and_glia",0.78356659708505,0.488784387889463,0.476280828682157,0.501439048625424,0.294782209195587,0.282127548459626,"Blastomere A"
"B1",10.8410326,"Olfactory_sensory_neurons",0.677793685479617,0.488784387889463,0.476280828682157,0.501439048625424,0.189009297590155,0.176354636854193,"Blastomere A"
"B1",10.8410326,"White_blood_cells",0.584029324880021,0.488784387889463,0.476280828682157,0.501439048625424,0.0952449369905584,0.0825902762545969,"Blastomere A"
"B1",10.973482,"CNS_neurons",0.789653600968577,0.489841430822954,0.477740738754079,0.502338182062014,0.299812170145623,0.287315418906563,"Blastomere A"
"B1",10.973482,"Definitive_erythroid",0.617349541591966,0.489841430822954,0.477740738754079,0.502338182062014,0.127508110769012,0.115011359529952,"Blastomere A"
"B1",10.973482,"Endothelium",0.586692933637012,0.489841430822954,0.477740738754079,0.502338182062014,0.0968515028140584,0.0843547515749985,"Blastomere A"
"B1",10.973482,"Ependymal_cells",0.432432432432432,0.489841430822954,0.477740738754079,0.502338182062014,-0.0574089983905212,-0.0699057496295811,"Blastomere A"
"B1",10.973482,"Epithelium",0.742345098511979,0.489841430822954,0.477740738754079,0.502338182062014,0.252503667689025,0.240006916449965,"Blastomere A"
"B1",10.973482,"Eye_and_other",0.633561336622561,0.489841430822954,0.477740738754079,0.502338182062014,0.143719905799607,0.131223154560548,"Blastomere A"
"B1",10.973482,"Hepatocytes",0.68390047870364,0.489841430822954,0.477740738754079,0.502338182062014,0.194059047880687,0.181562296641627,"Blastomere A"
"B1",10.973482,"Intermediate_neuronal_progenitors",0.771552647441982,0.489841430822954,0.477740738754079,0.502338182062014,0.281711216619028,0.269214465379968,"Blastomere A"
"B1",10.973482,"Intestine",0.62426762744966,0.489841430822954,0.477740738754079,0.502338182062014,0.134426196626706,0.121929445387646,"Blastomere A"
"B1",10.973482,"Lung_and_airway",0.619333333333333,0.489841430822954,0.477740738754079,0.502338182062014,0.12949190251038,0.11699515127132,"Blastomere A"
"B1",10.973482,"Mast_cells",0.322890559732665,0.489841430822954,0.477740738754079,0.502338182062014,-0.166950871090289,-0.179447622329348,"Blastomere A"
"B1",10.973482,"Megakaryocytes",0.503145647424254,0.489841430822954,0.477740738754079,0.502338182062014,0.0133042166013007,0.000807465362240745,"Blastomere A"
"B1",10.973482,"Mesoderm",0.747762409639565,0.489841430822954,0.477740738754079,0.502338182062014,0.257920978816611,0.245424227577551,"Blastomere A"
"B1",10.973482,"Muscle_cells",0.692783781686784,0.489841430822954,0.477740738754079,0.502338182062014,0.202942350863831,0.190445599624771,"Blastomere A"
"B1",10.973482,"Neural_crest_PNS_glia",0.662696722538524,0.489841430822954,0.477740738754079,0.502338182062014,0.17285529171557,0.16035854047651,"Blastomere A"
"B1",10.973482,"Neural_crest_PNS_neurons",0.671674269472294,0.489841430822954,0.477740738754079,0.502338182062014,0.18183283864934,0.16933608741028,"Blastomere A"
"B1",10.973482,"Neuroectoderm_and_glia",0.787936144488683,0.489841430822954,0.477740738754079,0.502338182062014,0.298094713665729,0.285597962426669,"Blastomere A"
"B1",10.973482,"Olfactory_sensory_neurons",0.684776619954486,0.489841430822954,0.477740738754079,0.502338182062014,0.194935189131532,0.182438437892472,"Blastomere A"
"B1",10.973482,"White_blood_cells",0.59709725694888,0.489841430822954,0.477740738754079,0.502338182062014,0.107255826125927,0.0947590748868667,"Blastomere A"
"B1",11.1059314,"CNS_neurons",0.792585376441672,0.490976698559689,0.478675836254027,0.503628505556979,0.301608677881983,0.288956870884693,"Blastomere A"
"B1",11.1059314,"Definitive_erythroid",0.629358089215813,0.490976698559689,0.478675836254027,0.503628505556979,0.138381390656124,0.125729583658834,"Blastomere A"
"B1",11.1059314,"Endothelium",0.589407856165722,0.490976698559689,0.478675836254027,0.503628505556979,0.0984311576060331,0.0857793506087432,"Blastomere A"
"B1",11.1059314,"Ependymal_cells",0.43702432343406,0.490976698559689,0.478675836254027,0.503628505556979,-0.0539523751256294,-0.0666041821229193,"Blastomere A"
"B1",11.1059314,"Epithelium",0.745360786210137,0.490976698559689,0.478675836254027,0.503628505556979,0.254384087650448,0.241732280653158,"Blastomere A"
"B1",11.1059314,"Eye_and_other",0.637228886011749,0.490976698559689,0.478675836254027,0.503628505556979,0.146252187452059,0.13360038045477,"Blastomere A"
"B1",11.1059314,"Hepatocytes",0.694037845995655,0.490976698559689,0.478675836254027,0.503628505556979,0.203061147435966,0.190409340438676,"Blastomere A"
"B1",11.1059314,"Intermediate_neuronal_progenitors",0.778980368179982,0.490976698559689,0.478675836254027,0.503628505556979,0.288003669620293,0.275351862623003,"Blastomere A"
"B1",11.1059314,"Intestine",0.626808708349927,0.490976698559689,0.478675836254027,0.503628505556979,0.135832009790238,0.123180202792948,"Blastomere A"
"B1",11.1059314,"Lung_and_airway",0.620995145631068,0.490976698559689,0.478675836254027,0.503628505556979,0.130018447071379,0.117366640074089,"Blastomere A"
"B1",11.1059314,"Mast_cells",0.329559363525092,0.490976698559689,0.478675836254027,0.503628505556979,-0.161417335034597,-0.174069142031887,"Blastomere A"
"B1",11.1059314,"Megakaryocytes",0.509792121166529,0.490976698559689,0.478675836254027,0.503628505556979,0.0188154226068396,0.0061636156095497,"Blastomere A"
"B1",11.1059314,"Mesoderm",0.750471128893548,0.490976698559689,0.478675836254027,0.503628505556979,0.259494430333859,0.246842623336569,"Blastomere A"
"B1",11.1059314,"Muscle_cells",0.696409058172863,0.490976698559689,0.478675836254027,0.503628505556979,0.205432359613174,0.192780552615884,"Blastomere A"
"B1",11.1059314,"Neural_crest_PNS_glia",0.664334531106884,0.490976698559689,0.478675836254027,0.503628505556979,0.173357832547194,0.160706025549905,"Blastomere A"
"B1",11.1059314,"Neural_crest_PNS_neurons",0.673854123539569,0.490976698559689,0.478675836254027,0.503628505556979,0.18287742497988,0.17022561798259,"Blastomere A"
"B1",11.1059314,"Neuroectoderm_and_glia",0.791925861814973,0.490976698559689,0.478675836254027,0.503628505556979,0.300949163255284,0.288297356257994,"Blastomere A"
"B1",11.1059314,"Olfactory_sensory_neurons",0.688363148548786,0.490976698559689,0.478675836254027,0.503628505556979,0.197386449989097,0.184734642991807,"Blastomere A"
"B1",11.1059314,"White_blood_cells",0.606905710491368,0.490976698559689,0.478675836254027,0.503628505556979,0.115929011931679,0.103277204934389,"Blastomere A"
"B1",11.2383808,"CNS_neurons",0.795657738551098,0.491944620412468,0.479576342124293,0.504668905241185,0.30371311813863,0.290988833309913,"Blastomere A"
"B1",11.2383808,"Definitive_erythroid",0.639560613244824,0.491944620412468,0.479576342124293,0.504668905241185,0.147615992832356,0.134891708003638,"Blastomere A"
"B1",11.2383808,"Endothelium",0.593393388410765,0.491944620412468,0.479576342124293,0.504668905241185,0.101448767998298,0.08872448316958,"Blastomere A"
"B1",11.2383808,"Ependymal_cells",0.442533149029847,0.491944620412468,0.479576342124293,0.504668905241185,-0.0494114713826209,-0.0621357562113385,"Blastomere A"
"B1",11.2383808,"Epithelium",0.748070353598347,0.491944620412468,0.479576342124293,0.504668905241185,0.256125733185879,0.243401448357161,"Blastomere A"
"B1",11.2383808,"Eye_and_other",0.644196523697909,0.491944620412468,0.479576342124293,0.504668905241185,0.152251903285441,0.139527618456723,"Blastomere A"
"B1",11.2383808,"Hepatocytes",0.701764424788996,0.491944620412468,0.479576342124293,0.504668905241185,0.209819804376528,0.197095519547811,"Blastomere A"
"B1",11.2383808,"Intermediate_neuronal_progenitors",0.784776761699839,0.491944620412468,0.479576342124293,0.504668905241185,0.292832141287371,0.280107856458653,"Blastomere A"
"B1",11.2383808,"Intestine",0.629212929505289,0.491944620412468,0.479576342124293,0.504668905241185,0.137268309092821,0.124544024264103,"Blastomere A"
"B1",11.2383808,"Lung_and_airway",0.632638888888889,0.491944620412468,0.479576342124293,0.504668905241185,0.140694268476421,0.127969983647704,"Blastomere A"
"B1",11.2383808,"Mast_cells",0.354878985785632,0.491944620412468,0.479576342124293,0.504668905241185,-0.137065634626836,-0.149789919455553,"Blastomere A"
"B1",11.2383808,"Megakaryocytes",0.521013977730396,0.491944620412468,0.479576342124293,0.504668905241185,0.0290693573179277,0.0163450724892101,"Blastomere A"
"B1",11.2383808,"Mesoderm",0.753028212310031,0.491944620412468,0.479576342124293,0.504668905241185,0.261083591897563,0.248359307068845,"Blastomere A"
"B1",11.2383808,"Muscle_cells",0.698996093209618,0.491944620412468,0.479576342124293,0.504668905241185,0.207051472797151,0.194327187968433,"Blastomere A"
"B1",11.2383808,"Neural_crest_PNS_glia",0.667659784216003,0.491944620412468,0.479576342124293,0.504668905241185,0.175715163803535,0.162990878974818,"Blastomere A"
"B1",11.2383808,"Neural_crest_PNS_neurons",0.677500921411911,0.491944620412468,0.479576342124293,0.504668905241185,0.185556300999443,0.172832016170725,"Blastomere A"
"B1",11.2383808,"Neuroectoderm_and_glia",0.795980615847318,0.491944620412468,0.479576342124293,0.504668905241185,0.30403599543485,0.291311710606132,"Blastomere A"
"B1",11.2383808,"Olfactory_sensory_neurons",0.692003490045439,0.491944620412468,0.479576342124293,0.504668905241185,0.200058869632971,0.187334584804253,"Blastomere A"
"B1",11.2383808,"White_blood_cells",0.614849460596517,0.491944620412468,0.479576342124293,0.504668905241185,0.122904840184049,0.110180555355331,"Blastomere A"
"B1",11.3708302,"CNS_neurons",0.798529876009936,0.49284972260594,0.480231157494281,0.50541337867201,0.305680153403996,0.293116497337926,"Blastomere A"
"B1",11.3708302,"Definitive_erythroid",0.654273136185281,0.49284972260594,0.480231157494281,0.50541337867201,0.161423413579341,0.148859757513271,"Blastomere A"
"B1",11.3708302,"Endothelium",0.595816516804801,0.49284972260594,0.480231157494281,0.50541337867201,0.102966794198861,0.0904031381327908,"Blastomere A"
"B1",11.3708302,"Ependymal_cells",0.443225303938501,0.49284972260594,0.480231157494281,0.50541337867201,-0.0496244186674392,-0.062188074733509,"Blastomere A"
"B1",11.3708302,"Epithelium",0.750583162198389,0.49284972260594,0.480231157494281,0.50541337867201,0.257733439592449,0.245169783526379,"Blastomere A"
"B1",11.3708302,"Eye_and_other",0.649915282954931,0.49284972260594,0.480231157494281,0.50541337867201,0.15706556034899,0.14450190428292,"Blastomere A"
"B1",11.3708302,"Hepatocytes",0.709999271720923,0.49284972260594,0.480231157494281,0.50541337867201,0.217149549114983,0.204585893048913,"Blastomere A"
"B1",11.3708302,"Intermediate_neuronal_progenitors",0.789897480575419,0.49284972260594,0.480231157494281,0.50541337867201,0.297047757969479,0.284484101903409,"Blastomere A"
"B1",11.3708302,"Intestine",0.629950170469447,0.49284972260594,0.480231157494281,0.50541337867201,0.137100447863506,0.124536791797436,"Blastomere A"
"B1",11.3708302,"Lung_and_airway",0.641951038575668,0.49284972260594,0.480231157494281,0.50541337867201,0.149101315969727,0.136537659903658,"Blastomere A"
"B1",11.3708302,"Mast_cells",0.381041890440387,0.49284972260594,0.480231157494281,0.50541337867201,-0.111807832165554,-0.124371488231624,"Blastomere A"
"B1",11.3708302,"Megakaryocytes",0.52901295384054,0.49284972260594,0.480231157494281,0.50541337867201,0.0361632312345997,0.02359957516853,"Blastomere A"
"B1",11.3708302,"Mesoderm",0.755231265158346,0.49284972260594,0.480231157494281,0.50541337867201,0.262381542552406,0.249817886486336,"Blastomere A"
"B1",11.3708302,"Muscle_cells",0.701463676463504,0.49284972260594,0.480231157494281,0.50541337867201,0.208613953857564,0.196050297791494,"Blastomere A"
"B1",11.3708302,"Neural_crest_PNS_glia",0.669911409539892,0.49284972260594,0.480231157494281,0.50541337867201,0.177061686933952,0.164498030867882,"Blastomere A"
"B1",11.3708302,"Neural_crest_PNS_neurons",0.679698111909888,0.49284972260594,0.480231157494281,0.50541337867201,0.186848389303948,0.174284733237878,"Blastomere A"
"B1",11.3708302,"Neuroectoderm_and_glia",0.799820489880312,0.49284972260594,0.480231157494281,0.50541337867201,0.306970767274372,0.294407111208302,"Blastomere A"
"B1",11.3708302,"Olfactory_sensory_neurons",0.696197540690626,0.49284972260594,0.480231157494281,0.50541337867201,0.203347818084686,0.190784162018616,"Blastomere A"
"B1",11.3708302,"White_blood_cells",0.627165852520554,0.49284972260594,0.480231157494281,0.50541337867201,0.134316129914614,0.121752473848544,"Blastomere A"
"B1",11.5032796,"CNS_neurons",0.80132063435812,0.493392130437351,0.480906059197244,0.505889616444808,0.307928503920769,0.295431017913312,"Blastomere A"
"B1",11.5032796,"Definitive_erythroid",0.670550358849468,0.493392130437351,0.480906059197244,0.505889616444808,0.177158228412117,0.16466074240466,"Blastomere A"
"B1",11.5032796,"Endothelium",0.597680847985934,0.493392130437351,0.480906059197244,0.505889616444808,0.104288717548584,0.0917912315411266,"Blastomere A"
"B1",11.5032796,"Ependymal_cells",0.448217092744271,0.493392130437351,0.480906059197244,0.505889616444808,-0.04517503769308,-0.0576725237005372,"Blastomere A"
"B1",11.5032796,"Epithelium",0.752592312736866,0.493392130437351,0.480906059197244,0.505889616444808,0.259200182299516,0.246702696292058,"Blastomere A"
"B1",11.5032796,"Eye_and_other",0.657628503493165,0.493392130437351,0.480906059197244,0.505889616444808,0.164236373055814,0.151738887048357,"Blastomere A"
"B1",11.5032796,"Hepatocytes",0.71628731894768,0.493392130437351,0.480906059197244,0.505889616444808,0.222895188510329,0.210397702502872,"Blastomere A"
"B1",11.5032796,"Intermediate_neuronal_progenitors",0.795360445916261,0.493392130437351,0.480906059197244,0.505889616444808,0.301968315478911,0.289470829471453,"Blastomere A"
"B1",11.5032796,"Intestine",0.632258064516129,0.493392130437351,0.480906059197244,0.505889616444808,0.138865934078778,0.126368448071321,"Blastomere A"
"B1",11.5032796,"Lung_and_airway",0.648994252873563,0.493392130437351,0.480906059197244,0.505889616444808,0.155602122436213,0.143104636428755,"Blastomere A"
"B1",11.5032796,"Mast_cells",0.399521531100478,0.493392130437351,0.480906059197244,0.505889616444808,-0.0938705993368722,-0.106368085344329,"Blastomere A"
"B1",11.5032796,"Megakaryocytes",0.539668938126522,0.493392130437351,0.480906059197244,0.505889616444808,0.046276807689171,0.0337793216817137,"Blastomere A"
"B1",11.5032796,"Mesoderm",0.757352158349355,0.493392130437351,0.480906059197244,0.505889616444808,0.263960027912005,0.251462541904547,"Blastomere A"
"B1",11.5032796,"Muscle_cells",0.703917643329791,0.493392130437351,0.480906059197244,0.505889616444808,0.21052551289244,0.198028026884983,"Blastomere A"
"B1",11.5032796,"Neural_crest_PNS_glia",0.673824125531219,0.493392130437351,0.480906059197244,0.505889616444808,0.180431995093869,0.167934509086411,"Blastomere A"
"B1",11.5032796,"Neural_crest_PNS_neurons",0.682065000747421,0.493392130437351,0.480906059197244,0.505889616444808,0.188672870310071,0.176175384302613,"Blastomere A"
"B1",11.5032796,"Neuroectoderm_and_glia",0.803496581309756,0.493392130437351,0.480906059197244,0.505889616444808,0.310104450872405,0.297606964864948,"Blastomere A"
"B1",11.5032796,"Olfactory_sensory_neurons",0.69837785883104,0.493392130437351,0.480906059197244,0.505889616444808,0.204985728393689,0.192488242386232,"Blastomere A"
"B1",11.5032796,"White_blood_cells",0.64084620542046,0.493392130437351,0.480906059197244,0.505889616444808,0.147454074983109,0.134956588975652,"Blastomere A"
"B1",11.635729,"CNS_neurons",0.803964998630148,0.494090082137308,0.481809454115211,0.506489230546003,0.30987491649284,0.297475768084146,"Blastomere A"
"B1",11.635729,"Definitive_erythroid",0.680851421840821,0.494090082137308,0.481809454115211,0.506489230546003,0.186761339703513,0.174362191294818,"Blastomere A"
"B1",11.635729,"Endothelium",0.59962281300809,0.494090082137308,0.481809454115211,0.506489230546003,0.105532730870783,0.0931335824620877,"Blastomere A"
"B1",11.635729,"Ependymal_cells",0.451093919784622,0.494090082137308,0.481809454115211,0.506489230546003,-0.0429961623526862,-0.055395310761381,"Blastomere A"
"B1",11.635729,"Epithelium",0.754473671064503,0.494090082137308,0.481809454115211,0.506489230546003,0.260383588927195,0.2479844405185,"Blastomere A"
"B1",11.635729,"Eye_and_other",0.66347687400319,0.494090082137308,0.481809454115211,0.506489230546003,0.169386791865882,0.156987643457187,"Blastomere A"
"B1",11.635729,"Hepatocytes",0.72144480665841,0.494090082137308,0.481809454115211,0.506489230546003,0.227354724521102,0.214955576112407,"Blastomere A"
"B1",11.635729,"Intermediate_neuronal_progenitors",0.800151785949441,0.494090082137308,0.481809454115211,0.506489230546003,0.306061703812133,0.293662555403438,"Blastomere A"
"B1",11.635729,"Intestine",0.634259849547367,0.494090082137308,0.481809454115211,0.506489230546003,0.140169767410059,0.127770619001364,"Blastomere A"
"B1",11.635729,"Lung_and_airway",0.65191504178273,0.494090082137308,0.481809454115211,0.506489230546003,0.157824959645422,0.145425811236727,"Blastomere A"
"B1",11.635729,"Mast_cells",0.418256578947368,0.494090082137308,0.481809454115211,0.506489230546003,-0.0758335031899396,-0.0882326515986345,"Blastomere A"
"B1",11.635729,"Megakaryocytes",0.54572940287226,0.494090082137308,0.481809454115211,0.506489230546003,0.0516393207349521,0.0392401723262573,"Blastomere A"
"B1",11.635729,"Mesoderm",0.75943273148216,0.494090082137308,0.481809454115211,0.506489230546003,0.265342649344852,0.252943500936157,"Blastomere A"
"B1",11.635729,"Muscle_cells",0.706752129512193,0.494090082137308,0.481809454115211,0.506489230546003,0.212662047374885,0.20026289896619,"Blastomere A"
"B1",11.635729,"Neural_crest_PNS_glia",0.674927717933628,0.494090082137308,0.481809454115211,0.506489230546003,0.18083763579632,0.168438487387626,"Blastomere A"
"B1",11.635729,"Neural_crest_PNS_neurons",0.683394162254256,0.494090082137308,0.481809454115211,0.506489230546003,0.189304080116948,0.176904931708253,"Blastomere A"
"B1",11.635729,"Neuroectoderm_and_glia",0.807000735423301,0.494090082137308,0.481809454115211,0.506489230546003,0.312910653285993,0.300511504877298,"Blastomere A"
"B1",11.635729,"Olfactory_sensory_neurons",0.701305672320165,0.494090082137308,0.481809454115211,0.506489230546003,0.207215590182857,0.194816441774162,"Blastomere A"
"B1",11.635729,"White_blood_cells",0.650848117556494,0.494090082137308,0.481809454115211,0.506489230546003,0.156758035419186,0.144358887010491,"Blastomere A"
"B1",11.7681784,"CNS_neurons",0.806790315907384,0.494714541547005,0.482109408034641,0.507489420185787,0.312075774360379,0.299300895721596,"Blastomere A"
"B1",11.7681784,"Definitive_erythroid",0.696898123127631,0.494714541547005,0.482109408034641,0.507489420185787,0.202183581580626,0.189408702941844,"Blastomere A"
"B1",11.7681784,"Endothelium",0.603036758107666,0.494714541547005,0.482109408034641,0.507489420185787,0.108322216560661,0.0955473379218787,"Blastomere A"
"B1",11.7681784,"Ependymal_cells",0.455081378956811,0.494714541547005,0.482109408034641,0.507489420185787,-0.0396331625901936,-0.0524080412289759,"Blastomere A"
"B1",11.7681784,"Epithelium",0.756009105015843,0.494714541547005,0.482109408034641,0.507489420185787,0.261294563468838,0.248519684830056,"Blastomere A"
"B1",11.7681784,"Eye_and_other",0.669520791946421,0.494714541547005,0.482109408034641,0.507489420185787,0.174806250399416,0.162031371760634,"Blastomere A"
"B1",11.7681784,"Hepatocytes",0.728195475648137,0.494714541547005,0.482109408034641,0.507489420185787,0.233480934101132,0.22070605546235,"Blastomere A"
"B1",11.7681784,"Intermediate_neuronal_progenitors",0.805386793910354,0.494714541547005,0.482109408034641,0.507489420185787,0.310672252363349,0.297897373724566,"Blastomere A"
"B1",11.7681784,"Intestine",0.635897354964964,0.494714541547005,0.482109408034641,0.507489420185787,0.141182813417959,0.128407934779177,"Blastomere A"
"B1",11.7681784,"Lung_and_airway",0.661037234042553,0.494714541547005,0.482109408034641,0.507489420185787,0.166322692495548,0.153547813856766,"Blastomere A"
"B1",11.7681784,"Mast_cells",0.431374093917428,0.494714541547005,0.482109408034641,0.507489420185787,-0.0633404476295767,-0.076115326268359,"Blastomere A"
"B1",11.7681784,"Megakaryocytes",0.551053884387218,0.494714541547005,0.482109408034641,0.507489420185787,0.0563393428402126,0.0435644642014302,"Blastomere A"
"B1",11.7681784,"Mesoderm",0.761367274145273,0.494714541547005,0.482109408034641,0.507489420185787,0.266652732598268,0.253877853959486,"Blastomere A"
"B1",11.7681784,"Muscle_cells",0.708562748699624,0.494714541547005,0.482109408034641,0.507489420185787,0.213848207152619,0.201073328513837,"Blastomere A"
"B1",11.7681784,"Neural_crest_PNS_glia",0.677880096162645,0.494714541547005,0.482109408034641,0.507489420185787,0.18316555461564,0.170390675976857,"Blastomere A"
"B1",11.7681784,"Neural_crest_PNS_neurons",0.684861508300994,0.494714541547005,0.482109408034641,0.507489420185787,0.190146966753989,0.177372088115207,"Blastomere A"
"B1",11.7681784,"Neuroectoderm_and_glia",0.80996079087544,0.494714541547005,0.482109408034641,0.507489420185787,0.315246249328434,0.302471370689652,"Blastomere A"
"B1",11.7681784,"Olfactory_sensory_neurons",0.704189748097273,0.494714541547005,0.482109408034641,0.507489420185787,0.209475206550268,0.196700327911485,"Blastomere A"
"B1",11.7681784,"White_blood_cells",0.663399151643118,0.494714541547005,0.482109408034641,0.507489420185787,0.168684610096113,0.15590973145733,"Blastomere A"
"B1",11.9006278,"CNS_neurons",0.809322739839808,0.49511843292247,0.482372997671749,0.507800931007732,0.314204306917337,0.301521808832075,"Blastomere A"
"B1",11.9006278,"Definitive_erythroid",0.708657544450902,0.49511843292247,0.482372997671749,0.507800931007732,0.213539111528432,0.20085661344317,"Blastomere A"
"B1",11.9006278,"Endothelium",0.605129653171269,0.49511843292247,0.482372997671749,0.507800931007732,0.110011220248798,0.0973287221635366,"Blastomere A"
"B1",11.9006278,"Ependymal_cells",0.456753017508707,0.49511843292247,0.482372997671749,0.507800931007732,-0.0383654154137639,-0.0510479134990257,"Blastomere A"
"B1",11.9006278,"Epithelium",0.757992043461274,0.49511843292247,0.482372997671749,0.507800931007732,0.262873610538804,0.250191112453542,"Blastomere A"
"B1",11.9006278,"Eye_and_other",0.676655949581714,0.49511843292247,0.482372997671749,0.507800931007732,0.181537516659243,0.168855018573982,"Blastomere A"
"B1",11.9006278,"Hepatocytes",0.734448628098032,0.49511843292247,0.482372997671749,0.507800931007732,0.239330195175561,0.226647697090299,"Blastomere A"
"B1",11.9006278,"Intermediate_neuronal_progenitors",0.810005781712218,0.49511843292247,0.482372997671749,0.507800931007732,0.314887348789748,0.302204850704486,"Blastomere A"
"B1",11.9006278,"Intestine",0.635499530222361,0.49511843292247,0.482372997671749,0.507800931007732,0.140381097299891,0.127698599214629,"Blastomere A"
"B1",11.9006278,"Lung_and_airway",0.667551150895141,0.49511843292247,0.482372997671749,0.507800931007732,0.17243271797267,0.159750219887408,"Blastomere A"
"B1",11.9006278,"Mast_cells",0.433276237932108,0.49511843292247,0.482372997671749,0.507800931007732,-0.0618421949903621,-0.0745246930756239,"Blastomere A"
"B1",11.9006278,"Megakaryocytes",0.557221133416906,0.49511843292247,0.482372997671749,0.507800931007732,0.0621027004944359,0.0494202024091741,"Blastomere A"
"B1",11.9006278,"Mesoderm",0.763195266619717,0.49511843292247,0.482372997671749,0.507800931007732,0.268076833697246,0.255394335611985,"Blastomere A"
"B1",11.9006278,"Muscle_cells",0.711079262366676,0.49511843292247,0.482372997671749,0.507800931007732,0.215960829444206,0.203278331358944,"Blastomere A"
"B1",11.9006278,"Neural_crest_PNS_glia",0.679957444727059,0.49511843292247,0.482372997671749,0.507800931007732,0.184839011804589,0.172156513719327,"Blastomere A"
"B1",11.9006278,"Neural_crest_PNS_neurons",0.686414674910972,0.49511843292247,0.482372997671749,0.507800931007732,0.191296241988502,0.17861374390324,"Blastomere A"
"B1",11.9006278,"Neuroectoderm_and_glia",0.813504279942951,0.49511843292247,0.482372997671749,0.507800931007732,0.318385847020481,0.305703348935219,"Blastomere A"
"B1",11.9006278,"Olfactory_sensory_neurons",0.706903171312294,0.49511843292247,0.482372997671749,0.507800931007732,0.211784738389823,0.199102240304561,"Blastomere A"
"B1",11.9006278,"White_blood_cells",0.670456563110341,0.49511843292247,0.482372997671749,0.507800931007732,0.17533813018787,0.162655632102609,"Blastomere A"
"B1",12.0330772,"CNS_neurons",0.811709483557733,0.495760067937304,0.48319755991821,0.508423738678023,0.31594941562043,0.30328574487971,"Blastomere A"
"B1",12.0330772,"Definitive_erythroid",0.7228883324909,0.495760067937304,0.48319755991821,0.508423738678023,0.227128264553596,0.214464593812877,"Blastomere A"
"B1",12.0330772,"Endothelium",0.606193181486434,0.495760067937304,0.48319755991821,0.508423738678023,0.11043311354913,0.0977694428084105,"Blastomere A"
"B1",12.0330772,"Ependymal_cells",0.459122765572092,0.495760067937304,0.48319755991821,0.508423738678023,-0.0366373023652114,-0.049300973105931,"Blastomere A"
"B1",12.0330772,"Epithelium",0.75950139263541,0.495760067937304,0.48319755991821,0.508423738678023,0.263741324698107,0.251077653957387,"Blastomere A"
"B1",12.0330772,"Eye_and_other",0.679960576147017,0.495760067937304,0.48319755991821,0.508423738678023,0.184200508209713,0.171536837468994,"Blastomere A"
"B1",12.0330772,"Hepatocytes",0.739547569750133,0.495760067937304,0.48319755991821,0.508423738678023,0.243787501812829,0.23112383107211,"Blastomere A"
"B1",12.0330772,"Intermediate_neuronal_progenitors",0.81402162675773,0.495760067937304,0.48319755991821,0.508423738678023,0.318261558820427,0.305597888079707,"Blastomere A"
"B1",12.0330772,"Intestine",0.637994551420965,0.495760067937304,0.48319755991821,0.508423738678023,0.142234483483661,0.129570812742941,"Blastomere A"
"B1",12.0330772,"Lung_and_airway",0.673935523114355,0.495760067937304,0.48319755991821,0.508423738678023,0.178175455177052,0.165511784436332,"Blastomere A"
"B1",12.0330772,"Mast_cells",0.447664104080426,0.495760067937304,0.48319755991821,0.508423738678023,-0.0480959638568778,-0.0607596345975974,"Blastomere A"
"B1",12.0330772,"Megakaryocytes",0.566082220893936,0.495760067937304,0.48319755991821,0.508423738678023,0.0703221529566327,0.0576584822159132,"Blastomere A"
"B1",12.0330772,"Mesoderm",0.764923079951598,0.495760067937304,0.48319755991821,0.508423738678023,0.269163012014295,0.256499341273575,"Blastomere A"
"B1",12.0330772,"Muscle_cells",0.712924566693408,0.495760067937304,0.48319755991821,0.508423738678023,0.217164498756105,0.204500828015385,"Blastomere A"
"B1",12.0330772,"Neural_crest_PNS_glia",0.680949413606877,0.495760067937304,0.48319755991821,0.508423738678023,0.185189345669573,0.172525674928854,"Blastomere A"
"B1",12.0330772,"Neural_crest_PNS_neurons",0.687939015123434,0.495760067937304,0.48319755991821,0.508423738678023,0.19217894718613,0.179515276445411,"Blastomere A"
"B1",12.0330772,"Neuroectoderm_and_glia",0.816540053691758,0.495760067937304,0.48319755991821,0.508423738678023,0.320779985754454,0.308116315013734,"Blastomere A"
"B1",12.0330772,"Olfactory_sensory_neurons",0.711038582585383,0.495760067937304,0.48319755991821,0.508423738678023,0.215278514648079,0.20261484390736,"Blastomere A"
"B1",12.0330772,"White_blood_cells",0.67823037153475,0.495760067937304,0.48319755991821,0.508423738678023,0.182470303597447,0.169806632856727,"Blastomere A"
"B1",12.1655266,"CNS_neurons",0.813724701074303,0.496027889663622,0.483418620984295,0.508648447020941,0.317696811410681,0.305076254053363,"Blastomere A"
"B1",12.1655266,"Definitive_erythroid",0.732468464265391,0.496027889663622,0.483418620984295,0.508648447020941,0.236440574601769,0.223820017244451,"Blastomere A"
"B1",12.1655266,"Endothelium",0.60778564206269,0.496027889663622,0.483418620984295,0.508648447020941,0.111757752399067,0.0991371950417489,"Blastomere A"
"B1",12.1655266,"Ependymal_cells",0.462507994446784,0.496027889663622,0.483418620984295,0.508648447020941,-0.033519895216838,-0.0461404525741562,"Blastomere A"
"B1",12.1655266,"Epithelium",0.76070078997199,0.496027889663622,0.483418620984295,0.508648447020941,0.264672900308368,0.25205234295105,"Blastomere A"
"B1",12.1655266,"Eye_and_other",0.682058542960798,0.496027889663622,0.483418620984295,0.508648447020941,0.186030653297176,0.173410095939858,"Blastomere A"
"B1",12.1655266,"Hepatocytes",0.746459888043414,0.496027889663622,0.483418620984295,0.508648447020941,0.250431998379791,0.237811441022473,"Blastomere A"
"B1",12.1655266,"Intermediate_neuronal_progenitors",0.81789271181962,0.496027889663622,0.483418620984295,0.508648447020941,0.321864822155997,0.309244264798679,"Blastomere A"
"B1",12.1655266,"Intestine",0.640487536656891,0.496027889663622,0.483418620984295,0.508648447020941,0.144459646993269,0.131839089635951,"Blastomere A"
"B1",12.1655266,"Lung_and_airway",0.679205882352941,0.496027889663622,0.483418620984295,0.508648447020941,0.183177992689319,0.170557435332001,"Blastomere A"
"B1",12.1655266,"Mast_cells",0.454725523486135,0.496027889663622,0.483418620984295,0.508648447020941,-0.0413023661774876,-0.0539229235348059,"Blastomere A"
"B1",12.1655266,"Megakaryocytes",0.573069519391587,0.496027889663622,0.483418620984295,0.508648447020941,0.0770416297279648,0.0644210723706465,"Blastomere A"
"B1",12.1655266,"Mesoderm",0.766564260224321,0.496027889663622,0.483418620984295,0.508648447020941,0.270536370560699,0.257915813203381,"Blastomere A"
"B1",12.1655266,"Muscle_cells",0.715559478156446,0.496027889663622,0.483418620984295,0.508648447020941,0.219531588492824,0.206911031135506,"Blastomere A"
"B1",12.1655266,"Neural_crest_PNS_glia",0.681384321404138,0.496027889663622,0.483418620984295,0.508648447020941,0.185356431740516,0.172735874383197,"Blastomere A"
"B1",12.1655266,"Neural_crest_PNS_neurons",0.688913164169686,0.496027889663622,0.483418620984295,0.508648447020941,0.192885274506063,0.180264717148745,"Blastomere A"
"B1",12.1655266,"Neuroectoderm_and_glia",0.819482629677887,0.496027889663622,0.483418620984295,0.508648447020941,0.323454740014265,0.310834182656947,"Blastomere A"
"B1",12.1655266,"Olfactory_sensory_neurons",0.714658856048791,0.496027889663622,0.483418620984295,0.508648447020941,0.218630966385169,0.20601040902785,"Blastomere A"
"B1",12.1655266,"White_blood_cells",0.685073557874429,0.496027889663622,0.483418620984295,0.508648447020941,0.189045668210806,0.176425110853488,"Blastomere A"
"B1",12.297976,"CNS_neurons",0.81568703130191,0.496573464632191,0.483901214850424,0.509108921189425,0.319113566669719,0.306578110112486,"Blastomere A"
"B1",12.297976,"Definitive_erythroid",0.747075135096464,0.496573464632191,0.483901214850424,0.509108921189425,0.250501670464273,0.237966213907039,"Blastomere A"
"B1",12.297976,"Endothelium",0.609260968710442,0.496573464632191,0.483901214850424,0.509108921189425,0.112687504078251,0.100152047521017,"Blastomere A"
"B1",12.297976,"Ependymal_cells",0.464037052272346,0.496573464632191,0.483901214850424,0.509108921189425,-0.0325364123598449,-0.0450718689170786,"Blastomere A"
"B1",12.297976,"Epithelium",0.762028769243462,0.496573464632191,0.483901214850424,0.509108921189425,0.265455304611271,0.252919848054037,"Blastomere A"
"B1",12.297976,"Eye_and_other",0.684577516585469,0.496573464632191,0.483901214850424,0.509108921189425,0.188004051953277,0.175468595396044,"Blastomere A"
"B1",12.297976,"Hepatocytes",0.752124492601225,0.496573464632191,0.483901214850424,0.509108921189425,0.255551027969034,0.243015571411801,"Blastomere A"
"B1",12.297976,"Intermediate_neuronal_progenitors",0.821551074400505,0.496573464632191,0.483901214850424,0.509108921189425,0.324977609768313,0.31244215321108,"Blastomere A"
"B1",12.297976,"Intestine",0.643500508707882,0.496573464632191,0.483901214850424,0.509108921189425,0.146927044075691,0.134391587518457,"Blastomere A"
"B1",12.297976,"Lung_and_airway",0.680953724604966,0.496573464632191,0.483901214850424,0.509108921189425,0.184380259972775,0.171844803415541,"Blastomere A"
"B1",12.297976,"Mast_cells",0.466836734693878,0.496573464632191,0.483901214850424,0.509108921189425,-0.0297367299383137,-0.0422721864955474,"Blastomere A"
"B1",12.297976,"Megakaryocytes",0.580993840322199,0.496573464632191,0.483901214850424,0.509108921189425,0.0844203756900074,0.0718849191327737,"Blastomere A"
"B1",12.297976,"Mesoderm",0.768080369457886,0.496573464632191,0.483901214850424,0.509108921189425,0.271506904825694,0.258971448268461,"Blastomere A"
"B1",12.297976,"Muscle_cells",0.71749572115242,0.496573464632191,0.483901214850424,0.509108921189425,0.220922256520228,0.208386799962995,"Blastomere A"
"B1",12.297976,"Neural_crest_PNS_glia",0.682012404435808,0.496573464632191,0.483901214850424,0.509108921189425,0.185438939803616,0.172903483246383,"Blastomere A"
"B1",12.297976,"Neural_crest_PNS_neurons",0.689554561808144,0.496573464632191,0.483901214850424,0.509108921189425,0.192981097175953,0.180445640618719,"Blastomere A"
"B1",12.297976,"Neuroectoderm_and_glia",0.822444270740137,0.496573464632191,0.483901214850424,0.509108921189425,0.325870806107946,0.313335349550713,"Blastomere A"
"B1",12.297976,"Olfactory_sensory_neurons",0.719055013309672,0.496573464632191,0.483901214850424,0.509108921189425,0.22248154867748,0.209946092120247,"Blastomere A"
"B1",12.297976,"White_blood_cells",0.692778571174554,0.496573464632191,0.483901214850424,0.509108921189425,0.196205106542362,0.183669649985129,"Blastomere A"
"B1",12.4304254,"CNS_neurons",0.817292357101482,0.496765743137611,0.483873892310474,0.509656733724535,0.320526613963871,0.307635623376947,"Blastomere A"
"B1",12.4304254,"Definitive_erythroid",0.759967097381084,0.496765743137611,0.483873892310474,0.509656733724535,0.263201354243472,0.250310363656549,"Blastomere A"
"B1",12.4304254,"Endothelium",0.610639481189502,0.496765743137611,0.483873892310474,0.509656733724535,0.113873738051891,0.100982747464967,"Blastomere A"
"B1",12.4304254,"Ependymal_cells",0.467365440799976,0.496765743137611,0.483873892310474,0.509656733724535,-0.0294003023376355,-0.0422912929245591,"Blastomere A"
"B1",12.4304254,"Epithelium",0.763264552635918,0.496765743137611,0.483873892310474,0.509656733724535,0.266498809498307,0.253607818911383,"Blastomere A"
"B1",12.4304254,"Eye_and_other",0.685715701823949,0.496765743137611,0.483873892310474,0.509656733724535,0.188949958686338,0.176058968099414,"Blastomere A"
"B1",12.4304254,"Hepatocytes",0.756990233279241,0.496765743137611,0.483873892310474,0.509656733724535,0.26022449014163,0.247333499554706,"Blastomere A"
"B1",12.4304254,"Intermediate_neuronal_progenitors",0.824745982107805,0.496765743137611,0.483873892310474,0.509656733724535,0.327980238970194,0.31508924838327,"Blastomere A"
"B1",12.4304254,"Intestine",0.645029085140137,0.496765743137611,0.483873892310474,0.509656733724535,0.148263342002526,0.135372351415602,"Blastomere A"
"B1",12.4304254,"Lung_and_airway",0.684006550218341,0.496765743137611,0.483873892310474,0.509656733724535,0.187240807080729,0.174349816493806,"Blastomere A"
"B1",12.4304254,"Mast_cells",0.483536740401729,0.496765743137611,0.483873892310474,0.509656733724535,-0.0132290027358826,-0.0261199933228062,"Blastomere A"
"B1",12.4304254,"Megakaryocytes",0.584937521107734,0.496765743137611,0.483873892310474,0.509656733724535,0.0881717779701225,0.0752807873831989,"Blastomere A"
"B1",12.4304254,"Mesoderm",0.769411908386773,0.496765743137611,0.483873892310474,0.509656733724535,0.272646165249161,0.259755174662238,"Blastomere A"
"B1",12.4304254,"Muscle_cells",0.719583381698778,0.496765743137611,0.483873892310474,0.509656733724535,0.222817638561166,0.209926647974243,"Blastomere A"
"B1",12.4304254,"Neural_crest_PNS_glia",0.68292224463598,0.496765743137611,0.483873892310474,0.509656733724535,0.186156501498369,0.173265510911445,"Blastomere A"
"B1",12.4304254,"Neural_crest_PNS_neurons",0.690860880374419,0.496765743137611,0.483873892310474,0.509656733724535,0.194095137236807,0.181204146649884,"Blastomere A"
"B1",12.4304254,"Neuroectoderm_and_glia",0.824932040909289,0.496765743137611,0.483873892310474,0.509656733724535,0.328166297771678,0.315275307184754,"Blastomere A"
"B1",12.4304254,"Olfactory_sensory_neurons",0.720753403323623,0.496765743137611,0.483873892310474,0.509656733724535,0.223987660186011,0.211096669599087,"Blastomere A"
"B1",12.4304254,"White_blood_cells",0.700075629556976,0.496765743137611,0.483873892310474,0.509656733724535,0.203309886419365,0.190418895832441,"Blastomere A"
"B1",12.5628748,"CNS_neurons",0.8188052729363,0.497162623696519,0.484403694693807,0.50991897913825,0.321642649239781,0.30888629379805,"Blastomere A"
"B1",12.5628748,"Definitive_erythroid",0.766963809405426,0.497162623696519,0.484403694693807,0.50991897913825,0.269801185708907,0.257044830267176,"Blastomere A"
"B1",12.5628748,"Endothelium",0.613400075510952,0.497162623696519,0.484403694693807,0.50991897913825,0.116237451814433,0.103481096372702,"Blastomere A"
"B1",12.5628748,"Ependymal_cells",0.470528817587641,0.497162623696519,0.484403694693807,0.50991897913825,-0.0266338061088779,-0.0393901615506085,"Blastomere A"
"B1",12.5628748,"Epithelium",0.764052529207681,0.497162623696519,0.484403694693807,0.50991897913825,0.266889905511162,0.254133550069431,"Blastomere A"
"B1",12.5628748,"Eye_and_other",0.689354395604395,0.497162623696519,0.484403694693807,0.50991897913825,0.192191771907876,0.179435416466146,"Blastomere A"
"B1",12.5628748,"Hepatocytes",0.76229974058422,0.497162623696519,0.484403694693807,0.50991897913825,0.265137116887701,0.25238076144597,"Blastomere A"
"B1",12.5628748,"Intermediate_neuronal_progenitors",0.827870390510714,0.497162623696519,0.484403694693807,0.50991897913825,0.330707766814195,0.317951411372464,"Blastomere A"
"B1",12.5628748,"Intestine",0.646512641673932,0.497162623696519,0.484403694693807,0.50991897913825,0.149350017977413,0.136593662535682,"Blastomere A"
"B1",12.5628748,"Lung_and_airway",0.69003164556962,0.497162623696519,0.484403694693807,0.50991897913825,0.192869021873101,0.180112666431371,"Blastomere A"
"B1",12.5628748,"Mast_cells",0.494007907091673,0.497162623696519,0.484403694693807,0.50991897913825,-0.00315471660484617,-0.0159110720465768,"Blastomere A"
"B1",12.5628748,"Megakaryocytes",0.590039244244852,0.497162623696519,0.484403694693807,0.50991897913825,0.0928766205483326,0.080120265106602,"Blastomere A"
"B1",12.5628748,"Mesoderm",0.770548867423125,0.497162623696519,0.484403694693807,0.50991897913825,0.273386243726606,0.260629888284876,"Blastomere A"
"B1",12.5628748,"Muscle_cells",0.721209840999804,0.497162623696519,0.484403694693807,0.50991897913825,0.224047217303285,0.211290861861554,"Blastomere A"
"B1",12.5628748,"Neural_crest_PNS_glia",0.684500972560573,0.497162623696519,0.484403694693807,0.50991897913825,0.187338348864054,0.174581993422323,"Blastomere A"
"B1",12.5628748,"Neural_crest_PNS_neurons",0.691838365258562,0.497162623696519,0.484403694693807,0.50991897913825,0.194675741562043,0.181919386120312,"Blastomere A"
"B1",12.5628748,"Neuroectoderm_and_glia",0.827233173855017,0.497162623696519,0.484403694693807,0.50991897913825,0.330070550158498,0.317314194716767,"Blastomere A"
"B1",12.5628748,"Olfactory_sensory_neurons",0.724074273863895,0.497162623696519,0.484403694693807,0.50991897913825,0.226911650167376,0.214155294725646,"Blastomere A"
"B1",12.5628748,"White_blood_cells",0.706806408029338,0.497162623696519,0.484403694693807,0.50991897913825,0.209643784332819,0.196887428891088,"Blastomere A"
"B1",12.6953242,"CNS_neurons",0.820461440419241,0.497412554870597,0.484828359427223,0.510065186847066,0.323048885548644,0.310396253572174,"Blastomere A"
"B1",12.6953242,"Definitive_erythroid",0.779309125677516,0.497412554870597,0.484828359427223,0.510065186847066,0.281896570806919,0.26924393883045,"Blastomere A"
"B1",12.6953242,"Endothelium",0.615007276022075,0.497412554870597,0.484828359427223,0.510065186847066,0.117594721151478,0.104942089175009,"Blastomere A"
"B1",12.6953242,"Ependymal_cells",0.47456279809221,0.497412554870597,0.484828359427223,0.510065186847066,-0.0228497567783872,-0.0355023887548566,"Blastomere A"
"B1",12.6953242,"Epithelium",0.764828986859259,0.497412554870597,0.484828359427223,0.510065186847066,0.267416431988662,0.254763800012192,"Blastomere A"
"B1",12.6953242,"Eye_and_other",0.690148294378828,0.497412554870597,0.484828359427223,0.510065186847066,0.192735739508231,0.180083107531761,"Blastomere A"
"B1",12.6953242,"Hepatocytes",0.764680469859848,0.497412554870597,0.484828359427223,0.510065186847066,0.267267914989251,0.254615283012781,"Blastomere A"
"B1",12.6953242,"Intermediate_neuronal_progenitors",0.8311827298408,0.497412554870597,0.484828359427223,0.510065186847066,0.333770174970203,0.321117542993733,"Blastomere A"
"B1",12.6953242,"Intestine",0.649171985509746,0.497412554870597,0.484828359427223,0.510065186847066,0.151759430639149,0.13910679866268,"Blastomere A"
"B1",12.6953242,"Lung_and_airway",0.69473819301848,0.497412554870597,0.484828359427223,0.510065186847066,0.197325638147883,0.184673006171414,"Blastomere A"
"B1",12.6953242,"Mast_cells",0.495937424205675,0.497412554870597,0.484828359427223,0.510065186847066,-0.00147513066492166,-0.014127762641391,"Blastomere A"
"B1",12.6953242,"Megakaryocytes",0.593911090695657,0.497412554870597,0.484828359427223,0.510065186847066,0.0964985358250596,0.0838459038485903,"Blastomere A"
"B1",12.6953242,"Mesoderm",0.771656344701946,0.497412554870597,0.484828359427223,0.510065186847066,0.274243789831349,0.26159115785488,"Blastomere A"
"B1",12.6953242,"Muscle_cells",0.722884755280354,0.497412554870597,0.484828359427223,0.510065186847066,0.225472200409757,0.212819568433288,"Blastomere A"
"B1",12.6953242,"Neural_crest_PNS_glia",0.685784994400896,0.497412554870597,0.484828359427223,0.510065186847066,0.188372439530299,0.175719807553829,"Blastomere A"
"B1",12.6953242,"Neural_crest_PNS_neurons",0.692910285740209,0.497412554870597,0.484828359427223,0.510065186847066,0.195497730869612,0.182845098893143,"Blastomere A"
"B1",12.6953242,"Neuroectoderm_and_glia",0.829556904726057,0.497412554870597,0.484828359427223,0.510065186847066,0.33214434985546,0.31949171787899,"Blastomere A"
"B1",12.6953242,"Olfactory_sensory_neurons",0.724690671117823,0.497412554870597,0.484828359427223,0.510065186847066,0.227278116247226,0.214625484270757,"Blastomere A"
"B1",12.6953242,"White_blood_cells",0.713836337551706,0.497412554870597,0.484828359427223,0.510065186847066,0.216423782681109,0.20377115070464,"Blastomere A"
"B1",12.8277736,"CNS_neurons",0.822066747734065,0.497717237752169,0.485339532051704,0.510687112350229,0.324349509981896,0.311379635383837,"Blastomere A"
"B1",12.8277736,"Definitive_erythroid",0.786545394952474,0.497717237752169,0.485339532051704,0.510687112350229,0.288828157200306,0.275858282602246,"Blastomere A"
"B1",12.8277736,"Endothelium",0.616878094645931,0.497717237752169,0.485339532051704,0.510687112350229,0.119160856893762,0.106190982295702,"Blastomere A"
"B1",12.8277736,"Ependymal_cells",0.479438694557259,0.497717237752169,0.485339532051704,0.510687112350229,-0.0182785431949102,-0.0312484177929698,"Blastomere A"
"B1",12.8277736,"Epithelium",0.765737199156656,0.497717237752169,0.485339532051704,0.510687112350229,0.268019961404487,0.255050086806427,"Blastomere A"
"B1",12.8277736,"Eye_and_other",0.692418758411624,0.497717237752169,0.485339532051704,0.510687112350229,0.194701520659455,0.181731646061395,"Blastomere A"
"B1",12.8277736,"Hepatocytes",0.768589422502073,0.497717237752169,0.485339532051704,0.510687112350229,0.270872184749904,0.257902310151844,"Blastomere A"
"B1",12.8277736,"Intermediate_neuronal_progenitors",0.833755442138613,0.497717237752169,0.485339532051704,0.510687112350229,0.336038204386444,0.323068329788384,"Blastomere A"
"B1",12.8277736,"Intestine",0.648240990087664,0.497717237752169,0.485339532051704,0.510687112350229,0.150523752335495,0.137553877737435,"Blastomere A"
"B1",12.8277736,"Lung_and_airway",0.69748003992016,0.497717237752169,0.485339532051704,0.510687112350229,0.199762802167991,0.186792927569931,"Blastomere A"
"B1",12.8277736,"Mast_cells",0.496411483253589,0.497717237752169,0.485339532051704,0.510687112350229,-0.00130575449858034,-0.01427562909664,"Blastomere A"
"B1",12.8277736,"Megakaryocytes",0.59859069075659,0.497717237752169,0.485339532051704,0.510687112350229,0.100873453004421,0.087903578406361,"Blastomere A"
"B1",12.8277736,"Mesoderm",0.772612820804613,0.497717237752169,0.485339532051704,0.510687112350229,0.274895583052444,0.261925708454384,"Blastomere A"
"B1",12.8277736,"Muscle_cells",0.725075809612261,0.497717237752169,0.485339532051704,0.510687112350229,0.227358571860092,0.214388697262033,"Blastomere A"
"B1",12.8277736,"Neural_crest_PNS_glia",0.6869146051248,0.497717237752169,0.485339532051704,0.510687112350229,0.189197367372631,0.176227492774571,"Blastomere A"
"B1",12.8277736,"Neural_crest_PNS_neurons",0.6939010221685,0.497717237752169,0.485339532051704,0.510687112350229,0.196183784416331,0.183213909818271,"Blastomere A"
"B1",12.8277736,"Neuroectoderm_and_glia",0.831630217972549,0.497717237752169,0.485339532051704,0.510687112350229,0.33391298022038,0.32094310562232,"Blastomere A"
"B1",12.8277736,"Olfactory_sensory_neurons",0.726672969120866,0.497717237752169,0.485339532051704,0.510687112350229,0.228955731368697,0.215985856770637,"Blastomere A"
"B1",12.8277736,"White_blood_cells",0.718834293189336,0.497717237752169,0.485339532051704,0.510687112350229,0.221117055437167,0.208147180839107,"Blastomere A"
"B1",12.960223,"CNS_neurons",0.823545102824736,0.497910133431886,0.484896598164161,0.510411616111599,0.325634969392851,0.313133486713138,"Blastomere A"
"B1",12.960223,"Definitive_erythroid",0.797331049321201,0.497910133431886,0.484896598164161,0.510411616111599,0.299420915889315,0.286919433209603,"Blastomere A"
"B1",12.960223,"Endothelium",0.619153587965065,0.497910133431886,0.484896598164161,0.510411616111599,0.12124345453318,0.108741971853467,"Blastomere A"
"B1",12.960223,"Ependymal_cells",0.480551924473493,0.497910133431886,0.484896598164161,0.510411616111599,-0.0173582089583927,-0.0298596916381055,"Blastomere A"
"B1",12.960223,"Epithelium",0.766577997431797,0.497910133431886,0.484896598164161,0.510411616111599,0.268667863999911,0.256166381320198,"Blastomere A"
"B1",12.960223,"Eye_and_other",0.692057942057942,0.497910133431886,0.484896598164161,0.510411616111599,0.194147808626056,0.181646325946343,"Blastomere A"
"B1",12.960223,"Hepatocytes",0.772122894360589,0.497910133431886,0.484896598164161,0.510411616111599,0.274212760928703,0.26171127824899,"Blastomere A"
"B1",12.960223,"Intermediate_neuronal_progenitors",0.836752387623706,0.497910133431886,0.484896598164161,0.510411616111599,0.33884225419182,0.326340771512108,"Blastomere A"
"B1",12.960223,"Intestine",0.650187414811449,0.497910133431886,0.484896598164161,0.510411616111599,0.152277281379563,0.139775798699851,"Blastomere A"
"B1",12.960223,"Lung_and_airway",0.701889534883721,0.497910133431886,0.484896598164161,0.510411616111599,0.203979401451835,0.191477918772122,"Blastomere A"
"B1",12.960223,"Mast_cells",0.505738465105495,0.497910133431886,0.484896598164161,0.510411616111599,0.00782833167360908,-0.00467315100610366,"Blastomere A"
"B1",12.960223,"Megakaryocytes",0.602082065208909,0.497910133431886,0.484896598164161,0.510411616111599,0.104171931777023,0.0916704490973101,"Blastomere A"
"B1",12.960223,"Mesoderm",0.773789659012452,0.497910133431886,0.484896598164161,0.510411616111599,0.275879525580566,0.263378042900853,"Blastomere A"
"B1",12.960223,"Muscle_cells",0.727090862854655,0.497910133431886,0.484896598164161,0.510411616111599,0.229180729422769,0.216679246743056,"Blastomere A"
"B1",12.960223,"Neural_crest_PNS_glia",0.688351926109648,0.497910133431886,0.484896598164161,0.510411616111599,0.190441792677762,0.17794030999805,"Blastomere A"
"B1",12.960223,"Neural_crest_PNS_neurons",0.694360159963304,0.497910133431886,0.484896598164161,0.510411616111599,0.196450026531419,0.183948543851706,"Blastomere A"
"B1",12.960223,"Neuroectoderm_and_glia",0.833927826220027,0.497910133431886,0.484896598164161,0.510411616111599,0.336017692788141,0.323516210108428,"Blastomere A"
"B1",12.960223,"Olfactory_sensory_neurons",0.728320545609548,0.497910133431886,0.484896598164161,0.510411616111599,0.230410412177662,0.21790892949795,"Blastomere A"
"B1",12.960223,"White_blood_cells",0.724434007975569,0.497910133431886,0.484896598164161,0.510411616111599,0.226523874543683,0.21402239186397,"Blastomere A"
"B1",13.0926724,"CNS_neurons",0.824914316576256,0.498123175654104,0.485261067757107,0.510654050479785,0.326791140922153,0.314260266096472,"Blastomere A"
"B1",13.0926724,"Definitive_erythroid",0.807032176166347,0.498123175654104,0.485261067757107,0.510654050479785,0.308909000512243,0.296378125686562,"Blastomere A"
"B1",13.0926724,"Endothelium",0.622220359055514,0.498123175654104,0.485261067757107,0.510654050479785,0.12409718340141,0.11156630857573,"Blastomere A"
"B1",13.0926724,"Ependymal_cells",0.484838037779214,0.498123175654104,0.485261067757107,0.510654050479785,-0.0132851378748897,-0.0258160127005704,"Blastomere A"
"B1",13.0926724,"Epithelium",0.76778068625565,0.498123175654104,0.485261067757107,0.510654050479785,0.269657510601547,0.257126635775866,"Blastomere A"
"B1",13.0926724,"Eye_and_other",0.692979726954812,0.498123175654104,0.485261067757107,0.510654050479785,0.194856551300708,0.182325676475027,"Blastomere A"
"B1",13.0926724,"Hepatocytes",0.776715124672961,0.498123175654104,0.485261067757107,0.510654050479785,0.278591949018857,0.266061074193176,"Blastomere A"
"B1",13.0926724,"Intermediate_neuronal_progenitors",0.83906229599959,0.498123175654104,0.485261067757107,0.510654050479785,0.340939120345486,0.328408245519806,"Blastomere A"
"B1",13.0926724,"Intestine",0.650802273107137,0.498123175654104,0.485261067757107,0.510654050479785,0.152679097453033,0.140148222627352,"Blastomere A"
"B1",13.0926724,"Lung_and_airway",0.707199812382739,0.498123175654104,0.485261067757107,0.510654050479785,0.209076636728635,0.196545761902955,"Blastomere A"
"B1",13.0926724,"Mast_cells",0.512820512820513,0.498123175654104,0.485261067757107,0.510654050479785,0.014697337166409,0.00216646234072826,"Blastomere A"
"B1",13.0926724,"Megakaryocytes",0.606297531987553,0.498123175654104,0.485261067757107,0.510654050479785,0.108174356333449,0.0956434815077686,"Blastomere A"
"B1",13.0926724,"Mesoderm",0.774751927022469,0.498123175654104,0.485261067757107,0.510654050479785,0.276628751368365,0.264097876542684,"Blastomere A"
"B1",13.0926724,"Muscle_cells",0.728996557183351,0.498123175654104,0.485261067757107,0.510654050479785,0.230873381529247,0.218342506703566,"Blastomere A"
"B1",13.0926724,"Neural_crest_PNS_glia",0.689311574624446,0.498123175654104,0.485261067757107,0.510654050479785,0.191188398970342,0.178657524144662,"Blastomere A"
"B1",13.0926724,"Neural_crest_PNS_neurons",0.694974635962191,0.498123175654104,0.485261067757107,0.510654050479785,0.196851460308087,0.184320585482406,"Blastomere A"
"B1",13.0926724,"Neuroectoderm_and_glia",0.836335462525923,0.498123175654104,0.485261067757107,0.510654050479785,0.338212286871819,0.325681412046139,"Blastomere A"
"B1",13.0926724,"Olfactory_sensory_neurons",0.730310222356882,0.498123175654104,0.485261067757107,0.510654050479785,0.232187046702778,0.219656171877098,"Blastomere A"
"B1",13.0926724,"White_blood_cells",0.729529121938144,0.498123175654104,0.485261067757107,0.510654050479785,0.23140594628404,0.218875071458359,"Blastomere A"
"B1",13.2251218,"CNS_neurons",0.82621062225555,0.498437411864059,0.485672789611314,0.511090588407071,0.32777321039149,0.315120033848478,"Blastomere A"
"B1",13.2251218,"Definitive_erythroid",0.813663355030262,0.498437411864059,0.485672789611314,0.511090588407071,0.315225943166202,0.30257276662319,"Blastomere A"
"B1",13.2251218,"Endothelium",0.623975394971638,0.498437411864059,0.485672789611314,0.511090588407071,0.125537983107578,0.112884806564566,"Blastomere A"
"B1",13.2251218,"Ependymal_cells",0.487666950838306,0.498437411864059,0.485672789611314,0.511090588407071,-0.0107704610257529,-0.023423637568765,"Blastomere A"
"B1",13.2251218,"Epithelium",0.768894128248822,0.498437411864059,0.485672789611314,0.511090588407071,0.270456716384762,0.25780353984175,"Blastomere A"
"B1",13.2251218,"Eye_and_other",0.693995268704732,0.498437411864059,0.485672789611314,0.511090588407071,0.195557856840673,0.18290468029766,"Blastomere A"
"B1",13.2251218,"Hepatocytes",0.780964132149758,0.498437411864059,0.485672789611314,0.511090588407071,0.282526720285698,0.269873543742686,"Blastomere A"
"B1",13.2251218,"Intermediate_neuronal_progenitors",0.840822606287502,0.498437411864059,0.485672789611314,0.511090588407071,0.342385194423443,0.329732017880431,"Blastomere A"
"B1",13.2251218,"Intestine",0.652924072854948,0.498437411864059,0.485672789611314,0.511090588407071,0.154486660990889,0.141833484447877,"Blastomere A"
"B1",13.2251218,"Lung_and_airway",0.715178571428572,0.498437411864059,0.485672789611314,0.511090588407071,0.216741159564512,0.2040879830215,"Blastomere A"
"B1",13.2251218,"Mast_cells",0.517121779343757,0.498437411864059,0.485672789611314,0.511090588407071,0.0186843674796976,0.00603119093668547,"Blastomere A"
"B1",13.2251218,"Megakaryocytes",0.608581417062949,0.498437411864059,0.485672789611314,0.511090588407071,0.11014400519889,0.097490828655878,"Blastomere A"
"B1",13.2251218,"Mesoderm",0.775651200892664,0.498437411864059,0.485672789611314,0.511090588407071,0.277213789028604,0.264560612485592,"Blastomere A"
"B1",13.2251218,"Muscle_cells",0.730144172411932,0.498437411864059,0.485672789611314,0.511090588407071,0.231706760547873,0.219053584004861,"Blastomere A"
"B1",13.2251218,"Neural_crest_PNS_glia",0.690559223881873,0.498437411864059,0.485672789611314,0.511090588407071,0.192121812017813,0.179468635474801,"Blastomere A"
"B1",13.2251218,"Neural_crest_PNS_neurons",0.695576539731963,0.498437411864059,0.485672789611314,0.511090588407071,0.197139127867903,0.184485951324891,"Blastomere A"
"B1",13.2251218,"Neuroectoderm_and_glia",0.838239780688443,0.498437411864059,0.485672789611314,0.511090588407071,0.339802368824384,0.327149192281372,"Blastomere A"
"B1",13.2251218,"Olfactory_sensory_neurons",0.731943647606298,0.498437411864059,0.485672789611314,0.511090588407071,0.233506235742239,0.220853059199227,"Blastomere A"
"B1",13.2251218,"White_blood_cells",0.734118725485182,0.498437411864059,0.485672789611314,0.511090588407071,0.235681313621123,0.223028137078111,"Blastomere A"
"B1",13.3575712,"CNS_neurons",0.827342950323673,0.49828987093167,0.485813835303795,0.510830173932703,0.329053079392002,0.31651277639097,"Blastomere A"
"B1",13.3575712,"Definitive_erythroid",0.822543592751445,0.49828987093167,0.485813835303795,0.510830173932703,0.324253721819775,0.311713418818742,"Blastomere A"
"B1",13.3575712,"Endothelium",0.626222285054546,0.49828987093167,0.485813835303795,0.510830173932703,0.127932414122876,0.115392111121844,"Blastomere A"
"B1",13.3575712,"Ependymal_cells",0.490731350011269,0.49828987093167,0.485813835303795,0.510830173932703,-0.00755852092040138,-0.0200988239214339,"Blastomere A"
"B1",13.3575712,"Epithelium",0.769695862548669,0.49828987093167,0.485813835303795,0.510830173932703,0.271405991616999,0.258865688615967,"Blastomere A"
"B1",13.3575712,"Eye_and_other",0.69530010281768,0.49828987093167,0.485813835303795,0.510830173932703,0.19701023188601,0.184469928884977,"Blastomere A"
"B1",13.3575712,"Hepatocytes",0.784161724896203,0.49828987093167,0.485813835303795,0.510830173932703,0.285871853964533,0.2733315509635,"Blastomere A"
"B1",13.3575712,"Intermediate_neuronal_progenitors",0.842805368245276,0.49828987093167,0.485813835303795,0.510830173932703,0.344515497313606,0.331975194312574,"Blastomere A"
"B1",13.3575712,"Intestine",0.655810759868598,0.49828987093167,0.485813835303795,0.510830173932703,0.157520888936928,0.144980585935895,"Blastomere A"
"B1",13.3575712,"Lung_and_airway",0.718326086956522,0.49828987093167,0.485813835303795,0.510830173932703,0.220036216024851,0.207495913023819,"Blastomere A"
"B1",13.3575712,"Mast_cells",0.519980506822612,0.49828987093167,0.485813835303795,0.510830173932703,0.0216906358909419,0.00915033288990941,"Blastomere A"
"B1",13.3575712,"Megakaryocytes",0.608277638540796,0.49828987093167,0.485813835303795,0.510830173932703,0.109987767609126,0.0974474646080937,"Blastomere A"
"B1",13.3575712,"Mesoderm",0.776344450370892,0.49828987093167,0.485813835303795,0.510830173932703,0.278054579439221,0.265514276438189,"Blastomere A"
"B1",13.3575712,"Muscle_cells",0.732309021277514,0.49828987093167,0.485813835303795,0.510830173932703,0.234019150345843,0.221478847344811,"Blastomere A"
"B1",13.3575712,"Neural_crest_PNS_glia",0.691600894779049,0.49828987093167,0.485813835303795,0.510830173932703,0.193311023847379,0.180770720846346,"Blastomere A"
"B1",13.3575712,"Neural_crest_PNS_neurons",0.696190442305151,0.49828987093167,0.485813835303795,0.510830173932703,0.197900571373481,0.185360268372448,"Blastomere A"
"B1",13.3575712,"Neuroectoderm_and_glia",0.840200598615549,0.49828987093167,0.485813835303795,0.510830173932703,0.341910727683879,0.329370424682846,"Blastomere A"
"B1",13.3575712,"Olfactory_sensory_neurons",0.733095890710741,0.49828987093167,0.485813835303795,0.510830173932703,0.234806019779071,0.222265716778038,"Blastomere A"
"B1",13.3575712,"White_blood_cells",0.739697665998977,0.49828987093167,0.485813835303795,0.510830173932703,0.241407795067307,0.228867492066275,"Blastomere A"
"B1",13.4900206,"CNS_neurons",0.828126629786913,0.498555646236388,0.485607451369314,0.511162543717096,0.329570983550526,0.316964086069817,"Blastomere A"
"B1",13.4900206,"Definitive_erythroid",0.826885450940094,0.498555646236388,0.485607451369314,0.511162543717096,0.328329804703706,0.315722907222997,"Blastomere A"
"B1",13.4900206,"Endothelium",0.627507900494287,0.498555646236388,0.485607451369314,0.511162543717096,0.1289522542579,0.116345356777191,"Blastomere A"
"B1",13.4900206,"Ependymal_cells",0.494350282485876,0.498555646236388,0.485607451369314,0.511162543717096,-0.00420536375051195,-0.0168122612312206,"Blastomere A"
"B1",13.4900206,"Epithelium",0.770508764041437,0.498555646236388,0.485607451369314,0.511162543717096,0.271953117805049,0.25934622032434,"Blastomere A"
"B1",13.4900206,"Eye_and_other",0.696937241311251,0.498555646236388,0.485607451369314,0.511162543717096,0.198381595074863,0.185774697594154,"Blastomere A"
"B1",13.4900206,"Hepatocytes",0.786659529031181,0.498555646236388,0.485607451369314,0.511162543717096,0.288103882794793,0.275496985314085,"Blastomere A"
"B1",13.4900206,"Intermediate_neuronal_progenitors",0.843858533062824,0.498555646236388,0.485607451369314,0.511162543717096,0.345302886826437,0.332695989345728,"Blastomere A"
"B1",13.4900206,"Intestine",0.657871812470303,0.498555646236388,0.485607451369314,0.511162543717096,0.159316166233915,0.146709268753206,"Blastomere A"
"B1",13.4900206,"Lung_and_airway",0.720296610169492,0.498555646236388,0.485607451369314,0.511162543717096,0.221740963933104,0.209134066452395,"Blastomere A"
"B1",13.4900206,"Mast_cells",0.523556876061121,0.498555646236388,0.485607451369314,0.511162543717096,0.025001229824733,0.0123943323440243,"Blastomere A"
"B1",13.4900206,"Megakaryocytes",0.607318324155059,0.498555646236388,0.485607451369314,0.511162543717096,0.108762677918671,0.0961557804379626,"Blastomere A"
"B1",13.4900206,"Mesoderm",0.776989010365193,0.498555646236388,0.485607451369314,0.511162543717096,0.278433364128806,0.265826466648097,"Blastomere A"
"B1",13.4900206,"Muscle_cells",0.733654710941015,0.498555646236388,0.485607451369314,0.511162543717096,0.235099064704628,0.222492167223919,"Blastomere A"
"B1",13.4900206,"Neural_crest_PNS_glia",0.692252098390019,0.498555646236388,0.485607451369314,0.511162543717096,0.193696452153632,0.181089554672923,"Blastomere A"
"B1",13.4900206,"Neural_crest_PNS_neurons",0.697177164524963,0.498555646236388,0.485607451369314,0.511162543717096,0.198621518288575,0.186014620807867,"Blastomere A"
"B1",13.4900206,"Neuroectoderm_and_glia",0.841643992771049,0.498555646236388,0.485607451369314,0.511162543717096,0.343088346534661,0.330481449053953,"Blastomere A"
"B1",13.4900206,"Olfactory_sensory_neurons",0.735307193029252,0.498555646236388,0.485607451369314,0.511162543717096,0.236751546792864,0.224144649312156,"Blastomere A"
"B1",13.4900206,"White_blood_cells",0.742360568054967,0.498555646236388,0.485607451369314,0.511162543717096,0.243804921818579,0.231198024337871,"Blastomere A"
"B1",7,"CNS_neurons",0,0,0,0,0,0,"Blastomere A"
"B1",7,"Definitive_erythroid",0,0,0,0,0,0,"Blastomere A"
"B1",7,"Endothelium",0,0,0,0,0,0,"Blastomere A"
"B1",7,"Ependymal_cells",0,0,0,0,0,0,"Blastomere A"
"B1",7,"Epithelium",0,0,0,0,0,0,"Blastomere A"
"B1",7,"Eye_and_other",0,0,0,0,0,0,"Blastomere A"
"B1",7,"Hepatocytes",0,0,0,0,0,0,"Blastomere A"
"B1",7,"Intermediate_neuronal_progenitors",0,0,0,0,0,0,"Blastomere A"
"B1",7,"Intestine",0,0,0,0,0,0,"Blastomere A"
"B1",7,"Lung_and_airway",0,0,0,0,0,0,"Blastomere A"
"B1",7,"Mast_cells",0,0,0,0,0,0,"Blastomere A"
"B1",7,"Megakaryocytes",0,0,0,0,0,0,"Blastomere A"
"B1",7,"Mesoderm",0,0,0,0,0,0,"Blastomere A"
"B1",7,"Muscle_cells",0,0,0,0,0,0,"Blastomere A"
"B1",7,"Neural_crest_PNS_glia",0,0,0,0,0,0,"Blastomere A"
"B1",7,"Neural_crest_PNS_neurons",0,0,0,0,0,0,"Blastomere A"
"B1",7,"Neuroectoderm_and_glia",0,0,0,0,0,0,"Blastomere A"
"B1",7,"Olfactory_sensory_neurons",0,0,0,0,0,0,"Blastomere A"
"B1",7,"White_blood_cells",0,0,0,0,0,0,"Blastomere A"
"B1",7.1324494,"CNS_neurons",0.214139596239612,0.093353650224464,0.083177619785961,0.10410579667992,0.120785946015148,0.110033799559692,"Blastomere A"
"B1",7.1324494,"Definitive_erythroid",0.11755497305956,0.093353650224464,0.083177619785961,0.10410579667992,0.0242013228350963,0.0134491763796403,"Blastomere A"
"B1",7.1324494,"Endothelium",0.139991288916072,0.093353650224464,0.083177619785961,0.10410579667992,0.0466376386916084,0.0358854922361524,"Blastomere A"
"B1",7.1324494,"Ependymal_cells",0.0816215375038905,0.093353650224464,0.083177619785961,0.10410579667992,-0.0117321127205735,-0.0224842591760295,"Blastomere A"
"B1",7.1324494,"Epithelium",0.186298123767431,0.093353650224464,0.083177619785961,0.10410579667992,0.0929444735429673,0.0821923270875113,"Blastomere A"
"B1",7.1324494,"Eye_and_other",0.0828571428571429,0.093353650224464,0.083177619785961,0.10410579667992,-0.010496507367321,-0.021248653822777,"Blastomere A"
"B1",7.1324494,"Hepatocytes",0.105147962032384,0.093353650224464,0.083177619785961,0.10410579667992,0.0117943118079202,0.00104216535246419,"Blastomere A"
"B1",7.1324494,"Intermediate_neuronal_progenitors",0.158716537012683,0.093353650224464,0.083177619785961,0.10410579667992,0.0653628867882191,0.0546107403327631,"Blastomere A"
"B1",7.1324494,"Intestine",0.0810009487666033,0.093353650224464,0.083177619785961,0.10410579667992,-0.0123527014578606,-0.0231048479133166,"Blastomere A"
"B1",7.1324494,"Lung_and_airway",0.0452380952380953,0.093353650224464,0.083177619785961,0.10410579667992,-0.0481155549863687,-0.0588677014418247,"Blastomere A"
"B1",7.1324494,"Mast_cells",0.0364756828780813,0.093353650224464,0.083177619785961,0.10410579667992,-0.0568779673463827,-0.0676301138018386,"Blastomere A"
"B1",7.1324494,"Megakaryocytes",0.0722157697767454,0.093353650224464,0.083177619785961,0.10410579667992,-0.0211378804477186,-0.0318900269031745,"Blastomere A"
"B1",7.1324494,"Mesoderm",0.22376631027893,0.093353650224464,0.083177619785961,0.10410579667992,0.130412660054466,0.11966051359901,"Blastomere A"
"B1",7.1324494,"Muscle_cells",0.177526876672457,0.093353650224464,0.083177619785961,0.10410579667992,0.0841732264479926,0.0734210799925366,"Blastomere A"
"B1",7.1324494,"Neural_crest_PNS_glia",0.131589405705023,0.093353650224464,0.083177619785961,0.10410579667992,0.0382357554805587,0.0274836090251027,"Blastomere A"
"B1",7.1324494,"Neural_crest_PNS_neurons",0.139239966503319,0.093353650224464,0.083177619785961,0.10410579667992,0.0458863162788546,0.0351341698233986,"Blastomere A"
"B1",7.1324494,"Neuroectoderm_and_glia",0.192934882171166,0.093353650224464,0.083177619785961,0.10410579667992,0.0995812319467022,0.0888290854912462,"Blastomere A"
"B1",7.1324494,"Olfactory_sensory_neurons",0.0778077038177076,0.093353650224464,0.083177619785961,0.10410579667992,-0.0155459464067563,-0.0262980928622123,"Blastomere A"
"B1",7.1324494,"White_blood_cells",0.107414940498492,0.093353650224464,0.083177619785961,0.10410579667992,0.0140612902740285,0.00330914381857247,"Blastomere A"
"B1",7.2648988,"CNS_neurons",0.353035445956606,0.163450537387657,0.152435742545982,0.174650539657996,0.189584908568948,0.178384906298609,"Blastomere A"
"B1",7.2648988,"Definitive_erythroid",0.20096734541179,0.163450537387657,0.152435742545982,0.174650539657996,0.0375168080241326,0.0263168057537936,"Blastomere A"
"B1",7.2648988,"Endothelium",0.235084564791992,0.163450537387657,0.152435742545982,0.174650539657996,0.0716340274043345,0.0604340251339955,"Blastomere A"
"B1",7.2648988,"Ependymal_cells",0.13442265795207,0.163450537387657,0.152435742545982,0.174650539657996,-0.0290278794355875,-0.0402278817059265,"Blastomere A"
"B1",7.2648988,"Epithelium",0.314166575526812,0.163450537387657,0.152435742545982,0.174650539657996,0.150716038139154,0.139516035868815,"Blastomere A"
"B1",7.2648988,"Eye_and_other",0.142908017908018,0.163450537387657,0.152435742545982,0.174650539657996,-0.0205425194796393,-0.0317425217499783,"Blastomere A"
"B1",7.2648988,"Hepatocytes",0.188928833892784,0.163450537387657,0.152435742545982,0.174650539657996,0.0254782965051268,0.0142782942347879,"Blastomere A"
"B1",7.2648988,"Intermediate_neuronal_progenitors",0.271604026225875,0.163450537387657,0.152435742545982,0.174650539657996,0.108153488838218,0.0969534865678788,"Blastomere A"
"B1",7.2648988,"Intestine",0.155591397849462,0.163450537387657,0.152435742545982,0.174650539657996,-0.00785913953819498,-0.0190591418085339,"Blastomere A"
"B1",7.2648988,"Lung_and_airway",0.107005494505495,0.163450537387657,0.152435742545982,0.174650539657996,-0.0564450428821627,-0.0676450451525017,"Blastomere A"
"B1",7.2648988,"Mast_cells",0.0784717818642993,0.163450537387657,0.152435742545982,0.174650539657996,-0.084978755523358,-0.0961787577936969,"Blastomere A"
"B1",7.2648988,"Megakaryocytes",0.134420134420134,0.163450537387657,0.152435742545982,0.174650539657996,-0.0290304029675228,-0.0402304052378617,"Blastomere A"
"B1",7.2648988,"Mesoderm",0.361444025185111,0.163450537387657,0.152435742545982,0.174650539657996,0.197993487797454,0.186793485527115,"Blastomere A"
"B1",7.2648988,"Muscle_cells",0.289972976722982,0.163450537387657,0.152435742545982,0.174650539657996,0.126522439335325,0.115322437064986,"Blastomere A"
"B1",7.2648988,"Neural_crest_PNS_glia",0.24625417840991,0.163450537387657,0.152435742545982,0.174650539657996,0.082803641022253,0.071603638751914,"Blastomere A"
"B1",7.2648988,"Neural_crest_PNS_neurons",0.247087132725431,0.163450537387657,0.152435742545982,0.174650539657996,0.0836365953377734,0.0724365930674344,"Blastomere A"
"B1",7.2648988,"Neuroectoderm_and_glia",0.327818499312482,0.163450537387657,0.152435742545982,0.174650539657996,0.164367961924825,0.153167959654486,"Blastomere A"
"B1",7.2648988,"Olfactory_sensory_neurons",0.164592213697073,0.163450537387657,0.152435742545982,0.174650539657996,0.00114167630941575,-0.0100583259609232,"Blastomere A"
"B1",7.2648988,"White_blood_cells",0.16923190280484,0.163450537387657,0.152435742545982,0.174650539657996,0.00578136541718291,-0.00541863685315605,"Blastomere A"
"B1",7.3973482,"CNS_neurons",0.42844480067238,0.217772042004411,0.206799701515238,0.228668016498593,0.210672758667969,0.199776784173787,"Blastomere A"
"B1",7.3973482,"Definitive_erythroid",0.249715853419557,0.217772042004411,0.206799701515238,0.228668016498593,0.031943811415146,0.0210478369209643,"Blastomere A"
"B1",7.3973482,"Endothelium",0.300401891832284,0.217772042004411,0.206799701515238,0.228668016498593,0.0826298498278725,0.0717338753336909,"Blastomere A"
"B1",7.3973482,"Ependymal_cells",0.163363741218413,0.217772042004411,0.206799701515238,0.228668016498593,-0.0544083007859987,-0.0653042752801803,"Blastomere A"
"B1",7.3973482,"Epithelium",0.389706725630427,0.217772042004411,0.206799701515238,0.228668016498593,0.171934683626016,0.161038709131835,"Blastomere A"
"B1",7.3973482,"Eye_and_other",0.197404722936638,0.217772042004411,0.206799701515238,0.228668016498593,-0.0203673190677733,-0.031263293561955,"Blastomere A"
"B1",7.3973482,"Hepatocytes",0.232996484252766,0.217772042004411,0.206799701515238,0.228668016498593,0.0152244422483545,0.00432846775417287,"Blastomere A"
"B1",7.3973482,"Intermediate_neuronal_progenitors",0.348291249540869,0.217772042004411,0.206799701515238,0.228668016498593,0.130519207536457,0.119623233042276,"Blastomere A"
"B1",7.3973482,"Intestine",0.176222684703434,0.217772042004411,0.206799701515238,0.228668016498593,-0.0415493573009773,-0.052445331795159,"Blastomere A"
"B1",7.3973482,"Lung_and_airway",0.170075757575758,0.217772042004411,0.206799701515238,0.228668016498593,-0.0476962844286536,-0.0585922589228353,"Blastomere A"
"B1",7.3973482,"Mast_cells",0.0874060150375939,0.217772042004411,0.206799701515238,0.228668016498593,-0.130366026966817,-0.141262001460999,"Blastomere A"
"B1",7.3973482,"Megakaryocytes",0.162440733869305,0.217772042004411,0.206799701515238,0.228668016498593,-0.0553313081351059,-0.0662272826292876,"Blastomere A"
"B1",7.3973482,"Mesoderm",0.435555680982374,0.217772042004411,0.206799701515238,0.228668016498593,0.217783638977963,0.206887664483781,"Blastomere A"
"B1",7.3973482,"Muscle_cells",0.361890840593779,0.217772042004411,0.206799701515238,0.228668016498593,0.144118798589368,0.133222824095187,"Blastomere A"
"B1",7.3973482,"Neural_crest_PNS_glia",0.31699703804967,0.217772042004411,0.206799701515238,0.228668016498593,0.0992249960452585,0.0883290215510769,"Blastomere A"
"B1",7.3973482,"Neural_crest_PNS_neurons",0.320315519873636,0.217772042004411,0.206799701515238,0.228668016498593,0.102543477869225,0.0916475033750435,"Blastomere A"
"B1",7.3973482,"Neuroectoderm_and_glia",0.402237641783185,0.217772042004411,0.206799701515238,0.228668016498593,0.184465599778774,0.173569625284592,"Blastomere A"
"B1",7.3973482,"Olfactory_sensory_neurons",0.214380732339144,0.217772042004411,0.206799701515238,0.228668016498593,-0.00339130966526671,-0.0142872841594484,"Blastomere A"
"B1",7.3973482,"White_blood_cells",0.225324065096436,0.217772042004411,0.206799701515238,0.228668016498593,0.00755202309202524,-0.00334395140215643,"Blastomere A"
"B1",7.5297976,"CNS_neurons",0.494310654548488,0.260654751680342,0.249987826306052,0.271130916282984,0.233655902868146,0.223179738265504,"Blastomere A"
"B1",7.5297976,"Definitive_erythroid",0.30228535858788,0.260654751680342,0.249987826306052,0.271130916282984,0.0416306069075371,0.0311544423048953,"Blastomere A"
"B1",7.5297976,"Endothelium",0.356927814103084,0.260654751680342,0.249987826306052,0.271130916282984,0.0962730624227411,0.0857968978200994,"Blastomere A"
"B1",7.5297976,"Ependymal_cells",0.194944644524477,0.260654751680342,0.249987826306052,0.271130916282984,-0.065710107155866,-0.0761862717585077,"Blastomere A"
"B1",7.5297976,"Epithelium",0.454818121497346,0.260654751680342,0.249987826306052,0.271130916282984,0.194163369817004,0.183687205214362,"Blastomere A"
"B1",7.5297976,"Eye_and_other",0.253666566896139,0.260654751680342,0.249987826306052,0.271130916282984,-0.00698818478420354,-0.0174643493868453,"Blastomere A"
"B1",7.5297976,"Hepatocytes",0.2782045822332,0.260654751680342,0.249987826306052,0.271130916282984,0.0175498305528574,0.00707366595021564,"Blastomere A"
"B1",7.5297976,"Intermediate_neuronal_progenitors",0.410034700877096,0.260654751680342,0.249987826306052,0.271130916282984,0.149379949196753,0.138903784594111,"Blastomere A"
"B1",7.5297976,"Intestine",0.238775702697604,0.260654751680342,0.249987826306052,0.271130916282984,-0.0218790489827383,-0.0323552135853801,"Blastomere A"
"B1",7.5297976,"Lung_and_airway",0.22161214953271,0.260654751680342,0.249987826306052,0.271130916282984,-0.0390426021476322,-0.0495187667502739,"Blastomere A"
"B1",7.5297976,"Mast_cells",0.0976780185758514,0.260654751680342,0.249987826306052,0.271130916282984,-0.162976733104491,-0.173452897707133,"Blastomere A"
"B1",7.5297976,"Megakaryocytes",0.198195853933559,0.260654751680342,0.249987826306052,0.271130916282984,-0.0624588977467836,-0.0729350623494254,"Blastomere A"
"B1",7.5297976,"Mesoderm",0.4965300718528,0.260654751680342,0.249987826306052,0.271130916282984,0.235875320172458,0.225399155569816,"Blastomere A"
"B1",7.5297976,"Muscle_cells",0.42314795192395,0.260654751680342,0.249987826306052,0.271130916282984,0.162493200243608,0.152017035640966,"Blastomere A"
"B1",7.5297976,"Neural_crest_PNS_glia",0.377053561054955,0.260654751680342,0.249987826306052,0.271130916282984,0.116398809374613,0.105922644771971,"Blastomere A"
"B1",7.5297976,"Neural_crest_PNS_neurons",0.385772112939917,0.260654751680342,0.249987826306052,0.271130916282984,0.125117361259575,0.114641196656933,"Blastomere A"
"B1",7.5297976,"Neuroectoderm_and_glia",0.472690310106907,0.260654751680342,0.249987826306052,0.271130916282984,0.212035558426565,0.201559393823923,"Blastomere A"
"B1",7.5297976,"Olfactory_sensory_neurons",0.269542896318617,0.260654751680342,0.249987826306052,0.271130916282984,0.00888814463827498,-0.0015880199643668,"Blastomere A"
"B1",7.5297976,"White_blood_cells",0.263604872052743,0.260654751680342,0.249987826306052,0.271130916282984,0.00295012037240094,-0.00752604423024084,"Blastomere A"
"B1",7.662247,"CNS_neurons",0.53384376993893,0.295288892393593,0.284913323828734,0.305534978105368,0.238554877545336,0.228308791833562,"Blastomere A"
"B1",7.662247,"Definitive_erythroid",0.332376626401784,0.295288892393593,0.284913323828734,0.305534978105368,0.0370877340081902,0.0268416482964155,"Blastomere A"
"B1",7.662247,"Endothelium",0.391799084876424,0.295288892393593,0.284913323828734,0.305534978105368,0.0965101924828305,0.0862641067710558,"Blastomere A"
"B1",7.662247,"Ependymal_cells",0.232166869937768,0.295288892393593,0.284913323828734,0.305534978105368,-0.0631220224558258,-0.0733681081676005,"Blastomere A"
"B1",7.662247,"Epithelium",0.501262058035103,0.295288892393593,0.284913323828734,0.305534978105368,0.205973165641509,0.195727079929735,"Blastomere A"
"B1",7.662247,"Eye_and_other",0.268315018315018,0.295288892393593,0.284913323828734,0.305534978105368,-0.0269738740785751,-0.0372199597903498,"Blastomere A"
"B1",7.662247,"Hepatocytes",0.315833133923586,0.295288892393593,0.284913323828734,0.305534978105368,0.0205442415299928,0.0102981558182181,"Blastomere A"
"B1",7.662247,"Intermediate_neuronal_progenitors",0.448254629183916,0.295288892393593,0.284913323828734,0.305534978105368,0.152965736790322,0.142719651078548,"Blastomere A"
"B1",7.662247,"Intestine",0.287663469921534,0.295288892393593,0.284913323828734,0.305534978105368,-0.00762542247205905,-0.0178715081838338,"Blastomere A"
"B1",7.662247,"Lung_and_airway",0.257190265486726,0.295288892393593,0.284913323828734,0.305534978105368,-0.0380986269068678,-0.0483447126186425,"Blastomere A"
"B1",7.662247,"Mast_cells",0.0976780185758514,0.295288892393593,0.284913323828734,0.305534978105368,-0.197610873817742,-0.207856959529517,"Blastomere A"
"B1",7.662247,"Megakaryocytes",0.219168914821089,0.295288892393593,0.284913323828734,0.305534978105368,-0.0761199775725047,-0.0863660632842794,"Blastomere A"
"B1",7.662247,"Mesoderm",0.537023453544931,0.295288892393593,0.284913323828734,0.305534978105368,0.241734561151337,0.231488475439563,"Blastomere A"
"B1",7.662247,"Muscle_cells",0.463880288957688,0.295288892393593,0.284913323828734,0.305534978105368,0.168591396564095,0.15834531085232,"Blastomere A"
"B1",7.662247,"Neural_crest_PNS_glia",0.414880014407276,0.295288892393593,0.284913323828734,0.305534978105368,0.119591122013682,0.109345036301907,"Blastomere A"
"B1",7.662247,"Neural_crest_PNS_neurons",0.426826601960894,0.295288892393593,0.284913323828734,0.305534978105368,0.1315377095673,0.121291623855525,"Blastomere A"
"B1",7.662247,"Neuroectoderm_and_glia",0.513033862018669,0.295288892393593,0.284913323828734,0.305534978105368,0.217744969625076,0.207498883913301,"Blastomere A"
"B1",7.662247,"Olfactory_sensory_neurons",0.316615429658908,0.295288892393593,0.284913323828734,0.305534978105368,0.0213265372653146,0.0110804515535399,"Blastomere A"
"B1",7.662247,"White_blood_cells",0.290934491571434,0.295288892393593,0.284913323828734,0.305534978105368,-0.00435440082215932,-0.014600486533934,"Blastomere A"
"B1",7.7946964,"CNS_neurons",0.571252184629624,0.323909530320422,0.313770010129835,0.333977510005364,0.247342654309202,0.23727467462426,"Blastomere A"
"B1",7.7946964,"Definitive_erythroid",0.356733434114386,0.323909530320422,0.313770010129835,0.333977510005364,0.0328239037939642,0.0227559241090223,"Blastomere A"
"B1",7.7946964,"Endothelium",0.42579502525074,0.323909530320422,0.313770010129835,0.333977510005364,0.101885494930318,0.091817515245376,"Blastomere A"
"B1",7.7946964,"Ependymal_cells",0.252083708100977,0.323909530320422,0.313770010129835,0.333977510005364,-0.0718258222194449,-0.0818938019043868,"Blastomere A"
"B1",7.7946964,"Epithelium",0.547597849291871,0.323909530320422,0.313770010129835,0.333977510005364,0.223688318971449,0.213620339286507,"Blastomere A"
"B1",7.7946964,"Eye_and_other",0.298223053542203,0.323909530320422,0.313770010129835,0.333977510005364,-0.0256864767782197,-0.0357544564631617,"Blastomere A"
"B1",7.7946964,"Hepatocytes",0.344153198424555,0.323909530320422,0.313770010129835,0.333977510005364,0.0202436681041331,0.0101756884191911,"Blastomere A"
"B1",7.7946964,"Intermediate_neuronal_progenitors",0.482617924420177,0.323909530320422,0.313770010129835,0.333977510005364,0.158708394099755,0.148640414414813,"Blastomere A"
"B1",7.7946964,"Intestine",0.328145161290323,0.323909530320422,0.313770010129835,0.333977510005364,0.00423563096990032,-0.00583234871504162,"Blastomere A"
"B1",7.7946964,"Lung_and_airway",0.292083333333333,0.323909530320422,0.313770010129835,0.333977510005364,-0.031826196987089,-0.0418941766720309,"Blastomere A"
"B1",7.7946964,"Mast_cells",0.113581367211131,0.323909530320422,0.313770010129835,0.333977510005364,-0.210328163109291,-0.220396142794233,"Blastomere A"
"B1",7.7946964,"Megakaryocytes",0.234757834757835,0.323909530320422,0.313770010129835,0.333977510005364,-0.0891516955625875,-0.0992196752475294,"Blastomere A"
"B1",7.7946964,"Mesoderm",0.572981986923841,0.323909530320422,0.313770010129835,0.333977510005364,0.249072456603419,0.239004476918477,"Blastomere A"
"B1",7.7946964,"Muscle_cells",0.505101970162221,0.323909530320422,0.313770010129835,0.333977510005364,0.181192439841799,0.171124460156857,"Blastomere A"
"B1",7.7946964,"Neural_crest_PNS_glia",0.451771372660932,0.323909530320422,0.313770010129835,0.333977510005364,0.12786184234051,0.117793862655568,"Blastomere A"
"B1",7.7946964,"Neural_crest_PNS_neurons",0.46262832640655,0.323909530320422,0.313770010129835,0.333977510005364,0.138718796086128,0.128650816401186,"Blastomere A"
"B1",7.7946964,"Neuroectoderm_and_glia",0.553471492386108,0.323909530320422,0.313770010129835,0.333977510005364,0.229561962065686,0.219493982380744,"Blastomere A"
"B1",7.7946964,"Olfactory_sensory_neurons",0.363794954374664,0.323909530320422,0.313770010129835,0.333977510005364,0.0398854240542422,0.0298174443693003,"Blastomere A"
"B1",7.7946964,"White_blood_cells",0.30628025477707,0.323909530320422,0.313770010129835,0.333977510005364,-0.0176292755433521,-0.027697255228294,"Blastomere A"
"B1",7.9271458,"CNS_neurons",0.600212103556245,0.347462269158014,0.33754197108415,0.357592343020066,0.252749834398232,0.24261976053618,"Blastomere A"
"B1",7.9271458,"Definitive_erythroid",0.371160980356383,0.347462269158014,0.33754197108415,0.357592343020066,0.0236987111983691,0.0135686373363171,"Blastomere A"
"B1",7.9271458,"Endothelium",0.453071270945995,0.347462269158014,0.33754197108415,0.357592343020066,0.105609001787982,0.0954789279259295,"Blastomere A"
"B1",7.9271458,"Ependymal_cells",0.281273088945723,0.347462269158014,0.33754197108415,0.357592343020066,-0.0661891802122904,-0.0763192540743424,"Blastomere A"
"B1",7.9271458,"Epithelium",0.576941135799524,0.347462269158014,0.33754197108415,0.357592343020066,0.22947886664151,0.219348792779458,"Blastomere A"
"B1",7.9271458,"Eye_and_other",0.316849816849817,0.347462269158014,0.33754197108415,0.357592343020066,-0.0306124523081968,-0.0407425261702489,"Blastomere A"
"B1",7.9271458,"Hepatocytes",0.374434848336389,0.347462269158014,0.33754197108415,0.357592343020066,0.0269725791783759,0.0168425053163238,"Blastomere A"
"B1",7.9271458,"Intermediate_neuronal_progenitors",0.512948701300863,0.347462269158014,0.33754197108415,0.357592343020066,0.16548643214285,0.155356358280798,"Blastomere A"
"B1",7.9271458,"Intestine",0.374780058651026,0.347462269158014,0.33754197108415,0.357592343020066,0.0273177894930128,0.0171877156309607,"Blastomere A"
"B1",7.9271458,"Lung_and_airway",0.323720472440945,0.347462269158014,0.33754197108415,0.357592343020066,-0.0237417967170688,-0.0338718705791208,"Blastomere A"
"B1",7.9271458,"Mast_cells",0.120813397129187,0.347462269158014,0.33754197108415,0.357592343020066,-0.226648872028827,-0.236778945890879,"Blastomere A"
"B1",7.9271458,"Megakaryocytes",0.25032201811228,0.347462269158014,0.33754197108415,0.357592343020066,-0.0971402510457333,-0.107270324907785,"Blastomere A"
"B1",7.9271458,"Mesoderm",0.598193318728088,0.347462269158014,0.33754197108415,0.357592343020066,0.250731049570074,0.240600975708022,"Blastomere A"
"B1",7.9271458,"Muscle_cells",0.531165164017049,0.347462269158014,0.33754197108415,0.357592343020066,0.183702894859036,0.173572820996984,"Blastomere A"
"B1",7.9271458,"Neural_crest_PNS_glia",0.478496631927583,0.347462269158014,0.33754197108415,0.357592343020066,0.13103436276957,0.120904288907518,"Blastomere A"
"B1",7.9271458,"Neural_crest_PNS_neurons",0.490366287156767,0.347462269158014,0.33754197108415,0.357592343020066,0.142904017998753,0.132773944136701,"Blastomere A"
"B1",7.9271458,"Neuroectoderm_and_glia",0.582077823953711,0.347462269158014,0.33754197108415,0.357592343020066,0.234615554795697,0.224485480933645,"Blastomere A"
"B1",7.9271458,"Olfactory_sensory_neurons",0.402376761662235,0.347462269158014,0.33754197108415,0.357592343020066,0.0549144925042216,0.0447844186421695,"Blastomere A"
"B1",7.9271458,"White_blood_cells",0.321840493815016,0.347462269158014,0.33754197108415,0.357592343020066,-0.0256217753429975,-0.0357518492050495,"Blastomere A"
"B1",8.0595952,"CNS_neurons",0.618381001579165,0.367232324119406,0.357027531367469,0.377831004044972,0.251148677459759,0.240549997534193,"Blastomere A"
"B1",8.0595952,"Definitive_erythroid",0.382703733262393,0.367232324119406,0.357027531367469,0.377831004044972,0.0154714091429864,0.0048727292174201,"Blastomere A"
"B1",8.0595952,"Endothelium",0.467709486895533,0.367232324119406,0.357027531367469,0.377831004044972,0.100477162776127,0.0898784828505609,"Blastomere A"
"B1",8.0595952,"Ependymal_cells",0.298612834726014,0.367232324119406,0.357027531367469,0.377831004044972,-0.068619489393392,-0.0792181693189584,"Blastomere A"
"B1",8.0595952,"Epithelium",0.598182940999357,0.367232324119406,0.357027531367469,0.377831004044972,0.230950616879951,0.220351936954385,"Blastomere A"
"B1",8.0595952,"Eye_and_other",0.338601138275405,0.367232324119406,0.357027531367469,0.377831004044972,-0.0286311858440008,-0.0392298657695671,"Blastomere A"
"B1",8.0595952,"Hepatocytes",0.393549517022108,0.367232324119406,0.357027531367469,0.377831004044972,0.0263171929027018,0.0157185129771355,"Blastomere A"
"B1",8.0595952,"Intermediate_neuronal_progenitors",0.533009541188698,0.367232324119406,0.357027531367469,0.377831004044972,0.165777217069292,0.155178537143725,"Blastomere A"
"B1",8.0595952,"Intestine",0.400353038903503,0.367232324119406,0.357027531367469,0.377831004044972,0.0331207147840967,0.0225220348585303,"Blastomere A"
"B1",8.0595952,"Lung_and_airway",0.350281954887218,0.367232324119406,0.357027531367469,0.377831004044972,-0.0169503692321881,-0.0275490491577545,"Blastomere A"
"B1",8.0595952,"Mast_cells",0.120813397129187,0.367232324119406,0.357027531367469,0.377831004044972,-0.24641892699022,-0.257017606915786,"Blastomere A"
"B1",8.0595952,"Megakaryocytes",0.259492685963274,0.367232324119406,0.357027531367469,0.377831004044972,-0.107739638156132,-0.118338318081698,"Blastomere A"
"B1",8.0595952,"Mesoderm",0.615082898929848,0.367232324119406,0.357027531367469,0.377831004044972,0.247850574810441,0.237251894884875,"Blastomere A"
"B1",8.0595952,"Muscle_cells",0.552219416475089,0.367232324119406,0.357027531367469,0.377831004044972,0.184987092355683,0.174388412430117,"Blastomere A"
"B1",8.0595952,"Neural_crest_PNS_glia",0.497654564218032,0.367232324119406,0.357027531367469,0.377831004044972,0.130422240098626,0.119823560173059,"Blastomere A"
"B1",8.0595952,"Neural_crest_PNS_neurons",0.510444904457013,0.367232324119406,0.357027531367469,0.377831004044972,0.143212580337607,0.13261390041204,"Blastomere A"
"B1",8.0595952,"Neuroectoderm_and_glia",0.600292518794265,0.367232324119406,0.357027531367469,0.377831004044972,0.233060194674859,0.222461514749292,"Blastomere A"
"B1",8.0595952,"Olfactory_sensory_neurons",0.438149262679718,0.367232324119406,0.357027531367469,0.377831004044972,0.0709169385603121,0.0603182586347458,"Blastomere A"
"B1",8.0595952,"White_blood_cells",0.335362866122537,0.367232324119406,0.357027531367469,0.377831004044972,-0.0318694579968694,-0.0424681379224358,"Blastomere A"
"B1",8.1920446,"CNS_neurons",0.63830054897056,0.384182206679043,0.373828325585543,0.394703507318572,0.254118342291517,0.243597041651989,"Blastomere A"
"B1",8.1920446,"Definitive_erythroid",0.396689178531997,0.384182206679043,0.373828325585543,0.394703507318572,0.0125069718529537,0.0019856712134253,"Blastomere A"
"B1",8.1920446,"Endothelium",0.480017621067162,0.384182206679043,0.373828325585543,0.394703507318572,0.0958354143881188,0.0853141137485903,"Blastomere A"
"B1",8.1920446,"Ependymal_cells",0.308107816129207,0.384182206679043,0.373828325585543,0.394703507318572,-0.0760743905498367,-0.0865956911893651,"Blastomere A"
"B1",8.1920446,"Epithelium",0.618752740921503,0.384182206679043,0.373828325585543,0.394703507318572,0.234570534242459,0.224049233602931,"Blastomere A"
"B1",8.1920446,"Eye_and_other",0.355837912087912,0.384182206679043,0.373828325585543,0.394703507318572,-0.0283442945911312,-0.0388655952306596,"Blastomere A"
"B1",8.1920446,"Hepatocytes",0.410897676040873,0.384182206679043,0.373828325585543,0.394703507318572,0.0267154693618294,0.016194168722301,"Blastomere A"
"B1",8.1920446,"Intermediate_neuronal_progenitors",0.554067839562142,0.384182206679043,0.373828325585543,0.394703507318572,0.169885632883099,0.15936433224357,"Blastomere A"
"B1",8.1920446,"Intestine",0.42859474990205,0.384182206679043,0.373828325585543,0.394703507318572,0.0444125432230073,0.0338912425834788,"Blastomere A"
"B1",8.1920446,"Lung_and_airway",0.368478260869565,0.384182206679043,0.373828325585543,0.394703507318572,-0.015703945809478,-0.0262252464490064,"Blastomere A"
"B1",8.1920446,"Mast_cells",0.133918128654971,0.384182206679043,0.373828325585543,0.394703507318572,-0.250264078024072,-0.260785378663601,"Blastomere A"
"B1",8.1920446,"Megakaryocytes",0.268077601410935,0.384182206679043,0.373828325585543,0.394703507318572,-0.116104605268109,-0.126625905907637,"Blastomere A"
"B1",8.1920446,"Mesoderm",0.633211356436383,0.384182206679043,0.373828325585543,0.394703507318572,0.24902914975734,0.238507849117811,"Blastomere A"
"B1",8.1920446,"Muscle_cells",0.571701585425637,0.384182206679043,0.373828325585543,0.394703507318572,0.187519378746594,0.176998078107066,"Blastomere A"
"B1",8.1920446,"Neural_crest_PNS_glia",0.52123408208996,0.384182206679043,0.373828325585543,0.394703507318572,0.137051875410917,0.126530574771388,"Blastomere A"
"B1",8.1920446,"Neural_crest_PNS_neurons",0.531178324351539,0.384182206679043,0.373828325585543,0.394703507318572,0.146996117672496,0.136474817032968,"Blastomere A"
"B1",8.1920446,"Neuroectoderm_and_glia",0.620076497910315,0.384182206679043,0.373828325585543,0.394703507318572,0.235894291231272,0.225372990591744,"Blastomere A"
"B1",8.1920446,"Olfactory_sensory_neurons",0.466553124029264,0.384182206679043,0.373828325585543,0.394703507318572,0.0823709173502207,0.0718496167106923,"Blastomere A"
"B1",8.1920446,"White_blood_cells",0.348416891118638,0.384182206679043,0.373828325585543,0.394703507318572,-0.0357653155604055,-0.0462866161999339,"Blastomere A"
"B1",8.324494,"CNS_neurons",0.653222049470478,0.398455262752435,0.387828514115953,0.409191051305468,0.254766786718043,0.24403099816501,"Blastomere A"
"B1",8.324494,"Definitive_erythroid",0.410080720856016,0.398455262752435,0.387828514115953,0.409191051305468,0.0116254581035816,0.000889669550547978,"Blastomere A"
"B1",8.324494,"Endothelium",0.494596045412662,0.398455262752435,0.387828514115953,0.409191051305468,0.0961407826602269,0.0854049941071933,"Blastomere A"
"B1",8.324494,"Ependymal_cells",0.317731393632722,0.398455262752435,0.387828514115953,0.409191051305468,-0.0807238691197129,-0.0914596576727464,"Blastomere A"
"B1",8.324494,"Epithelium",0.634142248315381,0.398455262752435,0.387828514115953,0.409191051305468,0.235686985562946,0.224951197009912,"Blastomere A"
"B1",8.324494,"Eye_and_other",0.369194249858902,0.398455262752435,0.387828514115953,0.409191051305468,-0.0292610128935323,-0.0399968014465659,"Blastomere A"
"B1",8.324494,"Hepatocytes",0.422808833248127,0.398455262752435,0.387828514115953,0.409191051305468,0.0243535704956917,0.0136177819426581,"Blastomere A"
"B1",8.324494,"Intermediate_neuronal_progenitors",0.566993238394654,0.398455262752435,0.387828514115953,0.409191051305468,0.168537975642219,0.157802187089185,"Blastomere A"
"B1",8.324494,"Intestine",0.442414314516129,0.398455262752435,0.387828514115953,0.409191051305468,0.0439590517636942,0.0332232632106607,"Blastomere A"
"B1",8.324494,"Lung_and_airway",0.371312949640288,0.398455262752435,0.387828514115953,0.409191051305468,-0.027142313112147,-0.0378781016651806,"Blastomere A"
"B1",8.324494,"Mast_cells",0.133918128654971,0.398455262752435,0.387828514115953,0.409191051305468,-0.264537134097464,-0.275272922650498,"Blastomere A"
"B1",8.324494,"Megakaryocytes",0.275925925925926,0.398455262752435,0.387828514115953,0.409191051305468,-0.122529336826509,-0.133265125379542,"Blastomere A"
"B1",8.324494,"Mesoderm",0.646254383533748,0.398455262752435,0.387828514115953,0.409191051305468,0.247799120781313,0.237063332228279,"Blastomere A"
"B1",8.324494,"Muscle_cells",0.585724238784896,0.398455262752435,0.387828514115953,0.409191051305468,0.187268976032462,0.176533187479428,"Blastomere A"
"B1",8.324494,"Neural_crest_PNS_glia",0.535180982580491,0.398455262752435,0.387828514115953,0.409191051305468,0.136725719828056,0.125989931275023,"Blastomere A"
"B1",8.324494,"Neural_crest_PNS_neurons",0.545901783425495,0.398455262752435,0.387828514115953,0.409191051305468,0.147446520673061,0.136710732120027,"Blastomere A"
"B1",8.324494,"Neuroectoderm_and_glia",0.633863279380006,0.398455262752435,0.387828514115953,0.409191051305468,0.235408016627572,0.224672228074538,"Blastomere A"
"B1",8.324494,"Olfactory_sensory_neurons",0.491267186919361,0.398455262752435,0.387828514115953,0.409191051305468,0.092811924166926,0.0820761356138924,"Blastomere A"
"B1",8.324494,"White_blood_cells",0.359218758807283,0.398455262752435,0.387828514115953,0.409191051305468,-0.0392365039451522,-0.0499722924981858,"Blastomere A"
"B1",8.4569434,"CNS_neurons",0.66807961059142,0.410704316857575,0.399893439244524,0.421403088892173,0.257375293733845,0.246676521699246,"Blastomere A"
"B1",8.4569434,"Definitive_erythroid",0.42307640853785,0.410704316857575,0.399893439244524,0.421403088892173,0.0123720916802749,0.00167331964567619,"Blastomere A"
"B1",8.4569434,"Endothelium",0.505208575265831,0.410704316857575,0.399893439244524,0.421403088892173,0.0945042584082565,0.0838054863736578,"Blastomere A"
"B1",8.4569434,"Ependymal_cells",0.328444238587824,0.410704316857575,0.399893439244524,0.421403088892173,-0.0822600782697512,-0.0929588503043499,"Blastomere A"
"B1",8.4569434,"Epithelium",0.646907840538443,0.410704316857575,0.399893439244524,0.421403088892173,0.236203523680868,0.225504751646269,"Blastomere A"
"B1",8.4569434,"Eye_and_other",0.390901605599012,0.410704316857575,0.399893439244524,0.421403088892173,-0.0198027112585629,-0.0305014832931616,"Blastomere A"
"B1",8.4569434,"Hepatocytes",0.441830903928627,0.410704316857575,0.399893439244524,0.421403088892173,0.0311265870710517,0.020427815036453,"Blastomere A"
"B1",8.4569434,"Intermediate_neuronal_progenitors",0.579384669001557,0.410704316857575,0.399893439244524,0.421403088892173,0.168680352143982,0.157981580109383,"Blastomere A"
"B1",8.4569434,"Intestine",0.468475073313783,0.410704316857575,0.399893439244524,0.421403088892173,0.0577707564562082,0.0470719844216095,"Blastomere A"
"B1",8.4569434,"Lung_and_airway",0.390775862068966,0.410704316857575,0.399893439244524,0.421403088892173,-0.0199284547886093,-0.030627226823208,"Blastomere A"
"B1",8.4569434,"Mast_cells",0.133918128654971,0.410704316857575,0.399893439244524,0.421403088892173,-0.276786188202604,-0.287484960237203,"Blastomere A"
"B1",8.4569434,"Megakaryocytes",0.28467464958693,0.410704316857575,0.399893439244524,0.421403088892173,-0.126029667270645,-0.136728439305243,"Blastomere A"
"B1",8.4569434,"Mesoderm",0.658225927896195,0.410704316857575,0.399893439244524,0.421403088892173,0.24752161103862,0.236822839004021,"Blastomere A"
"B1",8.4569434,"Muscle_cells",0.597864017581057,0.410704316857575,0.399893439244524,0.421403088892173,0.187159700723483,0.176460928688884,"Blastomere A"
"B1",8.4569434,"Neural_crest_PNS_glia",0.546284917030308,0.410704316857575,0.399893439244524,0.421403088892173,0.135580600172734,0.124881828138135,"Blastomere A"
"B1",8.4569434,"Neural_crest_PNS_neurons",0.558009738139562,0.410704316857575,0.399893439244524,0.421403088892173,0.147305421281987,0.136606649247388,"Blastomere A"
"B1",8.4569434,"Neuroectoderm_and_glia",0.646151850819081,0.410704316857575,0.399893439244524,0.421403088892173,0.235447533961506,0.224748761926908,"Blastomere A"
"B1",8.4569434,"Olfactory_sensory_neurons",0.516204680831105,0.410704316857575,0.399893439244524,0.421403088892173,0.105500363973531,0.0948015919389319,"Blastomere A"
"B1",8.4569434,"White_blood_cells",0.375850524988587,0.410704316857575,0.399893439244524,0.421403088892173,-0.0348537918689877,-0.0455525639035864,"Blastomere A"
"B1",8.5893928,"CNS_neurons",0.679531762042485,0.421425818694979,0.410470220223677,0.432334683860242,0.258105943347506,0.247197078182244,"Blastomere A"
"B1",8.5893928,"Definitive_erythroid",0.43034923244541,0.421425818694979,0.410470220223677,0.432334683860242,0.00892341375043099,-0.00198545141483186,"Blastomere A"
"B1",8.5893928,"Endothelium",0.512122815786121,0.421425818694979,0.410470220223677,0.432334683860242,0.090696997091142,0.0797881319258791,"Blastomere A"
"B1",8.5893928,"Ependymal_cells",0.332850130973271,0.421425818694979,0.410470220223677,0.432334683860242,-0.0885756877217079,-0.0994845528869707,"Blastomere A"
"B1",8.5893928,"Epithelium",0.657516398393316,0.421425818694979,0.410470220223677,0.432334683860242,0.236090579698337,0.225181714533075,"Blastomere A"
"B1",8.5893928,"Eye_and_other",0.400364259695736,0.421425818694979,0.410470220223677,0.432334683860242,-0.0210615589992431,-0.031970424164506,"Blastomere A"
"B1",8.5893928,"Hepatocytes",0.45713829920578,0.421425818694979,0.410470220223677,0.432334683860242,0.0357124805108004,0.0248036153455375,"Blastomere A"
"B1",8.5893928,"Intermediate_neuronal_progenitors",0.593377978883861,0.421425818694979,0.410470220223677,0.432334683860242,0.171952160188882,0.161043295023619,"Blastomere A"
"B1",8.5893928,"Intestine",0.478998062236407,0.421425818694979,0.410470220223677,0.432334683860242,0.0575722435414281,0.0466633783761652,"Blastomere A"
"B1",8.5893928,"Lung_and_airway",0.39847972972973,0.421425818694979,0.410470220223677,0.432334683860242,-0.0229460889652494,-0.0338549541305123,"Blastomere A"
"B1",8.5893928,"Mast_cells",0.148455377574371,0.421425818694979,0.410470220223677,0.432334683860242,-0.272970441120608,-0.283879306285871,"Blastomere A"
"B1",8.5893928,"Megakaryocytes",0.291132566046655,0.421425818694979,0.410470220223677,0.432334683860242,-0.130293252648324,-0.141202117813587,"Blastomere A"
"B1",8.5893928,"Mesoderm",0.66789349079431,0.421425818694979,0.410470220223677,0.432334683860242,0.246467672099331,0.235558806934068,"Blastomere A"
"B1",8.5893928,"Muscle_cells",0.607234404260688,0.421425818694979,0.410470220223677,0.432334683860242,0.185808585565709,0.174899720400446,"Blastomere A"
"B1",8.5893928,"Neural_crest_PNS_glia",0.55612140502444,0.421425818694979,0.410470220223677,0.432334683860242,0.134695586329461,0.123786721164198,"Blastomere A"
"B1",8.5893928,"Neural_crest_PNS_neurons",0.569718679937361,0.421425818694979,0.410470220223677,0.432334683860242,0.148292861242382,0.137383996077119,"Blastomere A"
"B1",8.5893928,"Neuroectoderm_and_glia",0.658919817811896,0.421425818694979,0.410470220223677,0.432334683860242,0.237493999116917,0.226585133951654,"Blastomere A"
"B1",8.5893928,"Olfactory_sensory_neurons",0.536338448422847,0.421425818694979,0.410470220223677,0.432334683860242,0.114912629727868,0.104003764562605,"Blastomere A"
"B1",8.5893928,"White_blood_cells",0.388403432120861,0.421425818694979,0.410470220223677,0.432334683860242,-0.0330223865741179,-0.0439312517393807,"Blastomere A"
"B1",8.7218422,"CNS_neurons",0.690312313010278,0.430708070294492,0.419508887505989,0.441678155772947,0.259604242715786,0.24863415723733,"Blastomere A"
"B1",8.7218422,"Definitive_erythroid",0.442569231352048,0.430708070294492,0.419508887505989,0.441678155772947,0.011861161057556,0.000891075579100287,"Blastomere A"
"B1",8.7218422,"Endothelium",0.517760648669667,0.430708070294492,0.419508887505989,0.441678155772947,0.0870525783751753,0.0760824928967196,"Blastomere A"
"B1",8.7218422,"Ependymal_cells",0.338522177318765,0.430708070294492,0.419508887505989,0.441678155772947,-0.0921858929757269,-0.103155978454183,"Blastomere A"
"B1",8.7218422,"Epithelium",0.66626951855819,0.430708070294492,0.419508887505989,0.441678155772947,0.235561448263698,0.224591362785242,"Blastomere A"
"B1",8.7218422,"Eye_and_other",0.417656070471084,0.430708070294492,0.419508887505989,0.441678155772947,-0.0130519998234077,-0.0240220853018634,"Blastomere A"
"B1",8.7218422,"Hepatocytes",0.466543242528432,0.430708070294492,0.419508887505989,0.441678155772947,0.0358351722339402,0.0248650867554845,"Blastomere A"
"B1",8.7218422,"Intermediate_neuronal_progenitors",0.606331418870353,0.430708070294492,0.419508887505989,0.441678155772947,0.175623348575861,0.164653263097406,"Blastomere A"
"B1",8.7218422,"Intestine",0.497761355054483,0.430708070294492,0.419508887505989,0.441678155772947,0.0670532847599912,0.0560831992815354,"Blastomere A"
"B1",8.7218422,"Lung_and_airway",0.40885761589404,0.430708070294492,0.419508887505989,0.441678155772947,-0.0218504544004519,-0.0328205398789076,"Blastomere A"
"B1",8.7218422,"Mast_cells",0.153791737408036,0.430708070294492,0.419508887505989,0.441678155772947,-0.276916332886455,-0.287886418364911,"Blastomere A"
"B1",8.7218422,"Megakaryocytes",0.298853023685238,0.430708070294492,0.419508887505989,0.441678155772947,-0.131855046609253,-0.142825132087709,"Blastomere A"
"B1",8.7218422,"Mesoderm",0.677303887078914,0.430708070294492,0.419508887505989,0.441678155772947,0.246595816784423,0.235625731305967,"Blastomere A"
"B1",8.7218422,"Muscle_cells",0.616033471820927,0.430708070294492,0.419508887505989,0.441678155772947,0.185325401526436,0.17435531604798,"Blastomere A"
"B1",8.7218422,"Neural_crest_PNS_glia",0.566526027298462,0.430708070294492,0.419508887505989,0.441678155772947,0.13581795700397,0.124847871525515,"Blastomere A"
"B1",8.7218422,"Neural_crest_PNS_neurons",0.58061106262602,0.430708070294492,0.419508887505989,0.441678155772947,0.149902992331528,0.138932906853072,"Blastomere A"
"B1",8.7218422,"Neuroectoderm_and_glia",0.670778503820113,0.430708070294492,0.419508887505989,0.441678155772947,0.240070433525622,0.229100348047166,"Blastomere A"
"B1",8.7218422,"Olfactory_sensory_neurons",0.552723638180909,0.430708070294492,0.419508887505989,0.441678155772947,0.122015567886418,0.111045482407962,"Blastomere A"
"B1",8.7218422,"White_blood_cells",0.394723802248397,0.430708070294492,0.419508887505989,0.441678155772947,-0.0359842680460942,-0.04695435352455,"Blastomere A"
"B1",8.8542916,"CNS_neurons",0.700376644479674,0.438586471682408,0.427642008535154,0.450018537991014,0.261790172797267,0.25035810648866,"Blastomere A"
"B1",8.8542916,"Definitive_erythroid",0.450694406390609,0.438586471682408,0.427642008535154,0.450018537991014,0.0121079347082012,0.000675868399594548,"Blastomere A"
"B1",8.8542916,"Endothelium",0.524024063126644,0.438586471682408,0.427642008535154,0.450018537991014,0.0854375914442362,0.0740055251356296,"Blastomere A"
"B1",8.8542916,"Ependymal_cells",0.338680926916221,0.438586471682408,0.427642008535154,0.450018537991014,-0.0999055447661867,-0.111337611074793,"Blastomere A"
"B1",8.8542916,"Epithelium",0.673615699888981,0.438586471682408,0.427642008535154,0.450018537991014,0.235029228206573,0.223597161897967,"Blastomere A"
"B1",8.8542916,"Eye_and_other",0.428656395151241,0.438586471682408,0.427642008535154,0.450018537991014,-0.00993007653116718,-0.0213621428397738,"Blastomere A"
"B1",8.8542916,"Hepatocytes",0.486978460768573,0.438586471682408,0.427642008535154,0.450018537991014,0.0483919890861653,0.0369599227775587,"Blastomere A"
"B1",8.8542916,"Intermediate_neuronal_progenitors",0.618725954121056,0.438586471682408,0.427642008535154,0.450018537991014,0.180139482438649,0.168707416130042,"Blastomere A"
"B1",8.8542916,"Intestine",0.517915475704369,0.438586471682408,0.427642008535154,0.450018537991014,0.0793290040219614,0.0678969377133548,"Blastomere A"
"B1",8.8542916,"Lung_and_airway",0.428694968553459,0.438586471682408,0.427642008535154,0.450018537991014,-0.00989150312894865,-0.0213235694375553,"Blastomere A"
"B1",8.8542916,"Mast_cells",0.17406798245614,0.438586471682408,0.427642008535154,0.450018537991014,-0.264518489226267,-0.275950555534874,"Blastomere A"
"B1",8.8542916,"Megakaryocytes",0.312920293565455,0.438586471682408,0.427642008535154,0.450018537991014,-0.125666178116953,-0.137098244425559,"Blastomere A"
"B1",8.8542916,"Mesoderm",0.684800937877359,0.438586471682408,0.427642008535154,0.450018537991014,0.246214466194952,0.234782399886345,"Blastomere A"
"B1",8.8542916,"Muscle_cells",0.622979320289984,0.438586471682408,0.427642008535154,0.450018537991014,0.184392848607576,0.17296078229897,"Blastomere A"
"B1",8.8542916,"Neural_crest_PNS_glia",0.57492622340835,0.438586471682408,0.427642008535154,0.450018537991014,0.136339751725943,0.124907685417336,"Blastomere A"
"B1",8.8542916,"Neural_crest_PNS_neurons",0.592381031534955,0.438586471682408,0.427642008535154,0.450018537991014,0.153794559852547,0.14236249354394,"Blastomere A"
"B1",8.8542916,"Neuroectoderm_and_glia",0.680686123346417,0.438586471682408,0.427642008535154,0.450018537991014,0.24209965166401,0.230667585355403,"Blastomere A"
"B1",8.8542916,"Olfactory_sensory_neurons",0.562837746420584,0.438586471682408,0.427642008535154,0.450018537991014,0.124251274738177,0.11281920842957,"Blastomere A"
"B1",8.8542916,"White_blood_cells",0.40791286464469,0.438586471682408,0.427642008535154,0.450018537991014,-0.030673607037718,-0.0421056733463246,"Blastomere A"
"B1",8.986741,"CNS_neurons",0.708490229818745,0.445641348879165,0.434060208655016,0.457100472891024,0.26284888093958,0.251389756927721,"Blastomere A"
"B1",8.986741,"Definitive_erythroid",0.460091374075836,0.445641348879165,0.434060208655016,0.457100472891024,0.0144500251966707,0.00299090118481171,"Blastomere A"
"B1",8.986741,"Endothelium",0.528068737396451,0.445641348879165,0.434060208655016,0.457100472891024,0.0824273885172861,0.0709682645054272,"Blastomere A"
"B1",8.986741,"Ependymal_cells",0.342649497609989,0.445641348879165,0.434060208655016,0.457100472891024,-0.102991851269176,-0.114450975281035,"Blastomere A"
"B1",8.986741,"Epithelium",0.679294461703504,0.445641348879165,0.434060208655016,0.457100472891024,0.233653112824339,0.22219398881248,"Blastomere A"
"B1",8.986741,"Eye_and_other",0.438724617028856,0.445641348879165,0.434060208655016,0.457100472891024,-0.00691673185030878,-0.0183758558621677,"Blastomere A"
"B1",8.986741,"Hepatocytes",0.504256985122853,0.445641348879165,0.434060208655016,0.457100472891024,0.0586156362436876,0.0471565122318287,"Blastomere A"
"B1",8.986741,"Intermediate_neuronal_progenitors",0.6297413176641,0.445641348879165,0.434060208655016,0.457100472891024,0.184099968784934,0.172640844773075,"Blastomere A"
"B1",8.986741,"Intestine",0.527220843672456,0.445641348879165,0.434060208655016,0.457100472891024,0.0815794947932913,0.0701203707814324,"Blastomere A"
"B1",8.986741,"Lung_and_airway",0.442378048780488,0.445641348879165,0.434060208655016,0.457100472891024,-0.00326330009867737,-0.0147224241105363,"Blastomere A"
"B1",8.986741,"Mast_cells",0.190457203615098,0.445641348879165,0.434060208655016,0.457100472891024,-0.255184145264067,-0.266643269275926,"Blastomere A"
"B1",8.986741,"Megakaryocytes",0.326851851851852,0.445641348879165,0.434060208655016,0.457100472891024,-0.118789497027313,-0.130248621039172,"Blastomere A"
"B1",8.986741,"Mesoderm",0.691067068826078,0.445641348879165,0.434060208655016,0.457100472891024,0.245425719946913,0.233966595935054,"Blastomere A"
"B1",8.986741,"Muscle_cells",0.630224389256176,0.445641348879165,0.434060208655016,0.457100472891024,0.184583040377011,0.173123916365152,"Blastomere A"
"B1",8.986741,"Neural_crest_PNS_glia",0.584729623411279,0.445641348879165,0.434060208655016,0.457100472891024,0.139088274532114,0.127629150520255,"Blastomere A"
"B1",8.986741,"Neural_crest_PNS_neurons",0.600361577835279,0.445641348879165,0.434060208655016,0.457100472891024,0.154720228956114,0.143261104944255,"Blastomere A"
"B1",8.986741,"Neuroectoderm_and_glia",0.691155812170896,0.445641348879165,0.434060208655016,0.457100472891024,0.245514463291731,0.234055339279872,"Blastomere A"
"B1",8.986741,"Olfactory_sensory_neurons",0.570431715359252,0.445641348879165,0.434060208655016,0.457100472891024,0.124790366480086,0.113331242468227,"Blastomere A"
"B1",8.986741,"White_blood_cells",0.418038332544001,0.445641348879165,0.434060208655016,0.457100472891024,-0.027603016335164,-0.0390621403470229,"Blastomere A"
"B1",9.1191904,"CNS_neurons",0.716923150027233,0.451632092161938,0.4399759997034,0.463121091387896,0.265291057865294,0.253802058639336,"Blastomere A"
"B1",9.1191904,"Definitive_erythroid",0.468874096831086,0.451632092161938,0.4399759997034,0.463121091387896,0.017242004669148,0.0057530054431898,"Blastomere A"
"B1",9.1191904,"Endothelium",0.534556810631229,0.451632092161938,0.4399759997034,0.463121091387896,0.0829247184692911,0.0714357192433329,"Blastomere A"
"B1",9.1191904,"Ependymal_cells",0.351653069987119,0.451632092161938,0.4399759997034,0.463121091387896,-0.0999790221748191,-0.111468021400777,"Blastomere A"
"B1",9.1191904,"Epithelium",0.684889710925136,0.451632092161938,0.4399759997034,0.463121091387896,0.233257618763197,0.221768619537239,"Blastomere A"
"B1",9.1191904,"Eye_and_other",0.455548014930438,0.451632092161938,0.4399759997034,0.463121091387896,0.00391592276849967,-0.00757307645745853,"Blastomere A"
"B1",9.1191904,"Hepatocytes",0.522443679069505,0.451632092161938,0.4399759997034,0.463121091387896,0.0708115869075667,0.0593225876816085,"Blastomere A"
"B1",9.1191904,"Intermediate_neuronal_progenitors",0.641224505480781,0.451632092161938,0.4399759997034,0.463121091387896,0.189592413318843,0.178103414092885,"Blastomere A"
"B1",9.1191904,"Intestine",0.536447738060641,0.451632092161938,0.4399759997034,0.463121091387896,0.0848156458987032,0.073326646672745,"Blastomere A"
"B1",9.1191904,"Lung_and_airway",0.453720238095238,0.451632092161938,0.4399759997034,0.463121091387896,0.00208814593330003,-0.00940085329265816,"Blastomere A"
"B1",9.1191904,"Mast_cells",0.217105263157895,0.451632092161938,0.4399759997034,0.463121091387896,-0.234526829004043,-0.246015828230002,"Blastomere A"
"B1",9.1191904,"Megakaryocytes",0.345277698571112,0.451632092161938,0.4399759997034,0.463121091387896,-0.106354393590826,-0.117843392816785,"Blastomere A"
"B1",9.1191904,"Mesoderm",0.696799125660814,0.451632092161938,0.4399759997034,0.463121091387896,0.245167033498876,0.233678034272918,"Blastomere A"
"B1",9.1191904,"Muscle_cells",0.636254841871337,0.451632092161938,0.4399759997034,0.463121091387896,0.184622749709399,0.173133750483441,"Blastomere A"
"B1",9.1191904,"Neural_crest_PNS_glia",0.594459180666077,0.451632092161938,0.4399759997034,0.463121091387896,0.142827088504139,0.131338089278181,"Blastomere A"
"B1",9.1191904,"Neural_crest_PNS_neurons",0.6075698468059,0.451632092161938,0.4399759997034,0.463121091387896,0.155937754643962,0.144448755418003,"Blastomere A"
"B1",9.1191904,"Neuroectoderm_and_glia",0.700294095409193,0.451632092161938,0.4399759997034,0.463121091387896,0.248662003247255,0.237173004021296,"Blastomere A"
"B1",9.1191904,"Olfactory_sensory_neurons",0.578520549535042,0.451632092161938,0.4399759997034,0.463121091387896,0.126888457373104,0.115399458147146,"Blastomere A"
"B1",9.1191904,"White_blood_cells",0.434928309282353,0.451632092161938,0.4399759997034,0.463121091387896,-0.0167037828795848,-0.028192782105543,"Blastomere A"
"B1",9.2516398,"CNS_neurons",0.723817921573728,0.457004369940906,0.445364963233288,0.468695359046362,0.266813551632822,0.255122562527366,"Blastomere A"
"B1",9.2516398,"Definitive_erythroid",0.477063076539516,0.457004369940906,0.445364963233288,0.468695359046362,0.0200587065986102,0.00836771749315479,"Blastomere A"
"B1",9.2516398,"Endothelium",0.540571621966971,0.457004369940906,0.445364963233288,0.468695359046362,0.0835672520260646,0.0718762629206092,"Blastomere A"
"B1",9.2516398,"Ependymal_cells",0.364494154469299,0.457004369940906,0.445364963233288,0.468695359046362,-0.0925102154716066,-0.104201204577062,"Blastomere A"
"B1",9.2516398,"Epithelium",0.68991973401618,0.457004369940906,0.445364963233288,0.468695359046362,0.232915364075273,0.221224374969818,"Blastomere A"
"B1",9.2516398,"Eye_and_other",0.471911496575174,0.457004369940906,0.445364963233288,0.468695359046362,0.0149071266342677,0.00321613752881234,"Blastomere A"
"B1",9.2516398,"Hepatocytes",0.536191596279269,0.457004369940906,0.445364963233288,0.468695359046362,0.0791872263383625,0.0674962372329071,"Blastomere A"
"B1",9.2516398,"Intermediate_neuronal_progenitors",0.650592674122086,0.457004369940906,0.445364963233288,0.468695359046362,0.19358830418118,0.181897315075724,"Blastomere A"
"B1",9.2516398,"Intestine",0.545044413277232,0.457004369940906,0.445364963233288,0.468695359046362,0.0880400433363262,0.0763490542308708,"Blastomere A"
"B1",9.2516398,"Lung_and_airway",0.4655,0.457004369940906,0.445364963233288,0.468695359046362,0.00849563005909382,-0.00319535904636159,"Blastomere A"
"B1",9.2516398,"Mast_cells",0.222681704260652,0.457004369940906,0.445364963233288,0.468695359046362,-0.234322665680254,-0.24601365478571,"Blastomere A"
"B1",9.2516398,"Megakaryocytes",0.35577026301664,0.457004369940906,0.445364963233288,0.468695359046362,-0.101234106924266,-0.112925096029722,"Blastomere A"
"B1",9.2516398,"Mesoderm",0.701888151051686,0.457004369940906,0.445364963233288,0.468695359046362,0.244883781110779,0.233192792005324,"Blastomere A"
"B1",9.2516398,"Muscle_cells",0.642741090260087,0.457004369940906,0.445364963233288,0.468695359046362,0.185736720319181,0.174045731213726,"Blastomere A"
"B1",9.2516398,"Neural_crest_PNS_glia",0.604416620498615,0.457004369940906,0.445364963233288,0.468695359046362,0.147412250557709,0.135721261452253,"Blastomere A"
"B1",9.2516398,"Neural_crest_PNS_neurons",0.615224630404958,0.457004369940906,0.445364963233288,0.468695359046362,0.158220260464052,0.146529271358597,"Blastomere A"
"B1",9.2516398,"Neuroectoderm_and_glia",0.708653578341537,0.457004369940906,0.445364963233288,0.468695359046362,0.251649208400631,0.239958219295176,"Blastomere A"
"B1",9.2516398,"Olfactory_sensory_neurons",0.589980164900859,0.457004369940906,0.445364963233288,0.468695359046362,0.132975794959953,0.121284805854498,"Blastomere A"
"B1",9.2516398,"White_blood_cells",0.443990195376798,0.457004369940906,0.445364963233288,0.468695359046362,-0.0130141745641079,-0.0247051636695633,"Blastomere A"
"B1",9.3840892,"CNS_neurons",0.730962742862031,0.461801793438247,0.449829844466848,0.473758305864992,0.269160949423784,0.257204436997039,"Blastomere A"
"B1",9.3840892,"Definitive_erythroid",0.489252311474534,0.461801793438247,0.449829844466848,0.473758305864992,0.0274505180362862,0.015494005609542,"Blastomere A"
"B1",9.3840892,"Endothelium",0.544552000944399,0.461801793438247,0.449829844466848,0.473758305864992,0.0827502075061511,0.0707936950794069,"Blastomere A"
"B1",9.3840892,"Ependymal_cells",0.366881484528543,0.461801793438247,0.449829844466848,0.473758305864992,-0.0949203089097042,-0.106876821336448,"Blastomere A"
"B1",9.3840892,"Epithelium",0.695187990380473,0.461801793438247,0.449829844466848,0.473758305864992,0.233386196942226,0.221429684515481,"Blastomere A"
"B1",9.3840892,"Eye_and_other",0.486457039761944,0.461801793438247,0.449829844466848,0.473758305864992,0.0246552463236965,0.0126987338969523,"Blastomere A"
"B1",9.3840892,"Hepatocytes",0.547359915153658,0.461801793438247,0.449829844466848,0.473758305864992,0.0855581217154103,0.0736016092886661,"Blastomere A"
"B1",9.3840892,"Intermediate_neuronal_progenitors",0.662443097959944,0.461801793438247,0.449829844466848,0.473758305864992,0.200641304521696,0.188684792094952,"Blastomere A"
"B1",9.3840892,"Intestine",0.553207529927808,0.461801793438247,0.449829844466848,0.473758305864992,0.0914057364895603,0.0794492240628161,"Blastomere A"
"B1",9.3840892,"Lung_and_airway",0.478986486486487,0.461801793438247,0.449829844466848,0.473758305864992,0.0171846930482391,0.00522818062149488,"Blastomere A"
"B1",9.3840892,"Mast_cells",0.222681704260652,0.461801793438247,0.449829844466848,0.473758305864992,-0.239120089177596,-0.25107660160434,"Blastomere A"
"B1",9.3840892,"Megakaryocytes",0.370252464959986,0.461801793438247,0.449829844466848,0.473758305864992,-0.0915493284782616,-0.103505840905006,"Blastomere A"
"B1",9.3840892,"Mesoderm",0.70607484054456,0.461801793438247,0.449829844466848,0.473758305864992,0.244273047106312,0.232316534679568,"Blastomere A"
"B1",9.3840892,"Muscle_cells",0.648066840267641,0.461801793438247,0.449829844466848,0.473758305864992,0.186265046829394,0.17430853440265,"Blastomere A"
"B1",9.3840892,"Neural_crest_PNS_glia",0.611610407278293,0.461801793438247,0.449829844466848,0.473758305864992,0.149808613840045,0.137852101413301,"Blastomere A"
"B1",9.3840892,"Neural_crest_PNS_neurons",0.62135409327885,0.461801793438247,0.449829844466848,0.473758305864992,0.159552299840603,0.147595787413859,"Blastomere A"
"B1",9.3840892,"Neuroectoderm_and_glia",0.716821760485221,0.461801793438247,0.449829844466848,0.473758305864992,0.255019967046973,0.243063454620229,"Blastomere A"
"B1",9.3840892,"Olfactory_sensory_neurons",0.598157880766576,0.461801793438247,0.449829844466848,0.473758305864992,0.136356087328329,0.124399574901585,"Blastomere A"
"B1",9.3840892,"White_blood_cells",0.45652695020889,0.461801793438247,0.449829844466848,0.473758305864992,-0.00527484322935756,-0.0172313556561018,"Blastomere A"
"B1",9.5165386,"CNS_neurons",0.737436158910607,0.465926722283594,0.454269298877705,0.477655404477857,0.271509436627013,0.25978075443275,"Blastomere A"
"B1",9.5165386,"Definitive_erythroid",0.499943273822416,0.465926722283594,0.454269298877705,0.477655404477857,0.0340165515388222,0.0222878693445595,"Blastomere A"
"B1",9.5165386,"Endothelium",0.548054164600276,0.465926722283594,0.454269298877705,0.477655404477857,0.0821274423166818,0.0703987601224191,"Blastomere A"
"B1",9.5165386,"Ependymal_cells",0.373731290013161,0.465926722283594,0.454269298877705,0.477655404477857,-0.0921954322704328,-0.103924114464696,"Blastomere A"
"B1",9.5165386,"Epithelium",0.701395949489904,0.465926722283594,0.454269298877705,0.477655404477857,0.23546922720631,0.223740545012048,"Blastomere A"
"B1",9.5165386,"Eye_and_other",0.505032967032967,0.465926722283594,0.454269298877705,0.477655404477857,0.0391062447493731,0.0273775625551104,"Blastomere A"
"B1",9.5165386,"Hepatocytes",0.55954893325582,0.465926722283594,0.454269298877705,0.477655404477857,0.0936222109722257,0.081893528777963,"Blastomere A"
"B1",9.5165386,"Intermediate_neuronal_progenitors",0.67334225654803,0.465926722283594,0.454269298877705,0.477655404477857,0.207415534264436,0.195686852070173,"Blastomere A"
"B1",9.5165386,"Intestine",0.561373824382526,0.465926722283594,0.454269298877705,0.477655404477857,0.0954471020989321,0.0837184199046694,"Blastomere A"
"B1",9.5165386,"Lung_and_airway",0.487238219895288,0.465926722283594,0.454269298877705,0.477655404477857,0.021311497611694,0.00958281541743133,"Blastomere A"
"B1",9.5165386,"Mast_cells",0.229890764647468,0.465926722283594,0.454269298877705,0.477655404477857,-0.236035957636126,-0.247764639830389,"Blastomere A"
"B1",9.5165386,"Megakaryocytes",0.385961949791737,0.465926722283594,0.454269298877705,0.477655404477857,-0.079964772491857,-0.0916934546861197,"Blastomere A"
"B1",9.5165386,"Mesoderm",0.71043521057127,0.465926722283594,0.454269298877705,0.477655404477857,0.244508488287676,0.232779806093413,"Blastomere A"
"B1",9.5165386,"Muscle_cells",0.653132791370859,0.465926722283594,0.454269298877705,0.477655404477857,0.187206069087265,0.175477386893002,"Blastomere A"
"B1",9.5165386,"Neural_crest_PNS_glia",0.61690897184021,0.465926722283594,0.454269298877705,0.477655404477857,0.150982249556616,0.139253567362353,"Blastomere A"
"B1",9.5165386,"Neural_crest_PNS_neurons",0.627607925149418,0.465926722283594,0.454269298877705,0.477655404477857,0.161681202865824,0.149952520671561,"Blastomere A"
"B1",9.5165386,"Neuroectoderm_and_glia",0.72502775744617,0.465926722283594,0.454269298877705,0.477655404477857,0.259101035162576,0.247372352968314,"Blastomere A"
"B1",9.5165386,"Olfactory_sensory_neurons",0.607826464864048,0.465926722283594,0.454269298877705,0.477655404477857,0.141899742580454,0.130171060386191,"Blastomere A"
"B1",9.5165386,"White_blood_cells",0.468956217363861,0.465926722283594,0.454269298877705,0.477655404477857,0.00302949508026684,-0.00869918711399587,"Blastomere A"
"B1",9.648988,"CNS_neurons",0.743357592623095,0.469603719254567,0.457689701405014,0.481462375733677,0.273753873368529,0.261895216889418,"Blastomere A"
"B1",9.648988,"Definitive_erythroid",0.510107746802425,0.469603719254567,0.457689701405014,0.481462375733677,0.0405040275478579,0.0286453710687475,"Blastomere A"
"B1",9.648988,"Endothelium",0.554016330518529,0.469603719254567,0.457689701405014,0.481462375733677,0.084412611263962,0.0725539547848517,"Blastomere A"
"B1",9.648988,"Ependymal_cells",0.382023950519805,0.469603719254567,0.457689701405014,0.481462375733677,-0.0875797687347615,-0.0994384252138719,"Blastomere A"
"B1",9.648988,"Epithelium",0.706906617108057,0.469603719254567,0.457689701405014,0.481462375733677,0.23730289785349,0.22544424137438,"Blastomere A"
"B1",9.648988,"Eye_and_other",0.514846633442459,0.469603719254567,0.457689701405014,0.481462375733677,0.0452429141878921,0.0333842577087817,"Blastomere A"
"B1",9.648988,"Hepatocytes",0.575192855157702,0.469603719254567,0.457689701405014,0.481462375733677,0.105589135903135,0.0937304794240246,"Blastomere A"
"B1",9.648988,"Intermediate_neuronal_progenitors",0.683823435284479,0.469603719254567,0.457689701405014,0.481462375733677,0.214219716029912,0.202361059550802,"Blastomere A"
"B1",9.648988,"Intestine",0.569771895480466,0.469603719254567,0.457689701405014,0.481462375733677,0.1001681762259,0.0883095197467892,"Blastomere A"
"B1",9.648988,"Lung_and_airway",0.497979797979798,0.469603719254567,0.457689701405014,0.481462375733677,0.0283760787252311,0.0165174222461207,"Blastomere A"
"B1",9.648988,"Mast_cells",0.242032834379527,0.469603719254567,0.457689701405014,0.481462375733677,-0.22757088487504,-0.23942954135415,"Blastomere A"
"B1",9.648988,"Megakaryocytes",0.390817901234568,0.469603719254567,0.457689701405014,0.481462375733677,-0.078785818019999,-0.0906444744991094,"Blastomere A"
"B1",9.648988,"Mesoderm",0.715098147482709,0.469603719254567,0.457689701405014,0.481462375733677,0.245494428228142,0.233635771749032,"Blastomere A"
"B1",9.648988,"Muscle_cells",0.656973283033812,0.469603719254567,0.457689701405014,0.481462375733677,0.187369563779246,0.175510907300135,"Blastomere A"
"B1",9.648988,"Neural_crest_PNS_glia",0.622882832555232,0.469603719254567,0.457689701405014,0.481462375733677,0.153279113300665,0.141420456821555,"Blastomere A"
"B1",9.648988,"Neural_crest_PNS_neurons",0.633181013459094,0.469603719254567,0.457689701405014,0.481462375733677,0.163577294204527,0.151718637725417,"Blastomere A"
"B1",9.648988,"Neuroectoderm_and_glia",0.731576351021849,0.469603719254567,0.457689701405014,0.481462375733677,0.261972631767282,0.250113975288172,"Blastomere A"
"B1",9.648988,"Olfactory_sensory_neurons",0.611956673273568,0.469603719254567,0.457689701405014,0.481462375733677,0.142352954019001,0.130494297539891,"Blastomere A"
"B1",9.648988,"White_blood_cells",0.480285482588396,0.469603719254567,0.457689701405014,0.481462375733677,0.0106817633338296,-0.00117689314528074,"Blastomere A"
"B1",9.7814374,"CNS_neurons",0.749809316826954,0.472947254567041,0.460848525079968,0.4850431408819,0.276862062259913,0.264766175945054,"Blastomere A"
"B1",9.7814374,"Definitive_erythroid",0.521314520870076,0.472947254567041,0.460848525079968,0.4850431408819,0.0483672663030351,0.0362713799881768,"Blastomere A"
"B1",9.7814374,"Endothelium",0.557390242548704,0.472947254567041,0.460848525079968,0.4850431408819,0.0844429879816627,0.0723471016668044,"Blastomere A"
"B1",9.7814374,"Ependymal_cells",0.387270973963356,0.472947254567041,0.460848525079968,0.4850431408819,-0.0856762806036856,-0.097772166918544,"Blastomere A"
"B1",9.7814374,"Epithelium",0.712289103859499,0.472947254567041,0.460848525079968,0.4850431408819,0.239341849292458,0.227245962977599,"Blastomere A"
"B1",9.7814374,"Eye_and_other",0.531484702348012,0.472947254567041,0.460848525079968,0.4850431408819,0.0585374477809705,0.0464415614661121,"Blastomere A"
"B1",9.7814374,"Hepatocytes",0.590943774962363,0.472947254567041,0.460848525079968,0.4850431408819,0.117996520395322,0.105900634080463,"Blastomere A"
"B1",9.7814374,"Intermediate_neuronal_progenitors",0.694129427829393,0.472947254567041,0.460848525079968,0.4850431408819,0.221182173262352,0.209086286947493,"Blastomere A"
"B1",9.7814374,"Intestine",0.571822622757517,0.472947254567041,0.460848525079968,0.4850431408819,0.0988753681904756,0.0867794818756172,"Blastomere A"
"B1",9.7814374,"Lung_and_airway",0.516208133971292,0.472947254567041,0.460848525079968,0.4850431408819,0.0432608794042505,0.0311649930893921,"Blastomere A"
"B1",9.7814374,"Mast_cells",0.248564593301435,0.472947254567041,0.460848525079968,0.4850431408819,-0.224382661265606,-0.236478547580464,"Blastomere A"
"B1",9.7814374,"Megakaryocytes",0.405669867398263,0.472947254567041,0.460848525079968,0.4850431408819,-0.0672773871687787,-0.0793732734836371,"Blastomere A"
"B1",9.7814374,"Mesoderm",0.719266446829455,0.472947254567041,0.460848525079968,0.4850431408819,0.246319192262414,0.234223305947555,"Blastomere A"
"B1",9.7814374,"Muscle_cells",0.661838926655305,0.472947254567041,0.460848525079968,0.4850431408819,0.188891672088264,0.176795785773406,"Blastomere A"
"B1",9.7814374,"Neural_crest_PNS_glia",0.628174732993361,0.472947254567041,0.460848525079968,0.4850431408819,0.15522747842632,0.143131592111461,"Blastomere A"
"B1",9.7814374,"Neural_crest_PNS_neurons",0.638353218708887,0.472947254567041,0.460848525079968,0.4850431408819,0.165405964141846,0.153310077826987,"Blastomere A"
"B1",9.7814374,"Neuroectoderm_and_glia",0.739055932023532,0.472947254567041,0.460848525079968,0.4850431408819,0.266108677456491,0.254012791141633,"Blastomere A"
"B1",9.7814374,"Olfactory_sensory_neurons",0.621050320134988,0.472947254567041,0.460848525079968,0.4850431408819,0.148103065567947,0.136007179253089,"Blastomere A"
"B1",9.7814374,"White_blood_cells",0.491777512697591,0.472947254567041,0.460848525079968,0.4850431408819,0.0188302581305496,0.00673437181569125,"Blastomere A"
"B1",9.9138868,"CNS_neurons",0.755100519811101,0.475929764353294,0.463672508594272,0.487624167486806,0.279170755457808,0.267476352324295,"Blastomere A"
"B1",9.9138868,"Definitive_erythroid",0.529048300292936,0.475929764353294,0.463672508594272,0.487624167486806,0.0531185359396419,0.0414241328061291,"Blastomere A"
"B1",9.9138868,"Endothelium",0.558959212114425,0.475929764353294,0.463672508594272,0.487624167486806,0.0830294477611314,0.0713350446276186,"Blastomere A"
"B1",9.9138868,"Ependymal_cells",0.389971208204611,0.475929764353294,0.463672508594272,0.487624167486806,-0.0859585561486828,-0.0976529592821956,"Blastomere A"
"B1",9.9138868,"Epithelium",0.716117191351685,0.475929764353294,0.463672508594272,0.487624167486806,0.240187426998391,0.228493023864878,"Blastomere A"
"B1",9.9138868,"Eye_and_other",0.547082700992851,0.475929764353294,0.463672508594272,0.487624167486806,0.071152936639557,0.0594585335060442,"Blastomere A"
"B1",9.9138868,"Hepatocytes",0.601902692354954,0.475929764353294,0.463672508594272,0.487624167486806,0.12597292800166,0.114278524868147,"Blastomere A"
"B1",9.9138868,"Intermediate_neuronal_progenitors",0.70479506297781,0.475929764353294,0.463672508594272,0.487624167486806,0.228865298624517,0.217170895491004,"Blastomere A"
"B1",9.9138868,"Intestine",0.582185119144108,0.475929764353294,0.463672508594272,0.487624167486806,0.106255354790814,0.0945609516573012,"Blastomere A"
"B1",9.9138868,"Lung_and_airway",0.531818181818182,0.475929764353294,0.463672508594272,0.487624167486806,0.0558884174648882,0.0441940143313754,"Blastomere A"
"B1",9.9138868,"Mast_cells",0.268928901200369,0.475929764353294,0.463672508594272,0.487624167486806,-0.207000863152924,-0.218695266286437,"Blastomere A"
"B1",9.9138868,"Megakaryocytes",0.418442932728647,0.475929764353294,0.463672508594272,0.487624167486806,-0.0574868316246467,-0.0691812347581595,"Blastomere A"
"B1",9.9138868,"Mesoderm",0.722989105688206,0.475929764353294,0.463672508594272,0.487624167486806,0.247059341334912,0.235364938201399,"Blastomere A"
"B1",9.9138868,"Muscle_cells",0.666069749382487,0.475929764353294,0.463672508594272,0.487624167486806,0.190139985029193,0.17844558189568,"Blastomere A"
"B1",9.9138868,"Neural_crest_PNS_glia",0.631598798977642,0.475929764353294,0.463672508594272,0.487624167486806,0.155669034624348,0.143974631490836,"Blastomere A"
"B1",9.9138868,"Neural_crest_PNS_neurons",0.64241854943762,0.475929764353294,0.463672508594272,0.487624167486806,0.166488785084326,0.154794381950814,"Blastomere A"
"B1",9.9138868,"Neuroectoderm_and_glia",0.745991912346718,0.475929764353294,0.463672508594272,0.487624167486806,0.270062147993425,0.258367744859912,"Blastomere A"
"B1",9.9138868,"Olfactory_sensory_neurons",0.628775370657594,0.475929764353294,0.463672508594272,0.487624167486806,0.1528456063043,0.141151203170788,"Blastomere A"
"B1",9.9138868,"White_blood_cells",0.505242031035696,0.475929764353294,0.463672508594272,0.487624167486806,0.0293122666824023,0.0176178635488895,"Blastomere A"
"B2",10.0463362,"CNS_neurons",0.712016881982657,0.472864563606073,0.460413680751415,0.485106168116787,0.239152318376584,0.22691071386587,"Blastomere B"
"B2",10.0463362,"Definitive_erythroid",0.480741992596169,0.472864563606073,0.460413680751415,0.485106168116787,0.00787742899009636,-0.00436417552061791,"Blastomere B"
"B2",10.0463362,"Endothelium",0.487893198924956,0.472864563606073,0.460413680751415,0.485106168116787,0.0150286353188835,0.00278703080816922,"Blastomere B"
"B2",10.0463362,"Ependymal_cells",0.362403785043429,0.472864563606073,0.460413680751415,0.485106168116787,-0.110460778562644,-0.122702383073358,"Blastomere B"
"B2",10.0463362,"Epithelium",0.663051985361267,0.472864563606073,0.460413680751415,0.485106168116787,0.190187421755195,0.17794581724448,"Blastomere B"
"B2",10.0463362,"Eye_and_other",0.596734522999634,0.472864563606073,0.460413680751415,0.485106168116787,0.123869959393561,0.111628354882847,"Blastomere B"
"B2",10.0463362,"Hepatocytes",0.679693251533742,0.472864563606073,0.460413680751415,0.485106168116787,0.206828687927669,0.194587083416955,"Blastomere B"
"B2",10.0463362,"Intermediate_neuronal_progenitors",0.730144520703676,0.472864563606073,0.460413680751415,0.485106168116787,0.257279957097603,0.245038352586889,"Blastomere B"
"B2",10.0463362,"Intestine",0.456600663741453,0.472864563606073,0.460413680751415,0.485106168116787,-0.0162638998646201,-0.0285055043753344,"Blastomere B"
"B2",10.0463362,"Lung_and_airway",0.469651741293532,0.472864563606073,0.460413680751415,0.485106168116787,-0.0032128223125405,-0.0154544268232548,"Blastomere B"
"B2",10.0463362,"Mast_cells",0.202410338318571,0.472864563606073,0.460413680751415,0.485106168116787,-0.270454225287502,-0.282695829798216,"Blastomere B"
"B2",10.0463362,"Megakaryocytes",0.420939562005393,0.472864563606073,0.460413680751415,0.485106168116787,-0.0519250016006801,-0.0641666061113944,"Blastomere B"
"B2",10.0463362,"Mesoderm",0.699427918601596,0.472864563606073,0.460413680751415,0.485106168116787,0.226563354995523,0.214321750484809,"Blastomere B"
"B2",10.0463362,"Muscle_cells",0.605370339961319,0.472864563606073,0.460413680751415,0.485106168116787,0.132505776355246,0.120264171844532,"Blastomere B"
"B2",10.0463362,"Neural_crest_PNS_glia",0.555783555949935,0.472864563606073,0.460413680751415,0.485106168116787,0.0829189923438618,0.0706773878331475,"Blastomere B"
"B2",10.0463362,"Neural_crest_PNS_neurons",0.560759953664481,0.472864563606073,0.460413680751415,0.485106168116787,0.0878953900584081,0.0756537855476938,"Blastomere B"
"B2",10.0463362,"Neuroectoderm_and_glia",0.723508945537039,0.472864563606073,0.460413680751415,0.485106168116787,0.250644381930966,0.238402777420252,"Blastomere B"
"B2",10.0463362,"Olfactory_sensory_neurons",0.69125582082933,0.472864563606073,0.460413680751415,0.485106168116787,0.218391257223257,0.206149652712543,"Blastomere B"
"B2",10.0463362,"White_blood_cells",0.496925494482971,0.472864563606073,0.460413680751415,0.485106168116787,0.0240609308768978,0.0118193263661835,"Blastomere B"
"B2",10.1787856,"CNS_neurons",0.718818867374178,0.475462518881776,0.463018613391358,0.487856662608688,0.243356348492402,0.23096220476549,"Blastomere B"
"B2",10.1787856,"Definitive_erythroid",0.493208412804784,0.475462518881776,0.463018613391358,0.487856662608688,0.0177458939230077,0.00535175019609552,"Blastomere B"
"B2",10.1787856,"Endothelium",0.491742311712604,0.475462518881776,0.463018613391358,0.487856662608688,0.0162797928308278,0.00388564910391559,"Blastomere B"
"B2",10.1787856,"Ependymal_cells",0.370390868211691,0.475462518881776,0.463018613391358,0.487856662608688,-0.105071650670085,-0.117465794396997,"Blastomere B"
"B2",10.1787856,"Epithelium",0.669132077103025,0.475462518881776,0.463018613391358,0.487856662608688,0.193669558221249,0.181275414494336,"Blastomere B"
"B2",10.1787856,"Eye_and_other",0.611924924906403,0.475462518881776,0.463018613391358,0.487856662608688,0.136462406024627,0.124068262297715,"Blastomere B"
"B2",10.1787856,"Hepatocytes",0.690299145299145,0.475462518881776,0.463018613391358,0.487856662608688,0.214836626417369,0.202442482690457,"Blastomere B"
"B2",10.1787856,"Intermediate_neuronal_progenitors",0.739661391362601,0.475462518881776,0.463018613391358,0.487856662608688,0.264198872480825,0.251804728753913,"Blastomere B"
"B2",10.1787856,"Intestine",0.460915671132818,0.475462518881776,0.463018613391358,0.487856662608688,-0.0145468477489576,-0.0269409914758699,"Blastomere B"
"B2",10.1787856,"Lung_and_airway",0.477611940298507,0.475462518881776,0.463018613391358,0.487856662608688,0.00214942141673136,-0.0102447223101809,"Blastomere B"
"B2",10.1787856,"Mast_cells",0.209542972118425,0.475462518881776,0.463018613391358,0.487856662608688,-0.265919546763351,-0.278313690490263,"Blastomere B"
"B2",10.1787856,"Megakaryocytes",0.431871159143886,0.475462518881776,0.463018613391358,0.487856662608688,-0.0435913597378897,-0.055985503464802,"Blastomere B"
"B2",10.1787856,"Mesoderm",0.704447254441525,0.475462518881776,0.463018613391358,0.487856662608688,0.228984735559749,0.216590591832836,"Blastomere B"
"B2",10.1787856,"Muscle_cells",0.610108975178665,0.475462518881776,0.463018613391358,0.487856662608688,0.134646456296889,0.122252312569977,"Blastomere B"
"B2",10.1787856,"Neural_crest_PNS_glia",0.565162608021396,0.475462518881776,0.463018613391358,0.487856662608688,0.0897000891396203,0.0773059454127081,"Blastomere B"
"B2",10.1787856,"Neural_crest_PNS_neurons",0.566121503762501,0.475462518881776,0.463018613391358,0.487856662608688,0.0906589848807247,0.0782648411538125,"Blastomere B"
"B2",10.1787856,"Neuroectoderm_and_glia",0.731655522611334,0.475462518881776,0.463018613391358,0.487856662608688,0.256193003729558,0.243798860002646,"Blastomere B"
"B2",10.1787856,"Olfactory_sensory_neurons",0.69620163629076,0.475462518881776,0.463018613391358,0.487856662608688,0.220739117408984,0.208344973682072,"Blastomere B"
"B2",10.1787856,"White_blood_cells",0.510842717626221,0.475462518881776,0.463018613391358,0.487856662608688,0.0353801987444447,0.0229860550175325,"Blastomere B"
"B2",10.311235,"CNS_neurons",0.724578939844408,0.477767337504954,0.465224561362678,0.49034735280568,0.246811602339454,0.234231587038728,"Blastomere B"
"B2",10.311235,"Definitive_erythroid",0.504254056193114,0.477767337504954,0.465224561362678,0.49034735280568,0.0264867186881599,0.0139067033874342,"Blastomere B"
"B2",10.311235,"Endothelium",0.497273374434192,0.477767337504954,0.465224561362678,0.49034735280568,0.0195060369292372,0.00692602162851158,"Blastomere B"
"B2",10.311235,"Ependymal_cells",0.380096409424697,0.477767337504954,0.465224561362678,0.49034735280568,-0.0976709280802574,-0.110250943380983,"Blastomere B"
"B2",10.311235,"Epithelium",0.67428093260193,0.477767337504954,0.465224561362678,0.49034735280568,0.196513595096976,0.18393357979625,"Blastomere B"
"B2",10.311235,"Eye_and_other",0.623849166062364,0.477767337504954,0.465224561362678,0.49034735280568,0.146081828557409,0.133501813256684,"Blastomere B"
"B2",10.311235,"Hepatocytes",0.701915725456125,0.477767337504954,0.465224561362678,0.49034735280568,0.224148387951171,0.211568372650445,"Blastomere B"
"B2",10.311235,"Intermediate_neuronal_progenitors",0.747657643871443,0.477767337504954,0.465224561362678,0.49034735280568,0.269890306366489,0.257310291065763,"Blastomere B"
"B2",10.311235,"Intestine",0.460606060606061,0.477767337504954,0.465224561362678,0.49034735280568,-0.0171612768988939,-0.0297412921996195,"Blastomere B"
"B2",10.311235,"Lung_and_airway",0.493698175787728,0.477767337504954,0.465224561362678,0.49034735280568,0.0159308382827736,0.00335082298204797,"Blastomere B"
"B2",10.311235,"Mast_cells",0.211409873381704,0.477767337504954,0.465224561362678,0.49034735280568,-0.26635746412325,-0.278937479423976,"Blastomere B"
"B2",10.311235,"Megakaryocytes",0.443348558955495,0.477767337504954,0.465224561362678,0.49034735280568,-0.034418778549459,-0.0469987938501847,"Blastomere B"
"B2",10.311235,"Mesoderm",0.708844566210579,0.477767337504954,0.465224561362678,0.49034735280568,0.231077228705624,0.218497213404899,"Blastomere B"
"B2",10.311235,"Muscle_cells",0.614061480024736,0.477767337504954,0.465224561362678,0.49034735280568,0.136294142519781,0.123714127219055,"Blastomere B"
"B2",10.311235,"Neural_crest_PNS_glia",0.573564632102503,0.477767337504954,0.465224561362678,0.49034735280568,0.0957972945975487,0.083217279296823,"Blastomere B"
"B2",10.311235,"Neural_crest_PNS_neurons",0.574288518934285,0.477767337504954,0.465224561362678,0.49034735280568,0.0965211814293302,0.0839411661286045,"Blastomere B"
"B2",10.311235,"Neuroectoderm_and_glia",0.738942348962828,0.477767337504954,0.465224561362678,0.49034735280568,0.261175011457874,0.248594996157148,"Blastomere B"
"B2",10.311235,"Olfactory_sensory_neurons",0.70093203000682,0.477767337504954,0.465224561362678,0.49034735280568,0.223164692501865,0.21058467720114,"Blastomere B"
"B2",10.311235,"White_blood_cells",0.525576946809824,0.477767337504954,0.465224561362678,0.49034735280568,0.0478096093048691,0.0352295940041434,"Blastomere B"
"B2",10.4436844,"CNS_neurons",0.730150867850859,0.480094878020076,0.467159127597642,0.492691806918005,0.250055989830783,0.237459060932853,"Blastomere B"
"B2",10.4436844,"Definitive_erythroid",0.516064981949458,0.480094878020076,0.467159127597642,0.492691806918005,0.0359701039293825,0.0233731750314533,"Blastomere B"
"B2",10.4436844,"Endothelium",0.500569953928724,0.480094878020076,0.467159127597642,0.492691806918005,0.0204750759086481,0.00787814701071882,"Blastomere B"
"B2",10.4436844,"Ependymal_cells",0.38790920899104,0.480094878020076,0.467159127597642,0.492691806918005,-0.0921856690290362,-0.104782597926965,"Blastomere B"
"B2",10.4436844,"Epithelium",0.679021593495338,0.480094878020076,0.467159127597642,0.492691806918005,0.198926715475262,0.186329786577333,"Blastomere B"
"B2",10.4436844,"Eye_and_other",0.637451984285269,0.480094878020076,0.467159127597642,0.492691806918005,0.157357106265193,0.144760177367264,"Blastomere B"
"B2",10.4436844,"Hepatocytes",0.712945859872611,0.480094878020076,0.467159127597642,0.492691806918005,0.232850981852535,0.220254052954606,"Blastomere B"
"B2",10.4436844,"Intermediate_neuronal_progenitors",0.756013846610615,0.480094878020076,0.467159127597642,0.492691806918005,0.275918968590539,0.263322039692609,"Blastomere B"
"B2",10.4436844,"Intestine",0.462592088491369,0.480094878020076,0.467159127597642,0.492691806918005,-0.0175027895287069,-0.0300997184266361,"Blastomere B"
"B2",10.4436844,"Lung_and_airway",0.501335428122545,0.480094878020076,0.467159127597642,0.492691806918005,0.0212405501024693,0.00864362120454004,"Blastomere B"
"B2",10.4436844,"Mast_cells",0.226732946699807,0.480094878020076,0.467159127597642,0.492691806918005,-0.253361931320269,-0.265958860218199,"Blastomere B"
"B2",10.4436844,"Megakaryocytes",0.45027195027195,0.480094878020076,0.467159127597642,0.492691806918005,-0.0298229277481257,-0.042419856646055,"Blastomere B"
"B2",10.4436844,"Mesoderm",0.71291307695881,0.480094878020076,0.467159127597642,0.492691806918005,0.232818198938734,0.220221270040805,"Blastomere B"
"B2",10.4436844,"Muscle_cells",0.618166894446105,0.480094878020076,0.467159127597642,0.492691806918005,0.138072016426029,0.1254750875281,"Blastomere B"
"B2",10.4436844,"Neural_crest_PNS_glia",0.577985491071428,0.480094878020076,0.467159127597642,0.492691806918005,0.0978906130513525,0.0852936841534233,"Blastomere B"
"B2",10.4436844,"Neural_crest_PNS_neurons",0.581612994407512,0.480094878020076,0.467159127597642,0.492691806918005,0.101518116387436,0.0889211874895066,"Blastomere B"
"B2",10.4436844,"Neuroectoderm_and_glia",0.745521365883469,0.480094878020076,0.467159127597642,0.492691806918005,0.265426487863393,0.252829558965464,"Blastomere B"
"B2",10.4436844,"Olfactory_sensory_neurons",0.702970727676047,0.480094878020076,0.467159127597642,0.492691806918005,0.222875849655971,0.210278920758042,"Blastomere B"
"B2",10.4436844,"White_blood_cells",0.53498913862659,0.480094878020076,0.467159127597642,0.492691806918005,0.0548942606065144,0.0422973317085851,"Blastomere B"
"B2",10.5761338,"CNS_neurons",0.735174917242089,0.481912745766174,0.469428356048993,0.49447827703921,0.253262171475916,0.240696640202879,"Blastomere B"
"B2",10.5761338,"Definitive_erythroid",0.528866188607766,0.481912745766174,0.469428356048993,0.49447827703921,0.0469534428415926,0.0343879115685564,"Blastomere B"
"B2",10.5761338,"Endothelium",0.506201924699444,0.481912745766174,0.469428356048993,0.49447827703921,0.0242891789332705,0.0117236476602343,"Blastomere B"
"B2",10.5761338,"Ependymal_cells",0.392781316348195,0.481912745766174,0.469428356048993,0.49447827703921,-0.0891314294179782,-0.101696960691014,"Blastomere B"
"B2",10.5761338,"Epithelium",0.682882495649747,0.481912745766174,0.469428356048993,0.49447827703921,0.200969749883573,0.188404218610537,"Blastomere B"
"B2",10.5761338,"Eye_and_other",0.648795062392093,0.481912745766174,0.469428356048993,0.49447827703921,0.166882316625919,0.154316785352883,"Blastomere B"
"B2",10.5761338,"Hepatocytes",0.723982808022923,0.481912745766174,0.469428356048993,0.49447827703921,0.242070062256749,0.229504530983713,"Blastomere B"
"B2",10.5761338,"Intermediate_neuronal_progenitors",0.763153008888579,0.481912745766174,0.469428356048993,0.49447827703921,0.281240263122406,0.26867473184937,"Blastomere B"
"B2",10.5761338,"Intestine",0.465955806783145,0.481912745766174,0.469428356048993,0.49447827703921,-0.0159569389830287,-0.0285224702560649,"Blastomere B"
"B2",10.5761338,"Lung_and_airway",0.504583680581862,0.481912745766174,0.469428356048993,0.49447827703921,0.0226709348156887,0.0101054035426525,"Blastomere B"
"B2",10.5761338,"Mast_cells",0.245814509699708,0.481912745766174,0.469428356048993,0.49447827703921,-0.236098236066466,-0.248663767339502,"Blastomere B"
"B2",10.5761338,"Megakaryocytes",0.460606060606061,0.481912745766174,0.469428356048993,0.49447827703921,-0.0213066851601129,-0.0338722164331491,"Blastomere B"
"B2",10.5761338,"Mesoderm",0.716880054840201,0.481912745766174,0.469428356048993,0.49447827703921,0.234967309074027,0.222401777800991,"Blastomere B"
"B2",10.5761338,"Muscle_cells",0.621966829290971,0.481912745766174,0.469428356048993,0.49447827703921,0.140054083524797,0.127488552251761,"Blastomere B"
"B2",10.5761338,"Neural_crest_PNS_glia",0.584968229970069,0.481912745766174,0.469428356048993,0.49447827703921,0.103055484203895,0.090489952930859,"Blastomere B"
"B2",10.5761338,"Neural_crest_PNS_neurons",0.58750203506236,0.481912745766174,0.469428356048993,0.49447827703921,0.105589289296186,0.0930237580231502,"Blastomere B"
"B2",10.5761338,"Neuroectoderm_and_glia",0.752110385134419,0.481912745766174,0.469428356048993,0.49447827703921,0.270197639368246,0.257632108095209,"Blastomere B"
"B2",10.5761338,"Olfactory_sensory_neurons",0.707988749422778,0.481912745766174,0.469428356048993,0.49447827703921,0.226076003656605,0.213510472383568,"Blastomere B"
"B2",10.5761338,"White_blood_cells",0.547927821431055,0.481912745766174,0.469428356048993,0.49447827703921,0.0660150756648812,0.053449544391845,"Blastomere B"
"B2",10.7085832,"CNS_neurons",0.739619102081977,0.483666422001632,0.470908661680136,0.496397805467816,0.255952680080345,0.243221296614162,"Blastomere B"
"B2",10.7085832,"Definitive_erythroid",0.54113100081367,0.483666422001632,0.470908661680136,0.496397805467816,0.0574645788120374,0.0447331953458537,"Blastomere B"
"B2",10.7085832,"Endothelium",0.511186879497686,0.483666422001632,0.470908661680136,0.496397805467816,0.0275204574960542,0.0147890740298705,"Blastomere B"
"B2",10.7085832,"Ependymal_cells",0.402032417905434,0.483666422001632,0.470908661680136,0.496397805467816,-0.0816340040961983,-0.094365387562382,"Blastomere B"
"B2",10.7085832,"Epithelium",0.687659610650894,0.483666422001632,0.470908661680136,0.496397805467816,0.203993188649262,0.191261805183079,"Blastomere B"
"B2",10.7085832,"Eye_and_other",0.659092584311625,0.483666422001632,0.470908661680136,0.496397805467816,0.175426162309993,0.162694778843809,"Blastomere B"
"B2",10.7085832,"Hepatocytes",0.73614489003881,0.483666422001632,0.470908661680136,0.496397805467816,0.252478468037178,0.239747084570994,"Blastomere B"
"B2",10.7085832,"Intermediate_neuronal_progenitors",0.76971167925965,0.483666422001632,0.470908661680136,0.496397805467816,0.286045257258018,0.273313873791834,"Blastomere B"
"B2",10.7085832,"Intestine",0.471138383410918,0.483666422001632,0.470908661680136,0.496397805467816,-0.0125280385907137,-0.0252594220568974,"Blastomere B"
"B2",10.7085832,"Lung_and_airway",0.5240149961095,0.483666422001632,0.470908661680136,0.496397805467816,0.0403485741078679,0.0276171906416842,"Blastomere B"
"B2",10.7085832,"Mast_cells",0.257694314032342,0.483666422001632,0.470908661680136,0.496397805467816,-0.22597210796929,-0.238703491435474,"Blastomere B"
"B2",10.7085832,"Megakaryocytes",0.467675181960896,0.483666422001632,0.470908661680136,0.496397805467816,-0.0159912400407358,-0.0287226235069196,"Blastomere B"
"B2",10.7085832,"Mesoderm",0.721030639036714,0.483666422001632,0.470908661680136,0.496397805467816,0.237364217035082,0.224632833568898,"Blastomere B"
"B2",10.7085832,"Muscle_cells",0.626313336771217,0.483666422001632,0.470908661680136,0.496397805467816,0.142646914769585,0.129915531303402,"Blastomere B"
"B2",10.7085832,"Neural_crest_PNS_glia",0.590114200595829,0.483666422001632,0.470908661680136,0.496397805467816,0.106447778594197,0.0937163951280134,"Blastomere B"
"B2",10.7085832,"Neural_crest_PNS_neurons",0.594030688622755,0.483666422001632,0.470908661680136,0.496397805467816,0.110364266621122,0.0976328831549387,"Blastomere B"
"B2",10.7085832,"Neuroectoderm_and_glia",0.758000478271946,0.483666422001632,0.470908661680136,0.496397805467816,0.274334056270314,0.26160267280413,"Blastomere B"
"B2",10.7085832,"Olfactory_sensory_neurons",0.711422805650463,0.483666422001632,0.470908661680136,0.496397805467816,0.22775638364883,0.215025000182647,"Blastomere B"
"B2",10.7085832,"White_blood_cells",0.556811336074806,0.483666422001632,0.470908661680136,0.496397805467816,0.0731449140731735,0.0604135306069898,"Blastomere B"
"B2",10.8410326,"CNS_neurons",0.744254865169012,0.48536624472679,0.472594188197332,0.498168655394855,0.258888620442222,0.246086209774157,"Blastomere B"
"B2",10.8410326,"Definitive_erythroid",0.552452615309526,0.48536624472679,0.472594188197332,0.498168655394855,0.0670863705827359,0.054283959914671,"Blastomere B"
"B2",10.8410326,"Endothelium",0.514822381796513,0.48536624472679,0.472594188197332,0.498168655394855,0.0294561370697231,0.0166537264016582,"Blastomere B"
"B2",10.8410326,"Ependymal_cells",0.404323692667251,0.48536624472679,0.472594188197332,0.498168655394855,-0.0810425520595389,-0.0938449627276037,"Blastomere B"
"B2",10.8410326,"Epithelium",0.690773982731815,0.48536624472679,0.472594188197332,0.498168655394855,0.205407738005025,0.19260532733696,"Blastomere B"
"B2",10.8410326,"Eye_and_other",0.664493623300753,0.48536624472679,0.472594188197332,0.498168655394855,0.179127378573963,0.166324967905899,"Blastomere B"
"B2",10.8410326,"Hepatocytes",0.745889409011118,0.48536624472679,0.472594188197332,0.498168655394855,0.260523164284328,0.247720753616263,"Blastomere B"
"B2",10.8410326,"Intermediate_neuronal_progenitors",0.776372544130847,0.48536624472679,0.472594188197332,0.498168655394855,0.291006299404057,0.278203888735992,"Blastomere B"
"B2",10.8410326,"Intestine",0.475698510958675,0.48536624472679,0.472594188197332,0.498168655394855,-0.00966773376811481,-0.0224701444361797,"Blastomere B"
"B2",10.8410326,"Lung_and_airway",0.531741293532338,0.48536624472679,0.472594188197332,0.498168655394855,0.0463750488055485,0.0335726381374836,"Blastomere B"
"B2",10.8410326,"Mast_cells",0.284902396837163,0.48536624472679,0.472594188197332,0.498168655394855,-0.200463847889626,-0.213266258557691,"Blastomere B"
"B2",10.8410326,"Megakaryocytes",0.481078243790108,0.48536624472679,0.472594188197332,0.498168655394855,-0.00428800093668152,-0.0170904116047464,"Blastomere B"
"B2",10.8410326,"Mesoderm",0.724694693476463,0.48536624472679,0.472594188197332,0.498168655394855,0.239328448749673,0.226526038081608,"Blastomere B"
"B2",10.8410326,"Muscle_cells",0.629781758495613,0.48536624472679,0.472594188197332,0.498168655394855,0.144415513768823,0.131613103100758,"Blastomere B"
"B2",10.8410326,"Neural_crest_PNS_glia",0.595406616326452,0.48536624472679,0.472594188197332,0.498168655394855,0.110040371599662,0.0972379609315971,"Blastomere B"
"B2",10.8410326,"Neural_crest_PNS_neurons",0.600876678016516,0.48536624472679,0.472594188197332,0.498168655394855,0.115510433289726,0.102708022621661,"Blastomere B"
"B2",10.8410326,"Neuroectoderm_and_glia",0.76343970367781,0.48536624472679,0.472594188197332,0.498168655394855,0.27807345895102,0.265271048282956,"Blastomere B"
"B2",10.8410326,"Olfactory_sensory_neurons",0.714770474302272,0.48536624472679,0.472594188197332,0.498168655394855,0.229404229575483,0.216601818907418,"Blastomere B"
"B2",10.8410326,"White_blood_cells",0.566754667749757,0.48536624472679,0.472594188197332,0.498168655394855,0.0813884230229672,0.0685860123549023,"Blastomere B"
"B2",10.973482,"CNS_neurons",0.748881411206662,0.486676458050196,0.473724688368163,0.499007896616305,0.262204953156466,0.249873514590357,"Blastomere B"
"B2",10.973482,"Definitive_erythroid",0.571124470659407,0.486676458050196,0.473724688368163,0.499007896616305,0.0844480126092109,0.0721165740431021,"Blastomere B"
"B2",10.973482,"Endothelium",0.516852595567455,0.486676458050196,0.473724688368163,0.499007896616305,0.0301761375172586,0.0178446989511498,"Blastomere B"
"B2",10.973482,"Ependymal_cells",0.403295263059352,0.486676458050196,0.473724688368163,0.499007896616305,-0.0833811949908442,-0.095712633556953,"Blastomere B"
"B2",10.973482,"Epithelium",0.694731515497378,0.486676458050196,0.473724688368163,0.499007896616305,0.208055057447182,0.195723618881073,"Blastomere B"
"B2",10.973482,"Eye_and_other",0.67526291081872,0.486676458050196,0.473724688368163,0.499007896616305,0.188586452768523,0.176255014202414,"Blastomere B"
"B2",10.973482,"Hepatocytes",0.75231078904992,0.486676458050196,0.473724688368163,0.499007896616305,0.265634330999723,0.253302892433614,"Blastomere B"
"B2",10.973482,"Intermediate_neuronal_progenitors",0.782850915049317,0.486676458050196,0.473724688368163,0.499007896616305,0.296174456999121,0.283843018433012,"Blastomere B"
"B2",10.973482,"Intestine",0.481022078888613,0.486676458050196,0.473724688368163,0.499007896616305,-0.00565437916158323,-0.017985817727692,"Blastomere B"
"B2",10.973482,"Lung_and_airway",0.5387226955352,0.486676458050196,0.473724688368163,0.499007896616305,0.0520462374850031,0.0397147989188943,"Blastomere B"
"B2",10.973482,"Mast_cells",0.30054905705419,0.486676458050196,0.473724688368163,0.499007896616305,-0.186127400996007,-0.198458839562116,"Blastomere B"
"B2",10.973482,"Megakaryocytes",0.484741065386227,0.486676458050196,0.473724688368163,0.499007896616305,-0.0019353926639698,-0.0142668312300786,"Blastomere B"
"B2",10.973482,"Mesoderm",0.728625309289537,0.486676458050196,0.473724688368163,0.499007896616305,0.24194885123934,0.229617412673231,"Blastomere B"
"B2",10.973482,"Muscle_cells",0.633788354080036,0.486676458050196,0.473724688368163,0.499007896616305,0.14711189602984,0.134780457463731,"Blastomere B"
"B2",10.973482,"Neural_crest_PNS_glia",0.600450097204091,0.486676458050196,0.473724688368163,0.499007896616305,0.113773639153895,0.101442200587786,"Blastomere B"
"B2",10.973482,"Neural_crest_PNS_neurons",0.607679514992604,0.486676458050196,0.473724688368163,0.499007896616305,0.121003056942407,0.108671618376299,"Blastomere B"
"B2",10.973482,"Neuroectoderm_and_glia",0.768644268498245,0.486676458050196,0.473724688368163,0.499007896616305,0.281967810448049,0.26963637188194,"Blastomere B"
"B2",10.973482,"Olfactory_sensory_neurons",0.716507684643628,0.486676458050196,0.473724688368163,0.499007896616305,0.229831226593431,0.217499788027323,"Blastomere B"
"B2",10.973482,"White_blood_cells",0.5803946263644,0.486676458050196,0.473724688368163,0.499007896616305,0.0937181683142031,0.0813867297480943,"Blastomere B"
"B2",11.1059314,"CNS_neurons",0.752934147634924,0.488023082204591,0.475034876926974,0.500572020375002,0.264911065430333,0.252362127259922,"Blastomere B"
"B2",11.1059314,"Definitive_erythroid",0.585725891910985,0.488023082204591,0.475034876926974,0.500572020375002,0.0977028097063946,0.0851538715359833,"Blastomere B"
"B2",11.1059314,"Endothelium",0.518117842307304,0.488023082204591,0.475034876926974,0.500572020375002,0.0300947601027131,0.0175458219323018,"Blastomere B"
"B2",11.1059314,"Ependymal_cells",0.408367551224694,0.488023082204591,0.475034876926974,0.500572020375002,-0.0796555309798968,-0.0922044691503081,"Blastomere B"
"B2",11.1059314,"Epithelium",0.69807548108781,0.488023082204591,0.475034876926974,0.500572020375002,0.210052398883219,0.197503460712808,"Blastomere B"
"B2",11.1059314,"Eye_and_other",0.684097636485646,0.488023082204591,0.475034876926974,0.500572020375002,0.196074554281055,0.183525616110644,"Blastomere B"
"B2",11.1059314,"Hepatocytes",0.760920666013712,0.488023082204591,0.475034876926974,0.500572020375002,0.272897583809121,0.26034864563871,"Blastomere B"
"B2",11.1059314,"Intermediate_neuronal_progenitors",0.789331484817023,0.488023082204591,0.475034876926974,0.500572020375002,0.301308402612432,0.288759464442021,"Blastomere B"
"B2",11.1059314,"Intestine",0.484371477177233,0.488023082204591,0.475034876926974,0.500572020375002,-0.00365160502735823,-0.0162005431977695,"Blastomere B"
"B2",11.1059314,"Lung_and_airway",0.546014864946522,0.488023082204591,0.475034876926974,0.500572020375002,0.0579917827419316,0.0454428445715203,"Blastomere B"
"B2",11.1059314,"Mast_cells",0.320990458882326,0.488023082204591,0.475034876926974,0.500572020375002,-0.167032623322265,-0.179581561492676,"Blastomere B"
"B2",11.1059314,"Megakaryocytes",0.491543698592157,0.488023082204591,0.475034876926974,0.500572020375002,0.00352061638756579,-0.00902832178284552,"Blastomere B"
"B2",11.1059314,"Mesoderm",0.732073642568738,0.488023082204591,0.475034876926974,0.500572020375002,0.244050560364147,0.231501622193736,"Blastomere B"
"B2",11.1059314,"Muscle_cells",0.637532571324074,0.488023082204591,0.475034876926974,0.500572020375002,0.149509489119484,0.136960550949072,"Blastomere B"
"B2",11.1059314,"Neural_crest_PNS_glia",0.603840247894369,0.488023082204591,0.475034876926974,0.500572020375002,0.115817165689778,0.103268227519367,"Blastomere B"
"B2",11.1059314,"Neural_crest_PNS_neurons",0.613213301749642,0.488023082204591,0.475034876926974,0.500572020375002,0.125190219545051,0.112641281374639,"Blastomere B"
"B2",11.1059314,"Neuroectoderm_and_glia",0.774092144717642,0.488023082204591,0.475034876926974,0.500572020375002,0.286069062513051,0.27352012434264,"Blastomere B"
"B2",11.1059314,"Olfactory_sensory_neurons",0.719474648965137,0.488023082204591,0.475034876926974,0.500572020375002,0.231451566760546,0.218902628590135,"Blastomere B"
"B2",11.1059314,"White_blood_cells",0.59063639983213,0.488023082204591,0.475034876926974,0.500572020375002,0.102613317627539,0.0900643794571278,"Blastomere B"
"B2",11.2383808,"CNS_neurons",0.75679777030007,0.489111678573851,0.47629597321222,0.502119394852619,0.267686091726218,0.25467837544745,"Blastomere B"
"B2",11.2383808,"Definitive_erythroid",0.596416040100251,0.489111678573851,0.47629597321222,0.502119394852619,0.107304361526399,0.0942966452476315,"Blastomere B"
"B2",11.2383808,"Endothelium",0.521751451596817,0.489111678573851,0.47629597321222,0.502119394852619,0.0326397730229659,0.0196320567441981,"Blastomere B"
"B2",11.2383808,"Ependymal_cells",0.418417220260538,0.489111678573851,0.47629597321222,0.502119394852619,-0.0706944583133132,-0.0837021745920811,"Blastomere B"
"B2",11.2383808,"Epithelium",0.70081186502177,0.489111678573851,0.47629597321222,0.502119394852619,0.211700186447919,0.198692470169151,"Blastomere B"
"B2",11.2383808,"Eye_and_other",0.690033409102508,0.489111678573851,0.47629597321222,0.502119394852619,0.200921730528657,0.187914014249889,"Blastomere B"
"B2",11.2383808,"Hepatocytes",0.76729213483146,0.489111678573851,0.47629597321222,0.502119394852619,0.278180456257609,0.265172739978841,"Blastomere B"
"B2",11.2383808,"Intermediate_neuronal_progenitors",0.795741554486872,0.489111678573851,0.47629597321222,0.502119394852619,0.306629875913021,0.293622159634253,"Blastomere B"
"B2",11.2383808,"Intestine",0.486559194570689,0.489111678573851,0.47629597321222,0.502119394852619,-0.00255248400316227,-0.0155602002819301,"Blastomere B"
"B2",11.2383808,"Lung_and_airway",0.550966099733889,0.489111678573851,0.47629597321222,0.502119394852619,0.0618544211600374,0.0488467048812695,"Blastomere B"
"B2",11.2383808,"Mast_cells",0.329156038593767,0.489111678573851,0.47629597321222,0.502119394852619,-0.159955639980084,-0.172963356258852,"Blastomere B"
"B2",11.2383808,"Megakaryocytes",0.498795322324734,0.489111678573851,0.47629597321222,0.502119394852619,0.00968364375088271,-0.00332407252788514,"Blastomere B"
"B2",11.2383808,"Mesoderm",0.735080409196853,0.489111678573851,0.47629597321222,0.502119394852619,0.245968730623002,0.232961014344234,"Blastomere B"
"B2",11.2383808,"Muscle_cells",0.640212095540599,0.489111678573851,0.47629597321222,0.502119394852619,0.151100416966748,0.13809270068798,"Blastomere B"
"B2",11.2383808,"Neural_crest_PNS_glia",0.607395190705633,0.489111678573851,0.47629597321222,0.502119394852619,0.118283512131782,0.105275795853014,"Blastomere B"
"B2",11.2383808,"Neural_crest_PNS_neurons",0.617413597349248,0.489111678573851,0.47629597321222,0.502119394852619,0.128301918775397,0.115294202496629,"Blastomere B"
"B2",11.2383808,"Neuroectoderm_and_glia",0.779446621650733,0.489111678573851,0.47629597321222,0.502119394852619,0.290334943076882,0.277327226798114,"Blastomere B"
"B2",11.2383808,"Olfactory_sensory_neurons",0.723340352815273,0.489111678573851,0.47629597321222,0.502119394852619,0.234228674241421,0.221220957962653,"Blastomere B"
"B2",11.2383808,"White_blood_cells",0.596604834690993,0.489111678573851,0.47629597321222,0.502119394852619,0.107493156117141,0.0944854398383734,"Blastomere B"
"B2",11.3708302,"CNS_neurons",0.760723885346297,0.490051512390321,0.477222270135189,0.502917625104052,0.270672372955976,0.257806260242245,"Blastomere B"
"B2",11.3708302,"Definitive_erythroid",0.612133982643441,0.490051512390321,0.477222270135189,0.502917625104052,0.12208247025312,0.109216357539389,"Blastomere B"
"B2",11.3708302,"Endothelium",0.525328777797758,0.490051512390321,0.477222270135189,0.502917625104052,0.0352772654074369,0.0224111526937059,"Blastomere B"
"B2",11.3708302,"Ependymal_cells",0.422082377619636,0.490051512390321,0.477222270135189,0.502917625104052,-0.0679691347706855,-0.0808352474844165,"Blastomere B"
"B2",11.3708302,"Epithelium",0.703706550042365,0.490051512390321,0.477222270135189,0.502917625104052,0.213655037652044,0.200788924938313,"Blastomere B"
"B2",11.3708302,"Eye_and_other",0.699734106840706,0.490051512390321,0.477222270135189,0.502917625104052,0.209682594450384,0.196816481736653,"Blastomere B"
"B2",11.3708302,"Hepatocytes",0.772239085239085,0.490051512390321,0.477222270135189,0.502917625104052,0.282187572848764,0.269321460135033,"Blastomere B"
"B2",11.3708302,"Intermediate_neuronal_progenitors",0.80074852188234,0.490051512390321,0.477222270135189,0.502917625104052,0.310697009492018,0.297830896778287,"Blastomere B"
"B2",11.3708302,"Intestine",0.490138226497454,0.490051512390321,0.477222270135189,0.502917625104052,8.67141071322908e-05,-0.0127793986065987,"Blastomere B"
"B2",11.3708302,"Lung_and_airway",0.558952449647672,0.490051512390321,0.477222270135189,0.502917625104052,0.068900937257351,0.05603482454362,"Blastomere B"
"B2",11.3708302,"Mast_cells",0.350832266325224,0.490051512390321,0.477222270135189,0.502917625104052,-0.139219246065097,-0.152085358778828,"Blastomere B"
"B2",11.3708302,"Megakaryocytes",0.508073744437381,0.490051512390321,0.477222270135189,0.502917625104052,0.0180222320470595,0.00515611933332849,"Blastomere B"
"B2",11.3708302,"Mesoderm",0.737716806757672,0.490051512390321,0.477222270135189,0.502917625104052,0.247665294367351,0.23479918165362,"Blastomere B"
"B2",11.3708302,"Muscle_cells",0.64358007115627,0.490051512390321,0.477222270135189,0.502917625104052,0.153528558765948,0.140662446052217,"Blastomere B"
"B2",11.3708302,"Neural_crest_PNS_glia",0.610130341710232,0.490051512390321,0.477222270135189,0.502917625104052,0.12007882931991,0.107212716606179,"Blastomere B"
"B2",11.3708302,"Neural_crest_PNS_neurons",0.621702595620776,0.490051512390321,0.477222270135189,0.502917625104052,0.131651083230455,0.118784970516724,"Blastomere B"
"B2",11.3708302,"Neuroectoderm_and_glia",0.784191083913414,0.490051512390321,0.477222270135189,0.502917625104052,0.294139571523093,0.281273458809361,"Blastomere B"
"B2",11.3708302,"Olfactory_sensory_neurons",0.725048445530373,0.490051512390321,0.477222270135189,0.502917625104052,0.234996933140052,0.222130820426321,"Blastomere B"
"B2",11.3708302,"White_blood_cells",0.609352204475265,0.490051512390321,0.477222270135189,0.502917625104052,0.119300692084943,0.106434579371212,"Blastomere B"
"B2",11.5032796,"CNS_neurons",0.763984040157871,0.491037645712893,0.47847006732571,0.503735267281972,0.272946394444978,0.260248772875899,"Blastomere B"
"B2",11.5032796,"Definitive_erythroid",0.62683352402746,0.491037645712893,0.47847006732571,0.503735267281972,0.135795878314567,0.123098256745488,"Blastomere B"
"B2",11.5032796,"Endothelium",0.527621072525396,0.491037645712893,0.47847006732571,0.503735267281972,0.0365834268125031,0.0238858052434238,"Blastomere B"
"B2",11.5032796,"Ependymal_cells",0.425661482723401,0.491037645712893,0.47847006732571,0.503735267281972,-0.0653761629894916,-0.078073784558571,"Blastomere B"
"B2",11.5032796,"Epithelium",0.70639903247924,0.491037645712893,0.47847006732571,0.503735267281972,0.215361386766348,0.202663765197268,"Blastomere B"
"B2",11.5032796,"Eye_and_other",0.705837384840161,0.491037645712893,0.47847006732571,0.503735267281972,0.214799739127268,0.202102117558189,"Blastomere B"
"B2",11.5032796,"Hepatocytes",0.777857142857143,0.491037645712893,0.47847006732571,0.503735267281972,0.28681949714425,0.274121875575171,"Blastomere B"
"B2",11.5032796,"Intermediate_neuronal_progenitors",0.806331367940014,0.491037645712893,0.47847006732571,0.503735267281972,0.315293722227121,0.302596100658042,"Blastomere B"
"B2",11.5032796,"Intestine",0.491425347117264,0.491037645712893,0.47847006732571,0.503735267281972,0.000387701404371499,-0.0123099201647078,"Blastomere B"
"B2",11.5032796,"Lung_and_airway",0.568123667377399,0.491037645712893,0.47847006732571,0.503735267281972,0.0770860216645061,0.0643884000954268,"Blastomere B"
"B2",11.5032796,"Mast_cells",0.359776304888152,0.491037645712893,0.47847006732571,0.503735267281972,-0.13126134082474,-0.143958962393819,"Blastomere B"
"B2",11.5032796,"Megakaryocytes",0.518554242692174,0.491037645712893,0.47847006732571,0.503735267281972,0.027516596979281,0.0148189754102017,"Blastomere B"
"B2",11.5032796,"Mesoderm",0.74026834474004,0.491037645712893,0.47847006732571,0.503735267281972,0.249230699027148,0.236533077458068,"Blastomere B"
"B2",11.5032796,"Muscle_cells",0.647668580128988,0.491037645712893,0.47847006732571,0.503735267281972,0.156630934416095,0.143933312847016,"Blastomere B"
"B2",11.5032796,"Neural_crest_PNS_glia",0.614079657829279,0.491037645712893,0.47847006732571,0.503735267281972,0.123042012116386,0.110344390547307,"Blastomere B"
"B2",11.5032796,"Neural_crest_PNS_neurons",0.6251207198686,0.491037645712893,0.47847006732571,0.503735267281972,0.134083074155707,0.121385452586628,"Blastomere B"
"B2",11.5032796,"Neuroectoderm_and_glia",0.788431467022551,0.491037645712893,0.47847006732571,0.503735267281972,0.297393821309659,0.284696199740579,"Blastomere B"
"B2",11.5032796,"Olfactory_sensory_neurons",0.725982550893228,0.491037645712893,0.47847006732571,0.503735267281972,0.234944905180335,0.222247283611256,"Blastomere B"
"B2",11.5032796,"White_blood_cells",0.6198892562851,0.491037645712893,0.47847006732571,0.503735267281972,0.128851610572207,0.116153989003128,"Blastomere B"
"B2",11.635729,"CNS_neurons",0.767155267682711,0.491844400745183,0.479091933494422,0.504769362121303,0.275310866937528,0.262385905561408,"Blastomere B"
"B2",11.635729,"Definitive_erythroid",0.644211576846307,0.491844400745183,0.479091933494422,0.504769362121303,0.152367176101125,0.139442214725005,"Blastomere B"
"B2",11.635729,"Endothelium",0.52965852928312,0.491844400745183,0.479091933494422,0.504769362121303,0.0378141285379369,0.0248891671618169,"Blastomere B"
"B2",11.635729,"Ependymal_cells",0.433494944939302,0.491844400745183,0.479091933494422,0.504769362121303,-0.0583494558058812,-0.0712744171820012,"Blastomere B"
"B2",11.635729,"Epithelium",0.708588526410842,0.491844400745183,0.479091933494422,0.504769362121303,0.216744125665659,0.203819164289539,"Blastomere B"
"B2",11.635729,"Eye_and_other",0.710225391745752,0.491844400745183,0.479091933494422,0.504769362121303,0.218380991000569,0.205456029624449,"Blastomere B"
"B2",11.635729,"Hepatocytes",0.781713532513181,0.491844400745183,0.479091933494422,0.504769362121303,0.289869131767998,0.276944170391878,"Blastomere B"
"B2",11.635729,"Intermediate_neuronal_progenitors",0.81088510830849,0.491844400745183,0.479091933494422,0.504769362121303,0.319040707563307,0.306115746187187,"Blastomere B"
"B2",11.635729,"Intestine",0.489528377298162,0.491844400745183,0.479091933494422,0.504769362121303,-0.00231602344702136,-0.0152409848231413,"Blastomere B"
"B2",11.635729,"Lung_and_airway",0.578535891968728,0.491844400745183,0.479091933494422,0.504769362121303,0.0866914912235449,0.0737665298474249,"Blastomere B"
"B2",11.635729,"Mast_cells",0.364373290100314,0.491844400745183,0.479091933494422,0.504769362121303,-0.127471110644869,-0.140396072020989,"Blastomere B"
"B2",11.635729,"Megakaryocytes",0.526118690053116,0.491844400745183,0.479091933494422,0.504769362121303,0.0342742893079334,0.0213493279318134,"Blastomere B"
"B2",11.635729,"Mesoderm",0.7423576681255,0.491844400745183,0.479091933494422,0.504769362121303,0.250513267380317,0.237588306004197,"Blastomere B"
"B2",11.635729,"Muscle_cells",0.650090957692388,0.491844400745183,0.479091933494422,0.504769362121303,0.158246556947206,0.145321595571086,"Blastomere B"
"B2",11.635729,"Neural_crest_PNS_glia",0.618467002322467,0.491844400745183,0.479091933494422,0.504769362121303,0.126622601577284,0.113697640201164,"Blastomere B"
"B2",11.635729,"Neural_crest_PNS_neurons",0.628158317511319,0.491844400745183,0.479091933494422,0.504769362121303,0.136313916766136,0.123388955390016,"Blastomere B"
"B2",11.635729,"Neuroectoderm_and_glia",0.792654513185762,0.491844400745183,0.479091933494422,0.504769362121303,0.300810112440579,0.287885151064459,"Blastomere B"
"B2",11.635729,"Olfactory_sensory_neurons",0.728303588686296,0.491844400745183,0.479091933494422,0.504769362121303,0.236459187941113,0.223534226564993,"Blastomere B"
"B2",11.635729,"White_blood_cells",0.632642004334301,0.491844400745183,0.479091933494422,0.504769362121303,0.140797603589118,0.127872642212998,"Blastomere B"
"B2",11.7681784,"CNS_neurons",0.770090988452717,0.492689206464375,0.479919192300384,0.505641460864634,0.277401781988341,0.264449527588082,"Blastomere B"
"B2",11.7681784,"Definitive_erythroid",0.663857845328565,0.492689206464375,0.479919192300384,0.505641460864634,0.17116863886419,0.158216384463931,"Blastomere B"
"B2",11.7681784,"Endothelium",0.532662294748615,0.492689206464375,0.479919192300384,0.505641460864634,0.0399730882842393,0.0270208338839805,"Blastomere B"
"B2",11.7681784,"Ependymal_cells",0.435000373775884,0.492689206464375,0.479919192300384,0.505641460864634,-0.0576888326884914,-0.0706410870887502,"Blastomere B"
"B2",11.7681784,"Epithelium",0.711521071190575,0.492689206464375,0.479919192300384,0.505641460864634,0.2188318647262,0.205879610325941,"Blastomere B"
"B2",11.7681784,"Eye_and_other",0.714558482080487,0.492689206464375,0.479919192300384,0.505641460864634,0.221869275616111,0.208917021215852,"Blastomere B"
"B2",11.7681784,"Hepatocytes",0.786051273782651,0.492689206464375,0.479919192300384,0.505641460864634,0.293362067318275,0.280409812918017,"Blastomere B"
"B2",11.7681784,"Intermediate_neuronal_progenitors",0.815286290270454,0.492689206464375,0.479919192300384,0.505641460864634,0.322597083806079,0.30964482940582,"Blastomere B"
"B2",11.7681784,"Intestine",0.494293879964522,0.492689206464375,0.479919192300384,0.505641460864634,0.00160467350014615,-0.0113475809001127,"Blastomere B"
"B2",11.7681784,"Lung_and_airway",0.581350672380671,0.492689206464375,0.479919192300384,0.505641460864634,0.0886614659162955,0.0757092115160367,"Blastomere B"
"B2",11.7681784,"Mast_cells",0.367182113660987,0.492689206464375,0.479919192300384,0.505641460864634,-0.125507092803389,-0.138459347203647,"Blastomere B"
"B2",11.7681784,"Megakaryocytes",0.526393538318581,0.492689206464375,0.479919192300384,0.505641460864634,0.0337043318542055,0.0207520774539467,"Blastomere B"
"B2",11.7681784,"Mesoderm",0.744607965839888,0.492689206464375,0.479919192300384,0.505641460864634,0.251918759375512,0.238966504975253,"Blastomere B"
"B2",11.7681784,"Muscle_cells",0.652924260366472,0.492689206464375,0.479919192300384,0.505641460864634,0.160235053902097,0.147282799501838,"Blastomere B"
"B2",11.7681784,"Neural_crest_PNS_glia",0.621061163870644,0.492689206464375,0.479919192300384,0.505641460864634,0.128371957406268,0.11541970300601,"Blastomere B"
"B2",11.7681784,"Neural_crest_PNS_neurons",0.630624111961978,0.492689206464375,0.479919192300384,0.505641460864634,0.137934905497603,0.124982651097344,"Blastomere B"
"B2",11.7681784,"Neuroectoderm_and_glia",0.796403970840388,0.492689206464375,0.479919192300384,0.505641460864634,0.303714764376012,0.290762509975754,"Blastomere B"
"B2",11.7681784,"Olfactory_sensory_neurons",0.730388219544846,0.492689206464375,0.479919192300384,0.505641460864634,0.237699013080471,0.224746758680212,"Blastomere B"
"B2",11.7681784,"White_blood_cells",0.643946440899677,0.492689206464375,0.479919192300384,0.505641460864634,0.151257234435301,0.138304980035042,"Blastomere B"
"B2",11.9006278,"CNS_neurons",0.772973567051659,0.493210369708135,0.48024202703727,0.506013025955919,0.279763197343524,0.26696054109574,"Blastomere B"
"B2",11.9006278,"Definitive_erythroid",0.677385136293502,0.493210369708135,0.48024202703727,0.506013025955919,0.184174766585367,0.171372110337584,"Blastomere B"
"B2",11.9006278,"Endothelium",0.534329097210761,0.493210369708135,0.48024202703727,0.506013025955919,0.0411187275026256,0.0283160712548419,"Blastomere B"
"B2",11.9006278,"Ependymal_cells",0.434452371734602,0.493210369708135,0.48024202703727,0.506013025955919,-0.0587579979735336,-0.0715606542213172,"Blastomere B"
"B2",11.9006278,"Epithelium",0.713721097285616,0.493210369708135,0.48024202703727,0.506013025955919,0.220510727577481,0.207708071329697,"Blastomere B"
"B2",11.9006278,"Eye_and_other",0.718322241973471,0.493210369708135,0.48024202703727,0.506013025955919,0.225111872265335,0.212309216017552,"Blastomere B"
"B2",11.9006278,"Hepatocytes",0.789699191858725,0.493210369708135,0.48024202703727,0.506013025955919,0.29648882215059,0.283686165902806,"Blastomere B"
"B2",11.9006278,"Intermediate_neuronal_progenitors",0.819074092959296,0.493210369708135,0.48024202703727,0.506013025955919,0.325863723251161,0.313061067003377,"Blastomere B"
"B2",11.9006278,"Intestine",0.496030423617509,0.493210369708135,0.48024202703727,0.506013025955919,0.0028200539093739,-0.00998260233840975,"Blastomere B"
"B2",11.9006278,"Lung_and_airway",0.585416864720981,0.493210369708135,0.48024202703727,0.506013025955919,0.0922064950128458,0.0794038387650622,"Blastomere B"
"B2",11.9006278,"Mast_cells",0.370441829056531,0.493210369708135,0.48024202703727,0.506013025955919,-0.122768540651604,-0.135571196899388,"Blastomere B"
"B2",11.9006278,"Megakaryocytes",0.537211580689842,0.493210369708135,0.48024202703727,0.506013025955919,0.0440012109817063,0.0311985547339226,"Blastomere B"
"B2",11.9006278,"Mesoderm",0.746474868018833,0.493210369708135,0.48024202703727,0.506013025955919,0.253264498310698,0.240461842062914,"Blastomere B"
"B2",11.9006278,"Muscle_cells",0.655673877519712,0.493210369708135,0.48024202703727,0.506013025955919,0.162463507811577,0.149660851563793,"Blastomere B"
"B2",11.9006278,"Neural_crest_PNS_glia",0.623829512764081,0.493210369708135,0.48024202703727,0.506013025955919,0.130619143055945,0.117816486808162,"Blastomere B"
"B2",11.9006278,"Neural_crest_PNS_neurons",0.632353391376756,0.493210369708135,0.48024202703727,0.506013025955919,0.13914302166862,0.126340365420837,"Blastomere B"
"B2",11.9006278,"Neuroectoderm_and_glia",0.800216074268207,0.493210369708135,0.48024202703727,0.506013025955919,0.307005704560072,0.294203048312288,"Blastomere B"
"B2",11.9006278,"Olfactory_sensory_neurons",0.733126383083354,0.493210369708135,0.48024202703727,0.506013025955919,0.239916013375219,0.227113357127435,"Blastomere B"
"B2",11.9006278,"White_blood_cells",0.654314096245784,0.493210369708135,0.48024202703727,0.506013025955919,0.161103726537649,0.148301070289865,"Blastomere B"
"B2",12.0330772,"CNS_neurons",0.775575431872887,0.493800421413332,0.48109738802583,0.507009609175426,0.281775010459555,0.268565822697461,"Blastomere B"
"B2",12.0330772,"Definitive_erythroid",0.697067831215971,0.493800421413332,0.48109738802583,0.507009609175426,0.203267409802639,0.190058222040545,"Blastomere B"
"B2",12.0330772,"Endothelium",0.535885477393445,0.493800421413332,0.48109738802583,0.507009609175426,0.042085055980113,0.028875868218019,"Blastomere B"
"B2",12.0330772,"Ependymal_cells",0.437532002048131,0.493800421413332,0.48109738802583,0.507009609175426,-0.0562684193652007,-0.0694776071272947,"Blastomere B"
"B2",12.0330772,"Epithelium",0.716558608967993,0.493800421413332,0.48109738802583,0.507009609175426,0.222758187554662,0.209548999792568,"Blastomere B"
"B2",12.0330772,"Eye_and_other",0.721990072075609,0.493800421413332,0.48109738802583,0.507009609175426,0.228189650662278,0.214980462900184,"Blastomere B"
"B2",12.0330772,"Hepatocytes",0.792244160177975,0.493800421413332,0.48109738802583,0.507009609175426,0.298443738764644,0.28523455100255,"Blastomere B"
"B2",12.0330772,"Intermediate_neuronal_progenitors",0.822527919985855,0.493800421413332,0.48109738802583,0.507009609175426,0.328727498572524,0.31551831081043,"Blastomere B"
"B2",12.0330772,"Intestine",0.494995308101345,0.493800421413332,0.48109738802583,0.507009609175426,0.00119488668801337,-0.0120143010740806,"Blastomere B"
"B2",12.0330772,"Lung_and_airway",0.59610760785737,0.493800421413332,0.48109738802583,0.507009609175426,0.102307186444038,0.0890979986819439,"Blastomere B"
"B2",12.0330772,"Mast_cells",0.390549750113585,0.493800421413332,0.48109738802583,0.507009609175426,-0.103250671299747,-0.116459859061841,"Blastomere B"
"B2",12.0330772,"Megakaryocytes",0.541119948753537,0.493800421413332,0.48109738802583,0.507009609175426,0.0473195273402048,0.0341103395781108,"Blastomere B"
"B2",12.0330772,"Mesoderm",0.74826461162081,0.493800421413332,0.48109738802583,0.507009609175426,0.254464190207479,0.241255002445385,"Blastomere B"
"B2",12.0330772,"Muscle_cells",0.657771708104265,0.493800421413332,0.48109738802583,0.507009609175426,0.163971286690934,0.15076209892884,"Blastomere B"
"B2",12.0330772,"Neural_crest_PNS_glia",0.625334740331311,0.493800421413332,0.48109738802583,0.507009609175426,0.13153431891798,0.118325131155885,"Blastomere B"
"B2",12.0330772,"Neural_crest_PNS_neurons",0.634124405486641,0.493800421413332,0.48109738802583,0.507009609175426,0.14032398407331,0.127114796311216,"Blastomere B"
"B2",12.0330772,"Neuroectoderm_and_glia",0.803373873476529,0.493800421413332,0.48109738802583,0.507009609175426,0.309573452063197,0.296364264301103,"Blastomere B"
"B2",12.0330772,"Olfactory_sensory_neurons",0.734200883634664,0.493800421413332,0.48109738802583,0.507009609175426,0.240400462221332,0.227191274459238,"Blastomere B"
"B2",12.0330772,"White_blood_cells",0.662481656361482,0.493800421413332,0.48109738802583,0.507009609175426,0.16868123494815,0.155472047186056,"Blastomere B"
"B2",12.1655266,"CNS_neurons",0.778295497619619,0.494379561477814,0.481366923944374,0.507122746635606,0.283915936141805,0.271172750984013,"Blastomere B"
"B2",12.1655266,"Definitive_erythroid",0.710725228961758,0.494379561477814,0.481366923944374,0.507122746635606,0.216345667483944,0.203602482326152,"Blastomere B"
"B2",12.1655266,"Endothelium",0.536594323269442,0.494379561477814,0.481366923944374,0.507122746635606,0.0422147617916286,0.029471576633836,"Blastomere B"
"B2",12.1655266,"Ependymal_cells",0.441617495804688,0.494379561477814,0.481366923944374,0.507122746635606,-0.0527620656731258,-0.0655052508309184,"Blastomere B"
"B2",12.1655266,"Epithelium",0.718503623547396,0.494379561477814,0.481366923944374,0.507122746635606,0.224124062069582,0.21138087691179,"Blastomere B"
"B2",12.1655266,"Eye_and_other",0.724173946936501,0.494379561477814,0.481366923944374,0.507122746635606,0.229794385458687,0.217051200300895,"Blastomere B"
"B2",12.1655266,"Hepatocytes",0.793235140089029,0.494379561477814,0.481366923944374,0.507122746635606,0.298855578611215,0.286112393453422,"Blastomere B"
"B2",12.1655266,"Intermediate_neuronal_progenitors",0.825665203432359,0.494379561477814,0.481366923944374,0.507122746635606,0.331285641954545,0.318542456796753,"Blastomere B"
"B2",12.1655266,"Intestine",0.496577401151855,0.494379561477814,0.481366923944374,0.507122746635606,0.00219783967404097,-0.0105453454837516,"Blastomere B"
"B2",12.1655266,"Lung_and_airway",0.601755926251097,0.494379561477814,0.481366923944374,0.507122746635606,0.107376364773284,0.094633179615491,"Blastomere B"
"B2",12.1655266,"Mast_cells",0.395783506067854,0.494379561477814,0.481366923944374,0.507122746635606,-0.0985960554099602,-0.111339240567753,"Blastomere B"
"B2",12.1655266,"Megakaryocytes",0.552868335103292,0.494379561477814,0.481366923944374,0.507122746635606,0.0584887736254782,0.0457455884676856,"Blastomere B"
"B2",12.1655266,"Mesoderm",0.749797527403174,0.494379561477814,0.481366923944374,0.507122746635606,0.25541796592536,0.242674780767568,"Blastomere B"
"B2",12.1655266,"Muscle_cells",0.659872347832504,0.494379561477814,0.481366923944374,0.507122746635606,0.16549278635469,0.152749601196898,"Blastomere B"
"B2",12.1655266,"Neural_crest_PNS_glia",0.627575282131535,0.494379561477814,0.481366923944374,0.507122746635606,0.133195720653721,0.120452535495929,"Blastomere B"
"B2",12.1655266,"Neural_crest_PNS_neurons",0.636361122756359,0.494379561477814,0.481366923944374,0.507122746635606,0.141981561278546,0.129238376120753,"Blastomere B"
"B2",12.1655266,"Neuroectoderm_and_glia",0.806592535475713,0.494379561477814,0.481366923944374,0.507122746635606,0.3122129739979,0.299469788840107,"Blastomere B"
"B2",12.1655266,"Olfactory_sensory_neurons",0.735695549726582,0.494379561477814,0.481366923944374,0.507122746635606,0.241315988248768,0.228572803090975,"Blastomere B"
"B2",12.1655266,"White_blood_cells",0.672032528595325,0.494379561477814,0.481366923944374,0.507122746635606,0.177652967117511,0.164909781959719,"Blastomere B"
"B2",12.297976,"CNS_neurons",0.780365834267594,0.494853711643127,0.481972768054498,0.507885114898843,0.285512122624467,0.27248071936875,"Blastomere B"
"B2",12.297976,"Definitive_erythroid",0.728273660674885,0.494853711643127,0.481972768054498,0.507885114898843,0.233419949031758,0.220388545776041,"Blastomere B"
"B2",12.297976,"Endothelium",0.538186302256004,0.494853711643127,0.481972768054498,0.507885114898843,0.0433325906128772,0.0303011873571605,"Blastomere B"
"B2",12.297976,"Ependymal_cells",0.447987528344671,0.494853711643127,0.481972768054498,0.507885114898843,-0.0468661832984556,-0.0598975865541723,"Blastomere B"
"B2",12.297976,"Epithelium",0.720242288978999,0.494853711643127,0.481972768054498,0.507885114898843,0.225388577335872,0.212357174080155,"Blastomere B"
"B2",12.297976,"Eye_and_other",0.727008105788109,0.494853711643127,0.481972768054498,0.507885114898843,0.232154394144982,0.219122990889266,"Blastomere B"
"B2",12.297976,"Hepatocytes",0.795643649815043,0.494853711643127,0.481972768054498,0.507885114898843,0.300789938171916,0.2877585349162,"Blastomere B"
"B2",12.297976,"Intermediate_neuronal_progenitors",0.82851482592366,0.494853711643127,0.481972768054498,0.507885114898843,0.333661114280533,0.320629711024817,"Blastomere B"
"B2",12.297976,"Intestine",0.499234654829328,0.494853711643127,0.481972768054498,0.507885114898843,0.00438094318620119,-0.00865046006951553,"Blastomere B"
"B2",12.297976,"Lung_and_airway",0.606477697965504,0.494853711643127,0.481972768054498,0.507885114898843,0.111623986322377,0.0985925830666604,"Blastomere B"
"B2",12.297976,"Mast_cells",0.408794228787358,0.494853711643127,0.481972768054498,0.507885114898843,-0.0860594828557684,-0.0990908861114851,"Blastomere B"
"B2",12.297976,"Megakaryocytes",0.561705500976756,0.494853711643127,0.481972768054498,0.507885114898843,0.0668517893336293,0.0538203860779126,"Blastomere B"
"B2",12.297976,"Mesoderm",0.750977208053203,0.494853711643127,0.481972768054498,0.507885114898843,0.256123496410076,0.24309209315436,"Blastomere B"
"B2",12.297976,"Muscle_cells",0.662337112725569,0.494853711643127,0.481972768054498,0.507885114898843,0.167483401082442,0.154451997826726,"Blastomere B"
"B2",12.297976,"Neural_crest_PNS_glia",0.629224428997021,0.494853711643127,0.481972768054498,0.507885114898843,0.134370717353894,0.121339314098178,"Blastomere B"
"B2",12.297976,"Neural_crest_PNS_neurons",0.638167491490878,0.494853711643127,0.481972768054498,0.507885114898843,0.143313779847751,0.130282376592035,"Blastomere B"
"B2",12.297976,"Neuroectoderm_and_glia",0.809200060400916,0.494853711643127,0.481972768054498,0.507885114898843,0.314346348757789,0.301314945502072,"Blastomere B"
"B2",12.297976,"Olfactory_sensory_neurons",0.736401918353024,0.494853711643127,0.481972768054498,0.507885114898843,0.241548206709897,0.22851680345418,"Blastomere B"
"B2",12.297976,"White_blood_cells",0.681470691543214,0.494853711643127,0.481972768054498,0.507885114898843,0.186616979900087,0.17358557664437,"Blastomere B"
"B2",12.4304254,"CNS_neurons",0.78258730728546,0.495444135050047,0.482603759019867,0.508384532750543,0.287143172235412,0.274202774534916,"Blastomere B"
"B2",12.4304254,"Definitive_erythroid",0.748781215799423,0.495444135050047,0.482603759019867,0.508384532750543,0.253337080749376,0.24039668304888,"Blastomere B"
"B2",12.4304254,"Endothelium",0.540031451373993,0.495444135050047,0.482603759019867,0.508384532750543,0.0445873163239456,0.0316469186234497,"Blastomere B"
"B2",12.4304254,"Ependymal_cells",0.450203731878355,0.495444135050047,0.482603759019867,0.508384532750543,-0.0452404031716919,-0.0581808008721878,"Blastomere B"
"B2",12.4304254,"Epithelium",0.721997560717547,0.495444135050047,0.482603759019867,0.508384532750543,0.2265534256675,0.213613027967004,"Blastomere B"
"B2",12.4304254,"Eye_and_other",0.729859693803385,0.495444135050047,0.482603759019867,0.508384532750543,0.234415558753338,0.221475161052842,"Blastomere B"
"B2",12.4304254,"Hepatocytes",0.798320167286245,0.495444135050047,0.482603759019867,0.508384532750543,0.302876032236198,0.289935634535702,"Blastomere B"
"B2",12.4304254,"Intermediate_neuronal_progenitors",0.830871979564836,0.495444135050047,0.482603759019867,0.508384532750543,0.335427844514788,0.322487446814292,"Blastomere B"
"B2",12.4304254,"Intestine",0.498077728293556,0.495444135050047,0.482603759019867,0.508384532750543,0.0026335932435082,-0.0103068044569877,"Blastomere B"
"B2",12.4304254,"Lung_and_airway",0.610766392755325,0.495444135050047,0.482603759019867,0.508384532750543,0.115322257705277,0.102381860004781,"Blastomere B"
"B2",12.4304254,"Mast_cells",0.430560104814936,0.495444135050047,0.482603759019867,0.508384532750543,-0.0648840302351112,-0.0778244279356072,"Blastomere B"
"B2",12.4304254,"Megakaryocytes",0.570326580635859,0.495444135050047,0.482603759019867,0.508384532750543,0.0748824455858116,0.0619420478853157,"Blastomere B"
"B2",12.4304254,"Mesoderm",0.752282660946633,0.495444135050047,0.482603759019867,0.508384532750543,0.256838525896586,0.24389812819609,"Blastomere B"
"B2",12.4304254,"Muscle_cells",0.664057135008927,0.495444135050047,0.482603759019867,0.508384532750543,0.16861299995888,0.155672602258384,"Blastomere B"
"B2",12.4304254,"Neural_crest_PNS_glia",0.630288139599007,0.495444135050047,0.482603759019867,0.508384532750543,0.13484400454896,0.121903606848464,"Blastomere B"
"B2",12.4304254,"Neural_crest_PNS_neurons",0.640297735422274,0.495444135050047,0.482603759019867,0.508384532750543,0.144853600372227,0.131913202671731,"Blastomere B"
"B2",12.4304254,"Neuroectoderm_and_glia",0.811805025661395,0.495444135050047,0.482603759019867,0.508384532750543,0.316360890611348,0.303420492910852,"Blastomere B"
"B2",12.4304254,"Olfactory_sensory_neurons",0.736880213160333,0.495444135050047,0.482603759019867,0.508384532750543,0.241436078110286,0.22849568040979,"Blastomere B"
"B2",12.4304254,"White_blood_cells",0.691286553552392,0.495444135050047,0.482603759019867,0.508384532750543,0.195842418502345,0.182902020801849,"Blastomere B"
"B2",12.5628748,"CNS_neurons",0.784798106562294,0.495783263800782,0.482636378917021,0.508876742180769,0.289014842761511,0.275921364381525,"Blastomere B"
"B2",12.5628748,"Definitive_erythroid",0.760058649108272,0.495783263800782,0.482636378917021,0.508876742180769,0.26427538530749,0.251181906927503,"Blastomere B"
"B2",12.5628748,"Endothelium",0.540624375956866,0.495783263800782,0.482636378917021,0.508876742180769,0.0448411121560837,0.031747633776097,"Blastomere B"
"B2",12.5628748,"Ependymal_cells",0.452623906705539,0.495783263800782,0.482636378917021,0.508876742180769,-0.0431593570952432,-0.0562528354752299,"Blastomere B"
"B2",12.5628748,"Epithelium",0.723519523171395,0.495783263800782,0.482636378917021,0.508876742180769,0.227736259370612,0.214642780990626,"Blastomere B"
"B2",12.5628748,"Eye_and_other",0.732494732574672,0.495783263800782,0.482636378917021,0.508876742180769,0.236711468773889,0.223617990393903,"Blastomere B"
"B2",12.5628748,"Hepatocytes",0.800756108298481,0.495783263800782,0.482636378917021,0.508876742180769,0.304972844497699,0.291879366117712,"Blastomere B"
"B2",12.5628748,"Intermediate_neuronal_progenitors",0.833221361049645,0.495783263800782,0.482636378917021,0.508876742180769,0.337438097248863,0.324344618868876,"Blastomere B"
"B2",12.5628748,"Intestine",0.50065144734606,0.495783263800782,0.482636378917021,0.508876742180769,0.00486818354527779,-0.00822529483470891,"Blastomere B"
"B2",12.5628748,"Lung_and_airway",0.613163689747981,0.495783263800782,0.482636378917021,0.508876742180769,0.117380425947199,0.104286947567212,"Blastomere B"
"B2",12.5628748,"Mast_cells",0.439180537772087,0.495783263800782,0.482636378917021,0.508876742180769,-0.0566027260286953,-0.069696204408682,"Blastomere B"
"B2",12.5628748,"Megakaryocytes",0.577678731524885,0.495783263800782,0.482636378917021,0.508876742180769,0.0818954677241029,0.0688019893441162,"Blastomere B"
"B2",12.5628748,"Mesoderm",0.753464986444215,0.495783263800782,0.482636378917021,0.508876742180769,0.257681722643433,0.244588244263446,"Blastomere B"
"B2",12.5628748,"Muscle_cells",0.666151285052152,0.495783263800782,0.482636378917021,0.508876742180769,0.17036802125137,0.157274542871383,"Blastomere B"
"B2",12.5628748,"Neural_crest_PNS_glia",0.631179186638413,0.495783263800782,0.482636378917021,0.508876742180769,0.135395922837631,0.122302444457644,"Blastomere B"
"B2",12.5628748,"Neural_crest_PNS_neurons",0.641235347486845,0.495783263800782,0.482636378917021,0.508876742180769,0.145452083686062,0.132358605306075,"Blastomere B"
"B2",12.5628748,"Neuroectoderm_and_glia",0.81417086541657,0.495783263800782,0.482636378917021,0.508876742180769,0.318387601615788,0.305294123235801,"Blastomere B"
"B2",12.5628748,"Olfactory_sensory_neurons",0.738746702787481,0.495783263800782,0.482636378917021,0.508876742180769,0.242963438986699,0.229869960606712,"Blastomere B"
"B2",12.5628748,"White_blood_cells",0.697631908733417,0.495783263800782,0.482636378917021,0.508876742180769,0.201848644932634,0.188755166552648,"Blastomere B"
"B2",12.6953242,"CNS_neurons",0.786658657175385,0.49624448685334,0.483508968243982,0.509126727242621,0.290414170322045,0.277531929932764,"Blastomere B"
"B2",12.6953242,"Definitive_erythroid",0.776455012011356,0.49624448685334,0.483508968243982,0.509126727242621,0.280210525158017,0.267328284768735,"Blastomere B"
"B2",12.6953242,"Endothelium",0.541411801050355,0.49624448685334,0.483508968243982,0.509126727242621,0.0451673141970158,0.0322850738077345,"Blastomere B"
"B2",12.6953242,"Ependymal_cells",0.455388200620298,0.49624448685334,0.483508968243982,0.509126727242621,-0.040856286233041,-0.0537385266223224,"Blastomere B"
"B2",12.6953242,"Epithelium",0.725117769531312,0.49624448685334,0.483508968243982,0.509126727242621,0.228873282677972,0.215991042288691,"Blastomere B"
"B2",12.6953242,"Eye_and_other",0.735635968890141,0.49624448685334,0.483508968243982,0.509126727242621,0.239391482036802,0.22650924164752,"Blastomere B"
"B2",12.6953242,"Hepatocytes",0.803087465997071,0.49624448685334,0.483508968243982,0.509126727242621,0.306842979143731,0.29396073875445,"Blastomere B"
"B2",12.6953242,"Intermediate_neuronal_progenitors",0.834998277578545,0.49624448685334,0.483508968243982,0.509126727242621,0.338753790725205,0.325871550335924,"Blastomere B"
"B2",12.6953242,"Intestine",0.50107348676033,0.49624448685334,0.483508968243982,0.509126727242621,0.00482899990699048,-0.00805324048229084,"Blastomere B"
"B2",12.6953242,"Lung_and_airway",0.61686163775716,0.49624448685334,0.483508968243982,0.509126727242621,0.120617150903821,0.107734910514539,"Blastomere B"
"B2",12.6953242,"Mast_cells",0.462755140468479,0.49624448685334,0.483508968243982,0.509126727242621,-0.0334893463848602,-0.0463715867741415,"Blastomere B"
"B2",12.6953242,"Megakaryocytes",0.581140759588036,0.49624448685334,0.483508968243982,0.509126727242621,0.0848962727346969,0.0720140323454156,"Blastomere B"
"B2",12.6953242,"Mesoderm",0.754568134543536,0.49624448685334,0.483508968243982,0.509126727242621,0.258323647690196,0.245441407300915,"Blastomere B"
"B2",12.6953242,"Muscle_cells",0.668540081707295,0.49624448685334,0.483508968243982,0.509126727242621,0.172295594853955,0.159413354464674,"Blastomere B"
"B2",12.6953242,"Neural_crest_PNS_glia",0.632693679167765,0.49624448685334,0.483508968243982,0.509126727242621,0.136449192314425,0.123566951925144,"Blastomere B"
"B2",12.6953242,"Neural_crest_PNS_neurons",0.641450144444156,0.49624448685334,0.483508968243982,0.509126727242621,0.145205657590817,0.132323417201536,"Blastomere B"
"B2",12.6953242,"Neuroectoderm_and_glia",0.816392835191,0.49624448685334,0.483508968243982,0.509126727242621,0.32014834833766,0.307266107948379,"Blastomere B"
"B2",12.6953242,"Olfactory_sensory_neurons",0.739998590854647,0.49624448685334,0.483508968243982,0.509126727242621,0.243754104001307,0.230871863612026,"Blastomere B"
"B2",12.6953242,"White_blood_cells",0.705488316569551,0.49624448685334,0.483508968243982,0.509126727242621,0.209243829716211,0.19636158932693,"Blastomere B"
"B2",12.8277736,"CNS_neurons",0.788384492517498,0.496539614479212,0.483262582977069,0.5096851004755,0.291844878038286,0.278699392041998,"Blastomere B"
"B2",12.8277736,"Definitive_erythroid",0.78798083390705,0.496539614479212,0.483262582977069,0.5096851004755,0.291441219427838,0.27829573343155,"Blastomere B"
"B2",12.8277736,"Endothelium",0.543410282350777,0.496539614479212,0.483262582977069,0.5096851004755,0.0468706678715656,0.0337251818752772,"Blastomere B"
"B2",12.8277736,"Ependymal_cells",0.458263702503334,0.496539614479212,0.483262582977069,0.5096851004755,-0.0382759119758779,-0.0514213979721663,"Blastomere B"
"B2",12.8277736,"Epithelium",0.726026017439586,0.496539614479212,0.483262582977069,0.5096851004755,0.229486402960375,0.216340916964086,"Blastomere B"
"B2",12.8277736,"Eye_and_other",0.737825746499543,0.496539614479212,0.483262582977069,0.5096851004755,0.241286132020331,0.228140646024042,"Blastomere B"
"B2",12.8277736,"Hepatocytes",0.805183706070287,0.496539614479212,0.483262582977069,0.5096851004755,0.308644091591076,0.295498605594787,"Blastomere B"
"B2",12.8277736,"Intermediate_neuronal_progenitors",0.836831401563386,0.496539614479212,0.483262582977069,0.5096851004755,0.340291787084174,0.327146301087886,"Blastomere B"
"B2",12.8277736,"Intestine",0.502244679452261,0.496539614479212,0.483262582977069,0.5096851004755,0.00570506497304901,-0.00744042102323939,"Blastomere B"
"B2",12.8277736,"Lung_and_airway",0.621481452155667,0.496539614479212,0.483262582977069,0.5096851004755,0.124941837676456,0.111796351680167,"Blastomere B"
"B2",12.8277736,"Mast_cells",0.46997776130467,0.496539614479212,0.483262582977069,0.5096851004755,-0.0265618531745416,-0.03970733917083,"Blastomere B"
"B2",12.8277736,"Megakaryocytes",0.586107635503903,0.496539614479212,0.483262582977069,0.5096851004755,0.0895680210246915,0.0764225350284031,"Blastomere B"
"B2",12.8277736,"Mesoderm",0.755577494236449,0.496539614479212,0.483262582977069,0.5096851004755,0.259037879757237,0.245892393760949,"Blastomere B"
"B2",12.8277736,"Muscle_cells",0.670189327502233,0.496539614479212,0.483262582977069,0.5096851004755,0.173649713023021,0.160504227026733,"Blastomere B"
"B2",12.8277736,"Neural_crest_PNS_glia",0.633369706627253,0.496539614479212,0.483262582977069,0.5096851004755,0.136830092148041,0.123684606151753,"Blastomere B"
"B2",12.8277736,"Neural_crest_PNS_neurons",0.64235504591821,0.496539614479212,0.483262582977069,0.5096851004755,0.145815431438998,0.13266994544271,"Blastomere B"
"B2",12.8277736,"Neuroectoderm_and_glia",0.81814544176669,0.496539614479212,0.483262582977069,0.5096851004755,0.321605827287478,0.30846034129119,"Blastomere B"
"B2",12.8277736,"Olfactory_sensory_neurons",0.73983694593617,0.496539614479212,0.483262582977069,0.5096851004755,0.243297331456958,0.23015184546067,"Blastomere B"
"B2",12.8277736,"White_blood_cells",0.711114155251142,0.496539614479212,0.483262582977069,0.5096851004755,0.21457454077193,0.201429054775641,"Blastomere B"
"B2",12.960223,"CNS_neurons",0.789853675624191,0.496854189071557,0.484047207234559,0.510034826467604,0.292999486552634,0.279818849156586,"Blastomere B"
"B2",12.960223,"Definitive_erythroid",0.802260401307776,0.496854189071557,0.484047207234559,0.510034826467604,0.305406212236219,0.292225574840172,"Blastomere B"
"B2",12.960223,"Endothelium",0.544992503780655,0.496854189071557,0.484047207234559,0.510034826467604,0.0481383147090977,0.0349576773130503,"Blastomere B"
"B2",12.960223,"Ependymal_cells",0.459763164525069,0.496854189071557,0.484047207234559,0.510034826467604,-0.0370910245464877,-0.0502716619425351,"Blastomere B"
"B2",12.960223,"Epithelium",0.727153523540077,0.496854189071557,0.484047207234559,0.510034826467604,0.23029933446852,0.217118697072472,"Blastomere B"
"B2",12.960223,"Eye_and_other",0.739726982968631,0.496854189071557,0.484047207234559,0.510034826467604,0.242872793897074,0.229692156501026,"Blastomere B"
"B2",12.960223,"Hepatocytes",0.806863175998471,0.496854189071557,0.484047207234559,0.510034826467604,0.310008986926914,0.296828349530867,"Blastomere B"
"B2",12.960223,"Intermediate_neuronal_progenitors",0.838191863682005,0.496854189071557,0.484047207234559,0.510034826467604,0.341337674610448,0.328157037214401,"Blastomere B"
"B2",12.960223,"Intestine",0.502106087151005,0.496854189071557,0.484047207234559,0.510034826467604,0.00525189807944748,-0.00792873931659988,"Blastomere B"
"B2",12.960223,"Lung_and_airway",0.62648492232714,0.496854189071557,0.484047207234559,0.510034826467604,0.129630733255583,0.116450095859535,"Blastomere B"
"B2",12.960223,"Mast_cells",0.474011582183456,0.496854189071557,0.484047207234559,0.510034826467604,-0.022842606888101,-0.0360232442841483,"Blastomere B"
"B2",12.960223,"Megakaryocytes",0.594728800611154,0.496854189071557,0.484047207234559,0.510034826467604,0.0978746115395964,0.0846939741435491,"Blastomere B"
"B2",12.960223,"Mesoderm",0.756354298328303,0.496854189071557,0.484047207234559,0.510034826467604,0.259500109256746,0.246319471860699,"Blastomere B"
"B2",12.960223,"Muscle_cells",0.672482998810058,0.496854189071557,0.484047207234559,0.510034826467604,0.175628809738501,0.162448172342454,"Blastomere B"
"B2",12.960223,"Neural_crest_PNS_glia",0.635378503388899,0.496854189071557,0.484047207234559,0.510034826467604,0.138524314317342,0.125343676921295,"Blastomere B"
"B2",12.960223,"Neural_crest_PNS_neurons",0.642147531210274,0.496854189071557,0.484047207234559,0.510034826467604,0.145293342138717,0.13211270474267,"Blastomere B"
"B2",12.960223,"Neuroectoderm_and_glia",0.820068503851215,0.496854189071557,0.484047207234559,0.510034826467604,0.323214314779657,0.31003367738361,"Blastomere B"
"B2",12.960223,"Olfactory_sensory_neurons",0.742250821467689,0.496854189071557,0.484047207234559,0.510034826467604,0.245396632396132,0.232215995000084,"Blastomere B"
"B2",12.960223,"White_blood_cells",0.717457400601403,0.496854189071557,0.484047207234559,0.510034826467604,0.220603211529846,0.207422574133799,"Blastomere B"
"B2",13.0926724,"CNS_neurons",0.791258181833336,0.497126977990623,0.48436529124845,0.509800432749469,0.294131203842713,0.281457749083868,"Blastomere B"
"B2",13.0926724,"Definitive_erythroid",0.815244831562474,0.497126977990623,0.48436529124845,0.509800432749469,0.318117853571851,0.305444398813005,"Blastomere B"
"B2",13.0926724,"Endothelium",0.545890486260663,0.497126977990623,0.48436529124845,0.509800432749469,0.0487635082700392,0.0360900535111939,"Blastomere B"
"B2",13.0926724,"Ependymal_cells",0.459763164525069,0.497126977990623,0.48436529124845,0.509800432749469,-0.0373638134655541,-0.0500372682243994,"Blastomere B"
"B2",13.0926724,"Epithelium",0.728242514118111,0.497126977990623,0.48436529124845,0.509800432749469,0.231115536127487,0.218442081368642,"Blastomere B"
"B2",13.0926724,"Eye_and_other",0.740418615185792,0.497126977990623,0.48436529124845,0.509800432749469,0.243291637195169,0.230618182436323,"Blastomere B"
"B2",13.0926724,"Hepatocytes",0.808783734165596,0.497126977990623,0.48436529124845,0.509800432749469,0.311656756174972,0.298983301416127,"Blastomere B"
"B2",13.0926724,"Intermediate_neuronal_progenitors",0.839205932236589,0.497126977990623,0.48436529124845,0.509800432749469,0.342078954245966,0.329405499487121,"Blastomere B"
"B2",13.0926724,"Intestine",0.503189201216347,0.497126977990623,0.48436529124845,0.509800432749469,0.00606222322572314,-0.00661123153312215,"Blastomere B"
"B2",13.0926724,"Lung_and_airway",0.628960460853627,0.497126977990623,0.48436529124845,0.509800432749469,0.131833482863003,0.119160028104158,"Blastomere B"
"B2",13.0926724,"Mast_cells",0.475885616730687,0.497126977990623,0.48436529124845,0.509800432749469,-0.0212413612599364,-0.0339148160187817,"Blastomere B"
"B2",13.0926724,"Megakaryocytes",0.598573000603457,0.497126977990623,0.48436529124845,0.509800432749469,0.101446022612834,0.0887725678539887,"Blastomere B"
"B2",13.0926724,"Mesoderm",0.757288118575112,0.497126977990623,0.48436529124845,0.509800432749469,0.260161140584489,0.247487685825643,"Blastomere B"
"B2",13.0926724,"Muscle_cells",0.674108824112097,0.497126977990623,0.48436529124845,0.509800432749469,0.176981846121474,0.164308391362629,"Blastomere B"
"B2",13.0926724,"Neural_crest_PNS_glia",0.636187444611924,0.497126977990623,0.48436529124845,0.509800432749469,0.1390604666213,0.126387011862455,"Blastomere B"
"B2",13.0926724,"Neural_crest_PNS_neurons",0.643036189105887,0.497126977990623,0.48436529124845,0.509800432749469,0.145909211115264,0.133235756356418,"Blastomere B"
"B2",13.0926724,"Neuroectoderm_and_glia",0.821853499624298,0.497126977990623,0.48436529124845,0.509800432749469,0.324726521633675,0.312053066874829,"Blastomere B"
"B2",13.0926724,"Olfactory_sensory_neurons",0.743311777175517,0.497126977990623,0.48436529124845,0.509800432749469,0.246184799184894,0.233511344426048,"Blastomere B"
"B2",13.0926724,"White_blood_cells",0.724373478271563,0.497126977990623,0.48436529124845,0.509800432749469,0.227246500280939,0.214573045522094,"Blastomere B"
"B2",13.2251218,"CNS_neurons",0.792228750266951,0.497388110797525,0.484486910265816,0.510467807757758,0.294840639469427,0.281760942509194,"Blastomere B"
"B2",13.2251218,"Definitive_erythroid",0.822955552747066,0.497388110797525,0.484486910265816,0.510467807757758,0.325567441949541,0.312487744989308,"Blastomere B"
"B2",13.2251218,"Endothelium",0.547218206157965,0.497388110797525,0.484486910265816,0.510467807757758,0.0498300953604404,0.0367503984002074,"Blastomere B"
"B2",13.2251218,"Ependymal_cells",0.460612746327032,0.497388110797525,0.484486910265816,0.510467807757758,-0.0367753644704928,-0.0498550614307257,"Blastomere B"
"B2",13.2251218,"Epithelium",0.729441082235671,0.497388110797525,0.484486910265816,0.510467807757758,0.232052971438146,0.218973274477913,"Blastomere B"
"B2",13.2251218,"Eye_and_other",0.741275133238832,0.497388110797525,0.484486910265816,0.510467807757758,0.243887022441307,0.230807325481074,"Blastomere B"
"B2",13.2251218,"Hepatocytes",0.810244618395303,0.497388110797525,0.484486910265816,0.510467807757758,0.312856507597779,0.299776810637546,"Blastomere B"
"B2",13.2251218,"Intermediate_neuronal_progenitors",0.840036740442527,0.497388110797525,0.484486910265816,0.510467807757758,0.342648629645002,0.32956893268477,"Blastomere B"
"B2",13.2251218,"Intestine",0.503189201216347,0.497388110797525,0.484486910265816,0.510467807757758,0.00580109041882171,-0.00727860654141121,"Blastomere B"
"B2",13.2251218,"Lung_and_airway",0.630707846904093,0.497388110797525,0.484486910265816,0.510467807757758,0.133319736106568,0.120240039146336,"Blastomere B"
"B2",13.2251218,"Mast_cells",0.473211126052799,0.497388110797525,0.484486910265816,0.510467807757758,-0.0241769847447258,-0.0372566817049587,"Blastomere B"
"B2",13.2251218,"Megakaryocytes",0.599424267736212,0.497388110797525,0.484486910265816,0.510467807757758,0.102036156938688,0.0889564599784546,"Blastomere B"
"B2",13.2251218,"Mesoderm",0.757847610185491,0.497388110797525,0.484486910265816,0.510467807757758,0.260459499387966,0.247379802427733,"Blastomere B"
"B2",13.2251218,"Muscle_cells",0.675512813381237,0.497388110797525,0.484486910265816,0.510467807757758,0.178124702583712,0.165045005623479,"Blastomere B"
"B2",13.2251218,"Neural_crest_PNS_glia",0.636874103717274,0.497388110797525,0.484486910265816,0.510467807757758,0.139485992919749,0.126406295959516,"Blastomere B"
"B2",13.2251218,"Neural_crest_PNS_neurons",0.644285613270128,0.497388110797525,0.484486910265816,0.510467807757758,0.146897502472603,0.13381780551237,"Blastomere B"
"B2",13.2251218,"Neuroectoderm_and_glia",0.823457739743285,0.497388110797525,0.484486910265816,0.510467807757758,0.32606962894576,0.312989931985527,"Blastomere B"
"B2",13.2251218,"Olfactory_sensory_neurons",0.745065507933373,0.497388110797525,0.484486910265816,0.510467807757758,0.247677397135848,0.234597700175615,"Blastomere B"
"B2",13.2251218,"White_blood_cells",0.729253916439782,0.497388110797525,0.484486910265816,0.510467807757758,0.231865805642257,0.218786108682024,"Blastomere B"
"B2",13.3575712,"CNS_neurons",0.793157365475702,0.497719681797088,0.484421933371441,0.51047155235637,0.295437683678614,0.282685813119332,"Blastomere B"
"B2",13.3575712,"Definitive_erythroid",0.832427328709586,0.497719681797088,0.484421933371441,0.51047155235637,0.334707646912498,0.321955776353216,"Blastomere B"
"B2",13.3575712,"Endothelium",0.547491349850948,0.497719681797088,0.484421933371441,0.51047155235637,0.0497716680538604,0.0370197974945781,"Blastomere B"
"B2",13.3575712,"Ependymal_cells",0.46231956197113,0.497719681797088,0.484421933371441,0.51047155235637,-0.0354001198259577,-0.04815199038524,"Blastomere B"
"B2",13.3575712,"Epithelium",0.730424958978091,0.497719681797088,0.484421933371441,0.51047155235637,0.232705277181004,0.219953406621721,"Blastomere B"
"B2",13.3575712,"Eye_and_other",0.74211731179247,0.497719681797088,0.484421933371441,0.51047155235637,0.244397629995382,0.2316457594361,"Blastomere B"
"B2",13.3575712,"Hepatocytes",0.81097911227154,0.497719681797088,0.484421933371441,0.51047155235637,0.313259430474453,0.30050755991517,"Blastomere B"
"B2",13.3575712,"Intermediate_neuronal_progenitors",0.840559817301013,0.497719681797088,0.484421933371441,0.51047155235637,0.342840135503925,0.330088264944643,"Blastomere B"
"B2",13.3575712,"Intestine",0.504406704815176,0.497719681797088,0.484421933371441,0.51047155235637,0.00668702301808827,-0.00606484754119407,"Blastomere B"
"B2",13.3575712,"Lung_and_airway",0.631109160081943,0.497719681797088,0.484421933371441,0.51047155235637,0.133389478284856,0.120637607725573,"Blastomere B"
"B2",13.3575712,"Mast_cells",0.473877749254146,0.497719681797088,0.484421933371441,0.51047155235637,-0.023841932542942,-0.0365938031022243,"Blastomere B"
"B2",13.3575712,"Megakaryocytes",0.603611831447866,0.497719681797088,0.484421933371441,0.51047155235637,0.105892149650778,0.0931402790914958,"Blastomere B"
"B2",13.3575712,"Mesoderm",0.758231964283216,0.497719681797088,0.484421933371441,0.51047155235637,0.260512282486129,0.247760411926846,"Blastomere B"
"B2",13.3575712,"Muscle_cells",0.67707542692837,0.497719681797088,0.484421933371441,0.51047155235637,0.179355745131282,0.166603874572,"Blastomere B"
"B2",13.3575712,"Neural_crest_PNS_glia",0.637298842856823,0.497719681797088,0.484421933371441,0.51047155235637,0.139579161059736,0.126827290500453,"Blastomere B"
"B2",13.3575712,"Neural_crest_PNS_neurons",0.645004068518016,0.497719681797088,0.484421933371441,0.51047155235637,0.147284386720929,0.134532516161646,"Blastomere B"
"B2",13.3575712,"Neuroectoderm_and_glia",0.824751648201866,0.497719681797088,0.484421933371441,0.51047155235637,0.327031966404779,0.314280095845496,"Blastomere B"
"B2",13.3575712,"Olfactory_sensory_neurons",0.745971996092478,0.497719681797088,0.484421933371441,0.51047155235637,0.24825231429539,0.235500443736108,"Blastomere B"
"B2",13.3575712,"White_blood_cells",0.735046523399507,0.497719681797088,0.484421933371441,0.51047155235637,0.23732684160242,0.224574971043138,"Blastomere B"
"B2",13.4900206,"CNS_neurons",0.793631702420114,0.497722902857296,0.484686313192053,0.510699566196043,0.295908799562819,0.282932136224072,"Blastomere B"
"B2",13.4900206,"Definitive_erythroid",0.838179674053928,0.497722902857296,0.484686313192053,0.510699566196043,0.340456771196632,0.327480107857885,"Blastomere B"
"B2",13.4900206,"Endothelium",0.54811812304982,0.497722902857296,0.484686313192053,0.510699566196043,0.0503952201925243,0.0374185568537776,"Blastomere B"
"B2",13.4900206,"Ependymal_cells",0.465097309907176,0.497722902857296,0.484686313192053,0.510699566196043,-0.0326255929501196,-0.0456022562888664,"Blastomere B"
"B2",13.4900206,"Epithelium",0.731521688079349,0.497722902857296,0.484686313192053,0.510699566196043,0.233798785222053,0.220822121883306,"Blastomere B"
"B2",13.4900206,"Eye_and_other",0.742717548017385,0.497722902857296,0.484686313192053,0.510699566196043,0.244994645160089,0.232017981821342,"Blastomere B"
"B2",13.4900206,"Hepatocytes",0.811308667351833,0.497722902857296,0.484686313192053,0.510699566196043,0.313585764494537,0.30060910115579,"Blastomere B"
"B2",13.4900206,"Intermediate_neuronal_progenitors",0.840973089388689,0.497722902857296,0.484686313192053,0.510699566196043,0.343250186531393,0.330273523192646,"Blastomere B"
"B2",13.4900206,"Intestine",0.507293912980447,0.497722902857296,0.484686313192053,0.510699566196043,0.00957101012315104,-0.00340565321559572,"Blastomere B"
"B2",13.4900206,"Lung_and_airway",0.631792493841472,0.497722902857296,0.484686313192053,0.510699566196043,0.134069590984176,0.12109292764543,"Blastomere B"
"B2",13.4900206,"Mast_cells",0.473877749254146,0.497722902857296,0.484686313192053,0.510699566196043,-0.0238451536031502,-0.036821816941897,"Blastomere B"
"B2",13.4900206,"Megakaryocytes",0.602283298097252,0.497722902857296,0.484686313192053,0.510699566196043,0.104560395239956,0.0915837319012089,"Blastomere B"
"B2",13.4900206,"Mesoderm",0.758461312313963,0.497722902857296,0.484686313192053,0.510699566196043,0.260738409456668,0.247761746117921,"Blastomere B"
"B2",13.4900206,"Muscle_cells",0.678931179132761,0.497722902857296,0.484686313192053,0.510699566196043,0.181208276275465,0.168231612936719,"Blastomere B"
"B2",13.4900206,"Neural_crest_PNS_glia",0.638592742650973,0.497722902857296,0.484686313192053,0.510699566196043,0.140869839793677,0.12789317645493,"Blastomere B"
"B2",13.4900206,"Neural_crest_PNS_neurons",0.64620412434493,0.497722902857296,0.484686313192053,0.510699566196043,0.148481221487634,0.135504558148888,"Blastomere B"
"B2",13.4900206,"Neuroectoderm_and_glia",0.825866586051787,0.497722902857296,0.484686313192053,0.510699566196043,0.328143683194491,0.315167019855744,"Blastomere B"
"B2",13.4900206,"Olfactory_sensory_neurons",0.746703246929717,0.497722902857296,0.484686313192053,0.510699566196043,0.248980344072421,0.236003680733674,"Blastomere B"
"B2",13.4900206,"White_blood_cells",0.739561628718497,0.497722902857296,0.484686313192053,0.510699566196043,0.241838725861201,0.228862062522454,"Blastomere B"
"B2",7,"CNS_neurons",0,0,0,0,0,0,"Blastomere B"
"B2",7,"Definitive_erythroid",0,0,0,0,0,0,"Blastomere B"
"B2",7,"Endothelium",0,0,0,0,0,0,"Blastomere B"
"B2",7,"Ependymal_cells",0,0,0,0,0,0,"Blastomere B"
"B2",7,"Epithelium",0,0,0,0,0,0,"Blastomere B"
"B2",7,"Eye_and_other",0,0,0,0,0,0,"Blastomere B"
"B2",7,"Hepatocytes",0,0,0,0,0,0,"Blastomere B"
"B2",7,"Intermediate_neuronal_progenitors",0,0,0,0,0,0,"Blastomere B"
"B2",7,"Intestine",0,0,0,0,0,0,"Blastomere B"
"B2",7,"Lung_and_airway",0,0,0,0,0,0,"Blastomere B"
"B2",7,"Mast_cells",0,0,0,0,0,0,"Blastomere B"
"B2",7,"Megakaryocytes",0,0,0,0,0,0,"Blastomere B"
"B2",7,"Mesoderm",0,0,0,0,0,0,"Blastomere B"
"B2",7,"Muscle_cells",0,0,0,0,0,0,"Blastomere B"
"B2",7,"Neural_crest_PNS_glia",0,0,0,0,0,0,"Blastomere B"
"B2",7,"Neural_crest_PNS_neurons",0,0,0,0,0,0,"Blastomere B"
"B2",7,"Neuroectoderm_and_glia",0,0,0,0,0,0,"Blastomere B"
"B2",7,"Olfactory_sensory_neurons",0,0,0,0,0,0,"Blastomere B"
"B2",7,"White_blood_cells",0,0,0,0,0,0,"Blastomere B"
"B2",7.1324494,"CNS_neurons",0.210637554372082,0.0862256434593374,0.0758148318181298,0.0967046785882843,0.124411910912745,0.113932875783798,"Blastomere B"
"B2",7.1324494,"Definitive_erythroid",0.104385964912281,0.0862256434593374,0.0758148318181298,0.0967046785882843,0.0181603214529434,0.00768128632399642,"Blastomere B"
"B2",7.1324494,"Endothelium",0.119580575334266,0.0862256434593374,0.0758148318181298,0.0967046785882843,0.0333549318749286,0.0228758967459817,"Blastomere B"
"B2",7.1324494,"Ependymal_cells",0.0432900432900434,0.0862256434593374,0.0758148318181298,0.0967046785882843,-0.042935600169294,-0.053414635298241,"Blastomere B"
"B2",7.1324494,"Epithelium",0.159290647287172,0.0862256434593374,0.0758148318181298,0.0967046785882843,0.0730650038278343,0.0625859686988873,"Blastomere B"
"B2",7.1324494,"Eye_and_other",0.091880490461952,0.0862256434593374,0.0758148318181298,0.0967046785882843,0.00565484700261468,-0.00482418812633227,"Blastomere B"
"B2",7.1324494,"Hepatocytes",0.0645348837209302,0.0862256434593374,0.0758148318181298,0.0967046785882843,-0.0216907597384072,-0.0321697948673541,"Blastomere B"
"B2",7.1324494,"Intermediate_neuronal_progenitors",0.133944890850778,0.0862256434593374,0.0758148318181298,0.0967046785882843,0.0477192473914402,0.0372402122624933,"Blastomere B"
"B2",7.1324494,"Intestine",0.0822871114872808,0.0862256434593374,0.0758148318181298,0.0967046785882843,-0.00393853197205656,-0.0144175671010035,"Blastomere B"
"B2",7.1324494,"Lung_and_airway",0.014486391571554,0.0862256434593374,0.0758148318181298,0.0967046785882843,-0.0717392518877834,-0.0822182870167304,"Blastomere B"
"B2",7.1324494,"Mast_cells",0.0388275599543205,0.0862256434593374,0.0758148318181298,0.0967046785882843,-0.0473980835050168,-0.0578771186339638,"Blastomere B"
"B2",7.1324494,"Megakaryocytes",0.0833815865663,0.0862256434593374,0.0758148318181298,0.0967046785882843,-0.00284405689303743,-0.0133230920219844,"Blastomere B"
"B2",7.1324494,"Mesoderm",0.223675779581375,0.0862256434593374,0.0758148318181298,0.0967046785882843,0.137450136122038,0.126971100993091,"Blastomere B"
"B2",7.1324494,"Muscle_cells",0.168607593704681,0.0862256434593374,0.0758148318181298,0.0967046785882843,0.0823819502453432,0.0719029151163962,"Blastomere B"
"B2",7.1324494,"Neural_crest_PNS_glia",0.110401672826298,0.0862256434593374,0.0758148318181298,0.0967046785882843,0.024176029366961,0.0136969942380141,"Blastomere B"
"B2",7.1324494,"Neural_crest_PNS_neurons",0.121684589654311,0.0862256434593374,0.0758148318181298,0.0967046785882843,0.0354589461949732,0.0249799110660262,"Blastomere B"
"B2",7.1324494,"Neuroectoderm_and_glia",0.198742055524849,0.0862256434593374,0.0758148318181298,0.0967046785882843,0.112516412065512,0.102037376936565,"Blastomere B"
"B2",7.1324494,"Olfactory_sensory_neurons",0.0544906900328586,0.0862256434593374,0.0758148318181298,0.0967046785882843,-0.0317349534264788,-0.0422139885554257,"Blastomere B"
"B2",7.1324494,"White_blood_cells",0.0843148551188495,0.0862256434593374,0.0758148318181298,0.0967046785882843,-0.0019107883404879,-0.0123898234694348,"Blastomere B"
"B2",7.2648988,"CNS_neurons",0.323761046872808,0.152388535994949,0.140963831334346,0.163909442022464,0.171372510877859,0.159851604850344,"Blastomere B"
"B2",7.2648988,"Definitive_erythroid",0.145002891844997,0.152388535994949,0.140963831334346,0.163909442022464,-0.0073856441499521,-0.0189065501774673,"Blastomere B"
"B2",7.2648988,"Endothelium",0.191196886310675,0.152388535994949,0.140963831334346,0.163909442022464,0.0388083503157256,0.0272874442882104,"Blastomere B"
"B2",7.2648988,"Ependymal_cells",0.108680597987698,0.152388535994949,0.140963831334346,0.163909442022464,-0.0437079380072512,-0.0552288440347664,"Blastomere B"
"B2",7.2648988,"Epithelium",0.261024269388727,0.152388535994949,0.140963831334346,0.163909442022464,0.108635733393778,0.0971148273662626,"Blastomere B"
"B2",7.2648988,"Eye_and_other",0.14013623150679,0.152388535994949,0.140963831334346,0.163909442022464,-0.0122523044881593,-0.0237732105156745,"Blastomere B"
"B2",7.2648988,"Hepatocytes",0.125429184549356,0.152388535994949,0.140963831334346,0.163909442022464,-0.0269593514455931,-0.0384802574731082,"Blastomere B"
"B2",7.2648988,"Intermediate_neuronal_progenitors",0.219095320159124,0.152388535994949,0.140963831334346,0.163909442022464,0.0667067841641743,0.0551858781366591,"Blastomere B"
"B2",7.2648988,"Intestine",0.134146341463415,0.152388535994949,0.140963831334346,0.163909442022464,-0.0182421945315345,-0.0297631005590497,"Blastomere B"
"B2",7.2648988,"Lung_and_airway",0.054235862938827,0.152388535994949,0.140963831334346,0.163909442022464,-0.0981526730561222,-0.109673579083637,"Blastomere B"
"B2",7.2648988,"Mast_cells",0.0388275599543205,0.152388535994949,0.140963831334346,0.163909442022464,-0.113560976040629,-0.125081882068144,"Blastomere B"
"B2",7.2648988,"Megakaryocytes",0.0935919426485465,0.152388535994949,0.140963831334346,0.163909442022464,-0.0587965933464027,-0.0703174993739179,"Blastomere B"
"B2",7.2648988,"Mesoderm",0.337596808033184,0.152388535994949,0.140963831334346,0.163909442022464,0.185208272038234,0.173687366010719,"Blastomere B"
"B2",7.2648988,"Muscle_cells",0.251698221028344,0.152388535994949,0.140963831334346,0.163909442022464,0.0993096850333949,0.0877887790058797,"Blastomere B"
"B2",7.2648988,"Neural_crest_PNS_glia",0.178135918937806,0.152388535994949,0.140963831334346,0.163909442022464,0.0257473829428566,0.0142264769153414,"Blastomere B"
"B2",7.2648988,"Neural_crest_PNS_neurons",0.187594089854086,0.152388535994949,0.140963831334346,0.163909442022464,0.0352055538591367,0.0236846478316216,"Blastomere B"
"B2",7.2648988,"Neuroectoderm_and_glia",0.300872885979269,0.152388535994949,0.140963831334346,0.163909442022464,0.14848434998432,0.136963443956804,"Blastomere B"
"B2",7.2648988,"Olfactory_sensory_neurons",0.131412246925848,0.152388535994949,0.140963831334346,0.163909442022464,-0.0209762890691015,-0.0324971950966167,"Blastomere B"
"B2",7.2648988,"White_blood_cells",0.122772457267548,0.152388535994949,0.140963831334346,0.163909442022464,-0.0296160787274016,-0.0411369847549168,"Blastomere B"
"B2",7.3973482,"CNS_neurons",0.408312005553632,0.204591747662274,0.193278065635976,0.215867043109152,0.203720257891358,0.19244496244448,"Blastomere B"
"B2",7.3973482,"Definitive_erythroid",0.190081799591002,0.204591747662274,0.193278065635976,0.215867043109152,-0.0145099480712722,-0.0257852435181499,"Blastomere B"
"B2",7.3973482,"Endothelium",0.250148588822788,0.204591747662274,0.193278065635976,0.215867043109152,0.0455568411605135,0.0342815457136358,"Blastomere B"
"B2",7.3973482,"Ependymal_cells",0.150271344492853,0.204591747662274,0.193278065635976,0.215867043109152,-0.054320403169421,-0.0655956986162987,"Blastomere B"
"B2",7.3973482,"Epithelium",0.336551592372648,0.204591747662274,0.193278065635976,0.215867043109152,0.131959844710373,0.120684549263496,"Blastomere B"
"B2",7.3973482,"Eye_and_other",0.17369859635422,0.204591747662274,0.193278065635976,0.215867043109152,-0.0308931513080541,-0.0421684467549318,"Blastomere B"
"B2",7.3973482,"Hepatocytes",0.174322709163347,0.204591747662274,0.193278065635976,0.215867043109152,-0.0302690384989277,-0.0415443339458054,"Blastomere B"
"B2",7.3973482,"Intermediate_neuronal_progenitors",0.285510047043598,0.204591747662274,0.193278065635976,0.215867043109152,0.0809182993813242,0.0696430039344465,"Blastomere B"
"B2",7.3973482,"Intestine",0.191632169125035,0.204591747662274,0.193278065635976,0.215867043109152,-0.0129595785372391,-0.0242348739841167,"Blastomere B"
"B2",7.3973482,"Lung_and_airway",0.0659203980099503,0.204591747662274,0.193278065635976,0.215867043109152,-0.138671349652324,-0.149946645099202,"Blastomere B"
"B2",7.3973482,"Mast_cells",0.0830624774286746,0.204591747662274,0.193278065635976,0.215867043109152,-0.1215292702336,-0.132804565680477,"Blastomere B"
"B2",7.3973482,"Megakaryocytes",0.139201974496092,0.204591747662274,0.193278065635976,0.215867043109152,-0.0653897731661821,-0.0766650686130598,"Blastomere B"
"B2",7.3973482,"Mesoderm",0.426813237795763,0.204591747662274,0.193278065635976,0.215867043109152,0.222221490133488,0.210946194686611,"Blastomere B"
"B2",7.3973482,"Muscle_cells",0.336112641069962,0.204591747662274,0.193278065635976,0.215867043109152,0.131520893407687,0.12024559796081,"Blastomere B"
"B2",7.3973482,"Neural_crest_PNS_glia",0.239048197272558,0.204591747662274,0.193278065635976,0.215867043109152,0.0344564496102833,0.0231811541634056,"Blastomere B"
"B2",7.3973482,"Neural_crest_PNS_neurons",0.241335009538933,0.204591747662274,0.193278065635976,0.215867043109152,0.036743261876659,0.0254679664297813,"Blastomere B"
"B2",7.3973482,"Neuroectoderm_and_glia",0.381350168596281,0.204591747662274,0.193278065635976,0.215867043109152,0.176758420934007,0.165483125487129,"Blastomere B"
"B2",7.3973482,"Olfactory_sensory_neurons",0.202454678527193,0.204591747662274,0.193278065635976,0.215867043109152,-0.00213706913508141,-0.0134123645819591,"Blastomere B"
"B2",7.3973482,"White_blood_cells",0.1773190887433,0.204591747662274,0.193278065635976,0.215867043109152,-0.0272726589189746,-0.0385479543658523,"Blastomere B"
"B2",7.5297976,"CNS_neurons",0.462750845665591,0.246407361635481,0.235540305428231,0.257217302947216,0.21634348403011,0.205533542718375,"Blastomere B"
"B2",7.5297976,"Definitive_erythroid",0.221088262241678,0.246407361635481,0.235540305428231,0.257217302947216,-0.0253190993938034,-0.036129040705538,"Blastomere B"
"B2",7.5297976,"Endothelium",0.292326667074389,0.246407361635481,0.235540305428231,0.257217302947216,0.0459193054389079,0.0351093641271733,"Blastomere B"
"B2",7.5297976,"Ependymal_cells",0.169064347050296,0.246407361635481,0.235540305428231,0.257217302947216,-0.0773430145851854,-0.08815295589692,"Blastomere B"
"B2",7.5297976,"Epithelium",0.392156029860729,0.246407361635481,0.235540305428231,0.257217302947216,0.145748668225248,0.134938726913513,"Blastomere B"
"B2",7.5297976,"Eye_and_other",0.208741814236447,0.246407361635481,0.235540305428231,0.257217302947216,-0.0376655473990336,-0.0484754887107682,"Blastomere B"
"B2",7.5297976,"Hepatocytes",0.208584905660377,0.246407361635481,0.235540305428231,0.257217302947216,-0.0378224559751037,-0.0486323972868383,"Blastomere B"
"B2",7.5297976,"Intermediate_neuronal_progenitors",0.339491196180461,0.246407361635481,0.235540305428231,0.257217302947216,0.0930838345449797,0.0822738932332451,"Blastomere B"
"B2",7.5297976,"Intestine",0.241995005032244,0.246407361635481,0.235540305428231,0.257217302947216,-0.00441235660323744,-0.015222297914972,"Blastomere B"
"B2",7.5297976,"Lung_and_airway",0.109583660644148,0.246407361635481,0.235540305428231,0.257217302947216,-0.136823700991333,-0.147633642303068,"Blastomere B"
"B2",7.5297976,"Mast_cells",0.101056338028169,0.246407361635481,0.235540305428231,0.257217302947216,-0.145351023607312,-0.156160964919047,"Blastomere B"
"B2",7.5297976,"Megakaryocytes",0.157282717282717,0.246407361635481,0.235540305428231,0.257217302947216,-0.0891246443527637,-0.0999345856644983,"Blastomere B"
"B2",7.5297976,"Mesoderm",0.485886170352433,0.246407361635481,0.235540305428231,0.257217302947216,0.239478808716952,0.228668867405217,"Blastomere B"
"B2",7.5297976,"Muscle_cells",0.391521095225879,0.246407361635481,0.235540305428231,0.257217302947216,0.145113733590398,0.134303792278663,"Blastomere B"
"B2",7.5297976,"Neural_crest_PNS_glia",0.283852107106542,0.246407361635481,0.235540305428231,0.257217302947216,0.0374447454710607,0.0266348041593261,"Blastomere B"
"B2",7.5297976,"Neural_crest_PNS_neurons",0.283332579174145,0.246407361635481,0.235540305428231,0.257217302947216,0.0369252175386644,0.0261152762269298,"Blastomere B"
"B2",7.5297976,"Neuroectoderm_and_glia",0.432733472950683,0.246407361635481,0.235540305428231,0.257217302947216,0.186326111315202,0.175516170003467,"Blastomere B"
"B2",7.5297976,"Olfactory_sensory_neurons",0.276814575374669,0.246407361635481,0.235540305428231,0.257217302947216,0.0304072137391883,0.0195972724274537,"Blastomere B"
"B2",7.5297976,"White_blood_cells",0.205940804883242,0.246407361635481,0.235540305428231,0.257217302947216,-0.0404665567522387,-0.0512764980639733,"Blastomere B"
"B2",7.662247,"CNS_neurons",0.499770830745939,0.280993027793635,0.270239863021354,0.291598948338754,0.218777802952303,0.208171882407185,"Blastomere B"
"B2",7.662247,"Definitive_erythroid",0.246273956610565,0.280993027793635,0.270239863021354,0.291598948338754,-0.0347190711830702,-0.0453249917281885,"Blastomere B"
"B2",7.662247,"Endothelium",0.319424269180742,0.280993027793635,0.270239863021354,0.291598948338754,0.0384312413871065,0.0278253208419882,"Blastomere B"
"B2",7.662247,"Ependymal_cells",0.186609380594343,0.280993027793635,0.270239863021354,0.291598948338754,-0.0943836471992924,-0.104989567744411,"Blastomere B"
"B2",7.662247,"Epithelium",0.429286818457627,0.280993027793635,0.270239863021354,0.291598948338754,0.148293790663991,0.137687870118873,"Blastomere B"
"B2",7.662247,"Eye_and_other",0.233649672625616,0.280993027793635,0.270239863021354,0.291598948338754,-0.0473433551680193,-0.0579492757131376,"Blastomere B"
"B2",7.662247,"Hepatocytes",0.226208791208791,0.280993027793635,0.270239863021354,0.291598948338754,-0.0547842365848442,-0.0653901571299625,"Blastomere B"
"B2",7.662247,"Intermediate_neuronal_progenitors",0.38230761617961,0.280993027793635,0.270239863021354,0.291598948338754,0.101314588385975,0.0907086678408564,"Blastomere B"
"B2",7.662247,"Intestine",0.281235880860529,0.280993027793635,0.270239863021354,0.291598948338754,0.000242853066893645,-0.0103630674782246,"Blastomere B"
"B2",7.662247,"Lung_and_airway",0.14056300774608,0.280993027793635,0.270239863021354,0.291598948338754,-0.140430020047556,-0.151035940592674,"Blastomere B"
"B2",7.662247,"Mast_cells",0.109198400278213,0.280993027793635,0.270239863021354,0.291598948338754,-0.171794627515423,-0.182400548060541,"Blastomere B"
"B2",7.662247,"Megakaryocytes",0.177877371247537,0.280993027793635,0.270239863021354,0.291598948338754,-0.103115656546098,-0.113721577091217,"Blastomere B"
"B2",7.662247,"Mesoderm",0.521298987877197,0.280993027793635,0.270239863021354,0.291598948338754,0.240305960083562,0.229700039538443,"Blastomere B"
"B2",7.662247,"Muscle_cells",0.426313764775033,0.280993027793635,0.270239863021354,0.291598948338754,0.145320736981398,0.134714816436279,"Blastomere B"
"B2",7.662247,"Neural_crest_PNS_glia",0.317059640289637,0.280993027793635,0.270239863021354,0.291598948338754,0.0360666124960013,0.0254606919508831,"Blastomere B"
"B2",7.662247,"Neural_crest_PNS_neurons",0.317118100248102,0.280993027793635,0.270239863021354,0.291598948338754,0.0361250724544664,0.0255191519093481,"Blastomere B"
"B2",7.662247,"Neuroectoderm_and_glia",0.469515623767668,0.280993027793635,0.270239863021354,0.291598948338754,0.188522595974033,0.177916675428915,"Blastomere B"
"B2",7.662247,"Olfactory_sensory_neurons",0.302979359297656,0.280993027793635,0.270239863021354,0.291598948338754,0.0219863315040202,0.011380410958902,"Blastomere B"
"B2",7.662247,"White_blood_cells",0.230828716135831,0.280993027793635,0.270239863021354,0.291598948338754,-0.0501643116578048,-0.060770232202923,"Blastomere B"
"B2",7.7946964,"CNS_neurons",0.530820785865819,0.309464488407809,0.299102965493212,0.320152728154647,0.22135629745801,0.210668057711172,"Blastomere B"
"B2",7.7946964,"Definitive_erythroid",0.276746744911058,0.309464488407809,0.299102965493212,0.320152728154647,-0.0327177434967506,-0.043405983243589,"Blastomere B"
"B2",7.7946964,"Endothelium",0.34312752122074,0.309464488407809,0.299102965493212,0.320152728154647,0.0336630328129318,0.0229747930660934,"Blastomere B"
"B2",7.7946964,"Ependymal_cells",0.195429966858538,0.309464488407809,0.299102965493212,0.320152728154647,-0.11403452154927,-0.124722761296109,"Blastomere B"
"B2",7.7946964,"Epithelium",0.470818766815759,0.309464488407809,0.299102965493212,0.320152728154647,0.16135427840795,0.150666038661112,"Blastomere B"
"B2",7.7946964,"Eye_and_other",0.253276499407489,0.309464488407809,0.299102965493212,0.320152728154647,-0.0561879890003201,-0.0668762287471585,"Blastomere B"
"B2",7.7946964,"Hepatocytes",0.25901384083045,0.309464488407809,0.299102965493212,0.320152728154647,-0.0504506475773588,-0.0611388873241973,"Blastomere B"
"B2",7.7946964,"Intermediate_neuronal_progenitors",0.420003088435418,0.309464488407809,0.299102965493212,0.320152728154647,0.110538600027609,0.0998503602807707,"Blastomere B"
"B2",7.7946964,"Intestine",0.310870569599366,0.309464488407809,0.299102965493212,0.320152728154647,0.00140608119155766,-0.00928215855528075,"Blastomere B"
"B2",7.7946964,"Lung_and_airway",0.178385182521129,0.309464488407809,0.299102965493212,0.320152728154647,-0.131079305886679,-0.141767545633518,"Blastomere B"
"B2",7.7946964,"Mast_cells",0.127269641948074,0.309464488407809,0.299102965493212,0.320152728154647,-0.182194846459735,-0.192883086206573,"Blastomere B"
"B2",7.7946964,"Megakaryocytes",0.192931392931393,0.309464488407809,0.299102965493212,0.320152728154647,-0.116533095476416,-0.127221335223254,"Blastomere B"
"B2",7.7946964,"Mesoderm",0.554553337190472,0.309464488407809,0.299102965493212,0.320152728154647,0.245088848782663,0.234400609035825,"Blastomere B"
"B2",7.7946964,"Muscle_cells",0.455763908979068,0.309464488407809,0.299102965493212,0.320152728154647,0.146299420571259,0.135611180824421,"Blastomere B"
"B2",7.7946964,"Neural_crest_PNS_glia",0.342393413202697,0.309464488407809,0.299102965493212,0.320152728154647,0.0329289247948881,0.0222406850480497,"Blastomere B"
"B2",7.7946964,"Neural_crest_PNS_neurons",0.33858517870954,0.309464488407809,0.299102965493212,0.320152728154647,0.0291206903017316,0.0184324505548932,"Blastomere B"
"B2",7.7946964,"Neuroectoderm_and_glia",0.503630813665,0.309464488407809,0.299102965493212,0.320152728154647,0.194166325257191,0.183478085510353,"Blastomere B"
"B2",7.7946964,"Olfactory_sensory_neurons",0.377510040160642,0.309464488407809,0.299102965493212,0.320152728154647,0.0680455517528338,0.0573573120059954,"Blastomere B"
"B2",7.7946964,"White_blood_cells",0.254517286366601,0.309464488407809,0.299102965493212,0.320152728154647,-0.0549472020412072,-0.0656354417880456,"Blastomere B"
"B2",7.9271458,"CNS_neurons",0.554936133128927,0.333540615586955,0.323156890924417,0.343734754263838,0.221395517541972,0.211201378865089,"Blastomere B"
"B2",7.9271458,"Definitive_erythroid",0.294873034004042,0.333540615586955,0.323156890924417,0.343734754263838,-0.0386675815829131,-0.0488617202597963,"Blastomere B"
"B2",7.9271458,"Endothelium",0.36036649236863,0.333540615586955,0.323156890924417,0.343734754263838,0.026825876781675,0.0166317381047918,"Blastomere B"
"B2",7.9271458,"Ependymal_cells",0.215666464605644,0.333540615586955,0.323156890924417,0.343734754263838,-0.117874150981311,-0.128068289658194,"Blastomere B"
"B2",7.9271458,"Epithelium",0.49337196210886,0.333540615586955,0.323156890924417,0.343734754263838,0.159831346521905,0.149637207845021,"Blastomere B"
"B2",7.9271458,"Eye_and_other",0.279322284600128,0.333540615586955,0.323156890924417,0.343734754263838,-0.054218330986827,-0.0644124696637103,"Blastomere B"
"B2",7.9271458,"Hepatocytes",0.297179487179487,0.333540615586955,0.323156890924417,0.343734754263838,-0.0363611284074675,-0.0465552670843508,"Blastomere B"
"B2",7.9271458,"Intermediate_neuronal_progenitors",0.447793477934779,0.333540615586955,0.323156890924417,0.343734754263838,0.114252862347825,0.104058723670941,"Blastomere B"
"B2",7.9271458,"Intestine",0.326011191047162,0.333540615586955,0.323156890924417,0.343734754263838,-0.0075294245397925,-0.0177235632166757,"Blastomere B"
"B2",7.9271458,"Lung_and_airway",0.203401596667824,0.333540615586955,0.323156890924417,0.343734754263838,-0.130139018919131,-0.140333157596014,"Blastomere B"
"B2",7.9271458,"Mast_cells",0.127269641948074,0.333540615586955,0.323156890924417,0.343734754263838,-0.206270973638881,-0.216465112315764,"Blastomere B"
"B2",7.9271458,"Megakaryocytes",0.216746983586362,0.333540615586955,0.323156890924417,0.343734754263838,-0.116793632000593,-0.126987770677476,"Blastomere B"
"B2",7.9271458,"Mesoderm",0.576186110986898,0.333540615586955,0.323156890924417,0.343734754263838,0.242645495399943,0.23245135672306,"Blastomere B"
"B2",7.9271458,"Muscle_cells",0.473950831167539,0.333540615586955,0.323156890924417,0.343734754263838,0.140410215580584,0.130216076903701,"Blastomere B"
"B2",7.9271458,"Neural_crest_PNS_glia",0.360633098431462,0.333540615586955,0.323156890924417,0.343734754263838,0.0270924828445069,0.0168983441676236,"Blastomere B"
"B2",7.9271458,"Neural_crest_PNS_neurons",0.35907002194987,0.333540615586955,0.323156890924417,0.343734754263838,0.025529406362915,0.0153352676860318,"Blastomere B"
"B2",7.9271458,"Neuroectoderm_and_glia",0.527622527991612,0.333540615586955,0.323156890924417,0.343734754263838,0.194081912404658,0.183887773727774,"Blastomere B"
"B2",7.9271458,"Olfactory_sensory_neurons",0.412669546108964,0.333540615586955,0.323156890924417,0.343734754263838,0.0791289305220094,0.0689347918451262,"Blastomere B"
"B2",7.9271458,"White_blood_cells",0.272094564737075,0.333540615586955,0.323156890924417,0.343734754263838,-0.0614460508498801,-0.0716401895267634,"Blastomere B"
"B2",8.0595952,"CNS_neurons",0.574548705449369,0.353706223182785,0.343213287106306,0.363956899049452,0.220842482266584,0.210591806399918,"Blastomere B"
"B2",8.0595952,"Definitive_erythroid",0.309533106960951,0.353706223182785,0.343213287106306,0.363956899049452,-0.044173116221834,-0.0544237920885009,"Blastomere B"
"B2",8.0595952,"Endothelium",0.376049653158087,0.353706223182785,0.343213287106306,0.363956899049452,0.0223434299753021,0.0120927541086352,"Blastomere B"
"B2",8.0595952,"Ependymal_cells",0.231030873888017,0.353706223182785,0.343213287106306,0.363956899049452,-0.122675349294768,-0.132926025161435,"Blastomere B"
"B2",8.0595952,"Epithelium",0.517755938263301,0.353706223182785,0.343213287106306,0.363956899049452,0.164049715080516,0.15379903921385,"Blastomere B"
"B2",8.0595952,"Eye_and_other",0.302070489519448,0.353706223182785,0.343213287106306,0.363956899049452,-0.051635733663337,-0.0618864095300038,"Blastomere B"
"B2",8.0595952,"Hepatocytes",0.313909657320872,0.353706223182785,0.343213287106306,0.363956899049452,-0.0397965658619124,-0.0500472417285793,"Blastomere B"
"B2",8.0595952,"Intermediate_neuronal_progenitors",0.473213788029119,0.353706223182785,0.343213287106306,0.363956899049452,0.119507564846334,0.109256888979667,"Blastomere B"
"B2",8.0595952,"Intestine",0.340340714441434,0.353706223182785,0.343213287106306,0.363956899049452,-0.0133655087413508,-0.0236161846080177,"Blastomere B"
"B2",8.0595952,"Lung_and_airway",0.230514096185738,0.353706223182785,0.343213287106306,0.363956899049452,-0.123192126997047,-0.133442802863714,"Blastomere B"
"B2",8.0595952,"Mast_cells",0.156062813663591,0.353706223182785,0.343213287106306,0.363956899049452,-0.197643409519194,-0.207894085385861,"Blastomere B"
"B2",8.0595952,"Megakaryocytes",0.232210001054222,0.353706223182785,0.343213287106306,0.363956899049452,-0.121496222128563,-0.131746897995229,"Blastomere B"
"B2",8.0595952,"Mesoderm",0.594048271826694,0.353706223182785,0.343213287106306,0.363956899049452,0.240342048643909,0.230091372777242,"Blastomere B"
"B2",8.0595952,"Muscle_cells",0.488236680352882,0.353706223182785,0.343213287106306,0.363956899049452,0.134530457170097,0.124279781303431,"Blastomere B"
"B2",8.0595952,"Neural_crest_PNS_glia",0.379592850049652,0.353706223182785,0.343213287106306,0.363956899049452,0.0258866268668676,0.0156359510002007,"Blastomere B"
"B2",8.0595952,"Neural_crest_PNS_neurons",0.377859513416293,0.353706223182785,0.343213287106306,0.363956899049452,0.0241532902335084,0.0139026143668415,"Blastomere B"
"B2",8.0595952,"Neuroectoderm_and_glia",0.549167250317064,0.353706223182785,0.343213287106306,0.363956899049452,0.195461027134279,0.185210351267612,"Blastomere B"
"B2",8.0595952,"Olfactory_sensory_neurons",0.448499199108573,0.353706223182785,0.343213287106306,0.363956899049452,0.0947929759257882,0.0845423000591213,"Blastomere B"
"B2",8.0595952,"White_blood_cells",0.288356164383562,0.353706223182785,0.343213287106306,0.363956899049452,-0.0653500587992232,-0.0756007346658901,"Blastomere B"
"B2",8.1920446,"CNS_neurons",0.589656428535044,0.371063406522502,0.360406532853571,0.381673596615173,0.218593022012542,0.207982831919872,"Blastomere B"
"B2",8.1920446,"Definitive_erythroid",0.319132737504138,0.371063406522502,0.360406532853571,0.381673596615173,-0.0519306690183644,-0.0625408591110349,"Blastomere B"
"B2",8.1920446,"Endothelium",0.387171847350146,0.371063406522502,0.360406532853571,0.381673596615173,0.0161084408276443,0.0054982507349739,"Blastomere B"
"B2",8.1920446,"Ependymal_cells",0.246353425090967,0.371063406522502,0.360406532853571,0.381673596615173,-0.124709981431536,-0.135320171524206,"Blastomere B"
"B2",8.1920446,"Epithelium",0.538383660820084,0.371063406522502,0.360406532853571,0.381673596615173,0.167320254297582,0.156710064204912,"Blastomere B"
"B2",8.1920446,"Eye_and_other",0.320966005229965,0.371063406522502,0.360406532853571,0.381673596615173,-0.0500974012925374,-0.0607075913852078,"Blastomere B"
"B2",8.1920446,"Hepatocytes",0.336946107784431,0.371063406522502,0.360406532853571,0.381673596615173,-0.0341172987380709,-0.0447274888307413,"Blastomere B"
"B2",8.1920446,"Intermediate_neuronal_progenitors",0.498251411085539,0.371063406522502,0.360406532853571,0.381673596615173,0.127188004563037,0.116577814470367,"Blastomere B"
"B2",8.1920446,"Intestine",0.350241325926601,0.371063406522502,0.360406532853571,0.381673596615173,-0.0208220805959015,-0.031432270688572,"Blastomere B"
"B2",8.1920446,"Lung_and_airway",0.25068207350345,0.371063406522502,0.360406532853571,0.381673596615173,-0.120381333019052,-0.130991523111722,"Blastomere B"
"B2",8.1920446,"Mast_cells",0.156062813663591,0.371063406522502,0.360406532853571,0.381673596615173,-0.215000592858911,-0.225610782951582,"Blastomere B"
"B2",8.1920446,"Megakaryocytes",0.243205070791278,0.371063406522502,0.360406532853571,0.381673596615173,-0.127858335731224,-0.138468525823895,"Blastomere B"
"B2",8.1920446,"Mesoderm",0.607138794554366,0.371063406522502,0.360406532853571,0.381673596615173,0.236075388031864,0.225465197939193,"Blastomere B"
"B2",8.1920446,"Muscle_cells",0.498839277638759,0.371063406522502,0.360406532853571,0.381673596615173,0.127775871116257,0.117165681023586,"Blastomere B"
"B2",8.1920446,"Neural_crest_PNS_glia",0.394933214512527,0.371063406522502,0.360406532853571,0.381673596615173,0.0238698079900254,0.013259617897355,"Blastomere B"
"B2",8.1920446,"Neural_crest_PNS_neurons",0.401590140683383,0.371063406522502,0.360406532853571,0.381673596615173,0.0305267341608808,0.0199165440682103,"Blastomere B"
"B2",8.1920446,"Neuroectoderm_and_glia",0.56870176725983,0.371063406522502,0.360406532853571,0.381673596615173,0.197638360737328,0.187028170644657,"Blastomere B"
"B2",8.1920446,"Olfactory_sensory_neurons",0.482314283873462,0.371063406522502,0.360406532853571,0.381673596615173,0.11125087735096,0.100640687258289,"Blastomere B"
"B2",8.1920446,"White_blood_cells",0.29996582771224,0.371063406522502,0.360406532853571,0.381673596615173,-0.0710975788102625,-0.081707768902933,"Blastomere B"
"B2",8.324494,"CNS_neurons",0.602368287767213,0.38593416799128,0.375438115984804,0.39672686530802,0.216434119775932,0.205641422459193,"Blastomere B"
"B2",8.324494,"Definitive_erythroid",0.326559454191033,0.38593416799128,0.375438115984804,0.39672686530802,-0.0593747138002472,-0.0701674111169868,"Blastomere B"
"B2",8.324494,"Endothelium",0.391570100842721,0.38593416799128,0.375438115984804,0.39672686530802,0.00563593285144098,-0.00515676446529861,"Blastomere B"
"B2",8.324494,"Ependymal_cells",0.257081014223871,0.38593416799128,0.375438115984804,0.39672686530802,-0.128853153767409,-0.139645851084149,"Blastomere B"
"B2",8.324494,"Epithelium",0.553392155616491,0.38593416799128,0.375438115984804,0.39672686530802,0.167457987625211,0.156665290308471,"Blastomere B"
"B2",8.324494,"Eye_and_other",0.340160892926055,0.38593416799128,0.375438115984804,0.39672686530802,-0.0457732750652258,-0.0565659723819654,"Blastomere B"
"B2",8.324494,"Hepatocytes",0.366186440677966,0.38593416799128,0.375438115984804,0.39672686530802,-0.0197477273133141,-0.0305404246300537,"Blastomere B"
"B2",8.324494,"Intermediate_neuronal_progenitors",0.519620137607626,0.38593416799128,0.375438115984804,0.39672686530802,0.133685969616346,0.122893272299606,"Blastomere B"
"B2",8.324494,"Intestine",0.359949077774817,0.38593416799128,0.375438115984804,0.39672686530802,-0.0259850902164632,-0.0367777875332028,"Blastomere B"
"B2",8.324494,"Lung_and_airway",0.274811509462994,0.38593416799128,0.375438115984804,0.39672686530802,-0.111122658528286,-0.121915355845026,"Blastomere B"
"B2",8.324494,"Mast_cells",0.156062813663591,0.38593416799128,0.375438115984804,0.39672686530802,-0.22987135432769,-0.240664051644429,"Blastomere B"
"B2",8.324494,"Megakaryocytes",0.24806413099096,0.38593416799128,0.375438115984804,0.39672686530802,-0.13787003700032,-0.14866273431706,"Blastomere B"
"B2",8.324494,"Mesoderm",0.618917307080591,0.38593416799128,0.375438115984804,0.39672686530802,0.232983139089311,0.222190441772571,"Blastomere B"
"B2",8.324494,"Muscle_cells",0.508387655179724,0.38593416799128,0.375438115984804,0.39672686530802,0.122453487188444,0.111660789871704,"Blastomere B"
"B2",8.324494,"Neural_crest_PNS_glia",0.409982256782175,0.38593416799128,0.375438115984804,0.39672686530802,0.024048088790895,0.0132553914741554,"Blastomere B"
"B2",8.324494,"Neural_crest_PNS_neurons",0.416614558493632,0.38593416799128,0.375438115984804,0.39672686530802,0.030680390502352,0.0198876931856124,"Blastomere B"
"B2",8.324494,"Neuroectoderm_and_glia",0.583877902401725,0.38593416799128,0.375438115984804,0.39672686530802,0.197943734410445,0.187151037093706,"Blastomere B"
"B2",8.324494,"Olfactory_sensory_neurons",0.517300730013651,0.38593416799128,0.375438115984804,0.39672686530802,0.13136656202237,0.120573864705631,"Blastomere B"
"B2",8.324494,"White_blood_cells",0.30691211262669,0.38593416799128,0.375438115984804,0.39672686530802,-0.0790220553645898,-0.0898147526813294,"Blastomere B"
"B2",8.4569434,"CNS_neurons",0.613312059714434,0.398924697187362,0.388367309271618,0.409856594324857,0.214387362527071,0.203455465389576,"Blastomere B"
"B2",8.4569434,"Definitive_erythroid",0.339386885504616,0.398924697187362,0.388367309271618,0.409856594324857,-0.0595378116827462,-0.0704697088202413,"Blastomere B"
"B2",8.4569434,"Endothelium",0.401165365819162,0.398924697187362,0.388367309271618,0.409856594324857,0.00224066863179934,-0.0086912285056957,"Blastomere B"
"B2",8.4569434,"Ependymal_cells",0.272590452110047,0.398924697187362,0.388367309271618,0.409856594324857,-0.126334245077315,-0.13726614221481,"Blastomere B"
"B2",8.4569434,"Epithelium",0.567096484601812,0.398924697187362,0.388367309271618,0.409856594324857,0.16817178741445,0.157239890276954,"Blastomere B"
"B2",8.4569434,"Eye_and_other",0.355615125762847,0.398924697187362,0.388367309271618,0.409856594324857,-0.0433095714245151,-0.0542414685620102,"Blastomere B"
"B2",8.4569434,"Hepatocytes",0.39853562005277,0.398924697187362,0.388367309271618,0.409856594324857,-0.000389077134591909,-0.0113209742720869,"Blastomere B"
"B2",8.4569434,"Intermediate_neuronal_progenitors",0.536950020876355,0.398924697187362,0.388367309271618,0.409856594324857,0.138025323688993,0.127093426551498,"Blastomere B"
"B2",8.4569434,"Intestine",0.373699446817048,0.398924697187362,0.388367309271618,0.409856594324857,-0.025225250370314,-0.0361571475078091,"Blastomere B"
"B2",8.4569434,"Lung_and_airway",0.287954168551183,0.398924697187362,0.388367309271618,0.409856594324857,-0.110970528636179,-0.121902425773674,"Blastomere B"
"B2",8.4569434,"Mast_cells",0.1651728553137,0.398924697187362,0.388367309271618,0.409856594324857,-0.233751841873662,-0.244683739011157,"Blastomere B"
"B2",8.4569434,"Megakaryocytes",0.261338661338661,0.398924697187362,0.388367309271618,0.409856594324857,-0.137586035848701,-0.148517932986196,"Blastomere B"
"B2",8.4569434,"Mesoderm",0.62694346677021,0.398924697187362,0.388367309271618,0.409856594324857,0.228018769582847,0.217086872445352,"Blastomere B"
"B2",8.4569434,"Muscle_cells",0.518785966091431,0.398924697187362,0.388367309271618,0.409856594324857,0.119861268904069,0.108929371766574,"Blastomere B"
"B2",8.4569434,"Neural_crest_PNS_glia",0.42561329949612,0.398924697187362,0.388367309271618,0.409856594324857,0.0266886023087575,0.0157567051712624,"Blastomere B"
"B2",8.4569434,"Neural_crest_PNS_neurons",0.429338790772885,0.398924697187362,0.388367309271618,0.409856594324857,0.0304140935855223,0.0194821964480272,"Blastomere B"
"B2",8.4569434,"Neuroectoderm_and_glia",0.596949286084341,0.398924697187362,0.388367309271618,0.409856594324857,0.198024588896979,0.187092691759484,"Blastomere B"
"B2",8.4569434,"Olfactory_sensory_neurons",0.555900457726101,0.398924697187362,0.388367309271618,0.409856594324857,0.156975760538739,0.146043863401243,"Blastomere B"
"B2",8.4569434,"White_blood_cells",0.318166992824527,0.398924697187362,0.388367309271618,0.409856594324857,-0.0807577043628352,-0.0916896015003302,"Blastomere B"
"B2",8.5893928,"CNS_neurons",0.622850673486887,0.410224346608935,0.399000061601179,0.421206490578211,0.212626326877951,0.201644182908676,"Blastomere B"
"B2",8.5893928,"Definitive_erythroid",0.35255530129672,0.410224346608935,0.399000061601179,0.421206490578211,-0.0576690453122154,-0.0686511892814912,"Blastomere B"
"B2",8.5893928,"Endothelium",0.408320952577185,0.410224346608935,0.399000061601179,0.421206490578211,-0.00190339403175011,-0.0128855380010259,"Blastomere B"
"B2",8.5893928,"Ependymal_cells",0.281691807157646,0.410224346608935,0.399000061601179,0.421206490578211,-0.12853253945129,-0.139514683420566,"Blastomere B"
"B2",8.5893928,"Epithelium",0.578874891433504,0.410224346608935,0.399000061601179,0.421206490578211,0.168650544824569,0.157668400855293,"Blastomere B"
"B2",8.5893928,"Eye_and_other",0.376813147074187,0.410224346608935,0.399000061601179,0.421206490578211,-0.0334111995347489,-0.0443933435040247,"Blastomere B"
"B2",8.5893928,"Hepatocytes",0.436658536585366,0.410224346608935,0.399000061601179,0.421206490578211,0.0264341899764303,0.0154520460071544,"Blastomere B"
"B2",8.5893928,"Intermediate_neuronal_progenitors",0.556920826940228,0.410224346608935,0.399000061601179,0.421206490578211,0.146696480331293,0.135714336362017,"Blastomere B"
"B2",8.5893928,"Intestine",0.378045054304047,0.410224346608935,0.399000061601179,0.421206490578211,-0.0321792923048883,-0.0431614362741641,"Blastomere B"
"B2",8.5893928,"Lung_and_airway",0.320682302771855,0.410224346608935,0.399000061601179,0.421206490578211,-0.0895420438370805,-0.100524187806356,"Blastomere B"
"B2",8.5893928,"Mast_cells",0.173761671150498,0.410224346608935,0.399000061601179,0.421206490578211,-0.236462675458437,-0.247444819427713,"Blastomere B"
"B2",8.5893928,"Megakaryocytes",0.275724275724276,0.410224346608935,0.399000061601179,0.421206490578211,-0.13450007088466,-0.145482214853936,"Blastomere B"
"B2",8.5893928,"Mesoderm",0.633984211404137,0.410224346608935,0.399000061601179,0.421206490578211,0.223759864795201,0.212777720825925,"Blastomere B"
"B2",8.5893928,"Muscle_cells",0.5307225853147,0.410224346608935,0.399000061601179,0.421206490578211,0.120498238705764,0.109516094736488,"Blastomere B"
"B2",8.5893928,"Neural_crest_PNS_glia",0.440222346917304,0.410224346608935,0.399000061601179,0.421206490578211,0.0299980003083684,0.0190158563390925,"Blastomere B"
"B2",8.5893928,"Neural_crest_PNS_neurons",0.443812939093564,0.410224346608935,0.399000061601179,0.421206490578211,0.0335885924846288,0.022606448515353,"Blastomere B"
"B2",8.5893928,"Neuroectoderm_and_glia",0.610200058694817,0.410224346608935,0.399000061601179,0.421206490578211,0.199975712085882,0.188993568116606,"Blastomere B"
"B2",8.5893928,"Olfactory_sensory_neurons",0.574560537230891,0.410224346608935,0.399000061601179,0.421206490578211,0.164336190621955,0.153354046652679,"Blastomere B"
"B2",8.5893928,"White_blood_cells",0.336989019352033,0.410224346608935,0.399000061601179,0.421206490578211,-0.0732353272569023,-0.0842174712261782,"Blastomere B"
"B2",8.7218422,"CNS_neurons",0.634162072250206,0.419863312271078,0.408786856850302,0.431086314993564,0.214298759979128,0.203075757256642,"Blastomere B"
"B2",8.7218422,"Definitive_erythroid",0.365588760035683,0.419863312271078,0.408786856850302,0.431086314993564,-0.0542745522353953,-0.0654975549578811,"Blastomere B"
"B2",8.7218422,"Endothelium",0.420127280500711,0.419863312271078,0.408786856850302,0.431086314993564,0.000263968229633482,-0.0109590344928522,"Blastomere B"
"B2",8.7218422,"Ependymal_cells",0.28785641916341,0.419863312271078,0.408786856850302,0.431086314993564,-0.132006893107668,-0.143229895830153,"Blastomere B"
"B2",8.7218422,"Epithelium",0.589962711710987,0.419863312271078,0.408786856850302,0.431086314993564,0.170099399439909,0.158876396717423,"Blastomere B"
"B2",8.7218422,"Eye_and_other",0.407279930667327,0.419863312271078,0.408786856850302,0.431086314993564,-0.0125833816037508,-0.0238063843262366,"Blastomere B"
"B2",8.7218422,"Hepatocytes",0.460968109339408,0.419863312271078,0.408786856850302,0.431086314993564,0.04110479706833,0.0298817943458443,"Blastomere B"
"B2",8.7218422,"Intermediate_neuronal_progenitors",0.574900614741915,0.419863312271078,0.408786856850302,0.431086314993564,0.155037302470838,0.143814299748352,"Blastomere B"
"B2",8.7218422,"Intestine",0.386036625245258,0.419863312271078,0.408786856850302,0.431086314993564,-0.0338266870258195,-0.0450496897483053,"Blastomere B"
"B2",8.7218422,"Lung_and_airway",0.36292223095051,0.419863312271078,0.408786856850302,0.431086314993564,-0.0569410813205674,-0.0681640840430531,"Blastomere B"
"B2",8.7218422,"Mast_cells",0.178716744913928,0.419863312271078,0.408786856850302,0.431086314993564,-0.24114656735715,-0.252369570079636,"Blastomere B"
"B2",8.7218422,"Megakaryocytes",0.281891624357378,0.419863312271078,0.408786856850302,0.431086314993564,-0.1379716879137,-0.149194690636186,"Blastomere B"
"B2",8.7218422,"Mesoderm",0.643543077998368,0.419863312271078,0.408786856850302,0.431086314993564,0.22367976572729,0.212456763004804,"Blastomere B"
"B2",8.7218422,"Muscle_cells",0.539984734739272,0.419863312271078,0.408786856850302,0.431086314993564,0.120121422468194,0.108898419745708,"Blastomere B"
"B2",8.7218422,"Neural_crest_PNS_glia",0.455472031468764,0.419863312271078,0.408786856850302,0.431086314993564,0.0356087191976866,0.0243857164752009,"Blastomere B"
"B2",8.7218422,"Neural_crest_PNS_neurons",0.45926287317755,0.419863312271078,0.408786856850302,0.431086314993564,0.0393995609064717,0.028176558183986,"Blastomere B"
"B2",8.7218422,"Neuroectoderm_and_glia",0.622443588767035,0.419863312271078,0.408786856850302,0.431086314993564,0.202580276495957,0.191357273773471,"Blastomere B"
"B2",8.7218422,"Olfactory_sensory_neurons",0.599160687694599,0.419863312271078,0.408786856850302,0.431086314993564,0.179297375423521,0.168074372701035,"Blastomere B"
"B2",8.7218422,"White_blood_cells",0.350197576396207,0.419863312271078,0.408786856850302,0.431086314993564,-0.0696657358748713,-0.0808887385973571,"Blastomere B"
"B2",8.8542916,"CNS_neurons",0.642695628652636,0.428544899671598,0.417381580289013,0.439915735836593,0.214150728981038,0.202779892816043,"Blastomere B"
"B2",8.8542916,"Definitive_erythroid",0.37668967500719,0.428544899671598,0.417381580289013,0.439915735836593,-0.0518552246644075,-0.0632260608294027,"Blastomere B"
"B2",8.8542916,"Endothelium",0.429145152036718,0.428544899671598,0.417381580289013,0.439915735836593,0.000600252365120513,-0.0107705837998747,"Blastomere B"
"B2",8.8542916,"Ependymal_cells",0.293545989824501,0.428544899671598,0.417381580289013,0.439915735836593,-0.134998909847097,-0.146369746012092,"Blastomere B"
"B2",8.8542916,"Epithelium",0.598644808573463,0.428544899671598,0.417381580289013,0.439915735836593,0.170099908901865,0.15872907273687,"Blastomere B"
"B2",8.8542916,"Eye_and_other",0.432622053920942,0.428544899671598,0.417381580289013,0.439915735836593,0.00407715424934468,-0.00729368191565055,"Blastomere B"
"B2",8.8542916,"Hepatocytes",0.472218543046358,0.428544899671598,0.417381580289013,0.439915735836593,0.04367364337476,0.0323028072097648,"Blastomere B"
"B2",8.8542916,"Intermediate_neuronal_progenitors",0.59513117575066,0.428544899671598,0.417381580289013,0.439915735836593,0.166586276079063,0.155215439914067,"Blastomere B"
"B2",8.8542916,"Intestine",0.394212511032067,0.428544899671598,0.417381580289013,0.439915735836593,-0.0343323886395311,-0.0457032248045263,"Blastomere B"
"B2",8.8542916,"Lung_and_airway",0.367553536664504,0.428544899671598,0.417381580289013,0.439915735836593,-0.060991363007094,-0.0723621991720892,"Blastomere B"
"B2",8.8542916,"Mast_cells",0.178716744913928,0.428544899671598,0.417381580289013,0.439915735836593,-0.24982815475767,-0.261198990922665,"Blastomere B"
"B2",8.8542916,"Megakaryocytes",0.296553004517606,0.428544899671598,0.417381580289013,0.439915735836593,-0.131991895153991,-0.143362731318987,"Blastomere B"
"B2",8.8542916,"Mesoderm",0.650041050710281,0.428544899671598,0.417381580289013,0.439915735836593,0.221496151038684,0.210125314873688,"Blastomere B"
"B2",8.8542916,"Muscle_cells",0.547687462515944,0.428544899671598,0.417381580289013,0.439915735836593,0.119142562844346,0.107771726679351,"Blastomere B"
"B2",8.8542916,"Neural_crest_PNS_glia",0.467948974848111,0.428544899671598,0.417381580289013,0.439915735836593,0.0394040751765131,0.0280332390115178,"Blastomere B"
"B2",8.8542916,"Neural_crest_PNS_neurons",0.470080427380533,0.428544899671598,0.417381580289013,0.439915735836593,0.0415355277089353,0.0301646915439401,"Blastomere B"
"B2",8.8542916,"Neuroectoderm_and_glia",0.634159730178669,0.428544899671598,0.417381580289013,0.439915735836593,0.205614830507072,0.194243994342076,"Blastomere B"
"B2",8.8542916,"Olfactory_sensory_neurons",0.611879095328683,0.428544899671598,0.417381580289013,0.439915735836593,0.183334195657085,0.17196335949209,"Blastomere B"
"B2",8.8542916,"White_blood_cells",0.368813623224834,0.428544899671598,0.417381580289013,0.439915735836593,-0.0597312764467641,-0.0711021126117594,"Blastomere B"
"B2",8.986741,"CNS_neurons",0.652405985526893,0.43611770279145,0.424618678150175,0.447584605842579,0.216288282735444,0.204821379684315,"Blastomere B"
"B2",8.986741,"Definitive_erythroid",0.387399053188527,0.43611770279145,0.424618678150175,0.447584605842579,-0.0487186496029228,-0.0601855526540518,"Blastomere B"
"B2",8.986741,"Endothelium",0.439438412084552,0.43611770279145,0.424618678150175,0.447584605842579,0.00332070929310246,-0.00814619375802655,"Blastomere B"
"B2",8.986741,"Ependymal_cells",0.310703873386089,0.43611770279145,0.424618678150175,0.447584605842579,-0.125413829405361,-0.13688073245649,"Blastomere B"
"B2",8.986741,"Epithelium",0.607550868288686,0.43611770279145,0.424618678150175,0.447584605842579,0.171433165497236,0.159966262446107,"Blastomere B"
"B2",8.986741,"Eye_and_other",0.457747939522952,0.43611770279145,0.424618678150175,0.447584605842579,0.0216302367315022,0.0101633336803732,"Blastomere B"
"B2",8.986741,"Hepatocytes",0.497845360824742,0.43611770279145,0.424618678150175,0.447584605842579,0.0617276580332927,0.0502607549821637,"Blastomere B"
"B2",8.986741,"Intermediate_neuronal_progenitors",0.614099915372413,0.43611770279145,0.424618678150175,0.447584605842579,0.177982212580963,0.166515309529834,"Blastomere B"
"B2",8.986741,"Intestine",0.400611379028645,0.43611770279145,0.424618678150175,0.447584605842579,-0.0355063237628043,-0.0469732268139333,"Blastomere B"
"B2",8.986741,"Lung_and_airway",0.376269910949454,0.43611770279145,0.424618678150175,0.447584605842579,-0.0598477918419953,-0.0713146948931243,"Blastomere B"
"B2",8.986741,"Mast_cells",0.178716744913928,0.43611770279145,0.424618678150175,0.447584605842579,-0.257400957877522,-0.268867860928651,"Blastomere B"
"B2",8.986741,"Megakaryocytes",0.305138339920949,0.43611770279145,0.424618678150175,0.447584605842579,-0.130979362870501,-0.14244626592163,"Blastomere B"
"B2",8.986741,"Mesoderm",0.656468597979125,0.43611770279145,0.424618678150175,0.447584605842579,0.220350895187676,0.208883992136547,"Blastomere B"
"B2",8.986741,"Muscle_cells",0.55638092055007,0.43611770279145,0.424618678150175,0.447584605842579,0.120263217758621,0.108796314707492,"Blastomere B"
"B2",8.986741,"Neural_crest_PNS_glia",0.48010155518369,0.43611770279145,0.424618678150175,0.447584605842579,0.0439838523922401,0.0325169493411111,"Blastomere B"
"B2",8.986741,"Neural_crest_PNS_neurons",0.485329975194283,0.43611770279145,0.424618678150175,0.447584605842579,0.0492122724028336,0.0377453693517046,"Blastomere B"
"B2",8.986741,"Neuroectoderm_and_glia",0.646148201340693,0.43611770279145,0.424618678150175,0.447584605842579,0.210030498549243,0.198563595498114,"Blastomere B"
"B2",8.986741,"Olfactory_sensory_neurons",0.630956948814366,0.43611770279145,0.424618678150175,0.447584605842579,0.194839246022916,0.183372342971787,"Blastomere B"
"B2",8.986741,"White_blood_cells",0.385105151456685,0.43611770279145,0.424618678150175,0.447584605842579,-0.0510125513347642,-0.0624794543858933,"Blastomere B"
"B2",9.1191904,"CNS_neurons",0.660951691306408,0.442694926812448,0.431165178221317,0.454551330839834,0.218256764493961,0.206400360466575,"Blastomere B"
"B2",9.1191904,"Definitive_erythroid",0.401848131779831,0.442694926812448,0.431165178221317,0.454551330839834,-0.0408467950326164,-0.0527031990600024,"Blastomere B"
"B2",9.1191904,"Endothelium",0.443619136741139,0.442694926812448,0.431165178221317,0.454551330839834,0.000924209928691744,-0.0109321940986942,"Blastomere B"
"B2",9.1191904,"Ependymal_cells",0.320459657966772,0.442694926812448,0.431165178221317,0.454551330839834,-0.122235268845675,-0.134091672873061,"Blastomere B"
"B2",9.1191904,"Epithelium",0.614865247794092,0.442694926812448,0.431165178221317,0.454551330839834,0.172170320981644,0.160313916954259,"Blastomere B"
"B2",9.1191904,"Eye_and_other",0.474140800532579,0.442694926812448,0.431165178221317,0.454551330839834,0.0314458737201311,0.0195894696927451,"Blastomere B"
"B2",9.1191904,"Hepatocytes",0.529579439252337,0.442694926812448,0.431165178221317,0.454551330839834,0.0868845124398889,0.0750281084125029,"Blastomere B"
"B2",9.1191904,"Intermediate_neuronal_progenitors",0.631024108346981,0.442694926812448,0.431165178221317,0.454551330839834,0.188329181534533,0.176472777507147,"Blastomere B"
"B2",9.1191904,"Intestine",0.408890030832477,0.442694926812448,0.431165178221317,0.454551330839834,-0.0338048959799708,-0.0456613000073567,"Blastomere B"
"B2",9.1191904,"Lung_and_airway",0.376865671641791,0.442694926812448,0.431165178221317,0.454551330839834,-0.0658292551706566,-0.0776856591980426,"Blastomere B"
"B2",9.1191904,"Mast_cells",0.178716744913928,0.442694926812448,0.431165178221317,0.454551330839834,-0.26397818189852,-0.275834585925906,"Blastomere B"
"B2",9.1191904,"Megakaryocytes",0.327558156129585,0.442694926812448,0.431165178221317,0.454551330839834,-0.115136770682863,-0.126993174710249,"Blastomere B"
"B2",9.1191904,"Mesoderm",0.662502933630541,0.442694926812448,0.431165178221317,0.454551330839834,0.219808006818093,0.207951602790708,"Blastomere B"
"B2",9.1191904,"Muscle_cells",0.563529397441048,0.442694926812448,0.431165178221317,0.454551330839834,0.120834470628601,0.108978066601215,"Blastomere B"
"B2",9.1191904,"Neural_crest_PNS_glia",0.496180012568873,0.442694926812448,0.431165178221317,0.454551330839834,0.0534850857564254,0.0416286817290394,"Blastomere B"
"B2",9.1191904,"Neural_crest_PNS_neurons",0.496921572952322,0.442694926812448,0.431165178221317,0.454551330839834,0.0542266461398741,0.0423702421124881,"Blastomere B"
"B2",9.1191904,"Neuroectoderm_and_glia",0.657904495940684,0.442694926812448,0.431165178221317,0.454551330839834,0.215209569128236,0.20335316510085,"Blastomere B"
"B2",9.1191904,"Olfactory_sensory_neurons",0.641939358643031,0.442694926812448,0.431165178221317,0.454551330839834,0.199244431830584,0.187388027803198,"Blastomere B"
"B2",9.1191904,"White_blood_cells",0.400305053528261,0.442694926812448,0.431165178221317,0.454551330839834,-0.0423898732841871,-0.0542462773115731,"Blastomere B"
"B2",9.2516398,"CNS_neurons",0.669690063572819,0.448705580634257,0.436956230687909,0.460660133787234,0.220984482938561,0.209029929785585,"Blastomere B"
"B2",9.2516398,"Definitive_erythroid",0.41154699015196,0.448705580634257,0.436956230687909,0.460660133787234,-0.0371585904822975,-0.0491131436352741,"Blastomere B"
"B2",9.2516398,"Endothelium",0.452639557441745,0.448705580634257,0.436956230687909,0.460660133787234,0.00393397680748775,-0.00802057634548892,"Blastomere B"
"B2",9.2516398,"Ependymal_cells",0.326530612244898,0.448705580634257,0.436956230687909,0.460660133787234,-0.122174968389359,-0.134129521542336,"Blastomere B"
"B2",9.2516398,"Epithelium",0.623858431956998,0.448705580634257,0.436956230687909,0.460660133787234,0.17515285132274,0.163198298169764,"Blastomere B"
"B2",9.2516398,"Eye_and_other",0.493181081797563,0.448705580634257,0.436956230687909,0.460660133787234,0.0444755011633059,0.0325209480103292,"Blastomere B"
"B2",9.2516398,"Hepatocytes",0.553802083333333,0.448705580634257,0.436956230687909,0.460660133787234,0.105096502699076,0.0931419495460996,"Blastomere B"
"B2",9.2516398,"Intermediate_neuronal_progenitors",0.649270708079379,0.448705580634257,0.436956230687909,0.460660133787234,0.200565127445121,0.188610574292145,"Blastomere B"
"B2",9.2516398,"Intestine",0.413227312886533,0.448705580634257,0.436956230687909,0.460660133787234,-0.0354782677477243,-0.0474328209007009,"Blastomere B"
"B2",9.2516398,"Lung_and_airway",0.407265995603379,0.448705580634257,0.436956230687909,0.460660133787234,-0.0414395850308787,-0.0533941381838554,"Blastomere B"
"B2",9.2516398,"Mast_cells",0.178716744913928,0.448705580634257,0.436956230687909,0.460660133787234,-0.269988835720329,-0.281943388873306,"Blastomere B"
"B2",9.2516398,"Megakaryocytes",0.333192911506165,0.448705580634257,0.436956230687909,0.460660133787234,-0.115512669128093,-0.127467222281069,"Blastomere B"
"B2",9.2516398,"Mesoderm",0.668851572871039,0.448705580634257,0.436956230687909,0.460660133787234,0.220145992236782,0.208191439083805,"Blastomere B"
"B2",9.2516398,"Muscle_cells",0.569776266996292,0.448705580634257,0.436956230687909,0.460660133787234,0.121070686362035,0.109116133209058,"Blastomere B"
"B2",9.2516398,"Neural_crest_PNS_glia",0.506702615620559,0.448705580634257,0.436956230687909,0.460660133787234,0.0579970349863018,0.0460424818333252,"Blastomere B"
"B2",9.2516398,"Neural_crest_PNS_neurons",0.506672518836672,0.448705580634257,0.436956230687909,0.460660133787234,0.057966938202415,0.0460123850494384,"Blastomere B"
"B2",9.2516398,"Neuroectoderm_and_glia",0.668873711210508,0.448705580634257,0.436956230687909,0.460660133787234,0.220168130576251,0.208213577423274,"Blastomere B"
"B2",9.2516398,"Olfactory_sensory_neurons",0.649330655957162,0.448705580634257,0.436956230687909,0.460660133787234,0.200625075322905,0.188670522169928,"Blastomere B"
"B2",9.2516398,"White_blood_cells",0.412973735041407,0.448705580634257,0.436956230687909,0.460660133787234,-0.0357318455928504,-0.0476863987458271,"Blastomere B"
"B2",9.3840892,"CNS_neurons",0.677748846315792,0.453809863836893,0.442190586657657,0.465749734857544,0.223938982478899,0.211999111458248,"Blastomere B"
"B2",9.3840892,"Definitive_erythroid",0.424070091093117,0.453809863836893,0.442190586657657,0.465749734857544,-0.0297397727437755,-0.0416796437644266,"Blastomere B"
"B2",9.3840892,"Endothelium",0.459839357429719,0.453809863836893,0.442190586657657,0.465749734857544,0.00602949359282584,-0.00591037742782524,"Blastomere B"
"B2",9.3840892,"Ependymal_cells",0.331338550457777,0.453809863836893,0.442190586657657,0.465749734857544,-0.122471313379116,-0.134411184399767,"Blastomere B"
"B2",9.3840892,"Epithelium",0.631821075531851,0.453809863836893,0.442190586657657,0.465749734857544,0.178011211694958,0.166071340674307,"Blastomere B"
"B2",9.3840892,"Eye_and_other",0.513075189209991,0.453809863836893,0.442190586657657,0.465749734857544,0.0592653253730979,0.0473254543524468,"Blastomere B"
"B2",9.3840892,"Hepatocytes",0.575418679549114,0.453809863836893,0.442190586657657,0.465749734857544,0.121608815712221,0.10966894469157,"Blastomere B"
"B2",9.3840892,"Intermediate_neuronal_progenitors",0.665246486482023,0.453809863836893,0.442190586657657,0.465749734857544,0.21143662264513,0.199496751624479,"Blastomere B"
"B2",9.3840892,"Intestine",0.422373364107349,0.453809863836893,0.442190586657657,0.465749734857544,-0.0314364997295441,-0.0433763707501952,"Blastomere B"
"B2",9.3840892,"Lung_and_airway",0.414970601537766,0.453809863836893,0.442190586657657,0.465749734857544,-0.0388392622991274,-0.0507791333197785,"Blastomere B"
"B2",9.3840892,"Mast_cells",0.178716744913928,0.453809863836893,0.442190586657657,0.465749734857544,-0.275093118922965,-0.287032989943616,"Blastomere B"
"B2",9.3840892,"Megakaryocytes",0.348994755244755,0.453809863836893,0.442190586657657,0.465749734857544,-0.104815108592138,-0.116754979612789,"Blastomere B"
"B2",9.3840892,"Mesoderm",0.674571298692094,0.453809863836893,0.442190586657657,0.465749734857544,0.220761434855201,0.20882156383455,"Blastomere B"
"B2",9.3840892,"Muscle_cells",0.575282801291604,0.453809863836893,0.442190586657657,0.465749734857544,0.121472937454711,0.10953306643406,"Blastomere B"
"B2",9.3840892,"Neural_crest_PNS_glia",0.515535980216687,0.453809863836893,0.442190586657657,0.465749734857544,0.0617261163797943,0.0497862453591432,"Blastomere B"
"B2",9.3840892,"Neural_crest_PNS_neurons",0.51681989556241,0.453809863836893,0.442190586657657,0.465749734857544,0.0630100317255174,0.0510701607048664,"Blastomere B"
"B2",9.3840892,"Neuroectoderm_and_glia",0.679850494392474,0.453809863836893,0.442190586657657,0.465749734857544,0.226040630555581,0.21410075953493,"Blastomere B"
"B2",9.3840892,"Olfactory_sensory_neurons",0.66021599350771,0.453809863836893,0.442190586657657,0.465749734857544,0.206406129670817,0.194466258650165,"Blastomere B"
"B2",9.3840892,"White_blood_cells",0.428510273972603,0.453809863836893,0.442190586657657,0.465749734857544,-0.0252995898642903,-0.0372394608849414,"Blastomere B"
"B2",9.5165386,"CNS_neurons",0.685043599309194,0.45869262854641,0.446782231097076,0.470837279368735,0.226350970762784,0.214206319940459,"Blastomere B"
"B2",9.5165386,"Definitive_erythroid",0.434370575561711,0.45869262854641,0.446782231097076,0.470837279368735,-0.0243220529846991,-0.0364667038070239,"Blastomere B"
"B2",9.5165386,"Endothelium",0.464373820262066,0.45869262854641,0.446782231097076,0.470837279368735,0.00568119171565534,-0.00646345910666951,"Blastomere B"
"B2",9.5165386,"Ependymal_cells",0.34108994151166,0.45869262854641,0.446782231097076,0.470837279368735,-0.11760268703475,-0.129747337857075,"Blastomere B"
"B2",9.5165386,"Epithelium",0.639391802318412,0.45869262854641,0.446782231097076,0.470837279368735,0.180699173772001,0.168554522949676,"Blastomere B"
"B2",9.5165386,"Eye_and_other",0.531440301648243,0.45869262854641,0.446782231097076,0.470837279368735,0.0727476731018326,0.0606030222795078,"Blastomere B"
"B2",9.5165386,"Hepatocytes",0.599325513196481,0.45869262854641,0.446782231097076,0.470837279368735,0.140632884650071,0.128488233827746,"Blastomere B"
"B2",9.5165386,"Intermediate_neuronal_progenitors",0.679583086491935,0.45869262854641,0.446782231097076,0.470837279368735,0.220890457945525,0.2087458071232,"Blastomere B"
"B2",9.5165386,"Intestine",0.433131640383058,0.45869262854641,0.446782231097076,0.470837279368735,-0.0255609881633527,-0.0377056389856776,"Blastomere B"
"B2",9.5165386,"Lung_and_airway",0.421251949209178,0.45869262854641,0.446782231097076,0.470837279368735,-0.0374406793372324,-0.0495853301595573,"Blastomere B"
"B2",9.5165386,"Mast_cells",0.183253366351958,0.45869262854641,0.446782231097076,0.470837279368735,-0.275439262194453,-0.287583913016777,"Blastomere B"
"B2",9.5165386,"Megakaryocytes",0.369794384719758,0.45869262854641,0.446782231097076,0.470837279368735,-0.0888982438266526,-0.101042894648977,"Blastomere B"
"B2",9.5165386,"Mesoderm",0.680330327285238,0.45869262854641,0.446782231097076,0.470837279368735,0.221637698738827,0.209493047916502,"Blastomere B"
"B2",9.5165386,"Muscle_cells",0.58398129192011,0.45869262854641,0.446782231097076,0.470837279368735,0.125288663373699,0.113144012551374,"Blastomere B"
"B2",9.5165386,"Neural_crest_PNS_glia",0.524542117312702,0.45869262854641,0.446782231097076,0.470837279368735,0.0658494887662919,0.0537048379439671,"Blastomere B"
"B2",9.5165386,"Neural_crest_PNS_neurons",0.525417457767392,0.45869262854641,0.446782231097076,0.470837279368735,0.0667248292209817,0.0545801783986568,"Blastomere B"
"B2",9.5165386,"Neuroectoderm_and_glia",0.68888878286026,0.45869262854641,0.446782231097076,0.470837279368735,0.23019615431385,0.218051503491525,"Blastomere B"
"B2",9.5165386,"Olfactory_sensory_neurons",0.666785661163171,0.45869262854641,0.446782231097076,0.470837279368735,0.208093032616761,0.195948381794436,"Blastomere B"
"B2",9.5165386,"White_blood_cells",0.443616933487374,0.45869262854641,0.446782231097076,0.470837279368735,-0.0150756950590363,-0.0272203458813611,"Blastomere B"
"B2",9.648988,"CNS_neurons",0.692315784783394,0.462925371094646,0.450794959229612,0.474914469540705,0.229390413688748,0.217401315242689,"Blastomere B"
"B2",9.648988,"Definitive_erythroid",0.44482686190962,0.462925371094646,0.450794959229612,0.474914469540705,-0.0180985091850258,-0.0300876076310847,"Blastomere B"
"B2",9.648988,"Endothelium",0.469413367756741,0.462925371094646,0.450794959229612,0.474914469540705,0.00648799666209521,-0.00550110178396374,"Blastomere B"
"B2",9.648988,"Ependymal_cells",0.340536214485794,0.462925371094646,0.450794959229612,0.474914469540705,-0.122389156608852,-0.134378255054911,"Blastomere B"
"B2",9.648988,"Epithelium",0.645396455241235,0.462925371094646,0.450794959229612,0.474914469540705,0.182471084146589,0.17048198570053,"Blastomere B"
"B2",9.648988,"Eye_and_other",0.551915089986156,0.462925371094646,0.450794959229612,0.474914469540705,0.0889897188915101,0.0770006204454512,"Blastomere B"
"B2",9.648988,"Hepatocytes",0.620242587601078,0.462925371094646,0.450794959229612,0.474914469540705,0.157317216506432,0.145328118060373,"Blastomere B"
"B2",9.648988,"Intermediate_neuronal_progenitors",0.691902526778225,0.462925371094646,0.450794959229612,0.474914469540705,0.228977155683579,0.21698805723752,"Blastomere B"
"B2",9.648988,"Intestine",0.43851977241736,0.462925371094646,0.450794959229612,0.474914469540705,-0.0244055986772858,-0.0363946971233447,"Blastomere B"
"B2",9.648988,"Lung_and_airway",0.434328358208955,0.462925371094646,0.450794959229612,0.474914469540705,-0.0285970128856908,-0.0405861113317498,"Blastomere B"
"B2",9.648988,"Mast_cells",0.191125246100257,0.462925371094646,0.450794959229612,0.474914469540705,-0.271800124994389,-0.283789223440448,"Blastomere B"
"B2",9.648988,"Megakaryocytes",0.387922546767312,0.462925371094646,0.450794959229612,0.474914469540705,-0.0750028243273339,-0.0869919227733928,"Blastomere B"
"B2",9.648988,"Mesoderm",0.68517330750702,0.462925371094646,0.450794959229612,0.474914469540705,0.222247936412375,0.210258837966316,"Blastomere B"
"B2",9.648988,"Muscle_cells",0.590378052179631,0.462925371094646,0.450794959229612,0.474914469540705,0.127452681084985,0.115463582638926,"Blastomere B"
"B2",9.648988,"Neural_crest_PNS_glia",0.531994891264189,0.462925371094646,0.450794959229612,0.474914469540705,0.0690695201695432,0.0570804217234843,"Blastomere B"
"B2",9.648988,"Neural_crest_PNS_neurons",0.534951323767559,0.462925371094646,0.450794959229612,0.474914469540705,0.0720259526729133,0.0600368542268543,"Blastomere B"
"B2",9.648988,"Neuroectoderm_and_glia",0.697559256249687,0.462925371094646,0.450794959229612,0.474914469540705,0.234633885155041,0.222644786708982,"Blastomere B"
"B2",9.648988,"Olfactory_sensory_neurons",0.670312455495742,0.462925371094646,0.450794959229612,0.474914469540705,0.207387084401096,0.195397985955037,"Blastomere B"
"B2",9.648988,"White_blood_cells",0.459215442092154,0.462925371094646,0.450794959229612,0.474914469540705,-0.00370992900249167,-0.0156990274485506,"Blastomere B"
"B2",9.7814374,"CNS_neurons",0.699170175268311,0.466530833673357,0.454352704318372,0.478826610710703,0.232639341594954,0.220343564557608,"Blastomere B"
"B2",9.7814374,"Definitive_erythroid",0.455916676391644,0.466530833673357,0.454352704318372,0.478826610710703,-0.0106141572817127,-0.0229099343190584,"Blastomere B"
"B2",9.7814374,"Endothelium",0.474336940191625,0.466530833673357,0.454352704318372,0.478826610710703,0.00780610651826824,-0.00448967051907739,"Blastomere B"
"B2",9.7814374,"Ependymal_cells",0.353498542274053,0.466530833673357,0.454352704318372,0.478826610710703,-0.113032291399304,-0.12532806843665,"Blastomere B"
"B2",9.7814374,"Epithelium",0.651793664614114,0.466530833673357,0.454352704318372,0.478826610710703,0.185262830940757,0.172967053903411,"Blastomere B"
"B2",9.7814374,"Eye_and_other",0.568155221121522,0.466530833673357,0.454352704318372,0.478826610710703,0.101624387448165,0.0893286104108191,"Blastomere B"
"B2",9.7814374,"Hepatocytes",0.645849514563107,0.466530833673357,0.454352704318372,0.478826610710703,0.17931868088975,0.167022903852404,"Blastomere B"
"B2",9.7814374,"Intermediate_neuronal_progenitors",0.7059963099631,0.466530833673357,0.454352704318372,0.478826610710703,0.239465476289743,0.227169699252397,"Blastomere B"
"B2",9.7814374,"Intestine",0.448418408130638,0.466530833673357,0.454352704318372,0.478826610710703,-0.0181124255427187,-0.0304082025800643,"Blastomere B"
"B2",9.7814374,"Lung_and_airway",0.446358809976961,0.466530833673357,0.454352704318372,0.478826610710703,-0.0201720236963961,-0.0324678007337418,"Blastomere B"
"B2",9.7814374,"Mast_cells",0.191125246100257,0.466530833673357,0.454352704318372,0.478826610710703,-0.2754055875731,-0.287701364610445,"Blastomere B"
"B2",9.7814374,"Megakaryocytes",0.402097902097902,0.466530833673357,0.454352704318372,0.478826610710703,-0.0644329315754549,-0.0767287086128006,"Blastomere B"
"B2",9.7814374,"Mesoderm",0.68993525048002,0.466530833673357,0.454352704318372,0.478826610710703,0.223404416806663,0.211108639769317,"Blastomere B"
"B2",9.7814374,"Muscle_cells",0.595673829469683,0.466530833673357,0.454352704318372,0.478826610710703,0.129142995796325,0.11684721875898,"Blastomere B"
"B2",9.7814374,"Neural_crest_PNS_glia",0.539153435856534,0.466530833673357,0.454352704318372,0.478826610710703,0.072622602183177,0.0603268251458313,"Blastomere B"
"B2",9.7814374,"Neural_crest_PNS_neurons",0.545312563938183,0.466530833673357,0.454352704318372,0.478826610710703,0.0787817302648258,0.0664859532274802,"Blastomere B"
"B2",9.7814374,"Neuroectoderm_and_glia",0.706611192627756,0.466530833673357,0.454352704318372,0.478826610710703,0.240080358954399,0.227784581917054,"Blastomere B"
"B2",9.7814374,"Olfactory_sensory_neurons",0.679432013769363,0.466530833673357,0.454352704318372,0.478826610710703,0.212901180096006,0.20060540305866,"Blastomere B"
"B2",9.7814374,"White_blood_cells",0.471598301063748,0.466530833673357,0.454352704318372,0.478826610710703,0.00506746739039132,-0.00722830964695431,"Blastomere B"
"B2",9.9138868,"CNS_neurons",0.70596481526641,0.469813953656278,0.457693157031918,0.482044305640632,0.236150861610132,0.223920509625778,"Blastomere B"
"B2",9.9138868,"Definitive_erythroid",0.468186389540731,0.469813953656278,0.457693157031918,0.482044305640632,-0.00162756411554726,-0.0138579160999012,"Blastomere B"
"B2",9.9138868,"Endothelium",0.48364423161285,0.469813953656278,0.457693157031918,0.482044305640632,0.0138302779565722,0.00159992597221825,"Blastomere B"
"B2",9.9138868,"Ependymal_cells",0.360236080494916,0.469813953656278,0.457693157031918,0.482044305640632,-0.109577873161362,-0.121808225145716,"Blastomere B"
"B2",9.9138868,"Epithelium",0.658115527373956,0.469813953656278,0.457693157031918,0.482044305640632,0.188301573717678,0.176071221733324,"Blastomere B"
"B2",9.9138868,"Eye_and_other",0.58117987138578,0.469813953656278,0.457693157031918,0.482044305640632,0.111365917729502,0.0991355657451478,"Blastomere B"
"B2",9.9138868,"Hepatocytes",0.662201783723523,0.469813953656278,0.457693157031918,0.482044305640632,0.192387830067245,0.180157478082891,"Blastomere B"
"B2",9.9138868,"Intermediate_neuronal_progenitors",0.719326109762092,0.469813953656278,0.457693157031918,0.482044305640632,0.249512156105813,0.23728180412146,"Blastomere B"
"B2",9.9138868,"Intestine",0.455769963468478,0.469813953656278,0.457693157031918,0.482044305640632,-0.0140439901878006,-0.0262743421721545,"Blastomere B"
"B2",9.9138868,"Lung_and_airway",0.463719140148315,0.469813953656278,0.457693157031918,0.482044305640632,-0.00609481350796298,-0.0183251654923169,"Blastomere B"
"B2",9.9138868,"Mast_cells",0.197479614529281,0.469813953656278,0.457693157031918,0.482044305640632,-0.272334339126997,-0.284564691111351,"Blastomere B"
"B2",9.9138868,"Megakaryocytes",0.412285389029575,0.469813953656278,0.457693157031918,0.482044305640632,-0.057528564626703,-0.0697589166110569,"Blastomere B"
"B2",9.9138868,"Mesoderm",0.695084217714172,0.469813953656278,0.457693157031918,0.482044305640632,0.225270264057894,0.21303991207354,"Blastomere B"
"B2",9.9138868,"Muscle_cells",0.601048142713033,0.469813953656278,0.457693157031918,0.482044305640632,0.131234189056755,0.119003837072401,"Blastomere B"
"B2",9.9138868,"Neural_crest_PNS_glia",0.548085744637188,0.469813953656278,0.457693157031918,0.482044305640632,0.0782717909809099,0.066041438996556,"Blastomere B"
"B2",9.9138868,"Neural_crest_PNS_neurons",0.552715167671302,0.469813953656278,0.457693157031918,0.482044305640632,0.0829012140150238,0.0706708620306699,"Blastomere B"
"B2",9.9138868,"Neuroectoderm_and_glia",0.715640386888231,0.469813953656278,0.457693157031918,0.482044305640632,0.245826433231953,0.233596081247599,"Blastomere B"
"B2",9.9138868,"Olfactory_sensory_neurons",0.686151055836248,0.469813953656278,0.457693157031918,0.482044305640632,0.21633710217997,0.204106750195616,"Blastomere B"
"B2",9.9138868,"White_blood_cells",0.48463201896455,0.469813953656278,0.457693157031918,0.482044305640632,0.014818065308272,0.00258771332391811,"Blastomere B"
