"blastomere","rank","size","blast"
"B1",1,29176,"Blastomere A"
"B1",2,27774,"Blastomere A"
"B1",3,18568,"Blastomere A"
"B1",4,15419,"Blastomere A"
"B1",5,12566,"Blastomere A"
"B1",6,11437,"Blastomere A"
"B1",7,9118,"Blastomere A"
"B1",8,8914,"Blastomere A"
"B1",9,8528,"Blastomere A"
"B1",10,7480,"Blastomere A"
"B1",11,7072,"Blastomere A"
"B1",12,6112,"Blastomere A"
"B1",13,5562,"Blastomere A"
"B1",14,5431,"Blastomere A"
"B1",15,5406,"Blastomere A"
"B1",16,5350,"Blastomere A"
"B1",17,5327,"Blastomere A"
"B1",18,4738,"Blastomere A"
"B1",19,4570,"Blastomere A"
"B1",20,4375,"Blastomere A"
"B1",21,4293,"Blastomere A"
"B1",22,4098,"Blastomere A"
"B1",23,4027,"Blastomere A"
"B1",24,4011,"Blastomere A"
"B1",25,4002,"Blastomere A"
"B1",26,3979,"Blastomere A"
"B1",27,3945,"Blastomere A"
"B1",28,3942,"Blastomere A"
"B1",29,3808,"Blastomere A"
"B1",30,3773,"Blastomere A"
"B1",31,3667,"Blastomere A"
"B1",32,3393,"Blastomere A"
"B1",33,3211,"Blastomere A"
"B1",34,3162,"Blastomere A"
"B1",35,3151,"Blastomere A"
"B1",36,3044,"Blastomere A"
"B1",37,2984,"Blastomere A"
"B1",38,2895,"Blastomere A"
"B1",39,2886,"Blastomere A"
"B1",40,2792,"Blastomere A"
"B1",41,2772,"Blastomere A"
"B1",42,2732,"Blastomere A"
"B1",43,2716,"Blastomere A"
"B1",44,2701,"Blastomere A"
"B1",45,2659,"Blastomere A"
"B1",46,2642,"Blastomere A"
"B1",47,2639,"Blastomere A"
"B1",48,2610,"Blastomere A"
"B1",49,2604,"Blastomere A"
"B1",50,2598,"Blastomere A"
"B1",51,2598,"Blastomere A"
"B1",52,2565,"Blastomere A"
"B1",53,2565,"Blastomere A"
"B1",54,2562,"Blastomere A"
"B1",55,2552,"Blastomere A"
"B1",56,2514,"Blastomere A"
"B1",57,2374,"Blastomere A"
"B1",58,2373,"Blastomere A"
"B1",59,2353,"Blastomere A"
"B1",60,2333,"Blastomere A"
"B1",61,2302,"Blastomere A"
"B1",62,2294,"Blastomere A"
"B1",63,2286,"Blastomere A"
"B1",64,2230,"Blastomere A"
"B1",65,2224,"Blastomere A"
"B1",66,2219,"Blastomere A"
"B1",67,2159,"Blastomere A"
"B1",68,2110,"Blastomere A"
"B1",69,2088,"Blastomere A"
"B1",70,2063,"Blastomere A"
"B1",71,2041,"Blastomere A"
"B1",72,2021,"Blastomere A"
"B1",73,2008,"Blastomere A"
"B1",74,1985,"Blastomere A"
"B1",75,1981,"Blastomere A"
"B1",76,1976,"Blastomere A"
"B1",77,1953,"Blastomere A"
"B1",78,1900,"Blastomere A"
"B1",79,1899,"Blastomere A"
"B1",80,1897,"Blastomere A"
"B1",81,1890,"Blastomere A"
"B1",82,1881,"Blastomere A"
"B1",83,1858,"Blastomere A"
"B1",84,1845,"Blastomere A"
"B1",85,1827,"Blastomere A"
"B1",86,1815,"Blastomere A"
"B1",87,1814,"Blastomere A"
"B1",88,1801,"Blastomere A"
"B1",89,1797,"Blastomere A"
"B1",90,1796,"Blastomere A"
"B1",91,1774,"Blastomere A"
"B1",92,1766,"Blastomere A"
"B1",93,1749,"Blastomere A"
"B1",94,1744,"Blastomere A"
"B1",95,1669,"Blastomere A"
"B1",96,1630,"Blastomere A"
"B1",97,1594,"Blastomere A"
"B1",98,1587,"Blastomere A"
"B1",99,1582,"Blastomere A"
"B1",100,1577,"Blastomere A"
"B1",101,1556,"Blastomere A"
"B1",102,1554,"Blastomere A"
"B1",103,1549,"Blastomere A"
"B1",104,1545,"Blastomere A"
"B1",105,1529,"Blastomere A"
"B1",106,1506,"Blastomere A"
"B1",107,1474,"Blastomere A"
"B1",108,1466,"Blastomere A"
"B1",109,1451,"Blastomere A"
"B1",110,1449,"Blastomere A"
"B1",111,1449,"Blastomere A"
"B1",112,1440,"Blastomere A"
"B1",113,1436,"Blastomere A"
"B1",114,1416,"Blastomere A"
"B1",115,1393,"Blastomere A"
"B1",116,1391,"Blastomere A"
"B1",117,1376,"Blastomere A"
"B1",118,1347,"Blastomere A"
"B1",119,1337,"Blastomere A"
"B1",120,1324,"Blastomere A"
"B1",121,1306,"Blastomere A"
"B1",122,1302,"Blastomere A"
"B1",123,1301,"Blastomere A"
"B1",124,1287,"Blastomere A"
"B1",125,1276,"Blastomere A"
"B1",126,1271,"Blastomere A"
"B1",127,1268,"Blastomere A"
"B1",128,1263,"Blastomere A"
"B1",129,1259,"Blastomere A"
"B1",130,1257,"Blastomere A"
"B1",131,1254,"Blastomere A"
"B1",132,1252,"Blastomere A"
"B1",133,1238,"Blastomere A"
"B1",134,1236,"Blastomere A"
"B1",135,1227,"Blastomere A"
"B1",136,1225,"Blastomere A"
"B1",137,1213,"Blastomere A"
"B1",138,1212,"Blastomere A"
"B1",139,1204,"Blastomere A"
"B1",140,1192,"Blastomere A"
"B1",141,1190,"Blastomere A"
"B1",142,1189,"Blastomere A"
"B1",143,1177,"Blastomere A"
"B1",144,1173,"Blastomere A"
"B1",145,1160,"Blastomere A"
"B1",146,1138,"Blastomere A"
"B1",147,1138,"Blastomere A"
"B1",148,1135,"Blastomere A"
"B1",149,1128,"Blastomere A"
"B1",150,1128,"Blastomere A"
"B1",151,1125,"Blastomere A"
"B1",152,1120,"Blastomere A"
"B1",153,1115,"Blastomere A"
"B1",154,1114,"Blastomere A"
"B1",155,1110,"Blastomere A"
"B1",156,1108,"Blastomere A"
"B1",157,1106,"Blastomere A"
"B1",158,1098,"Blastomere A"
"B1",159,1094,"Blastomere A"
"B1",160,1087,"Blastomere A"
"B1",161,1082,"Blastomere A"
"B1",162,1074,"Blastomere A"
"B1",163,1074,"Blastomere A"
"B1",164,1068,"Blastomere A"
"B1",165,1065,"Blastomere A"
"B1",166,1058,"Blastomere A"
"B1",167,1052,"Blastomere A"
"B1",168,1043,"Blastomere A"
"B1",169,1036,"Blastomere A"
"B1",170,1028,"Blastomere A"
"B1",171,1022,"Blastomere A"
"B1",172,1022,"Blastomere A"
"B1",173,1019,"Blastomere A"
"B1",174,1016,"Blastomere A"
"B1",175,1008,"Blastomere A"
"B1",176,997,"Blastomere A"
"B1",177,997,"Blastomere A"
"B1",178,992,"Blastomere A"
"B1",179,986,"Blastomere A"
"B1",180,981,"Blastomere A"
"B1",181,979,"Blastomere A"
"B1",182,977,"Blastomere A"
"B1",183,975,"Blastomere A"
"B1",184,973,"Blastomere A"
"B1",185,968,"Blastomere A"
"B1",186,968,"Blastomere A"
"B1",187,961,"Blastomere A"
"B1",188,952,"Blastomere A"
"B1",189,942,"Blastomere A"
"B1",190,929,"Blastomere A"
"B1",191,927,"Blastomere A"
"B1",192,922,"Blastomere A"
"B1",193,920,"Blastomere A"
"B1",194,911,"Blastomere A"
"B1",195,905,"Blastomere A"
"B1",196,887,"Blastomere A"
"B1",197,886,"Blastomere A"
"B1",198,878,"Blastomere A"
"B1",199,867,"Blastomere A"
"B1",200,860,"Blastomere A"
"B1",201,857,"Blastomere A"
"B1",202,857,"Blastomere A"
"B1",203,852,"Blastomere A"
"B1",204,849,"Blastomere A"
"B1",205,833,"Blastomere A"
"B1",206,832,"Blastomere A"
"B1",207,829,"Blastomere A"
"B1",208,824,"Blastomere A"
"B1",209,820,"Blastomere A"
"B1",210,817,"Blastomere A"
"B1",211,799,"Blastomere A"
"B1",212,797,"Blastomere A"
"B1",213,797,"Blastomere A"
"B1",214,796,"Blastomere A"
"B1",215,790,"Blastomere A"
"B1",216,786,"Blastomere A"
"B1",217,785,"Blastomere A"
"B1",218,780,"Blastomere A"
"B1",219,778,"Blastomere A"
"B1",220,778,"Blastomere A"
"B1",221,772,"Blastomere A"
"B1",222,764,"Blastomere A"
"B1",223,761,"Blastomere A"
"B1",224,757,"Blastomere A"
"B1",225,755,"Blastomere A"
"B1",226,751,"Blastomere A"
"B1",227,749,"Blastomere A"
"B1",228,743,"Blastomere A"
"B1",229,742,"Blastomere A"
"B1",230,740,"Blastomere A"
"B1",231,739,"Blastomere A"
"B1",232,739,"Blastomere A"
"B1",233,732,"Blastomere A"
"B1",234,732,"Blastomere A"
"B1",235,726,"Blastomere A"
"B1",236,726,"Blastomere A"
"B1",237,725,"Blastomere A"
"B1",238,722,"Blastomere A"
"B1",239,716,"Blastomere A"
"B1",240,716,"Blastomere A"
"B1",241,716,"Blastomere A"
"B1",242,714,"Blastomere A"
"B1",243,710,"Blastomere A"
"B1",244,700,"Blastomere A"
"B1",245,697,"Blastomere A"
"B1",246,690,"Blastomere A"
"B1",247,686,"Blastomere A"
"B1",248,685,"Blastomere A"
"B1",249,682,"Blastomere A"
"B1",250,681,"Blastomere A"
"B1",251,679,"Blastomere A"
"B1",252,674,"Blastomere A"
"B1",253,672,"Blastomere A"
"B1",254,668,"Blastomere A"
"B1",255,663,"Blastomere A"
"B1",256,661,"Blastomere A"
"B1",257,650,"Blastomere A"
"B1",258,647,"Blastomere A"
"B1",259,645,"Blastomere A"
"B1",260,638,"Blastomere A"
"B1",261,636,"Blastomere A"
"B1",262,636,"Blastomere A"
"B1",263,634,"Blastomere A"
"B1",264,634,"Blastomere A"
"B1",265,633,"Blastomere A"
"B1",266,626,"Blastomere A"
"B1",267,622,"Blastomere A"
"B1",268,620,"Blastomere A"
"B1",269,618,"Blastomere A"
"B1",270,613,"Blastomere A"
"B1",271,606,"Blastomere A"
"B1",272,604,"Blastomere A"
"B1",273,602,"Blastomere A"
"B1",274,602,"Blastomere A"
"B1",275,601,"Blastomere A"
"B1",276,596,"Blastomere A"
"B1",277,589,"Blastomere A"
"B1",278,585,"Blastomere A"
"B1",279,583,"Blastomere A"
"B1",280,582,"Blastomere A"
"B1",281,580,"Blastomere A"
"B1",282,579,"Blastomere A"
"B1",283,573,"Blastomere A"
"B1",284,573,"Blastomere A"
"B1",285,572,"Blastomere A"
"B1",286,571,"Blastomere A"
"B1",287,566,"Blastomere A"
"B1",288,565,"Blastomere A"
"B1",289,561,"Blastomere A"
"B1",290,556,"Blastomere A"
"B1",291,554,"Blastomere A"
"B1",292,550,"Blastomere A"
"B1",293,550,"Blastomere A"
"B1",294,548,"Blastomere A"
"B1",295,541,"Blastomere A"
"B1",296,539,"Blastomere A"
"B1",297,538,"Blastomere A"
"B1",298,536,"Blastomere A"
"B1",299,536,"Blastomere A"
"B1",300,535,"Blastomere A"
"B1",301,530,"Blastomere A"
"B1",302,529,"Blastomere A"
"B1",303,523,"Blastomere A"
"B1",304,517,"Blastomere A"
"B1",305,517,"Blastomere A"
"B1",306,503,"Blastomere A"
"B1",307,500,"Blastomere A"
"B1",308,498,"Blastomere A"
"B1",309,497,"Blastomere A"
"B1",310,488,"Blastomere A"
"B1",311,487,"Blastomere A"
"B1",312,482,"Blastomere A"
"B1",313,481,"Blastomere A"
"B1",314,481,"Blastomere A"
"B1",315,477,"Blastomere A"
"B1",316,476,"Blastomere A"
"B1",317,473,"Blastomere A"
"B1",318,472,"Blastomere A"
"B1",319,470,"Blastomere A"
"B1",320,470,"Blastomere A"
"B1",321,469,"Blastomere A"
"B1",322,469,"Blastomere A"
"B1",323,467,"Blastomere A"
"B1",324,466,"Blastomere A"
"B1",325,466,"Blastomere A"
"B1",326,460,"Blastomere A"
"B1",327,454,"Blastomere A"
"B1",328,454,"Blastomere A"
"B1",329,450,"Blastomere A"
"B1",330,449,"Blastomere A"
"B1",331,447,"Blastomere A"
"B1",332,447,"Blastomere A"
"B1",333,446,"Blastomere A"
"B1",334,445,"Blastomere A"
"B1",335,444,"Blastomere A"
"B1",336,441,"Blastomere A"
"B1",337,440,"Blastomere A"
"B1",338,439,"Blastomere A"
"B1",339,437,"Blastomere A"
"B1",340,436,"Blastomere A"
"B1",341,435,"Blastomere A"
"B1",342,434,"Blastomere A"
"B1",343,433,"Blastomere A"
"B1",344,431,"Blastomere A"
"B1",345,428,"Blastomere A"
"B1",346,428,"Blastomere A"
"B1",347,426,"Blastomere A"
"B1",348,426,"Blastomere A"
"B1",349,426,"Blastomere A"
"B1",350,424,"Blastomere A"
"B1",351,423,"Blastomere A"
"B1",352,423,"Blastomere A"
"B1",353,422,"Blastomere A"
"B1",354,420,"Blastomere A"
"B1",355,417,"Blastomere A"
"B1",356,415,"Blastomere A"
"B1",357,415,"Blastomere A"
"B1",358,415,"Blastomere A"
"B1",359,413,"Blastomere A"
"B1",360,413,"Blastomere A"
"B1",361,413,"Blastomere A"
"B1",362,412,"Blastomere A"
"B1",363,411,"Blastomere A"
"B1",364,402,"Blastomere A"
"B1",365,400,"Blastomere A"
"B1",366,399,"Blastomere A"
"B1",367,398,"Blastomere A"
"B1",368,395,"Blastomere A"
"B1",369,394,"Blastomere A"
"B1",370,392,"Blastomere A"
"B1",371,392,"Blastomere A"
"B1",372,391,"Blastomere A"
"B1",373,391,"Blastomere A"
"B1",374,389,"Blastomere A"
"B1",375,388,"Blastomere A"
"B1",376,385,"Blastomere A"
"B1",377,385,"Blastomere A"
"B1",378,385,"Blastomere A"
"B1",379,384,"Blastomere A"
"B1",380,381,"Blastomere A"
"B1",381,378,"Blastomere A"
"B1",382,376,"Blastomere A"
"B1",383,376,"Blastomere A"
"B1",384,376,"Blastomere A"
"B1",385,373,"Blastomere A"
"B1",386,373,"Blastomere A"
"B1",387,372,"Blastomere A"
"B1",388,370,"Blastomere A"
"B1",389,367,"Blastomere A"
"B1",390,366,"Blastomere A"
"B1",391,365,"Blastomere A"
"B1",392,363,"Blastomere A"
"B1",393,363,"Blastomere A"
"B1",394,363,"Blastomere A"
"B1",395,363,"Blastomere A"
"B1",396,362,"Blastomere A"
"B1",397,362,"Blastomere A"
"B1",398,362,"Blastomere A"
"B1",399,362,"Blastomere A"
"B1",400,359,"Blastomere A"
"B1",401,359,"Blastomere A"
"B1",402,358,"Blastomere A"
"B1",403,358,"Blastomere A"
"B1",404,354,"Blastomere A"
"B1",405,354,"Blastomere A"
"B1",406,353,"Blastomere A"
"B1",407,352,"Blastomere A"
"B1",408,349,"Blastomere A"
"B1",409,349,"Blastomere A"
"B1",410,347,"Blastomere A"
"B1",411,346,"Blastomere A"
"B1",412,345,"Blastomere A"
"B1",413,345,"Blastomere A"
"B1",414,344,"Blastomere A"
"B1",415,341,"Blastomere A"
"B1",416,341,"Blastomere A"
"B1",417,340,"Blastomere A"
"B1",418,340,"Blastomere A"
"B1",419,339,"Blastomere A"
"B1",420,338,"Blastomere A"
"B1",421,338,"Blastomere A"
"B1",422,337,"Blastomere A"
"B1",423,335,"Blastomere A"
"B1",424,335,"Blastomere A"
"B1",425,325,"Blastomere A"
"B1",426,323,"Blastomere A"
"B1",427,323,"Blastomere A"
"B1",428,321,"Blastomere A"
"B1",429,317,"Blastomere A"
"B1",430,317,"Blastomere A"
"B1",431,316,"Blastomere A"
"B1",432,315,"Blastomere A"
"B1",433,314,"Blastomere A"
"B1",434,314,"Blastomere A"
"B1",435,313,"Blastomere A"
"B1",436,313,"Blastomere A"
"B1",437,313,"Blastomere A"
"B1",438,313,"Blastomere A"
"B1",439,312,"Blastomere A"
"B1",440,309,"Blastomere A"
"B1",441,309,"Blastomere A"
"B1",442,307,"Blastomere A"
"B1",443,306,"Blastomere A"
"B1",444,306,"Blastomere A"
"B1",445,304,"Blastomere A"
"B1",446,304,"Blastomere A"
"B1",447,304,"Blastomere A"
"B1",448,303,"Blastomere A"
"B1",449,303,"Blastomere A"
"B1",450,302,"Blastomere A"
"B1",451,301,"Blastomere A"
"B1",452,301,"Blastomere A"
"B1",453,300,"Blastomere A"
"B1",454,299,"Blastomere A"
"B1",455,299,"Blastomere A"
"B1",456,299,"Blastomere A"
"B1",457,297,"Blastomere A"
"B1",458,297,"Blastomere A"
"B1",459,296,"Blastomere A"
"B1",460,296,"Blastomere A"
"B1",461,296,"Blastomere A"
"B1",462,295,"Blastomere A"
"B1",463,293,"Blastomere A"
"B1",464,293,"Blastomere A"
"B1",465,291,"Blastomere A"
"B1",466,289,"Blastomere A"
"B1",467,287,"Blastomere A"
"B1",468,286,"Blastomere A"
"B1",469,286,"Blastomere A"
"B1",470,283,"Blastomere A"
"B1",471,282,"Blastomere A"
"B1",472,281,"Blastomere A"
"B1",473,279,"Blastomere A"
"B1",474,279,"Blastomere A"
"B1",475,277,"Blastomere A"
"B1",476,276,"Blastomere A"
"B1",477,276,"Blastomere A"
"B1",478,274,"Blastomere A"
"B1",479,274,"Blastomere A"
"B1",480,274,"Blastomere A"
"B1",481,273,"Blastomere A"
"B1",482,272,"Blastomere A"
"B1",483,272,"Blastomere A"
"B1",484,271,"Blastomere A"
"B1",485,270,"Blastomere A"
"B1",486,269,"Blastomere A"
"B1",487,269,"Blastomere A"
"B1",488,267,"Blastomere A"
"B1",489,266,"Blastomere A"
"B1",490,266,"Blastomere A"
"B1",491,265,"Blastomere A"
"B1",492,264,"Blastomere A"
"B1",493,264,"Blastomere A"
"B1",494,263,"Blastomere A"
"B1",495,262,"Blastomere A"
"B1",496,262,"Blastomere A"
"B1",497,259,"Blastomere A"
"B1",498,258,"Blastomere A"
"B1",499,257,"Blastomere A"
"B1",500,256,"Blastomere A"
"B1",501,256,"Blastomere A"
"B1",502,255,"Blastomere A"
"B1",503,255,"Blastomere A"
"B1",504,254,"Blastomere A"
"B1",505,254,"Blastomere A"
"B1",506,254,"Blastomere A"
"B1",507,252,"Blastomere A"
"B1",508,252,"Blastomere A"
"B1",509,252,"Blastomere A"
"B1",510,251,"Blastomere A"
"B1",511,249,"Blastomere A"
"B1",512,246,"Blastomere A"
"B1",513,245,"Blastomere A"
"B1",514,245,"Blastomere A"
"B1",515,244,"Blastomere A"
"B1",516,244,"Blastomere A"
"B1",517,243,"Blastomere A"
"B1",518,243,"Blastomere A"
"B1",519,242,"Blastomere A"
"B1",520,242,"Blastomere A"
"B1",521,242,"Blastomere A"
"B1",522,241,"Blastomere A"
"B1",523,240,"Blastomere A"
"B1",524,240,"Blastomere A"
"B1",525,239,"Blastomere A"
"B1",526,238,"Blastomere A"
"B1",527,238,"Blastomere A"
"B1",528,238,"Blastomere A"
"B1",529,237,"Blastomere A"
"B1",530,237,"Blastomere A"
"B1",531,236,"Blastomere A"
"B1",532,236,"Blastomere A"
"B1",533,235,"Blastomere A"
"B1",534,233,"Blastomere A"
"B1",535,232,"Blastomere A"
"B1",536,230,"Blastomere A"
"B1",537,230,"Blastomere A"
"B1",538,230,"Blastomere A"
"B1",539,229,"Blastomere A"
"B1",540,228,"Blastomere A"
"B1",541,228,"Blastomere A"
"B1",542,227,"Blastomere A"
"B1",543,226,"Blastomere A"
"B1",544,223,"Blastomere A"
"B1",545,220,"Blastomere A"
"B1",546,219,"Blastomere A"
"B1",547,218,"Blastomere A"
"B1",548,218,"Blastomere A"
"B1",549,218,"Blastomere A"
"B1",550,218,"Blastomere A"
"B1",551,217,"Blastomere A"
"B1",552,217,"Blastomere A"
"B1",553,215,"Blastomere A"
"B1",554,215,"Blastomere A"
"B1",555,215,"Blastomere A"
"B1",556,215,"Blastomere A"
"B1",557,214,"Blastomere A"
"B1",558,213,"Blastomere A"
"B1",559,213,"Blastomere A"
"B1",560,213,"Blastomere A"
"B1",561,213,"Blastomere A"
"B1",562,210,"Blastomere A"
"B1",563,210,"Blastomere A"
"B1",564,209,"Blastomere A"
"B1",565,209,"Blastomere A"
"B1",566,208,"Blastomere A"
"B1",567,207,"Blastomere A"
"B1",568,207,"Blastomere A"
"B1",569,207,"Blastomere A"
"B1",570,207,"Blastomere A"
"B1",571,207,"Blastomere A"
"B1",572,207,"Blastomere A"
"B1",573,206,"Blastomere A"
"B1",574,205,"Blastomere A"
"B1",575,204,"Blastomere A"
"B1",576,203,"Blastomere A"
"B1",577,203,"Blastomere A"
"B1",578,202,"Blastomere A"
"B1",579,202,"Blastomere A"
"B1",580,202,"Blastomere A"
"B1",581,202,"Blastomere A"
"B1",582,202,"Blastomere A"
"B1",583,202,"Blastomere A"
"B1",584,201,"Blastomere A"
"B1",585,201,"Blastomere A"
"B1",586,201,"Blastomere A"
"B1",587,200,"Blastomere A"
"B1",588,200,"Blastomere A"
"B1",589,200,"Blastomere A"
"B1",590,199,"Blastomere A"
"B1",591,199,"Blastomere A"
"B1",592,198,"Blastomere A"
"B1",593,198,"Blastomere A"
"B1",594,197,"Blastomere A"
"B1",595,197,"Blastomere A"
"B1",596,197,"Blastomere A"
"B1",597,197,"Blastomere A"
"B1",598,196,"Blastomere A"
"B1",599,195,"Blastomere A"
"B1",600,195,"Blastomere A"
"B1",601,195,"Blastomere A"
"B1",602,193,"Blastomere A"
"B1",603,193,"Blastomere A"
"B1",604,193,"Blastomere A"
"B1",605,193,"Blastomere A"
"B1",606,192,"Blastomere A"
"B1",607,191,"Blastomere A"
"B1",608,191,"Blastomere A"
"B1",609,190,"Blastomere A"
"B1",610,190,"Blastomere A"
"B1",611,189,"Blastomere A"
"B1",612,189,"Blastomere A"
"B1",613,188,"Blastomere A"
"B1",614,188,"Blastomere A"
"B1",615,188,"Blastomere A"
"B1",616,187,"Blastomere A"
"B1",617,187,"Blastomere A"
"B1",618,186,"Blastomere A"
"B1",619,186,"Blastomere A"
"B1",620,185,"Blastomere A"
"B1",621,185,"Blastomere A"
"B1",622,185,"Blastomere A"
"B1",623,185,"Blastomere A"
"B1",624,184,"Blastomere A"
"B1",625,183,"Blastomere A"
"B1",626,183,"Blastomere A"
"B1",627,182,"Blastomere A"
"B1",628,180,"Blastomere A"
"B1",629,179,"Blastomere A"
"B1",630,179,"Blastomere A"
"B1",631,178,"Blastomere A"
"B1",632,178,"Blastomere A"
"B1",633,177,"Blastomere A"
"B1",634,177,"Blastomere A"
"B1",635,176,"Blastomere A"
"B1",636,176,"Blastomere A"
"B1",637,176,"Blastomere A"
"B1",638,175,"Blastomere A"
"B1",639,174,"Blastomere A"
"B1",640,174,"Blastomere A"
"B1",641,174,"Blastomere A"
"B1",642,174,"Blastomere A"
"B1",643,174,"Blastomere A"
"B1",644,173,"Blastomere A"
"B1",645,173,"Blastomere A"
"B1",646,173,"Blastomere A"
"B1",647,172,"Blastomere A"
"B1",648,172,"Blastomere A"
"B1",649,172,"Blastomere A"
"B1",650,171,"Blastomere A"
"B1",651,170,"Blastomere A"
"B1",652,170,"Blastomere A"
"B1",653,170,"Blastomere A"
"B1",654,169,"Blastomere A"
"B1",655,168,"Blastomere A"
"B1",656,168,"Blastomere A"
"B1",657,167,"Blastomere A"
"B1",658,167,"Blastomere A"
"B1",659,165,"Blastomere A"
"B1",660,164,"Blastomere A"
"B1",661,164,"Blastomere A"
"B1",662,164,"Blastomere A"
"B1",663,163,"Blastomere A"
"B1",664,163,"Blastomere A"
"B1",665,161,"Blastomere A"
"B1",666,161,"Blastomere A"
"B1",667,160,"Blastomere A"
"B1",668,159,"Blastomere A"
"B1",669,159,"Blastomere A"
"B1",670,158,"Blastomere A"
"B1",671,158,"Blastomere A"
"B1",672,157,"Blastomere A"
"B1",673,157,"Blastomere A"
"B1",674,156,"Blastomere A"
"B1",675,156,"Blastomere A"
"B1",676,156,"Blastomere A"
"B1",677,155,"Blastomere A"
"B1",678,155,"Blastomere A"
"B1",679,154,"Blastomere A"
"B1",680,154,"Blastomere A"
"B1",681,154,"Blastomere A"
"B1",682,153,"Blastomere A"
"B1",683,153,"Blastomere A"
"B1",684,152,"Blastomere A"
"B1",685,151,"Blastomere A"
"B1",686,151,"Blastomere A"
"B1",687,150,"Blastomere A"
"B1",688,150,"Blastomere A"
"B1",689,150,"Blastomere A"
"B1",690,149,"Blastomere A"
"B1",691,149,"Blastomere A"
"B1",692,149,"Blastomere A"
"B1",693,148,"Blastomere A"
"B1",694,148,"Blastomere A"
"B1",695,148,"Blastomere A"
"B1",696,147,"Blastomere A"
"B1",697,146,"Blastomere A"
"B1",698,144,"Blastomere A"
"B1",699,144,"Blastomere A"
"B1",700,142,"Blastomere A"
"B1",701,141,"Blastomere A"
"B1",702,141,"Blastomere A"
"B1",703,141,"Blastomere A"
"B1",704,141,"Blastomere A"
"B1",705,141,"Blastomere A"
"B1",706,140,"Blastomere A"
"B1",707,140,"Blastomere A"
"B1",708,140,"Blastomere A"
"B1",709,140,"Blastomere A"
"B1",710,138,"Blastomere A"
"B1",711,138,"Blastomere A"
"B1",712,138,"Blastomere A"
"B1",713,138,"Blastomere A"
"B1",714,138,"Blastomere A"
"B1",715,137,"Blastomere A"
"B1",716,137,"Blastomere A"
"B1",717,137,"Blastomere A"
"B1",718,136,"Blastomere A"
"B1",719,136,"Blastomere A"
"B1",720,135,"Blastomere A"
"B1",721,135,"Blastomere A"
"B1",722,135,"Blastomere A"
"B1",723,135,"Blastomere A"
"B1",724,135,"Blastomere A"
"B1",725,134,"Blastomere A"
"B1",726,134,"Blastomere A"
"B1",727,133,"Blastomere A"
"B1",728,133,"Blastomere A"
"B1",729,132,"Blastomere A"
"B1",730,132,"Blastomere A"
"B1",731,132,"Blastomere A"
"B1",732,131,"Blastomere A"
"B1",733,131,"Blastomere A"
"B1",734,131,"Blastomere A"
"B1",735,130,"Blastomere A"
"B1",736,130,"Blastomere A"
"B1",737,129,"Blastomere A"
"B1",738,129,"Blastomere A"
"B1",739,129,"Blastomere A"
"B1",740,128,"Blastomere A"
"B1",741,128,"Blastomere A"
"B1",742,128,"Blastomere A"
"B1",743,127,"Blastomere A"
"B1",744,127,"Blastomere A"
"B1",745,126,"Blastomere A"
"B1",746,126,"Blastomere A"
"B1",747,126,"Blastomere A"
"B1",748,126,"Blastomere A"
"B1",749,126,"Blastomere A"
"B1",750,126,"Blastomere A"
"B1",751,125,"Blastomere A"
"B1",752,125,"Blastomere A"
"B1",753,125,"Blastomere A"
"B1",754,125,"Blastomere A"
"B1",755,124,"Blastomere A"
"B1",756,124,"Blastomere A"
"B1",757,124,"Blastomere A"
"B1",758,123,"Blastomere A"
"B1",759,123,"Blastomere A"
"B1",760,123,"Blastomere A"
"B1",761,122,"Blastomere A"
"B1",762,122,"Blastomere A"
"B1",763,122,"Blastomere A"
"B1",764,122,"Blastomere A"
"B1",765,121,"Blastomere A"
"B1",766,120,"Blastomere A"
"B1",767,119,"Blastomere A"
"B1",768,119,"Blastomere A"
"B1",769,118,"Blastomere A"
"B1",770,118,"Blastomere A"
"B1",771,118,"Blastomere A"
"B1",772,118,"Blastomere A"
"B1",773,118,"Blastomere A"
"B1",774,118,"Blastomere A"
"B1",775,117,"Blastomere A"
"B1",776,117,"Blastomere A"
"B1",777,117,"Blastomere A"
"B1",778,117,"Blastomere A"
"B1",779,117,"Blastomere A"
"B1",780,116,"Blastomere A"
"B1",781,116,"Blastomere A"
"B1",782,116,"Blastomere A"
"B1",783,116,"Blastomere A"
"B1",784,115,"Blastomere A"
"B1",785,115,"Blastomere A"
"B1",786,114,"Blastomere A"
"B1",787,114,"Blastomere A"
"B1",788,113,"Blastomere A"
"B1",789,113,"Blastomere A"
"B1",790,113,"Blastomere A"
"B1",791,113,"Blastomere A"
"B1",792,113,"Blastomere A"
"B1",793,113,"Blastomere A"
"B1",794,113,"Blastomere A"
"B1",795,113,"Blastomere A"
"B1",796,112,"Blastomere A"
"B1",797,112,"Blastomere A"
"B1",798,112,"Blastomere A"
"B1",799,111,"Blastomere A"
"B1",800,111,"Blastomere A"
"B1",801,111,"Blastomere A"
"B1",802,111,"Blastomere A"
"B1",803,110,"Blastomere A"
"B1",804,110,"Blastomere A"
"B1",805,110,"Blastomere A"
"B1",806,110,"Blastomere A"
"B1",807,110,"Blastomere A"
"B1",808,110,"Blastomere A"
"B1",809,109,"Blastomere A"
"B1",810,109,"Blastomere A"
"B1",811,109,"Blastomere A"
"B1",812,109,"Blastomere A"
"B1",813,108,"Blastomere A"
"B1",814,108,"Blastomere A"
"B1",815,108,"Blastomere A"
"B1",816,108,"Blastomere A"
"B1",817,107,"Blastomere A"
"B1",818,107,"Blastomere A"
"B1",819,107,"Blastomere A"
"B1",820,106,"Blastomere A"
"B1",821,106,"Blastomere A"
"B1",822,106,"Blastomere A"
"B1",823,105,"Blastomere A"
"B1",824,105,"Blastomere A"
"B1",825,105,"Blastomere A"
"B1",826,105,"Blastomere A"
"B1",827,104,"Blastomere A"
"B1",828,104,"Blastomere A"
"B1",829,103,"Blastomere A"
"B1",830,102,"Blastomere A"
"B1",831,102,"Blastomere A"
"B1",832,102,"Blastomere A"
"B1",833,102,"Blastomere A"
"B1",834,102,"Blastomere A"
"B1",835,101,"Blastomere A"
"B1",836,101,"Blastomere A"
"B1",837,101,"Blastomere A"
"B1",838,101,"Blastomere A"
"B1",839,101,"Blastomere A"
"B1",840,101,"Blastomere A"
"B1",841,100,"Blastomere A"
"B1",842,100,"Blastomere A"
"B1",843,100,"Blastomere A"
"B1",844,99,"Blastomere A"
"B1",845,99,"Blastomere A"
"B1",846,99,"Blastomere A"
"B1",847,99,"Blastomere A"
"B1",848,98,"Blastomere A"
"B1",849,98,"Blastomere A"
"B1",850,98,"Blastomere A"
"B1",851,97,"Blastomere A"
"B1",852,97,"Blastomere A"
"B1",853,97,"Blastomere A"
"B1",854,97,"Blastomere A"
"B1",855,96,"Blastomere A"
"B1",856,96,"Blastomere A"
"B1",857,95,"Blastomere A"
"B1",858,95,"Blastomere A"
"B1",859,94,"Blastomere A"
"B1",860,94,"Blastomere A"
"B1",861,94,"Blastomere A"
"B1",862,94,"Blastomere A"
"B1",863,94,"Blastomere A"
"B1",864,94,"Blastomere A"
"B1",865,94,"Blastomere A"
"B1",866,94,"Blastomere A"
"B1",867,93,"Blastomere A"
"B1",868,93,"Blastomere A"
"B1",869,93,"Blastomere A"
"B1",870,93,"Blastomere A"
"B1",871,92,"Blastomere A"
"B1",872,92,"Blastomere A"
"B1",873,91,"Blastomere A"
"B1",874,91,"Blastomere A"
"B1",875,91,"Blastomere A"
"B1",876,91,"Blastomere A"
"B1",877,91,"Blastomere A"
"B1",878,90,"Blastomere A"
"B1",879,90,"Blastomere A"
"B1",880,90,"Blastomere A"
"B1",881,89,"Blastomere A"
"B1",882,89,"Blastomere A"
"B1",883,88,"Blastomere A"
"B1",884,88,"Blastomere A"
"B1",885,88,"Blastomere A"
"B1",886,88,"Blastomere A"
"B1",887,87,"Blastomere A"
"B1",888,87,"Blastomere A"
"B1",889,87,"Blastomere A"
"B1",890,87,"Blastomere A"
"B1",891,87,"Blastomere A"
"B1",892,86,"Blastomere A"
"B1",893,86,"Blastomere A"
"B1",894,86,"Blastomere A"
"B1",895,85,"Blastomere A"
"B1",896,85,"Blastomere A"
"B1",897,85,"Blastomere A"
"B1",898,84,"Blastomere A"
"B1",899,84,"Blastomere A"
"B1",900,84,"Blastomere A"
"B1",901,84,"Blastomere A"
"B1",902,84,"Blastomere A"
"B1",903,84,"Blastomere A"
"B1",904,83,"Blastomere A"
"B1",905,83,"Blastomere A"
"B1",906,83,"Blastomere A"
"B1",907,83,"Blastomere A"
"B1",908,83,"Blastomere A"
"B1",909,83,"Blastomere A"
"B1",910,82,"Blastomere A"
"B1",911,82,"Blastomere A"
"B1",912,82,"Blastomere A"
"B1",913,81,"Blastomere A"
"B1",914,81,"Blastomere A"
"B1",915,81,"Blastomere A"
"B1",916,81,"Blastomere A"
"B1",917,81,"Blastomere A"
"B1",918,81,"Blastomere A"
"B1",919,81,"Blastomere A"
"B1",920,81,"Blastomere A"
"B1",921,80,"Blastomere A"
"B1",922,80,"Blastomere A"
"B1",923,80,"Blastomere A"
"B1",924,80,"Blastomere A"
"B1",925,80,"Blastomere A"
"B1",926,79,"Blastomere A"
"B1",927,79,"Blastomere A"
"B1",928,79,"Blastomere A"
"B1",929,79,"Blastomere A"
"B1",930,79,"Blastomere A"
"B1",931,78,"Blastomere A"
"B1",932,78,"Blastomere A"
"B1",933,78,"Blastomere A"
"B1",934,78,"Blastomere A"
"B1",935,78,"Blastomere A"
"B1",936,78,"Blastomere A"
"B1",937,78,"Blastomere A"
"B1",938,77,"Blastomere A"
"B1",939,77,"Blastomere A"
"B1",940,77,"Blastomere A"
"B1",941,77,"Blastomere A"
"B1",942,77,"Blastomere A"
"B1",943,77,"Blastomere A"
"B1",944,77,"Blastomere A"
"B1",945,77,"Blastomere A"
"B1",946,77,"Blastomere A"
"B1",947,76,"Blastomere A"
"B1",948,76,"Blastomere A"
"B1",949,75,"Blastomere A"
"B1",950,75,"Blastomere A"
"B1",951,75,"Blastomere A"
"B1",952,75,"Blastomere A"
"B1",953,75,"Blastomere A"
"B1",954,74,"Blastomere A"
"B1",955,74,"Blastomere A"
"B1",956,74,"Blastomere A"
"B1",957,74,"Blastomere A"
"B1",958,74,"Blastomere A"
"B1",959,74,"Blastomere A"
"B1",960,73,"Blastomere A"
"B1",961,73,"Blastomere A"
"B1",962,73,"Blastomere A"
"B1",963,72,"Blastomere A"
"B1",964,72,"Blastomere A"
"B1",965,72,"Blastomere A"
"B1",966,72,"Blastomere A"
"B1",967,71,"Blastomere A"
"B1",968,71,"Blastomere A"
"B1",969,71,"Blastomere A"
"B1",970,71,"Blastomere A"
"B1",971,71,"Blastomere A"
"B1",972,70,"Blastomere A"
"B1",973,70,"Blastomere A"
"B1",974,70,"Blastomere A"
"B1",975,70,"Blastomere A"
"B1",976,69,"Blastomere A"
"B1",977,69,"Blastomere A"
"B1",978,69,"Blastomere A"
"B1",979,69,"Blastomere A"
"B1",980,69,"Blastomere A"
"B1",981,68,"Blastomere A"
"B1",982,68,"Blastomere A"
"B1",983,68,"Blastomere A"
"B1",984,68,"Blastomere A"
"B1",985,68,"Blastomere A"
"B1",986,68,"Blastomere A"
"B1",987,67,"Blastomere A"
"B1",988,67,"Blastomere A"
"B1",989,67,"Blastomere A"
"B1",990,67,"Blastomere A"
"B1",991,67,"Blastomere A"
"B1",992,67,"Blastomere A"
"B1",993,66,"Blastomere A"
"B1",994,66,"Blastomere A"
"B1",995,66,"Blastomere A"
"B1",996,66,"Blastomere A"
"B1",997,65,"Blastomere A"
"B1",998,65,"Blastomere A"
"B1",999,65,"Blastomere A"
"B1",1000,65,"Blastomere A"
"B1",1001,65,"Blastomere A"
"B1",1002,65,"Blastomere A"
"B1",1003,65,"Blastomere A"
"B1",1004,65,"Blastomere A"
"B1",1005,64,"Blastomere A"
"B1",1006,64,"Blastomere A"
"B1",1007,64,"Blastomere A"
"B1",1008,64,"Blastomere A"
"B1",1009,64,"Blastomere A"
"B1",1010,64,"Blastomere A"
"B1",1011,64,"Blastomere A"
"B1",1012,64,"Blastomere A"
"B1",1013,64,"Blastomere A"
"B1",1014,63,"Blastomere A"
"B1",1015,63,"Blastomere A"
"B1",1016,63,"Blastomere A"
"B1",1017,63,"Blastomere A"
"B1",1018,63,"Blastomere A"
"B1",1019,63,"Blastomere A"
"B1",1020,63,"Blastomere A"
"B1",1021,62,"Blastomere A"
"B1",1022,62,"Blastomere A"
"B1",1023,62,"Blastomere A"
"B1",1024,62,"Blastomere A"
"B1",1025,62,"Blastomere A"
"B1",1026,61,"Blastomere A"
"B1",1027,61,"Blastomere A"
"B1",1028,61,"Blastomere A"
"B1",1029,61,"Blastomere A"
"B1",1030,61,"Blastomere A"
"B1",1031,61,"Blastomere A"
"B1",1032,60,"Blastomere A"
"B1",1033,60,"Blastomere A"
"B1",1034,60,"Blastomere A"
"B1",1035,60,"Blastomere A"
"B1",1036,60,"Blastomere A"
"B1",1037,60,"Blastomere A"
"B1",1038,59,"Blastomere A"
"B1",1039,59,"Blastomere A"
"B1",1040,59,"Blastomere A"
"B1",1041,59,"Blastomere A"
"B1",1042,59,"Blastomere A"
"B1",1043,59,"Blastomere A"
"B1",1044,59,"Blastomere A"
"B1",1045,59,"Blastomere A"
"B1",1046,59,"Blastomere A"
"B1",1047,59,"Blastomere A"
"B1",1048,58,"Blastomere A"
"B1",1049,58,"Blastomere A"
"B1",1050,58,"Blastomere A"
"B1",1051,58,"Blastomere A"
"B1",1052,58,"Blastomere A"
"B1",1053,58,"Blastomere A"
"B1",1054,58,"Blastomere A"
"B1",1055,58,"Blastomere A"
"B1",1056,58,"Blastomere A"
"B1",1057,58,"Blastomere A"
"B1",1058,58,"Blastomere A"
"B1",1059,58,"Blastomere A"
"B1",1060,58,"Blastomere A"
"B1",1061,58,"Blastomere A"
"B1",1062,58,"Blastomere A"
"B1",1063,57,"Blastomere A"
"B1",1064,57,"Blastomere A"
"B1",1065,57,"Blastomere A"
"B1",1066,57,"Blastomere A"
"B1",1067,57,"Blastomere A"
"B1",1068,57,"Blastomere A"
"B1",1069,57,"Blastomere A"
"B1",1070,56,"Blastomere A"
"B1",1071,56,"Blastomere A"
"B1",1072,56,"Blastomere A"
"B1",1073,55,"Blastomere A"
"B1",1074,55,"Blastomere A"
"B1",1075,55,"Blastomere A"
"B1",1076,55,"Blastomere A"
"B1",1077,55,"Blastomere A"
"B1",1078,55,"Blastomere A"
"B1",1079,55,"Blastomere A"
"B1",1080,54,"Blastomere A"
"B1",1081,54,"Blastomere A"
"B1",1082,54,"Blastomere A"
"B1",1083,54,"Blastomere A"
"B1",1084,54,"Blastomere A"
"B1",1085,54,"Blastomere A"
"B1",1086,54,"Blastomere A"
"B1",1087,54,"Blastomere A"
"B1",1088,54,"Blastomere A"
"B1",1089,53,"Blastomere A"
"B1",1090,53,"Blastomere A"
"B1",1091,53,"Blastomere A"
"B1",1092,53,"Blastomere A"
"B1",1093,52,"Blastomere A"
"B1",1094,52,"Blastomere A"
"B1",1095,52,"Blastomere A"
"B1",1096,52,"Blastomere A"
"B1",1097,52,"Blastomere A"
"B1",1098,52,"Blastomere A"
"B1",1099,52,"Blastomere A"
"B1",1100,52,"Blastomere A"
"B1",1101,52,"Blastomere A"
"B1",1102,51,"Blastomere A"
"B1",1103,51,"Blastomere A"
"B1",1104,51,"Blastomere A"
"B1",1105,51,"Blastomere A"
"B1",1106,51,"Blastomere A"
"B1",1107,50,"Blastomere A"
"B1",1108,50,"Blastomere A"
"B1",1109,50,"Blastomere A"
"B1",1110,50,"Blastomere A"
"B1",1111,50,"Blastomere A"
"B1",1112,50,"Blastomere A"
"B1",1113,50,"Blastomere A"
"B1",1114,50,"Blastomere A"
"B1",1115,50,"Blastomere A"
"B1",1116,50,"Blastomere A"
"B1",1117,49,"Blastomere A"
"B1",1118,49,"Blastomere A"
"B1",1119,49,"Blastomere A"
"B1",1120,49,"Blastomere A"
"B1",1121,49,"Blastomere A"
"B1",1122,49,"Blastomere A"
"B1",1123,49,"Blastomere A"
"B1",1124,49,"Blastomere A"
"B1",1125,49,"Blastomere A"
"B1",1126,49,"Blastomere A"
"B1",1127,48,"Blastomere A"
"B1",1128,48,"Blastomere A"
"B1",1129,48,"Blastomere A"
"B1",1130,48,"Blastomere A"
"B1",1131,48,"Blastomere A"
"B1",1132,48,"Blastomere A"
"B1",1133,48,"Blastomere A"
"B1",1134,47,"Blastomere A"
"B1",1135,47,"Blastomere A"
"B1",1136,47,"Blastomere A"
"B1",1137,47,"Blastomere A"
"B1",1138,47,"Blastomere A"
"B1",1139,47,"Blastomere A"
"B1",1140,46,"Blastomere A"
"B1",1141,46,"Blastomere A"
"B1",1142,46,"Blastomere A"
"B1",1143,46,"Blastomere A"
"B1",1144,46,"Blastomere A"
"B1",1145,46,"Blastomere A"
"B1",1146,46,"Blastomere A"
"B1",1147,46,"Blastomere A"
"B1",1148,46,"Blastomere A"
"B1",1149,45,"Blastomere A"
"B1",1150,45,"Blastomere A"
"B1",1151,45,"Blastomere A"
"B1",1152,45,"Blastomere A"
"B1",1153,45,"Blastomere A"
"B1",1154,45,"Blastomere A"
"B1",1155,45,"Blastomere A"
"B1",1156,44,"Blastomere A"
"B1",1157,44,"Blastomere A"
"B1",1158,44,"Blastomere A"
"B1",1159,44,"Blastomere A"
"B1",1160,44,"Blastomere A"
"B1",1161,44,"Blastomere A"
"B1",1162,44,"Blastomere A"
"B1",1163,44,"Blastomere A"
"B1",1164,44,"Blastomere A"
"B1",1165,43,"Blastomere A"
"B1",1166,43,"Blastomere A"
"B1",1167,43,"Blastomere A"
"B1",1168,43,"Blastomere A"
"B1",1169,43,"Blastomere A"
"B1",1170,43,"Blastomere A"
"B1",1171,43,"Blastomere A"
"B1",1172,42,"Blastomere A"
"B1",1173,42,"Blastomere A"
"B1",1174,42,"Blastomere A"
"B1",1175,42,"Blastomere A"
"B1",1176,42,"Blastomere A"
"B1",1177,42,"Blastomere A"
"B1",1178,42,"Blastomere A"
"B1",1179,42,"Blastomere A"
"B1",1180,42,"Blastomere A"
"B1",1181,42,"Blastomere A"
"B1",1182,42,"Blastomere A"
"B1",1183,42,"Blastomere A"
"B1",1184,42,"Blastomere A"
"B1",1185,42,"Blastomere A"
"B1",1186,42,"Blastomere A"
"B1",1187,42,"Blastomere A"
"B1",1188,42,"Blastomere A"
"B1",1189,41,"Blastomere A"
"B1",1190,41,"Blastomere A"
"B1",1191,41,"Blastomere A"
"B1",1192,41,"Blastomere A"
"B1",1193,41,"Blastomere A"
"B1",1194,41,"Blastomere A"
"B1",1195,41,"Blastomere A"
"B1",1196,41,"Blastomere A"
"B1",1197,41,"Blastomere A"
"B1",1198,41,"Blastomere A"
"B1",1199,41,"Blastomere A"
"B1",1200,40,"Blastomere A"
"B1",1201,40,"Blastomere A"
"B1",1202,40,"Blastomere A"
"B1",1203,40,"Blastomere A"
"B1",1204,40,"Blastomere A"
"B1",1205,40,"Blastomere A"
"B1",1206,40,"Blastomere A"
"B1",1207,40,"Blastomere A"
"B1",1208,40,"Blastomere A"
"B1",1209,40,"Blastomere A"
"B1",1210,40,"Blastomere A"
"B1",1211,40,"Blastomere A"
"B1",1212,40,"Blastomere A"
"B1",1213,40,"Blastomere A"
"B1",1214,40,"Blastomere A"
"B1",1215,39,"Blastomere A"
"B1",1216,39,"Blastomere A"
"B1",1217,39,"Blastomere A"
"B1",1218,39,"Blastomere A"
"B1",1219,39,"Blastomere A"
"B1",1220,39,"Blastomere A"
"B1",1221,39,"Blastomere A"
"B1",1222,39,"Blastomere A"
"B1",1223,39,"Blastomere A"
"B1",1224,39,"Blastomere A"
"B1",1225,39,"Blastomere A"
"B1",1226,39,"Blastomere A"
"B1",1227,39,"Blastomere A"
"B1",1228,39,"Blastomere A"
"B1",1229,38,"Blastomere A"
"B1",1230,38,"Blastomere A"
"B1",1231,38,"Blastomere A"
"B1",1232,38,"Blastomere A"
"B1",1233,38,"Blastomere A"
"B1",1234,38,"Blastomere A"
"B1",1235,38,"Blastomere A"
"B1",1236,37,"Blastomere A"
"B1",1237,37,"Blastomere A"
"B1",1238,37,"Blastomere A"
"B1",1239,37,"Blastomere A"
"B1",1240,37,"Blastomere A"
"B1",1241,37,"Blastomere A"
"B1",1242,37,"Blastomere A"
"B1",1243,36,"Blastomere A"
"B1",1244,36,"Blastomere A"
"B1",1245,36,"Blastomere A"
"B1",1246,36,"Blastomere A"
"B1",1247,36,"Blastomere A"
"B1",1248,36,"Blastomere A"
"B1",1249,35,"Blastomere A"
"B1",1250,35,"Blastomere A"
"B1",1251,35,"Blastomere A"
"B1",1252,35,"Blastomere A"
"B1",1253,35,"Blastomere A"
"B1",1254,35,"Blastomere A"
"B1",1255,35,"Blastomere A"
"B1",1256,34,"Blastomere A"
"B1",1257,34,"Blastomere A"
"B1",1258,34,"Blastomere A"
"B1",1259,34,"Blastomere A"
"B1",1260,34,"Blastomere A"
"B1",1261,34,"Blastomere A"
"B1",1262,34,"Blastomere A"
"B1",1263,34,"Blastomere A"
"B1",1264,34,"Blastomere A"
"B1",1265,34,"Blastomere A"
"B1",1266,34,"Blastomere A"
"B1",1267,34,"Blastomere A"
"B1",1268,34,"Blastomere A"
"B1",1269,33,"Blastomere A"
"B1",1270,33,"Blastomere A"
"B1",1271,33,"Blastomere A"
"B1",1272,33,"Blastomere A"
"B1",1273,33,"Blastomere A"
"B1",1274,33,"Blastomere A"
"B1",1275,33,"Blastomere A"
"B1",1276,33,"Blastomere A"
"B1",1277,33,"Blastomere A"
"B1",1278,33,"Blastomere A"
"B1",1279,33,"Blastomere A"
"B1",1280,33,"Blastomere A"
"B1",1281,33,"Blastomere A"
"B1",1282,32,"Blastomere A"
"B1",1283,32,"Blastomere A"
"B1",1284,32,"Blastomere A"
"B1",1285,32,"Blastomere A"
"B1",1286,32,"Blastomere A"
"B1",1287,32,"Blastomere A"
"B1",1288,32,"Blastomere A"
"B1",1289,32,"Blastomere A"
"B1",1290,32,"Blastomere A"
"B1",1291,31,"Blastomere A"
"B1",1292,31,"Blastomere A"
"B1",1293,31,"Blastomere A"
"B1",1294,31,"Blastomere A"
"B1",1295,31,"Blastomere A"
"B1",1296,31,"Blastomere A"
"B1",1297,31,"Blastomere A"
"B1",1298,31,"Blastomere A"
"B1",1299,31,"Blastomere A"
"B1",1300,30,"Blastomere A"
"B1",1301,30,"Blastomere A"
"B1",1302,30,"Blastomere A"
"B1",1303,30,"Blastomere A"
"B1",1304,30,"Blastomere A"
"B1",1305,30,"Blastomere A"
"B1",1306,30,"Blastomere A"
"B1",1307,30,"Blastomere A"
"B1",1308,30,"Blastomere A"
"B1",1309,30,"Blastomere A"
"B1",1310,30,"Blastomere A"
"B1",1311,29,"Blastomere A"
"B1",1312,29,"Blastomere A"
"B1",1313,29,"Blastomere A"
"B1",1314,29,"Blastomere A"
"B1",1315,29,"Blastomere A"
"B1",1316,29,"Blastomere A"
"B1",1317,29,"Blastomere A"
"B1",1318,29,"Blastomere A"
"B1",1319,29,"Blastomere A"
"B1",1320,29,"Blastomere A"
"B1",1321,29,"Blastomere A"
"B1",1322,29,"Blastomere A"
"B1",1323,29,"Blastomere A"
"B1",1324,29,"Blastomere A"
"B1",1325,29,"Blastomere A"
"B1",1326,29,"Blastomere A"
"B1",1327,28,"Blastomere A"
"B1",1328,28,"Blastomere A"
"B1",1329,28,"Blastomere A"
"B1",1330,28,"Blastomere A"
"B1",1331,28,"Blastomere A"
"B1",1332,28,"Blastomere A"
"B1",1333,28,"Blastomere A"
"B1",1334,28,"Blastomere A"
"B1",1335,28,"Blastomere A"
"B1",1336,28,"Blastomere A"
"B1",1337,28,"Blastomere A"
"B1",1338,28,"Blastomere A"
"B1",1339,27,"Blastomere A"
"B1",1340,27,"Blastomere A"
"B1",1341,27,"Blastomere A"
"B1",1342,27,"Blastomere A"
"B1",1343,27,"Blastomere A"
"B1",1344,27,"Blastomere A"
"B1",1345,27,"Blastomere A"
"B1",1346,27,"Blastomere A"
"B1",1347,27,"Blastomere A"
"B1",1348,26,"Blastomere A"
"B1",1349,26,"Blastomere A"
"B1",1350,26,"Blastomere A"
"B1",1351,26,"Blastomere A"
"B1",1352,26,"Blastomere A"
"B1",1353,26,"Blastomere A"
"B1",1354,26,"Blastomere A"
"B1",1355,26,"Blastomere A"
"B1",1356,26,"Blastomere A"
"B1",1357,26,"Blastomere A"
"B1",1358,25,"Blastomere A"
"B1",1359,25,"Blastomere A"
"B1",1360,25,"Blastomere A"
"B1",1361,25,"Blastomere A"
"B1",1362,25,"Blastomere A"
"B1",1363,25,"Blastomere A"
"B1",1364,25,"Blastomere A"
"B1",1365,25,"Blastomere A"
"B1",1366,25,"Blastomere A"
"B1",1367,25,"Blastomere A"
"B1",1368,25,"Blastomere A"
"B1",1369,25,"Blastomere A"
"B1",1370,25,"Blastomere A"
"B1",1371,25,"Blastomere A"
"B1",1372,24,"Blastomere A"
"B1",1373,24,"Blastomere A"
"B1",1374,24,"Blastomere A"
"B1",1375,24,"Blastomere A"
"B1",1376,24,"Blastomere A"
"B1",1377,24,"Blastomere A"
"B1",1378,24,"Blastomere A"
"B1",1379,24,"Blastomere A"
"B1",1380,24,"Blastomere A"
"B1",1381,24,"Blastomere A"
"B1",1382,24,"Blastomere A"
"B1",1383,24,"Blastomere A"
"B1",1384,24,"Blastomere A"
"B1",1385,24,"Blastomere A"
"B1",1386,24,"Blastomere A"
"B1",1387,24,"Blastomere A"
"B1",1388,24,"Blastomere A"
"B1",1389,24,"Blastomere A"
"B1",1390,23,"Blastomere A"
"B1",1391,23,"Blastomere A"
"B1",1392,23,"Blastomere A"
"B1",1393,23,"Blastomere A"
"B1",1394,23,"Blastomere A"
"B1",1395,23,"Blastomere A"
"B1",1396,23,"Blastomere A"
"B1",1397,23,"Blastomere A"
"B1",1398,23,"Blastomere A"
"B1",1399,23,"Blastomere A"
"B1",1400,23,"Blastomere A"
"B1",1401,23,"Blastomere A"
"B1",1402,22,"Blastomere A"
"B1",1403,22,"Blastomere A"
"B1",1404,22,"Blastomere A"
"B1",1405,22,"Blastomere A"
"B1",1406,22,"Blastomere A"
"B1",1407,22,"Blastomere A"
"B1",1408,22,"Blastomere A"
"B1",1409,22,"Blastomere A"
"B1",1410,22,"Blastomere A"
"B1",1411,22,"Blastomere A"
"B1",1412,22,"Blastomere A"
"B1",1413,22,"Blastomere A"
"B1",1414,22,"Blastomere A"
"B1",1415,21,"Blastomere A"
"B1",1416,21,"Blastomere A"
"B1",1417,21,"Blastomere A"
"B1",1418,21,"Blastomere A"
"B1",1419,21,"Blastomere A"
"B1",1420,21,"Blastomere A"
"B1",1421,21,"Blastomere A"
"B1",1422,21,"Blastomere A"
"B1",1423,21,"Blastomere A"
"B1",1424,21,"Blastomere A"
"B1",1425,21,"Blastomere A"
"B1",1426,21,"Blastomere A"
"B1",1427,21,"Blastomere A"
"B1",1428,21,"Blastomere A"
"B1",1429,21,"Blastomere A"
"B1",1430,21,"Blastomere A"
"B1",1431,20,"Blastomere A"
"B1",1432,20,"Blastomere A"
"B1",1433,20,"Blastomere A"
"B1",1434,20,"Blastomere A"
"B1",1435,20,"Blastomere A"
"B1",1436,20,"Blastomere A"
"B1",1437,20,"Blastomere A"
"B1",1438,20,"Blastomere A"
"B1",1439,20,"Blastomere A"
"B1",1440,20,"Blastomere A"
"B1",1441,20,"Blastomere A"
"B1",1442,20,"Blastomere A"
"B1",1443,20,"Blastomere A"
"B1",1444,20,"Blastomere A"
"B1",1445,20,"Blastomere A"
"B1",1446,20,"Blastomere A"
"B1",1447,20,"Blastomere A"
"B1",1448,20,"Blastomere A"
"B1",1449,19,"Blastomere A"
"B1",1450,19,"Blastomere A"
"B1",1451,19,"Blastomere A"
"B1",1452,19,"Blastomere A"
"B1",1453,19,"Blastomere A"
"B1",1454,19,"Blastomere A"
"B1",1455,19,"Blastomere A"
"B1",1456,19,"Blastomere A"
"B1",1457,19,"Blastomere A"
"B1",1458,19,"Blastomere A"
"B1",1459,19,"Blastomere A"
"B1",1460,19,"Blastomere A"
"B1",1461,19,"Blastomere A"
"B1",1462,19,"Blastomere A"
"B1",1463,19,"Blastomere A"
"B1",1464,19,"Blastomere A"
"B1",1465,19,"Blastomere A"
"B1",1466,19,"Blastomere A"
"B1",1467,19,"Blastomere A"
"B1",1468,19,"Blastomere A"
"B1",1469,19,"Blastomere A"
"B1",1470,19,"Blastomere A"
"B1",1471,19,"Blastomere A"
"B1",1472,19,"Blastomere A"
"B1",1473,19,"Blastomere A"
"B1",1474,18,"Blastomere A"
"B1",1475,18,"Blastomere A"
"B1",1476,18,"Blastomere A"
"B1",1477,18,"Blastomere A"
"B1",1478,18,"Blastomere A"
"B1",1479,18,"Blastomere A"
"B1",1480,18,"Blastomere A"
"B1",1481,18,"Blastomere A"
"B1",1482,18,"Blastomere A"
"B1",1483,18,"Blastomere A"
"B1",1484,18,"Blastomere A"
"B1",1485,18,"Blastomere A"
"B1",1486,18,"Blastomere A"
"B1",1487,18,"Blastomere A"
"B1",1488,18,"Blastomere A"
"B1",1489,18,"Blastomere A"
"B1",1490,18,"Blastomere A"
"B1",1491,18,"Blastomere A"
"B1",1492,18,"Blastomere A"
"B1",1493,18,"Blastomere A"
"B1",1494,18,"Blastomere A"
"B1",1495,18,"Blastomere A"
"B1",1496,18,"Blastomere A"
"B1",1497,18,"Blastomere A"
"B1",1498,18,"Blastomere A"
"B1",1499,18,"Blastomere A"
"B1",1500,18,"Blastomere A"
"B1",1501,18,"Blastomere A"
"B1",1502,17,"Blastomere A"
"B1",1503,17,"Blastomere A"
"B1",1504,17,"Blastomere A"
"B1",1505,17,"Blastomere A"
"B1",1506,17,"Blastomere A"
"B1",1507,17,"Blastomere A"
"B1",1508,17,"Blastomere A"
"B1",1509,17,"Blastomere A"
"B1",1510,17,"Blastomere A"
"B1",1511,17,"Blastomere A"
"B1",1512,17,"Blastomere A"
"B1",1513,17,"Blastomere A"
"B1",1514,17,"Blastomere A"
"B1",1515,17,"Blastomere A"
"B1",1516,17,"Blastomere A"
"B1",1517,17,"Blastomere A"
"B1",1518,17,"Blastomere A"
"B1",1519,17,"Blastomere A"
"B1",1520,16,"Blastomere A"
"B1",1521,16,"Blastomere A"
"B1",1522,16,"Blastomere A"
"B1",1523,16,"Blastomere A"
"B1",1524,16,"Blastomere A"
"B1",1525,16,"Blastomere A"
"B1",1526,16,"Blastomere A"
"B1",1527,16,"Blastomere A"
"B1",1528,16,"Blastomere A"
"B1",1529,16,"Blastomere A"
"B1",1530,16,"Blastomere A"
"B1",1531,16,"Blastomere A"
"B1",1532,16,"Blastomere A"
"B1",1533,16,"Blastomere A"
"B1",1534,16,"Blastomere A"
"B1",1535,16,"Blastomere A"
"B1",1536,16,"Blastomere A"
"B1",1537,16,"Blastomere A"
"B1",1538,16,"Blastomere A"
"B1",1539,16,"Blastomere A"
"B1",1540,16,"Blastomere A"
"B1",1541,16,"Blastomere A"
"B1",1542,16,"Blastomere A"
"B1",1543,16,"Blastomere A"
"B1",1544,16,"Blastomere A"
"B1",1545,16,"Blastomere A"
"B1",1546,15,"Blastomere A"
"B1",1547,15,"Blastomere A"
"B1",1548,15,"Blastomere A"
"B1",1549,15,"Blastomere A"
"B1",1550,15,"Blastomere A"
"B1",1551,15,"Blastomere A"
"B1",1552,15,"Blastomere A"
"B1",1553,15,"Blastomere A"
"B1",1554,15,"Blastomere A"
"B1",1555,15,"Blastomere A"
"B1",1556,15,"Blastomere A"
"B1",1557,15,"Blastomere A"
"B1",1558,15,"Blastomere A"
"B1",1559,15,"Blastomere A"
"B1",1560,15,"Blastomere A"
"B1",1561,15,"Blastomere A"
"B1",1562,15,"Blastomere A"
"B1",1563,15,"Blastomere A"
"B1",1564,15,"Blastomere A"
"B1",1565,15,"Blastomere A"
"B1",1566,15,"Blastomere A"
"B1",1567,15,"Blastomere A"
"B1",1568,15,"Blastomere A"
"B1",1569,15,"Blastomere A"
"B1",1570,15,"Blastomere A"
"B1",1571,15,"Blastomere A"
"B1",1572,15,"Blastomere A"
"B1",1573,14,"Blastomere A"
"B1",1574,14,"Blastomere A"
"B1",1575,14,"Blastomere A"
"B1",1576,14,"Blastomere A"
"B1",1577,14,"Blastomere A"
"B1",1578,14,"Blastomere A"
"B1",1579,14,"Blastomere A"
"B1",1580,14,"Blastomere A"
"B1",1581,14,"Blastomere A"
"B1",1582,14,"Blastomere A"
"B1",1583,14,"Blastomere A"
"B1",1584,14,"Blastomere A"
"B1",1585,14,"Blastomere A"
"B1",1586,14,"Blastomere A"
"B1",1587,14,"Blastomere A"
"B1",1588,14,"Blastomere A"
"B1",1589,14,"Blastomere A"
"B1",1590,14,"Blastomere A"
"B1",1591,14,"Blastomere A"
"B1",1592,14,"Blastomere A"
"B1",1593,14,"Blastomere A"
"B1",1594,14,"Blastomere A"
"B1",1595,14,"Blastomere A"
"B1",1596,13,"Blastomere A"
"B1",1597,13,"Blastomere A"
"B1",1598,13,"Blastomere A"
"B1",1599,13,"Blastomere A"
"B1",1600,13,"Blastomere A"
"B1",1601,13,"Blastomere A"
"B1",1602,13,"Blastomere A"
"B1",1603,13,"Blastomere A"
"B1",1604,13,"Blastomere A"
"B1",1605,13,"Blastomere A"
"B1",1606,13,"Blastomere A"
"B1",1607,13,"Blastomere A"
"B1",1608,13,"Blastomere A"
"B1",1609,13,"Blastomere A"
"B1",1610,13,"Blastomere A"
"B1",1611,13,"Blastomere A"
"B1",1612,13,"Blastomere A"
"B1",1613,13,"Blastomere A"
"B1",1614,13,"Blastomere A"
"B1",1615,13,"Blastomere A"
"B1",1616,13,"Blastomere A"
"B1",1617,13,"Blastomere A"
"B1",1618,13,"Blastomere A"
"B1",1619,12,"Blastomere A"
"B1",1620,12,"Blastomere A"
"B1",1621,12,"Blastomere A"
"B1",1622,12,"Blastomere A"
"B1",1623,12,"Blastomere A"
"B1",1624,12,"Blastomere A"
"B1",1625,12,"Blastomere A"
"B1",1626,12,"Blastomere A"
"B1",1627,12,"Blastomere A"
"B1",1628,12,"Blastomere A"
"B1",1629,12,"Blastomere A"
"B1",1630,12,"Blastomere A"
"B1",1631,12,"Blastomere A"
"B1",1632,12,"Blastomere A"
"B1",1633,12,"Blastomere A"
"B1",1634,12,"Blastomere A"
"B1",1635,12,"Blastomere A"
"B1",1636,12,"Blastomere A"
"B1",1637,11,"Blastomere A"
"B1",1638,11,"Blastomere A"
"B1",1639,11,"Blastomere A"
"B1",1640,11,"Blastomere A"
"B1",1641,11,"Blastomere A"
"B1",1642,11,"Blastomere A"
"B1",1643,11,"Blastomere A"
"B1",1644,11,"Blastomere A"
"B1",1645,11,"Blastomere A"
"B1",1646,11,"Blastomere A"
"B1",1647,11,"Blastomere A"
"B1",1648,11,"Blastomere A"
"B1",1649,11,"Blastomere A"
"B1",1650,11,"Blastomere A"
"B1",1651,11,"Blastomere A"
"B1",1652,11,"Blastomere A"
"B1",1653,11,"Blastomere A"
"B1",1654,11,"Blastomere A"
"B1",1655,11,"Blastomere A"
"B1",1656,11,"Blastomere A"
"B1",1657,11,"Blastomere A"
"B1",1658,11,"Blastomere A"
"B1",1659,11,"Blastomere A"
"B1",1660,11,"Blastomere A"
"B1",1661,11,"Blastomere A"
"B1",1662,11,"Blastomere A"
"B1",1663,11,"Blastomere A"
"B1",1664,11,"Blastomere A"
"B1",1665,11,"Blastomere A"
"B1",1666,11,"Blastomere A"
"B1",1667,11,"Blastomere A"
"B1",1668,11,"Blastomere A"
"B1",1669,11,"Blastomere A"
"B1",1670,11,"Blastomere A"
"B1",1671,11,"Blastomere A"
"B1",1672,11,"Blastomere A"
"B1",1673,11,"Blastomere A"
"B1",1674,11,"Blastomere A"
"B1",1675,11,"Blastomere A"
"B1",1676,11,"Blastomere A"
"B1",1677,10,"Blastomere A"
"B1",1678,10,"Blastomere A"
"B1",1679,10,"Blastomere A"
"B1",1680,10,"Blastomere A"
"B1",1681,10,"Blastomere A"
"B1",1682,10,"Blastomere A"
"B1",1683,10,"Blastomere A"
"B1",1684,10,"Blastomere A"
"B1",1685,10,"Blastomere A"
"B1",1686,10,"Blastomere A"
"B1",1687,10,"Blastomere A"
"B1",1688,10,"Blastomere A"
"B1",1689,10,"Blastomere A"
"B1",1690,10,"Blastomere A"
"B1",1691,10,"Blastomere A"
"B1",1692,10,"Blastomere A"
"B1",1693,10,"Blastomere A"
"B1",1694,10,"Blastomere A"
"B1",1695,10,"Blastomere A"
"B1",1696,10,"Blastomere A"
"B1",1697,10,"Blastomere A"
"B1",1698,10,"Blastomere A"
"B1",1699,9,"Blastomere A"
"B1",1700,9,"Blastomere A"
"B1",1701,9,"Blastomere A"
"B1",1702,9,"Blastomere A"
"B1",1703,9,"Blastomere A"
"B1",1704,9,"Blastomere A"
"B1",1705,9,"Blastomere A"
"B1",1706,9,"Blastomere A"
"B1",1707,9,"Blastomere A"
"B1",1708,9,"Blastomere A"
"B1",1709,9,"Blastomere A"
"B1",1710,9,"Blastomere A"
"B1",1711,9,"Blastomere A"
"B1",1712,9,"Blastomere A"
"B1",1713,9,"Blastomere A"
"B1",1714,9,"Blastomere A"
"B1",1715,9,"Blastomere A"
"B1",1716,9,"Blastomere A"
"B1",1717,9,"Blastomere A"
"B1",1718,9,"Blastomere A"
"B1",1719,9,"Blastomere A"
"B1",1720,9,"Blastomere A"
"B1",1721,9,"Blastomere A"
"B1",1722,9,"Blastomere A"
"B1",1723,9,"Blastomere A"
"B1",1724,9,"Blastomere A"
"B1",1725,9,"Blastomere A"
"B1",1726,8,"Blastomere A"
"B1",1727,8,"Blastomere A"
"B1",1728,8,"Blastomere A"
"B1",1729,8,"Blastomere A"
"B1",1730,8,"Blastomere A"
"B1",1731,8,"Blastomere A"
"B1",1732,8,"Blastomere A"
"B1",1733,8,"Blastomere A"
"B1",1734,8,"Blastomere A"
"B1",1735,8,"Blastomere A"
"B1",1736,8,"Blastomere A"
"B1",1737,8,"Blastomere A"
"B1",1738,8,"Blastomere A"
"B1",1739,8,"Blastomere A"
"B1",1740,8,"Blastomere A"
"B1",1741,8,"Blastomere A"
"B1",1742,8,"Blastomere A"
"B1",1743,8,"Blastomere A"
"B1",1744,8,"Blastomere A"
"B1",1745,8,"Blastomere A"
"B1",1746,8,"Blastomere A"
"B1",1747,8,"Blastomere A"
"B1",1748,8,"Blastomere A"
"B1",1749,7,"Blastomere A"
"B1",1750,7,"Blastomere A"
"B1",1751,7,"Blastomere A"
"B1",1752,7,"Blastomere A"
"B1",1753,7,"Blastomere A"
"B1",1754,7,"Blastomere A"
"B1",1755,7,"Blastomere A"
"B1",1756,7,"Blastomere A"
"B1",1757,7,"Blastomere A"
"B1",1758,7,"Blastomere A"
"B1",1759,7,"Blastomere A"
"B1",1760,7,"Blastomere A"
"B1",1761,7,"Blastomere A"
"B1",1762,7,"Blastomere A"
"B1",1763,7,"Blastomere A"
"B1",1764,7,"Blastomere A"
"B1",1765,7,"Blastomere A"
"B1",1766,7,"Blastomere A"
"B1",1767,7,"Blastomere A"
"B1",1768,7,"Blastomere A"
"B1",1769,7,"Blastomere A"
"B1",1770,7,"Blastomere A"
"B1",1771,7,"Blastomere A"
"B1",1772,7,"Blastomere A"
"B1",1773,7,"Blastomere A"
"B1",1774,7,"Blastomere A"
"B1",1775,7,"Blastomere A"
"B1",1776,7,"Blastomere A"
"B1",1777,7,"Blastomere A"
"B1",1778,7,"Blastomere A"
"B1",1779,7,"Blastomere A"
"B1",1780,6,"Blastomere A"
"B1",1781,6,"Blastomere A"
"B1",1782,6,"Blastomere A"
"B1",1783,6,"Blastomere A"
"B1",1784,6,"Blastomere A"
"B1",1785,6,"Blastomere A"
"B1",1786,6,"Blastomere A"
"B1",1787,6,"Blastomere A"
"B1",1788,6,"Blastomere A"
"B1",1789,6,"Blastomere A"
"B1",1790,6,"Blastomere A"
"B1",1791,6,"Blastomere A"
"B1",1792,6,"Blastomere A"
"B1",1793,6,"Blastomere A"
"B1",1794,6,"Blastomere A"
"B1",1795,6,"Blastomere A"
"B1",1796,6,"Blastomere A"
"B1",1797,6,"Blastomere A"
"B1",1798,6,"Blastomere A"
"B1",1799,6,"Blastomere A"
"B1",1800,6,"Blastomere A"
"B1",1801,6,"Blastomere A"
"B1",1802,6,"Blastomere A"
"B1",1803,6,"Blastomere A"
"B1",1804,6,"Blastomere A"
"B1",1805,6,"Blastomere A"
"B1",1806,6,"Blastomere A"
"B1",1807,6,"Blastomere A"
"B1",1808,6,"Blastomere A"
"B1",1809,6,"Blastomere A"
"B1",1810,6,"Blastomere A"
"B1",1811,6,"Blastomere A"
"B1",1812,6,"Blastomere A"
"B1",1813,6,"Blastomere A"
"B1",1814,6,"Blastomere A"
"B1",1815,6,"Blastomere A"
"B1",1816,6,"Blastomere A"
"B1",1817,6,"Blastomere A"
"B1",1818,6,"Blastomere A"
"B1",1819,6,"Blastomere A"
"B1",1820,6,"Blastomere A"
"B1",1821,5,"Blastomere A"
"B1",1822,5,"Blastomere A"
"B1",1823,5,"Blastomere A"
"B1",1824,5,"Blastomere A"
"B1",1825,5,"Blastomere A"
"B1",1826,5,"Blastomere A"
"B1",1827,5,"Blastomere A"
"B1",1828,5,"Blastomere A"
"B1",1829,5,"Blastomere A"
"B1",1830,5,"Blastomere A"
"B1",1831,5,"Blastomere A"
"B1",1832,5,"Blastomere A"
"B1",1833,5,"Blastomere A"
"B1",1834,5,"Blastomere A"
"B1",1835,5,"Blastomere A"
"B1",1836,5,"Blastomere A"
"B1",1837,5,"Blastomere A"
"B1",1838,5,"Blastomere A"
"B1",1839,5,"Blastomere A"
"B1",1840,5,"Blastomere A"
"B1",1841,5,"Blastomere A"
"B1",1842,5,"Blastomere A"
"B1",1843,5,"Blastomere A"
"B1",1844,5,"Blastomere A"
"B1",1845,5,"Blastomere A"
"B1",1846,5,"Blastomere A"
"B1",1847,5,"Blastomere A"
"B1",1848,5,"Blastomere A"
"B1",1849,5,"Blastomere A"
"B1",1850,5,"Blastomere A"
"B1",1851,5,"Blastomere A"
"B1",1852,5,"Blastomere A"
"B1",1853,5,"Blastomere A"
"B1",1854,5,"Blastomere A"
"B1",1855,5,"Blastomere A"
"B1",1856,5,"Blastomere A"
"B1",1857,4,"Blastomere A"
"B1",1858,4,"Blastomere A"
"B1",1859,4,"Blastomere A"
"B1",1860,4,"Blastomere A"
"B1",1861,4,"Blastomere A"
"B1",1862,4,"Blastomere A"
"B1",1863,4,"Blastomere A"
"B1",1864,4,"Blastomere A"
"B1",1865,4,"Blastomere A"
"B1",1866,4,"Blastomere A"
"B1",1867,4,"Blastomere A"
"B1",1868,4,"Blastomere A"
"B1",1869,4,"Blastomere A"
"B1",1870,4,"Blastomere A"
"B1",1871,4,"Blastomere A"
"B1",1872,4,"Blastomere A"
"B1",1873,4,"Blastomere A"
"B1",1874,4,"Blastomere A"
"B1",1875,4,"Blastomere A"
"B1",1876,4,"Blastomere A"
"B1",1877,4,"Blastomere A"
"B1",1878,4,"Blastomere A"
"B1",1879,4,"Blastomere A"
"B1",1880,4,"Blastomere A"
"B1",1881,4,"Blastomere A"
"B1",1882,4,"Blastomere A"
"B1",1883,4,"Blastomere A"
"B1",1884,4,"Blastomere A"
"B1",1885,4,"Blastomere A"
"B1",1886,4,"Blastomere A"
"B1",1887,4,"Blastomere A"
"B1",1888,4,"Blastomere A"
"B1",1889,4,"Blastomere A"
"B1",1890,4,"Blastomere A"
"B1",1891,4,"Blastomere A"
"B1",1892,4,"Blastomere A"
"B1",1893,4,"Blastomere A"
"B1",1894,4,"Blastomere A"
"B1",1895,4,"Blastomere A"
"B1",1896,4,"Blastomere A"
"B1",1897,4,"Blastomere A"
"B1",1898,4,"Blastomere A"
"B1",1899,4,"Blastomere A"
"B1",1900,4,"Blastomere A"
"B1",1901,4,"Blastomere A"
"B1",1902,3,"Blastomere A"
"B1",1903,3,"Blastomere A"
"B1",1904,3,"Blastomere A"
"B1",1905,3,"Blastomere A"
"B1",1906,3,"Blastomere A"
"B1",1907,3,"Blastomere A"
"B1",1908,3,"Blastomere A"
"B1",1909,3,"Blastomere A"
"B1",1910,3,"Blastomere A"
"B1",1911,3,"Blastomere A"
"B1",1912,3,"Blastomere A"
"B1",1913,3,"Blastomere A"
"B1",1914,3,"Blastomere A"
"B1",1915,3,"Blastomere A"
"B1",1916,3,"Blastomere A"
"B1",1917,3,"Blastomere A"
"B1",1918,3,"Blastomere A"
"B1",1919,3,"Blastomere A"
"B1",1920,3,"Blastomere A"
"B1",1921,3,"Blastomere A"
"B1",1922,3,"Blastomere A"
"B1",1923,3,"Blastomere A"
"B1",1924,3,"Blastomere A"
"B1",1925,3,"Blastomere A"
"B1",1926,3,"Blastomere A"
"B1",1927,3,"Blastomere A"
"B1",1928,3,"Blastomere A"
"B1",1929,3,"Blastomere A"
"B1",1930,2,"Blastomere A"
"B1",1931,2,"Blastomere A"
"B1",1932,2,"Blastomere A"
"B1",1933,2,"Blastomere A"
"B1",1934,2,"Blastomere A"
"B1",1935,2,"Blastomere A"
"B1",1936,2,"Blastomere A"
"B1",1937,2,"Blastomere A"
"B1",1938,2,"Blastomere A"
"B1",1939,2,"Blastomere A"
"B1",1940,2,"Blastomere A"
"B1",1941,2,"Blastomere A"
"B1",1942,2,"Blastomere A"
"B1",1943,2,"Blastomere A"
"B1",1944,2,"Blastomere A"
"B1",1945,2,"Blastomere A"
"B1",1946,2,"Blastomere A"
"B1",1947,2,"Blastomere A"
"B1",1948,2,"Blastomere A"
"B1",1949,2,"Blastomere A"
"B1",1950,2,"Blastomere A"
"B1",1951,2,"Blastomere A"
"B1",1952,2,"Blastomere A"
"B1",1953,2,"Blastomere A"
"B1",1954,2,"Blastomere A"
"B1",1955,2,"Blastomere A"
"B1",1956,2,"Blastomere A"
"B1",1957,2,"Blastomere A"
"B1",1958,2,"Blastomere A"
"B1",1959,2,"Blastomere A"
"B1",1960,2,"Blastomere A"
"B1",1961,2,"Blastomere A"
"B1",1962,1,"Blastomere A"
"B1",1963,1,"Blastomere A"
"B1",1964,1,"Blastomere A"
"B1",1965,1,"Blastomere A"
"B1",1966,1,"Blastomere A"
"B1",1967,1,"Blastomere A"
"B1",1968,1,"Blastomere A"
"B1",1969,1,"Blastomere A"
"B1",1970,1,"Blastomere A"
"B2",1,15798,"Blastomere B"
"B2",2,15459,"Blastomere B"
"B2",3,11268,"Blastomere B"
"B2",4,8249,"Blastomere B"
"B2",5,7423,"Blastomere B"
"B2",6,6734,"Blastomere B"
"B2",7,6630,"Blastomere B"
"B2",8,6367,"Blastomere B"
"B2",9,5982,"Blastomere B"
"B2",10,5902,"Blastomere B"
"B2",11,4981,"Blastomere B"
"B2",12,4697,"Blastomere B"
"B2",13,4443,"Blastomere B"
"B2",14,4324,"Blastomere B"
"B2",15,4187,"Blastomere B"
"B2",16,3756,"Blastomere B"
"B2",17,3491,"Blastomere B"
"B2",18,3486,"Blastomere B"
"B2",19,3469,"Blastomere B"
"B2",20,3413,"Blastomere B"
"B2",21,3337,"Blastomere B"
"B2",22,3298,"Blastomere B"
"B2",23,3294,"Blastomere B"
"B2",24,3289,"Blastomere B"
"B2",25,3219,"Blastomere B"
"B2",26,3127,"Blastomere B"
"B2",27,3065,"Blastomere B"
"B2",28,2918,"Blastomere B"
"B2",29,2829,"Blastomere B"
"B2",30,2798,"Blastomere B"
"B2",31,2720,"Blastomere B"
"B2",32,2596,"Blastomere B"
"B2",33,2561,"Blastomere B"
"B2",34,2509,"Blastomere B"
"B2",35,2492,"Blastomere B"
"B2",36,2459,"Blastomere B"
"B2",37,2420,"Blastomere B"
"B2",38,2404,"Blastomere B"
"B2",39,2234,"Blastomere B"
"B2",40,2222,"Blastomere B"
"B2",41,2192,"Blastomere B"
"B2",42,2191,"Blastomere B"
"B2",43,2109,"Blastomere B"
"B2",44,2093,"Blastomere B"
"B2",45,2050,"Blastomere B"
"B2",46,2048,"Blastomere B"
"B2",47,2041,"Blastomere B"
"B2",48,1927,"Blastomere B"
"B2",49,1882,"Blastomere B"
"B2",50,1794,"Blastomere B"
"B2",51,1776,"Blastomere B"
"B2",52,1766,"Blastomere B"
"B2",53,1762,"Blastomere B"
"B2",54,1725,"Blastomere B"
"B2",55,1712,"Blastomere B"
"B2",56,1695,"Blastomere B"
"B2",57,1685,"Blastomere B"
"B2",58,1674,"Blastomere B"
"B2",59,1673,"Blastomere B"
"B2",60,1658,"Blastomere B"
"B2",61,1624,"Blastomere B"
"B2",62,1610,"Blastomere B"
"B2",63,1595,"Blastomere B"
"B2",64,1591,"Blastomere B"
"B2",65,1579,"Blastomere B"
"B2",66,1553,"Blastomere B"
"B2",67,1545,"Blastomere B"
"B2",68,1531,"Blastomere B"
"B2",69,1530,"Blastomere B"
"B2",70,1527,"Blastomere B"
"B2",71,1441,"Blastomere B"
"B2",72,1440,"Blastomere B"
"B2",73,1435,"Blastomere B"
"B2",74,1427,"Blastomere B"
"B2",75,1413,"Blastomere B"
"B2",76,1405,"Blastomere B"
"B2",77,1393,"Blastomere B"
"B2",78,1387,"Blastomere B"
"B2",79,1363,"Blastomere B"
"B2",80,1362,"Blastomere B"
"B2",81,1348,"Blastomere B"
"B2",82,1345,"Blastomere B"
"B2",83,1342,"Blastomere B"
"B2",84,1338,"Blastomere B"
"B2",85,1337,"Blastomere B"
"B2",86,1333,"Blastomere B"
"B2",87,1332,"Blastomere B"
"B2",88,1328,"Blastomere B"
"B2",89,1321,"Blastomere B"
"B2",90,1278,"Blastomere B"
"B2",91,1272,"Blastomere B"
"B2",92,1264,"Blastomere B"
"B2",93,1262,"Blastomere B"
"B2",94,1253,"Blastomere B"
"B2",95,1246,"Blastomere B"
"B2",96,1240,"Blastomere B"
"B2",97,1233,"Blastomere B"
"B2",98,1232,"Blastomere B"
"B2",99,1229,"Blastomere B"
"B2",100,1228,"Blastomere B"
"B2",101,1225,"Blastomere B"
"B2",102,1218,"Blastomere B"
"B2",103,1217,"Blastomere B"
"B2",104,1215,"Blastomere B"
"B2",105,1198,"Blastomere B"
"B2",106,1189,"Blastomere B"
"B2",107,1178,"Blastomere B"
"B2",108,1174,"Blastomere B"
"B2",109,1170,"Blastomere B"
"B2",110,1167,"Blastomere B"
"B2",111,1163,"Blastomere B"
"B2",112,1162,"Blastomere B"
"B2",113,1159,"Blastomere B"
"B2",114,1153,"Blastomere B"
"B2",115,1147,"Blastomere B"
"B2",116,1141,"Blastomere B"
"B2",117,1111,"Blastomere B"
"B2",118,1081,"Blastomere B"
"B2",119,1073,"Blastomere B"
"B2",120,1055,"Blastomere B"
"B2",121,1053,"Blastomere B"
"B2",122,1050,"Blastomere B"
"B2",123,1037,"Blastomere B"
"B2",124,1008,"Blastomere B"
"B2",125,1004,"Blastomere B"
"B2",126,997,"Blastomere B"
"B2",127,996,"Blastomere B"
"B2",128,989,"Blastomere B"
"B2",129,988,"Blastomere B"
"B2",130,987,"Blastomere B"
"B2",131,976,"Blastomere B"
"B2",132,972,"Blastomere B"
"B2",133,966,"Blastomere B"
"B2",134,964,"Blastomere B"
"B2",135,959,"Blastomere B"
"B2",136,953,"Blastomere B"
"B2",137,943,"Blastomere B"
"B2",138,937,"Blastomere B"
"B2",139,930,"Blastomere B"
"B2",140,921,"Blastomere B"
"B2",141,905,"Blastomere B"
"B2",142,894,"Blastomere B"
"B2",143,886,"Blastomere B"
"B2",144,882,"Blastomere B"
"B2",145,870,"Blastomere B"
"B2",146,869,"Blastomere B"
"B2",147,857,"Blastomere B"
"B2",148,851,"Blastomere B"
"B2",149,830,"Blastomere B"
"B2",150,807,"Blastomere B"
"B2",151,795,"Blastomere B"
"B2",152,789,"Blastomere B"
"B2",153,779,"Blastomere B"
"B2",154,772,"Blastomere B"
"B2",155,772,"Blastomere B"
"B2",156,771,"Blastomere B"
"B2",157,771,"Blastomere B"
"B2",158,768,"Blastomere B"
"B2",159,766,"Blastomere B"
"B2",160,764,"Blastomere B"
"B2",161,758,"Blastomere B"
"B2",162,757,"Blastomere B"
"B2",163,750,"Blastomere B"
"B2",164,746,"Blastomere B"
"B2",165,744,"Blastomere B"
"B2",166,740,"Blastomere B"
"B2",167,736,"Blastomere B"
"B2",168,736,"Blastomere B"
"B2",169,732,"Blastomere B"
"B2",170,732,"Blastomere B"
"B2",171,729,"Blastomere B"
"B2",172,728,"Blastomere B"
"B2",173,717,"Blastomere B"
"B2",174,715,"Blastomere B"
"B2",175,710,"Blastomere B"
"B2",176,703,"Blastomere B"
"B2",177,700,"Blastomere B"
"B2",178,698,"Blastomere B"
"B2",179,696,"Blastomere B"
"B2",180,694,"Blastomere B"
"B2",181,691,"Blastomere B"
"B2",182,685,"Blastomere B"
"B2",183,684,"Blastomere B"
"B2",184,683,"Blastomere B"
"B2",185,672,"Blastomere B"
"B2",186,669,"Blastomere B"
"B2",187,667,"Blastomere B"
"B2",188,667,"Blastomere B"
"B2",189,665,"Blastomere B"
"B2",190,664,"Blastomere B"
"B2",191,663,"Blastomere B"
"B2",192,662,"Blastomere B"
"B2",193,657,"Blastomere B"
"B2",194,655,"Blastomere B"
"B2",195,653,"Blastomere B"
"B2",196,651,"Blastomere B"
"B2",197,650,"Blastomere B"
"B2",198,648,"Blastomere B"
"B2",199,647,"Blastomere B"
"B2",200,644,"Blastomere B"
"B2",201,642,"Blastomere B"
"B2",202,637,"Blastomere B"
"B2",203,636,"Blastomere B"
"B2",204,636,"Blastomere B"
"B2",205,631,"Blastomere B"
"B2",206,620,"Blastomere B"
"B2",207,617,"Blastomere B"
"B2",208,617,"Blastomere B"
"B2",209,614,"Blastomere B"
"B2",210,607,"Blastomere B"
"B2",211,607,"Blastomere B"
"B2",212,600,"Blastomere B"
"B2",213,599,"Blastomere B"
"B2",214,594,"Blastomere B"
"B2",215,593,"Blastomere B"
"B2",216,590,"Blastomere B"
"B2",217,588,"Blastomere B"
"B2",218,588,"Blastomere B"
"B2",219,583,"Blastomere B"
"B2",220,581,"Blastomere B"
"B2",221,577,"Blastomere B"
"B2",222,576,"Blastomere B"
"B2",223,576,"Blastomere B"
"B2",224,570,"Blastomere B"
"B2",225,569,"Blastomere B"
"B2",226,565,"Blastomere B"
"B2",227,564,"Blastomere B"
"B2",228,556,"Blastomere B"
"B2",229,553,"Blastomere B"
"B2",230,553,"Blastomere B"
"B2",231,552,"Blastomere B"
"B2",232,551,"Blastomere B"
"B2",233,550,"Blastomere B"
"B2",234,539,"Blastomere B"
"B2",235,533,"Blastomere B"
"B2",236,532,"Blastomere B"
"B2",237,528,"Blastomere B"
"B2",238,525,"Blastomere B"
"B2",239,525,"Blastomere B"
"B2",240,524,"Blastomere B"
"B2",241,524,"Blastomere B"
"B2",242,522,"Blastomere B"
"B2",243,513,"Blastomere B"
"B2",244,510,"Blastomere B"
"B2",245,501,"Blastomere B"
"B2",246,501,"Blastomere B"
"B2",247,494,"Blastomere B"
"B2",248,493,"Blastomere B"
"B2",249,492,"Blastomere B"
"B2",250,490,"Blastomere B"
"B2",251,490,"Blastomere B"
"B2",252,487,"Blastomere B"
"B2",253,486,"Blastomere B"
"B2",254,483,"Blastomere B"
"B2",255,481,"Blastomere B"
"B2",256,480,"Blastomere B"
"B2",257,480,"Blastomere B"
"B2",258,479,"Blastomere B"
"B2",259,479,"Blastomere B"
"B2",260,477,"Blastomere B"
"B2",261,466,"Blastomere B"
"B2",262,465,"Blastomere B"
"B2",263,465,"Blastomere B"
"B2",264,464,"Blastomere B"
"B2",265,463,"Blastomere B"
"B2",266,462,"Blastomere B"
"B2",267,461,"Blastomere B"
"B2",268,461,"Blastomere B"
"B2",269,460,"Blastomere B"
"B2",270,458,"Blastomere B"
"B2",271,457,"Blastomere B"
"B2",272,456,"Blastomere B"
"B2",273,456,"Blastomere B"
"B2",274,455,"Blastomere B"
"B2",275,454,"Blastomere B"
"B2",276,453,"Blastomere B"
"B2",277,448,"Blastomere B"
"B2",278,447,"Blastomere B"
"B2",279,445,"Blastomere B"
"B2",280,444,"Blastomere B"
"B2",281,440,"Blastomere B"
"B2",282,439,"Blastomere B"
"B2",283,439,"Blastomere B"
"B2",284,432,"Blastomere B"
"B2",285,430,"Blastomere B"
"B2",286,427,"Blastomere B"
"B2",287,426,"Blastomere B"
"B2",288,424,"Blastomere B"
"B2",289,424,"Blastomere B"
"B2",290,423,"Blastomere B"
"B2",291,422,"Blastomere B"
"B2",292,419,"Blastomere B"
"B2",293,415,"Blastomere B"
"B2",294,415,"Blastomere B"
"B2",295,413,"Blastomere B"
"B2",296,413,"Blastomere B"
"B2",297,411,"Blastomere B"
"B2",298,410,"Blastomere B"
"B2",299,409,"Blastomere B"
"B2",300,406,"Blastomere B"
"B2",301,405,"Blastomere B"
"B2",302,404,"Blastomere B"
"B2",303,403,"Blastomere B"
"B2",304,403,"Blastomere B"
"B2",305,402,"Blastomere B"
"B2",306,399,"Blastomere B"
"B2",307,399,"Blastomere B"
"B2",308,394,"Blastomere B"
"B2",309,386,"Blastomere B"
"B2",310,385,"Blastomere B"
"B2",311,384,"Blastomere B"
"B2",312,383,"Blastomere B"
"B2",313,382,"Blastomere B"
"B2",314,382,"Blastomere B"
"B2",315,380,"Blastomere B"
"B2",316,380,"Blastomere B"
"B2",317,379,"Blastomere B"
"B2",318,379,"Blastomere B"
"B2",319,374,"Blastomere B"
"B2",320,373,"Blastomere B"
"B2",321,373,"Blastomere B"
"B2",322,372,"Blastomere B"
"B2",323,371,"Blastomere B"
"B2",324,371,"Blastomere B"
"B2",325,370,"Blastomere B"
"B2",326,369,"Blastomere B"
"B2",327,368,"Blastomere B"
"B2",328,368,"Blastomere B"
"B2",329,368,"Blastomere B"
"B2",330,367,"Blastomere B"
"B2",331,366,"Blastomere B"
"B2",332,366,"Blastomere B"
"B2",333,363,"Blastomere B"
"B2",334,363,"Blastomere B"
"B2",335,357,"Blastomere B"
"B2",336,356,"Blastomere B"
"B2",337,356,"Blastomere B"
"B2",338,354,"Blastomere B"
"B2",339,353,"Blastomere B"
"B2",340,352,"Blastomere B"
"B2",341,349,"Blastomere B"
"B2",342,347,"Blastomere B"
"B2",343,345,"Blastomere B"
"B2",344,344,"Blastomere B"
"B2",345,343,"Blastomere B"
"B2",346,342,"Blastomere B"
"B2",347,342,"Blastomere B"
"B2",348,338,"Blastomere B"
"B2",349,337,"Blastomere B"
"B2",350,336,"Blastomere B"
"B2",351,335,"Blastomere B"
"B2",352,335,"Blastomere B"
"B2",353,333,"Blastomere B"
"B2",354,331,"Blastomere B"
"B2",355,329,"Blastomere B"
"B2",356,326,"Blastomere B"
"B2",357,324,"Blastomere B"
"B2",358,323,"Blastomere B"
"B2",359,322,"Blastomere B"
"B2",360,321,"Blastomere B"
"B2",361,320,"Blastomere B"
"B2",362,318,"Blastomere B"
"B2",363,316,"Blastomere B"
"B2",364,315,"Blastomere B"
"B2",365,315,"Blastomere B"
"B2",366,314,"Blastomere B"
"B2",367,313,"Blastomere B"
"B2",368,312,"Blastomere B"
"B2",369,312,"Blastomere B"
"B2",370,312,"Blastomere B"
"B2",371,311,"Blastomere B"
"B2",372,309,"Blastomere B"
"B2",373,308,"Blastomere B"
"B2",374,307,"Blastomere B"
"B2",375,307,"Blastomere B"
"B2",376,306,"Blastomere B"
"B2",377,306,"Blastomere B"
"B2",378,304,"Blastomere B"
"B2",379,301,"Blastomere B"
"B2",380,300,"Blastomere B"
"B2",381,299,"Blastomere B"
"B2",382,298,"Blastomere B"
"B2",383,296,"Blastomere B"
"B2",384,295,"Blastomere B"
"B2",385,295,"Blastomere B"
"B2",386,293,"Blastomere B"
"B2",387,286,"Blastomere B"
"B2",388,285,"Blastomere B"
"B2",389,285,"Blastomere B"
"B2",390,281,"Blastomere B"
"B2",391,280,"Blastomere B"
"B2",392,278,"Blastomere B"
"B2",393,278,"Blastomere B"
"B2",394,278,"Blastomere B"
"B2",395,277,"Blastomere B"
"B2",396,277,"Blastomere B"
"B2",397,273,"Blastomere B"
"B2",398,272,"Blastomere B"
"B2",399,270,"Blastomere B"
"B2",400,270,"Blastomere B"
"B2",401,269,"Blastomere B"
"B2",402,265,"Blastomere B"
"B2",403,264,"Blastomere B"
"B2",404,263,"Blastomere B"
"B2",405,261,"Blastomere B"
"B2",406,261,"Blastomere B"
"B2",407,260,"Blastomere B"
"B2",408,260,"Blastomere B"
"B2",409,259,"Blastomere B"
"B2",410,259,"Blastomere B"
"B2",411,259,"Blastomere B"
"B2",412,259,"Blastomere B"
"B2",413,257,"Blastomere B"
"B2",414,257,"Blastomere B"
"B2",415,257,"Blastomere B"
"B2",416,255,"Blastomere B"
"B2",417,252,"Blastomere B"
"B2",418,250,"Blastomere B"
"B2",419,250,"Blastomere B"
"B2",420,248,"Blastomere B"
"B2",421,247,"Blastomere B"
"B2",422,247,"Blastomere B"
"B2",423,246,"Blastomere B"
"B2",424,246,"Blastomere B"
"B2",425,245,"Blastomere B"
"B2",426,245,"Blastomere B"
"B2",427,244,"Blastomere B"
"B2",428,243,"Blastomere B"
"B2",429,241,"Blastomere B"
"B2",430,240,"Blastomere B"
"B2",431,240,"Blastomere B"
"B2",432,238,"Blastomere B"
"B2",433,237,"Blastomere B"
"B2",434,234,"Blastomere B"
"B2",435,233,"Blastomere B"
"B2",436,232,"Blastomere B"
"B2",437,230,"Blastomere B"
"B2",438,226,"Blastomere B"
"B2",439,225,"Blastomere B"
"B2",440,224,"Blastomere B"
"B2",441,224,"Blastomere B"
"B2",442,224,"Blastomere B"
"B2",443,223,"Blastomere B"
"B2",444,223,"Blastomere B"
"B2",445,223,"Blastomere B"
"B2",446,222,"Blastomere B"
"B2",447,221,"Blastomere B"
"B2",448,220,"Blastomere B"
"B2",449,220,"Blastomere B"
"B2",450,220,"Blastomere B"
"B2",451,218,"Blastomere B"
"B2",452,217,"Blastomere B"
"B2",453,216,"Blastomere B"
"B2",454,215,"Blastomere B"
"B2",455,215,"Blastomere B"
"B2",456,214,"Blastomere B"
"B2",457,212,"Blastomere B"
"B2",458,212,"Blastomere B"
"B2",459,211,"Blastomere B"
"B2",460,209,"Blastomere B"
"B2",461,209,"Blastomere B"
"B2",462,209,"Blastomere B"
"B2",463,209,"Blastomere B"
"B2",464,208,"Blastomere B"
"B2",465,207,"Blastomere B"
"B2",466,207,"Blastomere B"
"B2",467,207,"Blastomere B"
"B2",468,206,"Blastomere B"
"B2",469,205,"Blastomere B"
"B2",470,205,"Blastomere B"
"B2",471,203,"Blastomere B"
"B2",472,203,"Blastomere B"
"B2",473,203,"Blastomere B"
"B2",474,202,"Blastomere B"
"B2",475,201,"Blastomere B"
"B2",476,201,"Blastomere B"
"B2",477,200,"Blastomere B"
"B2",478,199,"Blastomere B"
"B2",479,198,"Blastomere B"
"B2",480,198,"Blastomere B"
"B2",481,197,"Blastomere B"
"B2",482,196,"Blastomere B"
"B2",483,196,"Blastomere B"
"B2",484,196,"Blastomere B"
"B2",485,196,"Blastomere B"
"B2",486,196,"Blastomere B"
"B2",487,195,"Blastomere B"
"B2",488,194,"Blastomere B"
"B2",489,194,"Blastomere B"
"B2",490,193,"Blastomere B"
"B2",491,192,"Blastomere B"
"B2",492,192,"Blastomere B"
"B2",493,192,"Blastomere B"
"B2",494,191,"Blastomere B"
"B2",495,191,"Blastomere B"
"B2",496,191,"Blastomere B"
"B2",497,190,"Blastomere B"
"B2",498,189,"Blastomere B"
"B2",499,189,"Blastomere B"
"B2",500,189,"Blastomere B"
"B2",501,188,"Blastomere B"
"B2",502,187,"Blastomere B"
"B2",503,186,"Blastomere B"
"B2",504,186,"Blastomere B"
"B2",505,186,"Blastomere B"
"B2",506,185,"Blastomere B"
"B2",507,185,"Blastomere B"
"B2",508,184,"Blastomere B"
"B2",509,183,"Blastomere B"
"B2",510,183,"Blastomere B"
"B2",511,182,"Blastomere B"
"B2",512,182,"Blastomere B"
"B2",513,182,"Blastomere B"
"B2",514,181,"Blastomere B"
"B2",515,181,"Blastomere B"
"B2",516,180,"Blastomere B"
"B2",517,180,"Blastomere B"
"B2",518,179,"Blastomere B"
"B2",519,179,"Blastomere B"
"B2",520,179,"Blastomere B"
"B2",521,179,"Blastomere B"
"B2",522,179,"Blastomere B"
"B2",523,178,"Blastomere B"
"B2",524,178,"Blastomere B"
"B2",525,177,"Blastomere B"
"B2",526,176,"Blastomere B"
"B2",527,175,"Blastomere B"
"B2",528,174,"Blastomere B"
"B2",529,174,"Blastomere B"
"B2",530,174,"Blastomere B"
"B2",531,174,"Blastomere B"
"B2",532,174,"Blastomere B"
"B2",533,174,"Blastomere B"
"B2",534,174,"Blastomere B"
"B2",535,173,"Blastomere B"
"B2",536,172,"Blastomere B"
"B2",537,172,"Blastomere B"
"B2",538,172,"Blastomere B"
"B2",539,172,"Blastomere B"
"B2",540,171,"Blastomere B"
"B2",541,171,"Blastomere B"
"B2",542,170,"Blastomere B"
"B2",543,169,"Blastomere B"
"B2",544,168,"Blastomere B"
"B2",545,168,"Blastomere B"
"B2",546,166,"Blastomere B"
"B2",547,166,"Blastomere B"
"B2",548,164,"Blastomere B"
"B2",549,164,"Blastomere B"
"B2",550,164,"Blastomere B"
"B2",551,164,"Blastomere B"
"B2",552,163,"Blastomere B"
"B2",553,162,"Blastomere B"
"B2",554,161,"Blastomere B"
"B2",555,160,"Blastomere B"
"B2",556,160,"Blastomere B"
"B2",557,160,"Blastomere B"
"B2",558,159,"Blastomere B"
"B2",559,159,"Blastomere B"
"B2",560,158,"Blastomere B"
"B2",561,157,"Blastomere B"
"B2",562,157,"Blastomere B"
"B2",563,156,"Blastomere B"
"B2",564,155,"Blastomere B"
"B2",565,155,"Blastomere B"
"B2",566,153,"Blastomere B"
"B2",567,153,"Blastomere B"
"B2",568,153,"Blastomere B"
"B2",569,153,"Blastomere B"
"B2",570,151,"Blastomere B"
"B2",571,150,"Blastomere B"
"B2",572,150,"Blastomere B"
"B2",573,150,"Blastomere B"
"B2",574,149,"Blastomere B"
"B2",575,149,"Blastomere B"
"B2",576,148,"Blastomere B"
"B2",577,148,"Blastomere B"
"B2",578,148,"Blastomere B"
"B2",579,147,"Blastomere B"
"B2",580,146,"Blastomere B"
"B2",581,145,"Blastomere B"
"B2",582,145,"Blastomere B"
"B2",583,145,"Blastomere B"
"B2",584,145,"Blastomere B"
"B2",585,144,"Blastomere B"
"B2",586,144,"Blastomere B"
"B2",587,143,"Blastomere B"
"B2",588,142,"Blastomere B"
"B2",589,141,"Blastomere B"
"B2",590,141,"Blastomere B"
"B2",591,140,"Blastomere B"
"B2",592,140,"Blastomere B"
"B2",593,139,"Blastomere B"
"B2",594,138,"Blastomere B"
"B2",595,137,"Blastomere B"
"B2",596,136,"Blastomere B"
"B2",597,136,"Blastomere B"
"B2",598,135,"Blastomere B"
"B2",599,135,"Blastomere B"
"B2",600,134,"Blastomere B"
"B2",601,133,"Blastomere B"
"B2",602,132,"Blastomere B"
"B2",603,132,"Blastomere B"
"B2",604,132,"Blastomere B"
"B2",605,131,"Blastomere B"
"B2",606,131,"Blastomere B"
"B2",607,131,"Blastomere B"
"B2",608,131,"Blastomere B"
"B2",609,131,"Blastomere B"
"B2",610,131,"Blastomere B"
"B2",611,130,"Blastomere B"
"B2",612,129,"Blastomere B"
"B2",613,129,"Blastomere B"
"B2",614,129,"Blastomere B"
"B2",615,128,"Blastomere B"
"B2",616,127,"Blastomere B"
"B2",617,127,"Blastomere B"
"B2",618,125,"Blastomere B"
"B2",619,125,"Blastomere B"
"B2",620,125,"Blastomere B"
"B2",621,125,"Blastomere B"
"B2",622,124,"Blastomere B"
"B2",623,124,"Blastomere B"
"B2",624,124,"Blastomere B"
"B2",625,123,"Blastomere B"
"B2",626,123,"Blastomere B"
"B2",627,123,"Blastomere B"
"B2",628,123,"Blastomere B"
"B2",629,123,"Blastomere B"
"B2",630,122,"Blastomere B"
"B2",631,121,"Blastomere B"
"B2",632,120,"Blastomere B"
"B2",633,120,"Blastomere B"
"B2",634,120,"Blastomere B"
"B2",635,119,"Blastomere B"
"B2",636,119,"Blastomere B"
"B2",637,118,"Blastomere B"
"B2",638,118,"Blastomere B"
"B2",639,117,"Blastomere B"
"B2",640,117,"Blastomere B"
"B2",641,117,"Blastomere B"
"B2",642,116,"Blastomere B"
"B2",643,116,"Blastomere B"
"B2",644,116,"Blastomere B"
"B2",645,115,"Blastomere B"
"B2",646,115,"Blastomere B"
"B2",647,115,"Blastomere B"
"B2",648,114,"Blastomere B"
"B2",649,114,"Blastomere B"
"B2",650,113,"Blastomere B"
"B2",651,112,"Blastomere B"
"B2",652,112,"Blastomere B"
"B2",653,112,"Blastomere B"
"B2",654,111,"Blastomere B"
"B2",655,111,"Blastomere B"
"B2",656,110,"Blastomere B"
"B2",657,110,"Blastomere B"
"B2",658,110,"Blastomere B"
"B2",659,109,"Blastomere B"
"B2",660,109,"Blastomere B"
"B2",661,109,"Blastomere B"
"B2",662,108,"Blastomere B"
"B2",663,108,"Blastomere B"
"B2",664,107,"Blastomere B"
"B2",665,107,"Blastomere B"
"B2",666,107,"Blastomere B"
"B2",667,107,"Blastomere B"
"B2",668,107,"Blastomere B"
"B2",669,107,"Blastomere B"
"B2",670,106,"Blastomere B"
"B2",671,106,"Blastomere B"
"B2",672,106,"Blastomere B"
"B2",673,105,"Blastomere B"
"B2",674,105,"Blastomere B"
"B2",675,105,"Blastomere B"
"B2",676,104,"Blastomere B"
"B2",677,104,"Blastomere B"
"B2",678,104,"Blastomere B"
"B2",679,104,"Blastomere B"
"B2",680,103,"Blastomere B"
"B2",681,103,"Blastomere B"
"B2",682,103,"Blastomere B"
"B2",683,102,"Blastomere B"
"B2",684,102,"Blastomere B"
"B2",685,101,"Blastomere B"
"B2",686,101,"Blastomere B"
"B2",687,101,"Blastomere B"
"B2",688,100,"Blastomere B"
"B2",689,100,"Blastomere B"
"B2",690,99,"Blastomere B"
"B2",691,99,"Blastomere B"
"B2",692,98,"Blastomere B"
"B2",693,98,"Blastomere B"
"B2",694,98,"Blastomere B"
"B2",695,98,"Blastomere B"
"B2",696,98,"Blastomere B"
"B2",697,97,"Blastomere B"
"B2",698,97,"Blastomere B"
"B2",699,96,"Blastomere B"
"B2",700,96,"Blastomere B"
"B2",701,95,"Blastomere B"
"B2",702,94,"Blastomere B"
"B2",703,94,"Blastomere B"
"B2",704,94,"Blastomere B"
"B2",705,94,"Blastomere B"
"B2",706,94,"Blastomere B"
"B2",707,93,"Blastomere B"
"B2",708,93,"Blastomere B"
"B2",709,93,"Blastomere B"
"B2",710,92,"Blastomere B"
"B2",711,92,"Blastomere B"
"B2",712,91,"Blastomere B"
"B2",713,91,"Blastomere B"
"B2",714,91,"Blastomere B"
"B2",715,91,"Blastomere B"
"B2",716,91,"Blastomere B"
"B2",717,91,"Blastomere B"
"B2",718,90,"Blastomere B"
"B2",719,90,"Blastomere B"
"B2",720,90,"Blastomere B"
"B2",721,89,"Blastomere B"
"B2",722,89,"Blastomere B"
"B2",723,89,"Blastomere B"
"B2",724,88,"Blastomere B"
"B2",725,88,"Blastomere B"
"B2",726,88,"Blastomere B"
"B2",727,87,"Blastomere B"
"B2",728,87,"Blastomere B"
"B2",729,86,"Blastomere B"
"B2",730,85,"Blastomere B"
"B2",731,85,"Blastomere B"
"B2",732,85,"Blastomere B"
"B2",733,85,"Blastomere B"
"B2",734,85,"Blastomere B"
"B2",735,85,"Blastomere B"
"B2",736,83,"Blastomere B"
"B2",737,83,"Blastomere B"
"B2",738,83,"Blastomere B"
"B2",739,83,"Blastomere B"
"B2",740,83,"Blastomere B"
"B2",741,83,"Blastomere B"
"B2",742,82,"Blastomere B"
"B2",743,82,"Blastomere B"
"B2",744,82,"Blastomere B"
"B2",745,82,"Blastomere B"
"B2",746,81,"Blastomere B"
"B2",747,81,"Blastomere B"
"B2",748,81,"Blastomere B"
"B2",749,81,"Blastomere B"
"B2",750,81,"Blastomere B"
"B2",751,81,"Blastomere B"
"B2",752,81,"Blastomere B"
"B2",753,81,"Blastomere B"
"B2",754,81,"Blastomere B"
"B2",755,80,"Blastomere B"
"B2",756,80,"Blastomere B"
"B2",757,79,"Blastomere B"
"B2",758,79,"Blastomere B"
"B2",759,79,"Blastomere B"
"B2",760,79,"Blastomere B"
"B2",761,79,"Blastomere B"
"B2",762,79,"Blastomere B"
"B2",763,78,"Blastomere B"
"B2",764,78,"Blastomere B"
"B2",765,77,"Blastomere B"
"B2",766,77,"Blastomere B"
"B2",767,77,"Blastomere B"
"B2",768,77,"Blastomere B"
"B2",769,76,"Blastomere B"
"B2",770,76,"Blastomere B"
"B2",771,76,"Blastomere B"
"B2",772,75,"Blastomere B"
"B2",773,75,"Blastomere B"
"B2",774,75,"Blastomere B"
"B2",775,75,"Blastomere B"
"B2",776,75,"Blastomere B"
"B2",777,75,"Blastomere B"
"B2",778,74,"Blastomere B"
"B2",779,74,"Blastomere B"
"B2",780,74,"Blastomere B"
"B2",781,74,"Blastomere B"
"B2",782,74,"Blastomere B"
"B2",783,74,"Blastomere B"
"B2",784,73,"Blastomere B"
"B2",785,73,"Blastomere B"
"B2",786,72,"Blastomere B"
"B2",787,72,"Blastomere B"
"B2",788,72,"Blastomere B"
"B2",789,72,"Blastomere B"
"B2",790,72,"Blastomere B"
"B2",791,72,"Blastomere B"
"B2",792,72,"Blastomere B"
"B2",793,72,"Blastomere B"
"B2",794,72,"Blastomere B"
"B2",795,71,"Blastomere B"
"B2",796,71,"Blastomere B"
"B2",797,71,"Blastomere B"
"B2",798,71,"Blastomere B"
"B2",799,71,"Blastomere B"
"B2",800,71,"Blastomere B"
"B2",801,70,"Blastomere B"
"B2",802,70,"Blastomere B"
"B2",803,69,"Blastomere B"
"B2",804,69,"Blastomere B"
"B2",805,69,"Blastomere B"
"B2",806,69,"Blastomere B"
"B2",807,68,"Blastomere B"
"B2",808,68,"Blastomere B"
"B2",809,68,"Blastomere B"
"B2",810,68,"Blastomere B"
"B2",811,68,"Blastomere B"
"B2",812,67,"Blastomere B"
"B2",813,67,"Blastomere B"
"B2",814,66,"Blastomere B"
"B2",815,66,"Blastomere B"
"B2",816,66,"Blastomere B"
"B2",817,66,"Blastomere B"
"B2",818,66,"Blastomere B"
"B2",819,65,"Blastomere B"
"B2",820,65,"Blastomere B"
"B2",821,65,"Blastomere B"
"B2",822,65,"Blastomere B"
"B2",823,64,"Blastomere B"
"B2",824,64,"Blastomere B"
"B2",825,64,"Blastomere B"
"B2",826,64,"Blastomere B"
"B2",827,64,"Blastomere B"
"B2",828,63,"Blastomere B"
"B2",829,63,"Blastomere B"
"B2",830,63,"Blastomere B"
"B2",831,63,"Blastomere B"
"B2",832,62,"Blastomere B"
"B2",833,62,"Blastomere B"
"B2",834,61,"Blastomere B"
"B2",835,61,"Blastomere B"
"B2",836,60,"Blastomere B"
"B2",837,60,"Blastomere B"
"B2",838,60,"Blastomere B"
"B2",839,60,"Blastomere B"
"B2",840,59,"Blastomere B"
"B2",841,59,"Blastomere B"
"B2",842,59,"Blastomere B"
"B2",843,58,"Blastomere B"
"B2",844,58,"Blastomere B"
"B2",845,58,"Blastomere B"
"B2",846,58,"Blastomere B"
"B2",847,58,"Blastomere B"
"B2",848,58,"Blastomere B"
"B2",849,57,"Blastomere B"
"B2",850,57,"Blastomere B"
"B2",851,57,"Blastomere B"
"B2",852,57,"Blastomere B"
"B2",853,57,"Blastomere B"
"B2",854,57,"Blastomere B"
"B2",855,56,"Blastomere B"
"B2",856,56,"Blastomere B"
"B2",857,56,"Blastomere B"
"B2",858,56,"Blastomere B"
"B2",859,56,"Blastomere B"
"B2",860,56,"Blastomere B"
"B2",861,56,"Blastomere B"
"B2",862,55,"Blastomere B"
"B2",863,55,"Blastomere B"
"B2",864,55,"Blastomere B"
"B2",865,55,"Blastomere B"
"B2",866,55,"Blastomere B"
"B2",867,55,"Blastomere B"
"B2",868,55,"Blastomere B"
"B2",869,54,"Blastomere B"
"B2",870,54,"Blastomere B"
"B2",871,54,"Blastomere B"
"B2",872,54,"Blastomere B"
"B2",873,53,"Blastomere B"
"B2",874,53,"Blastomere B"
"B2",875,53,"Blastomere B"
"B2",876,53,"Blastomere B"
"B2",877,53,"Blastomere B"
"B2",878,53,"Blastomere B"
"B2",879,53,"Blastomere B"
"B2",880,52,"Blastomere B"
"B2",881,52,"Blastomere B"
"B2",882,52,"Blastomere B"
"B2",883,52,"Blastomere B"
"B2",884,52,"Blastomere B"
"B2",885,52,"Blastomere B"
"B2",886,52,"Blastomere B"
"B2",887,52,"Blastomere B"
"B2",888,52,"Blastomere B"
"B2",889,52,"Blastomere B"
"B2",890,51,"Blastomere B"
"B2",891,51,"Blastomere B"
"B2",892,51,"Blastomere B"
"B2",893,51,"Blastomere B"
"B2",894,51,"Blastomere B"
"B2",895,51,"Blastomere B"
"B2",896,51,"Blastomere B"
"B2",897,51,"Blastomere B"
"B2",898,51,"Blastomere B"
"B2",899,51,"Blastomere B"
"B2",900,51,"Blastomere B"
"B2",901,51,"Blastomere B"
"B2",902,50,"Blastomere B"
"B2",903,50,"Blastomere B"
"B2",904,50,"Blastomere B"
"B2",905,50,"Blastomere B"
"B2",906,50,"Blastomere B"
"B2",907,49,"Blastomere B"
"B2",908,49,"Blastomere B"
"B2",909,49,"Blastomere B"
"B2",910,49,"Blastomere B"
"B2",911,49,"Blastomere B"
"B2",912,49,"Blastomere B"
"B2",913,49,"Blastomere B"
"B2",914,49,"Blastomere B"
"B2",915,49,"Blastomere B"
"B2",916,49,"Blastomere B"
"B2",917,49,"Blastomere B"
"B2",918,49,"Blastomere B"
"B2",919,48,"Blastomere B"
"B2",920,48,"Blastomere B"
"B2",921,48,"Blastomere B"
"B2",922,48,"Blastomere B"
"B2",923,48,"Blastomere B"
"B2",924,48,"Blastomere B"
"B2",925,47,"Blastomere B"
"B2",926,47,"Blastomere B"
"B2",927,47,"Blastomere B"
"B2",928,47,"Blastomere B"
"B2",929,47,"Blastomere B"
"B2",930,47,"Blastomere B"
"B2",931,47,"Blastomere B"
"B2",932,47,"Blastomere B"
"B2",933,47,"Blastomere B"
"B2",934,47,"Blastomere B"
"B2",935,47,"Blastomere B"
"B2",936,46,"Blastomere B"
"B2",937,46,"Blastomere B"
"B2",938,46,"Blastomere B"
"B2",939,46,"Blastomere B"
"B2",940,46,"Blastomere B"
"B2",941,46,"Blastomere B"
"B2",942,46,"Blastomere B"
"B2",943,46,"Blastomere B"
"B2",944,46,"Blastomere B"
"B2",945,46,"Blastomere B"
"B2",946,46,"Blastomere B"
"B2",947,45,"Blastomere B"
"B2",948,45,"Blastomere B"
"B2",949,45,"Blastomere B"
"B2",950,45,"Blastomere B"
"B2",951,45,"Blastomere B"
"B2",952,44,"Blastomere B"
"B2",953,44,"Blastomere B"
"B2",954,44,"Blastomere B"
"B2",955,44,"Blastomere B"
"B2",956,44,"Blastomere B"
"B2",957,44,"Blastomere B"
"B2",958,44,"Blastomere B"
"B2",959,44,"Blastomere B"
"B2",960,43,"Blastomere B"
"B2",961,43,"Blastomere B"
"B2",962,43,"Blastomere B"
"B2",963,43,"Blastomere B"
"B2",964,43,"Blastomere B"
"B2",965,43,"Blastomere B"
"B2",966,43,"Blastomere B"
"B2",967,43,"Blastomere B"
"B2",968,43,"Blastomere B"
"B2",969,43,"Blastomere B"
"B2",970,43,"Blastomere B"
"B2",971,43,"Blastomere B"
"B2",972,42,"Blastomere B"
"B2",973,42,"Blastomere B"
"B2",974,42,"Blastomere B"
"B2",975,42,"Blastomere B"
"B2",976,42,"Blastomere B"
"B2",977,42,"Blastomere B"
"B2",978,42,"Blastomere B"
"B2",979,41,"Blastomere B"
"B2",980,41,"Blastomere B"
"B2",981,41,"Blastomere B"
"B2",982,41,"Blastomere B"
"B2",983,41,"Blastomere B"
"B2",984,41,"Blastomere B"
"B2",985,41,"Blastomere B"
"B2",986,41,"Blastomere B"
"B2",987,41,"Blastomere B"
"B2",988,40,"Blastomere B"
"B2",989,40,"Blastomere B"
"B2",990,40,"Blastomere B"
"B2",991,40,"Blastomere B"
"B2",992,39,"Blastomere B"
"B2",993,39,"Blastomere B"
"B2",994,39,"Blastomere B"
"B2",995,39,"Blastomere B"
"B2",996,39,"Blastomere B"
"B2",997,39,"Blastomere B"
"B2",998,39,"Blastomere B"
"B2",999,39,"Blastomere B"
"B2",1000,39,"Blastomere B"
"B2",1001,39,"Blastomere B"
"B2",1002,38,"Blastomere B"
"B2",1003,38,"Blastomere B"
"B2",1004,38,"Blastomere B"
"B2",1005,38,"Blastomere B"
"B2",1006,38,"Blastomere B"
"B2",1007,38,"Blastomere B"
"B2",1008,38,"Blastomere B"
"B2",1009,38,"Blastomere B"
"B2",1010,38,"Blastomere B"
"B2",1011,38,"Blastomere B"
"B2",1012,38,"Blastomere B"
"B2",1013,38,"Blastomere B"
"B2",1014,38,"Blastomere B"
"B2",1015,38,"Blastomere B"
"B2",1016,38,"Blastomere B"
"B2",1017,37,"Blastomere B"
"B2",1018,37,"Blastomere B"
"B2",1019,37,"Blastomere B"
"B2",1020,37,"Blastomere B"
"B2",1021,36,"Blastomere B"
"B2",1022,36,"Blastomere B"
"B2",1023,36,"Blastomere B"
"B2",1024,36,"Blastomere B"
"B2",1025,36,"Blastomere B"
"B2",1026,36,"Blastomere B"
"B2",1027,36,"Blastomere B"
"B2",1028,36,"Blastomere B"
"B2",1029,35,"Blastomere B"
"B2",1030,35,"Blastomere B"
"B2",1031,35,"Blastomere B"
"B2",1032,35,"Blastomere B"
"B2",1033,35,"Blastomere B"
"B2",1034,35,"Blastomere B"
"B2",1035,34,"Blastomere B"
"B2",1036,34,"Blastomere B"
"B2",1037,34,"Blastomere B"
"B2",1038,34,"Blastomere B"
"B2",1039,34,"Blastomere B"
"B2",1040,34,"Blastomere B"
"B2",1041,34,"Blastomere B"
"B2",1042,34,"Blastomere B"
"B2",1043,34,"Blastomere B"
"B2",1044,34,"Blastomere B"
"B2",1045,34,"Blastomere B"
"B2",1046,33,"Blastomere B"
"B2",1047,33,"Blastomere B"
"B2",1048,33,"Blastomere B"
"B2",1049,33,"Blastomere B"
"B2",1050,33,"Blastomere B"
"B2",1051,33,"Blastomere B"
"B2",1052,33,"Blastomere B"
"B2",1053,33,"Blastomere B"
"B2",1054,32,"Blastomere B"
"B2",1055,32,"Blastomere B"
"B2",1056,32,"Blastomere B"
"B2",1057,32,"Blastomere B"
"B2",1058,32,"Blastomere B"
"B2",1059,32,"Blastomere B"
"B2",1060,32,"Blastomere B"
"B2",1061,32,"Blastomere B"
"B2",1062,32,"Blastomere B"
"B2",1063,31,"Blastomere B"
"B2",1064,31,"Blastomere B"
"B2",1065,31,"Blastomere B"
"B2",1066,31,"Blastomere B"
"B2",1067,31,"Blastomere B"
"B2",1068,31,"Blastomere B"
"B2",1069,31,"Blastomere B"
"B2",1070,31,"Blastomere B"
"B2",1071,31,"Blastomere B"
"B2",1072,31,"Blastomere B"
"B2",1073,31,"Blastomere B"
"B2",1074,30,"Blastomere B"
"B2",1075,30,"Blastomere B"
"B2",1076,30,"Blastomere B"
"B2",1077,30,"Blastomere B"
"B2",1078,30,"Blastomere B"
"B2",1079,30,"Blastomere B"
"B2",1080,30,"Blastomere B"
"B2",1081,30,"Blastomere B"
"B2",1082,30,"Blastomere B"
"B2",1083,30,"Blastomere B"
"B2",1084,30,"Blastomere B"
"B2",1085,30,"Blastomere B"
"B2",1086,30,"Blastomere B"
"B2",1087,30,"Blastomere B"
"B2",1088,30,"Blastomere B"
"B2",1089,30,"Blastomere B"
"B2",1090,30,"Blastomere B"
"B2",1091,30,"Blastomere B"
"B2",1092,30,"Blastomere B"
"B2",1093,29,"Blastomere B"
"B2",1094,29,"Blastomere B"
"B2",1095,29,"Blastomere B"
"B2",1096,29,"Blastomere B"
"B2",1097,29,"Blastomere B"
"B2",1098,29,"Blastomere B"
"B2",1099,29,"Blastomere B"
"B2",1100,29,"Blastomere B"
"B2",1101,29,"Blastomere B"
"B2",1102,29,"Blastomere B"
"B2",1103,29,"Blastomere B"
"B2",1104,29,"Blastomere B"
"B2",1105,29,"Blastomere B"
"B2",1106,29,"Blastomere B"
"B2",1107,29,"Blastomere B"
"B2",1108,29,"Blastomere B"
"B2",1109,29,"Blastomere B"
"B2",1110,29,"Blastomere B"
"B2",1111,28,"Blastomere B"
"B2",1112,28,"Blastomere B"
"B2",1113,28,"Blastomere B"
"B2",1114,28,"Blastomere B"
"B2",1115,28,"Blastomere B"
"B2",1116,28,"Blastomere B"
"B2",1117,28,"Blastomere B"
"B2",1118,28,"Blastomere B"
"B2",1119,28,"Blastomere B"
"B2",1120,28,"Blastomere B"
"B2",1121,28,"Blastomere B"
"B2",1122,28,"Blastomere B"
"B2",1123,28,"Blastomere B"
"B2",1124,27,"Blastomere B"
"B2",1125,27,"Blastomere B"
"B2",1126,27,"Blastomere B"
"B2",1127,27,"Blastomere B"
"B2",1128,27,"Blastomere B"
"B2",1129,27,"Blastomere B"
"B2",1130,27,"Blastomere B"
"B2",1131,27,"Blastomere B"
"B2",1132,27,"Blastomere B"
"B2",1133,27,"Blastomere B"
"B2",1134,27,"Blastomere B"
"B2",1135,27,"Blastomere B"
"B2",1136,27,"Blastomere B"
"B2",1137,27,"Blastomere B"
"B2",1138,27,"Blastomere B"
"B2",1139,27,"Blastomere B"
"B2",1140,27,"Blastomere B"
"B2",1141,27,"Blastomere B"
"B2",1142,26,"Blastomere B"
"B2",1143,26,"Blastomere B"
"B2",1144,26,"Blastomere B"
"B2",1145,26,"Blastomere B"
"B2",1146,26,"Blastomere B"
"B2",1147,26,"Blastomere B"
"B2",1148,26,"Blastomere B"
"B2",1149,26,"Blastomere B"
"B2",1150,26,"Blastomere B"
"B2",1151,26,"Blastomere B"
"B2",1152,26,"Blastomere B"
"B2",1153,26,"Blastomere B"
"B2",1154,26,"Blastomere B"
"B2",1155,26,"Blastomere B"
"B2",1156,25,"Blastomere B"
"B2",1157,25,"Blastomere B"
"B2",1158,25,"Blastomere B"
"B2",1159,25,"Blastomere B"
"B2",1160,25,"Blastomere B"
"B2",1161,25,"Blastomere B"
"B2",1162,25,"Blastomere B"
"B2",1163,25,"Blastomere B"
"B2",1164,25,"Blastomere B"
"B2",1165,25,"Blastomere B"
"B2",1166,25,"Blastomere B"
"B2",1167,24,"Blastomere B"
"B2",1168,24,"Blastomere B"
"B2",1169,24,"Blastomere B"
"B2",1170,24,"Blastomere B"
"B2",1171,24,"Blastomere B"
"B2",1172,24,"Blastomere B"
"B2",1173,24,"Blastomere B"
"B2",1174,24,"Blastomere B"
"B2",1175,24,"Blastomere B"
"B2",1176,24,"Blastomere B"
"B2",1177,24,"Blastomere B"
"B2",1178,24,"Blastomere B"
"B2",1179,24,"Blastomere B"
"B2",1180,24,"Blastomere B"
"B2",1181,23,"Blastomere B"
"B2",1182,23,"Blastomere B"
"B2",1183,23,"Blastomere B"
"B2",1184,23,"Blastomere B"
"B2",1185,23,"Blastomere B"
"B2",1186,23,"Blastomere B"
"B2",1187,23,"Blastomere B"
"B2",1188,23,"Blastomere B"
"B2",1189,23,"Blastomere B"
"B2",1190,23,"Blastomere B"
"B2",1191,23,"Blastomere B"
"B2",1192,23,"Blastomere B"
"B2",1193,23,"Blastomere B"
"B2",1194,23,"Blastomere B"
"B2",1195,23,"Blastomere B"
"B2",1196,23,"Blastomere B"
"B2",1197,23,"Blastomere B"
"B2",1198,23,"Blastomere B"
"B2",1199,23,"Blastomere B"
"B2",1200,22,"Blastomere B"
"B2",1201,22,"Blastomere B"
"B2",1202,22,"Blastomere B"
"B2",1203,22,"Blastomere B"
"B2",1204,22,"Blastomere B"
"B2",1205,22,"Blastomere B"
"B2",1206,22,"Blastomere B"
"B2",1207,22,"Blastomere B"
"B2",1208,22,"Blastomere B"
"B2",1209,22,"Blastomere B"
"B2",1210,22,"Blastomere B"
"B2",1211,22,"Blastomere B"
"B2",1212,22,"Blastomere B"
"B2",1213,22,"Blastomere B"
"B2",1214,22,"Blastomere B"
"B2",1215,22,"Blastomere B"
"B2",1216,21,"Blastomere B"
"B2",1217,21,"Blastomere B"
"B2",1218,21,"Blastomere B"
"B2",1219,21,"Blastomere B"
"B2",1220,21,"Blastomere B"
"B2",1221,21,"Blastomere B"
"B2",1222,21,"Blastomere B"
"B2",1223,21,"Blastomere B"
"B2",1224,21,"Blastomere B"
"B2",1225,21,"Blastomere B"
"B2",1226,21,"Blastomere B"
"B2",1227,21,"Blastomere B"
"B2",1228,21,"Blastomere B"
"B2",1229,21,"Blastomere B"
"B2",1230,21,"Blastomere B"
"B2",1231,20,"Blastomere B"
"B2",1232,20,"Blastomere B"
"B2",1233,20,"Blastomere B"
"B2",1234,20,"Blastomere B"
"B2",1235,20,"Blastomere B"
"B2",1236,20,"Blastomere B"
"B2",1237,20,"Blastomere B"
"B2",1238,20,"Blastomere B"
"B2",1239,20,"Blastomere B"
"B2",1240,20,"Blastomere B"
"B2",1241,20,"Blastomere B"
"B2",1242,20,"Blastomere B"
"B2",1243,20,"Blastomere B"
"B2",1244,20,"Blastomere B"
"B2",1245,20,"Blastomere B"
"B2",1246,20,"Blastomere B"
"B2",1247,20,"Blastomere B"
"B2",1248,20,"Blastomere B"
"B2",1249,20,"Blastomere B"
"B2",1250,20,"Blastomere B"
"B2",1251,19,"Blastomere B"
"B2",1252,19,"Blastomere B"
"B2",1253,19,"Blastomere B"
"B2",1254,19,"Blastomere B"
"B2",1255,19,"Blastomere B"
"B2",1256,19,"Blastomere B"
"B2",1257,19,"Blastomere B"
"B2",1258,19,"Blastomere B"
"B2",1259,19,"Blastomere B"
"B2",1260,19,"Blastomere B"
"B2",1261,19,"Blastomere B"
"B2",1262,19,"Blastomere B"
"B2",1263,19,"Blastomere B"
"B2",1264,19,"Blastomere B"
"B2",1265,19,"Blastomere B"
"B2",1266,19,"Blastomere B"
"B2",1267,19,"Blastomere B"
"B2",1268,18,"Blastomere B"
"B2",1269,18,"Blastomere B"
"B2",1270,18,"Blastomere B"
"B2",1271,18,"Blastomere B"
"B2",1272,18,"Blastomere B"
"B2",1273,18,"Blastomere B"
"B2",1274,18,"Blastomere B"
"B2",1275,18,"Blastomere B"
"B2",1276,18,"Blastomere B"
"B2",1277,18,"Blastomere B"
"B2",1278,18,"Blastomere B"
"B2",1279,18,"Blastomere B"
"B2",1280,18,"Blastomere B"
"B2",1281,18,"Blastomere B"
"B2",1282,18,"Blastomere B"
"B2",1283,18,"Blastomere B"
"B2",1284,18,"Blastomere B"
"B2",1285,18,"Blastomere B"
"B2",1286,18,"Blastomere B"
"B2",1287,18,"Blastomere B"
"B2",1288,18,"Blastomere B"
"B2",1289,17,"Blastomere B"
"B2",1290,17,"Blastomere B"
"B2",1291,17,"Blastomere B"
"B2",1292,17,"Blastomere B"
"B2",1293,17,"Blastomere B"
"B2",1294,17,"Blastomere B"
"B2",1295,17,"Blastomere B"
"B2",1296,17,"Blastomere B"
"B2",1297,17,"Blastomere B"
"B2",1298,17,"Blastomere B"
"B2",1299,17,"Blastomere B"
"B2",1300,17,"Blastomere B"
"B2",1301,17,"Blastomere B"
"B2",1302,17,"Blastomere B"
"B2",1303,17,"Blastomere B"
"B2",1304,17,"Blastomere B"
"B2",1305,17,"Blastomere B"
"B2",1306,16,"Blastomere B"
"B2",1307,16,"Blastomere B"
"B2",1308,16,"Blastomere B"
"B2",1309,16,"Blastomere B"
"B2",1310,16,"Blastomere B"
"B2",1311,16,"Blastomere B"
"B2",1312,16,"Blastomere B"
"B2",1313,16,"Blastomere B"
"B2",1314,16,"Blastomere B"
"B2",1315,16,"Blastomere B"
"B2",1316,16,"Blastomere B"
"B2",1317,16,"Blastomere B"
"B2",1318,16,"Blastomere B"
"B2",1319,16,"Blastomere B"
"B2",1320,16,"Blastomere B"
"B2",1321,16,"Blastomere B"
"B2",1322,16,"Blastomere B"
"B2",1323,16,"Blastomere B"
"B2",1324,16,"Blastomere B"
"B2",1325,16,"Blastomere B"
"B2",1326,16,"Blastomere B"
"B2",1327,16,"Blastomere B"
"B2",1328,16,"Blastomere B"
"B2",1329,16,"Blastomere B"
"B2",1330,15,"Blastomere B"
"B2",1331,15,"Blastomere B"
"B2",1332,15,"Blastomere B"
"B2",1333,15,"Blastomere B"
"B2",1334,15,"Blastomere B"
"B2",1335,15,"Blastomere B"
"B2",1336,15,"Blastomere B"
"B2",1337,15,"Blastomere B"
"B2",1338,15,"Blastomere B"
"B2",1339,15,"Blastomere B"
"B2",1340,15,"Blastomere B"
"B2",1341,15,"Blastomere B"
"B2",1342,15,"Blastomere B"
"B2",1343,15,"Blastomere B"
"B2",1344,15,"Blastomere B"
"B2",1345,15,"Blastomere B"
"B2",1346,15,"Blastomere B"
"B2",1347,15,"Blastomere B"
"B2",1348,15,"Blastomere B"
"B2",1349,15,"Blastomere B"
"B2",1350,15,"Blastomere B"
"B2",1351,15,"Blastomere B"
"B2",1352,15,"Blastomere B"
"B2",1353,15,"Blastomere B"
"B2",1354,15,"Blastomere B"
"B2",1355,15,"Blastomere B"
"B2",1356,15,"Blastomere B"
"B2",1357,15,"Blastomere B"
"B2",1358,15,"Blastomere B"
"B2",1359,15,"Blastomere B"
"B2",1360,14,"Blastomere B"
"B2",1361,14,"Blastomere B"
"B2",1362,14,"Blastomere B"
"B2",1363,14,"Blastomere B"
"B2",1364,14,"Blastomere B"
"B2",1365,14,"Blastomere B"
"B2",1366,14,"Blastomere B"
"B2",1367,14,"Blastomere B"
"B2",1368,14,"Blastomere B"
"B2",1369,14,"Blastomere B"
"B2",1370,14,"Blastomere B"
"B2",1371,14,"Blastomere B"
"B2",1372,14,"Blastomere B"
"B2",1373,14,"Blastomere B"
"B2",1374,14,"Blastomere B"
"B2",1375,14,"Blastomere B"
"B2",1376,14,"Blastomere B"
"B2",1377,14,"Blastomere B"
"B2",1378,14,"Blastomere B"
"B2",1379,14,"Blastomere B"
"B2",1380,14,"Blastomere B"
"B2",1381,14,"Blastomere B"
"B2",1382,14,"Blastomere B"
"B2",1383,14,"Blastomere B"
"B2",1384,13,"Blastomere B"
"B2",1385,13,"Blastomere B"
"B2",1386,13,"Blastomere B"
"B2",1387,13,"Blastomere B"
"B2",1388,13,"Blastomere B"
"B2",1389,13,"Blastomere B"
"B2",1390,13,"Blastomere B"
"B2",1391,13,"Blastomere B"
"B2",1392,13,"Blastomere B"
"B2",1393,13,"Blastomere B"
"B2",1394,13,"Blastomere B"
"B2",1395,13,"Blastomere B"
"B2",1396,13,"Blastomere B"
"B2",1397,13,"Blastomere B"
"B2",1398,13,"Blastomere B"
"B2",1399,13,"Blastomere B"
"B2",1400,13,"Blastomere B"
"B2",1401,13,"Blastomere B"
"B2",1402,13,"Blastomere B"
"B2",1403,13,"Blastomere B"
"B2",1404,13,"Blastomere B"
"B2",1405,13,"Blastomere B"
"B2",1406,13,"Blastomere B"
"B2",1407,13,"Blastomere B"
"B2",1408,13,"Blastomere B"
"B2",1409,13,"Blastomere B"
"B2",1410,13,"Blastomere B"
"B2",1411,13,"Blastomere B"
"B2",1412,12,"Blastomere B"
"B2",1413,12,"Blastomere B"
"B2",1414,12,"Blastomere B"
"B2",1415,12,"Blastomere B"
"B2",1416,12,"Blastomere B"
"B2",1417,12,"Blastomere B"
"B2",1418,12,"Blastomere B"
"B2",1419,12,"Blastomere B"
"B2",1420,12,"Blastomere B"
"B2",1421,12,"Blastomere B"
"B2",1422,12,"Blastomere B"
"B2",1423,12,"Blastomere B"
"B2",1424,12,"Blastomere B"
"B2",1425,12,"Blastomere B"
"B2",1426,12,"Blastomere B"
"B2",1427,12,"Blastomere B"
"B2",1428,12,"Blastomere B"
"B2",1429,12,"Blastomere B"
"B2",1430,12,"Blastomere B"
"B2",1431,12,"Blastomere B"
"B2",1432,12,"Blastomere B"
"B2",1433,12,"Blastomere B"
"B2",1434,12,"Blastomere B"
"B2",1435,12,"Blastomere B"
"B2",1436,12,"Blastomere B"
"B2",1437,12,"Blastomere B"
"B2",1438,12,"Blastomere B"
"B2",1439,12,"Blastomere B"
"B2",1440,12,"Blastomere B"
"B2",1441,12,"Blastomere B"
"B2",1442,12,"Blastomere B"
"B2",1443,12,"Blastomere B"
"B2",1444,11,"Blastomere B"
"B2",1445,11,"Blastomere B"
"B2",1446,11,"Blastomere B"
"B2",1447,11,"Blastomere B"
"B2",1448,11,"Blastomere B"
"B2",1449,11,"Blastomere B"
"B2",1450,11,"Blastomere B"
"B2",1451,11,"Blastomere B"
"B2",1452,11,"Blastomere B"
"B2",1453,11,"Blastomere B"
"B2",1454,11,"Blastomere B"
"B2",1455,11,"Blastomere B"
"B2",1456,11,"Blastomere B"
"B2",1457,11,"Blastomere B"
"B2",1458,11,"Blastomere B"
"B2",1459,11,"Blastomere B"
"B2",1460,11,"Blastomere B"
"B2",1461,11,"Blastomere B"
"B2",1462,11,"Blastomere B"
"B2",1463,11,"Blastomere B"
"B2",1464,11,"Blastomere B"
"B2",1465,11,"Blastomere B"
"B2",1466,11,"Blastomere B"
"B2",1467,11,"Blastomere B"
"B2",1468,11,"Blastomere B"
"B2",1469,11,"Blastomere B"
"B2",1470,11,"Blastomere B"
"B2",1471,11,"Blastomere B"
"B2",1472,11,"Blastomere B"
"B2",1473,11,"Blastomere B"
"B2",1474,11,"Blastomere B"
"B2",1475,11,"Blastomere B"
"B2",1476,10,"Blastomere B"
"B2",1477,10,"Blastomere B"
"B2",1478,10,"Blastomere B"
"B2",1479,10,"Blastomere B"
"B2",1480,10,"Blastomere B"
"B2",1481,10,"Blastomere B"
"B2",1482,10,"Blastomere B"
"B2",1483,10,"Blastomere B"
"B2",1484,10,"Blastomere B"
"B2",1485,10,"Blastomere B"
"B2",1486,10,"Blastomere B"
"B2",1487,10,"Blastomere B"
"B2",1488,10,"Blastomere B"
"B2",1489,10,"Blastomere B"
"B2",1490,10,"Blastomere B"
"B2",1491,10,"Blastomere B"
"B2",1492,10,"Blastomere B"
"B2",1493,10,"Blastomere B"
"B2",1494,10,"Blastomere B"
"B2",1495,10,"Blastomere B"
"B2",1496,10,"Blastomere B"
"B2",1497,10,"Blastomere B"
"B2",1498,10,"Blastomere B"
"B2",1499,10,"Blastomere B"
"B2",1500,10,"Blastomere B"
"B2",1501,10,"Blastomere B"
"B2",1502,10,"Blastomere B"
"B2",1503,10,"Blastomere B"
"B2",1504,10,"Blastomere B"
"B2",1505,10,"Blastomere B"
"B2",1506,10,"Blastomere B"
"B2",1507,10,"Blastomere B"
"B2",1508,10,"Blastomere B"
"B2",1509,9,"Blastomere B"
"B2",1510,9,"Blastomere B"
"B2",1511,9,"Blastomere B"
"B2",1512,9,"Blastomere B"
"B2",1513,9,"Blastomere B"
"B2",1514,9,"Blastomere B"
"B2",1515,9,"Blastomere B"
"B2",1516,9,"Blastomere B"
"B2",1517,9,"Blastomere B"
"B2",1518,9,"Blastomere B"
"B2",1519,9,"Blastomere B"
"B2",1520,9,"Blastomere B"
"B2",1521,9,"Blastomere B"
"B2",1522,9,"Blastomere B"
"B2",1523,9,"Blastomere B"
"B2",1524,9,"Blastomere B"
"B2",1525,9,"Blastomere B"
"B2",1526,9,"Blastomere B"
"B2",1527,9,"Blastomere B"
"B2",1528,9,"Blastomere B"
"B2",1529,9,"Blastomere B"
"B2",1530,9,"Blastomere B"
"B2",1531,9,"Blastomere B"
"B2",1532,9,"Blastomere B"
"B2",1533,9,"Blastomere B"
"B2",1534,9,"Blastomere B"
"B2",1535,9,"Blastomere B"
"B2",1536,9,"Blastomere B"
"B2",1537,9,"Blastomere B"
"B2",1538,8,"Blastomere B"
"B2",1539,8,"Blastomere B"
"B2",1540,8,"Blastomere B"
"B2",1541,8,"Blastomere B"
"B2",1542,8,"Blastomere B"
"B2",1543,8,"Blastomere B"
"B2",1544,8,"Blastomere B"
"B2",1545,8,"Blastomere B"
"B2",1546,8,"Blastomere B"
"B2",1547,8,"Blastomere B"
"B2",1548,8,"Blastomere B"
"B2",1549,8,"Blastomere B"
"B2",1550,8,"Blastomere B"
"B2",1551,8,"Blastomere B"
"B2",1552,8,"Blastomere B"
"B2",1553,8,"Blastomere B"
"B2",1554,8,"Blastomere B"
"B2",1555,8,"Blastomere B"
"B2",1556,8,"Blastomere B"
"B2",1557,8,"Blastomere B"
"B2",1558,8,"Blastomere B"
"B2",1559,8,"Blastomere B"
"B2",1560,8,"Blastomere B"
"B2",1561,8,"Blastomere B"
"B2",1562,8,"Blastomere B"
"B2",1563,8,"Blastomere B"
"B2",1564,8,"Blastomere B"
"B2",1565,8,"Blastomere B"
"B2",1566,8,"Blastomere B"
"B2",1567,8,"Blastomere B"
"B2",1568,8,"Blastomere B"
"B2",1569,8,"Blastomere B"
"B2",1570,8,"Blastomere B"
"B2",1571,7,"Blastomere B"
"B2",1572,7,"Blastomere B"
"B2",1573,7,"Blastomere B"
"B2",1574,7,"Blastomere B"
"B2",1575,7,"Blastomere B"
"B2",1576,7,"Blastomere B"
"B2",1577,7,"Blastomere B"
"B2",1578,7,"Blastomere B"
"B2",1579,7,"Blastomere B"
"B2",1580,7,"Blastomere B"
"B2",1581,7,"Blastomere B"
"B2",1582,7,"Blastomere B"
"B2",1583,7,"Blastomere B"
"B2",1584,7,"Blastomere B"
"B2",1585,7,"Blastomere B"
"B2",1586,7,"Blastomere B"
"B2",1587,7,"Blastomere B"
"B2",1588,7,"Blastomere B"
"B2",1589,7,"Blastomere B"
"B2",1590,7,"Blastomere B"
"B2",1591,7,"Blastomere B"
"B2",1592,7,"Blastomere B"
"B2",1593,7,"Blastomere B"
"B2",1594,7,"Blastomere B"
"B2",1595,7,"Blastomere B"
"B2",1596,7,"Blastomere B"
"B2",1597,7,"Blastomere B"
"B2",1598,7,"Blastomere B"
"B2",1599,7,"Blastomere B"
"B2",1600,7,"Blastomere B"
"B2",1601,7,"Blastomere B"
"B2",1602,7,"Blastomere B"
"B2",1603,7,"Blastomere B"
"B2",1604,7,"Blastomere B"
"B2",1605,7,"Blastomere B"
"B2",1606,7,"Blastomere B"
"B2",1607,7,"Blastomere B"
"B2",1608,7,"Blastomere B"
"B2",1609,7,"Blastomere B"
"B2",1610,7,"Blastomere B"
"B2",1611,7,"Blastomere B"
"B2",1612,7,"Blastomere B"
"B2",1613,7,"Blastomere B"
"B2",1614,7,"Blastomere B"
"B2",1615,7,"Blastomere B"
"B2",1616,7,"Blastomere B"
"B2",1617,7,"Blastomere B"
"B2",1618,7,"Blastomere B"
"B2",1619,7,"Blastomere B"
"B2",1620,7,"Blastomere B"
"B2",1621,7,"Blastomere B"
"B2",1622,6,"Blastomere B"
"B2",1623,6,"Blastomere B"
"B2",1624,6,"Blastomere B"
"B2",1625,6,"Blastomere B"
"B2",1626,6,"Blastomere B"
"B2",1627,6,"Blastomere B"
"B2",1628,6,"Blastomere B"
"B2",1629,6,"Blastomere B"
"B2",1630,6,"Blastomere B"
"B2",1631,6,"Blastomere B"
"B2",1632,6,"Blastomere B"
"B2",1633,6,"Blastomere B"
"B2",1634,6,"Blastomere B"
"B2",1635,6,"Blastomere B"
"B2",1636,6,"Blastomere B"
"B2",1637,6,"Blastomere B"
"B2",1638,6,"Blastomere B"
"B2",1639,6,"Blastomere B"
"B2",1640,6,"Blastomere B"
"B2",1641,6,"Blastomere B"
"B2",1642,6,"Blastomere B"
"B2",1643,6,"Blastomere B"
"B2",1644,6,"Blastomere B"
"B2",1645,6,"Blastomere B"
"B2",1646,6,"Blastomere B"
"B2",1647,6,"Blastomere B"
"B2",1648,6,"Blastomere B"
"B2",1649,6,"Blastomere B"
"B2",1650,6,"Blastomere B"
"B2",1651,6,"Blastomere B"
"B2",1652,6,"Blastomere B"
"B2",1653,6,"Blastomere B"
"B2",1654,6,"Blastomere B"
"B2",1655,6,"Blastomere B"
"B2",1656,6,"Blastomere B"
"B2",1657,6,"Blastomere B"
"B2",1658,6,"Blastomere B"
"B2",1659,6,"Blastomere B"
"B2",1660,6,"Blastomere B"
"B2",1661,5,"Blastomere B"
"B2",1662,5,"Blastomere B"
"B2",1663,5,"Blastomere B"
"B2",1664,5,"Blastomere B"
"B2",1665,5,"Blastomere B"
"B2",1666,5,"Blastomere B"
"B2",1667,5,"Blastomere B"
"B2",1668,5,"Blastomere B"
"B2",1669,5,"Blastomere B"
"B2",1670,5,"Blastomere B"
"B2",1671,5,"Blastomere B"
"B2",1672,5,"Blastomere B"
"B2",1673,5,"Blastomere B"
"B2",1674,5,"Blastomere B"
"B2",1675,5,"Blastomere B"
"B2",1676,5,"Blastomere B"
"B2",1677,5,"Blastomere B"
"B2",1678,5,"Blastomere B"
"B2",1679,5,"Blastomere B"
"B2",1680,5,"Blastomere B"
"B2",1681,5,"Blastomere B"
"B2",1682,5,"Blastomere B"
"B2",1683,5,"Blastomere B"
"B2",1684,5,"Blastomere B"
"B2",1685,5,"Blastomere B"
"B2",1686,5,"Blastomere B"
"B2",1687,5,"Blastomere B"
"B2",1688,5,"Blastomere B"
"B2",1689,5,"Blastomere B"
"B2",1690,5,"Blastomere B"
"B2",1691,5,"Blastomere B"
"B2",1692,5,"Blastomere B"
"B2",1693,5,"Blastomere B"
"B2",1694,5,"Blastomere B"
"B2",1695,5,"Blastomere B"
"B2",1696,5,"Blastomere B"
"B2",1697,5,"Blastomere B"
"B2",1698,5,"Blastomere B"
"B2",1699,5,"Blastomere B"
"B2",1700,5,"Blastomere B"
"B2",1701,5,"Blastomere B"
"B2",1702,5,"Blastomere B"
"B2",1703,5,"Blastomere B"
"B2",1704,5,"Blastomere B"
"B2",1705,5,"Blastomere B"
"B2",1706,5,"Blastomere B"
"B2",1707,5,"Blastomere B"
"B2",1708,5,"Blastomere B"
"B2",1709,5,"Blastomere B"
"B2",1710,5,"Blastomere B"
"B2",1711,5,"Blastomere B"
"B2",1712,5,"Blastomere B"
"B2",1713,4,"Blastomere B"
"B2",1714,4,"Blastomere B"
"B2",1715,4,"Blastomere B"
"B2",1716,4,"Blastomere B"
"B2",1717,4,"Blastomere B"
"B2",1718,4,"Blastomere B"
"B2",1719,4,"Blastomere B"
"B2",1720,4,"Blastomere B"
"B2",1721,4,"Blastomere B"
"B2",1722,4,"Blastomere B"
"B2",1723,4,"Blastomere B"
"B2",1724,4,"Blastomere B"
"B2",1725,4,"Blastomere B"
"B2",1726,4,"Blastomere B"
"B2",1727,4,"Blastomere B"
"B2",1728,4,"Blastomere B"
"B2",1729,4,"Blastomere B"
"B2",1730,4,"Blastomere B"
"B2",1731,4,"Blastomere B"
"B2",1732,4,"Blastomere B"
"B2",1733,4,"Blastomere B"
"B2",1734,4,"Blastomere B"
"B2",1735,4,"Blastomere B"
"B2",1736,4,"Blastomere B"
"B2",1737,4,"Blastomere B"
"B2",1738,4,"Blastomere B"
"B2",1739,4,"Blastomere B"
"B2",1740,4,"Blastomere B"
"B2",1741,4,"Blastomere B"
"B2",1742,4,"Blastomere B"
"B2",1743,4,"Blastomere B"
"B2",1744,4,"Blastomere B"
"B2",1745,4,"Blastomere B"
"B2",1746,4,"Blastomere B"
"B2",1747,4,"Blastomere B"
"B2",1748,4,"Blastomere B"
"B2",1749,4,"Blastomere B"
"B2",1750,4,"Blastomere B"
"B2",1751,4,"Blastomere B"
"B2",1752,4,"Blastomere B"
"B2",1753,4,"Blastomere B"
"B2",1754,4,"Blastomere B"
"B2",1755,4,"Blastomere B"
"B2",1756,4,"Blastomere B"
"B2",1757,3,"Blastomere B"
"B2",1758,3,"Blastomere B"
"B2",1759,3,"Blastomere B"
"B2",1760,3,"Blastomere B"
"B2",1761,3,"Blastomere B"
"B2",1762,3,"Blastomere B"
"B2",1763,3,"Blastomere B"
"B2",1764,3,"Blastomere B"
"B2",1765,3,"Blastomere B"
"B2",1766,3,"Blastomere B"
"B2",1767,3,"Blastomere B"
"B2",1768,3,"Blastomere B"
"B2",1769,3,"Blastomere B"
"B2",1770,3,"Blastomere B"
"B2",1771,3,"Blastomere B"
"B2",1772,3,"Blastomere B"
"B2",1773,3,"Blastomere B"
"B2",1774,3,"Blastomere B"
"B2",1775,3,"Blastomere B"
"B2",1776,3,"Blastomere B"
"B2",1777,3,"Blastomere B"
"B2",1778,3,"Blastomere B"
"B2",1779,3,"Blastomere B"
"B2",1780,3,"Blastomere B"
"B2",1781,3,"Blastomere B"
"B2",1782,3,"Blastomere B"
"B2",1783,3,"Blastomere B"
"B2",1784,3,"Blastomere B"
"B2",1785,3,"Blastomere B"
"B2",1786,3,"Blastomere B"
"B2",1787,3,"Blastomere B"
"B2",1788,3,"Blastomere B"
"B2",1789,3,"Blastomere B"
"B2",1790,3,"Blastomere B"
"B2",1791,3,"Blastomere B"
"B2",1792,3,"Blastomere B"
"B2",1793,3,"Blastomere B"
"B2",1794,3,"Blastomere B"
"B2",1795,3,"Blastomere B"
"B2",1796,3,"Blastomere B"
"B2",1797,3,"Blastomere B"
"B2",1798,3,"Blastomere B"
"B2",1799,3,"Blastomere B"
"B2",1800,3,"Blastomere B"
"B2",1801,3,"Blastomere B"
"B2",1802,3,"Blastomere B"
"B2",1803,2,"Blastomere B"
"B2",1804,2,"Blastomere B"
"B2",1805,2,"Blastomere B"
"B2",1806,2,"Blastomere B"
"B2",1807,2,"Blastomere B"
"B2",1808,2,"Blastomere B"
"B2",1809,2,"Blastomere B"
"B2",1810,2,"Blastomere B"
"B2",1811,2,"Blastomere B"
"B2",1812,2,"Blastomere B"
"B2",1813,2,"Blastomere B"
"B2",1814,2,"Blastomere B"
"B2",1815,2,"Blastomere B"
"B2",1816,2,"Blastomere B"
"B2",1817,2,"Blastomere B"
"B2",1818,2,"Blastomere B"
"B2",1819,2,"Blastomere B"
"B2",1820,2,"Blastomere B"
"B2",1821,2,"Blastomere B"
"B2",1822,2,"Blastomere B"
"B2",1823,2,"Blastomere B"
"B2",1824,2,"Blastomere B"
"B2",1825,2,"Blastomere B"
"B2",1826,2,"Blastomere B"
"B2",1827,2,"Blastomere B"
"B2",1828,2,"Blastomere B"
"B2",1829,2,"Blastomere B"
"B2",1830,2,"Blastomere B"
"B2",1831,2,"Blastomere B"
"B2",1832,2,"Blastomere B"
"B2",1833,2,"Blastomere B"
"B2",1834,2,"Blastomere B"
"B2",1835,2,"Blastomere B"
"B2",1836,2,"Blastomere B"
"B2",1837,2,"Blastomere B"
"B2",1838,2,"Blastomere B"
"B2",1839,2,"Blastomere B"
"B2",1840,2,"Blastomere B"
"B2",1841,2,"Blastomere B"
"B2",1842,2,"Blastomere B"
"B2",1843,2,"Blastomere B"
"B2",1844,2,"Blastomere B"
"B2",1845,2,"Blastomere B"
"B2",1846,2,"Blastomere B"
"B2",1847,2,"Blastomere B"
"B2",1848,2,"Blastomere B"
"B2",1849,2,"Blastomere B"
"B2",1850,2,"Blastomere B"
"B2",1851,2,"Blastomere B"
"B2",1852,2,"Blastomere B"
"B2",1853,2,"Blastomere B"
"B2",1854,2,"Blastomere B"
"B2",1855,2,"Blastomere B"
"B2",1856,2,"Blastomere B"
"B2",1857,2,"Blastomere B"
"B2",1858,2,"Blastomere B"
"B2",1859,2,"Blastomere B"
"B2",1860,1,"Blastomere B"
"B2",1861,1,"Blastomere B"
"B2",1862,1,"Blastomere B"
"B2",1863,1,"Blastomere B"
"B2",1864,1,"Blastomere B"
"B2",1865,1,"Blastomere B"
"B2",1866,1,"Blastomere B"
"B2",1867,1,"Blastomere B"
"B2",1868,1,"Blastomere B"
"B2",1869,1,"Blastomere B"
"B2",1870,1,"Blastomere B"
"B2",1871,1,"Blastomere B"
"B2",1872,1,"Blastomere B"
"B2",1873,1,"Blastomere B"
"B2",1874,1,"Blastomere B"
"B2",1875,1,"Blastomere B"
"B2",1876,1,"Blastomere B"
"B2",1877,1,"Blastomere B"
"B2",1878,1,"Blastomere B"
"B2",1879,1,"Blastomere B"
