"gini","gini_obs"
0.502827412902893,0.788264199628335
0.49636454154715,0.788264199628335
0.504904756765407,0.788264199628335
0.498654743356439,0.788264199628335
0.502097250134069,0.788264199628335
0.499793590478689,0.788264199628335
0.499011169235661,0.788264199628335
0.504138419770806,0.788264199628335
0.49991121011651,0.788264199628335
0.50082580064975,0.788264199628335
0.506147073611,0.788264199628335
0.510839201818032,0.788264199628335
0.497754418286278,0.788264199628335
0.495486870761262,0.788264199628335
0.485585847768132,0.788264199628335
0.49249293870507,0.788264199628335
0.503653671228042,0.788264199628335
0.490816571565923,0.788264199628335
0.495121229442752,0.788264199628335
0.497846301242849,0.788264199628335
0.496412264034526,0.788264199628335
0.501872062055297,0.788264199628335
0.503690306483318,0.788264199628335
0.502717803378382,0.788264199628335
0.50308147557157,0.788264199628335
0.491973585708231,0.788264199628335
0.49751170446285,0.788264199628335
0.491523603300427,0.788264199628335
0.501416122959395,0.788264199628335
0.503623984640096,0.788264199628335
0.496790510512429,0.788264199628335
0.501020873947048,0.788264199628335
0.507716534129958,0.788264199628335
0.49556527545308,0.788264199628335
0.499653213661991,0.788264199628335
0.502696795050573,0.788264199628335
0.492303441487962,0.788264199628335
0.490208022323781,0.788264199628335
0.500646434972432,0.788264199628335
0.501452085368257,0.788264199628335
0.501368367441563,0.788264199628335
0.495880626975955,0.788264199628335
0.497303360321507,0.788264199628335
0.503302440166956,0.788264199628335
0.49894287728692,0.788264199628335
0.502058196394358,0.788264199628335
0.49639477406169,0.788264199628335
0.499891327518576,0.788264199628335
0.505674882015846,0.788264199628335
0.498689625004295,0.788264199628335
0.497275544644331,0.788264199628335
0.497854033439235,0.788264199628335
0.499806966697924,0.788264199628335
0.498252188552589,0.788264199628335
0.503593340422863,0.788264199628335
0.497517124407906,0.788264199628335
0.501665600762133,0.788264199628335
0.491319045749684,0.788264199628335
0.498533787414212,0.788264199628335
0.495648259770784,0.788264199628335
0.503587968488651,0.788264199628335
0.498052102505963,0.788264199628335
0.497531964320816,0.788264199628335
0.503193059183003,0.788264199628335
0.489649606771951,0.788264199628335
0.506167202709591,0.788264199628335
0.503858316688153,0.788264199628335
0.500926534860005,0.788264199628335
0.493522630910894,0.788264199628335
0.493769748091783,0.788264199628335
0.503437002968031,0.788264199628335
0.488847682893092,0.788264199628335
0.490604410820286,0.788264199628335
0.498169006288568,0.788264199628335
0.494555731859282,0.788264199628335
0.488747241523324,0.788264199628335
0.497211740665091,0.788264199628335
0.496211427673556,0.788264199628335
0.500531210643379,0.788264199628335
0.49294404203355,0.788264199628335
0.498865769168195,0.788264199628335
0.498177245181241,0.788264199628335
0.493655146764304,0.788264199628335
0.498733501010239,0.788264199628335
0.499210828146657,0.788264199628335
0.499390153784682,0.788264199628335
0.507177840143775,0.788264199628335
0.495671030490433,0.788264199628335
0.500805988774037,0.788264199628335
0.500654041579882,0.788264199628335
0.50434706052566,0.788264199628335
0.500193808277865,0.788264199628335
0.495365026476055,0.788264199628335
0.484572190222039,0.788264199628335
0.500230701146758,0.788264199628335
0.48846384201328,0.788264199628335
0.503539492304198,0.788264199628335
0.5046571660362,0.788264199628335
0.49898449730211,0.788264199628335
0.507967552296365,0.788264199628335
0.495255174665193,0.788264199628335
0.497798530030186,0.788264199628335
0.498984269243549,0.788264199628335
0.500975638272266,0.788264199628335
0.508386783564662,0.788264199628335
0.501985719492269,0.788264199628335
0.493438704905896,0.788264199628335
0.499541825869539,0.788264199628335
0.498598245523966,0.788264199628335
0.499397129265726,0.788264199628335
0.507540838080834,0.788264199628335
0.490720697475859,0.788264199628335
0.497674789358446,0.788264199628335
0.499864982325371,0.788264199628335
0.500444326631212,0.788264199628335
0.495417431080973,0.788264199628335
0.506216640951863,0.788264199628335
0.489247699831381,0.788264199628335
0.494361716927249,0.788264199628335
0.496265163957852,0.788264199628335
0.501044184588538,0.788264199628335
0.498004462493902,0.788264199628335
0.49413422508512,0.788264199628335
0.499367065029938,0.788264199628335
0.494448132560246,0.788264199628335
0.493966661779049,0.788264199628335
0.494460283791963,0.788264199628335
0.492788486294674,0.788264199628335
0.50383787564751,0.788264199628335
0.490943760511316,0.788264199628335
0.493921759561896,0.788264199628335
0.499522833474189,0.788264199628335
0.489082708553674,0.788264199628335
0.503984746815499,0.788264199628335
0.498773973644634,0.788264199628335
0.506357018982844,0.788264199628335
0.499995118973744,0.788264199628335
0.502178390454837,0.788264199628335
0.503887148346929,0.788264199628335
0.497736753856117,0.788264199628335
0.504723727197411,0.788264199628335
0.50383722511583,0.788264199628335
0.498984985271879,0.788264199628335
0.50261497392881,0.788264199628335
0.504723080903429,0.788264199628335
0.497557268119661,0.788264199628335
0.498232718228743,0.788264199628335
0.5024378262205,0.788264199628335
0.504045015106769,0.788264199628335
0.497054066754389,0.788264199628335
0.497514347043995,0.788264199628335
0.508128937716536,0.788264199628335
0.493106444337525,0.788264199628335
0.497282291167432,0.788264199628335
0.494388493264897,0.788264199628335
0.504723448975283,0.788264199628335
0.503319873635492,0.788264199628335
0.503342708354483,0.788264199628335
0.495622057795508,0.788264199628335
0.496339980611418,0.788264199628335
0.501912494208524,0.788264199628335
0.495485406192146,0.788264199628335
0.503357598927075,0.788264199628335
0.500532896520102,0.788264199628335
0.495685634914846,0.788264199628335
0.495425997240418,0.788264199628335
0.504725442490669,0.788264199628335
0.509997864475036,0.788264199628335
0.497805190945756,0.788264199628335
0.493765288299506,0.788264199628335
0.496876458141588,0.788264199628335
0.499316169482555,0.788264199628335
0.50694812632345,0.788264199628335
0.49374772798993,0.788264199628335
0.498775468253692,0.788264199628335
0.49760362938988,0.788264199628335
0.497501665910625,0.788264199628335
0.498752212498661,0.788264199628335
0.4892886253742,0.788264199628335
0.491629826395415,0.788264199628335
0.50511283833457,0.788264199628335
0.505706031914189,0.788264199628335
0.501579563567695,0.788264199628335
0.504867315972632,0.788264199628335
0.497890674698192,0.788264199628335
0.492138276592892,0.788264199628335
0.504520071059569,0.788264199628335
0.493584160012081,0.788264199628335
0.497355447618451,0.788264199628335
0.493555848365318,0.788264199628335
0.499230781854937,0.788264199628335
0.495239739836717,0.788264199628335
0.496316707980602,0.788264199628335
0.500356973332029,0.788264199628335
0.50224606661001,0.788264199628335
0.502846628739659,0.788264199628335
0.496724291547754,0.788264199628335
0.503508931868164,0.788264199628335
0.501946351740036,0.788264199628335
0.497730447896363,0.788264199628335
0.490651403035415,0.788264199628335
0.505094371732666,0.788264199628335
0.494248045968337,0.788264199628335
0.492020149888994,0.788264199628335
0.505418003899902,0.788264199628335
0.501149486262505,0.788264199628335
0.502802416157256,0.788264199628335
0.497902504360432,0.788264199628335
0.490991797486758,0.788264199628335
0.498243499264101,0.788264199628335
0.499096158384838,0.788264199628335
0.495066873739204,0.788264199628335
0.49624744024795,0.788264199628335
0.496148960534905,0.788264199628335
0.49227634684652,0.788264199628335
0.493170582387256,0.788264199628335
0.501989678680118,0.788264199628335
0.49483430537125,0.788264199628335
0.499340259825605,0.788264199628335
0.504777711595494,0.788264199628335
0.49671803088352,0.788264199628335
0.499515716496957,0.788264199628335
0.504785590977559,0.788264199628335
0.500195837477466,0.788264199628335
0.502151700811323,0.788264199628335
0.497150015149388,0.788264199628335
0.497542846590521,0.788264199628335
0.497251516914418,0.788264199628335
0.493217890744348,0.788264199628335
0.502849638102079,0.788264199628335
0.492152541059843,0.788264199628335
0.501333812638735,0.788264199628335
0.496876557699538,0.788264199628335
0.501084748485432,0.788264199628335
0.502693390042739,0.788264199628335
0.497094511308284,0.788264199628335
0.495775808613227,0.788264199628335
0.493646164825029,0.788264199628335
0.497009048066753,0.788264199628335
0.498671603588476,0.788264199628335
0.488422836209594,0.788264199628335
0.503915161740648,0.788264199628335
0.502556381875935,0.788264199628335
0.502464876158635,0.788264199628335
0.497654217192719,0.788264199628335
0.504147598206716,0.788264199628335
0.501101913217289,0.788264199628335
0.505108863027395,0.788264199628335
0.499684496104774,0.788264199628335
0.490897948374755,0.788264199628335
0.502993260286753,0.788264199628335
0.493595833628208,0.788264199628335
0.497994062177252,0.788264199628335
0.500892929409912,0.788264199628335
0.49668523421326,0.788264199628335
0.494096097505912,0.788264199628335
0.500943219564567,0.788264199628335
0.50111520956149,0.788264199628335
0.493081876263628,0.788264199628335
0.505276112256089,0.788264199628335
0.495948309215813,0.788264199628335
0.490369315780575,0.788264199628335
0.494486206640592,0.788264199628335
0.497941062842809,0.788264199628335
0.504002206887318,0.788264199628335
0.500578705884417,0.788264199628335
0.499280850669386,0.788264199628335
0.493239025653048,0.788264199628335
0.496120535249559,0.788264199628335
0.501032928512581,0.788264199628335
0.500644780809132,0.788264199628335
0.502089593410301,0.788264199628335
0.506632341272684,0.788264199628335
0.500872949885145,0.788264199628335
0.49756259915398,0.788264199628335
0.49806774813938,0.788264199628335
0.5048599665994,0.788264199628335
0.501351108137018,0.788264199628335
0.503856994302275,0.788264199628335
0.49752164026734,0.788264199628335
0.501419767018261,0.788264199628335
0.497980257609757,0.788264199628335
0.490400539277908,0.788264199628335
0.497964988942794,0.788264199628335
0.487350673334819,0.788264199628335
0.497022830034413,0.788264199628335
0.504422066996078,0.788264199628335
0.502283530281289,0.788264199628335
0.498252658520022,0.788264199628335
0.501325011315545,0.788264199628335
0.497563663263355,0.788264199628335
0.504139444681507,0.788264199628335
0.495061209773756,0.788264199628335
0.49483271057224,0.788264199628335
0.498071279999794,0.788264199628335
0.503708329864453,0.788264199628335
0.494670417286055,0.788264199628335
0.500720466768738,0.788264199628335
0.496718392191654,0.788264199628335
0.500534725028914,0.788264199628335
0.497823351060512,0.788264199628335
0.499620724860588,0.788264199628335
0.501006040151083,0.788264199628335
0.496199409089686,0.788264199628335
0.500153631253017,0.788264199628335
0.506545349042904,0.788264199628335
0.493331271528032,0.788264199628335
0.493960104068243,0.788264199628335
0.500064288918337,0.788264199628335
0.489678553483328,0.788264199628335
0.50295624758941,0.788264199628335
0.502622130925551,0.788264199628335
0.504169894436965,0.788264199628335
0.509078967474072,0.788264199628335
0.489165041497035,0.788264199628335
0.499779111683528,0.788264199628335
0.496760081205482,0.788264199628335
0.495040801209318,0.788264199628335
0.501791649189092,0.788264199628335
0.497399448500685,0.788264199628335
0.493154340544151,0.788264199628335
0.500546771445063,0.788264199628335
0.497008751814087,0.788264199628335
0.496236049565015,0.788264199628335
0.499299749626617,0.788264199628335
0.500362484475322,0.788264199628335
0.500271003113318,0.788264199628335
0.494485640897916,0.788264199628335
0.501048687662297,0.788264199628335
0.492060135216836,0.788264199628335
0.501484721230637,0.788264199628335
0.495494349463436,0.788264199628335
0.497763891565688,0.788264199628335
0.495038495781233,0.788264199628335
0.495029902311185,0.788264199628335
0.501440370250834,0.788264199628335
0.499348870761353,0.788264199628335
0.507587367370946,0.788264199628335
0.494879475638315,0.788264199628335
0.495004191591994,0.788264199628335
0.49617202318262,0.788264199628335
0.510863655480219,0.788264199628335
0.496569761813664,0.788264199628335
0.508497168714697,0.788264199628335
0.493562031989092,0.788264199628335
0.509210000485163,0.788264199628335
0.508012982262476,0.788264199628335
0.499189891822823,0.788264199628335
0.5003908033014,0.788264199628335
0.496292047387214,0.788264199628335
0.492289673140628,0.788264199628335
0.501128260171567,0.788264199628335
0.498844300310365,0.788264199628335
0.498570256129855,0.788264199628335
0.504041044496415,0.788264199628335
0.503124069130759,0.788264199628335
0.500937958035391,0.788264199628335
0.504505881193774,0.788264199628335
0.491111931068179,0.788264199628335
0.495305119112487,0.788264199628335
0.49857458076419,0.788264199628335
0.493182030244369,0.788264199628335
0.491962114733698,0.788264199628335
0.501931834457132,0.788264199628335
0.491108411762011,0.788264199628335
0.496424906794142,0.788264199628335
0.500898538804467,0.788264199628335
0.503043446157425,0.788264199628335
0.494804107241773,0.788264199628335
0.499414396709937,0.788264199628335
0.498753865942584,0.788264199628335
0.496191533522578,0.788264199628335
0.495773627458878,0.788264199628335
0.499802261091802,0.788264199628335
0.494946732421668,0.788264199628335
0.505176329392113,0.788264199628335
0.500010147267816,0.788264199628335
0.495929464393961,0.788264199628335
0.492480612256846,0.788264199628335
0.49909397648258,0.788264199628335
0.500156123516102,0.788264199628335
0.493187186445952,0.788264199628335
0.498340749838418,0.788264199628335
0.49924158932736,0.788264199628335
0.499736051231438,0.788264199628335
0.491785522682269,0.788264199628335
0.498585071687351,0.788264199628335
0.501472456772712,0.788264199628335
0.500633458694869,0.788264199628335
0.498548719100665,0.788264199628335
0.495801716320217,0.788264199628335
0.489654103867721,0.788264199628335
0.504734080087059,0.788264199628335
0.500708929194288,0.788264199628335
0.49580184102654,0.788264199628335
0.499835263687331,0.788264199628335
0.503379536996683,0.788264199628335
0.507184541255693,0.788264199628335
0.499909286461007,0.788264199628335
0.494210990907124,0.788264199628335
0.50104833574546,0.788264199628335
0.5022712515445,0.788264199628335
0.502223485419102,0.788264199628335
0.498579361410919,0.788264199628335
0.502218054079895,0.788264199628335
0.49580819186408,0.788264199628335
0.49846797292523,0.788264199628335
0.491559813428786,0.788264199628335
0.498039520102542,0.788264199628335
0.507933945894072,0.788264199628335
0.502352158791686,0.788264199628335
0.503411170646447,0.788264199628335
0.503132431946445,0.788264199628335
0.502372889363963,0.788264199628335
0.491555497285438,0.788264199628335
0.502017791988102,0.788264199628335
0.499329442108389,0.788264199628335
0.50134562613793,0.788264199628335
0.500348852140523,0.788264199628335
0.496277594357127,0.788264199628335
0.50049895951831,0.788264199628335
0.506916784000702,0.788264199628335
0.497007145157842,0.788264199628335
0.496634949386407,0.788264199628335
0.502390188848243,0.788264199628335
0.49711278637924,0.788264199628335
0.487604968625964,0.788264199628335
0.493457461784748,0.788264199628335
0.493853503754068,0.788264199628335
0.498650988659914,0.788264199628335
0.50015675700776,0.788264199628335
0.48977985771353,0.788264199628335
0.50092188927677,0.788264199628335
0.491054370334961,0.788264199628335
0.494548563051703,0.788264199628335
0.494601973432492,0.788264199628335
0.497905200275291,0.788264199628335
0.494103901109932,0.788264199628335
0.495458104609295,0.788264199628335
0.496228131518944,0.788264199628335
0.498762816401373,0.788264199628335
0.498877735111742,0.788264199628335
0.500418076213648,0.788264199628335
0.507273036177043,0.788264199628335
0.506031008383437,0.788264199628335
0.496858733399101,0.788264199628335
0.508857908948844,0.788264199628335
0.501452622168646,0.788264199628335
0.499756759553592,0.788264199628335
0.498374626270974,0.788264199628335
0.492943452525563,0.788264199628335
0.499685035975359,0.788264199628335
0.495979019997311,0.788264199628335
0.504097071635856,0.788264199628335
0.503732457928005,0.788264199628335
0.510378266041803,0.788264199628335
0.501826329816663,0.788264199628335
0.498558878641015,0.788264199628335
0.495139047769358,0.788264199628335
0.503387807007586,0.788264199628335
0.495948849074283,0.788264199628335
0.504560747748762,0.788264199628335
0.504454894000199,0.788264199628335
0.498074263492647,0.788264199628335
0.503490892552946,0.788264199628335
0.488432110258166,0.788264199628335
0.509682431840361,0.788264199628335
0.489182398614718,0.788264199628335
0.499510690085116,0.788264199628335
0.495833246892724,0.788264199628335
0.497434041488253,0.788264199628335
0.504866495503675,0.788264199628335
0.493449909504316,0.788264199628335
0.498562892586202,0.788264199628335
0.505408186552765,0.788264199628335
0.496818192000867,0.788264199628335
0.491648073881542,0.788264199628335
0.501883830816912,0.788264199628335
0.499087978317776,0.788264199628335
0.501736081110203,0.788264199628335
0.493258037547513,0.788264199628335
0.50012481944925,0.788264199628335
0.50322994540543,0.788264199628335
0.491471106100646,0.788264199628335
0.495807776831428,0.788264199628335
0.495665110024763,0.788264199628335
0.496270316650701,0.788264199628335
0.503609190862801,0.788264199628335
0.504936031368427,0.788264199628335
0.498140560591038,0.788264199628335
0.499309334586106,0.788264199628335
0.497053865778266,0.788264199628335
0.503292210823173,0.788264199628335
0.492713657874451,0.788264199628335
0.494406141499785,0.788264199628335
0.498873267609941,0.788264199628335
0.494328124020797,0.788264199628335
0.496511827593873,0.788264199628335
0.502288031700442,0.788264199628335
0.501662642817946,0.788264199628335
0.500269075356113,0.788264199628335
0.494687546754195,0.788264199628335
0.497312023860458,0.788264199628335
0.498940484010351,0.788264199628335
0.502663751202897,0.788264199628335
0.500874833439836,0.788264199628335
0.497855363951979,0.788264199628335
0.504478877857744,0.788264199628335
0.49888898291149,0.788264199628335
0.501532029854841,0.788264199628335
0.491282759981704,0.788264199628335
0.500626694209373,0.788264199628335
0.502471557400614,0.788264199628335
0.490345697415274,0.788264199628335
0.496901868944256,0.788264199628335
0.510478694734631,0.788264199628335
0.503586343502438,0.788264199628335
0.504250027830823,0.788264199628335
0.501424652248908,0.788264199628335
0.502195782699763,0.788264199628335
0.498076361646796,0.788264199628335
0.499135660536938,0.788264199628335
0.503488548359515,0.788264199628335
0.498249102035602,0.788264199628335
0.492727139220935,0.788264199628335
0.495801701387323,0.788264199628335
0.493130823142568,0.788264199628335
0.504247211465686,0.788264199628335
0.501663667433156,0.788264199628335
0.501158914346377,0.788264199628335
0.492660091038573,0.788264199628335
0.498127264980349,0.788264199628335
0.502877241593102,0.788264199628335
0.492870805080804,0.788264199628335
0.505133073150908,0.788264199628335
0.495747532595478,0.788264199628335
0.495718117432625,0.788264199628335
0.498785888457072,0.788264199628335
0.494179852605715,0.788264199628335
0.498130329569812,0.788264199628335
0.492891350177859,0.788264199628335
0.501392668402035,0.788264199628335
0.506898044139345,0.788264199628335
0.498180223150134,0.788264199628335
0.501237182027028,0.788264199628335
0.492129398872641,0.788264199628335
0.496011208007443,0.788264199628335
0.503864637085325,0.788264199628335
0.49748177977691,0.788264199628335
0.502262850865543,0.788264199628335
0.490906996316952,0.788264199628335
0.504743739676824,0.788264199628335
0.490300775954552,0.788264199628335
0.501280991679669,0.788264199628335
0.488132988339545,0.788264199628335
0.499784765163675,0.788264199628335
0.504740412851417,0.788264199628335
0.502819316189634,0.788264199628335
0.492798488176238,0.788264199628335
0.491745111427829,0.788264199628335
0.497269312811871,0.788264199628335
0.491516608232452,0.788264199628335
0.493741398187887,0.788264199628335
0.492763516867065,0.788264199628335
0.499940159214833,0.788264199628335
0.489498515003401,0.788264199628335
0.497971983368571,0.788264199628335
0.502458496049222,0.788264199628335
0.493934774941824,0.788264199628335
0.495856285122668,0.788264199628335
0.493820764981228,0.788264199628335
0.504867092823119,0.788264199628335
0.502665781278862,0.788264199628335
0.499698591278707,0.788264199628335
0.497800458344074,0.788264199628335
0.497102193489664,0.788264199628335
0.50332186646101,0.788264199628335
0.49224280820012,0.788264199628335
0.49875017903564,0.788264199628335
0.495102501519094,0.788264199628335
0.500982119684009,0.788264199628335
0.499910086125345,0.788264199628335
0.497342442366728,0.788264199628335
0.493230057316913,0.788264199628335
0.493696840291896,0.788264199628335
0.498551539245487,0.788264199628335
0.497046153057633,0.788264199628335
0.499591783142793,0.788264199628335
0.498928142105076,0.788264199628335
0.4995855186829,0.788264199628335
0.49740636743603,0.788264199628335
0.496599075628744,0.788264199628335
0.495444111321177,0.788264199628335
0.505355058091702,0.788264199628335
0.496240620052695,0.788264199628335
0.509324455593544,0.788264199628335
0.498806911024338,0.788264199628335
0.493865046515418,0.788264199628335
0.50374475999644,0.788264199628335
0.493838409960446,0.788264199628335
0.498800171798691,0.788264199628335
0.497320284478324,0.788264199628335
0.486639323707619,0.788264199628335
0.497435059909239,0.788264199628335
0.499742091273311,0.788264199628335
0.494579515312087,0.788264199628335
0.496952442119536,0.788264199628335
0.494458443689094,0.788264199628335
0.495956436875934,0.788264199628335
0.50572515739064,0.788264199628335
0.491698913470544,0.788264199628335
0.499348270344722,0.788264199628335
0.493541635006621,0.788264199628335
0.494227046688947,0.788264199628335
0.4989196252359,0.788264199628335
0.498831084164084,0.788264199628335
0.499510905577036,0.788264199628335
0.501773231477221,0.788264199628335
0.501694456502922,0.788264199628335
0.491998075313906,0.788264199628335
0.505193807548811,0.788264199628335
0.500166199294106,0.788264199628335
0.505326560103376,0.788264199628335
0.498220345687948,0.788264199628335
0.497436921903517,0.788264199628335
0.505172331125435,0.788264199628335
0.494855695089917,0.788264199628335
0.498751697997322,0.788264199628335
0.500739721832163,0.788264199628335
0.499849679905305,0.788264199628335
0.490686895888019,0.788264199628335
0.501069761565215,0.788264199628335
0.500531594212637,0.788264199628335
0.495124042636914,0.788264199628335
0.503343249985787,0.788264199628335
0.498622554752487,0.788264199628335
0.490489336566948,0.788264199628335
0.495590117852825,0.788264199628335
0.496976746047022,0.788264199628335
0.503393556872065,0.788264199628335
0.492567800611993,0.788264199628335
0.490947998619199,0.788264199628335
0.506814751187548,0.788264199628335
0.503236633027242,0.788264199628335
0.494045808023943,0.788264199628335
0.497083491289637,0.788264199628335
0.498822883311178,0.788264199628335
0.497034496598947,0.788264199628335
0.499667603367084,0.788264199628335
0.497213006111394,0.788264199628335
0.49508671596352,0.788264199628335
0.502710020663603,0.788264199628335
0.500957046174081,0.788264199628335
0.506778806315949,0.788264199628335
0.497725065428234,0.788264199628335
0.502109870023739,0.788264199628335
0.49685795397729,0.788264199628335
0.489929324948379,0.788264199628335
0.498835785812806,0.788264199628335
0.492685771507345,0.788264199628335
0.499798212458544,0.788264199628335
0.499670826427902,0.788264199628335
0.496211719641146,0.788264199628335
0.499374654766844,0.788264199628335
0.498928674612886,0.788264199628335
0.499186168884456,0.788264199628335
0.506437719005379,0.788264199628335
0.488964268278789,0.788264199628335
0.501421066173623,0.788264199628335
0.500701552647146,0.788264199628335
0.500177997122193,0.788264199628335
0.49095277727365,0.788264199628335
0.495464870224235,0.788264199628335
0.499106897897104,0.788264199628335
0.492412213011541,0.788264199628335
0.500466727909695,0.788264199628335
0.506663833095138,0.788264199628335
0.49426871177283,0.788264199628335
0.495769402851875,0.788264199628335
0.496217577289984,0.788264199628335
0.501795914504639,0.788264199628335
0.499670622042121,0.788264199628335
0.494591921876411,0.788264199628335
0.505106716102402,0.788264199628335
0.496439694840481,0.788264199628335
0.501543462676991,0.788264199628335
0.50416290116025,0.788264199628335
0.499645812399442,0.788264199628335
0.502488214208959,0.788264199628335
0.498634289323499,0.788264199628335
0.506145015338633,0.788264199628335
0.497077114550379,0.788264199628335
0.494354038479854,0.788264199628335
0.490449713035439,0.788264199628335
0.499775131723968,0.788264199628335
0.496334171732217,0.788264199628335
0.492709128332959,0.788264199628335
0.49425819691484,0.788264199628335
0.501987002849831,0.788264199628335
0.492305959307995,0.788264199628335
0.498006707097502,0.788264199628335
0.490886181768927,0.788264199628335
0.495900619830664,0.788264199628335
0.499718597066992,0.788264199628335
0.502225391785721,0.788264199628335
0.498409936290586,0.788264199628335
0.502827943048351,0.788264199628335
0.50350522911585,0.788264199628335
0.49165510804365,0.788264199628335
0.488552549907479,0.788264199628335
0.501618361090538,0.788264199628335
0.501403172420867,0.788264199628335
0.494909782126368,0.788264199628335
0.493182251281023,0.788264199628335
0.503048631002493,0.788264199628335
0.500405496715402,0.788264199628335
0.495757304612578,0.788264199628335
0.496043150929693,0.788264199628335
0.506834943230598,0.788264199628335
0.499495239538558,0.788264199628335
0.503516892740431,0.788264199628335
0.503572949257612,0.788264199628335
0.500718277827982,0.788264199628335
0.502047687856254,0.788264199628335
0.493202343256065,0.788264199628335
0.48948159897648,0.788264199628335
0.494351562720679,0.788264199628335
0.504739246667529,0.788264199628335
0.498264995930855,0.788264199628335
0.494250361991552,0.788264199628335
0.492243753083022,0.788264199628335
0.500789852687607,0.788264199628335
0.498221713691257,0.788264199628335
0.497937177867088,0.788264199628335
0.49525189926147,0.788264199628335
0.49831444145993,0.788264199628335
0.495596949999943,0.788264199628335
0.496061948332043,0.788264199628335
0.501179743463042,0.788264199628335
0.49617215170861,0.788264199628335
0.497137236402254,0.788264199628335
0.494086229746225,0.788264199628335
0.506564743120296,0.788264199628335
0.500406248829784,0.788264199628335
0.498945630192879,0.788264199628335
0.504131077488909,0.788264199628335
0.502948588991335,0.788264199628335
0.489152844101802,0.788264199628335
0.499884332214574,0.788264199628335
0.502161872694552,0.788264199628335
0.500454279166566,0.788264199628335
0.500891113058647,0.788264199628335
0.490941950339949,0.788264199628335
0.496050183507386,0.788264199628335
0.4916744658426,0.788264199628335
0.499698409988613,0.788264199628335
0.50305591451193,0.788264199628335
0.496668006939141,0.788264199628335
0.495994605023661,0.788264199628335
0.494060625412,0.788264199628335
0.495715608176412,0.788264199628335
0.500499554030792,0.788264199628335
0.49888541574507,0.788264199628335
0.491990322140868,0.788264199628335
0.492762097378813,0.788264199628335
0.497792573680663,0.788264199628335
0.493877742333367,0.788264199628335
0.5018876144465,0.788264199628335
0.492639349652166,0.788264199628335
0.498830039615201,0.788264199628335
0.503572815281337,0.788264199628335
0.501866314215813,0.788264199628335
0.494438525163607,0.788264199628335
0.498983344327592,0.788264199628335
0.501028410461889,0.788264199628335
0.492567614270041,0.788264199628335
0.498786773423085,0.788264199628335
0.495055158616272,0.788264199628335
0.484556105753895,0.788264199628335
0.501245648756613,0.788264199628335
0.495370144871481,0.788264199628335
0.497863703411512,0.788264199628335
0.497900173264572,0.788264199628335
0.495871818595955,0.788264199628335
0.49599587074885,0.788264199628335
0.499155518394995,0.788264199628335
0.49359029166878,0.788264199628335
0.500290677896296,0.788264199628335
0.501543396342158,0.788264199628335
0.493681926794663,0.788264199628335
0.497225308664071,0.788264199628335
0.496937562472929,0.788264199628335
0.491689701909153,0.788264199628335
0.495863067065137,0.788264199628335
0.494512404707856,0.788264199628335
0.491540185072933,0.788264199628335
0.494992306366975,0.788264199628335
0.499217711963474,0.788264199628335
0.496354603003786,0.788264199628335
0.497510801159516,0.788264199628335
0.495459307473842,0.788264199628335
0.511542715304003,0.788264199628335
0.505893390473991,0.788264199628335
0.497077781846788,0.788264199628335
0.496261384712439,0.788264199628335
0.501134881896792,0.788264199628335
0.49637341879621,0.788264199628335
0.499829895522124,0.788264199628335
0.503455973145304,0.788264199628335
0.499078423727877,0.788264199628335
0.495817055272479,0.788264199628335
0.501571011205922,0.788264199628335
0.503559237346403,0.788264199628335
0.504346337742762,0.788264199628335
0.495402108403637,0.788264199628335
0.495224197901438,0.788264199628335
0.492832458991845,0.788264199628335
0.496127486225728,0.788264199628335
0.501758676239577,0.788264199628335
0.497462398413259,0.788264199628335
0.501947798643948,0.788264199628335
0.492427899571182,0.788264199628335
0.49216863384412,0.788264199628335
0.498811151827234,0.788264199628335
0.499834442746852,0.788264199628335
0.500933528545555,0.788264199628335
0.492043341270789,0.788264199628335
0.487628002637145,0.788264199628335
0.495807582078548,0.788264199628335
0.504332224880284,0.788264199628335
0.497702602042639,0.788264199628335
0.499712191975796,0.788264199628335
0.494368815589304,0.788264199628335
0.494740561192492,0.788264199628335
0.495173364834784,0.788264199628335
0.494659888393267,0.788264199628335
0.492784955073503,0.788264199628335
0.49989281144668,0.788264199628335
0.499637039907177,0.788264199628335
0.495854213240278,0.788264199628335
0.498518645503074,0.788264199628335
0.494670410974543,0.788264199628335
0.507618455390366,0.788264199628335
0.505427104376137,0.788264199628335
0.494287119782025,0.788264199628335
0.498870820689773,0.788264199628335
0.494261313585034,0.788264199628335
0.496430457140754,0.788264199628335
0.5054163446256,0.788264199628335
0.494775411267287,0.788264199628335
0.493132760106788,0.788264199628335
0.498210595178724,0.788264199628335
0.499878823350114,0.788264199628335
0.50051457347063,0.788264199628335
0.500766851603741,0.788264199628335
0.496705223747402,0.788264199628335
0.495358962185552,0.788264199628335
0.499561500640487,0.788264199628335
0.502903405422742,0.788264199628335
0.493727767500741,0.788264199628335
0.500079855812436,0.788264199628335
0.500529789764437,0.788264199628335
0.499463058444635,0.788264199628335
0.49823380735193,0.788264199628335
0.493624090428696,0.788264199628335
0.499590916904908,0.788264199628335
0.495969536953667,0.788264199628335
0.50023092462054,0.788264199628335
0.506963179796656,0.788264199628335
0.497320890750845,0.788264199628335
0.502126455841511,0.788264199628335
0.50315621166298,0.788264199628335
0.493670790150964,0.788264199628335
0.493989064605524,0.788264199628335
0.49843766974858,0.788264199628335
0.497379684934777,0.788264199628335
0.4992087125466,0.788264199628335
0.495586209521524,0.788264199628335
0.494637144578725,0.788264199628335
0.499285167168652,0.788264199628335
0.496137174058305,0.788264199628335
0.492250982024103,0.788264199628335
0.502426190655398,0.788264199628335
0.497966999191868,0.788264199628335
0.505740263477075,0.788264199628335
0.506724102549892,0.788264199628335
0.50443995587227,0.788264199628335
0.496999651725143,0.788264199628335
0.504699924588734,0.788264199628335
0.492541491024615,0.788264199628335
0.497214821355061,0.788264199628335
0.504341465870172,0.788264199628335
0.503657517387903,0.788264199628335
0.499504118988771,0.788264199628335
0.499218221600118,0.788264199628335
0.49645241415051,0.788264199628335
0.500401593029156,0.788264199628335
0.497455702505435,0.788264199628335
0.493323719221835,0.788264199628335
0.499060640189281,0.788264199628335
0.501695648969986,0.788264199628335
0.499722226876233,0.788264199628335
0.504015730990113,0.788264199628335
0.495734492768548,0.788264199628335
0.490873995186224,0.788264199628335
0.499604773059164,0.788264199628335
0.497041616584311,0.788264199628335
0.501370487032435,0.788264199628335
0.506540227003908,0.788264199628335
0.502885294481775,0.788264199628335
0.493246564966795,0.788264199628335
0.502443222133791,0.788264199628335
0.501423965639378,0.788264199628335
0.481016451741341,0.788264199628335
0.501287135644213,0.788264199628335
0.500146025981265,0.788264199628335
0.497203282548957,0.788264199628335
0.507902656681474,0.788264199628335
0.494361026177463,0.788264199628335
0.498648555587212,0.788264199628335
0.499692014198013,0.788264199628335
0.488642624194969,0.788264199628335
0.492974730501643,0.788264199628335
0.499439634663994,0.788264199628335
0.501872924797652,0.788264199628335
0.499025300911227,0.788264199628335
0.495256043349157,0.788264199628335
0.496818130178008,0.788264199628335
0.490077473496382,0.788264199628335
0.493707989376797,0.788264199628335
0.507196010379906,0.788264199628335
0.499421416834301,0.788264199628335
0.505682480311774,0.788264199628335
0.503174740557484,0.788264199628335
0.497848265954523,0.788264199628335
0.494626419769319,0.788264199628335
0.500404564647726,0.788264199628335
0.500290352342188,0.788264199628335
0.495530975051175,0.788264199628335
0.501423793098848,0.788264199628335
0.499228601556382,0.788264199628335
0.50075346279195,0.788264199628335
0.4993080271256,0.788264199628335
0.493619434285239,0.788264199628335
0.495687586973277,0.788264199628335
0.500441214435446,0.788264199628335
0.488499573894209,0.788264199628335
0.495444343851443,0.788264199628335
0.494518185884018,0.788264199628335
0.50256085696568,0.788264199628335
0.498965711966274,0.788264199628335
0.500166977774442,0.788264199628335
0.492527731712687,0.788264199628335
0.504299422313468,0.788264199628335
0.490282543967824,0.788264199628335
0.494746879670713,0.788264199628335
0.501628323109753,0.788264199628335
0.497092592640138,0.788264199628335
0.492095666293687,0.788264199628335
0.495344994198675,0.788264199628335
0.501853616596649,0.788264199628335
0.499043053320867,0.788264199628335
0.498128141702738,0.788264199628335
0.489711922199606,0.788264199628335
0.502971132482996,0.788264199628335
0.495325900887602,0.788264199628335
0.488075996254109,0.788264199628335
0.496655229465935,0.788264199628335
0.500916187247625,0.788264199628335
0.507102282648965,0.788264199628335
0.497412947460115,0.788264199628335
0.504262494543813,0.788264199628335
0.501402734120786,0.788264199628335
0.512725358340857,0.788264199628335
0.502313254133407,0.788264199628335
0.503922020144857,0.788264199628335
0.491547855920065,0.788264199628335
0.505520877760947,0.788264199628335
0.494549563794993,0.788264199628335
0.509996845019888,0.788264199628335
0.498047405614139,0.788264199628335
0.510182303415597,0.788264199628335
0.502413421523214,0.788264199628335
0.495420031475379,0.788264199628335
0.504405918603916,0.788264199628335
0.497313494722679,0.788264199628335
0.494572557773379,0.788264199628335
0.503452000689416,0.788264199628335
0.491618046985522,0.788264199628335
0.495474472292604,0.788264199628335
0.498617688417392,0.788264199628335
0.505361704258803,0.788264199628335
0.494746936635774,0.788264199628335
0.503325195993824,0.788264199628335
0.496725130302061,0.788264199628335
0.496851158606196,0.788264199628335
0.499426091693762,0.788264199628335
0.509296483308942,0.788264199628335
0.504879449181865,0.788264199628335
0.501085858774513,0.788264199628335
0.496198882088545,0.788264199628335
0.495158238601215,0.788264199628335
0.489236159104328,0.788264199628335
0.492364825221872,0.788264199628335
0.495222468197945,0.788264199628335
0.504145087187911,0.788264199628335
0.507868155050519,0.788264199628335
0.496112483243108,0.788264199628335
0.493144959882228,0.788264199628335
0.505865095504728,0.788264199628335
0.498186266878001,0.788264199628335
0.494593471560366,0.788264199628335
0.495269106302015,0.788264199628335
0.499149622398912,0.788264199628335
0.501433005976553,0.788264199628335
0.496734801901432,0.788264199628335
0.500258653172405,0.788264199628335
0.495581833132646,0.788264199628335
0.500407562371498,0.788264199628335
0.492558649187962,0.788264199628335
0.509285123971743,0.788264199628335
0.49563524748894,0.788264199628335
0.497571936802692,0.788264199628335
0.492697480223162,0.788264199628335
0.493113458980618,0.788264199628335
0.503266911757928,0.788264199628335
0.498882793656237,0.788264199628335
0.496828798183392,0.788264199628335
0.493027219236016,0.788264199628335
0.499614101248519,0.788264199628335
0.504551191087918,0.788264199628335
0.502114794045352,0.788264199628335
0.490180945533058,0.788264199628335
0.493504048296469,0.788264199628335
0.497640714097911,0.788264199628335
0.494867442427724,0.788264199628335
0.491080915810132,0.788264199628335
0.497786896661218,0.788264199628335
0.503380778906622,0.788264199628335
0.499154169026398,0.788264199628335
0.497335002205792,0.788264199628335
0.497124560387996,0.788264199628335
0.500298753203234,0.788264199628335
0.497858937284728,0.788264199628335
0.496471987048644,0.788264199628335
0.503201296513768,0.788264199628335
0.491115214404276,0.788264199628335
0.5025688293587,0.788264199628335
0.501840815438369,0.788264199628335
0.500569989417495,0.788264199628335
0.496790791831595,0.788264199628335
0.487595306833301,0.788264199628335
0.502495002765366,0.788264199628335
0.495272350450107,0.788264199628335
0.508720924279914,0.788264199628335
0.497380693772174,0.788264199628335
0.496694984046863,0.788264199628335
0.498858852597793,0.788264199628335
0.494973884729183,0.788264199628335
0.495100281150052,0.788264199628335
0.504684500573921,0.788264199628335
0.489960369853584,0.788264199628335
0.490041525643758,0.788264199628335
0.493460723782253,0.788264199628335
0.504362306609522,0.788264199628335
0.49427796461996,0.788264199628335
0.506992530427043,0.788264199628335
0.489625407992299,0.788264199628335
0.505144006186287,0.788264199628335
0.496128765521486,0.788264199628335
0.501757777167406,0.788264199628335
0.504132770896119,0.788264199628335
0.49762781936758,0.788264199628335
0.490888441365903,0.788264199628335
0.504080508335283,0.788264199628335
0.505186089822325,0.788264199628335
0.49772502570102,0.788264199628335
0.497918826077645,0.788264199628335
0.49546287298531,0.788264199628335
0.500610878974813,0.788264199628335
0.500337024244815,0.788264199628335
0.498966223920902,0.788264199628335
0.504934502663136,0.788264199628335
0.495719518961725,0.788264199628335
0.499253723326971,0.788264199628335
0.506992711530917,0.788264199628335
0.502496700997781,0.788264199628335
0.499892324209813,0.788264199628335
0.496200634673749,0.788264199628335
0.495426052835423,0.788264199628335
0.499654577615994,0.788264199628335
0.491463021867959,0.788264199628335
0.496915747981552,0.788264199628335
0.492023796595539,0.788264199628335
0.497426826341332,0.788264199628335
0.503583055643619,0.788264199628335
0.500109776358522,0.788264199628335
0.507366632262332,0.788264199628335
0.497872975924882,0.788264199628335
0.491069840216576,0.788264199628335
0.490284903604064,0.788264199628335
0.500928171354393,0.788264199628335
0.492152144254289,0.788264199628335
0.502090130030171,0.788264199628335
0.498135316595334,0.788264199628335
0.500543792522982,0.788264199628335
0.501212269581296,0.788264199628335
0.498887052330357,0.788264199628335
0.493894892668478,0.788264199628335
0.499799755827528,0.788264199628335
0.489736528197541,0.788264199628335
0.488038943848174,0.788264199628335
0.49792010724069,0.788264199628335
0.494864087007162,0.788264199628335
0.494384634549148,0.788264199628335
0.499919650561443,0.788264199628335
0.494875757706751,0.788264199628335
0.493326062194843,0.788264199628335
0.485861594060021,0.788264199628335
0.496872378607819,0.788264199628335
0.494913078769071,0.788264199628335
0.498670679577383,0.788264199628335
0.504490551419264,0.788264199628335
0.490818186826106,0.788264199628335
0.494669307907171,0.788264199628335
0.499252533980225,0.788264199628335
0.501416689911709,0.788264199628335
0.492036161999411,0.788264199628335
0.497884360432794,0.788264199628335
0.500424041683139,0.788264199628335
0.501352410475898,0.788264199628335
0.49476446665755,0.788264199628335
0.50642258111613,0.788264199628335
0.495814087624965,0.788264199628335
0.501214327753772,0.788264199628335
0.498582858334612,0.788264199628335
0.502993833322076,0.788264199628335
0.502534436823461,0.788264199628335
0.495847194140707,0.788264199628335
0.499224227098954,0.788264199628335
0.498015213214652,0.788264199628335
0.497632680530191,0.788264199628335
0.500439713451526,0.788264199628335
0.500947253444564,0.788264199628335
0.498185543209689,0.788264199628335
0.498339362411178,0.788264199628335
0.496026799602842,0.788264199628335
0.496026679526719,0.788264199628335
0.498647946086945,0.788264199628335
0.48822131230475,0.788264199628335
0.502726105395629,0.788264199628335
0.491224299013493,0.788264199628335
0.496874765101597,0.788264199628335
0.498559247651419,0.788264199628335
0.497986707514496,0.788264199628335
0.497007600002405,0.788264199628335
0.503664940849524,0.788264199628335
0.490840038270297,0.788264199628335
0.498852085950734,0.788264199628335
0.500272192832887,0.788264199628335
0.492335325752728,0.788264199628335
0.499115104831118,0.788264199628335
0.489598556650778,0.788264199628335
0.500545567613638,0.788264199628335
0.497713390179181,0.788264199628335
0.497632295248199,0.788264199628335
0.491087439492815,0.788264199628335
0.502651886665902,0.788264199628335
0.502120436133496,0.788264199628335
0.497545404145056,0.788264199628335
0.497143725691651,0.788264199628335
0.498433904183261,0.788264199628335
0.500522530121159,0.788264199628335
0.497948352495214,0.788264199628335
0.492061082347047,0.788264199628335
0.499528521483291,0.788264199628335
0.500631080597452,0.788264199628335
0.501419866940256,0.788264199628335
0.499352048793035,0.788264199628335
0.500945523492827,0.788264199628335
0.496833598282625,0.788264199628335
0.493278781302153,0.788264199628335
0.503243189407342,0.788264199628335
0.494729915578868,0.788264199628335
0.508325607664861,0.788264199628335
0.494353246850017,0.788264199628335
0.506986496077309,0.788264199628335
0.496253077344946,0.788264199628335
0.510335266841074,0.788264199628335
0.493108307943355,0.788264199628335
0.496037275816504,0.788264199628335
0.497854411037499,0.788264199628335
0.498793147005063,0.788264199628335
0.503545971298915,0.788264199628335
0.498397422621699,0.788264199628335
0.507921121485935,0.788264199628335
0.500054005716274,0.788264199628335
0.503451684056873,0.788264199628335
0.503490288714425,0.788264199628335
0.493249606606837,0.788264199628335
0.50318397050052,0.788264199628335
0.491851526223938,0.788264199628335
0.501601457591279,0.788264199628335
0.492165768093291,0.788264199628335
0.49670855299046,0.788264199628335
0.502579595231705,0.788264199628335
0.491167008402624,0.788264199628335
0.49838426798234,0.788264199628335
0.50155999300193,0.788264199628335
0.491827182262704,0.788264199628335
0.502612346366889,0.788264199628335
0.49393106660772,0.788264199628335
0.497784290566889,0.788264199628335
0.501480350408026,0.788264199628335
0.49209933806367,0.788264199628335
0.497591841822819,0.788264199628335
0.501676713380857,0.788264199628335
0.496484500405346,0.788264199628335
0.503668105871312,0.788264199628335
0.501050786155977,0.788264199628335
0.507459368857234,0.788264199628335
0.495761604517314,0.788264199628335
0.503777451690226,0.788264199628335
0.499710804828517,0.788264199628335
0.489291102329162,0.788264199628335
0.496432763989214,0.788264199628335
0.492718637925633,0.788264199628335
0.501877345007869,0.788264199628335
0.50306593924352,0.788264199628335
0.501857409619456,0.788264199628335
0.502683601680552,0.788264199628335
0.495088565525919,0.788264199628335
0.490436440620265,0.788264199628335
0.500826484955122,0.788264199628335
0.497890206270442,0.788264199628335
0.500760961768204,0.788264199628335
0.505542861893736,0.788264199628335
0.4983812582873,0.788264199628335
0.508912980441454,0.788264199628335
0.490512368185178,0.788264199628335
0.492787255611072,0.788264199628335
0.504200893023465,0.788264199628335
0.504917864685976,0.788264199628335
0.500342459713352,0.788264199628335
0.493597452214759,0.788264199628335
0.493916120912337,0.788264199628335
0.505296827705343,0.788264199628335
0.502006180170236,0.788264199628335
0.491187447374249,0.788264199628335
0.496007511554203,0.788264199628335
0.497224532867892,0.788264199628335
0.499224627026426,0.788264199628335
0.50510735978128,0.788264199628335
0.495985072638258,0.788264199628335
0.505194163939714,0.788264199628335
0.497506435298267,0.788264199628335
0.497644322041826,0.788264199628335
0.494701779470333,0.788264199628335
0.492595295245249,0.788264199628335
0.498332706177505,0.788264199628335
0.495504976609701,0.788264199628335
0.511773306330323,0.788264199628335
0.498759064610174,0.788264199628335
0.49263896855463,0.788264199628335
0.500790252234384,0.788264199628335
0.498114998233264,0.788264199628335
0.494237339462288,0.788264199628335
0.495122092189695,0.788264199628335
0.500688099058451,0.788264199628335
0.496663800945507,0.788264199628335
0.497117532323503,0.788264199628335
0.499039292935614,0.788264199628335
0.496056705743552,0.788264199628335
0.500363515753885,0.788264199628335
0.495306976124599,0.788264199628335
0.498074070913073,0.788264199628335
0.501042796647804,0.788264199628335
0.499399346516647,0.788264199628335
0.496661759960886,0.788264199628335
0.498867282895853,0.788264199628335
0.502662569129366,0.788264199628335
0.496156441407797,0.788264199628335
0.499832488316266,0.788264199628335
0.496815829502713,0.788264199628335
0.510967024168453,0.788264199628335
0.495671398417747,0.788264199628335
0.496046545510842,0.788264199628335
0.50323225053775,0.788264199628335
0.494431620948976,0.788264199628335
0.493239234910225,0.788264199628335
0.496281987866122,0.788264199628335
0.499790959169338,0.788264199628335
0.496921512105202,0.788264199628335
0.495333758778007,0.788264199628335
0.498710181928169,0.788264199628335
0.500825270833098,0.788264199628335
0.496221988292988,0.788264199628335
0.501542537761966,0.788264199628335
0.501894256285905,0.788264199628335
0.497606437481936,0.788264199628335
0.49564048619852,0.788264199628335
0.500067055569342,0.788264199628335
0.501523121124153,0.788264199628335
0.495692709845901,0.788264199628335
0.498781516481398,0.788264199628335
0.487413958218406,0.788264199628335
0.497402364519827,0.788264199628335
0.502093115061064,0.788264199628335
0.500131782238884,0.788264199628335
0.503292154806201,0.788264199628335
0.494428455604167,0.788264199628335
0.498741787345562,0.788264199628335
0.494875925034286,0.788264199628335
0.497495149875857,0.788264199628335
0.496587644969215,0.788264199628335
0.501300824512567,0.788264199628335
0.494600901277594,0.788264199628335
0.498667660128176,0.788264199628335
0.495934877326074,0.788264199628335
0.497182844165903,0.788264199628335
0.495860983716907,0.788264199628335
0.492458530170316,0.788264199628335
0.497368211194356,0.788264199628335
0.49715849536111,0.788264199628335
0.495382213150915,0.788264199628335
0.500025123544197,0.788264199628335
0.499131182633997,0.788264199628335
0.491256063066824,0.788264199628335
0.496711156362771,0.788264199628335
0.500138707524807,0.788264199628335
0.507099371887538,0.788264199628335
0.502515047616177,0.788264199628335
0.498337759363019,0.788264199628335
0.505899906759112,0.788264199628335
0.494135904901292,0.788264199628335
0.494328139331586,0.788264199628335
0.504452770487606,0.788264199628335
0.495595716994146,0.788264199628335
0.499445913608911,0.788264199628335
0.489585488996699,0.788264199628335
0.498906039939732,0.788264199628335
0.495393886559245,0.788264199628335
0.504180805875974,0.788264199628335
0.494859759297429,0.788264199628335
0.502814048250237,0.788264199628335
0.497039612184668,0.788264199628335
0.500263637557678,0.788264199628335
0.499983427626285,0.788264199628335
0.501333310667016,0.788264199628335
0.499423546689398,0.788264199628335
0.502456251619436,0.788264199628335
0.490719754948422,0.788264199628335
0.4985792791365,0.788264199628335
0.490525912848963,0.788264199628335
0.493275146674146,0.788264199628335
0.498003493221366,0.788264199628335
0.49506707042683,0.788264199628335
0.493306274916233,0.788264199628335
0.498399809994917,0.788264199628335
0.488382421598277,0.788264199628335
0.502296991080133,0.788264199628335
0.499649788948034,0.788264199628335
0.494314604410287,0.788264199628335
0.50527641192567,0.788264199628335
0.501321677282609,0.788264199628335
0.498325505002463,0.788264199628335
0.499387344660602,0.788264199628335
0.494547647387682,0.788264199628335
0.507913762994783,0.788264199628335
0.500080168153459,0.788264199628335
0.495238520101979,0.788264199628335
0.495138779976124,0.788264199628335
0.506226759751448,0.788264199628335
0.495149528277287,0.788264199628335
0.49713827237123,0.788264199628335
0.506000699157575,0.788264199628335
0.499293723987107,0.788264199628335
0.500938274909962,0.788264199628335
0.4935102923958,0.788264199628335
0.501111150418822,0.788264199628335
0.494648425658899,0.788264199628335
0.50499923351498,0.788264199628335
0.497834190698759,0.788264199628335
0.4972312480209,0.788264199628335
0.501470717106075,0.788264199628335
0.498743637600853,0.788264199628335
0.50223164672901,0.788264199628335
0.506121198194745,0.788264199628335
0.491072789987614,0.788264199628335
0.50334038604594,0.788264199628335
0.490493697640076,0.788264199628335
0.504139297267324,0.788264199628335
0.501859249723593,0.788264199628335
0.494754579542063,0.788264199628335
0.506054087146858,0.788264199628335
0.49819810043948,0.788264199628335
0.502905389227929,0.788264199628335
0.497280236939707,0.788264199628335
0.500525927173946,0.788264199628335
0.503089091356987,0.788264199628335
0.493393242979251,0.788264199628335
0.495389030708152,0.788264199628335
0.494515193557677,0.788264199628335
0.498214281414642,0.788264199628335
0.501465923165122,0.788264199628335
0.491849950758483,0.788264199628335
0.495639478660125,0.788264199628335
0.501851129434024,0.788264199628335
0.493441460500108,0.788264199628335
0.487533006072513,0.788264199628335
0.51605056555252,0.788264199628335
0.487474928387886,0.788264199628335
0.489562481800582,0.788264199628335
0.498480827013109,0.788264199628335
0.502792075120134,0.788264199628335
0.494448698006598,0.788264199628335
0.503172283364685,0.788264199628335
0.494326276473094,0.788264199628335
0.499538422972231,0.788264199628335
0.489817600523385,0.788264199628335
0.497871193299577,0.788264199628335
0.495957930859868,0.788264199628335
0.503634346855394,0.788264199628335
0.501783472354646,0.788264199628335
0.504214089869099,0.788264199628335
0.501468379766638,0.788264199628335
0.490835969206048,0.788264199628335
0.499239596507645,0.788264199628335
0.493965345441515,0.788264199628335
0.500066238359258,0.788264199628335
0.495321116216933,0.788264199628335
0.498605030996204,0.788264199628335
0.50347004365327,0.788264199628335
0.496266836390263,0.788264199628335
0.494278736520507,0.788264199628335
0.500235163415792,0.788264199628335
0.496292904831475,0.788264199628335
0.496427586744489,0.788264199628335
0.499786168573287,0.788264199628335
0.497012551795945,0.788264199628335
0.49485639446751,0.788264199628335
0.501134824698078,0.788264199628335
0.501627407175129,0.788264199628335
0.499092224040972,0.788264199628335
0.494639581456587,0.788264199628335
0.49191878196411,0.788264199628335
0.492706666374891,0.788264199628335
0.499840876420829,0.788264199628335
0.496005714686804,0.788264199628335
0.49602502339917,0.788264199628335
0.499975233233288,0.788264199628335
0.497430987835736,0.788264199628335
0.496396747752487,0.788264199628335
0.499876857595463,0.788264199628335
0.498753891339017,0.788264199628335
0.503818265566652,0.788264199628335
0.504089987550762,0.788264199628335
0.502574412125317,0.788264199628335
0.505427866319422,0.788264199628335
0.492964577721095,0.788264199628335
0.503944199396294,0.788264199628335
0.499254961312511,0.788264199628335
0.506169234545008,0.788264199628335
0.49602698101811,0.788264199628335
0.501764930824623,0.788264199628335
0.499081151526572,0.788264199628335
0.496008748027429,0.788264199628335
0.497132019821243,0.788264199628335
0.487877018403874,0.788264199628335
0.491599552166657,0.788264199628335
0.494213647164398,0.788264199628335
0.507196590631534,0.788264199628335
0.501573550359862,0.788264199628335
0.492238501005601,0.788264199628335
0.500057168293241,0.788264199628335
0.497909165518018,0.788264199628335
0.496051537716449,0.788264199628335
0.506836303099706,0.788264199628335
0.501360394647943,0.788264199628335
0.500282636226516,0.788264199628335
0.497570302445116,0.788264199628335
0.499638673629447,0.788264199628335
0.503604364318751,0.788264199628335
0.491692094049119,0.788264199628335
0.501292629440226,0.788264199628335
0.494684023163881,0.788264199628335
0.495231317823405,0.788264199628335
0.502516117014302,0.788264199628335
0.499334682347377,0.788264199628335
0.490871718769425,0.788264199628335
0.499459743274974,0.788264199628335
0.497370409792607,0.788264199628335
0.509286988441363,0.788264199628335
0.496215637923944,0.788264199628335
0.495305016431212,0.788264199628335
0.501809185933725,0.788264199628335
0.500129647657235,0.788264199628335
0.497004845841288,0.788264199628335
0.49716109034248,0.788264199628335
0.50135206189374,0.788264199628335
0.493164525642026,0.788264199628335
0.498857979171699,0.788264199628335
0.493324204418102,0.788264199628335
0.504451274084958,0.788264199628335
0.493753863358359,0.788264199628335
0.507798047240668,0.788264199628335
0.504154966582625,0.788264199628335
0.502653536498475,0.788264199628335
0.50176414000911,0.788264199628335
0.494020029639764,0.788264199628335
0.505210265757263,0.788264199628335
0.498984589660897,0.788264199628335
0.494889569093769,0.788264199628335
0.494767643115127,0.788264199628335
0.494929871406771,0.788264199628335
0.496296982538558,0.788264199628335
0.501065675715337,0.788264199628335
0.49601091357485,0.788264199628335
0.499288525818344,0.788264199628335
0.49290283676237,0.788264199628335
0.496683051130171,0.788264199628335
0.499561790804561,0.788264199628335
0.504760437161817,0.788264199628335
0.502987236203349,0.788264199628335
0.508461913269709,0.788264199628335
0.495705540421022,0.788264199628335
0.495302088054398,0.788264199628335
0.495852736391413,0.788264199628335
0.490599545542687,0.788264199628335
0.503091846424986,0.788264199628335
0.488857207699173,0.788264199628335
0.50597343724014,0.788264199628335
0.511329139670449,0.788264199628335
0.498965222394019,0.788264199628335
0.496577116020547,0.788264199628335
0.492576341552931,0.788264199628335
0.498896737404622,0.788264199628335
0.495782023016309,0.788264199628335
0.497976715852098,0.788264199628335
0.497258277008879,0.788264199628335
0.494353428501038,0.788264199628335
0.495631759787451,0.788264199628335
0.501724311183815,0.788264199628335
0.498605468441328,0.788264199628335
0.499241263547782,0.788264199628335
0.498234321640926,0.788264199628335
0.499392694335481,0.788264199628335
0.503030470062109,0.788264199628335
0.500356919248879,0.788264199628335
0.50350400318975,0.788264199628335
0.508156888459321,0.788264199628335
0.496687260467735,0.788264199628335
0.498136511456997,0.788264199628335
0.493997401056788,0.788264199628335
0.507081974623137,0.788264199628335
0.506691972555341,0.788264199628335
0.497899503237019,0.788264199628335
0.495052728621367,0.788264199628335
0.505217609735391,0.788264199628335
0.501615401147582,0.788264199628335
0.499221713846308,0.788264199628335
0.502279208262483,0.788264199628335
0.488399488084594,0.788264199628335
0.499293477434597,0.788264199628335
0.506013280250917,0.788264199628335
0.50027241765625,0.788264199628335
0.4968435399695,0.788264199628335
0.492894465799762,0.788264199628335
0.499157048175281,0.788264199628335
0.50730700786037,0.788264199628335
0.494293324101635,0.788264199628335
0.493664552989292,0.788264199628335
0.49706997246899,0.788264199628335
0.497814917889706,0.788264199628335
0.492425209098298,0.788264199628335
0.500403268370734,0.788264199628335
0.496134250449048,0.788264199628335
0.489674223297772,0.788264199628335
0.498659623096071,0.788264199628335
0.49426620663733,0.788264199628335
0.498448796421341,0.788264199628335
0.492893371914504,0.788264199628335
0.499696781126552,0.788264199628335
0.495812752383254,0.788264199628335
0.502123802187794,0.788264199628335
0.497386671418337,0.788264199628335
0.493323726919973,0.788264199628335
0.495690305302027,0.788264199628335
0.497692008356363,0.788264199628335
0.506575850800635,0.788264199628335
0.496342756897326,0.788264199628335
0.500943218074201,0.788264199628335
0.500553493208739,0.788264199628335
0.492724232707176,0.788264199628335
0.501617008518166,0.788264199628335
0.497364350896695,0.788264199628335
0.498830246081351,0.788264199628335
0.506446208129027,0.788264199628335
0.504454968288383,0.788264199628335
0.503052960491409,0.788264199628335
0.492605569670583,0.788264199628335
0.500710686192076,0.788264199628335
0.492896677102207,0.788264199628335
0.501206693912922,0.788264199628335
0.500649299545788,0.788264199628335
0.503186411967875,0.788264199628335
0.500154615565064,0.788264199628335
0.498312630735174,0.788264199628335
0.496713993222741,0.788264199628335
0.49398567269239,0.788264199628335
0.495786830681285,0.788264199628335
0.49853321664818,0.788264199628335
0.489860511224512,0.788264199628335
0.500332434827009,0.788264199628335
0.500774687274353,0.788264199628335
0.495518687732253,0.788264199628335
0.502313749900272,0.788264199628335
0.491337370274611,0.788264199628335
0.504699081477668,0.788264199628335
0.500149506655184,0.788264199628335
0.492594613701815,0.788264199628335
0.496864071576519,0.788264199628335
0.501561807907742,0.788264199628335
0.496988589092971,0.788264199628335
0.502381632636033,0.788264199628335
0.502885289015175,0.788264199628335
0.497802339835027,0.788264199628335
0.497317657196632,0.788264199628335
0.501937011797447,0.788264199628335
0.498830061911945,0.788264199628335
0.510864017852967,0.788264199628335
0.498065282262437,0.788264199628335
0.500522289314405,0.788264199628335
0.496281462474631,0.788264199628335
0.497106464197685,0.788264199628335
0.502858511605197,0.788264199628335
0.503535121058859,0.788264199628335
0.50518020302551,0.788264199628335
0.494711823658703,0.788264199628335
0.494743750135348,0.788264199628335
0.487413783969587,0.788264199628335
0.48739398300728,0.788264199628335
0.493893267805143,0.788264199628335
0.499098137743989,0.788264199628335
0.502267558756472,0.788264199628335
0.492936769279892,0.788264199628335
0.504999323004751,0.788264199628335
0.501592558012058,0.788264199628335
0.503386825062096,0.788264199628335
0.499974294584389,0.788264199628335
0.489285419737775,0.788264199628335
0.49515551279496,0.788264199628335
0.502291323138556,0.788264199628335
0.49630652189956,0.788264199628335
0.498520317795055,0.788264199628335
0.497534139246374,0.788264199628335
0.493425699919822,0.788264199628335
0.499610540466984,0.788264199628335
0.492915528408543,0.788264199628335
0.499361746221259,0.788264199628335
0.50307639507669,0.788264199628335
0.500555661060771,0.788264199628335
0.499464690094818,0.788264199628335
0.494818895135076,0.788264199628335
0.497502060048305,0.788264199628335
0.497116662828142,0.788264199628335
0.497839569965069,0.788264199628335
0.50282874511365,0.788264199628335
0.500895790145223,0.788264199628335
0.503962751090891,0.788264199628335
0.494241144551616,0.788264199628335
0.503697428965673,0.788264199628335
0.499530707760381,0.788264199628335
0.495612854056585,0.788264199628335
0.49886230792861,0.788264199628335
0.498647197720101,0.788264199628335
0.488877313565124,0.788264199628335
0.499582517824772,0.788264199628335
0.496947379932811,0.788264199628335
0.504647930690678,0.788264199628335
0.499640543229073,0.788264199628335
0.499693591873502,0.788264199628335
0.497705725339583,0.788264199628335
0.49980070253451,0.788264199628335
0.502238888454879,0.788264199628335
0.4964197954758,0.788264199628335
0.492772154176059,0.788264199628335
0.500683986810427,0.788264199628335
0.503557108978388,0.788264199628335
0.488615419333366,0.788264199628335
0.501176487521799,0.788264199628335
0.49472283142457,0.788264199628335
0.497924817829466,0.788264199628335
0.496769564948303,0.788264199628335
0.501217338817831,0.788264199628335
0.506390509019642,0.788264199628335
0.497094912272839,0.788264199628335
0.501999354997305,0.788264199628335
0.497068174641407,0.788264199628335
0.487177408690995,0.788264199628335
0.501459036480376,0.788264199628335
0.498833634704394,0.788264199628335
0.493774525382638,0.788264199628335
0.496085963668356,0.788264199628335
0.49307141902494,0.788264199628335
0.500250898641484,0.788264199628335
0.498956059324912,0.788264199628335
0.491960385579219,0.788264199628335
0.50451563059389,0.788264199628335
0.496132816909833,0.788264199628335
0.508998478616553,0.788264199628335
0.507516056423627,0.788264199628335
0.495803041113598,0.788264199628335
0.496630342270676,0.788264199628335
0.496308454921992,0.788264199628335
0.494959534857738,0.788264199628335
0.488355901539521,0.788264199628335
0.494716127330008,0.788264199628335
0.500167343790364,0.788264199628335
0.504612091769181,0.788264199628335
0.494857703073854,0.788264199628335
0.509677509785317,0.788264199628335
0.497363695272017,0.788264199628335
0.488355337433835,0.788264199628335
0.498539011186114,0.788264199628335
0.50004017278272,0.788264199628335
0.497904823808264,0.788264199628335
0.494685186038647,0.788264199628335
0.497940534953971,0.788264199628335
0.503697240431219,0.788264199628335
0.501042581193067,0.788264199628335
0.499832430489412,0.788264199628335
0.500535898846184,0.788264199628335
0.495029092617959,0.788264199628335
0.503777005061519,0.788264199628335
0.4912957037227,0.788264199628335
0.50061409910658,0.788264199628335
0.499003279748583,0.788264199628335
0.504711330056216,0.788264199628335
0.490296917084524,0.788264199628335
0.497584894942785,0.788264199628335
0.501713236891916,0.788264199628335
0.50616572822666,0.788264199628335
0.502800977136108,0.788264199628335
0.497819077083098,0.788264199628335
0.505398531453454,0.788264199628335
0.50221004562702,0.788264199628335
0.498909992647335,0.788264199628335
0.504402445390809,0.788264199628335
0.499225776966113,0.788264199628335
0.49755494933912,0.788264199628335
0.499242060957347,0.788264199628335
0.501387151302029,0.788264199628335
0.499381310325035,0.788264199628335
0.494757924115596,0.788264199628335
0.496094678591955,0.788264199628335
0.497000709251135,0.788264199628335
0.497210723474714,0.788264199628335
0.501958059464141,0.788264199628335
0.500537738524498,0.788264199628335
0.499353791558048,0.788264199628335
0.494587716205124,0.788264199628335
0.499969532466223,0.788264199628335
0.500382400888878,0.788264199628335
0.501646430163323,0.788264199628335
0.498688297641959,0.788264199628335
0.491840894173731,0.788264199628335
0.499916091023408,0.788264199628335
0.50735078755892,0.788264199628335
0.501543921673397,0.788264199628335
0.492819226659904,0.788264199628335
0.509052791370488,0.788264199628335
0.496732297346713,0.788264199628335
0.501612979107245,0.788264199628335
0.48779763989424,0.788264199628335
0.49689848757308,0.788264199628335
0.493428142725223,0.788264199628335
0.498266425118837,0.788264199628335
0.489510450957613,0.788264199628335
0.494630222162786,0.788264199628335
0.493642496995422,0.788264199628335
0.493434065305277,0.788264199628335
0.505716911567343,0.788264199628335
0.50875388066402,0.788264199628335
0.498649580073045,0.788264199628335
0.500867737691232,0.788264199628335
0.494880346458602,0.788264199628335
0.502450220304833,0.788264199628335
0.499668317641749,0.788264199628335
0.496704594081508,0.788264199628335
0.499863857413851,0.788264199628335
0.506861073422985,0.788264199628335
0.50107719981617,0.788264199628335
0.500115059256915,0.788264199628335
0.497460136552829,0.788264199628335
0.487824034820205,0.788264199628335
0.497199345320953,0.788264199628335
0.505643098351352,0.788264199628335
0.502989617063343,0.788264199628335
0.502064665166053,0.788264199628335
0.493338332235959,0.788264199628335
0.488859893930387,0.788264199628335
0.503877143312058,0.788264199628335
0.499013094164582,0.788264199628335
0.503143186647384,0.788264199628335
0.497079577728375,0.788264199628335
0.503357468971777,0.788264199628335
0.493922596227296,0.788264199628335
0.505829542585662,0.788264199628335
0.505348251916122,0.788264199628335
0.50171829030662,0.788264199628335
0.489499220206216,0.788264199628335
0.501577839204704,0.788264199628335
0.493470405119333,0.788264199628335
0.498583772847067,0.788264199628335
0.504713151738936,0.788264199628335
0.504272874880476,0.788264199628335
0.497774761325378,0.788264199628335
0.500546522226643,0.788264199628335
0.499530667758432,0.788264199628335
0.501173544784972,0.788264199628335
0.501455148590087,0.788264199628335
0.506009045053092,0.788264199628335
0.501652547982373,0.788264199628335
0.502833017345029,0.788264199628335
0.497007401234606,0.788264199628335
0.499435284810756,0.788264199628335
0.50136628740283,0.788264199628335
0.506768862495487,0.788264199628335
0.495983859035293,0.788264199628335
0.493909765834858,0.788264199628335
0.500270552911171,0.788264199628335
0.493224199269187,0.788264199628335
0.502937093076547,0.788264199628335
0.494849987538719,0.788264199628335
0.499460398240028,0.788264199628335
0.491305970919484,0.788264199628335
0.499370740284976,0.788264199628335
0.494699914690614,0.788264199628335
0.496841122597958,0.788264199628335
0.500744069964177,0.788264199628335
0.495983627307337,0.788264199628335
0.496404429913387,0.788264199628335
0.509462022848992,0.788264199628335
0.504386612346707,0.788264199628335
0.49637552133132,0.788264199628335
0.497011237748257,0.788264199628335
0.493783618137904,0.788264199628335
0.502414356608987,0.788264199628335
0.492649538419509,0.788264199628335
0.500133517272451,0.788264199628335
0.501181701524779,0.788264199628335
0.501302880117341,0.788264199628335
0.495381672714031,0.788264199628335
0.49779479477531,0.788264199628335
0.495194755212067,0.788264199628335
0.500116322669791,0.788264199628335
0.495516214294236,0.788264199628335
0.501002398120596,0.788264199628335
0.498876900121878,0.788264199628335
0.497306650514143,0.788264199628335
0.497309545984038,0.788264199628335
0.498704161054666,0.788264199628335
0.48754151909044,0.788264199628335
0.495317095488795,0.788264199628335
0.498652356639646,0.788264199628335
0.496010876705383,0.788264199628335
0.507766455562206,0.788264199628335
0.500883505264221,0.788264199628335
0.488714332613586,0.788264199628335
0.494915357724816,0.788264199628335
0.489502083946646,0.788264199628335
0.494545022728329,0.788264199628335
0.495480590665276,0.788264199628335
0.499933892941486,0.788264199628335
0.493870268434869,0.788264199628335
0.498753607115757,0.788264199628335
0.503699056579864,0.788264199628335
0.49460082709448,0.788264199628335
0.491559383910039,0.788264199628335
0.509433161524772,0.788264199628335
0.506171944371068,0.788264199628335
0.495190563572321,0.788264199628335
0.506069050546498,0.788264199628335
0.500008833621202,0.788264199628335
0.500571738732613,0.788264199628335
0.495036505160496,0.788264199628335
0.492524545797106,0.788264199628335
0.500930455583269,0.788264199628335
0.494247209250884,0.788264199628335
0.50062914608339,0.788264199628335
0.499367419057998,0.788264199628335
0.497909835764447,0.788264199628335
0.499172731568452,0.788264199628335
0.504403946026004,0.788264199628335
0.501195594428699,0.788264199628335
0.498731058658895,0.788264199628335
0.500746254080974,0.788264199628335
0.507902293769142,0.788264199628335
0.503700859880006,0.788264199628335
0.491910093403974,0.788264199628335
0.496220864486878,0.788264199628335
0.497540504729344,0.788264199628335
0.507192471509032,0.788264199628335
0.499960919389055,0.788264199628335
0.495603531758039,0.788264199628335
0.496590455356843,0.788264199628335
0.499419191986298,0.788264199628335
0.49239979094887,0.788264199628335
0.5003087876207,0.788264199628335
0.500448275319172,0.788264199628335
0.498862846077917,0.788264199628335
0.496923376340338,0.788264199628335
0.49910744645501,0.788264199628335
0.493383675852776,0.788264199628335
0.492150459214228,0.788264199628335
0.49608637908295,0.788264199628335
0.493979919089692,0.788264199628335
0.495803579624937,0.788264199628335
0.49954059584254,0.788264199628335
0.497903493515348,0.788264199628335
0.500346685376225,0.788264199628335
0.492132772032821,0.788264199628335
0.502060137101389,0.788264199628335
0.488651281291378,0.788264199628335
0.497705601697992,0.788264199628335
0.498257893097846,0.788264199628335
0.498491969111478,0.788264199628335
0.504746360478272,0.788264199628335
0.496845964820222,0.788264199628335
0.49211564380212,0.788264199628335
0.498587227926135,0.788264199628335
0.498838288064628,0.788264199628335
0.498652562546752,0.788264199628335
0.500928801975238,0.788264199628335
0.503060462972184,0.788264199628335
0.503170724014207,0.788264199628335
0.509350045309138,0.788264199628335
0.494689001083602,0.788264199628335
0.496739293311062,0.788264199628335
0.494610380856935,0.788264199628335
0.498500881978917,0.788264199628335
0.507761563673203,0.788264199628335
0.505679128041241,0.788264199628335
0.498447189174108,0.788264199628335
0.501913636906212,0.788264199628335
0.495708389551391,0.788264199628335
0.496506553971843,0.788264199628335
0.496042739795448,0.788264199628335
0.497767011554441,0.788264199628335
0.500147329181338,0.788264199628335
0.49623728406364,0.788264199628335
0.498617530637192,0.788264199628335
0.499819363336601,0.788264199628335
0.49853871482155,0.788264199628335
0.497658128016866,0.788264199628335
0.497340365764911,0.788264199628335
0.500106910757418,0.788264199628335
0.508796392915712,0.788264199628335
0.500453688360866,0.788264199628335
0.500860761458929,0.788264199628335
0.502677072301703,0.788264199628335
0.511020496544595,0.788264199628335
0.502264354674837,0.788264199628335
0.498308351767196,0.788264199628335
0.497264138778342,0.788264199628335
0.505593929999028,0.788264199628335
0.504520255566106,0.788264199628335
0.489772209723126,0.788264199628335
0.49853611380906,0.788264199628335
0.510012014443127,0.788264199628335
0.493098272945753,0.788264199628335
0.497859706735667,0.788264199628335
0.495505572046927,0.788264199628335
0.493405809056578,0.788264199628335
0.498547153340772,0.788264199628335
0.497165971339939,0.788264199628335
0.494976985029458,0.788264199628335
0.494225728835082,0.788264199628335
0.500823437736443,0.788264199628335
0.497871767325915,0.788264199628335
0.504128558898791,0.788264199628335
0.498766036057849,0.788264199628335
0.503391675184964,0.788264199628335
0.500349101632769,0.788264199628335
0.498567627680549,0.788264199628335
0.495770662818918,0.788264199628335
0.501385338975421,0.788264199628335
0.495123351211299,0.788264199628335
0.492387163491518,0.788264199628335
0.50440267283928,0.788264199628335
0.498023819612814,0.788264199628335
0.490771855078632,0.788264199628335
0.501651989080733,0.788264199628335
0.497791959283558,0.788264199628335
0.495997036112178,0.788264199628335
0.500399282350884,0.788264199628335
0.497924075893457,0.788264199628335
0.494376658236432,0.788264199628335
0.499061209831812,0.788264199628335
0.494297939505774,0.788264199628335
0.496688597024129,0.788264199628335
0.503987670106021,0.788264199628335
0.496029099480908,0.788264199628335
0.487652700478047,0.788264199628335
0.497700069615352,0.788264199628335
0.497432292843606,0.788264199628335
0.493735027926106,0.788264199628335
0.500563252153965,0.788264199628335
0.504510860170915,0.788264199628335
0.503641051398817,0.788264199628335
0.498223142015405,0.788264199628335
0.494868685885366,0.788264199628335
0.503032034313056,0.788264199628335
0.499427128781267,0.788264199628335
0.490818511683332,0.788264199628335
0.493810443203908,0.788264199628335
0.5006263612317,0.788264199628335
0.500341207656127,0.788264199628335
0.493424939650952,0.788264199628335
0.499919931713087,0.788264199628335
0.499050422197411,0.788264199628335
0.49459973348521,0.788264199628335
0.504513434163738,0.788264199628335
0.500830753035753,0.788264199628335
0.499256529372303,0.788264199628335
0.492912527684229,0.788264199628335
0.495213477679924,0.788264199628335
0.4918644715987,0.788264199628335
0.494516539587296,0.788264199628335
0.506166010864233,0.788264199628335
0.49972634560264,0.788264199628335
0.497158402631339,0.788264199628335
0.497459890393242,0.788264199628335
0.497596644136944,0.788264199628335
0.501598996561403,0.788264199628335
0.494264986502857,0.788264199628335
0.503718636788405,0.788264199628335
0.495632968409255,0.788264199628335
0.502876175968199,0.788264199628335
0.503717016003853,0.788264199628335
0.496604283117728,0.788264199628335
0.497545890598239,0.788264199628335
0.49448676921968,0.788264199628335
0.495313316476807,0.788264199628335
0.49651103693422,0.788264199628335
0.503680782466053,0.788264199628335
0.495480022567009,0.788264199628335
0.496202455693582,0.788264199628335
0.500257073461217,0.788264199628335
0.499677161804305,0.788264199628335
0.49721045440812,0.788264199628335
0.500413875937458,0.788264199628335
0.502693584043121,0.788264199628335
0.496249137578742,0.788264199628335
0.499132694316181,0.788264199628335
0.500665844681199,0.788264199628335
0.494866526524162,0.788264199628335
0.504334768487889,0.788264199628335
0.493103557517961,0.788264199628335
0.493912502678518,0.788264199628335
0.49894665545835,0.788264199628335
0.486942760567636,0.788264199628335
0.491040290504719,0.788264199628335
0.50437237468263,0.788264199628335
0.500610944308297,0.788264199628335
0.505183333312553,0.788264199628335
0.497745018862055,0.788264199628335
0.505937167866996,0.788264199628335
0.508666470610188,0.788264199628335
0.489704098607645,0.788264199628335
0.49662833416618,0.788264199628335
0.499139345122387,0.788264199628335
0.494928747258177,0.788264199628335
0.497818176893886,0.788264199628335
0.507248666860781,0.788264199628335
0.498357958983138,0.788264199628335
0.508052258146099,0.788264199628335
0.495693346432436,0.788264199628335
0.49972889475404,0.788264199628335
0.489360256228838,0.788264199628335
0.499942961975242,0.788264199628335
0.498983994972455,0.788264199628335
0.510443473435024,0.788264199628335
0.496714086558639,0.788264199628335
0.497671660236775,0.788264199628335
0.502095665688049,0.788264199628335
0.50009650715787,0.788264199628335
0.495405908108464,0.788264199628335
0.494757327118931,0.788264199628335
0.496680496652033,0.788264199628335
0.498918056736946,0.788264199628335
0.500594703071054,0.788264199628335
0.498945436897577,0.788264199628335
0.496186376482683,0.788264199628335
0.493069518128674,0.788264199628335
0.502073544269941,0.788264199628335
0.501034515423945,0.788264199628335
0.500621218898946,0.788264199628335
0.490075243555678,0.788264199628335
0.499079009511431,0.788264199628335
0.502868446874977,0.788264199628335
0.511175057178827,0.788264199628335
0.49912166877964,0.788264199628335
0.502626370003044,0.788264199628335
0.500870583655195,0.788264199628335
0.496038751129087,0.788264199628335
0.498749009097702,0.788264199628335
0.496210539833341,0.788264199628335
0.499090938905066,0.788264199628335
0.497565240547602,0.788264199628335
0.499382656263279,0.788264199628335
0.503657054707579,0.788264199628335
0.501698440647496,0.788264199628335
0.495165359741205,0.788264199628335
0.489073706117656,0.788264199628335
0.49888739796055,0.788264199628335
0.501871341635033,0.788264199628335
0.505275557977265,0.788264199628335
0.501275884524916,0.788264199628335
0.503658667673489,0.788264199628335
0.4956259559739,0.788264199628335
0.497722758144962,0.788264199628335
0.499103702469433,0.788264199628335
0.502758103586806,0.788264199628335
0.502298713456018,0.788264199628335
0.502225318069542,0.788264199628335
0.495007100295394,0.788264199628335
0.493492693741783,0.788264199628335
0.495446935023988,0.788264199628335
0.499874618623584,0.788264199628335
0.496438050891612,0.788264199628335
0.499513275697715,0.788264199628335
0.499183967109594,0.788264199628335
0.502484515882939,0.788264199628335
0.497205659411028,0.788264199628335
0.496988594306698,0.788264199628335
0.503756058417804,0.788264199628335
0.497129441841945,0.788264199628335
0.496252753077056,0.788264199628335
0.49318181279082,0.788264199628335
0.495859788634,0.788264199628335
0.489883083654519,0.788264199628335
0.497174535816254,0.788264199628335
0.508384169857087,0.788264199628335
0.493696032163076,0.788264199628335
0.500247751437515,0.788264199628335
0.496877716856025,0.788264199628335
0.500619536093835,0.788264199628335
0.49808548503423,0.788264199628335
0.503021335122413,0.788264199628335
0.494187725206336,0.788264199628335
0.49556249209859,0.788264199628335
0.508125602495591,0.788264199628335
0.498143371215496,0.788264199628335
0.501582648393871,0.788264199628335
0.490899383444881,0.788264199628335
0.495341282102257,0.788264199628335
0.505361739406761,0.788264199628335
0.49073221957577,0.788264199628335
0.504935013836852,0.788264199628335
0.504485063822555,0.788264199628335
0.504991316683322,0.788264199628335
0.489643290489211,0.788264199628335
0.492335948411245,0.788264199628335
0.501612729264901,0.788264199628335
0.487543105502763,0.788264199628335
0.49655374784149,0.788264199628335
0.500796355535827,0.788264199628335
0.502840259609779,0.788264199628335
0.504354484895329,0.788264199628335
0.496149011143017,0.788264199628335
0.508500524079033,0.788264199628335
0.497595968346944,0.788264199628335
0.49271002678659,0.788264199628335
0.488738216083058,0.788264199628335
0.505705942206052,0.788264199628335
0.500510164094691,0.788264199628335
0.492996928702528,0.788264199628335
0.500921214545843,0.788264199628335
0.503028689936791,0.788264199628335
0.489891813095558,0.788264199628335
0.506600465012303,0.788264199628335
0.494955504436368,0.788264199628335
0.50178240849716,0.788264199628335
0.496448142054779,0.788264199628335
0.498449177144554,0.788264199628335
0.489707982259047,0.788264199628335
0.498223576738193,0.788264199628335
0.495664650073858,0.788264199628335
0.497317439660719,0.788264199628335
0.508699622505161,0.788264199628335
0.497005020566991,0.788264199628335
0.492034400328094,0.788264199628335
0.499345165999284,0.788264199628335
0.498833978978586,0.788264199628335
0.49507001996877,0.788264199628335
0.49661993553224,0.788264199628335
0.498779358503071,0.788264199628335
0.498256153184187,0.788264199628335
0.496344728725468,0.788264199628335
0.498708082560582,0.788264199628335
0.501997356671692,0.788264199628335
0.504095248259753,0.788264199628335
0.498967174802829,0.788264199628335
0.502964760155758,0.788264199628335
0.499397808687892,0.788264199628335
0.501469917924348,0.788264199628335
0.50330632215518,0.788264199628335
0.489507158688141,0.788264199628335
0.499020766367638,0.788264199628335
0.496201468382694,0.788264199628335
0.498916644709446,0.788264199628335
0.500928817912412,0.788264199628335
0.491301296357086,0.788264199628335
0.49818678639259,0.788264199628335
0.503101699304056,0.788264199628335
0.501835463912729,0.788264199628335
0.495121205893308,0.788264199628335
0.495042575778806,0.788264199628335
0.494091284476989,0.788264199628335
0.495378762017906,0.788264199628335
0.489982265131029,0.788264199628335
0.494628187746849,0.788264199628335
0.494374836390163,0.788264199628335
0.495861553258777,0.788264199628335
0.495212702396313,0.788264199628335
0.491286481013284,0.788264199628335
0.494829828279182,0.788264199628335
0.504191674081867,0.788264199628335
0.490384711140544,0.788264199628335
0.502117633406516,0.788264199628335
0.508231609285847,0.788264199628335
0.504629106672333,0.788264199628335
0.488011633678873,0.788264199628335
0.492082181159993,0.788264199628335
0.49811212088708,0.788264199628335
0.505729746441065,0.788264199628335
0.50219594145039,0.788264199628335
0.489527228559126,0.788264199628335
0.497555498314368,0.788264199628335
0.499631587594467,0.788264199628335
0.494854708337067,0.788264199628335
0.493024570036253,0.788264199628335
0.503954176150001,0.788264199628335
0.505177688457802,0.788264199628335
0.503381078776847,0.788264199628335
0.49761501518388,0.788264199628335
0.49961382257839,0.788264199628335
0.501357345908745,0.788264199628335
0.496509182057887,0.788264199628335
0.496131464141649,0.788264199628335
0.507076080058247,0.788264199628335
0.498619414593867,0.788264199628335
0.5065272612676,0.788264199628335
0.499583599174546,0.788264199628335
0.499266466328387,0.788264199628335
0.49161988568401,0.788264199628335
0.49824164862507,0.788264199628335
0.501665357911424,0.788264199628335
0.505070210197496,0.788264199628335
0.497129640472754,0.788264199628335
0.490873195730467,0.788264199628335
0.499626526034602,0.788264199628335
0.492310066328025,0.788264199628335
0.494175615145339,0.788264199628335
0.498103729405156,0.788264199628335
0.497638958958568,0.788264199628335
0.503336537856598,0.788264199628335
0.502754473356316,0.788264199628335
0.501217062376968,0.788264199628335
0.502203209134957,0.788264199628335
0.508636674334611,0.788264199628335
0.496643926454287,0.788264199628335
0.491817269891999,0.788264199628335
0.501334520457135,0.788264199628335
0.495030444828532,0.788264199628335
0.487210247813934,0.788264199628335
0.494191050331598,0.788264199628335
0.50316782823966,0.788264199628335
0.495478241234373,0.788264199628335
0.502630248594553,0.788264199628335
0.498545805851277,0.788264199628335
0.496704661716026,0.788264199628335
0.506618930225157,0.788264199628335
0.491559368013948,0.788264199628335
0.500259291729131,0.788264199628335
0.507929937258759,0.788264199628335
0.502811049013317,0.788264199628335
0.491490323077571,0.788264199628335
0.496064908899362,0.788264199628335
0.500433742385109,0.788264199628335
0.505810120235138,0.788264199628335
0.500337738898972,0.788264199628335
0.492643569134249,0.788264199628335
0.493182234136791,0.788264199628335
0.496539683687718,0.788264199628335
0.493685964908266,0.788264199628335
0.494884750425032,0.788264199628335
0.498113518694542,0.788264199628335
0.500234379712917,0.788264199628335
0.495304215302915,0.788264199628335
0.498626526109738,0.788264199628335
0.500483900165785,0.788264199628335
0.498813004445714,0.788264199628335
0.500617021108505,0.788264199628335
0.49826063225992,0.788264199628335
0.49786054733655,0.788264199628335
0.499149072829377,0.788264199628335
0.509875146027921,0.788264199628335
0.492867848263684,0.788264199628335
0.498059508242905,0.788264199628335
0.500045369812738,0.788264199628335
0.502702594963463,0.788264199628335
0.489580394339908,0.788264199628335
0.498612329993193,0.788264199628335
0.494303021637359,0.788264199628335
0.497909729411129,0.788264199628335
0.499509898073426,0.788264199628335
0.503331913402279,0.788264199628335
0.501524149336833,0.788264199628335
0.511745103379863,0.788264199628335
0.493851271145511,0.788264199628335
0.49245406954308,0.788264199628335
0.493320284927405,0.788264199628335
0.504521180028606,0.788264199628335
0.503508580282828,0.788264199628335
0.493489550927044,0.788264199628335
0.498414243267148,0.788264199628335
0.499294325095594,0.788264199628335
0.504674328398806,0.788264199628335
0.495541009056552,0.788264199628335
0.498559383423973,0.788264199628335
0.487346206368629,0.788264199628335
0.499963444244047,0.788264199628335
0.506018696621384,0.788264199628335
0.50258498401873,0.788264199628335
0.490860073238422,0.788264199628335
0.496461016274991,0.788264199628335
0.497457641567549,0.788264199628335
0.507187659215955,0.788264199628335
0.504562727570654,0.788264199628335
0.493739130690909,0.788264199628335
0.500517651569414,0.788264199628335
0.506238741622248,0.788264199628335
0.495654983974343,0.788264199628335
0.492846417663048,0.788264199628335
0.495982109099092,0.788264199628335
0.501898181826201,0.788264199628335
0.503240228713838,0.788264199628335
0.49443943401915,0.788264199628335
0.497547251253194,0.788264199628335
0.504542049293142,0.788264199628335
0.496201954633553,0.788264199628335
0.508596922052279,0.788264199628335
0.491061076941193,0.788264199628335
0.495120154945721,0.788264199628335
0.50924769146528,0.788264199628335
0.494446260894678,0.788264199628335
0.50304472788276,0.788264199628335
0.498504251188491,0.788264199628335
0.490291611693044,0.788264199628335
0.498707232481335,0.788264199628335
0.506625496533065,0.788264199628335
0.495300743880338,0.788264199628335
0.506386452290617,0.788264199628335
0.486649019170097,0.788264199628335
0.493645754456391,0.788264199628335
0.502609982298754,0.788264199628335
0.499163876797547,0.788264199628335
0.496971980029873,0.788264199628335
0.495096838477989,0.788264199628335
0.496982000694158,0.788264199628335
0.499801335743825,0.788264199628335
0.494682079811596,0.788264199628335
0.495770632130823,0.788264199628335
0.497047177854603,0.788264199628335
0.502554970785667,0.788264199628335
0.499553491583283,0.788264199628335
0.504312255888739,0.788264199628335
0.498290301991658,0.788264199628335
0.501821557474898,0.788264199628335
0.499595069378333,0.788264199628335
0.494215528450597,0.788264199628335
0.493964938396462,0.788264199628335
0.500928081474494,0.788264199628335
0.498021608652149,0.788264199628335
0.499054282745662,0.788264199628335
0.503821922792268,0.788264199628335
0.492596646157403,0.788264199628335
0.502916966849027,0.788264199628335
0.503293312524636,0.788264199628335
0.498244617247489,0.788264199628335
0.502545733917525,0.788264199628335
0.496883595089079,0.788264199628335
0.504024271016269,0.788264199628335
0.501698183973411,0.788264199628335
0.499139359614868,0.788264199628335
0.500202891353445,0.788264199628335
0.497393148801924,0.788264199628335
0.495562472426158,0.788264199628335
0.495986600240915,0.788264199628335
0.490902997736574,0.788264199628335
0.492584088879244,0.788264199628335
0.492854767299258,0.788264199628335
0.496949460927709,0.788264199628335
0.498860767098336,0.788264199628335
0.496428438617602,0.788264199628335
0.500913714947005,0.788264199628335
0.493811390135939,0.788264199628335
0.497539606296858,0.788264199628335
0.497880135432305,0.788264199628335
0.504510111488176,0.788264199628335
0.498617872422129,0.788264199628335
0.504826092665257,0.788264199628335
0.496994587543713,0.788264199628335
0.502034446386895,0.788264199628335
0.509798269348839,0.788264199628335
0.496455456402478,0.788264199628335
0.49761276897328,0.788264199628335
0.501244245287926,0.788264199628335
0.499152721661566,0.788264199628335
0.4912993584647,0.788264199628335
0.503262093281375,0.788264199628335
0.500076862785304,0.788264199628335
0.500514682013535,0.788264199628335
0.495701855564028,0.788264199628335
0.489794384183602,0.788264199628335
0.506637060486707,0.788264199628335
0.492588958263312,0.788264199628335
0.500006188477732,0.788264199628335
0.495353178258458,0.788264199628335
0.496365583869521,0.788264199628335
0.499447169872657,0.788264199628335
0.49558482219116,0.788264199628335
0.495583905184791,0.788264199628335
0.49286906293135,0.788264199628335
0.49545986998881,0.788264199628335
0.497180034243695,0.788264199628335
0.500881182230391,0.788264199628335
0.500579635402382,0.788264199628335
0.487691168771337,0.788264199628335
0.493433784693973,0.788264199628335
0.497741723619549,0.788264199628335
0.482857103891594,0.788264199628335
0.502838867205289,0.788264199628335
0.493843699321174,0.788264199628335
0.494887856773994,0.788264199628335
0.502899221377272,0.788264199628335
0.494039474877782,0.788264199628335
0.494303412454251,0.788264199628335
0.49920069844611,0.788264199628335
0.498042291262728,0.788264199628335
0.496560045851665,0.788264199628335
0.505094742126887,0.788264199628335
0.499946278431234,0.788264199628335
0.495130047344098,0.788264199628335
0.494700317598993,0.788264199628335
0.501634872822953,0.788264199628335
0.493354495416493,0.788264199628335
0.497143540314791,0.788264199628335
0.494565232369079,0.788264199628335
0.501390932688296,0.788264199628335
0.496732185457287,0.788264199628335
0.493896545801701,0.788264199628335
0.493924294402541,0.788264199628335
0.495690442988662,0.788264199628335
0.507648102550865,0.788264199628335
0.496931288458813,0.788264199628335
0.50293753176081,0.788264199628335
0.498218175932607,0.788264199628335
0.49616103510508,0.788264199628335
0.508922199446807,0.788264199628335
0.492673781244825,0.788264199628335
0.500888066913925,0.788264199628335
0.493367520601994,0.788264199628335
0.495559405995643,0.788264199628335
0.50235209433701,0.788264199628335
0.49276649454119,0.788264199628335
0.496875841000725,0.788264199628335
0.502341506684287,0.788264199628335
0.501600505026523,0.788264199628335
0.493165423796378,0.788264199628335
0.500776600975103,0.788264199628335
0.500517701357518,0.788264199628335
0.489900271284974,0.788264199628335
0.499310614849531,0.788264199628335
0.49655230043136,0.788264199628335
0.495873083786976,0.788264199628335
0.49557688727265,0.788264199628335
0.506157868701659,0.788264199628335
0.497753291830427,0.788264199628335
0.506601031367828,0.788264199628335
0.493821789315198,0.788264199628335
0.497468486251004,0.788264199628335
0.500026026926108,0.788264199628335
0.48996795706479,0.788264199628335
0.493088351026867,0.788264199628335
0.506721293772971,0.788264199628335
0.491342007527149,0.788264199628335
0.499472855583621,0.788264199628335
0.497636565653758,0.788264199628335
0.504314382527109,0.788264199628335
0.500440995405276,0.788264199628335
0.500692721240567,0.788264199628335
0.504674860629899,0.788264199628335
0.486625232008194,0.788264199628335
0.499219283122378,0.788264199628335
0.492152289172355,0.788264199628335
0.502535430459511,0.788264199628335
0.490449724945923,0.788264199628335
0.500672927023286,0.788264199628335
0.50140293333412,0.788264199628335
0.494672472765533,0.788264199628335
0.511019056123895,0.788264199628335
0.486989399435623,0.788264199628335
0.494814905557728,0.788264199628335
0.50503557209134,0.788264199628335
0.501099731645117,0.788264199628335
0.496712908466305,0.788264199628335
0.506371398450687,0.788264199628335
0.499274788884575,0.788264199628335
0.494922407402519,0.788264199628335
0.503718419557714,0.788264199628335
0.502271367671556,0.788264199628335
0.498547828984941,0.788264199628335
0.502970268127615,0.788264199628335
0.498382351055612,0.788264199628335
0.503286581381576,0.788264199628335
0.505273954543494,0.788264199628335
0.499116153693491,0.788264199628335
0.503483386594883,0.788264199628335
0.497835745081004,0.788264199628335
0.503565710728525,0.788264199628335
0.49945651717712,0.788264199628335
0.488616904101088,0.788264199628335
0.496371886498958,0.788264199628335
0.496437255048274,0.788264199628335
0.507566705305442,0.788264199628335
0.502044297907589,0.788264199628335
0.501043125783603,0.788264199628335
0.501995775410141,0.788264199628335
0.497573412732861,0.788264199628335
0.500697848783411,0.788264199628335
0.500616741334001,0.788264199628335
0.492158800815873,0.788264199628335
0.49643484477078,0.788264199628335
0.498147411754685,0.788264199628335
0.500307881854137,0.788264199628335
0.498235015448416,0.788264199628335
0.501305909286656,0.788264199628335
0.500972766211503,0.788264199628335
0.496480225116074,0.788264199628335
0.49258123307933,0.788264199628335
0.497860709712454,0.788264199628335
0.496069187262622,0.788264199628335
0.494463413578889,0.788264199628335
0.49488998593776,0.788264199628335
0.497631011240264,0.788264199628335
0.501230522850139,0.788264199628335
0.50049607432703,0.788264199628335
0.502928920946827,0.788264199628335
0.495807629696435,0.788264199628335
0.50354673947037,0.788264199628335
0.499930212587099,0.788264199628335
0.502745882430721,0.788264199628335
0.504879683814539,0.788264199628335
0.5009615943058,0.788264199628335
0.50199522860207,0.788264199628335
0.500181397347648,0.788264199628335
0.4950754715037,0.788264199628335
0.496783931329817,0.788264199628335
0.488957867666297,0.788264199628335
0.50013939014192,0.788264199628335
0.493481636399923,0.788264199628335
0.505397086001025,0.788264199628335
0.502918294738024,0.788264199628335
0.496276021905833,0.788264199628335
0.500738693329125,0.788264199628335
0.496130229719076,0.788264199628335
0.50359281257604,0.788264199628335
0.495373211412159,0.788264199628335
0.503905030774138,0.788264199628335
0.505114561175462,0.788264199628335
0.495167592975615,0.788264199628335
0.505980770282793,0.788264199628335
0.502201529120114,0.788264199628335
0.489526248772044,0.788264199628335
0.493946413257098,0.788264199628335
0.500166862623016,0.788264199628335
0.493120676824899,0.788264199628335
0.492758020199623,0.788264199628335
0.499493989049994,0.788264199628335
0.500897527454392,0.788264199628335
0.494994864884303,0.788264199628335
0.495000809923603,0.788264199628335
0.498390602847325,0.788264199628335
0.498460666763194,0.788264199628335
0.498576147500033,0.788264199628335
0.502742890817209,0.788264199628335
0.507421515437405,0.788264199628335
0.495715625796478,0.788264199628335
0.492597479697846,0.788264199628335
0.498865943441739,0.788264199628335
0.502151945946348,0.788264199628335
0.48854646683055,0.788264199628335
0.50125598542782,0.788264199628335
0.498794765228047,0.788264199628335
0.493835697519386,0.788264199628335
0.489477525879756,0.788264199628335
0.491243723997138,0.788264199628335
0.502565033177117,0.788264199628335
0.496209834775521,0.788264199628335
0.510726312018154,0.788264199628335
0.495456759597283,0.788264199628335
0.500927148851668,0.788264199628335
0.497595346718591,0.788264199628335
0.496399439988781,0.788264199628335
0.49635343890889,0.788264199628335
0.501697600875963,0.788264199628335
0.492291607753911,0.788264199628335
0.50022220946377,0.788264199628335
0.500885594801712,0.788264199628335
0.510682953193145,0.788264199628335
0.49920991679401,0.788264199628335
0.504753971582718,0.788264199628335
0.493355272213408,0.788264199628335
0.497031836543022,0.788264199628335
0.505688021563094,0.788264199628335
0.489237778008214,0.788264199628335
0.498974562467452,0.788264199628335
0.501739595941186,0.788264199628335
0.499007205535135,0.788264199628335
0.499439036605477,0.788264199628335
0.493177078201458,0.788264199628335
0.496775704936096,0.788264199628335
0.508116719574017,0.788264199628335
0.498113735116428,0.788264199628335
0.496464924671371,0.788264199628335
0.503283995401436,0.788264199628335
0.498761781883084,0.788264199628335
0.505720219171802,0.788264199628335
0.498716851343353,0.788264199628335
0.498515862184614,0.788264199628335
0.505422023705529,0.788264199628335
0.497867225476452,0.788264199628335
0.4938597424562,0.788264199628335
0.49893021736559,0.788264199628335
0.50542327973192,0.788264199628335
0.494672995636074,0.788264199628335
0.507620435336271,0.788264199628335
0.497231111059781,0.788264199628335
0.500206421072068,0.788264199628335
0.49797729592458,0.788264199628335
0.498300313173336,0.788264199628335
0.504246046842695,0.788264199628335
0.504897462105628,0.788264199628335
0.50059189605368,0.788264199628335
0.501997099337014,0.788264199628335
0.498646744709139,0.788264199628335
0.500633836950989,0.788264199628335
0.497130779354044,0.788264199628335
0.495830505842482,0.788264199628335
0.5036339161474,0.788264199628335
0.503967480951457,0.788264199628335
0.492892546459919,0.788264199628335
0.497741958150137,0.788264199628335
0.493968758456113,0.788264199628335
0.503125726176415,0.788264199628335
0.494409866934822,0.788264199628335
0.50095396907458,0.788264199628335
0.503276371689002,0.788264199628335
0.502745150718359,0.788264199628335
0.507697303904685,0.788264199628335
0.503435750052954,0.788264199628335
0.500434295900993,0.788264199628335
0.497206086297277,0.788264199628335
0.502605882661133,0.788264199628335
0.508211635127436,0.788264199628335
0.491287782532468,0.788264199628335
0.503310366666635,0.788264199628335
0.506429899600836,0.788264199628335
0.495570177787455,0.788264199628335
0.503155137875158,0.788264199628335
0.49835552777247,0.788264199628335
0.493188912282537,0.788264199628335
0.499494331398721,0.788264199628335
0.49881850668465,0.788264199628335
0.498585575118916,0.788264199628335
0.500423375694142,0.788264199628335
0.504929671318038,0.788264199628335
0.501842167652424,0.788264199628335
0.499703404150668,0.788264199628335
0.497318690915393,0.788264199628335
0.496519849285732,0.788264199628335
0.50494539058056,0.788264199628335
0.498098838117072,0.788264199628335
0.491889186021287,0.788264199628335
0.491169277144989,0.788264199628335
0.497003206309624,0.788264199628335
0.497593532603313,0.788264199628335
0.497509174359604,0.788264199628335
0.494444259333387,0.788264199628335
0.496009892415621,0.788264199628335
0.493846061048299,0.788264199628335
0.499324639583275,0.788264199628335
0.49695815575005,0.788264199628335
0.511906890267591,0.788264199628335
0.492729104281227,0.788264199628335
0.491625784428927,0.788264199628335
0.494600301750724,0.788264199628335
0.505753791412208,0.788264199628335
0.497834738505557,0.788264199628335
0.503541884955701,0.788264199628335
0.508424775236673,0.788264199628335
0.499114405467881,0.788264199628335
0.501200845941128,0.788264199628335
0.499015412875653,0.788264199628335
0.497791093143435,0.788264199628335
0.502576968660587,0.788264199628335
0.502391832763022,0.788264199628335
0.498439966667657,0.788264199628335
0.492709932037754,0.788264199628335
0.492093670550534,0.788264199628335
0.494044480388482,0.788264199628335
0.494462999718736,0.788264199628335
0.49851670181721,0.788264199628335
0.505125800893695,0.788264199628335
0.501758930734017,0.788264199628335
0.500646055539151,0.788264199628335
0.491681138997252,0.788264199628335
0.500362697030004,0.788264199628335
0.512178006860342,0.788264199628335
0.500722879881472,0.788264199628335
0.486830384625845,0.788264199628335
0.48928976805122,0.788264199628335
0.498480292569627,0.788264199628335
0.50180623402052,0.788264199628335
0.501867531237867,0.788264199628335
0.496785713059134,0.788264199628335
0.495056840345567,0.788264199628335
0.505524036941465,0.788264199628335
0.498007927046126,0.788264199628335
0.506636144212033,0.788264199628335
0.499244245205375,0.788264199628335
0.49241395404919,0.788264199628335
0.48814796645653,0.788264199628335
0.500061886817369,0.788264199628335
0.499138427512,0.788264199628335
0.503601703441438,0.788264199628335
0.498174708122404,0.788264199628335
0.500764112442734,0.788264199628335
0.495102967893009,0.788264199628335
0.497835883863515,0.788264199628335
0.503936497834996,0.788264199628335
0.492092947213636,0.788264199628335
0.504059600052791,0.788264199628335
0.497624923722403,0.788264199628335
0.502356635043388,0.788264199628335
0.490312634128864,0.788264199628335
0.499434736523756,0.788264199628335
0.502283856237136,0.788264199628335
0.50777091873732,0.788264199628335
0.494299912649305,0.788264199628335
0.501582006790021,0.788264199628335
0.508460789611561,0.788264199628335
0.492100134898349,0.788264199628335
0.492481357364876,0.788264199628335
0.510386931832928,0.788264199628335
0.5041826316557,0.788264199628335
0.50404935946637,0.788264199628335
0.491279873638829,0.788264199628335
0.504691279476012,0.788264199628335
0.496432636765878,0.788264199628335
0.497139911725798,0.788264199628335
0.498512596454633,0.788264199628335
0.504734154572731,0.788264199628335
0.510233513229301,0.788264199628335
0.494290168975597,0.788264199628335
0.503542820974198,0.788264199628335
0.502878166062807,0.788264199628335
0.500882628256311,0.788264199628335
0.493613544324196,0.788264199628335
0.506946197336115,0.788264199628335
0.497476865173811,0.788264199628335
0.495198497737115,0.788264199628335
0.504212689428946,0.788264199628335
0.493408858163886,0.788264199628335
0.495926614701489,0.788264199628335
0.494782271150172,0.788264199628335
0.488433106806385,0.788264199628335
0.499380244169914,0.788264199628335
0.496660045713221,0.788264199628335
0.505602744947243,0.788264199628335
0.511324905099976,0.788264199628335
0.496147532268844,0.788264199628335
0.490053783185006,0.788264199628335
0.502146207969723,0.788264199628335
0.489993945492018,0.788264199628335
0.507451466778728,0.788264199628335
0.495722420074228,0.788264199628335
0.504535880637432,0.788264199628335
0.499285827236152,0.788264199628335
0.502187044639746,0.788264199628335
0.504475928953423,0.788264199628335
0.502399724487225,0.788264199628335
0.498892535851973,0.788264199628335
0.492687014223178,0.788264199628335
0.495936869742909,0.788264199628335
0.502854098071142,0.788264199628335
0.498159753061302,0.788264199628335
0.50107788306132,0.788264199628335
0.498569005724641,0.788264199628335
0.509778654991584,0.788264199628335
0.498277161519987,0.788264199628335
0.495604802055638,0.788264199628335
0.494193803588293,0.788264199628335
0.499962560032657,0.788264199628335
0.491989592392962,0.788264199628335
0.493661778178435,0.788264199628335
0.500002002526899,0.788264199628335
0.498462823009841,0.788264199628335
0.493517402332126,0.788264199628335
0.504556263886308,0.788264199628335
0.501070533812659,0.788264199628335
0.499268473595382,0.788264199628335
0.496082671884575,0.788264199628335
0.497395163406195,0.788264199628335
0.494519354595227,0.788264199628335
0.492698069393976,0.788264199628335
0.507157650758892,0.788264199628335
0.500222276806886,0.788264199628335
0.502572124705803,0.788264199628335
0.499406082353842,0.788264199628335
0.501890790799514,0.788264199628335
0.496068767115232,0.788264199628335
0.502573096058266,0.788264199628335
0.501164179632196,0.788264199628335
0.499568957861127,0.788264199628335
0.495267710235863,0.788264199628335
0.494501646124834,0.788264199628335
0.498457151348656,0.788264199628335
0.504923576956197,0.788264199628335
0.502223604254878,0.788264199628335
0.501738968549045,0.788264199628335
0.496313323165486,0.788264199628335
0.494053438573158,0.788264199628335
0.498624346649069,0.788264199628335
0.499840660667525,0.788264199628335
0.496648675496077,0.788264199628335
0.506367242988817,0.788264199628335
0.498067024794401,0.788264199628335
0.494225542391268,0.788264199628335
0.490927505759365,0.788264199628335
0.495779095113674,0.788264199628335
0.493842573518168,0.788264199628335
0.502378124827007,0.788264199628335
0.497529670151885,0.788264199628335
0.501421719241513,0.788264199628335
0.496615505748218,0.788264199628335
0.500877358831056,0.788264199628335
0.501856590122004,0.788264199628335
0.496018975771189,0.788264199628335
0.494648456111595,0.788264199628335
0.501204632862929,0.788264199628335
0.49939255029619,0.788264199628335
0.500137396677587,0.788264199628335
0.50176223819465,0.788264199628335
0.498228144808269,0.788264199628335
0.488532343479571,0.788264199628335
0.504080206223708,0.788264199628335
0.496397335642704,0.788264199628335
0.49385980467015,0.788264199628335
0.500258885049148,0.788264199628335
0.495358957124014,0.788264199628335
0.499727164154321,0.788264199628335
0.505365184054408,0.788264199628335
0.497887632767511,0.788264199628335
0.50249919024344,0.788264199628335
0.494848729981864,0.788264199628335
0.502676812168945,0.788264199628335
0.495858341296133,0.788264199628335
0.499721343311773,0.788264199628335
0.502484942559921,0.788264199628335
0.500532908905311,0.788264199628335
0.493237434476719,0.788264199628335
0.500895351818417,0.788264199628335
0.499015527314881,0.788264199628335
0.492441597240697,0.788264199628335
0.4960641153197,0.788264199628335
0.487770673789817,0.788264199628335
0.498375138671708,0.788264199628335
0.508772031772303,0.788264199628335
0.497244712259161,0.788264199628335
0.501117590380916,0.788264199628335
0.494118489224558,0.788264199628335
0.49934460534642,0.788264199628335
0.497686131826378,0.788264199628335
0.501118218780881,0.788264199628335
0.499232301222778,0.788264199628335
0.497916445623668,0.788264199628335
0.50040416932571,0.788264199628335
0.50230089023888,0.788264199628335
0.493738124725194,0.788264199628335
0.498164419986116,0.788264199628335
0.493840116461415,0.788264199628335
0.50168496449137,0.788264199628335
0.508899241521076,0.788264199628335
0.492804842629578,0.788264199628335
0.499137572194913,0.788264199628335
0.503300585939315,0.788264199628335
0.501028783159661,0.788264199628335
0.499588440370716,0.788264199628335
0.497744048341329,0.788264199628335
0.497992507856284,0.788264199628335
0.509842934495469,0.788264199628335
0.505968551417554,0.788264199628335
0.489426856172033,0.788264199628335
0.496056154489396,0.788264199628335
0.497070530025069,0.788264199628335
0.500532153650798,0.788264199628335
0.49814513447698,0.788264199628335
0.500647925817308,0.788264199628335
0.496473805297934,0.788264199628335
0.489668270621977,0.788264199628335
0.506196818215818,0.788264199628335
0.491910176219911,0.788264199628335
0.502861477427897,0.788264199628335
0.506215681461608,0.788264199628335
0.500105524614921,0.788264199628335
0.494327475593899,0.788264199628335
0.499604501748389,0.788264199628335
0.495142621819684,0.788264199628335
0.49389691371785,0.788264199628335
0.499492680266317,0.788264199628335
0.506521886046432,0.788264199628335
0.50104375665417,0.788264199628335
0.49938863370063,0.788264199628335
0.495313470297115,0.788264199628335
0.503537570836012,0.788264199628335
0.49694411411612,0.788264199628335
0.493556549087696,0.788264199628335
0.493260199799903,0.788264199628335
0.502573206098869,0.788264199628335
0.490151369973507,0.788264199628335
0.498859273647769,0.788264199628335
0.49820938901996,0.788264199628335
0.50099666360733,0.788264199628335
0.499457552592454,0.788264199628335
0.501696679958556,0.788264199628335
0.49605917071287,0.788264199628335
0.49949255213808,0.788264199628335
0.496950463982241,0.788264199628335
0.491709217530719,0.788264199628335
0.495381802533869,0.788264199628335
0.503226397126906,0.788264199628335
0.50519035354917,0.788264199628335
0.495809724979052,0.788264199628335
0.495281989648323,0.788264199628335
0.492138226503793,0.788264199628335
0.499435479963372,0.788264199628335
0.50035690243985,0.788264199628335
0.498756307931342,0.788264199628335
0.500584740109895,0.788264199628335
0.494459242946239,0.788264199628335
0.491509819383463,0.788264199628335
0.503832607481361,0.788264199628335
0.505195725792732,0.788264199628335
0.500144366888729,0.788264199628335
0.505064735714958,0.788264199628335
0.496231774043769,0.788264199628335
0.505478777721765,0.788264199628335
0.495640718646916,0.788264199628335
0.500917403917769,0.788264199628335
0.507489996600451,0.788264199628335
0.498064617678326,0.788264199628335
0.502531304751398,0.788264199628335
0.5004077437173,0.788264199628335
0.503230765865218,0.788264199628335
0.50276009102282,0.788264199628335
0.502326617352389,0.788264199628335
0.498601552267236,0.788264199628335
0.501253430688102,0.788264199628335
0.50379493860487,0.788264199628335
0.499721338025462,0.788264199628335
0.501460121434633,0.788264199628335
0.502788819640357,0.788264199628335
0.500064839944612,0.788264199628335
0.495644955884579,0.788264199628335
0.497028066772304,0.788264199628335
0.497816979384327,0.788264199628335
0.496614678064244,0.788264199628335
0.500475396002037,0.788264199628335
0.497361831200124,0.788264199628335
0.499217043839816,0.788264199628335
0.496635424004726,0.788264199628335
0.488916524510813,0.788264199628335
0.498297041239435,0.788264199628335
0.503568965361468,0.788264199628335
0.498576347234956,0.788264199628335
0.506595357278491,0.788264199628335
0.498987390924022,0.788264199628335
0.499299007369203,0.788264199628335
0.493576743221867,0.788264199628335
0.505413349134559,0.788264199628335
0.492564415968333,0.788264199628335
0.49766766408963,0.788264199628335
0.50987984715101,0.788264199628335
0.503415078247535,0.788264199628335
0.499759819155869,0.788264199628335
0.495965657612295,0.788264199628335
0.492402031402325,0.788264199628335
0.491110734885098,0.788264199628335
0.50059984620604,0.788264199628335
0.498241365893773,0.788264199628335
0.503811753223758,0.788264199628335
0.493694343757528,0.788264199628335
0.497169119478065,0.788264199628335
0.509545010435398,0.788264199628335
0.502400353443365,0.788264199628335
0.506074193635794,0.788264199628335
0.493579429071207,0.788264199628335
0.487969428111801,0.788264199628335
0.501879793002927,0.788264199628335
0.497630201366237,0.788264199628335
0.500028610692404,0.788264199628335
0.505145811334477,0.788264199628335
0.506787662112831,0.788264199628335
0.496018911715712,0.788264199628335
0.501227190854775,0.788264199628335
0.49825373560952,0.788264199628335
0.496764121981075,0.788264199628335
0.50682424070104,0.788264199628335
0.496254604161615,0.788264199628335
0.493189224291651,0.788264199628335
0.498520837835283,0.788264199628335
0.495503493555418,0.788264199628335
0.495906570143918,0.788264199628335
0.494613524321094,0.788264199628335
0.499471217033682,0.788264199628335
0.505726611726595,0.788264199628335
0.504798626919297,0.788264199628335
0.494536505304288,0.788264199628335
0.49872007824107,0.788264199628335
0.493398447033116,0.788264199628335
0.490535676835796,0.788264199628335
0.499859501081405,0.788264199628335
0.496090702632341,0.788264199628335
0.502496507032526,0.788264199628335
0.498113836932753,0.788264199628335
0.499237326808275,0.788264199628335
0.491313385690344,0.788264199628335
0.503371985981071,0.788264199628335
0.495280043443893,0.788264199628335
0.509149121607564,0.788264199628335
0.491860223682644,0.788264199628335
0.500888763034767,0.788264199628335
0.496900637098296,0.788264199628335
0.507194134105509,0.788264199628335
0.497792814833936,0.788264199628335
0.493138742606077,0.788264199628335
0.494598743269725,0.788264199628335
0.505864152256293,0.788264199628335
0.500785478775684,0.788264199628335
0.497509477680083,0.788264199628335
0.500993145861606,0.788264199628335
0.493493494345209,0.788264199628335
0.498301906394517,0.788264199628335
0.494137878081349,0.788264199628335
0.495669714141097,0.788264199628335
0.500716624277723,0.788264199628335
0.505683015014426,0.788264199628335
0.500740003842925,0.788264199628335
0.500410674788903,0.788264199628335
0.501297375887607,0.788264199628335
0.504549473670003,0.788264199628335
0.498257509781356,0.788264199628335
0.490350020877092,0.788264199628335
0.501495751459013,0.788264199628335
0.490813153468213,0.788264199628335
0.499677289862379,0.788264199628335
0.489011503681194,0.788264199628335
0.500364165409075,0.788264199628335
0.495807731763176,0.788264199628335
0.494870123450165,0.788264199628335
0.5002401332357,0.788264199628335
0.503118613826548,0.788264199628335
0.501828940905519,0.788264199628335
0.503558391924802,0.788264199628335
0.497967273356839,0.788264199628335
0.497114800826826,0.788264199628335
0.497673947344018,0.788264199628335
0.502696681972858,0.788264199628335
0.500901533349775,0.788264199628335
0.50054651307781,0.788264199628335
0.503946307106395,0.788264199628335
0.496802090746086,0.788264199628335
0.502738735080928,0.788264199628335
0.500916175170559,0.788264199628335
0.49830442787968,0.788264199628335
0.496335176936013,0.788264199628335
0.493645058771829,0.788264199628335
0.503356055579034,0.788264199628335
0.495803932750621,0.788264199628335
0.498820894579929,0.788264199628335
0.499972986408946,0.788264199628335
0.494667548052771,0.788264199628335
0.491421767380658,0.788264199628335
0.498445142672962,0.788264199628335
0.50026258548018,0.788264199628335
0.497228620267677,0.788264199628335
0.482316339586226,0.788264199628335
0.49321977233935,0.788264199628335
0.492840239317577,0.788264199628335
0.503736272910851,0.788264199628335
0.501741047225131,0.788264199628335
0.497849831040183,0.788264199628335
0.499160602290408,0.788264199628335
0.5035650082869,0.788264199628335
0.492042217003958,0.788264199628335
0.498834530383016,0.788264199628335
0.499888176394361,0.788264199628335
0.501815073387801,0.788264199628335
0.500476673658813,0.788264199628335
0.505195259380842,0.788264199628335
0.503112610763275,0.788264199628335
0.507785122019586,0.788264199628335
0.497556054433639,0.788264199628335
0.499533464914953,0.788264199628335
0.497183560228825,0.788264199628335
0.495549642593097,0.788264199628335
0.503075166099296,0.788264199628335
0.50427102009809,0.788264199628335
0.495187077749368,0.788264199628335
0.49725972648662,0.788264199628335
0.496782067933755,0.788264199628335
0.494953877898454,0.788264199628335
0.501923841776623,0.788264199628335
0.497346000040011,0.788264199628335
0.49890482443176,0.788264199628335
0.497826026817053,0.788264199628335
0.494414139581207,0.788264199628335
0.487843436550494,0.788264199628335
0.495911950367314,0.788264199628335
0.492736617390402,0.788264199628335
0.495308981809217,0.788264199628335
0.502759073159587,0.788264199628335
0.497515256826034,0.788264199628335
0.499622649618433,0.788264199628335
0.490855823266807,0.788264199628335
0.504824979786173,0.788264199628335
0.495609665827283,0.788264199628335
0.492676143538159,0.788264199628335
0.499960407112279,0.788264199628335
0.498129249649456,0.788264199628335
0.500848486268263,0.788264199628335
0.504522219308377,0.788264199628335
0.494719379665343,0.788264199628335
0.500293674463381,0.788264199628335
0.507434659978914,0.788264199628335
0.495740369576451,0.788264199628335
0.496330613258913,0.788264199628335
0.498856823516022,0.788264199628335
0.491985068730914,0.788264199628335
0.494462464718083,0.788264199628335
0.493249053671649,0.788264199628335
0.497978872605498,0.788264199628335
0.496863479614594,0.788264199628335
0.497223185497892,0.788264199628335
0.493067099777301,0.788264199628335
0.503653301315175,0.788264199628335
0.491515230995434,0.788264199628335
0.492709966743366,0.788264199628335
0.493791845505555,0.788264199628335
0.49032490056801,0.788264199628335
0.494189295089537,0.788264199628335
0.498295287219807,0.788264199628335
0.491877464727629,0.788264199628335
0.498376917399217,0.788264199628335
0.498092600263235,0.788264199628335
0.498676991450545,0.788264199628335
0.50177062695548,0.788264199628335
0.493431952402069,0.788264199628335
0.502320305650747,0.788264199628335
0.504429378962205,0.788264199628335
0.502994964324017,0.788264199628335
0.497520710329584,0.788264199628335
0.497293582747231,0.788264199628335
0.500862438108376,0.788264199628335
0.499270294869761,0.788264199628335
0.493016526363073,0.788264199628335
0.499730975058009,0.788264199628335
0.500490984920395,0.788264199628335
0.496240739740943,0.788264199628335
0.491830682748005,0.788264199628335
0.498850462208339,0.788264199628335
0.498996434026861,0.788264199628335
0.498406340239694,0.788264199628335
0.49655574329779,0.788264199628335
0.495435410872047,0.788264199628335
0.501965106075222,0.788264199628335
0.499402580309267,0.788264199628335
0.498839891241965,0.788264199628335
0.494101500071589,0.788264199628335
0.492830341795351,0.788264199628335
0.490260248861258,0.788264199628335
0.494443691727049,0.788264199628335
0.498560881357865,0.788264199628335
0.500361996010357,0.788264199628335
0.498326838104067,0.788264199628335
0.495009140306243,0.788264199628335
0.503354015782126,0.788264199628335
0.492313292321356,0.788264199628335
0.492306777188591,0.788264199628335
0.502826917821791,0.788264199628335
0.507664849586973,0.788264199628335
0.491946928769889,0.788264199628335
0.491780651666518,0.788264199628335
0.498201161663982,0.788264199628335
0.497387870900933,0.788264199628335
0.493160004344859,0.788264199628335
0.501947447291871,0.788264199628335
0.501482767862521,0.788264199628335
0.506675829901374,0.788264199628335
0.495486818077448,0.788264199628335
0.492589275305864,0.788264199628335
0.500113328704629,0.788264199628335
0.498310088307301,0.788264199628335
0.500489517209708,0.788264199628335
0.498098485113606,0.788264199628335
0.502517931438081,0.788264199628335
0.49825149755157,0.788264199628335
0.493029647177184,0.788264199628335
0.500230649334926,0.788264199628335
0.495778943519746,0.788264199628335
0.498376688970946,0.788264199628335
0.498509084140642,0.788264199628335
0.496527132891876,0.788264199628335
0.501910107132568,0.788264199628335
0.502491431418967,0.788264199628335
0.503234114100786,0.788264199628335
0.49083454736049,0.788264199628335
0.498904779808703,0.788264199628335
0.504007360871779,0.788264199628335
0.489585324999856,0.788264199628335
0.501292666667605,0.788264199628335
0.500463873032815,0.788264199628335
0.495230435766485,0.788264199628335
0.506602922150952,0.788264199628335
0.501150841182273,0.788264199628335
0.497868563380548,0.788264199628335
0.492076525976959,0.788264199628335
0.494413811985423,0.788264199628335
0.50097981314312,0.788264199628335
0.500779431623169,0.788264199628335
0.501804965999871,0.788264199628335
0.501731306422367,0.788264199628335
0.491799972454567,0.788264199628335
0.494566415944336,0.788264199628335
0.499042318280648,0.788264199628335
0.493952006657406,0.788264199628335
0.508073626095014,0.788264199628335
0.495943308489694,0.788264199628335
0.494593711114572,0.788264199628335
0.499035629128737,0.788264199628335
0.507716510303759,0.788264199628335
0.492986130043254,0.788264199628335
0.499944774667758,0.788264199628335
0.496135352726748,0.788264199628335
0.50080626864677,0.788264199628335
0.492450930916798,0.788264199628335
0.489568279022029,0.788264199628335
0.487018369443464,0.788264199628335
0.508279117041671,0.788264199628335
0.493379305972014,0.788264199628335
0.503543395026653,0.788264199628335
0.504233869923614,0.788264199628335
0.501201791390208,0.788264199628335
0.496023400943302,0.788264199628335
0.501046794950128,0.788264199628335
0.494676827946637,0.788264199628335
0.503901022117699,0.788264199628335
0.503667458002722,0.788264199628335
0.508630383205063,0.788264199628335
0.499175741897679,0.788264199628335
0.495789660141183,0.788264199628335
0.497406236578898,0.788264199628335
0.489452805142167,0.788264199628335
0.498144231547376,0.788264199628335
0.5000415609651,0.788264199628335
0.489819543521953,0.788264199628335
0.50211203364716,0.788264199628335
0.495953183527796,0.788264199628335
0.494059234311991,0.788264199628335
0.492244978410514,0.788264199628335
0.506104387842961,0.788264199628335
0.4982727193717,0.788264199628335
0.503205614168231,0.788264199628335
0.503393016995621,0.788264199628335
0.50072402053452,0.788264199628335
0.496118102370649,0.788264199628335
0.491075361559763,0.788264199628335
0.500204518855944,0.788264199628335
0.494251570864253,0.788264199628335
0.49428400964497,0.788264199628335
0.499504539949005,0.788264199628335
0.503696703952359,0.788264199628335
0.493771824363612,0.788264199628335
0.495836267832321,0.788264199628335
0.500122120469359,0.788264199628335
0.500899667355258,0.788264199628335
0.493976435483607,0.788264199628335
0.495249621066906,0.788264199628335
0.49067125584647,0.788264199628335
0.495078184147093,0.788264199628335
0.497835604960652,0.788264199628335
0.494133606559492,0.788264199628335
0.497057838902883,0.788264199628335
0.497670935977976,0.788264199628335
0.490678453708424,0.788264199628335
0.501224404280822,0.788264199628335
0.502934936701468,0.788264199628335
0.505119815871892,0.788264199628335
0.491935641325709,0.788264199628335
0.500821647497356,0.788264199628335
0.499465844532472,0.788264199628335
0.502801700798576,0.788264199628335
0.500430259045268,0.788264199628335
0.499108452745903,0.788264199628335
0.502591033018665,0.788264199628335
0.495317976435617,0.788264199628335
0.496139461036698,0.788264199628335
0.495505600643781,0.788264199628335
0.498774268090947,0.788264199628335
0.497363933118288,0.788264199628335
0.490906014258444,0.788264199628335
0.498263513307972,0.788264199628335
0.50865602672524,0.788264199628335
0.498552594484464,0.788264199628335
0.494722724709899,0.788264199628335
0.502737424889517,0.788264199628335
0.496764779509581,0.788264199628335
0.493132396523313,0.788264199628335
0.495708997082012,0.788264199628335
0.492373904077676,0.788264199628335
0.500680292213978,0.788264199628335
0.491411781395383,0.788264199628335
0.500487220394156,0.788264199628335
0.494845086024216,0.788264199628335
0.504341779295924,0.788264199628335
0.497495856249451,0.788264199628335
0.504924764315396,0.788264199628335
0.503601346746585,0.788264199628335
0.498370317148847,0.788264199628335
0.505022899526745,0.788264199628335
0.493995015983876,0.788264199628335
0.500026869168719,0.788264199628335
0.495475606728058,0.788264199628335
0.494209080333961,0.788264199628335
0.504592836165898,0.788264199628335
0.502211679065105,0.788264199628335
0.498632737002658,0.788264199628335
0.491207775664114,0.788264199628335
0.496788447549558,0.788264199628335
0.492029977989034,0.788264199628335
0.492424867836451,0.788264199628335
0.505109691399119,0.788264199628335
0.501357268082964,0.788264199628335
0.492240280275709,0.788264199628335
0.496875831908423,0.788264199628335
0.488831457243579,0.788264199628335
0.49275123921044,0.788264199628335
0.498623352187023,0.788264199628335
0.497672364238693,0.788264199628335
0.49802097751983,0.788264199628335
0.501946517533548,0.788264199628335
0.491887744556101,0.788264199628335
0.495685584983122,0.788264199628335
0.499005466682234,0.788264199628335
0.499049839795952,0.788264199628335
0.49718155691346,0.788264199628335
0.49286964400991,0.788264199628335
0.499814505277267,0.788264199628335
0.482224765070848,0.788264199628335
0.499572345541126,0.788264199628335
0.504884652859845,0.788264199628335
0.498954709094708,0.788264199628335
0.500320470413103,0.788264199628335
0.491598518406835,0.788264199628335
0.494842676884281,0.788264199628335
0.502776340280269,0.788264199628335
0.503543989034379,0.788264199628335
0.507108000145112,0.788264199628335
0.494412995980613,0.788264199628335
0.494261409059503,0.788264199628335
0.502948323627495,0.788264199628335
0.503445656253768,0.788264199628335
0.508111448521436,0.788264199628335
0.511239295907535,0.788264199628335
0.488338023761767,0.788264199628335
0.497561144382807,0.788264199628335
0.50317572768376,0.788264199628335
0.500818926807715,0.788264199628335
0.500410548035935,0.788264199628335
0.494918651727672,0.788264199628335
0.497504929850551,0.788264199628335
0.500854456443727,0.788264199628335
0.500536242481568,0.788264199628335
0.496136685590131,0.788264199628335
0.494662075130374,0.788264199628335
0.497838755052899,0.788264199628335
0.496601591760068,0.788264199628335
0.500670588782136,0.788264199628335
0.503327305946236,0.788264199628335
0.498584922673651,0.788264199628335
0.493024108391842,0.788264199628335
0.500388447996286,0.788264199628335
0.499636477594976,0.788264199628335
0.492928776731183,0.788264199628335
0.496527662544655,0.788264199628335
0.504259371704473,0.788264199628335
0.50135091386286,0.788264199628335
0.500958898340391,0.788264199628335
0.493645115543635,0.788264199628335
0.498694532018986,0.788264199628335
0.500060890534809,0.788264199628335
0.496642197800283,0.788264199628335
0.50216073413115,0.788264199628335
0.498292983964041,0.788264199628335
0.501003339130061,0.788264199628335
0.496498070106496,0.788264199628335
0.503595181875825,0.788264199628335
0.493150084063201,0.788264199628335
0.494046628763541,0.788264199628335
0.492798307741299,0.788264199628335
0.497226621470129,0.788264199628335
0.487216054321861,0.788264199628335
0.488401245770462,0.788264199628335
0.498733265106367,0.788264199628335
0.494357943323935,0.788264199628335
0.495515269826609,0.788264199628335
0.493788436262779,0.788264199628335
0.500212174344929,0.788264199628335
0.501076037271558,0.788264199628335
0.494875528887065,0.788264199628335
0.495573353211615,0.788264199628335
0.497463692767339,0.788264199628335
0.502997308157241,0.788264199628335
0.491311451345174,0.788264199628335
0.501054547635021,0.788264199628335
0.494061434887079,0.788264199628335
0.507986122137964,0.788264199628335
0.502487964680616,0.788264199628335
0.498629417352902,0.788264199628335
0.502960124921829,0.788264199628335
0.49985305218451,0.788264199628335
0.4920504560282,0.788264199628335
0.503538247313359,0.788264199628335
0.496487294775579,0.788264199628335
0.497521295485991,0.788264199628335
0.497167772644285,0.788264199628335
0.496677117682186,0.788264199628335
0.500776794999163,0.788264199628335
0.499942760452969,0.788264199628335
0.491467433229139,0.788264199628335
0.494492996466949,0.788264199628335
0.493497015126682,0.788264199628335
0.491575488126199,0.788264199628335
0.500489187184974,0.788264199628335
0.493020258323341,0.788264199628335
0.49983147418812,0.788264199628335
0.502238447300364,0.788264199628335
0.503220537289294,0.788264199628335
0.493061968240674,0.788264199628335
0.490493969990412,0.788264199628335
0.496605226469147,0.788264199628335
0.502087516924162,0.788264199628335
0.493138824215359,0.788264199628335
0.497123551334013,0.788264199628335
0.499331967631897,0.788264199628335
0.501004813588911,0.788264199628335
0.507607552161284,0.788264199628335
0.501745960272011,0.788264199628335
0.499338814313104,0.788264199628335
0.501379809222688,0.788264199628335
0.502018580408109,0.788264199628335
0.505124288268048,0.788264199628335
0.499276394869093,0.788264199628335
0.488964080713366,0.788264199628335
0.498643590654666,0.788264199628335
0.503934428582775,0.788264199628335
0.49514581681539,0.788264199628335
0.492114817912198,0.788264199628335
0.502062793783417,0.788264199628335
0.502804852620901,0.788264199628335
0.494815259672152,0.788264199628335
0.497261477507686,0.788264199628335
0.50052036046795,0.788264199628335
0.499053094116781,0.788264199628335
0.493769691497154,0.788264199628335
0.492337937389642,0.788264199628335
0.498472538869961,0.788264199628335
0.49474274978405,0.788264199628335
0.503567716441385,0.788264199628335
0.501474377942935,0.788264199628335
0.498227486013727,0.788264199628335
0.49852949781465,0.788264199628335
0.501079572571904,0.788264199628335
0.497427190378965,0.788264199628335
0.505690600065891,0.788264199628335
0.505908012450606,0.788264199628335
0.502848908566695,0.788264199628335
0.507954510277627,0.788264199628335
0.496533041690216,0.788264199628335
0.504555226029982,0.788264199628335
0.500751139804989,0.788264199628335
0.497605617372333,0.788264199628335
0.493560321082785,0.788264199628335
0.507664762641212,0.788264199628335
0.50243571483824,0.788264199628335
0.500089924785505,0.788264199628335
0.495267276122896,0.788264199628335
0.50334675767394,0.788264199628335
0.491608682710546,0.788264199628335
0.492870164456553,0.788264199628335
0.500017712805166,0.788264199628335
0.50936603107527,0.788264199628335
0.507717176040341,0.788264199628335
0.493869145248776,0.788264199628335
0.503460417347099,0.788264199628335
0.49474879437191,0.788264199628335
0.49583062098214,0.788264199628335
0.501426348739545,0.788264199628335
0.505638224714508,0.788264199628335
0.495948092108327,0.788264199628335
0.501809158101464,0.788264199628335
0.491619966950084,0.788264199628335
0.494308856205088,0.788264199628335
0.496882810249904,0.788264199628335
0.498964237611806,0.788264199628335
0.49411482567673,0.788264199628335
0.497289019090541,0.788264199628335
0.501732439555192,0.788264199628335
0.501663198288647,0.788264199628335
0.499997334112753,0.788264199628335
0.496437403935594,0.788264199628335
0.503294098140189,0.788264199628335
0.490935497077544,0.788264199628335
0.494410890527667,0.788264199628335
0.497465454609165,0.788264199628335
0.493055424324644,0.788264199628335
0.49369961676428,0.788264199628335
0.496324530395179,0.788264199628335
0.492617685414646,0.788264199628335
0.496511472705744,0.788264199628335
0.49389522763759,0.788264199628335
0.495813610254955,0.788264199628335
0.494814288721052,0.788264199628335
0.495466147707876,0.788264199628335
0.495966620417596,0.788264199628335
0.489641489571373,0.788264199628335
0.495758901407626,0.788264199628335
0.500826173762444,0.788264199628335
0.500746440642712,0.788264199628335
0.499253159650768,0.788264199628335
0.486619741369956,0.788264199628335
0.500412489293684,0.788264199628335
0.50217005975926,0.788264199628335
0.498887553826062,0.788264199628335
0.504196417893793,0.788264199628335
0.489419481801,0.788264199628335
0.502868803358283,0.788264199628335
0.499536799404183,0.788264199628335
0.496028155286484,0.788264199628335
0.499117118240462,0.788264199628335
0.49958531144319,0.788264199628335
0.500100282310214,0.788264199628335
0.505936269904638,0.788264199628335
0.494624396557272,0.788264199628335
0.492022207093621,0.788264199628335
0.49386530110713,0.788264199628335
0.494461828672834,0.788264199628335
0.498142097110822,0.788264199628335
0.493977468111039,0.788264199628335
0.506470111279566,0.788264199628335
0.504109814096025,0.788264199628335
0.498509217611628,0.788264199628335
0.501866611725243,0.788264199628335
0.497329128166331,0.788264199628335
0.498351882581751,0.788264199628335
0.492317458707597,0.788264199628335
0.501550747997858,0.788264199628335
0.492715366966403,0.788264199628335
0.509003466982417,0.788264199628335
0.493738928640598,0.788264199628335
0.502501588473356,0.788264199628335
0.50305863857781,0.788264199628335
0.501941603733632,0.788264199628335
0.501674733842232,0.788264199628335
0.498293460772813,0.788264199628335
0.49697288541537,0.788264199628335
0.499715029061374,0.788264199628335
0.501812835771605,0.788264199628335
0.498814569567527,0.788264199628335
0.488784716647608,0.788264199628335
0.495422841107434,0.788264199628335
0.495460436556087,0.788264199628335
0.498322858216622,0.788264199628335
0.50693444487311,0.788264199628335
0.493510136789988,0.788264199628335
0.500062838789529,0.788264199628335
0.496829370644332,0.788264199628335
0.490368474475004,0.788264199628335
0.500956477916094,0.788264199628335
0.496611533818866,0.788264199628335
0.487128537064866,0.788264199628335
0.497907182799876,0.788264199628335
0.495978407325156,0.788264199628335
0.505879132476459,0.788264199628335
0.498376715149623,0.788264199628335
0.492178925737729,0.788264199628335
0.492958354107873,0.788264199628335
0.499531409331317,0.788264199628335
0.496339557677281,0.788264199628335
0.496795724092609,0.788264199628335
0.505536625697357,0.788264199628335
0.513738484546559,0.788264199628335
0.497810903557453,0.788264199628335
0.497402676036732,0.788264199628335
0.503175923151925,0.788264199628335
0.497133898415122,0.788264199628335
0.497456103310472,0.788264199628335
0.501338041214848,0.788264199628335
0.498638640735658,0.788264199628335
0.498277193093093,0.788264199628335
0.497719320436724,0.788264199628335
0.499419857768596,0.788264199628335
0.495142949109533,0.788264199628335
0.501928386328882,0.788264199628335
0.500069666366855,0.788264199628335
0.500985233229413,0.788264199628335
0.496471338239491,0.788264199628335
0.496889443139965,0.788264199628335
0.497761213457576,0.788264199628335
0.493795434436707,0.788264199628335
0.505051004679842,0.788264199628335
0.511138586798825,0.788264199628335
0.500055194396076,0.788264199628335
0.50170520128504,0.788264199628335
0.497310263866272,0.788264199628335
0.502091128928439,0.788264199628335
0.505104791623705,0.788264199628335
0.495634757382586,0.788264199628335
0.495410877629321,0.788264199628335
0.492376069061838,0.788264199628335
0.50642403472041,0.788264199628335
0.49622702706384,0.788264199628335
0.497749299930715,0.788264199628335
0.494146932156735,0.788264199628335
0.501222467795088,0.788264199628335
0.495957113057571,0.788264199628335
0.508025029186177,0.788264199628335
0.489359536057789,0.788264199628335
0.491486436760437,0.788264199628335
0.506654737124466,0.788264199628335
0.500742258713643,0.788264199628335
0.501532913525241,0.788264199628335
0.511861410732044,0.788264199628335
0.50107956356225,0.788264199628335
0.49950879185155,0.788264199628335
0.502457309666605,0.788264199628335
0.50173056005841,0.788264199628335
0.502116239487788,0.788264199628335
0.498034252460115,0.788264199628335
0.501237021479003,0.788264199628335
0.503356015707111,0.788264199628335
0.5002136214329,0.788264199628335
0.49926830462368,0.788264199628335
0.493624519091108,0.788264199628335
0.49667134594564,0.788264199628335
0.501882057922111,0.788264199628335
0.507077998804761,0.788264199628335
0.504623915625397,0.788264199628335
0.495977724132675,0.788264199628335
0.49694777391927,0.788264199628335
0.497959169189412,0.788264199628335
0.491306588794525,0.788264199628335
0.500563628816958,0.788264199628335
0.504071191642484,0.788264199628335
0.494715528560643,0.788264199628335
0.505208744009649,0.788264199628335
0.494335426460397,0.788264199628335
0.491941907576647,0.788264199628335
0.499792057652233,0.788264199628335
0.508265122053401,0.788264199628335
0.502945109850141,0.788264199628335
0.501065994704863,0.788264199628335
0.498034711564858,0.788264199628335
0.507828539655601,0.788264199628335
0.501566881357475,0.788264199628335
0.494294992385591,0.788264199628335
0.497150362570321,0.788264199628335
0.504408896658788,0.788264199628335
0.497522852601343,0.788264199628335
0.500203111604222,0.788264199628335
0.496756838250551,0.788264199628335
0.499198312733935,0.788264199628335
0.495985494401661,0.788264199628335
0.503315637950311,0.788264199628335
0.495335294247638,0.788264199628335
0.505579918531262,0.788264199628335
0.498705810449372,0.788264199628335
0.497625400676189,0.788264199628335
0.503949589674792,0.788264199628335
0.50334422979026,0.788264199628335
0.501588777171197,0.788264199628335
0.500384782213078,0.788264199628335
0.503969717934871,0.788264199628335
0.499996653713585,0.788264199628335
0.494452671323512,0.788264199628335
0.498155449415071,0.788264199628335
0.503522332548873,0.788264199628335
0.487722944672762,0.788264199628335
0.502196777794331,0.788264199628335
0.490957052505527,0.788264199628335
0.491969745507481,0.788264199628335
0.50269624127994,0.788264199628335
0.509240905693019,0.788264199628335
0.501500625401166,0.788264199628335
0.494228547027387,0.788264199628335
0.496966958088758,0.788264199628335
0.499666346245655,0.788264199628335
0.501778699878058,0.788264199628335
0.506448902348134,0.788264199628335
0.494005651461981,0.788264199628335
0.507111564831269,0.788264199628335
0.497883411972266,0.788264199628335
0.503087375953014,0.788264199628335
0.496353739674659,0.788264199628335
0.503497763937459,0.788264199628335
0.502364546519527,0.788264199628335
0.492244089215558,0.788264199628335
0.491839783898604,0.788264199628335
0.494340302499361,0.788264199628335
0.494348241498655,0.788264199628335
0.511172700434728,0.788264199628335
0.495555795263231,0.788264199628335
0.4955880468673,0.788264199628335
0.486307728720452,0.788264199628335
0.501421109706329,0.788264199628335
0.501322640857314,0.788264199628335
0.494979116573562,0.788264199628335
0.498240506054917,0.788264199628335
0.503898459087038,0.788264199628335
0.497686491706882,0.788264199628335
0.506666549351766,0.788264199628335
0.493870373106319,0.788264199628335
0.503967010632672,0.788264199628335
0.503392732408699,0.788264199628335
0.49484411872646,0.788264199628335
0.498357981122145,0.788264199628335
0.500285369668142,0.788264199628335
0.501739890215959,0.788264199628335
0.501671694264311,0.788264199628335
0.493042378175917,0.788264199628335
0.499947358329891,0.788264199628335
0.501497798611582,0.788264199628335
0.498604408397855,0.788264199628335
0.512893009758995,0.788264199628335
0.487580707103446,0.788264199628335
0.494002380431141,0.788264199628335
0.491545900156736,0.788264199628335
0.499918780879884,0.788264199628335
0.489084349938077,0.788264199628335
0.496446842112309,0.788264199628335
0.496609173239788,0.788264199628335
0.503929887766052,0.788264199628335
0.506144852237182,0.788264199628335
0.50246753598263,0.788264199628335
0.49799507744528,0.788264199628335
0.493068808503011,0.788264199628335
0.500254279257305,0.788264199628335
0.507153350542252,0.788264199628335
0.493274309516746,0.788264199628335
0.488964756130484,0.788264199628335
0.50279502747386,0.788264199628335
0.49615420279253,0.788264199628335
0.501186541976479,0.788264199628335
0.494324557463709,0.788264199628335
0.501255614975689,0.788264199628335
0.497534637267962,0.788264199628335
0.496624486200509,0.788264199628335
0.502758626377053,0.788264199628335
0.500917122926974,0.788264199628335
0.508321563412781,0.788264199628335
0.491797999356371,0.788264199628335
0.500441440577311,0.788264199628335
0.496950251024272,0.788264199628335
0.498100608259802,0.788264199628335
0.492601674152908,0.788264199628335
0.505705062738923,0.788264199628335
0.494287042986559,0.788264199628335
0.500547630188978,0.788264199628335
0.498187247358665,0.788264199628335
0.501710559456936,0.788264199628335
0.497695661719183,0.788264199628335
0.503496135417931,0.788264199628335
0.500235532723829,0.788264199628335
0.501173944354818,0.788264199628335
0.499709046849808,0.788264199628335
0.499130750384585,0.788264199628335
0.488806599576739,0.788264199628335
0.494233061503765,0.788264199628335
0.50115768258691,0.788264199628335
0.501006647210708,0.788264199628335
0.501190298642612,0.788264199628335
0.500372509047125,0.788264199628335
0.496831286460502,0.788264199628335
0.508801010163484,0.788264199628335
0.501663520178178,0.788264199628335
0.492171368461116,0.788264199628335
0.498656478010024,0.788264199628335
0.489497098677854,0.788264199628335
0.491479883373414,0.788264199628335
0.492122706742787,0.788264199628335
0.494092299190354,0.788264199628335
0.490989047845538,0.788264199628335
0.498218719119809,0.788264199628335
0.499784557624306,0.788264199628335
0.501972750657091,0.788264199628335
0.504398436062959,0.788264199628335
0.500199261455289,0.788264199628335
0.49211413817756,0.788264199628335
0.500655698992637,0.788264199628335
0.499630657291967,0.788264199628335
0.504225457398853,0.788264199628335
0.505572158992146,0.788264199628335
0.49686880911977,0.788264199628335
0.497828042298045,0.788264199628335
0.490473364131397,0.788264199628335
0.493756056275845,0.788264199628335
0.488709136003245,0.788264199628335
0.501564176032029,0.788264199628335
0.494164624210108,0.788264199628335
0.496230610473277,0.788264199628335
0.487070536051795,0.788264199628335
0.496210254964685,0.788264199628335
0.494764487888465,0.788264199628335
0.502640812274424,0.788264199628335
0.499265211938408,0.788264199628335
0.505454565990044,0.788264199628335
0.503017295031636,0.788264199628335
0.499074639056527,0.788264199628335
0.499135997758785,0.788264199628335
0.498548007591995,0.788264199628335
0.503429323764453,0.788264199628335
0.495647843231486,0.788264199628335
0.502059618404325,0.788264199628335
0.494063950398713,0.788264199628335
0.494627042636234,0.788264199628335
0.499220624292055,0.788264199628335
0.492974651980813,0.788264199628335
0.496599667790092,0.788264199628335
0.500137932386433,0.788264199628335
0.50073505715337,0.788264199628335
0.503326793704606,0.788264199628335
0.501331988342783,0.788264199628335
0.498700086203887,0.788264199628335
0.504426298644797,0.788264199628335
0.500518545552048,0.788264199628335
0.495992902170177,0.788264199628335
0.49999879458335,0.788264199628335
0.504989712570464,0.788264199628335
0.492915038878828,0.788264199628335
0.499139500727789,0.788264199628335
0.498308710138302,0.788264199628335
0.506336675406436,0.788264199628335
0.511223205052169,0.788264199628335
0.507086320469831,0.788264199628335
0.497150758774216,0.788264199628335
0.492178050597859,0.788264199628335
0.491528897596709,0.788264199628335
0.503629182807512,0.788264199628335
0.488653213218787,0.788264199628335
0.497068717183767,0.788264199628335
0.49989565667177,0.788264199628335
0.504423979416498,0.788264199628335
0.496940144343147,0.788264199628335
0.495712081323951,0.788264199628335
0.502724318093363,0.788264199628335
0.503579384417075,0.788264199628335
0.497544379306538,0.788264199628335
0.502259322651253,0.788264199628335
0.497810449363412,0.788264199628335
0.502955699164618,0.788264199628335
0.493923073451332,0.788264199628335
0.49782686916962,0.788264199628335
0.49450973865756,0.788264199628335
0.501511815492129,0.788264199628335
0.501569570568725,0.788264199628335
0.506206694163276,0.788264199628335
0.499987197988292,0.788264199628335
0.500131987504122,0.788264199628335
0.49788756749293,0.788264199628335
0.499640780067106,0.788264199628335
0.502348462097616,0.788264199628335
0.489007036449946,0.788264199628335
0.501082297149858,0.788264199628335
0.503813716400238,0.788264199628335
0.495195661051853,0.788264199628335
0.504101994253725,0.788264199628335
0.498113920573915,0.788264199628335
0.496589530384789,0.788264199628335
0.49861703573267,0.788264199628335
0.497223526382162,0.788264199628335
0.508647352905711,0.788264199628335
0.501574226911468,0.788264199628335
0.488468683700333,0.788264199628335
0.499672123077311,0.788264199628335
0.501128075316842,0.788264199628335
0.504824529113019,0.788264199628335
0.496369178254142,0.788264199628335
0.498674188755389,0.788264199628335
0.49647996734102,0.788264199628335
0.490552380775366,0.788264199628335
0.492986428092684,0.788264199628335
0.502333862006597,0.788264199628335
0.490411819959412,0.788264199628335
0.498967523694548,0.788264199628335
0.491837364471838,0.788264199628335
0.508989207925058,0.788264199628335
0.496741311585849,0.788264199628335
0.504302622309356,0.788264199628335
0.497127133735213,0.788264199628335
0.496336148608442,0.788264199628335
0.492252563156199,0.788264199628335
0.499708456793108,0.788264199628335
0.496403099888823,0.788264199628335
0.496020699918713,0.788264199628335
0.504925276337261,0.788264199628335
0.506914549461538,0.788264199628335
0.490263838728804,0.788264199628335
0.495518979414809,0.788264199628335
0.49163531660699,0.788264199628335
0.49432837072893,0.788264199628335
0.500826827017958,0.788264199628335
0.492913354782258,0.788264199628335
0.490492785728194,0.788264199628335
0.501087051754632,0.788264199628335
0.497935032164698,0.788264199628335
0.49734342689854,0.788264199628335
0.505695943042669,0.788264199628335
0.499980433200502,0.788264199628335
0.497338198237822,0.788264199628335
0.50255171092789,0.788264199628335
0.496129522904817,0.788264199628335
0.502440646582684,0.788264199628335
0.495850276649705,0.788264199628335
0.501129612156948,0.788264199628335
0.505047031027161,0.788264199628335
0.495652286837682,0.788264199628335
0.490926143843689,0.788264199628335
0.497824192101857,0.788264199628335
0.49932449765761,0.788264199628335
0.499181214449627,0.788264199628335
0.50389118158584,0.788264199628335
0.496039119699774,0.788264199628335
0.501278652328438,0.788264199628335
0.507330973876013,0.788264199628335
0.50523712069569,0.788264199628335
0.493957562288266,0.788264199628335
0.49503635571667,0.788264199628335
0.498077587657272,0.788264199628335
0.498243724639665,0.788264199628335
0.495758215379537,0.788264199628335
0.504766788596874,0.788264199628335
0.498092538785408,0.788264199628335
0.499453101298621,0.788264199628335
0.501138827335856,0.788264199628335
0.496541334395084,0.788264199628335
0.494589817422883,0.788264199628335
0.503315849446326,0.788264199628335
0.502831600806819,0.788264199628335
0.503850751234812,0.788264199628335
0.500669199564807,0.788264199628335
0.488904452390764,0.788264199628335
0.498137260974526,0.788264199628335
0.500086874707129,0.788264199628335
0.499140020044314,0.788264199628335
0.493713898737694,0.788264199628335
0.4894826012635,0.788264199628335
0.498922593699517,0.788264199628335
0.505293499026016,0.788264199628335
0.505549876289514,0.788264199628335
0.49271422883467,0.788264199628335
0.50264374894321,0.788264199628335
0.498821824136009,0.788264199628335
0.489775432581134,0.788264199628335
0.499750908482879,0.788264199628335
0.496273949450612,0.788264199628335
0.501722714671787,0.788264199628335
0.491723630907966,0.788264199628335
0.49398895005163,0.788264199628335
0.497163815244383,0.788264199628335
0.500053629170873,0.788264199628335
0.487784489073759,0.788264199628335
0.499991105588961,0.788264199628335
0.498658742373416,0.788264199628335
0.49799846940334,0.788264199628335
0.501196785910408,0.788264199628335
0.496950670391325,0.788264199628335
0.501047939026091,0.788264199628335
0.503831603504591,0.788264199628335
0.502922279629362,0.788264199628335
0.491750879402653,0.788264199628335
0.500504529251093,0.788264199628335
0.495925892765934,0.788264199628335
0.494544474557079,0.788264199628335
0.501508925878218,0.788264199628335
0.497624606445605,0.788264199628335
0.494647590735264,0.788264199628335
0.490925020121843,0.788264199628335
0.496599697180061,0.788264199628335
0.495081669417881,0.788264199628335
0.497980370408061,0.788264199628335
0.491995656198986,0.788264199628335
0.496944151998653,0.788264199628335
0.502210250767572,0.788264199628335
0.501807624562153,0.788264199628335
0.501736187561572,0.788264199628335
0.502287042829175,0.788264199628335
0.503210112798575,0.788264199628335
0.49702601308366,0.788264199628335
0.494703134826607,0.788264199628335
0.499536064079268,0.788264199628335
0.510391478554748,0.788264199628335
0.493283355338161,0.788264199628335
0.497535209057041,0.788264199628335
0.494892500872972,0.788264199628335
0.495153966643658,0.788264199628335
0.502508434858294,0.788264199628335
0.500784670231653,0.788264199628335
0.500480202164283,0.788264199628335
0.503147812717823,0.788264199628335
0.498114120224966,0.788264199628335
0.491668734941016,0.788264199628335
0.506360847323518,0.788264199628335
0.501642995713118,0.788264199628335
0.498975953671133,0.788264199628335
0.495956812313492,0.788264199628335
0.506355047516197,0.788264199628335
0.501378107587975,0.788264199628335
0.493247919325785,0.788264199628335
0.498932173617564,0.788264199628335
0.497161520433177,0.788264199628335
0.49720014453658,0.788264199628335
0.499308122227225,0.788264199628335
0.495782751401169,0.788264199628335
0.497658634570021,0.788264199628335
0.500583649375441,0.788264199628335
0.501437887859481,0.788264199628335
0.500708132871625,0.788264199628335
0.495994083999185,0.788264199628335
0.49259229682469,0.788264199628335
0.506280014990005,0.788264199628335
0.501638406246202,0.788264199628335
0.491779169597731,0.788264199628335
0.501122292502977,0.788264199628335
0.493075654618201,0.788264199628335
0.50433194096212,0.788264199628335
0.492761669242168,0.788264199628335
0.497484626766828,0.788264199628335
0.495253608889284,0.788264199628335
0.502590330383494,0.788264199628335
0.50309938907717,0.788264199628335
0.500919750575488,0.788264199628335
0.496335631449819,0.788264199628335
0.489693108500074,0.788264199628335
0.494496039316534,0.788264199628335
0.496379432327934,0.788264199628335
0.493110057729492,0.788264199628335
0.501017343070498,0.788264199628335
0.495410471041131,0.788264199628335
0.50791186652171,0.788264199628335
0.495390758744174,0.788264199628335
0.499938465518046,0.788264199628335
0.505956086870189,0.788264199628335
0.499653840540875,0.788264199628335
0.487905988064929,0.788264199628335
0.493081524773866,0.788264199628335
0.495838907962489,0.788264199628335
0.502186560471742,0.788264199628335
0.493180229471717,0.788264199628335
0.503383678306925,0.788264199628335
0.49230359279708,0.788264199628335
0.486971749820955,0.788264199628335
0.502844901485888,0.788264199628335
0.503986432211244,0.788264199628335
0.504580003542431,0.788264199628335
0.49734046865858,0.788264199628335
0.496821201874221,0.788264199628335
0.497499481479429,0.788264199628335
0.49306806927715,0.788264199628335
0.491325156779854,0.788264199628335
0.50285477286247,0.788264199628335
0.499577385180275,0.788264199628335
0.490765799285789,0.788264199628335
0.493849114961518,0.788264199628335
0.492632176727424,0.788264199628335
0.49575218879473,0.788264199628335
0.495325580700802,0.788264199628335
0.496581378445388,0.788264199628335
0.499041574926166,0.788264199628335
0.486313654313902,0.788264199628335
0.496452682835784,0.788264199628335
0.500661290720862,0.788264199628335
0.4906011578036,0.788264199628335
0.498535012566046,0.788264199628335
0.493422850409612,0.788264199628335
0.500704056443918,0.788264199628335
0.501032512820574,0.788264199628335
0.499433073824765,0.788264199628335
0.503120539903724,0.788264199628335
0.498218619341767,0.788264199628335
0.505233203657876,0.788264199628335
0.501244108512899,0.788264199628335
0.50251609868612,0.788264199628335
0.498063570018082,0.788264199628335
0.495310711284046,0.788264199628335
0.496889544943013,0.788264199628335
0.502991679601549,0.788264199628335
0.503699998653483,0.788264199628335
0.496770720333165,0.788264199628335
0.504845204963285,0.788264199628335
0.501735720929574,0.788264199628335
0.493069861969753,0.788264199628335
0.493594791199185,0.788264199628335
0.494778345871064,0.788264199628335
0.504262362479313,0.788264199628335
0.492558687104349,0.788264199628335
0.492818215082508,0.788264199628335
0.490211723799418,0.788264199628335
0.495366243995908,0.788264199628335
0.493654777553401,0.788264199628335
0.505255109547517,0.788264199628335
0.500932076197055,0.788264199628335
0.500612038386183,0.788264199628335
0.496200860124008,0.788264199628335
0.501640859334425,0.788264199628335
0.501045423385059,0.788264199628335
0.494258975718665,0.788264199628335
0.490872842414752,0.788264199628335
0.503887759253791,0.788264199628335
0.50053571756647,0.788264199628335
0.501031058104129,0.788264199628335
0.494467839860778,0.788264199628335
0.504816199768566,0.788264199628335
0.504194794355627,0.788264199628335
0.497796902537328,0.788264199628335
0.498716969035118,0.788264199628335
0.496332984365204,0.788264199628335
0.498403516512767,0.788264199628335
0.497306425763849,0.788264199628335
0.498689264584681,0.788264199628335
0.489531578929614,0.788264199628335
0.498793767150818,0.788264199628335
0.490453861581807,0.788264199628335
0.498581086368018,0.788264199628335
0.508173514089231,0.788264199628335
0.497534044478949,0.788264199628335
0.498707673549825,0.788264199628335
0.497331002278768,0.788264199628335
0.497913974927505,0.788264199628335
0.494426127076075,0.788264199628335
0.505803337221176,0.788264199628335
0.49010134859122,0.788264199628335
0.496683721822829,0.788264199628335
0.504271645900055,0.788264199628335
0.497582394705765,0.788264199628335
0.495090467321964,0.788264199628335
0.503149337502053,0.788264199628335
0.504495885129516,0.788264199628335
0.493706739605859,0.788264199628335
0.499413615451601,0.788264199628335
0.495689827145649,0.788264199628335
0.498596781631796,0.788264199628335
0.500516149712894,0.788264199628335
0.492437144808481,0.788264199628335
0.498494666827335,0.788264199628335
0.500760980961152,0.788264199628335
0.499394087756613,0.788264199628335
0.494138625035995,0.788264199628335
0.49553186857204,0.788264199628335
0.510579652274496,0.788264199628335
0.501860190215525,0.788264199628335
0.504915351567766,0.788264199628335
0.499588009047251,0.788264199628335
0.505972929939347,0.788264199628335
0.506807172887857,0.788264199628335
0.49613598716405,0.788264199628335
0.499665952377096,0.788264199628335
0.493580741091695,0.788264199628335
0.488392928372261,0.788264199628335
0.493941799869478,0.788264199628335
0.501770923196466,0.788264199628335
0.49756546858154,0.788264199628335
0.502486666680748,0.788264199628335
0.493206850239179,0.788264199628335
0.496702801014689,0.788264199628335
0.498466067749429,0.788264199628335
0.496178175365698,0.788264199628335
0.501449027522381,0.788264199628335
0.500442392278957,0.788264199628335
0.500167939405698,0.788264199628335
0.496443132042234,0.788264199628335
0.49495331380665,0.788264199628335
0.496379008525802,0.788264199628335
0.499289674613788,0.788264199628335
0.493036149500266,0.788264199628335
0.504058532484858,0.788264199628335
0.502275470784882,0.788264199628335
0.498185399961265,0.788264199628335
0.507632664811706,0.788264199628335
0.500492517918459,0.788264199628335
0.497174473034632,0.788264199628335
0.505803711618661,0.788264199628335
0.490198356433263,0.788264199628335
0.498486009455904,0.788264199628335
0.503440618567492,0.788264199628335
0.495250915236284,0.788264199628335
0.501319078221,0.788264199628335
0.491361716665177,0.788264199628335
0.494650609492215,0.788264199628335
0.501645381173246,0.788264199628335
0.496883532399473,0.788264199628335
0.494981874266945,0.788264199628335
0.49464824028379,0.788264199628335
0.495105381296195,0.788264199628335
0.492357518888564,0.788264199628335
0.496021784389351,0.788264199628335
0.498250183352365,0.788264199628335
0.494165924335527,0.788264199628335
0.499758277177779,0.788264199628335
0.507565722497073,0.788264199628335
0.502793181450642,0.788264199628335
0.496369586497518,0.788264199628335
0.501065737030087,0.788264199628335
0.504985756042577,0.788264199628335
0.491174254759011,0.788264199628335
0.500350339095673,0.788264199628335
0.502157152062998,0.788264199628335
0.494157530084239,0.788264199628335
0.500756860827372,0.788264199628335
0.497648992376776,0.788264199628335
0.496058723242513,0.788264199628335
0.5048482710842,0.788264199628335
0.493383539674088,0.788264199628335
0.501658821010432,0.788264199628335
0.498337317588145,0.788264199628335
0.486323986795324,0.788264199628335
0.495032332714675,0.788264199628335
0.489414187389777,0.788264199628335
0.500416570724636,0.788264199628335
0.498364602405729,0.788264199628335
0.492729864351272,0.788264199628335
0.49642298521859,0.788264199628335
0.499762430578289,0.788264199628335
0.491445801753843,0.788264199628335
0.499547631645208,0.788264199628335
0.503706122831546,0.788264199628335
0.494048183016773,0.788264199628335
0.499547546086074,0.788264199628335
0.497216923505583,0.788264199628335
0.500271534148623,0.788264199628335
0.497440997066449,0.788264199628335
0.485529139368117,0.788264199628335
0.502854682211122,0.788264199628335
0.490061696512388,0.788264199628335
0.49731956334533,0.788264199628335
0.494037540067179,0.788264199628335
0.501702180576317,0.788264199628335
0.498145115940688,0.788264199628335
0.504485484899971,0.788264199628335
0.495736898183232,0.788264199628335
0.507203304071445,0.788264199628335
0.500029785935484,0.788264199628335
0.490028527195839,0.788264199628335
0.502897647069765,0.788264199628335
0.501053432526153,0.788264199628335
0.493913712053279,0.788264199628335
0.502414756852792,0.788264199628335
0.504977456594557,0.788264199628335
0.488574310142122,0.788264199628335
0.494826608582889,0.788264199628335
0.50098763529814,0.788264199628335
0.48989674592187,0.788264199628335
0.488864314078522,0.788264199628335
0.497804768526516,0.788264199628335
0.496306414197623,0.788264199628335
0.492386457966879,0.788264199628335
0.500033671051372,0.788264199628335
0.499758153428613,0.788264199628335
0.505904913006894,0.788264199628335
0.498141304469422,0.788264199628335
0.502446551408186,0.788264199628335
0.500888388408757,0.788264199628335
0.497358194639051,0.788264199628335
0.495489274985938,0.788264199628335
0.503044304540247,0.788264199628335
0.501423789777949,0.788264199628335
0.499800485803707,0.788264199628335
0.504676311267774,0.788264199628335
0.499170594527999,0.788264199628335
0.501693371520896,0.788264199628335
0.499623031413499,0.788264199628335
0.506687848954308,0.788264199628335
0.495548277197856,0.788264199628335
0.499439460991485,0.788264199628335
0.505654036393514,0.788264199628335
0.499157059078586,0.788264199628335
0.497202883078767,0.788264199628335
0.495493390757398,0.788264199628335
0.500321181618832,0.788264199628335
0.494322688458892,0.788264199628335
0.493938586703802,0.788264199628335
0.507976162186105,0.788264199628335
0.496600736788599,0.788264199628335
0.499322299831006,0.788264199628335
0.506811300617102,0.788264199628335
0.491032898343219,0.788264199628335
0.501651861274917,0.788264199628335
0.49568698941914,0.788264199628335
0.498439787774795,0.788264199628335
0.503209317339207,0.788264199628335
0.492174068638338,0.788264199628335
0.500710005179074,0.788264199628335
0.502342988321548,0.788264199628335
0.507203290706832,0.788264199628335
0.496060575719728,0.788264199628335
0.499422816712279,0.788264199628335
0.492960575976506,0.788264199628335
0.505382609457625,0.788264199628335
0.501557971847838,0.788264199628335
0.500334523383395,0.788264199628335
0.494221096840013,0.788264199628335
0.499104040758778,0.788264199628335
0.49675234032637,0.788264199628335
0.496042124805104,0.788264199628335
0.500331260345303,0.788264199628335
0.502906147260284,0.788264199628335
0.496653084345647,0.788264199628335
0.495500810073479,0.788264199628335
0.496408911323896,0.788264199628335
0.490118311643245,0.788264199628335
0.496507633005474,0.788264199628335
0.499765211398195,0.788264199628335
0.499494546396684,0.788264199628335
0.507713274470589,0.788264199628335
0.497235096748595,0.788264199628335
0.493527729098075,0.788264199628335
0.498652550057368,0.788264199628335
0.501886737540952,0.788264199628335
0.493010233024032,0.788264199628335
0.498384514016676,0.788264199628335
0.506795202300446,0.788264199628335
0.499571746438969,0.788264199628335
0.50069619551578,0.788264199628335
0.491655767675477,0.788264199628335
0.498418843088672,0.788264199628335
0.497972526268809,0.788264199628335
0.496226203716362,0.788264199628335
0.500973108032151,0.788264199628335
0.499870441280564,0.788264199628335
0.491204845758054,0.788264199628335
0.491554283866619,0.788264199628335
0.487718760511265,0.788264199628335
0.497880886376914,0.788264199628335
0.49036133765677,0.788264199628335
0.496712141588401,0.788264199628335
0.498268323366834,0.788264199628335
0.500338894926411,0.788264199628335
0.506215255393037,0.788264199628335
0.50174336280431,0.788264199628335
0.501816804677861,0.788264199628335
0.500833908201491,0.788264199628335
0.493734103405062,0.788264199628335
0.491648515101325,0.788264199628335
0.50043304379476,0.788264199628335
0.501332625517719,0.788264199628335
0.488477715499516,0.788264199628335
0.507212282836328,0.788264199628335
0.501393500068505,0.788264199628335
0.491577090621226,0.788264199628335
0.495739238086223,0.788264199628335
0.495922965897332,0.788264199628335
0.504767090991526,0.788264199628335
0.498390954311417,0.788264199628335
0.499945918970901,0.788264199628335
0.499986533384425,0.788264199628335
0.502178433767958,0.788264199628335
0.501616363757572,0.788264199628335
0.491948635852011,0.788264199628335
0.497637946417348,0.788264199628335
0.50582002123906,0.788264199628335
0.497285326704294,0.788264199628335
0.499075466336121,0.788264199628335
0.502792215778032,0.788264199628335
0.497432446418362,0.788264199628335
0.500818911532605,0.788264199628335
0.499575238556938,0.788264199628335
0.490577473136868,0.788264199628335
0.496590854654871,0.788264199628335
0.500558776544692,0.788264199628335
0.494446018319122,0.788264199628335
0.498153833540281,0.788264199628335
0.493748287373672,0.788264199628335
0.490547339115561,0.788264199628335
0.494118867333082,0.788264199628335
0.489057255541919,0.788264199628335
0.502672095919021,0.788264199628335
0.497866955483321,0.788264199628335
0.501406973150511,0.788264199628335
0.504961248951663,0.788264199628335
0.498395012438182,0.788264199628335
0.503503778618306,0.788264199628335
0.4978256593033,0.788264199628335
0.495089730351345,0.788264199628335
0.503887672912864,0.788264199628335
0.506212382534257,0.788264199628335
0.509556850463423,0.788264199628335
0.499230142182148,0.788264199628335
0.494514157956778,0.788264199628335
0.504183040395446,0.788264199628335
0.493025472644736,0.788264199628335
0.49044122825832,0.788264199628335
0.492050195751037,0.788264199628335
0.497339340657763,0.788264199628335
0.498975819075578,0.788264199628335
0.492465823400891,0.788264199628335
0.499637562421383,0.788264199628335
0.501078076335814,0.788264199628335
0.492315062428017,0.788264199628335
0.495830185309326,0.788264199628335
0.488897888128455,0.788264199628335
0.502176246304087,0.788264199628335
0.498610727408587,0.788264199628335
0.494990082783195,0.788264199628335
0.503346136008337,0.788264199628335
0.502974419602777,0.788264199628335
0.495341227903757,0.788264199628335
0.502699789026174,0.788264199628335
0.498364058991196,0.788264199628335
0.490057665474015,0.788264199628335
0.500143797822435,0.788264199628335
0.496392581434625,0.788264199628335
0.49799132477594,0.788264199628335
0.498930339788832,0.788264199628335
0.502391434277266,0.788264199628335
0.499904944812944,0.788264199628335
0.497596650885305,0.788264199628335
0.500728650591241,0.788264199628335
0.492881102994416,0.788264199628335
0.496106161499035,0.788264199628335
0.508529238201563,0.788264199628335
0.499248330758128,0.788264199628335
0.49941988456837,0.788264199628335
0.499856706562057,0.788264199628335
0.498440515954574,0.788264199628335
0.486013808355233,0.788264199628335
0.492175695906719,0.788264199628335
0.497355470501893,0.788264199628335
0.497331763712057,0.788264199628335
0.497203205935136,0.788264199628335
0.497626899533611,0.788264199628335
0.496171620657544,0.788264199628335
0.494416685295937,0.788264199628335
0.499465176854379,0.788264199628335
0.496687929341697,0.788264199628335
0.511835084971995,0.788264199628335
0.501963499192412,0.788264199628335
0.493996481214846,0.788264199628335
0.503203522431227,0.788264199628335
0.49448683204433,0.788264199628335
0.502729526176371,0.788264199628335
0.500063993708811,0.788264199628335
0.502015035477296,0.788264199628335
0.500371363915814,0.788264199628335
0.499107758982659,0.788264199628335
0.495178216241521,0.788264199628335
0.496351069317112,0.788264199628335
0.498760290924962,0.788264199628335
0.502040931888049,0.788264199628335
0.505158554216878,0.788264199628335
0.495311739146908,0.788264199628335
0.497866214226234,0.788264199628335
0.494508241239393,0.788264199628335
0.489394253737692,0.788264199628335
0.492327650978815,0.788264199628335
0.489298579846497,0.788264199628335
0.493958827850379,0.788264199628335
0.495254086614694,0.788264199628335
0.490278949887696,0.788264199628335
0.503339347084696,0.788264199628335
0.501348878216318,0.788264199628335
0.502665119107774,0.788264199628335
0.49261998771603,0.788264199628335
0.496607167144001,0.788264199628335
0.493622770624002,0.788264199628335
0.502521899378408,0.788264199628335
0.496846579758462,0.788264199628335
0.49284848285611,0.788264199628335
0.497788657238364,0.788264199628335
0.498880956712006,0.788264199628335
0.496683517493697,0.788264199628335
0.494175745577501,0.788264199628335
0.501158784915032,0.788264199628335
0.501917957720033,0.788264199628335
0.494598543261498,0.788264199628335
0.495746014254881,0.788264199628335
0.500186526329625,0.788264199628335
0.506658347173089,0.788264199628335
0.50520595277312,0.788264199628335
0.495829048533786,0.788264199628335
0.49786627227043,0.788264199628335
0.499858747793342,0.788264199628335
0.496671406523536,0.788264199628335
0.504877733054875,0.788264199628335
0.490789718107615,0.788264199628335
0.498802573799372,0.788264199628335
0.49922872138471,0.788264199628335
0.495963593858821,0.788264199628335
0.494442409647257,0.788264199628335
0.50459357446627,0.788264199628335
0.499989737179091,0.788264199628335
0.505122517837839,0.788264199628335
0.491659377841907,0.788264199628335
0.494563887210119,0.788264199628335
0.508578947533432,0.788264199628335
0.496199698701992,0.788264199628335
0.501325531431857,0.788264199628335
0.49679175048753,0.788264199628335
0.492567977568157,0.788264199628335
0.487716361480565,0.788264199628335
0.496840515693418,0.788264199628335
0.497447279273355,0.788264199628335
0.495696429343972,0.788264199628335
0.502024053739878,0.788264199628335
0.49679347287474,0.788264199628335
0.502851621070504,0.788264199628335
0.501463223479921,0.788264199628335
0.490875058949996,0.788264199628335
0.502872744579093,0.788264199628335
0.497778218278202,0.788264199628335
0.49636889466082,0.788264199628335
0.490530763282117,0.788264199628335
0.495908821201323,0.788264199628335
0.50420730011565,0.788264199628335
0.502760409567505,0.788264199628335
0.503918721597281,0.788264199628335
0.49755739311748,0.788264199628335
0.489869068909859,0.788264199628335
0.493385287735127,0.788264199628335
0.509284803650547,0.788264199628335
0.501559085534296,0.788264199628335
0.503854949200616,0.788264199628335
0.4961279619396,0.788264199628335
0.498442194625604,0.788264199628335
0.490516609482435,0.788264199628335
0.495365174839316,0.788264199628335
0.503673037930665,0.788264199628335
0.487199589911735,0.788264199628335
0.499632937930422,0.788264199628335
0.500935244895867,0.788264199628335
0.501825894416295,0.788264199628335
0.49742990616859,0.788264199628335
0.501360848397844,0.788264199628335
0.502861031597197,0.788264199628335
0.503449874714348,0.788264199628335
0.493288460309927,0.788264199628335
0.501761372994373,0.788264199628335
0.502188076782437,0.788264199628335
0.501713281042845,0.788264199628335
0.499615345948871,0.788264199628335
0.508556344985195,0.788264199628335
0.504553410995739,0.788264199628335
0.501265656814911,0.788264199628335
0.498009194807736,0.788264199628335
0.498221760729605,0.788264199628335
0.493793860673689,0.788264199628335
0.502198536539196,0.788264199628335
0.491408750955576,0.788264199628335
0.49755086784016,0.788264199628335
0.4956856031531,0.788264199628335
0.501746360457544,0.788264199628335
0.498813814134833,0.788264199628335
0.498793601647732,0.788264199628335
0.496239601211744,0.788264199628335
0.497531586945415,0.788264199628335
0.496884916061517,0.788264199628335
0.493013633660307,0.788264199628335
0.492834181701741,0.788264199628335
0.49712512809633,0.788264199628335
0.503545841615372,0.788264199628335
0.49782935824632,0.788264199628335
0.501558803125184,0.788264199628335
0.494749500545153,0.788264199628335
0.504474721813676,0.788264199628335
0.498197712495494,0.788264199628335
0.500931582315655,0.788264199628335
0.496155644675429,0.788264199628335
0.498059315593493,0.788264199628335
0.497373021515869,0.788264199628335
0.499959020911131,0.788264199628335
0.49010327010209,0.788264199628335
0.495851674646801,0.788264199628335
0.498304417774323,0.788264199628335
0.495026534378429,0.788264199628335
0.50517123992994,0.788264199628335
0.504418020385207,0.788264199628335
0.50430734214491,0.788264199628335
0.493008594950664,0.788264199628335
0.495612364550873,0.788264199628335
0.501178675696662,0.788264199628335
0.500020783670179,0.788264199628335
0.494567612005585,0.788264199628335
0.50031383221585,0.788264199628335
0.494863935411337,0.788264199628335
0.496411127452723,0.788264199628335
0.49821855362756,0.788264199628335
0.498452855629059,0.788264199628335
0.504781385842295,0.788264199628335
0.50265488223438,0.788264199628335
0.500449605442258,0.788264199628335
0.499416907551479,0.788264199628335
0.502460742657515,0.788264199628335
0.49408281062118,0.788264199628335
0.494935907550541,0.788264199628335
0.496887140355753,0.788264199628335
0.490981103434862,0.788264199628335
0.491572327151775,0.788264199628335
0.49712592188439,0.788264199628335
0.498633375404179,0.788264199628335
0.494154779747624,0.788264199628335
0.497752435980634,0.788264199628335
0.493969551749193,0.788264199628335
0.499968596184617,0.788264199628335
0.499723013508272,0.788264199628335
0.491741817392429,0.788264199628335
0.499510913377387,0.788264199628335
0.498519264036402,0.788264199628335
0.491247970639513,0.788264199628335
0.504223444400819,0.788264199628335
0.495795842426707,0.788264199628335
0.494835340693718,0.788264199628335
0.497071700296373,0.788264199628335
0.501640682180594,0.788264199628335
0.489290561209303,0.788264199628335
0.497960034831342,0.788264199628335
0.498681449396472,0.788264199628335
0.500798176477534,0.788264199628335
0.503138503934532,0.788264199628335
0.487369074523649,0.788264199628335
0.501468125333252,0.788264199628335
0.499877491090103,0.788264199628335
0.497207715803657,0.788264199628335
0.499021345650769,0.788264199628335
0.492910241567637,0.788264199628335
0.503070387586905,0.788264199628335
0.487150858832014,0.788264199628335
0.504224203950858,0.788264199628335
0.501371226706512,0.788264199628335
0.496262901030429,0.788264199628335
0.5002611421525,0.788264199628335
0.506205281066043,0.788264199628335
0.492293994467535,0.788264199628335
0.498650645886471,0.788264199628335
0.493419683317208,0.788264199628335
0.495032917131516,0.788264199628335
0.492995396745163,0.788264199628335
0.5050120916381,0.788264199628335
0.498451354165781,0.788264199628335
0.498599424415819,0.788264199628335
0.496677284760843,0.788264199628335
0.49089621903794,0.788264199628335
0.49992029828614,0.788264199628335
0.501626372519921,0.788264199628335
0.49706485484053,0.788264199628335
0.496938300007902,0.788264199628335
0.489866738902886,0.788264199628335
0.493754853464181,0.788264199628335
0.501525206838375,0.788264199628335
0.488858924387132,0.788264199628335
0.498044721540622,0.788264199628335
0.503665210766607,0.788264199628335
0.506444584678207,0.788264199628335
0.497172693236238,0.788264199628335
0.494393143497734,0.788264199628335
0.495984663647457,0.788264199628335
0.495114237682894,0.788264199628335
0.491047453624243,0.788264199628335
0.492322041238734,0.788264199628335
0.498306488481408,0.788264199628335
0.49627642122485,0.788264199628335
0.497534676584631,0.788264199628335
0.500812465292137,0.788264199628335
0.50357423418309,0.788264199628335
0.491373077579292,0.788264199628335
0.491926479137021,0.788264199628335
0.49900096880672,0.788264199628335
0.498175005357544,0.788264199628335
0.494733118542886,0.788264199628335
0.498652279930689,0.788264199628335
0.507452054403133,0.788264199628335
0.492503138128713,0.788264199628335
0.499348997129286,0.788264199628335
0.492426766813372,0.788264199628335
0.496335354045634,0.788264199628335
0.500233393781499,0.788264199628335
0.505942235216931,0.788264199628335
0.500582892200385,0.788264199628335
0.500028951742201,0.788264199628335
0.489134109586966,0.788264199628335
0.501055667049028,0.788264199628335
0.508184976677371,0.788264199628335
0.500525717848581,0.788264199628335
0.500973222542142,0.788264199628335
0.501325746847808,0.788264199628335
0.499011985399068,0.788264199628335
0.494775337818166,0.788264199628335
0.490140132343517,0.788264199628335
0.497851458562855,0.788264199628335
0.501788048325751,0.788264199628335
0.500193973786204,0.788264199628335
0.495584978708498,0.788264199628335
0.490559521022499,0.788264199628335
0.495912068889495,0.788264199628335
0.495309651575335,0.788264199628335
0.50418766062478,0.788264199628335
0.502268565428057,0.788264199628335
0.50366172533073,0.788264199628335
0.498417188119754,0.788264199628335
0.497534510897467,0.788264199628335
0.502436857397591,0.788264199628335
0.497749319531093,0.788264199628335
0.493334788740799,0.788264199628335
0.505305258046264,0.788264199628335
0.499306399097694,0.788264199628335
0.501697334063379,0.788264199628335
0.49160373515977,0.788264199628335
0.500190485237762,0.788264199628335
0.504900959861104,0.788264199628335
0.498645416222149,0.788264199628335
0.502015513805462,0.788264199628335
0.506389060474659,0.788264199628335
0.504625164261755,0.788264199628335
0.494408140229947,0.788264199628335
0.499527196668227,0.788264199628335
0.494004902439418,0.788264199628335
0.495361384488107,0.788264199628335
0.497875295207691,0.788264199628335
0.494561042742347,0.788264199628335
0.497784448843631,0.788264199628335
0.504619768101449,0.788264199628335
0.496338584997796,0.788264199628335
0.494694061877573,0.788264199628335
0.50577551019233,0.788264199628335
0.49440967535083,0.788264199628335
0.500402794354493,0.788264199628335
0.505773075328972,0.788264199628335
0.506789396299566,0.788264199628335
0.503490986919396,0.788264199628335
0.498725106412309,0.788264199628335
0.492109907903646,0.788264199628335
0.494649549946124,0.788264199628335
0.502266159098995,0.788264199628335
0.498178982357535,0.788264199628335
0.49629554307912,0.788264199628335
0.501976138514085,0.788264199628335
0.497942118575954,0.788264199628335
0.494067850081013,0.788264199628335
0.50598816498101,0.788264199628335
0.497560497646489,0.788264199628335
0.490923949168518,0.788264199628335
0.496420547780908,0.788264199628335
0.499463112954713,0.788264199628335
0.501185065046358,0.788264199628335
0.504965883105832,0.788264199628335
0.509738149971544,0.788264199628335
0.494745650046898,0.788264199628335
0.492877563343915,0.788264199628335
0.489241866087551,0.788264199628335
0.506187406193476,0.788264199628335
0.495987052218592,0.788264199628335
0.50188204224224,0.788264199628335
0.496986834658328,0.788264199628335
0.496661372025528,0.788264199628335
0.494782706028619,0.788264199628335
0.49282525872954,0.788264199628335
0.500945354176452,0.788264199628335
0.4953108128831,0.788264199628335
0.491428797357196,0.788264199628335
0.493267451399248,0.788264199628335
0.508509830671318,0.788264199628335
0.502410741090746,0.788264199628335
0.494738935418481,0.788264199628335
0.50131556748092,0.788264199628335
0.495206643031047,0.788264199628335
0.501326800991257,0.788264199628335
0.490588622102449,0.788264199628335
0.502224632807206,0.788264199628335
0.502670529964889,0.788264199628335
0.502928924569796,0.788264199628335
0.497632407562276,0.788264199628335
0.497563400907601,0.788264199628335
0.505908652957858,0.788264199628335
0.501221049581615,0.788264199628335
0.497302545138523,0.788264199628335
0.495937352631708,0.788264199628335
0.49437167556775,0.788264199628335
0.496056385563068,0.788264199628335
0.513206294661116,0.788264199628335
0.491269300359391,0.788264199628335
0.503382573987568,0.788264199628335
0.507039829772405,0.788264199628335
0.494598988272435,0.788264199628335
0.491777844474685,0.788264199628335
0.500631760154146,0.788264199628335
0.49735530783072,0.788264199628335
0.503494920372317,0.788264199628335
0.498331336748261,0.788264199628335
0.5020923277386,0.788264199628335
0.501013556662905,0.788264199628335
0.493510811697764,0.788264199628335
0.49268290724147,0.788264199628335
0.497942987019365,0.788264199628335
0.499441291310617,0.788264199628335
0.497804213912462,0.788264199628335
0.50285194242946,0.788264199628335
0.502359536834698,0.788264199628335
0.50454336702971,0.788264199628335
0.491852682187017,0.788264199628335
0.502309038814926,0.788264199628335
0.501865643307554,0.788264199628335
0.49352496465164,0.788264199628335
0.497832408108283,0.788264199628335
0.496765353354813,0.788264199628335
0.501006222637496,0.788264199628335
0.499991693256853,0.788264199628335
0.498226095213861,0.788264199628335
0.500937961170898,0.788264199628335
0.49768378081735,0.788264199628335
0.500393399651705,0.788264199628335
0.491891110046719,0.788264199628335
0.491045992285109,0.788264199628335
0.498630737397939,0.788264199628335
0.503417323473034,0.788264199628335
0.496128055191963,0.788264199628335
0.499209741274802,0.788264199628335
0.496403090997847,0.788264199628335
0.503593224112644,0.788264199628335
0.503448709341516,0.788264199628335
0.498672486489443,0.788264199628335
0.494627537880062,0.788264199628335
0.505025413572878,0.788264199628335
0.494334294902329,0.788264199628335
0.50224850550293,0.788264199628335
0.498664513282834,0.788264199628335
0.510094764946723,0.788264199628335
0.493611534623514,0.788264199628335
0.502501885050051,0.788264199628335
0.495663118558484,0.788264199628335
0.499952518471137,0.788264199628335
0.494675531726956,0.788264199628335
0.498028613252855,0.788264199628335
0.500534770768411,0.788264199628335
0.504310846112833,0.788264199628335
0.499685699838063,0.788264199628335
0.500585411395451,0.788264199628335
0.504036629600977,0.788264199628335
0.499650028994929,0.788264199628335
0.491532174698375,0.788264199628335
0.498001978827104,0.788264199628335
0.494529300328336,0.788264199628335
0.498967116768962,0.788264199628335
0.489196475786873,0.788264199628335
0.497951005906522,0.788264199628335
0.502725579553478,0.788264199628335
0.500686873059201,0.788264199628335
0.497311707877981,0.788264199628335
0.504203396097171,0.788264199628335
0.499882419225255,0.788264199628335
0.503433451129526,0.788264199628335
0.502078437404507,0.788264199628335
0.498624957342999,0.788264199628335
0.504439067891468,0.788264199628335
0.496811669771068,0.788264199628335
0.498058593051224,0.788264199628335
0.497964876251877,0.788264199628335
0.498511534172282,0.788264199628335
0.496751348693247,0.788264199628335
0.495553383747748,0.788264199628335
0.499349790522901,0.788264199628335
0.506867824244842,0.788264199628335
0.500493756080975,0.788264199628335
0.501681928164425,0.788264199628335
0.496278281563748,0.788264199628335
0.493826623835329,0.788264199628335
0.499152170097887,0.788264199628335
0.477233063546544,0.788264199628335
0.498739368290896,0.788264199628335
0.50022423666018,0.788264199628335
0.502103025765514,0.788264199628335
0.496519801764858,0.788264199628335
0.505097944698189,0.788264199628335
0.495685947652124,0.788264199628335
0.496674560275708,0.788264199628335
0.501541460996943,0.788264199628335
0.488739495510178,0.788264199628335
0.497381757901792,0.788264199628335
0.497859191549636,0.788264199628335
0.500978371800797,0.788264199628335
0.490132370205922,0.788264199628335
0.506106670016627,0.788264199628335
0.499440214489623,0.788264199628335
0.493401964754846,0.788264199628335
0.504865945619801,0.788264199628335
0.492599679422592,0.788264199628335
0.499285150145526,0.788264199628335
0.49906177168249,0.788264199628335
0.504545912916967,0.788264199628335
0.492712734711668,0.788264199628335
0.497320979303918,0.788264199628335
0.499724131348231,0.788264199628335
0.494346607351332,0.788264199628335
0.497539130846584,0.788264199628335
0.50407654929736,0.788264199628335
0.492222941601964,0.788264199628335
0.490593634845302,0.788264199628335
0.508992938028112,0.788264199628335
0.491775073978073,0.788264199628335
0.507131447956689,0.788264199628335
0.49504144198032,0.788264199628335
0.500157167352915,0.788264199628335
0.49386022741214,0.788264199628335
0.499041174081797,0.788264199628335
0.496424337713296,0.788264199628335
0.497712985890593,0.788264199628335
0.494552551963617,0.788264199628335
0.500421012415064,0.788264199628335
0.497024976609222,0.788264199628335
0.49787687823631,0.788264199628335
0.490191938686027,0.788264199628335
0.495464660208467,0.788264199628335
0.50266834928966,0.788264199628335
0.504625069537133,0.788264199628335
0.50904276566564,0.788264199628335
0.499906359755833,0.788264199628335
0.49636413535879,0.788264199628335
0.499745626365582,0.788264199628335
0.485061092838917,0.788264199628335
0.491549839215667,0.788264199628335
0.495601791371568,0.788264199628335
0.493390709237527,0.788264199628335
0.491318586291558,0.788264199628335
0.496854602284756,0.788264199628335
0.503242151285406,0.788264199628335
0.502494733679901,0.788264199628335
0.495612026897276,0.788264199628335
0.5021190994026,0.788264199628335
0.501847058552159,0.788264199628335
0.492445666324591,0.788264199628335
0.493578561669081,0.788264199628335
0.502064798695399,0.788264199628335
0.50108178019403,0.788264199628335
0.501801651751506,0.788264199628335
0.500910256195944,0.788264199628335
0.496899340543455,0.788264199628335
0.491503199773716,0.788264199628335
0.497128459503139,0.788264199628335
0.496456699426991,0.788264199628335
0.493332850218338,0.788264199628335
0.499920871603364,0.788264199628335
0.498623190447383,0.788264199628335
0.496449668710087,0.788264199628335
0.499754810196066,0.788264199628335
0.491180126709622,0.788264199628335
0.496165936150192,0.788264199628335
0.505221389038576,0.788264199628335
0.496694986855593,0.788264199628335
0.499898492015182,0.788264199628335
0.501850488859848,0.788264199628335
0.499335486100341,0.788264199628335
0.498100748647572,0.788264199628335
0.495673354844079,0.788264199628335
0.490533950720868,0.788264199628335
0.49772271407591,0.788264199628335
0.491536953943282,0.788264199628335
0.489314969954652,0.788264199628335
0.494736831114681,0.788264199628335
0.501079789038145,0.788264199628335
0.502330480625277,0.788264199628335
0.496254895584375,0.788264199628335
0.492207540075769,0.788264199628335
0.49816309332336,0.788264199628335
0.503211813188054,0.788264199628335
0.503162756691983,0.788264199628335
0.497557084520397,0.788264199628335
0.501763543919504,0.788264199628335
0.500682013324477,0.788264199628335
0.503340630624072,0.788264199628335
0.505038494139868,0.788264199628335
0.508525912464199,0.788264199628335
0.495826128402997,0.788264199628335
0.495822260823247,0.788264199628335
0.508798772858549,0.788264199628335
0.49672787601234,0.788264199628335
0.491975929786721,0.788264199628335
0.500945774238552,0.788264199628335
0.494671477678564,0.788264199628335
0.502728374885357,0.788264199628335
0.500322811050986,0.788264199628335
0.49939246226303,0.788264199628335
0.499635494650266,0.788264199628335
0.511462010357964,0.788264199628335
0.501394992645229,0.788264199628335
0.485050492771906,0.788264199628335
0.491336376429233,0.788264199628335
0.498867387153065,0.788264199628335
0.490514754781989,0.788264199628335
0.50110752560386,0.788264199628335
0.505797468208365,0.788264199628335
0.503398738795344,0.788264199628335
0.490735916727163,0.788264199628335
0.493254506819011,0.788264199628335
0.496175622550152,0.788264199628335
0.496788144193829,0.788264199628335
0.497622825657346,0.788264199628335
0.50343014751177,0.788264199628335
0.496752138819474,0.788264199628335
0.48871675254929,0.788264199628335
0.490849046050249,0.788264199628335
0.497731824576229,0.788264199628335
0.496910556919898,0.788264199628335
0.503055359562003,0.788264199628335
0.493156138563645,0.788264199628335
0.493863106494753,0.788264199628335
0.496610555152225,0.788264199628335
0.499661949336562,0.788264199628335
0.492284414392978,0.788264199628335
0.499402861802628,0.788264199628335
0.494306913343677,0.788264199628335
0.499791571459561,0.788264199628335
0.504375112888692,0.788264199628335
0.498222135161691,0.788264199628335
0.497593458861831,0.788264199628335
0.503426184983107,0.788264199628335
0.500208339350431,0.788264199628335
0.505560687604333,0.788264199628335
0.490321401549158,0.788264199628335
0.505620699100474,0.788264199628335
0.493526162225995,0.788264199628335
0.491971933759881,0.788264199628335
0.497965316822633,0.788264199628335
0.49725754017524,0.788264199628335
0.502726170414161,0.788264199628335
0.506026923608898,0.788264199628335
0.502526912357266,0.788264199628335
0.491738224597327,0.788264199628335
0.499657516584998,0.788264199628335
0.49993634606983,0.788264199628335
0.499408418415927,0.788264199628335
0.497802518095315,0.788264199628335
0.49734690326203,0.788264199628335
0.503592424372344,0.788264199628335
0.494391825562374,0.788264199628335
0.49777284672662,0.788264199628335
0.497015276055904,0.788264199628335
0.489684212197356,0.788264199628335
0.500338392264514,0.788264199628335
0.505624580507542,0.788264199628335
0.499976699411655,0.788264199628335
0.497317293549837,0.788264199628335
0.500508867979273,0.788264199628335
0.505841550697162,0.788264199628335
0.494952056377232,0.788264199628335
0.49236050956916,0.788264199628335
0.496528241063293,0.788264199628335
0.501959847951412,0.788264199628335
0.493319552590087,0.788264199628335
0.50459808107636,0.788264199628335
0.497678805263083,0.788264199628335
0.511983866208511,0.788264199628335
0.500164261046925,0.788264199628335
0.501762252276743,0.788264199628335
0.503107368368805,0.788264199628335
0.495138860834547,0.788264199628335
0.498644193325979,0.788264199628335
0.503196708973824,0.788264199628335
0.497494755682467,0.788264199628335
0.501370822352096,0.788264199628335
0.506670622073377,0.788264199628335
0.497430897346297,0.788264199628335
0.491955447217395,0.788264199628335
0.493916903291974,0.788264199628335
0.504428778437614,0.788264199628335
0.496994518595551,0.788264199628335
0.496591935753338,0.788264199628335
0.496367525789131,0.788264199628335
0.501932083840012,0.788264199628335
0.490987635118163,0.788264199628335
0.500174039537992,0.788264199628335
0.501851783810499,0.788264199628335
0.499196884194027,0.788264199628335
0.496049937627744,0.788264199628335
0.501892053057263,0.788264199628335
0.498500458868231,0.788264199628335
0.500708683328712,0.788264199628335
0.49351974956053,0.788264199628335
0.508750458355073,0.788264199628335
0.509092611917827,0.788264199628335
0.507795686267645,0.788264199628335
0.502520342531503,0.788264199628335
0.490454995457175,0.788264199628335
0.492687049356654,0.788264199628335
0.497860649207109,0.788264199628335
0.491746127474566,0.788264199628335
0.491948459951505,0.788264199628335
0.497917473185497,0.788264199628335
0.491187164540782,0.788264199628335
0.502784830935895,0.788264199628335
0.49808095282752,0.788264199628335
0.501407290300678,0.788264199628335
0.49107110322496,0.788264199628335
0.50084469451345,0.788264199628335
0.493095218518019,0.788264199628335
0.498925237232712,0.788264199628335
0.500488626107805,0.788264199628335
0.496185403191542,0.788264199628335
0.497823297739898,0.788264199628335
0.493559159854793,0.788264199628335
0.492607809151426,0.788264199628335
0.491374745559893,0.788264199628335
0.487682098283209,0.788264199628335
0.491910458432443,0.788264199628335
0.496707719750563,0.788264199628335
0.500889461710544,0.788264199628335
0.502410496700152,0.788264199628335
0.496916261129719,0.788264199628335
0.505761325348768,0.788264199628335
0.491486823135581,0.788264199628335
0.502275270629834,0.788264199628335
0.498866347377816,0.788264199628335
0.500531559126039,0.788264199628335
0.499188708708125,0.788264199628335
0.499343502756807,0.788264199628335
0.493708674678407,0.788264199628335
0.503746807729726,0.788264199628335
0.494716310721755,0.788264199628335
0.499094337331581,0.788264199628335
0.497164269278892,0.788264199628335
0.491537496699008,0.788264199628335
0.507294239271563,0.788264199628335
0.497605725931875,0.788264199628335
0.498127803683529,0.788264199628335
0.494523098179133,0.788264199628335
0.502469431165514,0.788264199628335
0.500149869849314,0.788264199628335
0.50097080981465,0.788264199628335
0.49763198506399,0.788264199628335
0.503144074067543,0.788264199628335
0.509547057022709,0.788264199628335
0.49578593959269,0.788264199628335
0.507102268258196,0.788264199628335
0.506317870853664,0.788264199628335
0.498195574747155,0.788264199628335
0.49089730364673,0.788264199628335
0.496200024462731,0.788264199628335
0.501312525287647,0.788264199628335
0.493326728536061,0.788264199628335
0.506643343137764,0.788264199628335
0.495643102780979,0.788264199628335
0.491223080669727,0.788264199628335
0.50019067065381,0.788264199628335
0.503344618112735,0.788264199628335
0.491587761932462,0.788264199628335
0.495746273018115,0.788264199628335
0.497717239947775,0.788264199628335
0.499920674831113,0.788264199628335
0.498320428101065,0.788264199628335
0.497402241975503,0.788264199628335
0.487530633155341,0.788264199628335
0.496148528460046,0.788264199628335
0.50107872807826,0.788264199628335
0.50150922704278,0.788264199628335
0.49925376749799,0.788264199628335
0.49923591171735,0.788264199628335
0.489772878019876,0.788264199628335
0.500701585175674,0.788264199628335
0.503441176845343,0.788264199628335
0.494420652212231,0.788264199628335
0.492646622212805,0.788264199628335
0.499870753581628,0.788264199628335
0.500135172347872,0.788264199628335
0.493901069262924,0.788264199628335
0.500334655571897,0.788264199628335
0.500874530054156,0.788264199628335
0.503192997309786,0.788264199628335
0.498472630958179,0.788264199628335
0.50336841924488,0.788264199628335
0.490746499828597,0.788264199628335
0.495875145681953,0.788264199628335
0.497600208262293,0.788264199628335
0.496229049001155,0.788264199628335
0.495350921443389,0.788264199628335
0.504015484542419,0.788264199628335
0.490903572603119,0.788264199628335
0.500295982016004,0.788264199628335
0.492115689439771,0.788264199628335
0.50129785544299,0.788264199628335
0.504484615880428,0.788264199628335
0.491928920570773,0.788264199628335
0.499498458332904,0.788264199628335
0.497338485354122,0.788264199628335
0.49885525006636,0.788264199628335
0.500022432979075,0.788264199628335
0.497892272538916,0.788264199628335
0.500499709551013,0.788264199628335
0.499471910094371,0.788264199628335
0.499203390773019,0.788264199628335
0.494004210285361,0.788264199628335
0.497382088396868,0.788264199628335
0.492233396805958,0.788264199628335
0.498238726483966,0.788264199628335
0.496932777612389,0.788264199628335
0.499382874161946,0.788264199628335
0.493565226071677,0.788264199628335
0.489840056927132,0.788264199628335
0.491998855376046,0.788264199628335
0.495826939092101,0.788264199628335
0.501375303664305,0.788264199628335
0.498421303539658,0.788264199628335
0.500884342326217,0.788264199628335
0.496412825104747,0.788264199628335
0.502510637667229,0.788264199628335
0.492239645999046,0.788264199628335
0.502291564376938,0.788264199628335
0.494559742520974,0.788264199628335
0.502483996712446,0.788264199628335
0.496180027355239,0.788264199628335
0.496262418368641,0.788264199628335
0.499512697401613,0.788264199628335
0.506239147760152,0.788264199628335
0.487679331479724,0.788264199628335
0.50515537182834,0.788264199628335
0.495414437505922,0.788264199628335
0.501747293515979,0.788264199628335
0.497996091213019,0.788264199628335
0.499314290485895,0.788264199628335
0.49792907025245,0.788264199628335
0.498488324833622,0.788264199628335
0.492475290811676,0.788264199628335
0.496426513490701,0.788264199628335
0.49802260791222,0.788264199628335
0.498136648666735,0.788264199628335
0.503150122639327,0.788264199628335
0.498051663632574,0.788264199628335
0.505759979726419,0.788264199628335
0.494693424846831,0.788264199628335
0.496581400382436,0.788264199628335
0.489323678567851,0.788264199628335
0.499497890706358,0.788264199628335
0.499923477596206,0.788264199628335
0.495485124509223,0.788264199628335
0.497591006289532,0.788264199628335
0.496317483490949,0.788264199628335
0.495508424180212,0.788264199628335
0.489337456920535,0.788264199628335
0.499110475870961,0.788264199628335
0.495670573346495,0.788264199628335
0.498195420533213,0.788264199628335
0.498711435623755,0.788264199628335
0.494397274773056,0.788264199628335
0.496824916928878,0.788264199628335
0.497256266739685,0.788264199628335
0.501400784034622,0.788264199628335
0.499177285488645,0.788264199628335
0.495478116323552,0.788264199628335
0.492685551948172,0.788264199628335
0.499598131951237,0.788264199628335
0.497598279186988,0.788264199628335
0.500672198732538,0.788264199628335
0.49716702955149,0.788264199628335
0.497135220996566,0.788264199628335
0.500011728892624,0.788264199628335
0.498716468384463,0.788264199628335
0.493382650219165,0.788264199628335
0.494706177812962,0.788264199628335
0.498474280381283,0.788264199628335
0.49248497948316,0.788264199628335
0.505186870592613,0.788264199628335
0.492790778868336,0.788264199628335
0.503238567517047,0.788264199628335
0.503899138243072,0.788264199628335
0.501149238867989,0.788264199628335
0.495812863100718,0.788264199628335
0.492477017133794,0.788264199628335
0.504953633991691,0.788264199628335
0.494416455106093,0.788264199628335
0.50052989291127,0.788264199628335
0.501271967744112,0.788264199628335
0.509057242983971,0.788264199628335
0.496093863447194,0.788264199628335
0.496294210859831,0.788264199628335
0.502392071673522,0.788264199628335
0.49812863742145,0.788264199628335
0.496563623129158,0.788264199628335
0.494384805698209,0.788264199628335
0.500206165714674,0.788264199628335
0.494052613732122,0.788264199628335
0.496792398114033,0.788264199628335
0.49921837120896,0.788264199628335
0.496767781076755,0.788264199628335
0.499607385275782,0.788264199628335
0.501377403557418,0.788264199628335
0.498604730912492,0.788264199628335
0.49926513118843,0.788264199628335
0.495866072791588,0.788264199628335
0.493355347897109,0.788264199628335
0.494591783617244,0.788264199628335
0.498940906759887,0.788264199628335
0.49651526897685,0.788264199628335
0.496081180610908,0.788264199628335
0.488307129612622,0.788264199628335
0.504627808037712,0.788264199628335
0.494711198570615,0.788264199628335
0.495456157064862,0.788264199628335
0.499306077622985,0.788264199628335
0.506698993710799,0.788264199628335
0.495139489356941,0.788264199628335
0.500474154585031,0.788264199628335
0.496078008881079,0.788264199628335
0.494051951126666,0.788264199628335
0.500629426891449,0.788264199628335
0.500597341257884,0.788264199628335
0.499677859186101,0.788264199628335
0.498624379558788,0.788264199628335
0.498952876823018,0.788264199628335
0.509377030598544,0.788264199628335
0.496545995824829,0.788264199628335
0.498882542532466,0.788264199628335
0.501322104765773,0.788264199628335
0.493843735796744,0.788264199628335
0.505089441459712,0.788264199628335
0.500548002421592,0.788264199628335
0.497600217012324,0.788264199628335
0.499483358250728,0.788264199628335
0.505762598614472,0.788264199628335
0.497246870851715,0.788264199628335
0.492526484836609,0.788264199628335
0.493307513234442,0.788264199628335
0.504832676616813,0.788264199628335
0.49456370437195,0.788264199628335
0.502349959887314,0.788264199628335
0.493498355588187,0.788264199628335
0.50212768009234,0.788264199628335
0.497764967590221,0.788264199628335
0.498324337709257,0.788264199628335
0.500530227001283,0.788264199628335
0.50278847645969,0.788264199628335
0.499702010092086,0.788264199628335
0.491635349418572,0.788264199628335
0.497668832010703,0.788264199628335
0.503362989200058,0.788264199628335
0.493007115374805,0.788264199628335
0.503017361433156,0.788264199628335
0.485362148176256,0.788264199628335
0.505650201194045,0.788264199628335
0.509852886185892,0.788264199628335
0.486764571326616,0.788264199628335
0.491202896148937,0.788264199628335
0.499527194670877,0.788264199628335
0.495216471360428,0.788264199628335
0.503166153136042,0.788264199628335
0.497137858381568,0.788264199628335
0.487825804777475,0.788264199628335
0.502549420141511,0.788264199628335
0.48741561005712,0.788264199628335
0.497113526961951,0.788264199628335
0.505684946519004,0.788264199628335
0.497038461841515,0.788264199628335
0.496086990807086,0.788264199628335
0.500887248945257,0.788264199628335
0.50525935353092,0.788264199628335
0.491529614487825,0.788264199628335
0.495585301783309,0.788264199628335
0.50060135349276,0.788264199628335
0.497008370678475,0.788264199628335
0.490343787410721,0.788264199628335
0.495289933941691,0.788264199628335
0.495862282423644,0.788264199628335
0.502308810577128,0.788264199628335
0.500351590143923,0.788264199628335
0.497710889952535,0.788264199628335
0.501092038590985,0.788264199628335
0.49700782546885,0.788264199628335
0.504827562606478,0.788264199628335
0.497433178096666,0.788264199628335
0.492621696859029,0.788264199628335
0.48924780340106,0.788264199628335
0.495051814815507,0.788264199628335
0.499834999348983,0.788264199628335
0.495466810235254,0.788264199628335
0.495892603604166,0.788264199628335
0.501263723667568,0.788264199628335
0.49807187108881,0.788264199628335
0.500754112826928,0.788264199628335
0.496814938523365,0.788264199628335
0.49955545141824,0.788264199628335
0.489783066957104,0.788264199628335
0.491269513158049,0.788264199628335
0.505143029970015,0.788264199628335
0.497094790537677,0.788264199628335
0.491675702856415,0.788264199628335
0.503830663539412,0.788264199628335
0.492667069790531,0.788264199628335
0.495704838623741,0.788264199628335
0.50183415885304,0.788264199628335
0.497630364526643,0.788264199628335
0.495615852456939,0.788264199628335
0.498985574070024,0.788264199628335
0.500443263430185,0.788264199628335
0.49656417233312,0.788264199628335
0.501254058867555,0.788264199628335
0.50841719644233,0.788264199628335
0.498962471383122,0.788264199628335
0.49298388905946,0.788264199628335
0.500759970185532,0.788264199628335
0.503576674583604,0.788264199628335
0.503199582208459,0.788264199628335
0.504167863883576,0.788264199628335
0.505170402555853,0.788264199628335
0.496572141221631,0.788264199628335
0.496708600609316,0.788264199628335
0.496263304112302,0.788264199628335
0.497222926562119,0.788264199628335
0.503390539201035,0.788264199628335
0.499774148139226,0.788264199628335
0.493332361622498,0.788264199628335
0.506340399971471,0.788264199628335
0.502842376285015,0.788264199628335
0.506800300006067,0.788264199628335
0.492342378063377,0.788264199628335
0.493545129711739,0.788264199628335
0.506709114383081,0.788264199628335
0.496190007770648,0.788264199628335
0.503683231248643,0.788264199628335
0.502424314883304,0.788264199628335
0.495836700198677,0.788264199628335
0.49496748923197,0.788264199628335
0.49664557448631,0.788264199628335
0.498738990553915,0.788264199628335
0.495921328093259,0.788264199628335
0.503843206253617,0.788264199628335
0.4964959281418,0.788264199628335
0.49433681217224,0.788264199628335
0.495400548057863,0.788264199628335
0.49639932259341,0.788264199628335
0.503575395481549,0.788264199628335
0.502726340180336,0.788264199628335
0.50579025434986,0.788264199628335
0.502530532338498,0.788264199628335
0.501386528143228,0.788264199628335
0.49428346775938,0.788264199628335
0.498208439159834,0.788264199628335
0.500472873734755,0.788264199628335
0.503214730644746,0.788264199628335
0.490833995770751,0.788264199628335
0.492302949590992,0.788264199628335
0.495749522467278,0.788264199628335
0.498738389603316,0.788264199628335
0.489419724022587,0.788264199628335
0.499627698461124,0.788264199628335
0.497809386504302,0.788264199628335
0.505890417439829,0.788264199628335
0.504116049379106,0.788264199628335
0.501356599997118,0.788264199628335
0.492890077088532,0.788264199628335
0.491513444517331,0.788264199628335
0.49502512083104,0.788264199628335
0.505895169691019,0.788264199628335
0.501058608445425,0.788264199628335
0.507011166487192,0.788264199628335
0.499394758768981,0.788264199628335
0.497971105447105,0.788264199628335
0.492255225829123,0.788264199628335
0.502913829959031,0.788264199628335
0.512230333816149,0.788264199628335
0.498272432799921,0.788264199628335
0.497809889871609,0.788264199628335
0.492235189381217,0.788264199628335
0.491132972197641,0.788264199628335
0.497856750277002,0.788264199628335
0.496432279343981,0.788264199628335
0.495377661109387,0.788264199628335
0.505898888303453,0.788264199628335
0.500963603129466,0.788264199628335
0.489745403886877,0.788264199628335
0.49735689615194,0.788264199628335
0.49695038492987,0.788264199628335
0.498307869584037,0.788264199628335
0.49521158467355,0.788264199628335
0.501288929089361,0.788264199628335
0.499660557848078,0.788264199628335
0.501568726525382,0.788264199628335
0.498640327487654,0.788264199628335
0.500824136283918,0.788264199628335
0.494339607185988,0.788264199628335
0.502237860349784,0.788264199628335
0.496837571787728,0.788264199628335
0.500283039418267,0.788264199628335
0.501407237834964,0.788264199628335
0.498367651793268,0.788264199628335
0.496746036386086,0.788264199628335
0.505357644814265,0.788264199628335
0.492983179260022,0.788264199628335
0.49466753081538,0.788264199628335
0.507999471575918,0.788264199628335
0.496499032996289,0.788264199628335
0.4942316512605,0.788264199628335
0.492698013553267,0.788264199628335
0.493906892487086,0.788264199628335
0.503436323349493,0.788264199628335
0.499639784655991,0.788264199628335
0.501342399065101,0.788264199628335
0.492722583208169,0.788264199628335
0.500462344570087,0.788264199628335
0.49874232521345,0.788264199628335
0.49192263030663,0.788264199628335
0.496770223245377,0.788264199628335
0.501104659431904,0.788264199628335
0.491709102490969,0.788264199628335
0.501311555599227,0.788264199628335
0.506869193378093,0.788264199628335
0.499473016560209,0.788264199628335
0.500329399252893,0.788264199628335
0.490748707705644,0.788264199628335
0.496554596532958,0.788264199628335
0.495971452010009,0.788264199628335
0.492738474123973,0.788264199628335
0.497521970434846,0.788264199628335
0.495609841413972,0.788264199628335
0.500872922078832,0.788264199628335
0.494507402422594,0.788264199628335
0.498085429758497,0.788264199628335
0.49390412976234,0.788264199628335
0.50091072233478,0.788264199628335
0.494340959663245,0.788264199628335
0.490095737290105,0.788264199628335
0.504331475735866,0.788264199628335
0.496288329342332,0.788264199628335
0.497319784157332,0.788264199628335
0.498080469082029,0.788264199628335
0.499248495408587,0.788264199628335
0.506266965596517,0.788264199628335
0.49937370358908,0.788264199628335
0.498320022649486,0.788264199628335
0.501933915286757,0.788264199628335
0.501188850776339,0.788264199628335
0.502017488201069,0.788264199628335
0.492842702144504,0.788264199628335
0.507571535448466,0.788264199628335
0.495180920897836,0.788264199628335
0.503645214664789,0.788264199628335
0.506156920652048,0.788264199628335
0.506244738642729,0.788264199628335
0.500602036524281,0.788264199628335
0.497948013446986,0.788264199628335
0.501045035502759,0.788264199628335
0.500053630635997,0.788264199628335
0.50506759245431,0.788264199628335
0.497980541926706,0.788264199628335
0.492813720693897,0.788264199628335
0.50344077293491,0.788264199628335
0.497921721017192,0.788264199628335
0.493968212331326,0.788264199628335
0.499326478187781,0.788264199628335
0.503094906410119,0.788264199628335
0.501727643083002,0.788264199628335
0.506150807520521,0.788264199628335
0.500184773367267,0.788264199628335
0.499469025479294,0.788264199628335
0.494836797115286,0.788264199628335
0.500565126770876,0.788264199628335
0.501626068030175,0.788264199628335
0.497490456417049,0.788264199628335
0.502350813336824,0.788264199628335
0.499724506486675,0.788264199628335
0.493285991890993,0.788264199628335
0.49770775804445,0.788264199628335
0.493653039112237,0.788264199628335
0.492380877954708,0.788264199628335
0.491048234917778,0.788264199628335
0.504235837073166,0.788264199628335
0.497207801932928,0.788264199628335
0.501310692653414,0.788264199628335
0.497802025275979,0.788264199628335
0.496761300740344,0.788264199628335
0.503425616434066,0.788264199628335
0.498487779565589,0.788264199628335
0.498317034775861,0.788264199628335
0.498152959652291,0.788264199628335
0.488433963762002,0.788264199628335
0.50138794169693,0.788264199628335
0.497407531791262,0.788264199628335
0.497644570926719,0.788264199628335
0.495778355505021,0.788264199628335
0.500613048349516,0.788264199628335
0.506292332293447,0.788264199628335
0.491526593064862,0.788264199628335
0.495056715170655,0.788264199628335
0.503013014136441,0.788264199628335
0.498494430335722,0.788264199628335
0.500023659308632,0.788264199628335
0.500954682494098,0.788264199628335
0.497338188365115,0.788264199628335
0.497304025622992,0.788264199628335
0.499137357663136,0.788264199628335
0.504948842703941,0.788264199628335
0.498046239324037,0.788264199628335
0.50033207509843,0.788264199628335
0.504600040566143,0.788264199628335
0.504014727044487,0.788264199628335
0.501363911561677,0.788264199628335
0.50320654399003,0.788264199628335
0.49703030182015,0.788264199628335
0.500666666712885,0.788264199628335
0.502558624301916,0.788264199628335
0.500220885538861,0.788264199628335
0.500355310072482,0.788264199628335
0.498710883681271,0.788264199628335
0.50247967976655,0.788264199628335
0.493411745182435,0.788264199628335
0.494063838346362,0.788264199628335
0.495687089118294,0.788264199628335
0.495480270890438,0.788264199628335
0.49533566877852,0.788264199628335
0.497696478108648,0.788264199628335
0.49749503859185,0.788264199628335
0.495635333369871,0.788264199628335
0.497939713198319,0.788264199628335
0.49343021821017,0.788264199628335
0.493634234019474,0.788264199628335
0.495214769393487,0.788264199628335
0.497729241854612,0.788264199628335
0.502260544344747,0.788264199628335
0.491411190747748,0.788264199628335
0.495786327884926,0.788264199628335
0.505174346043745,0.788264199628335
0.501450196202539,0.788264199628335
0.497203051172864,0.788264199628335
0.498111304508675,0.788264199628335
0.493914464713946,0.788264199628335
0.495243427440565,0.788264199628335
0.496522599066915,0.788264199628335
0.498708870077506,0.788264199628335
0.506763148556005,0.788264199628335
0.498931045717502,0.788264199628335
0.500237781202156,0.788264199628335
0.498700093859956,0.788264199628335
0.491859907426245,0.788264199628335
0.496745660961665,0.788264199628335
0.498259237876527,0.788264199628335
0.50041219102282,0.788264199628335
0.500909854857275,0.788264199628335
0.495368492314002,0.788264199628335
0.490923653251189,0.788264199628335
0.496073458545005,0.788264199628335
0.493635983991571,0.788264199628335
0.495672008166481,0.788264199628335
0.503038189401058,0.788264199628335
0.499622669234257,0.788264199628335
0.502639232937602,0.788264199628335
0.496981999401751,0.788264199628335
0.49272507359375,0.788264199628335
0.503721212204863,0.788264199628335
0.496259590947134,0.788264199628335
0.499541779667641,0.788264199628335
0.49802009606989,0.788264199628335
0.507565676260375,0.788264199628335
0.493290388097071,0.788264199628335
0.502599421307711,0.788264199628335
0.500275183112826,0.788264199628335
0.501632083743487,0.788264199628335
0.502120576853443,0.788264199628335
0.504885186894023,0.788264199628335
0.499620389345859,0.788264199628335
0.493043449096565,0.788264199628335
0.497050612340639,0.788264199628335
0.495969571172323,0.788264199628335
0.501001815677856,0.788264199628335
0.504734550341966,0.788264199628335
0.495806217823025,0.788264199628335
0.500811182841575,0.788264199628335
0.498813592405248,0.788264199628335
0.494248907834327,0.788264199628335
0.494696863106281,0.788264199628335
0.489238073871397,0.788264199628335
0.496294888776306,0.788264199628335
0.502099259519756,0.788264199628335
0.501437634201568,0.788264199628335
0.50012958507451,0.788264199628335
0.499941658104302,0.788264199628335
0.493025663234631,0.788264199628335
0.502317710346726,0.788264199628335
0.494926596240706,0.788264199628335
0.500276138876806,0.788264199628335
0.503558644982668,0.788264199628335
0.500518587533721,0.788264199628335
0.499124514695862,0.788264199628335
0.498989092863702,0.788264199628335
0.495906918532228,0.788264199628335
0.501176366322687,0.788264199628335
0.498948613502431,0.788264199628335
0.496344631418035,0.788264199628335
0.504779461775113,0.788264199628335
0.500434406192866,0.788264199628335
0.504411440436889,0.788264199628335
0.504143692121169,0.788264199628335
0.49930011737898,0.788264199628335
0.502402936582053,0.788264199628335
0.491618485876333,0.788264199628335
0.498533809921258,0.788264199628335
0.498367039690197,0.788264199628335
0.499672958901551,0.788264199628335
0.49782879436528,0.788264199628335
0.49979124363275,0.788264199628335
0.49410817372266,0.788264199628335
0.50185347535063,0.788264199628335
0.501187544502831,0.788264199628335
0.499287095303176,0.788264199628335
0.497846798090139,0.788264199628335
0.4957232090072,0.788264199628335
0.490081333932047,0.788264199628335
0.494562212387468,0.788264199628335
0.500347423861542,0.788264199628335
0.49719040706127,0.788264199628335
0.497047641657367,0.788264199628335
0.508977042867512,0.788264199628335
0.497489940203274,0.788264199628335
0.50491566754553,0.788264199628335
0.503867434682934,0.788264199628335
0.502811148541408,0.788264199628335
0.495613694380402,0.788264199628335
0.495360746578033,0.788264199628335
0.492371523917302,0.788264199628335
0.501051663810072,0.788264199628335
0.493027131926571,0.788264199628335
0.497332344440637,0.788264199628335
0.494983068863297,0.788264199628335
0.504596472724322,0.788264199628335
0.503427740814738,0.788264199628335
0.49052878376546,0.788264199628335
0.498203405708739,0.788264199628335
0.491700330111262,0.788264199628335
0.493361859868781,0.788264199628335
0.496812858343148,0.788264199628335
0.502043850218966,0.788264199628335
0.503225069241979,0.788264199628335
0.495071616236967,0.788264199628335
0.492401800314088,0.788264199628335
0.500671206618278,0.788264199628335
0.497485176962067,0.788264199628335
0.492527476415335,0.788264199628335
0.495820139774816,0.788264199628335
0.501799695551315,0.788264199628335
0.508676007878449,0.788264199628335
0.488774094433073,0.788264199628335
0.503650000896252,0.788264199628335
0.504285627771176,0.788264199628335
0.494710376978356,0.788264199628335
0.4977802794079,0.788264199628335
0.499347747505964,0.788264199628335
0.504084841900483,0.788264199628335
0.498518555101278,0.788264199628335
0.501988363188376,0.788264199628335
0.496828716269014,0.788264199628335
0.490256329451157,0.788264199628335
0.493603010483135,0.788264199628335
0.499458517410063,0.788264199628335
0.494071102849798,0.788264199628335
0.497860159212509,0.788264199628335
0.49988815220929,0.788264199628335
0.497251227238712,0.788264199628335
0.493199819942949,0.788264199628335
0.492298392436085,0.788264199628335
0.504449377408805,0.788264199628335
0.5036974661518,0.788264199628335
0.500499424362567,0.788264199628335
0.498284569850345,0.788264199628335
0.496782052693847,0.788264199628335
0.503467932718135,0.788264199628335
0.501310095243863,0.788264199628335
0.507779660926307,0.788264199628335
0.495789298314621,0.788264199628335
0.499653343831168,0.788264199628335
0.500324221208696,0.788264199628335
0.494898039420605,0.788264199628335
0.494544127683545,0.788264199628335
0.490864412937321,0.788264199628335
0.498411157977655,0.788264199628335
0.498502617897878,0.788264199628335
0.501774840720309,0.788264199628335
0.49720865093145,0.788264199628335
0.494019066148993,0.788264199628335
0.503468492169509,0.788264199628335
0.504270187920657,0.788264199628335
0.493245898939494,0.788264199628335
0.493612427588297,0.788264199628335
0.503514889349471,0.788264199628335
0.495020828267838,0.788264199628335
0.497367579471135,0.788264199628335
0.494273778663029,0.788264199628335
0.500278881456356,0.788264199628335
0.499427671894162,0.788264199628335
0.491193597492315,0.788264199628335
0.50552109531193,0.788264199628335
0.501400574968752,0.788264199628335
0.498396680694158,0.788264199628335
0.499356032962034,0.788264199628335
0.500013084927359,0.788264199628335
0.502395276064581,0.788264199628335
0.500548209608477,0.788264199628335
0.495948276767572,0.788264199628335
0.508320337078376,0.788264199628335
0.494430329960368,0.788264199628335
0.494314838955584,0.788264199628335
0.50609721788396,0.788264199628335
0.501838834948904,0.788264199628335
0.507127308791414,0.788264199628335
0.509369634708894,0.788264199628335
0.489937445162979,0.788264199628335
0.503289916702882,0.788264199628335
0.49446927731413,0.788264199628335
0.497519276469289,0.788264199628335
0.497211217683601,0.788264199628335
0.491723632104138,0.788264199628335
0.495361299215453,0.788264199628335
0.500963863055513,0.788264199628335
0.505053774343138,0.788264199628335
0.49769858093269,0.788264199628335
0.50389995377382,0.788264199628335
0.499685359666488,0.788264199628335
0.497757630621551,0.788264199628335
0.490419598600261,0.788264199628335
0.490154445468326,0.788264199628335
0.494445300949251,0.788264199628335
0.500051164646742,0.788264199628335
0.499936991219256,0.788264199628335
0.50217445910469,0.788264199628335
0.500500842550507,0.788264199628335
0.494861102120335,0.788264199628335
0.498130408690712,0.788264199628335
0.496032615219493,0.788264199628335
0.494680559331996,0.788264199628335
0.488966682954387,0.788264199628335
0.499513533669475,0.788264199628335
0.492134208586253,0.788264199628335
0.497852716985284,0.788264199628335
0.5040559214495,0.788264199628335
0.495342595334357,0.788264199628335
0.492319183811192,0.788264199628335
0.497304981076117,0.788264199628335
0.500148845855795,0.788264199628335
0.50115386886773,0.788264199628335
0.495732920906176,0.788264199628335
0.497881358868176,0.788264199628335
0.490024517569736,0.788264199628335
0.495846234781473,0.788264199628335
0.498747560447058,0.788264199628335
0.501574342532204,0.788264199628335
0.498651790477588,0.788264199628335
0.49932448110117,0.788264199628335
0.495576829141572,0.788264199628335
0.504857893056614,0.788264199628335
0.495699768699165,0.788264199628335
0.504673241522517,0.788264199628335
0.504939738979435,0.788264199628335
0.497955981505353,0.788264199628335
0.498598779649975,0.788264199628335
0.495972765834995,0.788264199628335
0.49715714235938,0.788264199628335
0.502617646990702,0.788264199628335
0.504681418073517,0.788264199628335
0.502859778126171,0.788264199628335
0.500941563736142,0.788264199628335
0.488284895524403,0.788264199628335
0.499091323284359,0.788264199628335
0.494686711688385,0.788264199628335
0.501941791926962,0.788264199628335
0.499165217168026,0.788264199628335
0.496767535445376,0.788264199628335
0.496973809243323,0.788264199628335
0.495550129003355,0.788264199628335
0.49449538909956,0.788264199628335
0.494493145845535,0.788264199628335
0.497022220385892,0.788264199628335
0.495261548202114,0.788264199628335
0.493559944734526,0.788264199628335
0.504341155193049,0.788264199628335
0.497073896886518,0.788264199628335
0.501001004611874,0.788264199628335
0.498798745491979,0.788264199628335
0.498178000192971,0.788264199628335
0.497436415876814,0.788264199628335
0.491736433835294,0.788264199628335
0.4890631033167,0.788264199628335
0.500390965302778,0.788264199628335
0.489384716712288,0.788264199628335
0.503624539246763,0.788264199628335
0.495584026527267,0.788264199628335
0.503245667407584,0.788264199628335
0.498160496821677,0.788264199628335
0.503315546275447,0.788264199628335
0.487670859688827,0.788264199628335
0.499741875611395,0.788264199628335
0.501235246586642,0.788264199628335
0.495026729562079,0.788264199628335
0.497043745167091,0.788264199628335
0.503114522592881,0.788264199628335
0.489294354626159,0.788264199628335
0.490262352353977,0.788264199628335
0.505987477533058,0.788264199628335
0.504036590432131,0.788264199628335
0.497876935163973,0.788264199628335
0.502162621082439,0.788264199628335
0.499901515928251,0.788264199628335
0.499094907192345,0.788264199628335
0.506959772603114,0.788264199628335
0.496745849953925,0.788264199628335
0.494896180394763,0.788264199628335
0.496242862215187,0.788264199628335
0.497464326929736,0.788264199628335
0.504753845192076,0.788264199628335
0.50292683447134,0.788264199628335
0.500037742740342,0.788264199628335
0.506361828344918,0.788264199628335
0.499236208965021,0.788264199628335
0.503543026734305,0.788264199628335
0.497985630811063,0.788264199628335
0.497974821411242,0.788264199628335
0.497429663724496,0.788264199628335
0.50143519237231,0.788264199628335
0.502117934192453,0.788264199628335
0.491423506270848,0.788264199628335
0.503114721845418,0.788264199628335
0.495277337553877,0.788264199628335
0.499893954904487,0.788264199628335
0.494189474238793,0.788264199628335
0.497933962913106,0.788264199628335
0.492688118823388,0.788264199628335
0.503967620275359,0.788264199628335
0.490430731913821,0.788264199628335
0.501811052171559,0.788264199628335
0.499981290613819,0.788264199628335
0.498960240802118,0.788264199628335
0.496285628420378,0.788264199628335
0.49837250822605,0.788264199628335
0.501807087128261,0.788264199628335
0.500817897717349,0.788264199628335
0.503644745150228,0.788264199628335
0.502023493438187,0.788264199628335
0.500487226082313,0.788264199628335
0.500844492528783,0.788264199628335
0.497686559920127,0.788264199628335
0.497785595955136,0.788264199628335
0.495900849397157,0.788264199628335
0.496387806669555,0.788264199628335
0.505198681215908,0.788264199628335
0.49861348420193,0.788264199628335
0.493302037568571,0.788264199628335
0.50284236633403,0.788264199628335
0.498300475761852,0.788264199628335
0.492194754006205,0.788264199628335
0.503434186594782,0.788264199628335
0.494920193997306,0.788264199628335
0.494285761483441,0.788264199628335
0.500073784370123,0.788264199628335
0.504671776724834,0.788264199628335
0.494781302187119,0.788264199628335
0.499087512240112,0.788264199628335
0.495905238801368,0.788264199628335
0.497501736428186,0.788264199628335
0.498502952558066,0.788264199628335
0.491428625094223,0.788264199628335
0.50359348403548,0.788264199628335
0.497807242414591,0.788264199628335
0.499410772241103,0.788264199628335
0.495640973451191,0.788264199628335
0.496392865343505,0.788264199628335
0.500027914840837,0.788264199628335
0.500718929785896,0.788264199628335
0.501189093838267,0.788264199628335
0.499469457474644,0.788264199628335
0.489177021417128,0.788264199628335
0.502577634060226,0.788264199628335
0.498972467451233,0.788264199628335
0.499926673310253,0.788264199628335
0.498869331109683,0.788264199628335
0.503283933675748,0.788264199628335
0.501219549005341,0.788264199628335
0.494356017825353,0.788264199628335
0.494936833818002,0.788264199628335
0.503356379154799,0.788264199628335
0.498171805010667,0.788264199628335
0.498240901363081,0.788264199628335
0.502838692259165,0.788264199628335
0.503466824112643,0.788264199628335
0.501638855125684,0.788264199628335
0.506836856001966,0.788264199628335
0.499617424167703,0.788264199628335
0.491822358622291,0.788264199628335
0.495459337894043,0.788264199628335
0.491253021186712,0.788264199628335
0.495302843240986,0.788264199628335
0.497546062151263,0.788264199628335
0.497269182359929,0.788264199628335
0.502891087165301,0.788264199628335
0.494989162571445,0.788264199628335
0.5026297792991,0.788264199628335
0.503203895768933,0.788264199628335
0.503993620127692,0.788264199628335
0.494075326530756,0.788264199628335
0.506600297779316,0.788264199628335
0.496155448122765,0.788264199628335
0.492563290418798,0.788264199628335
0.50027797957227,0.788264199628335
0.503298229584107,0.788264199628335
0.49847264275435,0.788264199628335
0.493689731493968,0.788264199628335
0.494866580302066,0.788264199628335
0.505780695162695,0.788264199628335
0.49443751913082,0.788264199628335
0.498941052779566,0.788264199628335
0.497630035592583,0.788264199628335
0.501420505752654,0.788264199628335
0.503786783558791,0.788264199628335
0.498991260255685,0.788264199628335
0.491449318348853,0.788264199628335
0.5102265489847,0.788264199628335
0.499195046635723,0.788264199628335
0.4941917961838,0.788264199628335
0.496904567119338,0.788264199628335
0.501987328093577,0.788264199628335
0.496941778369373,0.788264199628335
0.502124694847076,0.788264199628335
0.503928523257174,0.788264199628335
0.496120450300111,0.788264199628335
0.497454554278898,0.788264199628335
0.499679972225628,0.788264199628335
0.492540406241658,0.788264199628335
0.498789756713701,0.788264199628335
0.493659050492275,0.788264199628335
0.50010959819298,0.788264199628335
0.506284557530098,0.788264199628335
0.494644555726738,0.788264199628335
0.496445761561564,0.788264199628335
0.503943803039945,0.788264199628335
0.49222520417198,0.788264199628335
0.49877506530289,0.788264199628335
0.507221858005682,0.788264199628335
0.497023773914007,0.788264199628335
0.487156048617167,0.788264199628335
0.49588085903817,0.788264199628335
0.489635024228948,0.788264199628335
0.494015375452391,0.788264199628335
0.500280861955809,0.788264199628335
0.500829115222641,0.788264199628335
0.49671309067127,0.788264199628335
0.495437668954595,0.788264199628335
0.495520067626991,0.788264199628335
0.494916561892321,0.788264199628335
0.503152469116513,0.788264199628335
0.496317547609039,0.788264199628335
0.485922423099259,0.788264199628335
0.503800144682695,0.788264199628335
0.507650452727885,0.788264199628335
0.504929311247421,0.788264199628335
0.498623503817452,0.788264199628335
0.497571804995766,0.788264199628335
0.508855962248052,0.788264199628335
0.497720417790933,0.788264199628335
0.501358880044169,0.788264199628335
0.494955377174646,0.788264199628335
0.503868760819831,0.788264199628335
0.498060461893474,0.788264199628335
0.495659868726305,0.788264199628335
0.496186105717425,0.788264199628335
0.503463825039212,0.788264199628335
0.504449492702206,0.788264199628335
0.498662357982952,0.788264199628335
0.496510711817614,0.788264199628335
0.501223810181754,0.788264199628335
0.497180794744339,0.788264199628335
0.498336340170441,0.788264199628335
0.502446885700071,0.788264199628335
0.502646239085172,0.788264199628335
0.503555348371487,0.788264199628335
0.504140938197969,0.788264199628335
0.50590497211942,0.788264199628335
0.494274889074406,0.788264199628335
0.492995348433147,0.788264199628335
0.50171748059545,0.788264199628335
0.494219236909344,0.788264199628335
0.502976056972421,0.788264199628335
0.50159398302023,0.788264199628335
0.501104701404094,0.788264199628335
0.490661034271155,0.788264199628335
0.491456911710967,0.788264199628335
0.496800230671632,0.788264199628335
0.502555435917318,0.788264199628335
0.503056769667199,0.788264199628335
0.50190245063727,0.788264199628335
0.496659712823148,0.788264199628335
0.493925640365802,0.788264199628335
0.499413117496336,0.788264199628335
0.497842372788802,0.788264199628335
0.498072258117626,0.788264199628335
0.493237102402459,0.788264199628335
0.49558965379854,0.788264199628335
0.499529751159041,0.788264199628335
0.504243064461751,0.788264199628335
0.500459922669321,0.788264199628335
0.495146874788255,0.788264199628335
0.49721497377306,0.788264199628335
0.492892285188127,0.788264199628335
0.492542673049454,0.788264199628335
0.500012613637878,0.788264199628335
0.50018330822276,0.788264199628335
0.500360072462014,0.788264199628335
0.499130868083392,0.788264199628335
0.495427115177493,0.788264199628335
0.501407924622812,0.788264199628335
0.500217442635788,0.788264199628335
0.506482365745358,0.788264199628335
0.50192653022445,0.788264199628335
0.49772059817546,0.788264199628335
0.498118131489412,0.788264199628335
0.49931231618945,0.788264199628335
0.497312911747862,0.788264199628335
0.500623463065359,0.788264199628335
0.497467918709462,0.788264199628335
0.496639547980005,0.788264199628335
0.494173640475387,0.788264199628335
0.499463238597334,0.788264199628335
0.499477447862213,0.788264199628335
0.499358379137513,0.788264199628335
0.489329501671367,0.788264199628335
0.498023707156683,0.788264199628335
0.49526611111788,0.788264199628335
0.499210022729711,0.788264199628335
0.495442432419383,0.788264199628335
0.503903999253965,0.788264199628335
0.503072036633914,0.788264199628335
0.500186062461939,0.788264199628335
0.50103932404825,0.788264199628335
0.497189437806312,0.788264199628335
0.501770566474035,0.788264199628335
0.499166044337563,0.788264199628335
0.503753478487384,0.788264199628335
0.484910261722519,0.788264199628335
0.494693494617567,0.788264199628335
0.495693214807517,0.788264199628335
0.503573555168489,0.788264199628335
0.504434502994154,0.788264199628335
0.4974658979795,0.788264199628335
0.500310975807631,0.788264199628335
0.497495017253923,0.788264199628335
0.501402833733413,0.788264199628335
0.498444861146269,0.788264199628335
0.506238721311562,0.788264199628335
0.504156586657283,0.788264199628335
0.489499529879377,0.788264199628335
0.499105667216425,0.788264199628335
0.491191131283967,0.788264199628335
0.499623390100465,0.788264199628335
0.497345610100654,0.788264199628335
0.497885116083344,0.788264199628335
0.492723763589045,0.788264199628335
0.490114331827839,0.788264199628335
0.5044118832037,0.788264199628335
0.497918978306165,0.788264199628335
0.491914518679179,0.788264199628335
0.496857679393321,0.788264199628335
0.504998346249071,0.788264199628335
0.50384962672757,0.788264199628335
0.494654745499257,0.788264199628335
0.49857431149937,0.788264199628335
0.504465768943504,0.788264199628335
0.503203397641627,0.788264199628335
0.498287853712119,0.788264199628335
0.49423184158606,0.788264199628335
0.501701263267255,0.788264199628335
0.498710036209214,0.788264199628335
0.496027402524552,0.788264199628335
0.491612598433188,0.788264199628335
0.502739148055098,0.788264199628335
0.49714762401301,0.788264199628335
0.501180276993474,0.788264199628335
0.492354416785448,0.788264199628335
0.496973048705032,0.788264199628335
0.503294563210555,0.788264199628335
0.501890636984357,0.788264199628335
0.496896178766298,0.788264199628335
0.502357186070092,0.788264199628335
0.498180046491678,0.788264199628335
0.496591462650815,0.788264199628335
0.494768778432871,0.788264199628335
0.493206176081347,0.788264199628335
0.49886730531038,0.788264199628335
0.50061297021379,0.788264199628335
0.499830444449856,0.788264199628335
0.498550642047173,0.788264199628335
0.496884597464673,0.788264199628335
0.49822464240472,0.788264199628335
0.491999752894713,0.788264199628335
0.496953561655332,0.788264199628335
0.494279239609851,0.788264199628335
0.492966378772241,0.788264199628335
0.497013396031884,0.788264199628335
0.494583148965205,0.788264199628335
0.497736374293945,0.788264199628335
0.498468722387631,0.788264199628335
0.498474573426275,0.788264199628335
0.4971258253225,0.788264199628335
0.499200837149773,0.788264199628335
0.499950423718079,0.788264199628335
0.497978731366699,0.788264199628335
0.496345991708037,0.788264199628335
0.504358561578028,0.788264199628335
0.504492351534986,0.788264199628335
0.506769807603483,0.788264199628335
0.493469313412165,0.788264199628335
0.503199337771613,0.788264199628335
0.494223778715973,0.788264199628335
0.491659201063925,0.788264199628335
0.49642252742491,0.788264199628335
0.503385355304165,0.788264199628335
0.502086586651881,0.788264199628335
0.492409532747802,0.788264199628335
0.493165089101703,0.788264199628335
0.499700648557498,0.788264199628335
0.492584966005083,0.788264199628335
0.492088676182878,0.788264199628335
0.490571874941001,0.788264199628335
0.490869718953699,0.788264199628335
0.499410391414358,0.788264199628335
0.501394879894789,0.788264199628335
0.496063054174827,0.788264199628335
0.499209443552012,0.788264199628335
0.495169675941573,0.788264199628335
0.501678702908022,0.788264199628335
0.497480999570751,0.788264199628335
0.504146535171503,0.788264199628335
0.498749276377875,0.788264199628335
0.49804584450294,0.788264199628335
0.497524085671453,0.788264199628335
0.500153634969362,0.788264199628335
0.503522821213801,0.788264199628335
0.498177628145541,0.788264199628335
0.497496143759779,0.788264199628335
0.50527839096877,0.788264199628335
0.492685938206159,0.788264199628335
0.496752902940668,0.788264199628335
0.495821834909868,0.788264199628335
0.497829968340608,0.788264199628335
0.491135036442155,0.788264199628335
0.496947513367498,0.788264199628335
0.500198268759155,0.788264199628335
0.50337226778184,0.788264199628335
0.495713980370569,0.788264199628335
0.499297735916926,0.788264199628335
0.506919388386159,0.788264199628335
0.503368131443218,0.788264199628335
0.500282707550397,0.788264199628335
0.499777724463145,0.788264199628335
0.499846273966189,0.788264199628335
0.504524935721742,0.788264199628335
0.499957461559374,0.788264199628335
0.499223392805003,0.788264199628335
0.492136207107329,0.788264199628335
0.495772732378288,0.788264199628335
0.500047188160679,0.788264199628335
0.501070588947332,0.788264199628335
0.498283735269638,0.788264199628335
0.494536878650505,0.788264199628335
0.501568811134219,0.788264199628335
0.502157250633233,0.788264199628335
0.502115817114065,0.788264199628335
0.498435606092431,0.788264199628335
0.495350797796171,0.788264199628335
0.4958505715241,0.788264199628335
0.494444609394158,0.788264199628335
0.498414564928945,0.788264199628335
0.498237960775558,0.788264199628335
0.501416467482216,0.788264199628335
0.501545793894579,0.788264199628335
0.499659438607272,0.788264199628335
0.498709074119422,0.788264199628335
0.493657724657016,0.788264199628335
0.48819218505624,0.788264199628335
0.491802016518035,0.788264199628335
0.492507892953638,0.788264199628335
0.49537137134212,0.788264199628335
0.49580239654605,0.788264199628335
0.498413633892254,0.788264199628335
0.487961105056519,0.788264199628335
0.498893739650414,0.788264199628335
0.492243378328435,0.788264199628335
0.501651477094734,0.788264199628335
0.497493966232655,0.788264199628335
0.496297231602347,0.788264199628335
0.498821910771835,0.788264199628335
0.497961160987764,0.788264199628335
0.497877304227565,0.788264199628335
0.498007848851226,0.788264199628335
0.499532924779334,0.788264199628335
0.493898198341875,0.788264199628335
0.507255333278199,0.788264199628335
0.497783296674478,0.788264199628335
0.493867851989748,0.788264199628335
0.50520421159636,0.788264199628335
0.505720644896747,0.788264199628335
0.488898875285348,0.788264199628335
0.497296206396365,0.788264199628335
0.50725197774567,0.788264199628335
0.494325033881075,0.788264199628335
0.497434472553537,0.788264199628335
0.508158793945611,0.788264199628335
0.49617394977134,0.788264199628335
0.499652969324223,0.788264199628335
0.500494211499783,0.788264199628335
0.498449033716589,0.788264199628335
0.494741210354275,0.788264199628335
0.501711403362827,0.788264199628335
0.50212897673896,0.788264199628335
0.497341788632652,0.788264199628335
0.500228789204208,0.788264199628335
0.50770857518405,0.788264199628335
0.49983837463323,0.788264199628335
0.492935532800645,0.788264199628335
0.484773988324312,0.788264199628335
0.5057843239222,0.788264199628335
0.505752377437263,0.788264199628335
0.501118853320861,0.788264199628335
0.489653205478948,0.788264199628335
0.495313344652452,0.788264199628335
0.496664235860585,0.788264199628335
0.496373210430209,0.788264199628335
0.488838958755762,0.788264199628335
0.501568469956969,0.788264199628335
0.500849016744208,0.788264199628335
0.50298240748703,0.788264199628335
0.490924391592703,0.788264199628335
0.498658711722064,0.788264199628335
0.493643144049214,0.788264199628335
0.498080122256347,0.788264199628335
0.496293987409269,0.788264199628335
0.498086310295707,0.788264199628335
0.496569779143171,0.788264199628335
0.498926858039138,0.788264199628335
0.497896906823839,0.788264199628335
0.501188792776101,0.788264199628335
0.493654485132017,0.788264199628335
0.503080236167099,0.788264199628335
0.494832206102889,0.788264199628335
0.502678531065508,0.788264199628335
0.504995528870677,0.788264199628335
0.493758683607461,0.788264199628335
0.503383701961147,0.788264199628335
0.498755405222845,0.788264199628335
0.500245343111093,0.788264199628335
0.491155060550885,0.788264199628335
0.505859191573916,0.788264199628335
0.496649681284784,0.788264199628335
0.493972668192462,0.788264199628335
0.493318558077697,0.788264199628335
0.495682545268446,0.788264199628335
0.49284100490908,0.788264199628335
0.493781619594036,0.788264199628335
0.502326838156919,0.788264199628335
0.497640596293752,0.788264199628335
0.490813649984714,0.788264199628335
0.511841761632545,0.788264199628335
0.496815745328554,0.788264199628335
0.499381029337017,0.788264199628335
0.500164129494652,0.788264199628335
0.502073184443447,0.788264199628335
0.504206401700572,0.788264199628335
0.494640224184884,0.788264199628335
0.502821164021276,0.788264199628335
0.490457589411057,0.788264199628335
0.492682618385266,0.788264199628335
0.497293940574861,0.788264199628335
0.49892683741556,0.788264199628335
0.498816436443742,0.788264199628335
0.502330183118654,0.788264199628335
0.49230629596442,0.788264199628335
0.500781817104058,0.788264199628335
0.500328062558882,0.788264199628335
0.494421576174259,0.788264199628335
0.502643206588903,0.788264199628335
0.500372535726067,0.788264199628335
0.495592200514969,0.788264199628335
0.499338651072847,0.788264199628335
0.4982696436278,0.788264199628335
0.497263468149903,0.788264199628335
0.503038404517257,0.788264199628335
0.490231649400146,0.788264199628335
0.502949986573402,0.788264199628335
0.493965179052217,0.788264199628335
0.496999950033215,0.788264199628335
0.490187464099709,0.788264199628335
0.493735456306728,0.788264199628335
0.503675963080991,0.788264199628335
0.495720429557329,0.788264199628335
0.495326935380007,0.788264199628335
0.498939275769051,0.788264199628335
0.50327519859291,0.788264199628335
0.488237403172559,0.788264199628335
0.500980904182405,0.788264199628335
0.497003688803548,0.788264199628335
0.501280866709224,0.788264199628335
0.503096642901868,0.788264199628335
0.491470935441753,0.788264199628335
0.503971258034216,0.788264199628335
0.491683122103015,0.788264199628335
0.49963001591372,0.788264199628335
0.50068763115947,0.788264199628335
0.497608553573759,0.788264199628335
0.494943983661029,0.788264199628335
0.491427578595867,0.788264199628335
0.503461868412445,0.788264199628335
0.491138582143646,0.788264199628335
0.492035731412937,0.788264199628335
0.504683932018473,0.788264199628335
0.497185287963276,0.788264199628335
0.502218719719321,0.788264199628335
0.495294052990118,0.788264199628335
0.495550677529713,0.788264199628335
0.492287994670644,0.788264199628335
0.498170913173372,0.788264199628335
0.502950660437333,0.788264199628335
0.499703158802597,0.788264199628335
0.495303680343862,0.788264199628335
0.495832906015488,0.788264199628335
0.501754883868628,0.788264199628335
0.498248337772062,0.788264199628335
0.497039586045126,0.788264199628335
0.493521363430833,0.788264199628335
0.496143217202896,0.788264199628335
0.496638864261551,0.788264199628335
0.504541217104871,0.788264199628335
0.492808482060875,0.788264199628335
0.493731471033236,0.788264199628335
0.494863618981058,0.788264199628335
0.487259231383198,0.788264199628335
0.491167045812629,0.788264199628335
0.499571408795201,0.788264199628335
0.494464709397602,0.788264199628335
0.493765546666873,0.788264199628335
0.498022377637224,0.788264199628335
0.496197959620824,0.788264199628335
0.495748542970468,0.788264199628335
0.497548299792304,0.788264199628335
0.498324389633802,0.788264199628335
0.505113629418226,0.788264199628335
0.491823172217388,0.788264199628335
0.503890490556214,0.788264199628335
0.49637817822172,0.788264199628335
0.496821744819309,0.788264199628335
0.495997123665988,0.788264199628335
0.507869430376684,0.788264199628335
0.497907281211002,0.788264199628335
0.506011949889876,0.788264199628335
0.500465150478706,0.788264199628335
0.498225563265878,0.788264199628335
0.494163447861198,0.788264199628335
0.49970967943032,0.788264199628335
0.492981656363876,0.788264199628335
0.494875691237586,0.788264199628335
0.493389978189869,0.788264199628335
0.499688755349414,0.788264199628335
0.490583223016502,0.788264199628335
0.491975610637421,0.788264199628335
0.498287211759653,0.788264199628335
0.496384047435597,0.788264199628335
0.498072114575092,0.788264199628335
0.507504912781532,0.788264199628335
0.493577794577025,0.788264199628335
0.502472007401463,0.788264199628335
0.494359842691853,0.788264199628335
0.50065370294936,0.788264199628335
0.502186294874561,0.788264199628335
0.503206384969309,0.788264199628335
0.49788332581847,0.788264199628335
0.503177582305047,0.788264199628335
0.489420829431408,0.788264199628335
0.499604507694121,0.788264199628335
0.508686098498928,0.788264199628335
0.493853187865251,0.788264199628335
0.492335728884628,0.788264199628335
0.499479307967585,0.788264199628335
0.495357641578433,0.788264199628335
0.496063831458675,0.788264199628335
0.501891345528119,0.788264199628335
0.500793166209281,0.788264199628335
0.499462056774646,0.788264199628335
0.503944676561877,0.788264199628335
0.500043825054336,0.788264199628335
0.494640359638355,0.788264199628335
0.49948793094811,0.788264199628335
0.492769235339501,0.788264199628335
0.495999178981564,0.788264199628335
0.492505968757468,0.788264199628335
0.503951721949114,0.788264199628335
0.505119542024776,0.788264199628335
0.502188784034429,0.788264199628335
0.511908317049604,0.788264199628335
0.505602679485809,0.788264199628335
0.499331324643087,0.788264199628335
0.492592711066298,0.788264199628335
0.495828945029697,0.788264199628335
0.508875181322248,0.788264199628335
0.492738906957139,0.788264199628335
0.494616247083774,0.788264199628335
0.495513073791436,0.788264199628335
0.500459740764737,0.788264199628335
0.507494255449999,0.788264199628335
0.494650000953051,0.788264199628335
0.492774404097419,0.788264199628335
0.498162639147027,0.788264199628335
0.497155173202854,0.788264199628335
0.490442512775086,0.788264199628335
0.500052340076382,0.788264199628335
0.498779995881478,0.788264199628335
0.499329201615233,0.788264199628335
0.506271248429468,0.788264199628335
0.500296705497208,0.788264199628335
0.500677160992624,0.788264199628335
0.497969082551468,0.788264199628335
0.49223467419228,0.788264199628335
0.498422769360066,0.788264199628335
0.500097932536278,0.788264199628335
0.495933490917547,0.788264199628335
0.501554848469316,0.788264199628335
0.496917912291127,0.788264199628335
0.497495554469342,0.788264199628335
0.504772078980778,0.788264199628335
0.497227214717659,0.788264199628335
0.503451862496023,0.788264199628335
0.502290523927619,0.788264199628335
0.504324081541742,0.788264199628335
0.486479458651304,0.788264199628335
0.49426402900502,0.788264199628335
0.50548832187325,0.788264199628335
0.503188508752814,0.788264199628335
0.498175565134509,0.788264199628335
0.497521299289516,0.788264199628335
0.5092603923877,0.788264199628335
0.506341577699043,0.788264199628335
0.503137369671965,0.788264199628335
0.505416710770686,0.788264199628335
0.495985196778975,0.788264199628335
0.505721965290309,0.788264199628335
0.497420099406299,0.788264199628335
0.498529551744344,0.788264199628335
0.488948617669548,0.788264199628335
0.495284124184254,0.788264199628335
0.49208706123601,0.788264199628335
0.491584865776388,0.788264199628335
0.496094053548496,0.788264199628335
0.491816588194316,0.788264199628335
0.493730628965403,0.788264199628335
0.49492298956862,0.788264199628335
0.48981956699375,0.788264199628335
0.499447888207344,0.788264199628335
0.495930949396386,0.788264199628335
0.49294645581512,0.788264199628335
0.501252299650388,0.788264199628335
0.49271111967459,0.788264199628335
0.495542058899239,0.788264199628335
0.494141694758742,0.788264199628335
0.496784749722729,0.788264199628335
0.4936485288458,0.788264199628335
0.496833982741787,0.788264199628335
0.501758966428922,0.788264199628335
0.501404568938114,0.788264199628335
0.490972796443831,0.788264199628335
0.496670164569396,0.788264199628335
0.502805031074656,0.788264199628335
0.498967770769649,0.788264199628335
0.506299471428317,0.788264199628335
0.498307163517116,0.788264199628335
0.504876734995786,0.788264199628335
0.504148933676893,0.788264199628335
0.491448220575261,0.788264199628335
0.495918944790107,0.788264199628335
0.500851341325143,0.788264199628335
0.49391748099377,0.788264199628335
0.50020771390614,0.788264199628335
0.493869953512503,0.788264199628335
0.500173999830452,0.788264199628335
0.502182050802198,0.788264199628335
0.497116325001725,0.788264199628335
0.504276032667445,0.788264199628335
0.49007841543556,0.788264199628335
0.497907494169385,0.788264199628335
0.503294872274963,0.788264199628335
0.495188692479424,0.788264199628335
0.498435682680769,0.788264199628335
0.494477112919605,0.788264199628335
0.495514401217056,0.788264199628335
0.49660453593613,0.788264199628335
0.497814292713243,0.788264199628335
0.504074169790808,0.788264199628335
0.496759365932962,0.788264199628335
0.488177144758581,0.788264199628335
0.500028342594818,0.788264199628335
0.493264481544601,0.788264199628335
0.498241219093198,0.788264199628335
0.503907208341027,0.788264199628335
0.494885148491666,0.788264199628335
0.500520302065647,0.788264199628335
0.496977351520117,0.788264199628335
0.504859096658007,0.788264199628335
0.498968831509918,0.788264199628335
0.4907272500244,0.788264199628335
0.497347890287857,0.788264199628335
0.495068784409226,0.788264199628335
0.495482480822268,0.788264199628335
0.502524239523159,0.788264199628335
0.498064955955242,0.788264199628335
0.499430061298254,0.788264199628335
0.491612830493515,0.788264199628335
0.500020368093393,0.788264199628335
0.509848988743834,0.788264199628335
0.50247702699637,0.788264199628335
0.505247392163097,0.788264199628335
0.498561761280978,0.788264199628335
0.497394156516897,0.788264199628335
0.502818229265712,0.788264199628335
0.505118684127876,0.788264199628335
0.509435999677061,0.788264199628335
0.501870929138889,0.788264199628335
0.494341494537119,0.788264199628335
0.49570646428671,0.788264199628335
0.491258060871489,0.788264199628335
0.492981938673292,0.788264199628335
0.496947811955376,0.788264199628335
0.50940024166875,0.788264199628335
0.503029584744703,0.788264199628335
0.503256768169058,0.788264199628335
0.499837084648498,0.788264199628335
0.500147201123415,0.788264199628335
0.497679050323009,0.788264199628335
0.50194135655584,0.788264199628335
0.491243773992104,0.788264199628335
0.501531731338694,0.788264199628335
0.497875228292047,0.788264199628335
0.498959691290929,0.788264199628335
0.497948300379301,0.788264199628335
0.497344960823222,0.788264199628335
0.502264541951607,0.788264199628335
0.491995291987694,0.788264199628335
0.500020315313551,0.788264199628335
0.505264009793219,0.788264199628335
0.501628106005296,0.788264199628335
0.493005779981745,0.788264199628335
0.498299649672758,0.788264199628335
0.503910851166897,0.788264199628335
0.495886443771827,0.788264199628335
0.490997733998376,0.788264199628335
0.497858198931131,0.788264199628335
0.490057382370773,0.788264199628335
0.501790439300652,0.788264199628335
0.503884456883354,0.788264199628335
0.499221516935895,0.788264199628335
0.493371383475041,0.788264199628335
0.502862864950936,0.788264199628335
0.496355772078964,0.788264199628335
0.507756416033554,0.788264199628335
0.498684602686023,0.788264199628335
0.496986914157841,0.788264199628335
0.492749862830653,0.788264199628335
0.490498884234848,0.788264199628335
0.494960010888354,0.788264199628335
0.492843231208405,0.788264199628335
0.500308339416554,0.788264199628335
0.495963273336723,0.788264199628335
0.507117237910791,0.788264199628335
0.506000518649793,0.788264199628335
0.490259654228001,0.788264199628335
0.496200195504261,0.788264199628335
0.494610903666087,0.788264199628335
0.497871384985452,0.788264199628335
0.495617979967035,0.788264199628335
0.492502998852388,0.788264199628335
0.488801857191034,0.788264199628335
0.49904917163536,0.788264199628335
0.495023902058631,0.788264199628335
0.505852855092128,0.788264199628335
0.496747986833531,0.788264199628335
0.495832655303637,0.788264199628335
0.500118456123984,0.788264199628335
0.500602727809625,0.788264199628335
0.503219424121534,0.788264199628335
0.48920599477179,0.788264199628335
0.491469999087017,0.788264199628335
0.494763070701383,0.788264199628335
0.499326893053028,0.788264199628335
0.504253027986964,0.788264199628335
0.504382222319557,0.788264199628335
0.492271424060121,0.788264199628335
0.496197570714698,0.788264199628335
0.499778018941668,0.788264199628335
0.49671234041346,0.788264199628335
0.495485858074625,0.788264199628335
0.496930852187313,0.788264199628335
0.496799704955963,0.788264199628335
0.502394192101037,0.788264199628335
0.500368938319287,0.788264199628335
0.500052959670977,0.788264199628335
0.499514279788081,0.788264199628335
0.499504019128365,0.788264199628335
0.502967156777809,0.788264199628335
0.491320496030025,0.788264199628335
0.501353733856729,0.788264199628335
0.505883000503428,0.788264199628335
0.499040873012508,0.788264199628335
0.501687355018734,0.788264199628335
0.486820365165312,0.788264199628335
0.489525708453321,0.788264199628335
0.500784287836048,0.788264199628335
0.492395997521708,0.788264199628335
0.501721498366671,0.788264199628335
0.500140842424731,0.788264199628335
0.493794486674949,0.788264199628335
0.498604944846374,0.788264199628335
0.492999581047211,0.788264199628335
0.499041566848641,0.788264199628335
0.507773284305708,0.788264199628335
0.499529486930169,0.788264199628335
0.505076738552984,0.788264199628335
0.49706923110477,0.788264199628335
0.497488641462521,0.788264199628335
0.494270686265576,0.788264199628335
0.506291037698351,0.788264199628335
0.49716886324304,0.788264199628335
0.487310124818443,0.788264199628335
0.500620389705499,0.788264199628335
0.489724975160616,0.788264199628335
0.493189040128134,0.788264199628335
0.500075294065081,0.788264199628335
0.503250395268042,0.788264199628335
0.495044257074027,0.788264199628335
0.504008564484827,0.788264199628335
0.497796885847322,0.788264199628335
0.507296175991962,0.788264199628335
0.495047948684442,0.788264199628335
0.493097721027105,0.788264199628335
0.493208306948392,0.788264199628335
0.498491628175008,0.788264199628335
0.502218881964436,0.788264199628335
0.496659261587479,0.788264199628335
0.497304508959233,0.788264199628335
0.496961851404347,0.788264199628335
0.50425672790874,0.788264199628335
0.501788133382858,0.788264199628335
0.503613859674506,0.788264199628335
0.502587463166978,0.788264199628335
0.500719902331188,0.788264199628335
0.494127423094741,0.788264199628335
0.48899891083448,0.788264199628335
0.501107958212242,0.788264199628335
0.500424666889163,0.788264199628335
0.496254928278108,0.788264199628335
0.501855814216553,0.788264199628335
0.494363964675855,0.788264199628335
0.496538185759587,0.788264199628335
0.497908766727824,0.788264199628335
0.504792175296823,0.788264199628335
0.496137677143975,0.788264199628335
0.505230764698406,0.788264199628335
0.496066646905176,0.788264199628335
0.500606770607463,0.788264199628335
0.490778117284822,0.788264199628335
0.497871745359505,0.788264199628335
0.49992665418534,0.788264199628335
0.499274027029193,0.788264199628335
0.498233084293515,0.788264199628335
0.502306649532124,0.788264199628335
0.495353658256015,0.788264199628335
0.493671498375309,0.788264199628335
0.505426304528488,0.788264199628335
0.494574589708022,0.788264199628335
0.49504772338849,0.788264199628335
0.499689852309614,0.788264199628335
0.499491757606263,0.788264199628335
0.494398281806,0.788264199628335
0.498762613655073,0.788264199628335
0.497999878660778,0.788264199628335
0.502370975542496,0.788264199628335
0.500305822926111,0.788264199628335
0.498024571840598,0.788264199628335
0.491581423205198,0.788264199628335
0.501943356080666,0.788264199628335
0.503794059067205,0.788264199628335
0.4989803151636,0.788264199628335
0.503570593259087,0.788264199628335
0.489921118301989,0.788264199628335
0.498261108671516,0.788264199628335
0.506704262846417,0.788264199628335
0.489887283700866,0.788264199628335
0.507741456556488,0.788264199628335
0.492880130551888,0.788264199628335
0.495320762415087,0.788264199628335
0.496689171106303,0.788264199628335
0.497716043062654,0.788264199628335
0.49702783506025,0.788264199628335
0.512749453769796,0.788264199628335
0.491739936136268,0.788264199628335
0.496438567152565,0.788264199628335
0.487453667950086,0.788264199628335
0.50778455306909,0.788264199628335
0.49557763364256,0.788264199628335
0.494424590944232,0.788264199628335
0.493634490845468,0.788264199628335
0.499421332316706,0.788264199628335
0.48965177619339,0.788264199628335
0.501048176292723,0.788264199628335
0.496625891975852,0.788264199628335
0.503686934227061,0.788264199628335
0.496982687019908,0.788264199628335
0.498877218655074,0.788264199628335
0.495079529949747,0.788264199628335
0.49632838081068,0.788264199628335
0.497589107950746,0.788264199628335
0.49321546219091,0.788264199628335
0.49566026058917,0.788264199628335
0.499894812098655,0.788264199628335
0.504206514724741,0.788264199628335
0.498076275238973,0.788264199628335
0.493934953676818,0.788264199628335
0.491321261247398,0.788264199628335
0.492581825011236,0.788264199628335
0.509462275564385,0.788264199628335
0.502518216280191,0.788264199628335
0.498680529021788,0.788264199628335
0.498003863986816,0.788264199628335
0.498728238576504,0.788264199628335
0.504756935240272,0.788264199628335
0.499273477316812,0.788264199628335
0.498369202949441,0.788264199628335
0.504383485667233,0.788264199628335
0.497663431716341,0.788264199628335
0.494177202062762,0.788264199628335
0.494591672705824,0.788264199628335
0.496205056917983,0.788264199628335
0.500012795209887,0.788264199628335
0.498930565204883,0.788264199628335
0.498817636164928,0.788264199628335
0.496751667964131,0.788264199628335
0.510560330375732,0.788264199628335
0.501285182699767,0.788264199628335
0.489569195425729,0.788264199628335
0.498101138617851,0.788264199628335
0.489753645191237,0.788264199628335
0.49600062349153,0.788264199628335
0.502345674167824,0.788264199628335
0.495142690448901,0.788264199628335
0.495157362764257,0.788264199628335
0.503418506196576,0.788264199628335
0.501584543420601,0.788264199628335
0.496342640378874,0.788264199628335
0.499252565156754,0.788264199628335
0.488945406697008,0.788264199628335
0.496623562865971,0.788264199628335
0.49223075116583,0.788264199628335
0.503567924686681,0.788264199628335
0.496727313883823,0.788264199628335
0.496949483358529,0.788264199628335
0.494201534623597,0.788264199628335
0.494559368743828,0.788264199628335
0.499141474228171,0.788264199628335
0.494657687404229,0.788264199628335
0.500486518659768,0.788264199628335
0.492006358916523,0.788264199628335
0.498797657599097,0.788264199628335
0.498825964161552,0.788264199628335
0.499050742868318,0.788264199628335
0.492543541641729,0.788264199628335
0.502362875358385,0.788264199628335
0.502262007900611,0.788264199628335
0.492512707292548,0.788264199628335
0.495320005864584,0.788264199628335
0.501793827216361,0.788264199628335
0.498397319209551,0.788264199628335
0.50333855034448,0.788264199628335
0.496818233020246,0.788264199628335
0.498426427385682,0.788264199628335
0.500676594210175,0.788264199628335
0.49381624830489,0.788264199628335
0.495785387916743,0.788264199628335
0.496948983546992,0.788264199628335
0.492624215390025,0.788264199628335
0.499221642332766,0.788264199628335
0.501318386691103,0.788264199628335
0.507194357557618,0.788264199628335
0.498591016395685,0.788264199628335
0.496819219717427,0.788264199628335
0.489072133696266,0.788264199628335
0.5027282303553,0.788264199628335
0.501235217314845,0.788264199628335
0.49740696524121,0.788264199628335
0.499413062563427,0.788264199628335
0.504418688401108,0.788264199628335
0.492555103299559,0.788264199628335
0.492649635416911,0.788264199628335
0.500481214122542,0.788264199628335
0.503900683470464,0.788264199628335
0.500699019770197,0.788264199628335
0.502856105138973,0.788264199628335
0.502592003236824,0.788264199628335
0.496578510999124,0.788264199628335
0.494329667642282,0.788264199628335
0.501758596653879,0.788264199628335
0.496265460542153,0.788264199628335
0.495813168182987,0.788264199628335
0.497422630956146,0.788264199628335
0.493361469855028,0.788264199628335
0.50405413332759,0.788264199628335
0.495596574008771,0.788264199628335
0.50112839902826,0.788264199628335
0.498924062645088,0.788264199628335
0.492646412943957,0.788264199628335
0.497428200278534,0.788264199628335
0.498978166884314,0.788264199628335
0.502395510530786,0.788264199628335
0.502154715947367,0.788264199628335
0.502265526283155,0.788264199628335
0.501939732106171,0.788264199628335
0.500202065734814,0.788264199628335
0.49940322779765,0.788264199628335
0.495472738464528,0.788264199628335
0.491967921092469,0.788264199628335
0.502438085714971,0.788264199628335
0.493148179909362,0.788264199628335
0.496393934922933,0.788264199628335
0.498459400224352,0.788264199628335
0.485969697959519,0.788264199628335
0.50338712999582,0.788264199628335
0.49532617041318,0.788264199628335
0.498359986442324,0.788264199628335
0.498522611382663,0.788264199628335
0.500565326588922,0.788264199628335
0.49676977211903,0.788264199628335
0.505615445638186,0.788264199628335
0.501996787965698,0.788264199628335
0.490462261797969,0.788264199628335
0.505106881241069,0.788264199628335
0.497169506204406,0.788264199628335
0.497980496459765,0.788264199628335
0.506177303326186,0.788264199628335
0.49728513248675,0.788264199628335
0.489692877327348,0.788264199628335
0.497388422712753,0.788264199628335
0.497057883618881,0.788264199628335
0.508526975548465,0.788264199628335
0.498294458859534,0.788264199628335
0.493286955778269,0.788264199628335
0.501586347936381,0.788264199628335
0.503502508403016,0.788264199628335
0.49940134894518,0.788264199628335
0.500578087463161,0.788264199628335
0.494698975041262,0.788264199628335
0.502529100106479,0.788264199628335
0.50150120515184,0.788264199628335
0.49726174305304,0.788264199628335
0.491525892298007,0.788264199628335
0.49756282446783,0.788264199628335
0.502987304873639,0.788264199628335
0.500374726127341,0.788264199628335
0.50205151612668,0.788264199628335
0.49771104600008,0.788264199628335
0.490681505332486,0.788264199628335
0.49252643173972,0.788264199628335
0.490656374981073,0.788264199628335
0.495415746784914,0.788264199628335
0.499084958686124,0.788264199628335
0.499198760454822,0.788264199628335
0.497145072007001,0.788264199628335
0.498740396892866,0.788264199628335
0.491286425209673,0.788264199628335
0.501775875432871,0.788264199628335
0.491144763068186,0.788264199628335
0.495739645430324,0.788264199628335
0.500133367234454,0.788264199628335
0.490119322955922,0.788264199628335
0.489896085239871,0.788264199628335
0.498012295958746,0.788264199628335
0.504365282024677,0.788264199628335
0.500674199910941,0.788264199628335
0.493974979220084,0.788264199628335
0.49220010873436,0.788264199628335
0.494093405843661,0.788264199628335
0.498629519713259,0.788264199628335
0.494864413660438,0.788264199628335
0.502588241619112,0.788264199628335
0.501812196128852,0.788264199628335
0.49875242480259,0.788264199628335
0.497057011283828,0.788264199628335
0.498261764053173,0.788264199628335
0.494737487054443,0.788264199628335
0.495418860388688,0.788264199628335
0.491770117438945,0.788264199628335
0.500203006035049,0.788264199628335
0.505210114861023,0.788264199628335
0.498627441548406,0.788264199628335
0.497110880876418,0.788264199628335
0.512729424734829,0.788264199628335
0.492636326297194,0.788264199628335
0.501934090221131,0.788264199628335
0.497182340100587,0.788264199628335
0.48421832298166,0.788264199628335
0.500354948107003,0.788264199628335
0.497572171363187,0.788264199628335
0.493266735912985,0.788264199628335
0.499825252700405,0.788264199628335
0.492730293490453,0.788264199628335
0.501412751350333,0.788264199628335
0.503462150306907,0.788264199628335
0.496595843248074,0.788264199628335
0.500694629341782,0.788264199628335
0.491971155743523,0.788264199628335
0.501266300471566,0.788264199628335
0.500388873364896,0.788264199628335
0.493838615463181,0.788264199628335
0.500568691940096,0.788264199628335
0.494235463263956,0.788264199628335
0.498887098854571,0.788264199628335
0.502127641536416,0.788264199628335
0.502610921214791,0.788264199628335
0.502648154870166,0.788264199628335
0.487874647403672,0.788264199628335
0.500862242963762,0.788264199628335
0.504151140442449,0.788264199628335
0.498773638839871,0.788264199628335
0.497688480647593,0.788264199628335
0.501718376814386,0.788264199628335
0.497424695259447,0.788264199628335
0.506030880327629,0.788264199628335
0.50355579938564,0.788264199628335
0.507260158828842,0.788264199628335
0.495706871330098,0.788264199628335
0.503019861913259,0.788264199628335
0.500061606612681,0.788264199628335
0.503541208523726,0.788264199628335
0.489127560599657,0.788264199628335
0.491998349269533,0.788264199628335
0.505719502782507,0.788264199628335
0.494031061489684,0.788264199628335
0.503088333518304,0.788264199628335
0.504791293261701,0.788264199628335
0.49690802853311,0.788264199628335
0.493791389551011,0.788264199628335
0.497633105500123,0.788264199628335
0.497382106876246,0.788264199628335
0.498062756506804,0.788264199628335
0.503058488372985,0.788264199628335
0.502169146109613,0.788264199628335
0.499564150019137,0.788264199628335
0.490742244599643,0.788264199628335
0.498627706213794,0.788264199628335
0.50101546031963,0.788264199628335
0.503512173590914,0.788264199628335
0.50104193518469,0.788264199628335
0.499494102382403,0.788264199628335
0.495591137325625,0.788264199628335
0.495218937339087,0.788264199628335
0.495324114386375,0.788264199628335
0.489105768793387,0.788264199628335
0.503877072639725,0.788264199628335
0.489000072971987,0.788264199628335
0.497482340298858,0.788264199628335
0.502604086332437,0.788264199628335
0.498618848826978,0.788264199628335
0.49070739676044,0.788264199628335
0.498802959303907,0.788264199628335
0.49450134231619,0.788264199628335
0.501646418309624,0.788264199628335
0.502291737085666,0.788264199628335
0.50032250375039,0.788264199628335
0.495571786480021,0.788264199628335
0.501016585784591,0.788264199628335
0.501757150645903,0.788264199628335
0.494625527788199,0.788264199628335
0.497549127896993,0.788264199628335
0.500428092082552,0.788264199628335
0.503934159042786,0.788264199628335
0.497278844314599,0.788264199628335
0.501371708056897,0.788264199628335
0.496284646551627,0.788264199628335
0.497209340125446,0.788264199628335
0.49864341565692,0.788264199628335
0.497018912929026,0.788264199628335
0.501629455711453,0.788264199628335
0.502223544240032,0.788264199628335
0.493792902097738,0.788264199628335
0.501086828098415,0.788264199628335
0.50581987123856,0.788264199628335
0.500791430605076,0.788264199628335
0.497598148192596,0.788264199628335
0.498118705763035,0.788264199628335
0.492639171326697,0.788264199628335
0.489836397799486,0.788264199628335
0.491885104825372,0.788264199628335
0.495112784570943,0.788264199628335
0.49768266481658,0.788264199628335
0.496538271022807,0.788264199628335
0.495157462126442,0.788264199628335
0.498006763591577,0.788264199628335
0.503466368874144,0.788264199628335
0.50337605126593,0.788264199628335
0.495499030791773,0.788264199628335
0.498035866547209,0.788264199628335
0.506929202629315,0.788264199628335
0.499210286184054,0.788264199628335
0.499183641344719,0.788264199628335
0.502945118991083,0.788264199628335
0.505818040472998,0.788264199628335
0.49302878446827,0.788264199628335
0.498076393019008,0.788264199628335
0.503319360954214,0.788264199628335
0.49683329719095,0.788264199628335
0.502376023241903,0.788264199628335
0.498049770533151,0.788264199628335
0.50137949511001,0.788264199628335
0.499630813745578,0.788264199628335
0.493360595131772,0.788264199628335
0.498455883694618,0.788264199628335
0.500020114927584,0.788264199628335
0.496505717248525,0.788264199628335
0.498799081872509,0.788264199628335
0.495106273827484,0.788264199628335
0.505621907487755,0.788264199628335
0.504142961529668,0.788264199628335
0.499159977437863,0.788264199628335
0.501364158274673,0.788264199628335
0.489502223473097,0.788264199628335
0.507450140156049,0.788264199628335
0.496851037232997,0.788264199628335
0.495340700947116,0.788264199628335
0.502517604843494,0.788264199628335
0.495824937695181,0.788264199628335
0.504038227618854,0.788264199628335
0.502112117491212,0.788264199628335
0.503436808176851,0.788264199628335
0.505522368603962,0.788264199628335
0.497460765834212,0.788264199628335
0.503163366660321,0.788264199628335
0.489023982739398,0.788264199628335
0.49969211180145,0.788264199628335
0.497862103996895,0.788264199628335
0.500527586899458,0.788264199628335
0.488832106520277,0.788264199628335
0.502141580550431,0.788264199628335
0.498511264940534,0.788264199628335
0.503263854578914,0.788264199628335
0.50349551108835,0.788264199628335
0.49996611430905,0.788264199628335
0.501687245907495,0.788264199628335
0.496459463083331,0.788264199628335
0.498287858360029,0.788264199628335
0.502848316284431,0.788264199628335
0.508973686404792,0.788264199628335
0.500253700081881,0.788264199628335
0.502346264756076,0.788264199628335
0.496772963218423,0.788264199628335
0.499487261235353,0.788264199628335
0.497757432675332,0.788264199628335
0.492587880514614,0.788264199628335
0.48875022492789,0.788264199628335
0.502737391035192,0.788264199628335
0.50135203902529,0.788264199628335
0.503571513157461,0.788264199628335
0.491793751355775,0.788264199628335
0.496550654742797,0.788264199628335
0.498975900561932,0.788264199628335
0.4972970166891,0.788264199628335
0.504003914232995,0.788264199628335
0.499341134024412,0.788264199628335
0.501089047022707,0.788264199628335
0.495495851593918,0.788264199628335
0.493743018853742,0.788264199628335
0.494436833495331,0.788264199628335
0.494719310634761,0.788264199628335
0.499196469581813,0.788264199628335
0.499446124704211,0.788264199628335
0.494509479636255,0.788264199628335
0.502798135895074,0.788264199628335
0.497741881970414,0.788264199628335
0.493422665100717,0.788264199628335
0.5033712641822,0.788264199628335
0.496900356740174,0.788264199628335
0.490086532678193,0.788264199628335
0.496792036938932,0.788264199628335
0.494238574239752,0.788264199628335
0.491865369495861,0.788264199628335
0.498951792766677,0.788264199628335
0.498429609865996,0.788264199628335
0.495203975101951,0.788264199628335
0.501577716937813,0.788264199628335
0.499794074957275,0.788264199628335
0.502626265303047,0.788264199628335
0.500126493993754,0.788264199628335
0.502524160146165,0.788264199628335
0.492621134628681,0.788264199628335
0.495669010545187,0.788264199628335
0.49858718793436,0.788264199628335
0.504112279718692,0.788264199628335
0.498556443156023,0.788264199628335
0.501604410046676,0.788264199628335
0.498381605479314,0.788264199628335
0.488645050781213,0.788264199628335
0.495800045476475,0.788264199628335
0.496810670839078,0.788264199628335
0.488257769898692,0.788264199628335
0.503535133300284,0.788264199628335
0.50110080872102,0.788264199628335
0.48868126161483,0.788264199628335
0.499841374871183,0.788264199628335
0.495840389190622,0.788264199628335
0.495659658384485,0.788264199628335
0.497368931350023,0.788264199628335
0.499898998397383,0.788264199628335
0.491122410328233,0.788264199628335
0.494362703622048,0.788264199628335
0.497904650388053,0.788264199628335
0.492599379458884,0.788264199628335
0.494628985392771,0.788264199628335
0.491759096414885,0.788264199628335
0.503924212630627,0.788264199628335
0.497656178036597,0.788264199628335
0.500679326886834,0.788264199628335
0.500934589221913,0.788264199628335
0.503352455363462,0.788264199628335
0.495566857928237,0.788264199628335
0.49995026029357,0.788264199628335
0.500282009947251,0.788264199628335
0.498381355886543,0.788264199628335
0.500702943369658,0.788264199628335
0.499885033003214,0.788264199628335
0.499579634845068,0.788264199628335
0.49248887972944,0.788264199628335
0.492988393591471,0.788264199628335
0.50204181142035,0.788264199628335
0.497929875186062,0.788264199628335
0.498179125524341,0.788264199628335
0.500243909478907,0.788264199628335
0.497151896922636,0.788264199628335
0.4940943470253,0.788264199628335
0.497372249602371,0.788264199628335
0.502566714188955,0.788264199628335
0.497351646936297,0.788264199628335
0.496993852025241,0.788264199628335
0.499455257977158,0.788264199628335
0.501613249422019,0.788264199628335
0.500317832547692,0.788264199628335
0.497802256080306,0.788264199628335
0.494269314834609,0.788264199628335
0.491465399940329,0.788264199628335
0.501582290790594,0.788264199628335
0.50073899730202,0.788264199628335
0.496600881943817,0.788264199628335
0.497062796214158,0.788264199628335
0.50426478823337,0.788264199628335
0.507083923392159,0.788264199628335
0.507615208770214,0.788264199628335
0.491049848965975,0.788264199628335
0.498806301246522,0.788264199628335
0.50827731492851,0.788264199628335
0.497380798232054,0.788264199628335
0.503202769426108,0.788264199628335
0.497596748448491,0.788264199628335
0.500418641656924,0.788264199628335
0.506554335047825,0.788264199628335
0.500892741578761,0.788264199628335
0.496457824982453,0.788264199628335
0.503203132129945,0.788264199628335
0.496489434247481,0.788264199628335
0.510884868290957,0.788264199628335
0.491737250277029,0.788264199628335
0.49652440961067,0.788264199628335
0.502124242302756,0.788264199628335
0.503412873120159,0.788264199628335
0.497335973010978,0.788264199628335
0.501165770011349,0.788264199628335
0.50669923365108,0.788264199628335
0.499766081531182,0.788264199628335
0.50100237230391,0.788264199628335
0.498143035456897,0.788264199628335
0.491072599271379,0.788264199628335
0.487323754998414,0.788264199628335
0.500312815392393,0.788264199628335
0.4999409816062,0.788264199628335
0.502640451812387,0.788264199628335
0.498151220964794,0.788264199628335
0.501849574142315,0.788264199628335
0.50191101175053,0.788264199628335
0.48820322171216,0.788264199628335
0.498065188382626,0.788264199628335
0.496158285956253,0.788264199628335
0.501386851943932,0.788264199628335
0.498062941551743,0.788264199628335
0.495393309003331,0.788264199628335
0.490283570860343,0.788264199628335
0.499767302462648,0.788264199628335
0.494269367076668,0.788264199628335
0.495154715627714,0.788264199628335
0.5000364750341,0.788264199628335
0.502573640068398,0.788264199628335
0.496764746163036,0.788264199628335
0.501162474426967,0.788264199628335
0.502287719129919,0.788264199628335
0.49499794310827,0.788264199628335
0.505868724537225,0.788264199628335
0.49851393586798,0.788264199628335
0.49123346782878,0.788264199628335
0.495049763138615,0.788264199628335
0.499740641898368,0.788264199628335
0.506681812073132,0.788264199628335
0.496226535749225,0.788264199628335
0.490341930236472,0.788264199628335
0.505185670035061,0.788264199628335
0.49616569093994,0.788264199628335
0.49309770455718,0.788264199628335
0.503851839191613,0.788264199628335
0.499814345825905,0.788264199628335
0.502800860397617,0.788264199628335
0.497777052855125,0.788264199628335
0.495328209693751,0.788264199628335
0.50286455550452,0.788264199628335
0.49486215369341,0.788264199628335
0.498515108928382,0.788264199628335
0.489740205978765,0.788264199628335
0.502697557795053,0.788264199628335
0.496515452226769,0.788264199628335
0.495493457549368,0.788264199628335
0.493528256288186,0.788264199628335
0.497472638603097,0.788264199628335
0.498788450318473,0.788264199628335
0.495151428067932,0.788264199628335
0.499023376003454,0.788264199628335
0.492053786602188,0.788264199628335
0.50403498868644,0.788264199628335
0.497198285163131,0.788264199628335
0.501043157400311,0.788264199628335
0.49843689482323,0.788264199628335
0.495127121899615,0.788264199628335
0.510754027308122,0.788264199628335
0.498067941514502,0.788264199628335
0.486946228062945,0.788264199628335
0.493106984219371,0.788264199628335
0.490848277959283,0.788264199628335
0.500525149702194,0.788264199628335
0.495690945433952,0.788264199628335
0.49848529192071,0.788264199628335
0.498177722590715,0.788264199628335
0.488241225722099,0.788264199628335
0.499077535945093,0.788264199628335
0.502497304882673,0.788264199628335
0.49072993668904,0.788264199628335
0.496463944780908,0.788264199628335
0.501647818152701,0.788264199628335
0.502138733383255,0.788264199628335
0.504338328340168,0.788264199628335
0.495525107231494,0.788264199628335
0.499363848525994,0.788264199628335
0.496945311649395,0.788264199628335
0.503040581222402,0.788264199628335
0.503386832265933,0.788264199628335
0.501099430092149,0.788264199628335
0.502353489072569,0.788264199628335
0.502647649612139,0.788264199628335
0.499986690353248,0.788264199628335
0.499036212519484,0.788264199628335
0.492601302263203,0.788264199628335
0.496536435977716,0.788264199628335
0.500498145432669,0.788264199628335
0.493970707694855,0.788264199628335
0.499428089507997,0.788264199628335
0.492438387206632,0.788264199628335
0.503917708324843,0.788264199628335
0.498141098121946,0.788264199628335
0.50237122409313,0.788264199628335
0.497741706650635,0.788264199628335
0.507376325878014,0.788264199628335
0.502851925702336,0.788264199628335
0.501080280235518,0.788264199628335
0.501162200791326,0.788264199628335
0.493495197648269,0.788264199628335
0.50134933787867,0.788264199628335
0.487982381643628,0.788264199628335
0.496546185786328,0.788264199628335
0.496973466721057,0.788264199628335
0.489639992231429,0.788264199628335
0.499816145080882,0.788264199628335
0.502952094481679,0.788264199628335
0.496909803339099,0.788264199628335
0.498172179427304,0.788264199628335
0.488501608622498,0.788264199628335
0.490138130106158,0.788264199628335
0.498799889470855,0.788264199628335
0.498975581908835,0.788264199628335
0.499208509805759,0.788264199628335
0.502493459665529,0.788264199628335
0.497995330389221,0.788264199628335
0.501473989497686,0.788264199628335
0.495543202261953,0.788264199628335
0.502331566076218,0.788264199628335
0.504223467617615,0.788264199628335
0.50199739693506,0.788264199628335
0.501184931564661,0.788264199628335
0.490594551735516,0.788264199628335
0.502413309304587,0.788264199628335
0.499010209031822,0.788264199628335
0.496446442882434,0.788264199628335
0.505742011192214,0.788264199628335
0.499894918092946,0.788264199628335
0.498849551328911,0.788264199628335
0.499101938123848,0.788264199628335
0.502316416489676,0.788264199628335
0.497755468784481,0.788264199628335
0.503056832757928,0.788264199628335
0.499168713559603,0.788264199628335
0.499294266476495,0.788264199628335
0.498345422440502,0.788264199628335
0.506511389270388,0.788264199628335
0.497081561725542,0.788264199628335
0.499978901222873,0.788264199628335
0.502624584959857,0.788264199628335
0.499027496004773,0.788264199628335
0.504729060134838,0.788264199628335
0.491772188874076,0.788264199628335
0.497163120210232,0.788264199628335
0.502527901265074,0.788264199628335
0.501586985440346,0.788264199628335
0.500410873519875,0.788264199628335
0.497251530312067,0.788264199628335
0.496877487485096,0.788264199628335
0.499244842847336,0.788264199628335
0.493525931780863,0.788264199628335
0.507958355641121,0.788264199628335
0.497267051579908,0.788264199628335
0.489718079785162,0.788264199628335
0.504935427611479,0.788264199628335
0.499407787656184,0.788264199628335
0.49687918556396,0.788264199628335
0.49847444335296,0.788264199628335
0.495723764911454,0.788264199628335
0.495134790866807,0.788264199628335
0.48952524634612,0.788264199628335
0.499703191669187,0.788264199628335
0.493859033645448,0.788264199628335
0.501982622540019,0.788264199628335
0.505252451569292,0.788264199628335
0.501847245436093,0.788264199628335
0.490876331525109,0.788264199628335
0.495049674531372,0.788264199628335
0.497679829818553,0.788264199628335
0.49436691341298,0.788264199628335
0.507499731839169,0.788264199628335
0.503897372870387,0.788264199628335
0.488837685275602,0.788264199628335
0.501251572595698,0.788264199628335
0.504436041723365,0.788264199628335
0.506400603939875,0.788264199628335
0.498399346577149,0.788264199628335
0.496678401961091,0.788264199628335
0.495903245780907,0.788264199628335
0.495438262382448,0.788264199628335
0.492318407007793,0.788264199628335
0.50312539748503,0.788264199628335
0.488482048734914,0.788264199628335
0.496691531869298,0.788264199628335
0.502620657287917,0.788264199628335
0.488142828243907,0.788264199628335
0.497944825717789,0.788264199628335
0.500157281236423,0.788264199628335
0.496376377613316,0.788264199628335
0.498728119039396,0.788264199628335
0.50349916794096,0.788264199628335
0.502452891660853,0.788264199628335
0.490517322759214,0.788264199628335
0.494272676471339,0.788264199628335
0.498505157912386,0.788264199628335
0.498564311083853,0.788264199628335
0.494956618868199,0.788264199628335
0.495905440891384,0.788264199628335
0.496690885152506,0.788264199628335
0.489041260836136,0.788264199628335
0.495133297464934,0.788264199628335
0.493310570154202,0.788264199628335
0.496894874597658,0.788264199628335
0.503988191438824,0.788264199628335
0.49256651754777,0.788264199628335
0.498677504330475,0.788264199628335
0.496639359634696,0.788264199628335
0.489242248345537,0.788264199628335
0.488704448483375,0.788264199628335
0.506298773591516,0.788264199628335
0.498573506548187,0.788264199628335
0.503055800807463,0.788264199628335
0.493202815143073,0.788264199628335
0.497317176573803,0.788264199628335
0.504617769788188,0.788264199628335
0.494311776465887,0.788264199628335
0.502236955076354,0.788264199628335
0.498671486903283,0.788264199628335
0.502244366420792,0.788264199628335
0.497903045496198,0.788264199628335
0.49969234623257,0.788264199628335
0.505722523295163,0.788264199628335
0.501873543553986,0.788264199628335
0.509051056258681,0.788264199628335
0.503576267881834,0.788264199628335
0.495157289841992,0.788264199628335
0.494430490091906,0.788264199628335
0.495489406512334,0.788264199628335
0.510506118439885,0.788264199628335
0.494068131760819,0.788264199628335
0.496296219572631,0.788264199628335
0.507499444414998,0.788264199628335
0.502741612983993,0.788264199628335
0.505256734694706,0.788264199628335
0.495955553161036,0.788264199628335
0.497636676271859,0.788264199628335
0.499646339107211,0.788264199628335
0.503908341384075,0.788264199628335
0.497918831584891,0.788264199628335
0.500305797576493,0.788264199628335
0.504502374197301,0.788264199628335
0.494786283134162,0.788264199628335
0.50212115294294,0.788264199628335
0.502779550139443,0.788264199628335
0.494808945889482,0.788264199628335
0.503387681206168,0.788264199628335
0.493840982024716,0.788264199628335
0.493172413396044,0.788264199628335
0.500025605352915,0.788264199628335
0.506546324576356,0.788264199628335
0.503752700901853,0.788264199628335
0.487982868162476,0.788264199628335
0.491633974791791,0.788264199628335
0.507910596590037,0.788264199628335
0.504364741626232,0.788264199628335
0.497762426105605,0.788264199628335
0.493750801837096,0.788264199628335
0.498742788125788,0.788264199628335
0.509441970329074,0.788264199628335
0.491311567459689,0.788264199628335
0.4974417530486,0.788264199628335
0.490312360970938,0.788264199628335
0.50697392663104,0.788264199628335
0.497684690311933,0.788264199628335
0.498761177949765,0.788264199628335
0.506583234268136,0.788264199628335
0.509608796467768,0.788264199628335
0.490771824724934,0.788264199628335
0.494761087186289,0.788264199628335
0.49937805236567,0.788264199628335
0.502727894257115,0.788264199628335
0.496531796611695,0.788264199628335
0.496662669031312,0.788264199628335
0.492310845852994,0.788264199628335
0.507666615838379,0.788264199628335
0.498834595686208,0.788264199628335
0.499014456774219,0.788264199628335
0.499409804165058,0.788264199628335
0.506015467288045,0.788264199628335
0.505573176798679,0.788264199628335
0.494500891795569,0.788264199628335
0.494578791264783,0.788264199628335
0.497822048563521,0.788264199628335
0.500317125533904,0.788264199628335
0.498946345475593,0.788264199628335
0.493459666706187,0.788264199628335
0.497167388985858,0.788264199628335
0.507617088067152,0.788264199628335
0.501947670140719,0.788264199628335
0.502495308792407,0.788264199628335
0.508394578855005,0.788264199628335
0.502176697094874,0.788264199628335
0.498776605251443,0.788264199628335
0.500319380155569,0.788264199628335
0.492712199582781,0.788264199628335
0.502181128347432,0.788264199628335
0.487804442272809,0.788264199628335
0.508910234547972,0.788264199628335
0.495916592795618,0.788264199628335
0.503865666729105,0.788264199628335
0.494716399458784,0.788264199628335
0.499561039790565,0.788264199628335
0.498561966381542,0.788264199628335
0.497771669367865,0.788264199628335
0.508357253261538,0.788264199628335
0.501542582584237,0.788264199628335
0.502188041763212,0.788264199628335
0.500362006649595,0.788264199628335
0.489419058831365,0.788264199628335
0.49841096659129,0.788264199628335
0.506147003636907,0.788264199628335
0.498325509402753,0.788264199628335
0.494894492996023,0.788264199628335
0.505350435030142,0.788264199628335
0.491107262791881,0.788264199628335
0.490559585402799,0.788264199628335
0.503178008550578,0.788264199628335
0.49650227804683,0.788264199628335
0.497930094791039,0.788264199628335
0.504530975263859,0.788264199628335
0.499035245171727,0.788264199628335
0.497474801481196,0.788264199628335
0.506702781251607,0.788264199628335
0.4979160312635,0.788264199628335
0.501442440513505,0.788264199628335
0.500059010327753,0.788264199628335
0.503354982018153,0.788264199628335
0.503425055855974,0.788264199628335
0.49685003752099,0.788264199628335
0.490641645699843,0.788264199628335
0.496967736604322,0.788264199628335
0.496935570697825,0.788264199628335
0.487869608678904,0.788264199628335
0.492093611351737,0.788264199628335
0.496485354522184,0.788264199628335
0.491529218388498,0.788264199628335
0.49620928631579,0.788264199628335
0.500062797871109,0.788264199628335
0.495735338214298,0.788264199628335
0.492577151155935,0.788264199628335
0.492895747382063,0.788264199628335
0.495688709839143,0.788264199628335
0.499884450501986,0.788264199628335
0.496231127678216,0.788264199628335
0.495767096922675,0.788264199628335
0.508390209890116,0.788264199628335
0.498440489034185,0.788264199628335
0.497520871872653,0.788264199628335
0.509476146889452,0.788264199628335
0.497230525356866,0.788264199628335
0.496635720410801,0.788264199628335
0.4992536268445,0.788264199628335
0.50289378773719,0.788264199628335
0.488172130150905,0.788264199628335
0.49642893691237,0.788264199628335
0.498106560295301,0.788264199628335
0.496357846351009,0.788264199628335
0.489236479937167,0.788264199628335
0.500712952565506,0.788264199628335
0.49568557327971,0.788264199628335
0.49859801401111,0.788264199628335
0.50104307211669,0.788264199628335
0.490217422989199,0.788264199628335
0.497611773760603,0.788264199628335
0.49271165107394,0.788264199628335
0.500990421201287,0.788264199628335
0.49461280823049,0.788264199628335
0.505452649619405,0.788264199628335
0.50116724670781,0.788264199628335
0.496311559087756,0.788264199628335
0.499683279475302,0.788264199628335
0.492333758310727,0.788264199628335
0.499963532031933,0.788264199628335
0.499472884347668,0.788264199628335
0.496272908621789,0.788264199628335
0.496057660947282,0.788264199628335
0.48450089548847,0.788264199628335
0.506079620032475,0.788264199628335
0.507095972078875,0.788264199628335
0.497588872976039,0.788264199628335
0.500087600514325,0.788264199628335
0.498434730590535,0.788264199628335
0.497052018881049,0.788264199628335
0.50523981123615,0.788264199628335
0.493951527251432,0.788264199628335
0.490712602964091,0.788264199628335
0.50522619513991,0.788264199628335
0.491914011388751,0.788264199628335
0.494702068557552,0.788264199628335
0.49363934771898,0.788264199628335
0.493887994535896,0.788264199628335
0.495927018043246,0.788264199628335
0.495046905320037,0.788264199628335
0.497666220906411,0.788264199628335
0.488341649140704,0.788264199628335
0.493924469212238,0.788264199628335
0.491433152502422,0.788264199628335
0.502818282299994,0.788264199628335
0.488209089808761,0.788264199628335
0.495630545481872,0.788264199628335
0.50395608738321,0.788264199628335
0.502899605841291,0.788264199628335
0.502946485125041,0.788264199628335
0.494844126809793,0.788264199628335
0.487669556024865,0.788264199628335
0.499524999537261,0.788264199628335
0.495162237871826,0.788264199628335
0.490483457201825,0.788264199628335
0.496160271475872,0.788264199628335
0.505195569893944,0.788264199628335
0.499722240705075,0.788264199628335
0.495273053274533,0.788264199628335
0.491506116295341,0.788264199628335
0.512370383900386,0.788264199628335
0.503705699992532,0.788264199628335
0.49513376229506,0.788264199628335
0.502106732939765,0.788264199628335
0.49654624763295,0.788264199628335
0.503815057478756,0.788264199628335
0.501950626879858,0.788264199628335
0.494939694046648,0.788264199628335
0.506118149543612,0.788264199628335
0.512058763543182,0.788264199628335
0.499275071823902,0.788264199628335
0.492953607752694,0.788264199628335
0.494789132451565,0.788264199628335
0.502523610802603,0.788264199628335
0.49427414680709,0.788264199628335
0.495099044402461,0.788264199628335
0.508184007493086,0.788264199628335
0.505470246976784,0.788264199628335
0.496554283024663,0.788264199628335
0.496580005261229,0.788264199628335
0.50172038812313,0.788264199628335
0.49814887225337,0.788264199628335
0.495753810861502,0.788264199628335
0.503429920332125,0.788264199628335
0.495956349916691,0.788264199628335
0.497201503145227,0.788264199628335
0.500541917473117,0.788264199628335
0.494860606798737,0.788264199628335
0.496141045663509,0.788264199628335
0.502452622477268,0.788264199628335
0.501732882676947,0.788264199628335
0.499739315810801,0.788264199628335
0.498276838992056,0.788264199628335
0.498884288686591,0.788264199628335
0.498723270721745,0.788264199628335
0.499550186219692,0.788264199628335
0.497658883124031,0.788264199628335
0.496141137394564,0.788264199628335
0.503619579693809,0.788264199628335
0.491904564255495,0.788264199628335
0.495203477875509,0.788264199628335
0.494106082853463,0.788264199628335
0.489523525140713,0.788264199628335
0.501588034217027,0.788264199628335
0.502353019105736,0.788264199628335
0.493082998347119,0.788264199628335
0.495844175097816,0.788264199628335
0.495998688548862,0.788264199628335
0.496383791092055,0.788264199628335
0.499873124733192,0.788264199628335
0.498867230392225,0.788264199628335
0.499628149021588,0.788264199628335
0.499860614170724,0.788264199628335
0.499054952880459,0.788264199628335
0.49895242770178,0.788264199628335
0.491522369678411,0.788264199628335
0.501108899073713,0.788264199628335
0.504640052416137,0.788264199628335
0.49415583051191,0.788264199628335
0.498764712764546,0.788264199628335
0.495305374486883,0.788264199628335
0.504087589099968,0.788264199628335
0.503856368575313,0.788264199628335
0.50418921137066,0.788264199628335
0.513290918476695,0.788264199628335
0.506154492506918,0.788264199628335
0.506854048019206,0.788264199628335
0.500570380918288,0.788264199628335
0.486090509079962,0.788264199628335
0.487651605154235,0.788264199628335
0.504488516991901,0.788264199628335
0.50308020038912,0.788264199628335
0.496148336959357,0.788264199628335
0.496931631665814,0.788264199628335
0.502221949775673,0.788264199628335
0.496688704820967,0.788264199628335
0.497425382044492,0.788264199628335
0.496840847457348,0.788264199628335
0.500655849374999,0.788264199628335
0.49759856520543,0.788264199628335
0.495857657698107,0.788264199628335
0.499752314805731,0.788264199628335
0.497510557775956,0.788264199628335
0.503249926949595,0.788264199628335
0.496736040908441,0.788264199628335
0.48891777494736,0.788264199628335
0.495402631664111,0.788264199628335
0.493184378769004,0.788264199628335
0.498339954346956,0.788264199628335
0.500614645717494,0.788264199628335
0.489013627742737,0.788264199628335
0.488912859564857,0.788264199628335
0.498045500179948,0.788264199628335
0.496389865634799,0.788264199628335
0.50580080230833,0.788264199628335
0.500759361935795,0.788264199628335
0.493740572280937,0.788264199628335
0.497387828142888,0.788264199628335
0.495852078347667,0.788264199628335
0.489537066968575,0.788264199628335
0.498254954768439,0.788264199628335
0.498753777999278,0.788264199628335
0.504391968937945,0.788264199628335
0.495054399117385,0.788264199628335
0.495478788096192,0.788264199628335
0.499793109730099,0.788264199628335
0.498226702439592,0.788264199628335
0.501061887741101,0.788264199628335
0.500001581205056,0.788264199628335
0.507887766703894,0.788264199628335
0.497264548044457,0.788264199628335
0.503262067711665,0.788264199628335
0.492910592791958,0.788264199628335
0.496386697339831,0.788264199628335
0.496653907313248,0.788264199628335
0.499121812264364,0.788264199628335
0.496087049450382,0.788264199628335
0.499233361329571,0.788264199628335
0.490890248080767,0.788264199628335
0.498915467605853,0.788264199628335
0.498317172165046,0.788264199628335
0.487023763771626,0.788264199628335
0.504812818945489,0.788264199628335
0.501628706564007,0.788264199628335
0.492896017393505,0.788264199628335
0.492778174181215,0.788264199628335
0.498904214667518,0.788264199628335
0.502174337219291,0.788264199628335
0.501069693237499,0.788264199628335
0.497865165094918,0.788264199628335
0.497086908955446,0.788264199628335
0.502817502672793,0.788264199628335
0.500811934939803,0.788264199628335
0.505182924655681,0.788264199628335
0.498314939244562,0.788264199628335
0.488044907190589,0.788264199628335
0.50132259878852,0.788264199628335
0.505011866115074,0.788264199628335
0.501537863579883,0.788264199628335
0.502839305288904,0.788264199628335
0.49382614885178,0.788264199628335
0.506976850275789,0.788264199628335
0.493849262878858,0.788264199628335
0.497045585784851,0.788264199628335
0.498179634173777,0.788264199628335
0.492595800014425,0.788264199628335
0.505359989712147,0.788264199628335
0.500058434860758,0.788264199628335
0.495294564130828,0.788264199628335
0.488615666818514,0.788264199628335
0.497921038176575,0.788264199628335
0.485839365080592,0.788264199628335
0.496970972077526,0.788264199628335
0.491590849980201,0.788264199628335
0.505988946797499,0.788264199628335
0.507606471658987,0.788264199628335
0.492464404189183,0.788264199628335
0.502497998409243,0.788264199628335
0.49071937920619,0.788264199628335
0.503903941366403,0.788264199628335
0.505520079485213,0.788264199628335
0.490830557404595,0.788264199628335
0.498416783473703,0.788264199628335
0.49216808277269,0.788264199628335
0.496968739998922,0.788264199628335
0.502563018085656,0.788264199628335
0.498910492028539,0.788264199628335
0.506718083229002,0.788264199628335
0.493684262420096,0.788264199628335
0.49751362138712,0.788264199628335
0.503910028030775,0.788264199628335
0.491605872993538,0.788264199628335
0.492177495055064,0.788264199628335
0.507836361579652,0.788264199628335
0.491717803187494,0.788264199628335
0.496211406462858,0.788264199628335
0.508798165856481,0.788264199628335
0.502060599887309,0.788264199628335
0.505715346212353,0.788264199628335
0.489051636422275,0.788264199628335
0.504706560504857,0.788264199628335
0.502915601650164,0.788264199628335
0.505528157686232,0.788264199628335
0.497207696537832,0.788264199628335
0.492647729310488,0.788264199628335
0.501162194233686,0.788264199628335
0.499598347144396,0.788264199628335
0.498055872929274,0.788264199628335
0.500002488234605,0.788264199628335
0.497250882545072,0.788264199628335
0.500695887720679,0.788264199628335
0.498791076061944,0.788264199628335
0.496507590255592,0.788264199628335
0.503352135194952,0.788264199628335
0.497373670562725,0.788264199628335
0.49431418167084,0.788264199628335
0.502706555558918,0.788264199628335
0.495061008682534,0.788264199628335
0.501014446728414,0.788264199628335
0.493531822689296,0.788264199628335
0.497669954246687,0.788264199628335
0.494070445196784,0.788264199628335
0.498220438314156,0.788264199628335
0.498389860891366,0.788264199628335
0.493735201133925,0.788264199628335
0.502175501320635,0.788264199628335
0.487991324136415,0.788264199628335
0.501528098569099,0.788264199628335
0.503448518240642,0.788264199628335
0.499282282974088,0.788264199628335
0.498378881293746,0.788264199628335
0.490910255533631,0.788264199628335
0.500878263984622,0.788264199628335
0.50253695952844,0.788264199628335
0.505764696313263,0.788264199628335
0.505964918164593,0.788264199628335
0.498049968020471,0.788264199628335
0.508484053270033,0.788264199628335
0.501708321802795,0.788264199628335
0.494275719947756,0.788264199628335
0.496936295479955,0.788264199628335
0.492982646493571,0.788264199628335
0.500981043455631,0.788264199628335
0.500847835409432,0.788264199628335
0.49878812935941,0.788264199628335
0.499487964770003,0.788264199628335
0.495415628982844,0.788264199628335
0.497458790826069,0.788264199628335
0.502558055346352,0.788264199628335
0.493470841310704,0.788264199628335
0.49836742875155,0.788264199628335
0.498306698642102,0.788264199628335
0.500006234812484,0.788264199628335
0.501435221600899,0.788264199628335
0.488452425460487,0.788264199628335
0.496235592442331,0.788264199628335
0.492784436239978,0.788264199628335
0.49274844658922,0.788264199628335
0.497829938728274,0.788264199628335
0.501845516996026,0.788264199628335
0.500535416016426,0.788264199628335
0.495229408143087,0.788264199628335
0.498859016961598,0.788264199628335
0.490891852624019,0.788264199628335
0.494920451451959,0.788264199628335
0.506525985863927,0.788264199628335
0.49461233559954,0.788264199628335
0.502892298467431,0.788264199628335
0.507425266669501,0.788264199628335
0.503814419321483,0.788264199628335
0.503644627191592,0.788264199628335
0.505098023247114,0.788264199628335
0.497183559943985,0.788264199628335
0.500985245100506,0.788264199628335
0.493664466668567,0.788264199628335
0.501995562784172,0.788264199628335
0.491505840326767,0.788264199628335
0.496801525225319,0.788264199628335
0.501543944456291,0.788264199628335
0.493359592980653,0.788264199628335
0.505759294720258,0.788264199628335
0.507723452025595,0.788264199628335
0.502923013562468,0.788264199628335
0.498318320482783,0.788264199628335
0.49799170651281,0.788264199628335
0.500494446218617,0.788264199628335
0.498768014161391,0.788264199628335
0.502167398012153,0.788264199628335
0.498576483027314,0.788264199628335
0.498866335765499,0.788264199628335
0.499298642035921,0.788264199628335
0.494066017744713,0.788264199628335
0.494393186246,0.788264199628335
0.504148410765204,0.788264199628335
0.502727016243186,0.788264199628335
0.499848997601683,0.788264199628335
0.494630038999823,0.788264199628335
0.495433913597508,0.788264199628335
0.494099591960407,0.788264199628335
0.492924783967762,0.788264199628335
0.493761068326618,0.788264199628335
0.496152853870128,0.788264199628335
0.498051715679006,0.788264199628335
0.500024232131374,0.788264199628335
0.496257372550051,0.788264199628335
0.5054701805871,0.788264199628335
0.503592468798759,0.788264199628335
0.502341240795846,0.788264199628335
0.497406800912129,0.788264199628335
0.510905400310531,0.788264199628335
0.494155986282979,0.788264199628335
0.49886220992847,0.788264199628335
0.493098585489429,0.788264199628335
0.499257113230275,0.788264199628335
0.503860743206527,0.788264199628335
0.493731550598059,0.788264199628335
0.503607635624574,0.788264199628335
0.492463912870854,0.788264199628335
0.494660279873253,0.788264199628335
0.512578553525489,0.788264199628335
0.505092546337488,0.788264199628335
0.493435282444022,0.788264199628335
0.501635938844502,0.788264199628335
0.494664046592012,0.788264199628335
0.496056760882457,0.788264199628335
0.498919078043636,0.788264199628335
0.499430766847789,0.788264199628335
0.495187248373025,0.788264199628335
0.503746245829983,0.788264199628335
0.503086048530298,0.788264199628335
0.500745113048039,0.788264199628335
0.501255484467812,0.788264199628335
0.506052738671709,0.788264199628335
0.501522954097269,0.788264199628335
0.502878561842152,0.788264199628335
0.498952099148452,0.788264199628335
0.501633301996974,0.788264199628335
0.497309433749648,0.788264199628335
0.499538705007579,0.788264199628335
0.483852689140566,0.788264199628335
0.500267711079796,0.788264199628335
0.499787225676191,0.788264199628335
0.49568714797054,0.788264199628335
0.503606899545764,0.788264199628335
0.499097924853487,0.788264199628335
0.497296942366235,0.788264199628335
0.501530231020174,0.788264199628335
0.500180327733843,0.788264199628335
0.493466278123072,0.788264199628335
0.500706827058773,0.788264199628335
0.502007077318265,0.788264199628335
0.494633925095221,0.788264199628335
0.500339233184914,0.788264199628335
0.495629564228696,0.788264199628335
0.494845193603834,0.788264199628335
0.494823210396003,0.788264199628335
0.491667756063413,0.788264199628335
0.496372136312911,0.788264199628335
0.498200418871961,0.788264199628335
0.507151223314155,0.788264199628335
0.497701183698767,0.788264199628335
0.497339788539465,0.788264199628335
0.499793898748191,0.788264199628335
0.49889901067354,0.788264199628335
0.502705617202732,0.788264199628335
0.500686282901256,0.788264199628335
0.500464615530008,0.788264199628335
0.493070245538998,0.788264199628335
0.500552804494358,0.788264199628335
0.497323131362713,0.788264199628335
0.49517872219466,0.788264199628335
0.497755137109106,0.788264199628335
0.489708740297597,0.788264199628335
0.498896766524479,0.788264199628335
0.497042806737601,0.788264199628335
0.492369103786382,0.788264199628335
0.504034761679413,0.788264199628335
0.493238828008016,0.788264199628335
0.499953232415347,0.788264199628335
0.497061765067932,0.788264199628335
0.497764862507594,0.788264199628335
0.497350673465129,0.788264199628335
0.50064955121584,0.788264199628335
0.498883183755137,0.788264199628335
0.502985264687698,0.788264199628335
0.49382353603382,0.788264199628335
0.501642174705764,0.788264199628335
0.496372628171826,0.788264199628335
0.4925871688169,0.788264199628335
0.506614189360336,0.788264199628335
0.495339249045526,0.788264199628335
0.495171061305131,0.788264199628335
0.500115491934185,0.788264199628335
0.500971415717312,0.788264199628335
0.499011752917804,0.788264199628335
0.500561257665226,0.788264199628335
0.499289025342004,0.788264199628335
0.502098914769513,0.788264199628335
0.496097071055313,0.788264199628335
0.504071745837266,0.788264199628335
0.501550616937197,0.788264199628335
0.488474748721311,0.788264199628335
0.498352715957793,0.788264199628335
0.494774949408464,0.788264199628335
0.505143038121642,0.788264199628335
0.501784576884993,0.788264199628335
0.503789736606897,0.788264199628335
0.503001324994543,0.788264199628335
0.498139141515763,0.788264199628335
0.503744230422897,0.788264199628335
0.497206662332829,0.788264199628335
0.503067479391733,0.788264199628335
0.491515385776503,0.788264199628335
0.498054680344963,0.788264199628335
0.496389894292547,0.788264199628335
0.490588778710875,0.788264199628335
0.498727750657031,0.788264199628335
0.497296941047711,0.788264199628335
0.49549304085555,0.788264199628335
0.506122684848208,0.788264199628335
0.493437957521486,0.788264199628335
0.499738051736858,0.788264199628335
0.495121347423002,0.788264199628335
0.500807922712977,0.788264199628335
0.506840612672616,0.788264199628335
0.491794861685924,0.788264199628335
0.490487606829482,0.788264199628335
0.494566505065009,0.788264199628335
0.499474688437225,0.788264199628335
0.49579667062606,0.788264199628335
0.494291170311779,0.788264199628335
0.500868451904377,0.788264199628335
0.496134590360047,0.788264199628335
0.486144354503127,0.788264199628335
0.492807490707323,0.788264199628335
0.502174047981343,0.788264199628335
0.49252782283403,0.788264199628335
0.498897686288121,0.788264199628335
0.49274988675652,0.788264199628335
0.493219240372846,0.788264199628335
0.486258641004651,0.788264199628335
0.493296217868634,0.788264199628335
0.498878709517941,0.788264199628335
0.496005328143748,0.788264199628335
0.49472069803898,0.788264199628335
0.502948517354229,0.788264199628335
0.485512018827502,0.788264199628335
0.502796642278811,0.788264199628335
0.50094731292257,0.788264199628335
0.503842558212302,0.788264199628335
0.496083499931963,0.788264199628335
0.494939977974576,0.788264199628335
0.496999070467591,0.788264199628335
0.50217398803656,0.788264199628335
0.498503008577021,0.788264199628335
0.493227844883171,0.788264199628335
0.502733655194278,0.788264199628335
0.505724039441668,0.788264199628335
0.499066091418628,0.788264199628335
0.494969205623675,0.788264199628335
0.502160504794085,0.788264199628335
0.493528797810466,0.788264199628335
0.496948756665046,0.788264199628335
0.496956515085277,0.788264199628335
0.503755531198381,0.788264199628335
0.505056904435629,0.788264199628335
0.49590180668921,0.788264199628335
0.500167470055531,0.788264199628335
0.500600058232791,0.788264199628335
0.499287956129239,0.788264199628335
0.499072399871036,0.788264199628335
0.498692831110764,0.788264199628335
0.500526074754709,0.788264199628335
0.499496859525734,0.788264199628335
0.501530406978314,0.788264199628335
0.494032228031558,0.788264199628335
0.503155884055862,0.788264199628335
0.502338031121506,0.788264199628335
0.495954236778846,0.788264199628335
0.495991184829416,0.788264199628335
0.508501390039407,0.788264199628335
0.493325509239903,0.788264199628335
0.500836283312569,0.788264199628335
0.493421388334388,0.788264199628335
0.499009875782223,0.788264199628335
0.499629954737848,0.788264199628335
0.491918513583903,0.788264199628335
0.501185090937187,0.788264199628335
0.495721732820557,0.788264199628335
0.504195185344063,0.788264199628335
0.506006638473783,0.788264199628335
0.499664133790325,0.788264199628335
0.491602947798566,0.788264199628335
0.499124319805833,0.788264199628335
0.493843730225879,0.788264199628335
0.500926519090162,0.788264199628335
0.502985777810367,0.788264199628335
0.503248556815817,0.788264199628335
0.49357034341686,0.788264199628335
0.501755963585504,0.788264199628335
0.497474666553792,0.788264199628335
0.49913638894954,0.788264199628335
0.497218766749691,0.788264199628335
0.500615457086887,0.788264199628335
0.499473525009284,0.788264199628335
0.494836510190428,0.788264199628335
0.504739998487966,0.788264199628335
0.493773188104992,0.788264199628335
0.495019940667186,0.788264199628335
0.496829303138473,0.788264199628335
0.50242406008053,0.788264199628335
0.51125233945239,0.788264199628335
0.503180274801925,0.788264199628335
0.497373936369115,0.788264199628335
0.497256374873677,0.788264199628335
0.509016428985347,0.788264199628335
0.492572925236922,0.788264199628335
0.497743013689669,0.788264199628335
0.500926557872054,0.788264199628335
0.502524926642535,0.788264199628335
0.500642839139814,0.788264199628335
0.496028717958971,0.788264199628335
0.494685865750174,0.788264199628335
0.508969981675851,0.788264199628335
0.496774285742814,0.788264199628335
0.503334419917148,0.788264199628335
0.496836515122056,0.788264199628335
0.493915675950699,0.788264199628335
0.492950338842566,0.788264199628335
0.501297151220133,0.788264199628335
0.497619297311179,0.788264199628335
0.49390412456182,0.788264199628335
0.498288673182852,0.788264199628335
0.498465999995965,0.788264199628335
0.498013533323403,0.788264199628335
0.499829330476285,0.788264199628335
0.495400964576678,0.788264199628335
0.497586560185928,0.788264199628335
0.508508753734548,0.788264199628335
0.495238459996132,0.788264199628335
0.503356318616159,0.788264199628335
0.490196055347707,0.788264199628335
0.495117688665985,0.788264199628335
0.495502874109839,0.788264199628335
0.491509416509417,0.788264199628335
0.50157439053765,0.788264199628335
0.507830763684526,0.788264199628335
0.502160362243254,0.788264199628335
0.496447037709557,0.788264199628335
0.506395339227779,0.788264199628335
0.504251328836108,0.788264199628335
0.505610906295768,0.788264199628335
0.496116730055393,0.788264199628335
0.499426226355323,0.788264199628335
0.491596074113796,0.788264199628335
0.494324552566911,0.788264199628335
0.500102329808974,0.788264199628335
0.499346455227692,0.788264199628335
0.505721036329496,0.788264199628335
0.501800246832197,0.788264199628335
0.498813724458928,0.788264199628335
0.496365267374307,0.788264199628335
0.503474553260996,0.788264199628335
0.500281747387651,0.788264199628335
0.50285107732518,0.788264199628335
0.499432101049328,0.788264199628335
0.489942476210625,0.788264199628335
0.495652790635535,0.788264199628335
0.497480625575872,0.788264199628335
0.493416593061546,0.788264199628335
0.496642897409444,0.788264199628335
0.501909556411564,0.788264199628335
0.495315177028326,0.788264199628335
0.50694262674033,0.788264199628335
0.493252409768643,0.788264199628335
0.49472032384892,0.788264199628335
0.4925292675512,0.788264199628335
0.502767404219319,0.788264199628335
0.502468922793582,0.788264199628335
0.509175638095675,0.788264199628335
0.49128004689363,0.788264199628335
0.502243725238927,0.788264199628335
0.494383375424871,0.788264199628335
0.50151074006912,0.788264199628335
0.499993738136591,0.788264199628335
0.493901983322811,0.788264199628335
0.495817482941705,0.788264199628335
0.496439293957265,0.788264199628335
0.495772654417664,0.788264199628335
0.498856143310651,0.788264199628335
0.495357575781103,0.788264199628335
0.489057782196943,0.788264199628335
0.505855101376871,0.788264199628335
0.501441725706085,0.788264199628335
0.499638654111881,0.788264199628335
0.500090783659019,0.788264199628335
0.507209691949349,0.788264199628335
0.490884834206125,0.788264199628335
0.501912256075905,0.788264199628335
0.504354011003025,0.788264199628335
0.498723344099219,0.788264199628335
0.504553465774878,0.788264199628335
0.495756359873945,0.788264199628335
0.500789298904303,0.788264199628335
0.497895300234676,0.788264199628335
0.496809610054315,0.788264199628335
0.49773118745959,0.788264199628335
0.485499109655221,0.788264199628335
0.502336327258265,0.788264199628335
0.500074852519366,0.788264199628335
0.493215381656586,0.788264199628335
0.495666932626695,0.788264199628335
0.49422372772324,0.788264199628335
0.499872474870259,0.788264199628335
0.499088092439782,0.788264199628335
0.505643709060257,0.788264199628335
0.501721410496358,0.788264199628335
0.500944149184404,0.788264199628335
0.495155737174937,0.788264199628335
0.498763492993632,0.788264199628335
0.49767134390171,0.788264199628335
0.501721525855201,0.788264199628335
0.500964467462115,0.788264199628335
0.505578282354562,0.788264199628335
0.501174641828055,0.788264199628335
0.494458243890083,0.788264199628335
0.504307214403913,0.788264199628335
0.49617563924246,0.788264199628335
0.494511903353564,0.788264199628335
0.496406889302994,0.788264199628335
0.501295588833243,0.788264199628335
0.507846813519749,0.788264199628335
0.497898409589265,0.788264199628335
0.50291968900042,0.788264199628335
0.498785600977716,0.788264199628335
0.49066067094367,0.788264199628335
0.498493935589938,0.788264199628335
0.496248625638974,0.788264199628335
0.502478729829244,0.788264199628335
0.499700319568364,0.788264199628335
0.502779050211307,0.788264199628335
0.498652258900612,0.788264199628335
0.495648650610701,0.788264199628335
0.505065848744645,0.788264199628335
0.490083570595534,0.788264199628335
0.498899467291258,0.788264199628335
0.506837254706053,0.788264199628335
0.491600300231038,0.788264199628335
0.500275025796643,0.788264199628335
0.50250402829937,0.788264199628335
0.507047797734697,0.788264199628335
0.492784924839597,0.788264199628335
0.503478154357237,0.788264199628335
0.501943894842446,0.788264199628335
0.500615712236309,0.788264199628335
0.497108290897229,0.788264199628335
0.498176069882926,0.788264199628335
0.50433760389859,0.788264199628335
0.495484580745447,0.788264199628335
0.507485382284744,0.788264199628335
0.499097287457654,0.788264199628335
0.498970469107009,0.788264199628335
0.494038084367063,0.788264199628335
0.500799071462656,0.788264199628335
0.502284293336555,0.788264199628335
0.491719635988753,0.788264199628335
0.492910323988204,0.788264199628335
0.501005765653375,0.788264199628335
0.494129389953041,0.788264199628335
0.502445186327247,0.788264199628335
0.504867131461635,0.788264199628335
0.492704429308869,0.788264199628335
0.499458605327668,0.788264199628335
0.494880169973948,0.788264199628335
0.503060532033719,0.788264199628335
0.502710113883383,0.788264199628335
0.493623369001845,0.788264199628335
0.496550747448806,0.788264199628335
0.496680353933822,0.788264199628335
0.49719017752747,0.788264199628335
0.499436011246886,0.788264199628335
0.499378477041455,0.788264199628335
0.498926232260051,0.788264199628335
0.499320483123416,0.788264199628335
0.498674938628122,0.788264199628335
0.502345369604368,0.788264199628335
0.500508724639539,0.788264199628335
0.499516340452523,0.788264199628335
0.498476301867285,0.788264199628335
0.498085987533572,0.788264199628335
0.499524189612108,0.788264199628335
0.491601458746114,0.788264199628335
0.494595357587232,0.788264199628335
0.501373647639498,0.788264199628335
0.495964062758235,0.788264199628335
0.502248359841681,0.788264199628335
0.500139340634923,0.788264199628335
0.497997175010458,0.788264199628335
0.505142186914882,0.788264199628335
0.496454481257697,0.788264199628335
0.51019774106053,0.788264199628335
0.508616585603707,0.788264199628335
0.499048922103609,0.788264199628335
0.4931379516224,0.788264199628335
0.506705094706358,0.788264199628335
0.503665638499014,0.788264199628335
0.502954513128492,0.788264199628335
0.500756396282942,0.788264199628335
0.490399370939732,0.788264199628335
0.497796959837407,0.788264199628335
0.494782079205708,0.788264199628335
0.497115982654434,0.788264199628335
0.492042449032811,0.788264199628335
0.499647921768395,0.788264199628335
0.497523444478905,0.788264199628335
0.500326839171002,0.788264199628335
0.497163941544174,0.788264199628335
0.501402103330564,0.788264199628335
0.498909580770954,0.788264199628335
0.498880911464028,0.788264199628335
0.49476841230331,0.788264199628335
0.494412279068838,0.788264199628335
0.495178002150324,0.788264199628335
0.495665212548383,0.788264199628335
0.489608401350916,0.788264199628335
0.495160629100826,0.788264199628335
0.500251240317287,0.788264199628335
0.509893293137312,0.788264199628335
0.49968835848731,0.788264199628335
0.501201506086187,0.788264199628335
0.501281440484023,0.788264199628335
0.492548619575981,0.788264199628335
0.501039569264705,0.788264199628335
0.492155720717404,0.788264199628335
0.496677916993887,0.788264199628335
0.502393529183056,0.788264199628335
0.501967744255289,0.788264199628335
0.502565708951614,0.788264199628335
0.493433805808263,0.788264199628335
0.498963362063694,0.788264199628335
0.495016157013675,0.788264199628335
0.500345519841115,0.788264199628335
0.499095036595639,0.788264199628335
0.492328422776836,0.788264199628335
0.495521074264996,0.788264199628335
0.4977186861328,0.788264199628335
0.500184208898868,0.788264199628335
0.503520782609266,0.788264199628335
0.500983170284324,0.788264199628335
0.494828254757443,0.788264199628335
0.493883703165525,0.788264199628335
0.495472618686199,0.788264199628335
0.501800135884038,0.788264199628335
0.503064441950813,0.788264199628335
0.50294313798643,0.788264199628335
0.505055760593555,0.788264199628335
0.496885590111714,0.788264199628335
0.496973693981778,0.788264199628335
0.500005095704684,0.788264199628335
0.501615021188966,0.788264199628335
0.492164541029795,0.788264199628335
0.495619291416185,0.788264199628335
0.499748588354527,0.788264199628335
0.501823792578218,0.788264199628335
0.503296527789242,0.788264199628335
0.502954973854847,0.788264199628335
0.495883052928859,0.788264199628335
0.493423175835661,0.788264199628335
0.493020975803561,0.788264199628335
0.505173579528216,0.788264199628335
0.501084362846661,0.788264199628335
0.493974790276814,0.788264199628335
0.499418489610694,0.788264199628335
0.497814038951405,0.788264199628335
0.491823998415336,0.788264199628335
0.50026520691021,0.788264199628335
0.507598332271887,0.788264199628335
0.502688151816426,0.788264199628335
0.497356218971549,0.788264199628335
0.50088717332658,0.788264199628335
0.492414370963686,0.788264199628335
0.500269883326172,0.788264199628335
0.499884794652092,0.788264199628335
0.497849787121771,0.788264199628335
0.497333694142049,0.788264199628335
0.495380163132445,0.788264199628335
0.504170130052648,0.788264199628335
0.494201822102005,0.788264199628335
0.488891780742335,0.788264199628335
0.498730057384462,0.788264199628335
0.494386144137519,0.788264199628335
0.503676669510523,0.788264199628335
0.49989350989612,0.788264199628335
0.495528614901157,0.788264199628335
0.49170351788361,0.788264199628335
0.497660846009772,0.788264199628335
0.498080176761449,0.788264199628335
0.496032313153388,0.788264199628335
0.5074084969699,0.788264199628335
0.498633551747438,0.788264199628335
0.492082149391157,0.788264199628335
0.496615055778757,0.788264199628335
0.494697827909964,0.788264199628335
0.496293490822491,0.788264199628335
0.496922781768649,0.788264199628335
0.492581245931922,0.788264199628335
0.495012465709745,0.788264199628335
0.493747353397701,0.788264199628335
0.493045298797202,0.788264199628335
0.491201753496835,0.788264199628335
0.507964791976642,0.788264199628335
0.496678459493294,0.788264199628335
0.505338883104458,0.788264199628335
0.499905736347446,0.788264199628335
0.497921231961703,0.788264199628335
0.509144009174547,0.788264199628335
0.493272035734032,0.788264199628335
0.502320078594281,0.788264199628335
0.506988637724041,0.788264199628335
0.490125893910047,0.788264199628335
0.503702985612566,0.788264199628335
0.497197099709016,0.788264199628335
0.493583513624015,0.788264199628335
0.503016019981523,0.788264199628335
0.501757423454091,0.788264199628335
0.492114380745271,0.788264199628335
0.500176600371636,0.788264199628335
0.497140209955765,0.788264199628335
0.503253647164853,0.788264199628335
0.491309903905242,0.788264199628335
0.500441518007689,0.788264199628335
0.499765915439621,0.788264199628335
0.503669231293357,0.788264199628335
0.496293290538281,0.788264199628335
0.497386730790151,0.788264199628335
0.500249555060133,0.788264199628335
0.500674889462992,0.788264199628335
0.502938190529258,0.788264199628335
0.494164893512094,0.788264199628335
0.499120881299029,0.788264199628335
0.503970998959819,0.788264199628335
0.502723261262896,0.788264199628335
0.4965089542991,0.788264199628335
0.497831593944229,0.788264199628335
0.491699942739102,0.788264199628335
0.502633459066684,0.788264199628335
0.507106887941141,0.788264199628335
0.506705154272909,0.788264199628335
0.498146797298452,0.788264199628335
0.495618786088097,0.788264199628335
0.502657388490039,0.788264199628335
0.49877404899948,0.788264199628335
0.505051831949216,0.788264199628335
0.500938943990089,0.788264199628335
0.504605945434125,0.788264199628335
0.500212260661278,0.788264199628335
0.495138382818181,0.788264199628335
0.501822709251662,0.788264199628335
0.501009799483199,0.788264199628335
0.498587755007614,0.788264199628335
0.495594098283183,0.788264199628335
0.493532128815126,0.788264199628335
0.491201986973211,0.788264199628335
0.500171216406112,0.788264199628335
0.490798360577199,0.788264199628335
0.492616712146809,0.788264199628335
0.495919666302261,0.788264199628335
0.503224705833577,0.788264199628335
0.502645162049409,0.788264199628335
0.488695796516505,0.788264199628335
0.500220314290321,0.788264199628335
0.489349552550577,0.788264199628335
0.503027365387715,0.788264199628335
0.503661762988948,0.788264199628335
0.488661243622184,0.788264199628335
0.497063021032562,0.788264199628335
0.496568445445548,0.788264199628335
0.495490819379267,0.788264199628335
0.503421935866654,0.788264199628335
0.496511956579983,0.788264199628335
0.493953260760138,0.788264199628335
0.497679872160832,0.788264199628335
0.498585548358992,0.788264199628335
0.507132573692105,0.788264199628335
0.495040664528026,0.788264199628335
0.492274960384702,0.788264199628335
0.494890186011521,0.788264199628335
0.500474157306363,0.788264199628335
0.495312102335318,0.788264199628335
0.497630266247985,0.788264199628335
0.499387660169326,0.788264199628335
0.494732518546868,0.788264199628335
0.498261845936943,0.788264199628335
0.496295927322939,0.788264199628335
0.504843455772929,0.788264199628335
0.494504976816065,0.788264199628335
0.499215738946782,0.788264199628335
0.50256230766149,0.788264199628335
0.497898417232381,0.788264199628335
0.498150128874957,0.788264199628335
0.497115188175826,0.788264199628335
0.500032541113534,0.788264199628335
0.501463381212086,0.788264199628335
0.496014944269229,0.788264199628335
0.499405370724719,0.788264199628335
0.50306204624885,0.788264199628335
0.495503038779311,0.788264199628335
0.501634579458295,0.788264199628335
0.501864872541196,0.788264199628335
0.505900213348975,0.788264199628335
0.497568751901144,0.788264199628335
0.504252392280835,0.788264199628335
0.494197058005029,0.788264199628335
0.493421507208227,0.788264199628335
0.506011779003981,0.788264199628335
0.501024070467153,0.788264199628335
0.492940859618076,0.788264199628335
0.493689130484818,0.788264199628335
0.501014323689169,0.788264199628335
0.49579350090563,0.788264199628335
0.48752339236316,0.788264199628335
0.503404832659373,0.788264199628335
0.500475068233451,0.788264199628335
0.505241261591406,0.788264199628335
0.486804591775189,0.788264199628335
0.49762225667996,0.788264199628335
0.495832373395991,0.788264199628335
0.499535335360523,0.788264199628335
0.497486334879029,0.788264199628335
0.49918579550935,0.788264199628335
0.499108468993426,0.788264199628335
0.502174686232988,0.788264199628335
0.501694072395952,0.788264199628335
0.500925233386181,0.788264199628335
0.495149201097078,0.788264199628335
0.500909667698149,0.788264199628335
0.504459590413251,0.788264199628335
0.505857288162113,0.788264199628335
0.499641864156301,0.788264199628335
0.491718674972448,0.788264199628335
0.490832877583174,0.788264199628335
0.489195132147464,0.788264199628335
0.495143280679485,0.788264199628335
0.489030014920852,0.788264199628335
0.489605339440619,0.788264199628335
0.50360965513781,0.788264199628335
0.497220743397475,0.788264199628335
0.491280148487706,0.788264199628335
0.493671010639392,0.788264199628335
0.501838068249995,0.788264199628335
0.497334372905299,0.788264199628335
0.500141964532178,0.788264199628335
0.492339394485734,0.788264199628335
0.501765851741156,0.788264199628335
0.497151822267807,0.788264199628335
0.4947969270668,0.788264199628335
0.486895108772447,0.788264199628335
0.492719401182929,0.788264199628335
0.488614302135126,0.788264199628335
0.500284038184518,0.788264199628335
0.49196857110486,0.788264199628335
0.499592571333935,0.788264199628335
0.499662449303394,0.788264199628335
0.494731939874995,0.788264199628335
0.500645466757465,0.788264199628335
0.494123844208006,0.788264199628335
0.496194770691546,0.788264199628335
0.502857972146871,0.788264199628335
0.489289151323355,0.788264199628335
0.497286353651278,0.788264199628335
0.502525690084958,0.788264199628335
0.493807077129613,0.788264199628335
0.499620426022198,0.788264199628335
0.496019375145738,0.788264199628335
0.491817601406301,0.788264199628335
0.500640629919758,0.788264199628335
0.49048444057668,0.788264199628335
0.493367926980016,0.788264199628335
0.492407900016596,0.788264199628335
0.500414910065004,0.788264199628335
0.495154080490064,0.788264199628335
0.503994070859492,0.788264199628335
0.496686774051177,0.788264199628335
0.499375895758746,0.788264199628335
0.501468580851294,0.788264199628335
0.497434754279403,0.788264199628335
0.499386619442385,0.788264199628335
0.487203656880788,0.788264199628335
0.501676783810202,0.788264199628335
0.500132665021269,0.788264199628335
0.498779813702898,0.788264199628335
0.498912616076233,0.788264199628335
0.494237599170975,0.788264199628335
0.497919595528867,0.788264199628335
0.498498207153606,0.788264199628335
0.49594092199513,0.788264199628335
0.49827071172894,0.788264199628335
0.499010204598571,0.788264199628335
0.497674328741166,0.788264199628335
0.494900317232182,0.788264199628335
0.493926115952589,0.788264199628335
0.49663035933379,0.788264199628335
0.497695032675353,0.788264199628335
0.502044163362404,0.788264199628335
0.493284800209098,0.788264199628335
0.496091128173626,0.788264199628335
0.500932652250191,0.788264199628335
0.50163226240564,0.788264199628335
0.509885584928314,0.788264199628335
0.502036643716938,0.788264199628335
0.488289512963898,0.788264199628335
0.505823930019406,0.788264199628335
0.507109249420717,0.788264199628335
0.494128432118139,0.788264199628335
0.495533538314297,0.788264199628335
0.502220086376626,0.788264199628335
0.491910278911357,0.788264199628335
0.496506559734326,0.788264199628335
0.497176431587621,0.788264199628335
0.497213673565981,0.788264199628335
0.503748527002269,0.788264199628335
0.496235087386861,0.788264199628335
0.502227553620837,0.788264199628335
0.498660779441391,0.788264199628335
0.491061859651409,0.788264199628335
0.499673156881705,0.788264199628335
0.502821220396668,0.788264199628335
0.48749688673497,0.788264199628335
0.493583676417286,0.788264199628335
0.493082070025277,0.788264199628335
0.500731154959199,0.788264199628335
0.503735402255091,0.788264199628335
0.494862480538018,0.788264199628335
0.495951520845378,0.788264199628335
0.499743168250892,0.788264199628335
0.492990031471998,0.788264199628335
0.50213373410353,0.788264199628335
0.49911789009898,0.788264199628335
0.490515026399045,0.788264199628335
0.496402463475648,0.788264199628335
0.492601390872565,0.788264199628335
0.498334574162592,0.788264199628335
0.490680472349823,0.788264199628335
0.499069603933605,0.788264199628335
0.496299131237609,0.788264199628335
0.502570292623285,0.788264199628335
0.496455770460602,0.788264199628335
0.494351101573405,0.788264199628335
0.500124208944542,0.788264199628335
0.498547407410761,0.788264199628335
0.499580452581471,0.788264199628335
0.496026160667202,0.788264199628335
0.492423568566794,0.788264199628335
0.498698154328967,0.788264199628335
0.494005878377488,0.788264199628335
0.499591442936377,0.788264199628335
0.493495908933216,0.788264199628335
0.490585292231221,0.788264199628335
0.503295322936093,0.788264199628335
0.492018361401475,0.788264199628335
0.498276277966068,0.788264199628335
0.484544173699754,0.788264199628335
0.4944154540086,0.788264199628335
0.503936307919562,0.788264199628335
0.496207463059271,0.788264199628335
0.500135809831132,0.788264199628335
0.498227442374335,0.788264199628335
0.502909774021771,0.788264199628335
0.498519110732727,0.788264199628335
0.496261624892359,0.788264199628335
0.500459443176757,0.788264199628335
0.489640940398952,0.788264199628335
0.498976771981356,0.788264199628335
0.491880225871003,0.788264199628335
0.495602706248608,0.788264199628335
0.49980731131,0.788264199628335
0.503688699394022,0.788264199628335
0.505188071006269,0.788264199628335
0.491000943650482,0.788264199628335
0.498653401675743,0.788264199628335
0.498767720904162,0.788264199628335
0.497690367220657,0.788264199628335
0.494612430044771,0.788264199628335
0.503831291725898,0.788264199628335
0.497163702198234,0.788264199628335
0.493880008202189,0.788264199628335
0.494618081956833,0.788264199628335
0.498377193526299,0.788264199628335
0.495739261512154,0.788264199628335
0.494135303077558,0.788264199628335
0.501028143881251,0.788264199628335
0.496845607655543,0.788264199628335
0.503324498807467,0.788264199628335
0.492604509443005,0.788264199628335
0.495566602564698,0.788264199628335
0.50701646371669,0.788264199628335
0.493619745832043,0.788264199628335
0.503349378728931,0.788264199628335
0.496331412384959,0.788264199628335
0.495079314913898,0.788264199628335
0.499153508208628,0.788264199628335
0.504243844654077,0.788264199628335
0.505100103287554,0.788264199628335
0.509678569240727,0.788264199628335
0.498154031017206,0.788264199628335
0.503362742527236,0.788264199628335
0.498442117525435,0.788264199628335
0.502569870043593,0.788264199628335
0.496847541770375,0.788264199628335
0.501008522395086,0.788264199628335
0.495677209158344,0.788264199628335
0.496465094141461,0.788264199628335
0.496257603704766,0.788264199628335
0.496529770790129,0.788264199628335
0.501468530888265,0.788264199628335
0.501151989401863,0.788264199628335
0.50908003065351,0.788264199628335
0.501149407409969,0.788264199628335
0.496620754679256,0.788264199628335
0.49279130115899,0.788264199628335
0.501068124092422,0.788264199628335
0.500965399044094,0.788264199628335
0.495747019254964,0.788264199628335
0.50102284217242,0.788264199628335
0.492138446948657,0.788264199628335
0.494101069644566,0.788264199628335
0.500470551782581,0.788264199628335
0.500237603032194,0.788264199628335
0.499226984921772,0.788264199628335
0.503281430383758,0.788264199628335
0.493128284325657,0.788264199628335
0.499002562328088,0.788264199628335
0.491121941296094,0.788264199628335
0.49773040829217,0.788264199628335
0.488475761159175,0.788264199628335
0.496766100565768,0.788264199628335
0.502127480566958,0.788264199628335
0.493201944113449,0.788264199628335
0.494094142462728,0.788264199628335
0.491839703955097,0.788264199628335
0.501485366127803,0.788264199628335
0.492843570781812,0.788264199628335
0.494629246310088,0.788264199628335
0.493233621674684,0.788264199628335
0.498733572614587,0.788264199628335
0.491770987204719,0.788264199628335
0.492598863357449,0.788264199628335
0.49223953984794,0.788264199628335
0.501800985879956,0.788264199628335
0.499280235536851,0.788264199628335
0.50553346237999,0.788264199628335
0.508999223178666,0.788264199628335
0.49869483844838,0.788264199628335
0.491966672007959,0.788264199628335
0.499292726776577,0.788264199628335
0.497988493279731,0.788264199628335
0.500618766435941,0.788264199628335
0.502043564984917,0.788264199628335
0.501348376236118,0.788264199628335
0.497223806457675,0.788264199628335
0.497982408563358,0.788264199628335
0.504130257705458,0.788264199628335
0.503425249445829,0.788264199628335
0.49856194275202,0.788264199628335
0.499321178385323,0.788264199628335
0.496992280813345,0.788264199628335
0.488040596179097,0.788264199628335
0.491624527601996,0.788264199628335
0.500249414518553,0.788264199628335
0.497613781743072,0.788264199628335
0.493512789933925,0.788264199628335
0.504453244310296,0.788264199628335
0.500602361169907,0.788264199628335
0.509703693005139,0.788264199628335
0.499418636469492,0.788264199628335
0.495914205112338,0.788264199628335
0.498626083739632,0.788264199628335
0.497500568778829,0.788264199628335
0.493502346499701,0.788264199628335
0.495331864975301,0.788264199628335
0.503036327487185,0.788264199628335
0.502137518823733,0.788264199628335
0.495666842983758,0.788264199628335
0.495832342648454,0.788264199628335
0.488274065165638,0.788264199628335
0.497828402733015,0.788264199628335
0.493893712901445,0.788264199628335
0.496160886655231,0.788264199628335
0.499291814759001,0.788264199628335
0.491280785646735,0.788264199628335
0.499425523720283,0.788264199628335
0.50461973741665,0.788264199628335
0.498107630966582,0.788264199628335
0.498066299024437,0.788264199628335
0.506384284660431,0.788264199628335
0.506000658676401,0.788264199628335
0.498688787907733,0.788264199628335
0.495014832338356,0.788264199628335
0.503738976070911,0.788264199628335
0.503514445863467,0.788264199628335
0.497852259881201,0.788264199628335
0.500862774655665,0.788264199628335
0.496213822108003,0.788264199628335
0.506807358489676,0.788264199628335
0.504295325495658,0.788264199628335
0.494410348155827,0.788264199628335
0.49225194565447,0.788264199628335
0.50244694598497,0.788264199628335
0.498195040814448,0.788264199628335
0.494917893141912,0.788264199628335
0.498465971540893,0.788264199628335
0.495457561523996,0.788264199628335
0.504456881690983,0.788264199628335
0.495093744855401,0.788264199628335
0.493561480140186,0.788264199628335
0.494819582568798,0.788264199628335
0.498619426014078,0.788264199628335
0.498493826398956,0.788264199628335
0.49734157921479,0.788264199628335
0.497767824927475,0.788264199628335
0.503361582991104,0.788264199628335
0.492544028914594,0.788264199628335
0.4954463316704,0.788264199628335
0.492820378002853,0.788264199628335
0.499810417386657,0.788264199628335
0.494712517636214,0.788264199628335
0.504424467145131,0.788264199628335
0.49570715236182,0.788264199628335
0.500340129116483,0.788264199628335
0.507216683567698,0.788264199628335
0.497730468944587,0.788264199628335
0.498870907216148,0.788264199628335
0.499052905693865,0.788264199628335
0.496557452051728,0.788264199628335
0.503475452804961,0.788264199628335
0.503704324732096,0.788264199628335
0.503620325422204,0.788264199628335
0.497643300521908,0.788264199628335
0.511990565026909,0.788264199628335
0.492893795851638,0.788264199628335
0.493636938861999,0.788264199628335
0.497637284058695,0.788264199628335
0.500828632289782,0.788264199628335
0.498201598155642,0.788264199628335
0.492212182105844,0.788264199628335
0.500226217562713,0.788264199628335
0.490697390463675,0.788264199628335
0.49947521810914,0.788264199628335
0.502423313223486,0.788264199628335
0.495267591790769,0.788264199628335
0.497719503373502,0.788264199628335
0.501321356065397,0.788264199628335
0.496387312420501,0.788264199628335
0.501255591108766,0.788264199628335
0.504881772011419,0.788264199628335
0.495634570214314,0.788264199628335
0.500491285969316,0.788264199628335
0.5020204890741,0.788264199628335
0.499244170306593,0.788264199628335
0.494884729115888,0.788264199628335
0.499166903416851,0.788264199628335
0.491041722951132,0.788264199628335
0.496507309610219,0.788264199628335
0.488981536552501,0.788264199628335
0.498525355200314,0.788264199628335
0.495658746864085,0.788264199628335
0.501347935199669,0.788264199628335
0.495070121321811,0.788264199628335
0.501951497104279,0.788264199628335
0.505421622699406,0.788264199628335
0.498257631665268,0.788264199628335
0.498192273234753,0.788264199628335
0.495914926566063,0.788264199628335
0.505012120602451,0.788264199628335
0.500429592235269,0.788264199628335
0.498627775153579,0.788264199628335
0.495935330449758,0.788264199628335
0.495567589128464,0.788264199628335
0.499715783390385,0.788264199628335
0.498000632725332,0.788264199628335
0.507387803730618,0.788264199628335
0.491089067548077,0.788264199628335
0.498060483593369,0.788264199628335
0.495524040577304,0.788264199628335
0.502343510101536,0.788264199628335
0.49290414402907,0.788264199628335
0.484654290064974,0.788264199628335
0.496666631930987,0.788264199628335
0.498553709602789,0.788264199628335
0.497116355798857,0.788264199628335
0.493105599529339,0.788264199628335
0.50255183122336,0.788264199628335
0.489390760706451,0.788264199628335
0.498647539115339,0.788264199628335
0.49922782540382,0.788264199628335
0.497431360104308,0.788264199628335
0.493083651291817,0.788264199628335
0.495441296906083,0.788264199628335
0.493636893851523,0.788264199628335
0.496835801663929,0.788264199628335
0.498652462359156,0.788264199628335
0.499070135906707,0.788264199628335
0.499394376333178,0.788264199628335
0.49961661346451,0.788264199628335
0.502384413180173,0.788264199628335
0.500314415239254,0.788264199628335
0.504319946842431,0.788264199628335
0.491600203028252,0.788264199628335
0.50289319310974,0.788264199628335
0.502884269349881,0.788264199628335
0.497938877596491,0.788264199628335
0.501939375719315,0.788264199628335
0.496268967548972,0.788264199628335
0.498765491253757,0.788264199628335
0.504163431400393,0.788264199628335
0.506584654720029,0.788264199628335
0.497694320549646,0.788264199628335
0.493843912626649,0.788264199628335
0.5012811900053,0.788264199628335
0.496849811607655,0.788264199628335
0.498255956729504,0.788264199628335
0.49494057836584,0.788264199628335
0.49703769180677,0.788264199628335
0.49413623518459,0.788264199628335
0.505824066823929,0.788264199628335
0.498425308164677,0.788264199628335
0.500099031311424,0.788264199628335
0.498212282538749,0.788264199628335
0.487777913411292,0.788264199628335
0.497836079672963,0.788264199628335
0.504334307026801,0.788264199628335
0.493688729192664,0.788264199628335
0.498518449646623,0.788264199628335
0.494773073523452,0.788264199628335
0.496501822716335,0.788264199628335
0.493742763162953,0.788264199628335
0.507046774982802,0.788264199628335
0.492940242229488,0.788264199628335
0.512655045201167,0.788264199628335
0.502445435150162,0.788264199628335
0.507198618232884,0.788264199628335
0.499635743401442,0.788264199628335
0.505647127443399,0.788264199628335
0.496302721713636,0.788264199628335
0.497861086480735,0.788264199628335
0.496836732801074,0.788264199628335
0.498476830940026,0.788264199628335
0.500119547674513,0.788264199628335
0.498192764924197,0.788264199628335
0.502232192388013,0.788264199628335
0.494522846308212,0.788264199628335
0.500333843271541,0.788264199628335
0.488281869737515,0.788264199628335
0.498456387697135,0.788264199628335
0.50301522976733,0.788264199628335
0.502283503615524,0.788264199628335
0.496032042926619,0.788264199628335
0.50455402905016,0.788264199628335
0.50519425489522,0.788264199628335
0.499144171984353,0.788264199628335
0.498704179209861,0.788264199628335
0.503367792911071,0.788264199628335
0.500342032229663,0.788264199628335
0.500263537729568,0.788264199628335
0.489916635463686,0.788264199628335
0.49575476659254,0.788264199628335
0.501275247308402,0.788264199628335
0.49783589054967,0.788264199628335
0.498770311631119,0.788264199628335
0.50225162760992,0.788264199628335
0.498915547360523,0.788264199628335
0.493496680613497,0.788264199628335
0.502353827584411,0.788264199628335
0.495119544650766,0.788264199628335
0.499392955881583,0.788264199628335
0.494904010427508,0.788264199628335
0.508617980490935,0.788264199628335
0.491613294888926,0.788264199628335
0.495991822944064,0.788264199628335
0.496789563339838,0.788264199628335
0.498936340775352,0.788264199628335
0.499197748147741,0.788264199628335
0.500877234113765,0.788264199628335
0.498012538588251,0.788264199628335
0.497266560081459,0.788264199628335
0.496187967438897,0.788264199628335
0.500992187683526,0.788264199628335
0.501471088470055,0.788264199628335
0.500636615756821,0.788264199628335
0.495283138779084,0.788264199628335
0.492699868628718,0.788264199628335
0.49588160264418,0.788264199628335
0.502917290094116,0.788264199628335
0.50081739208101,0.788264199628335
0.491904341764351,0.788264199628335
0.497832731344626,0.788264199628335
0.496683976012753,0.788264199628335
0.498567608234392,0.788264199628335
0.501445707066621,0.788264199628335
0.499036321744306,0.788264199628335
0.497937429666399,0.788264199628335
0.49940183991818,0.788264199628335
0.499634241158522,0.788264199628335
0.504607253771994,0.788264199628335
0.493606287363932,0.788264199628335
0.501922439804404,0.788264199628335
0.487817610803618,0.788264199628335
0.493442972088925,0.788264199628335
0.510197297816701,0.788264199628335
0.49192844808381,0.788264199628335
0.492152559146549,0.788264199628335
0.498767624372822,0.788264199628335
0.496994153656873,0.788264199628335
0.50075242779339,0.788264199628335
0.491584731117513,0.788264199628335
0.498010726166027,0.788264199628335
0.501728111287113,0.788264199628335
0.493509031396707,0.788264199628335
0.507183807107776,0.788264199628335
0.494067644511942,0.788264199628335
0.501392748557111,0.788264199628335
0.498055414845408,0.788264199628335
0.499840984548256,0.788264199628335
0.505012654029972,0.788264199628335
0.498596645360978,0.788264199628335
0.498796731795045,0.788264199628335
0.503875191026786,0.788264199628335
0.50009940363242,0.788264199628335
0.499032507287705,0.788264199628335
0.495712332670393,0.788264199628335
0.505087494029903,0.788264199628335
0.503742751355051,0.788264199628335
0.497249708761589,0.788264199628335
0.502826329962744,0.788264199628335
0.49561557024782,0.788264199628335
0.4950108579475,0.788264199628335
0.498930722087972,0.788264199628335
0.497485588185683,0.788264199628335
0.493118973324562,0.788264199628335
0.506518155885189,0.788264199628335
0.498735891106885,0.788264199628335
0.499001324069114,0.788264199628335
0.501235495579793,0.788264199628335
0.499210711993632,0.788264199628335
0.503070315051568,0.788264199628335
0.498188822948925,0.788264199628335
0.496505072738878,0.788264199628335
0.501228881444459,0.788264199628335
0.497950678084963,0.788264199628335
0.50035754123831,0.788264199628335
0.501013296686533,0.788264199628335
0.496043865844595,0.788264199628335
0.495191859804465,0.788264199628335
0.504123103662742,0.788264199628335
0.502530463357011,0.788264199628335
0.501294956193553,0.788264199628335
0.507151309647279,0.788264199628335
0.502237347603,0.788264199628335
0.492701580575824,0.788264199628335
0.490863596116423,0.788264199628335
0.499722703040498,0.788264199628335
0.495936453008496,0.788264199628335
0.49651235399778,0.788264199628335
0.498485398435869,0.788264199628335
0.501791088865618,0.788264199628335
0.506937631456101,0.788264199628335
0.500641340283432,0.788264199628335
0.495907227228058,0.788264199628335
0.491696987451898,0.788264199628335
0.501723148826725,0.788264199628335
0.499303520421955,0.788264199628335
0.499706654275708,0.788264199628335
0.49749544360505,0.788264199628335
0.498196388050939,0.788264199628335
0.491064263200576,0.788264199628335
0.498836455585146,0.788264199628335
0.505699299396349,0.788264199628335
0.493182927910158,0.788264199628335
0.49702132586163,0.788264199628335
0.501856284539839,0.788264199628335
0.492019215713146,0.788264199628335
0.496387563994374,0.788264199628335
0.496676962595675,0.788264199628335
0.491043658867245,0.788264199628335
0.501732221319169,0.788264199628335
0.496504493729044,0.788264199628335
0.495808392877291,0.788264199628335
0.501620441954631,0.788264199628335
0.496542044931137,0.788264199628335
0.492900741143039,0.788264199628335
0.497129892099572,0.788264199628335
0.499137168448595,0.788264199628335
0.493877351829858,0.788264199628335
0.491030760776562,0.788264199628335
0.498727779064591,0.788264199628335
0.4982985440475,0.788264199628335
0.496637068599336,0.788264199628335
0.500280499355286,0.788264199628335
0.486830794354235,0.788264199628335
0.500005884771294,0.788264199628335
0.500722238128819,0.788264199628335
0.490875394777766,0.788264199628335
0.495571879344115,0.788264199628335
0.5023613251427,0.788264199628335
0.503960936492349,0.788264199628335
0.488997587481009,0.788264199628335
0.50634656542475,0.788264199628335
0.495564282623528,0.788264199628335
0.502717338031621,0.788264199628335
0.503227335622406,0.788264199628335
0.500394237515832,0.788264199628335
0.50270594418422,0.788264199628335
0.499084002873868,0.788264199628335
0.488450540491781,0.788264199628335
0.491395885461982,0.788264199628335
0.498164933234251,0.788264199628335
0.498590009294863,0.788264199628335
0.493202681390267,0.788264199628335
0.500185916759672,0.788264199628335
0.499046957056684,0.788264199628335
0.497220987126545,0.788264199628335
0.491442840150729,0.788264199628335
0.491687953781753,0.788264199628335
0.493978950730804,0.788264199628335
0.50149646946066,0.788264199628335
0.49515298579189,0.788264199628335
0.503388942561285,0.788264199628335
0.494303498187651,0.788264199628335
0.499150248873132,0.788264199628335
0.497489338099781,0.788264199628335
0.49536555245922,0.788264199628335
0.494612467688321,0.788264199628335
0.496660789785899,0.788264199628335
0.500272463992059,0.788264199628335
0.494391326919303,0.788264199628335
0.505219695360468,0.788264199628335
0.504958246781667,0.788264199628335
0.497339856709179,0.788264199628335
0.50466195050617,0.788264199628335
0.493104857772341,0.788264199628335
0.495675847427841,0.788264199628335
0.502420236825236,0.788264199628335
0.49360102850002,0.788264199628335
0.492949401775818,0.788264199628335
0.508681011963691,0.788264199628335
0.490374984455985,0.788264199628335
0.498734907376434,0.788264199628335
0.491890319999395,0.788264199628335
0.502439058629543,0.788264199628335
0.49724088703422,0.788264199628335
0.49771926986278,0.788264199628335
0.499079626064853,0.788264199628335
0.495562834174093,0.788264199628335
0.492743954351543,0.788264199628335
0.497453258279161,0.788264199628335
0.497103513286563,0.788264199628335
0.505686252810496,0.788264199628335
0.496668725600303,0.788264199628335
0.50510352075086,0.788264199628335
0.496470922428302,0.788264199628335
0.499113051765438,0.788264199628335
0.497296858510969,0.788264199628335
0.50091708219064,0.788264199628335
0.493407078585855,0.788264199628335
0.489310162322979,0.788264199628335
0.498723341307226,0.788264199628335
0.498879883150667,0.788264199628335
0.498523754089662,0.788264199628335
0.503395162142744,0.788264199628335
0.496103180691853,0.788264199628335
0.503673170976574,0.788264199628335
0.495924869473417,0.788264199628335
0.503591397732078,0.788264199628335
0.50778099859881,0.788264199628335
0.497831632628827,0.788264199628335
0.493322221591152,0.788264199628335
0.494080786586601,0.788264199628335
0.502392911936034,0.788264199628335
0.49606232361776,0.788264199628335
0.496063481158544,0.788264199628335
0.49337382886593,0.788264199628335
0.499985812589041,0.788264199628335
0.490579167659803,0.788264199628335
0.500844638522123,0.788264199628335
0.495150696307772,0.788264199628335
0.490866917107928,0.788264199628335
0.495957215144902,0.788264199628335
0.495539483732681,0.788264199628335
0.490752020863551,0.788264199628335
0.500382634710993,0.788264199628335
0.4963963334727,0.788264199628335
0.5022752213368,0.788264199628335
0.496387438480252,0.788264199628335
0.499547937031674,0.788264199628335
0.49025733994493,0.788264199628335
0.500782417502176,0.788264199628335
0.498373852944744,0.788264199628335
0.49849524446387,0.788264199628335
0.49468225728506,0.788264199628335
0.500833521397409,0.788264199628335
0.492864133144795,0.788264199628335
0.493869715676124,0.788264199628335
0.492912374394232,0.788264199628335
0.495977634215153,0.788264199628335
0.493736506082119,0.788264199628335
0.503313136171762,0.788264199628335
0.494260692341979,0.788264199628335
0.508655122561463,0.788264199628335
0.493030765894003,0.788264199628335
0.48923127515508,0.788264199628335
0.500990517206547,0.788264199628335
0.498001074208425,0.788264199628335
0.501658103173356,0.788264199628335
0.498337033907917,0.788264199628335
0.503640810296219,0.788264199628335
0.496792807502015,0.788264199628335
0.496559680911741,0.788264199628335
0.499787371868187,0.788264199628335
0.494855861289136,0.788264199628335
0.510131625570259,0.788264199628335
0.497207564605601,0.788264199628335
0.493236580423277,0.788264199628335
0.494150818310447,0.788264199628335
0.494071831347271,0.788264199628335
0.500657093481976,0.788264199628335
0.499225907864247,0.788264199628335
0.491430696813591,0.788264199628335
0.501939986607522,0.788264199628335
0.492327812496439,0.788264199628335
0.498325263828299,0.788264199628335
0.499091326376554,0.788264199628335
0.505312387605963,0.788264199628335
0.502173989240618,0.788264199628335
0.49630224913628,0.788264199628335
0.50011869208823,0.788264199628335
0.506616156532165,0.788264199628335
0.499010397330077,0.788264199628335
0.493210520642738,0.788264199628335
0.492221524690284,0.788264199628335
0.497412552645865,0.788264199628335
0.485211652221523,0.788264199628335
0.499745996352514,0.788264199628335
0.500726102193532,0.788264199628335
0.492078490464044,0.788264199628335
0.50040613495525,0.788264199628335
0.497752082235221,0.788264199628335
0.498404674876358,0.788264199628335
0.496942039265433,0.788264199628335
0.497247166349321,0.788264199628335
0.487392392268225,0.788264199628335
0.49327371315777,0.788264199628335
0.501358197188487,0.788264199628335
0.498765808547669,0.788264199628335
0.496620583227776,0.788264199628335
0.498544119694703,0.788264199628335
0.489405738358561,0.788264199628335
0.490024247660075,0.788264199628335
0.499092973181469,0.788264199628335
0.493893761853194,0.788264199628335
0.497104947786786,0.788264199628335
0.49781259987783,0.788264199628335
0.500466181930219,0.788264199628335
0.494810430826267,0.788264199628335
0.501587228330149,0.788264199628335
0.503355895737994,0.788264199628335
0.498684791252003,0.788264199628335
0.496138524697376,0.788264199628335
0.501182449059983,0.788264199628335
0.496986808929024,0.788264199628335
0.495364643681585,0.788264199628335
0.495583285673962,0.788264199628335
0.500074591392741,0.788264199628335
0.497306384061582,0.788264199628335
0.502519662011507,0.788264199628335
0.499168769478028,0.788264199628335
0.502806175590798,0.788264199628335
0.493988818038465,0.788264199628335
0.496204003797264,0.788264199628335
0.509931245133537,0.788264199628335
0.493829478788651,0.788264199628335
0.497431038594541,0.788264199628335
0.487215422570835,0.788264199628335
0.505375505768545,0.788264199628335
0.491879728462346,0.788264199628335
0.490293882652248,0.788264199628335
0.489803072930799,0.788264199628335
0.502027644545555,0.788264199628335
0.502320010228404,0.788264199628335
0.506547269586435,0.788264199628335
0.489567351843856,0.788264199628335
0.503338817801181,0.788264199628335
0.505171015684611,0.788264199628335
0.498155776280058,0.788264199628335
0.500125805290386,0.788264199628335
0.494202539770397,0.788264199628335
0.491054088305189,0.788264199628335
0.499939470050627,0.788264199628335
0.49842564246326,0.788264199628335
0.499551917786847,0.788264199628335
0.502019119864254,0.788264199628335
0.504282184758047,0.788264199628335
0.494734064013661,0.788264199628335
0.493705972373295,0.788264199628335
0.50398368809733,0.788264199628335
0.502365542906786,0.788264199628335
0.500739273082405,0.788264199628335
0.491687133846015,0.788264199628335
0.501076204261416,0.788264199628335
0.496985345465956,0.788264199628335
0.497766822676275,0.788264199628335
0.497675128326814,0.788264199628335
0.494492048351585,0.788264199628335
0.507596655690663,0.788264199628335
0.49807971865855,0.788264199628335
0.497734659236576,0.788264199628335
0.489173736827326,0.788264199628335
0.493021763355541,0.788264199628335
0.501283185938952,0.788264199628335
0.499079081152225,0.788264199628335
0.498953122756614,0.788264199628335
0.498215700591129,0.788264199628335
0.505988358283426,0.788264199628335
0.494979294796372,0.788264199628335
0.494450906791669,0.788264199628335
0.503852679365339,0.788264199628335
0.505974205651856,0.788264199628335
0.500488029308855,0.788264199628335
0.491819909558618,0.788264199628335
0.496777220992689,0.788264199628335
0.502037542372842,0.788264199628335
0.505560678947188,0.788264199628335
0.5053526184223,0.788264199628335
0.499396223456009,0.788264199628335
0.486616888683493,0.788264199628335
0.498163606160006,0.788264199628335
0.493641520233439,0.788264199628335
0.501164662805491,0.788264199628335
0.499468934278937,0.788264199628335
0.499619910139606,0.788264199628335
0.503456817419072,0.788264199628335
0.500165490281722,0.788264199628335
0.500051203541502,0.788264199628335
0.498181793211375,0.788264199628335
0.497359881165252,0.788264199628335
0.497345816598259,0.788264199628335
0.498667695193087,0.788264199628335
0.495144339689983,0.788264199628335
0.49881900777072,0.788264199628335
0.502052213307946,0.788264199628335
0.506379249461455,0.788264199628335
0.500442423771618,0.788264199628335
0.49761414675919,0.788264199628335
0.500771379130084,0.788264199628335
0.49499739154834,0.788264199628335
0.496122499948288,0.788264199628335
0.496019043547781,0.788264199628335
0.498671488828969,0.788264199628335
0.501967111237744,0.788264199628335
0.503761587270813,0.788264199628335
0.50018097013508,0.788264199628335
0.499459116944426,0.788264199628335
0.499282623444706,0.788264199628335
0.500480515343462,0.788264199628335
0.494121639295915,0.788264199628335
0.505043382962279,0.788264199628335
0.495558587000211,0.788264199628335
0.505893192463539,0.788264199628335
0.499469955453943,0.788264199628335
0.505969498579585,0.788264199628335
0.505052859024298,0.788264199628335
0.494509050934386,0.788264199628335
0.496861363456541,0.788264199628335
0.498017392538841,0.788264199628335
0.494447890981352,0.788264199628335
0.489431117799299,0.788264199628335
0.496525001373464,0.788264199628335
0.499796257694853,0.788264199628335
0.497804606589102,0.788264199628335
0.495224538471353,0.788264199628335
0.494901900768009,0.788264199628335
0.496833396631366,0.788264199628335
0.489582459451682,0.788264199628335
0.49544166887225,0.788264199628335
0.499332490314381,0.788264199628335
0.503687487608266,0.788264199628335
0.49606470202383,0.788264199628335
0.500724378107165,0.788264199628335
0.489842255871058,0.788264199628335
0.497997293833911,0.788264199628335
0.499754542858997,0.788264199628335
0.488731298825869,0.788264199628335
0.504574226798724,0.788264199628335
0.501969506843593,0.788264199628335
0.499626309576365,0.788264199628335
0.503266383802105,0.788264199628335
0.504772552688481,0.788264199628335
0.492655611789027,0.788264199628335
0.497833483628285,0.788264199628335
0.497591665740138,0.788264199628335
0.504985861936967,0.788264199628335
0.492799312757859,0.788264199628335
0.492386649828254,0.788264199628335
0.50538648303238,0.788264199628335
0.502234722559209,0.788264199628335
0.498879050384887,0.788264199628335
0.49405295882639,0.788264199628335
0.491618801447918,0.788264199628335
0.494855853899391,0.788264199628335
0.497339931566692,0.788264199628335
0.499623563278354,0.788264199628335
0.505377097709204,0.788264199628335
0.489731299046929,0.788264199628335
0.49895465266943,0.788264199628335
0.497424189933913,0.788264199628335
0.498263370056226,0.788264199628335
0.503325509117431,0.788264199628335
0.502435544390453,0.788264199628335
0.502153368305311,0.788264199628335
0.50341141976902,0.788264199628335
0.496916168016936,0.788264199628335
0.494907511414344,0.788264199628335
0.496569709551403,0.788264199628335
0.499254389393283,0.788264199628335
0.498653497620964,0.788264199628335
0.49521427407288,0.788264199628335
0.494983365637008,0.788264199628335
0.501561700882364,0.788264199628335
0.494541713248579,0.788264199628335
0.496355416328873,0.788264199628335
0.495967275319467,0.788264199628335
0.492948912921571,0.788264199628335
0.489955536004497,0.788264199628335
0.50071835421256,0.788264199628335
0.495219283254884,0.788264199628335
0.486787227895671,0.788264199628335
0.497111022949403,0.788264199628335
0.492321819284216,0.788264199628335
0.505194482776069,0.788264199628335
0.495766496547926,0.788264199628335
0.497498183545689,0.788264199628335
0.499569513457172,0.788264199628335
0.491203545967979,0.788264199628335
0.492812934464746,0.788264199628335
0.50046217160711,0.788264199628335
0.496793623478692,0.788264199628335
0.49819303188752,0.788264199628335
0.499597289626518,0.788264199628335
0.502300665644378,0.788264199628335
0.494523281332038,0.788264199628335
0.503092383942241,0.788264199628335
0.501073422006817,0.788264199628335
0.495959100779824,0.788264199628335
0.503336286131457,0.788264199628335
0.499408228541087,0.788264199628335
0.497582795619493,0.788264199628335
0.493478756180332,0.788264199628335
0.490521367215589,0.788264199628335
0.495462893037312,0.788264199628335
0.482822673663041,0.788264199628335
0.502729635344578,0.788264199628335
0.493297088908775,0.788264199628335
0.489678537848089,0.788264199628335
0.495901158644245,0.788264199628335
0.496859122848476,0.788264199628335
0.495675508091882,0.788264199628335
0.49283926362086,0.788264199628335
0.500646809258365,0.788264199628335
0.497062434433411,0.788264199628335
0.493888420536656,0.788264199628335
0.503744077926667,0.788264199628335
0.496539234436853,0.788264199628335
0.496475318595927,0.788264199628335
0.491433843093663,0.788264199628335
0.508637873006541,0.788264199628335
0.502848416868058,0.788264199628335
0.5010146248257,0.788264199628335
0.503663249515849,0.788264199628335
0.504444206802985,0.788264199628335
0.488539098723055,0.788264199628335
0.499182930968483,0.788264199628335
0.493857119428018,0.788264199628335
0.498235507910859,0.788264199628335
0.496951172977472,0.788264199628335
0.488291943911123,0.788264199628335
0.501596450516222,0.788264199628335
0.495267015829447,0.788264199628335
0.488421188723485,0.788264199628335
0.499818868190505,0.788264199628335
0.503052869585924,0.788264199628335
0.504656256175532,0.788264199628335
0.50663241815006,0.788264199628335
0.499658506429323,0.788264199628335
0.503729439991519,0.788264199628335
0.499939261991382,0.788264199628335
0.499916092725729,0.788264199628335
0.499982509107417,0.788264199628335
0.498629890755514,0.788264199628335
0.48911559253285,0.788264199628335
0.500863059161265,0.788264199628335
0.497800749532521,0.788264199628335
0.498896183489317,0.788264199628335
0.495041321168107,0.788264199628335
0.497878650369955,0.788264199628335
0.493840889699489,0.788264199628335
0.497751649922831,0.788264199628335
0.503103321018369,0.788264199628335
0.494807008913806,0.788264199628335
0.491175595297767,0.788264199628335
0.496691563067139,0.788264199628335
0.499033342795392,0.788264199628335
0.493594547056568,0.788264199628335
0.492344043957357,0.788264199628335
0.500535156091415,0.788264199628335
0.501013119270903,0.788264199628335
0.490470740090002,0.788264199628335
0.497466367993946,0.788264199628335
0.498687657798741,0.788264199628335
0.49520132224361,0.788264199628335
0.491470887483195,0.788264199628335
0.503869978027834,0.788264199628335
0.501584390479334,0.788264199628335
0.497233322775247,0.788264199628335
0.502189482323477,0.788264199628335
0.493285222343229,0.788264199628335
0.491406682057485,0.788264199628335
0.501691061808464,0.788264199628335
0.503186119757748,0.788264199628335
0.501478530393381,0.788264199628335
0.491983895574986,0.788264199628335
0.486896564412911,0.788264199628335
0.490686815908233,0.788264199628335
0.502801552829631,0.788264199628335
0.498069588279942,0.788264199628335
0.501217250241403,0.788264199628335
0.501196073800345,0.788264199628335
0.506206728242087,0.788264199628335
0.49123823747907,0.788264199628335
0.490220690795553,0.788264199628335
0.494376882433145,0.788264199628335
0.49530771368375,0.788264199628335
0.501892070361468,0.788264199628335
0.500775365296525,0.788264199628335
0.501114340443375,0.788264199628335
0.499844984883299,0.788264199628335
0.490008238355395,0.788264199628335
0.505954713165823,0.788264199628335
0.49549023984494,0.788264199628335
0.499433125296385,0.788264199628335
0.499217212591159,0.788264199628335
0.496327238147843,0.788264199628335
0.507237830995197,0.788264199628335
0.496740601357667,0.788264199628335
0.503583160175077,0.788264199628335
0.500908226861774,0.788264199628335
0.499610906632623,0.788264199628335
0.506033233796857,0.788264199628335
0.500415563997232,0.788264199628335
0.494071508191499,0.788264199628335
0.491531361585886,0.788264199628335
0.501436589811189,0.788264199628335
0.499538186316576,0.788264199628335
0.500473710968379,0.788264199628335
0.494655368114768,0.788264199628335
0.499388672748573,0.788264199628335
0.506020611805149,0.788264199628335
0.500915974860617,0.788264199628335
0.498184071122015,0.788264199628335
0.50228725798714,0.788264199628335
0.498577129076553,0.788264199628335
0.497485643656351,0.788264199628335
0.493943376009763,0.788264199628335
0.504764643591389,0.788264199628335
0.507867981610091,0.788264199628335
0.495814311777171,0.788264199628335
0.500449383903447,0.788264199628335
0.502242184814328,0.788264199628335
0.487602685860754,0.788264199628335
0.499904441094213,0.788264199628335
0.503759039487869,0.788264199628335
0.498690732984897,0.788264199628335
0.49551415508734,0.788264199628335
0.495499618543694,0.788264199628335
0.496261334641488,0.788264199628335
0.506068244578131,0.788264199628335
0.496645251558049,0.788264199628335
0.496189053355248,0.788264199628335
0.501566591700473,0.788264199628335
0.494449997843079,0.788264199628335
0.505600479059134,0.788264199628335
0.500664393817715,0.788264199628335
0.502999976450841,0.788264199628335
0.499980545828669,0.788264199628335
0.493276891885573,0.788264199628335
0.49211833430956,0.788264199628335
0.495905157727957,0.788264199628335
0.497056029359731,0.788264199628335
0.499654444476428,0.788264199628335
0.491611767189544,0.788264199628335
0.503912338907134,0.788264199628335
0.502298460473944,0.788264199628335
0.503716201637145,0.788264199628335
0.50688263095335,0.788264199628335
0.502022778258696,0.788264199628335
0.494704866440608,0.788264199628335
0.499833793579893,0.788264199628335
0.510402632933121,0.788264199628335
0.495059621697014,0.788264199628335
0.499018971003996,0.788264199628335
0.499474504883671,0.788264199628335
0.494933446997754,0.788264199628335
0.500212037988592,0.788264199628335
0.492619040468013,0.788264199628335
0.500713881122149,0.788264199628335
0.513108577865254,0.788264199628335
0.499438864738064,0.788264199628335
0.496456352441204,0.788264199628335
0.501374977056104,0.788264199628335
0.502288742671378,0.788264199628335
0.497150422920835,0.788264199628335
0.501040485028969,0.788264199628335
0.495839958318819,0.788264199628335
0.492048728690498,0.788264199628335
0.505407011876766,0.788264199628335
0.493697865377717,0.788264199628335
0.49828254659164,0.788264199628335
0.499812712218799,0.788264199628335
0.500270152071273,0.788264199628335
0.506117437917585,0.788264199628335
0.499861879583979,0.788264199628335
0.490208741409748,0.788264199628335
0.501815183144561,0.788264199628335
0.492523365817361,0.788264199628335
0.498835601796405,0.788264199628335
0.496855136731815,0.788264199628335
0.50392564366433,0.788264199628335
0.504154736659523,0.788264199628335
0.502531047675836,0.788264199628335
0.494868792862112,0.788264199628335
0.489133623426704,0.788264199628335
0.502940921951222,0.788264199628335
0.496647055779114,0.788264199628335
0.496703005090252,0.788264199628335
0.494972422449249,0.788264199628335
0.501227260964264,0.788264199628335
0.498346717973345,0.788264199628335
0.493287681860251,0.788264199628335
0.500313267735387,0.788264199628335
0.504314107781244,0.788264199628335
0.504250397661378,0.788264199628335
0.500928935441225,0.788264199628335
0.499987358399489,0.788264199628335
0.499084032280586,0.788264199628335
0.505405230200676,0.788264199628335
0.499625327044453,0.788264199628335
0.489236560601782,0.788264199628335
0.498405238132223,0.788264199628335
0.507433705956806,0.788264199628335
0.495047912381985,0.788264199628335
0.496380891992882,0.788264199628335
0.48971000062688,0.788264199628335
0.499448788928044,0.788264199628335
0.494016055065538,0.788264199628335
0.488038969399302,0.788264199628335
0.496281606244646,0.788264199628335
0.494524055968128,0.788264199628335
0.489112373047955,0.788264199628335
0.495134630986236,0.788264199628335
0.495112796836762,0.788264199628335
0.503816744771942,0.788264199628335
0.504885330898699,0.788264199628335
0.497044465307242,0.788264199628335
0.494862904167207,0.788264199628335
0.506524518983022,0.788264199628335
0.488274544386324,0.788264199628335
0.499023843944315,0.788264199628335
0.490554782603082,0.788264199628335
0.502415341681693,0.788264199628335
0.495744276486306,0.788264199628335
0.495796578966109,0.788264199628335
0.495981388736138,0.788264199628335
0.49607147028108,0.788264199628335
0.495872939007782,0.788264199628335
0.496398077589547,0.788264199628335
0.493194172507543,0.788264199628335
0.498111798302002,0.788264199628335
0.499533010867212,0.788264199628335
0.497177945513177,0.788264199628335
0.496543608167627,0.788264199628335
0.50102326973741,0.788264199628335
0.502843250559193,0.788264199628335
0.50312485495035,0.788264199628335
0.495738694541,0.788264199628335
0.50605369045569,0.788264199628335
0.49420171622101,0.788264199628335
0.494983506868444,0.788264199628335
0.499162642850387,0.788264199628335
0.497231342469777,0.788264199628335
0.49906964640958,0.788264199628335
0.502281787394991,0.788264199628335
0.493761838405295,0.788264199628335
0.489838654046932,0.788264199628335
0.496057936315559,0.788264199628335
0.498152170854199,0.788264199628335
0.495288320218907,0.788264199628335
0.494551129170257,0.788264199628335
0.498570393383907,0.788264199628335
0.505918166931369,0.788264199628335
0.494226679609644,0.788264199628335
0.503516708870023,0.788264199628335
0.496665498302119,0.788264199628335
0.49156350428741,0.788264199628335
0.504024201295787,0.788264199628335
0.503231728786098,0.788264199628335
0.503364356598039,0.788264199628335
0.495107833791089,0.788264199628335
0.494348344735563,0.788264199628335
0.496104402859772,0.788264199628335
0.499029472972526,0.788264199628335
0.495828551995628,0.788264199628335
0.502784934614584,0.788264199628335
0.494991521681417,0.788264199628335
0.499449201692401,0.788264199628335
0.498147950711374,0.788264199628335
0.505224221635384,0.788264199628335
0.49816068650738,0.788264199628335
0.499033662345884,0.788264199628335
0.496451898639436,0.788264199628335
0.499677097679507,0.788264199628335
0.49843147529448,0.788264199628335
0.500593395344973,0.788264199628335
0.491715326017036,0.788264199628335
0.493321061155776,0.788264199628335
0.504213868845928,0.788264199628335
0.501093992142084,0.788264199628335
0.506782658597786,0.788264199628335
0.497621437959261,0.788264199628335
0.497589595903625,0.788264199628335
0.499175868318439,0.788264199628335
0.500707555824394,0.788264199628335
0.50250476288526,0.788264199628335
0.497033918832497,0.788264199628335
0.501436922321986,0.788264199628335
0.503686215729728,0.788264199628335
0.48636937581459,0.788264199628335
0.497085100558935,0.788264199628335
0.495561219657481,0.788264199628335
0.496527761328866,0.788264199628335
0.499069410244173,0.788264199628335
0.492306619404932,0.788264199628335
0.508966437623413,0.788264199628335
0.501431197237174,0.788264199628335
0.496273787249488,0.788264199628335
0.506157433546341,0.788264199628335
0.501420981186629,0.788264199628335
0.502269023158544,0.788264199628335
0.493205838749282,0.788264199628335
0.510656073420735,0.788264199628335
0.495536380047572,0.788264199628335
0.503261249966927,0.788264199628335
0.492280675334291,0.788264199628335
0.489408112642035,0.788264199628335
0.496680040026497,0.788264199628335
0.499761304347269,0.788264199628335
0.491425671507243,0.788264199628335
0.501159110391345,0.788264199628335
0.497717950029824,0.788264199628335
0.494703930368723,0.788264199628335
0.495730774582916,0.788264199628335
0.500746974449135,0.788264199628335
0.497114711824641,0.788264199628335
0.49787410286768,0.788264199628335
0.493586635067366,0.788264199628335
0.504483204344427,0.788264199628335
0.507002761760317,0.788264199628335
0.49499945729175,0.788264199628335
0.501400882319987,0.788264199628335
0.496326914402144,0.788264199628335
0.500271046878733,0.788264199628335
0.500294670093727,0.788264199628335
0.494184195403114,0.788264199628335
0.491410455619205,0.788264199628335
0.489001664633752,0.788264199628335
0.492512353008691,0.788264199628335
0.498891282387519,0.788264199628335
0.498056552045662,0.788264199628335
0.495561306524345,0.788264199628335
0.492786441379003,0.788264199628335
0.496319770989101,0.788264199628335
0.498397595882986,0.788264199628335
0.497817493513805,0.788264199628335
0.499431680116765,0.788264199628335
0.489204740318227,0.788264199628335
0.501361064109693,0.788264199628335
0.500558583982771,0.788264199628335
0.50346081051792,0.788264199628335
0.502677153683087,0.788264199628335
0.49690878885897,0.788264199628335
0.497411357607036,0.788264199628335
0.503167450684716,0.788264199628335
0.49310740669775,0.788264199628335
0.490238236950337,0.788264199628335
0.49666179340091,0.788264199628335
0.490486068815398,0.788264199628335
0.502571230138064,0.788264199628335
0.497781388674228,0.788264199628335
0.492878892794391,0.788264199628335
0.503808164395956,0.788264199628335
0.498242444552028,0.788264199628335
0.498398770021925,0.788264199628335
0.49944873470019,0.788264199628335
0.506367432669793,0.788264199628335
0.501593853843414,0.788264199628335
0.499214132319838,0.788264199628335
0.494592096790315,0.788264199628335
0.492961569434898,0.788264199628335
0.491614151037742,0.788264199628335
0.498225114555753,0.788264199628335
0.498909451901999,0.788264199628335
0.496569562963832,0.788264199628335
0.497160671117945,0.788264199628335
0.501914954870093,0.788264199628335
0.500526676641512,0.788264199628335
0.489152309653737,0.788264199628335
0.498439100611442,0.788264199628335
0.490098462190706,0.788264199628335
0.498933715537956,0.788264199628335
0.488365039984266,0.788264199628335
0.50039404630394,0.788264199628335
0.498994725166524,0.788264199628335
0.492992037289823,0.788264199628335
0.486349855621208,0.788264199628335
0.502289048961407,0.788264199628335
0.494872199682056,0.788264199628335
0.497229582979706,0.788264199628335
0.497331919977602,0.788264199628335
0.500886836402128,0.788264199628335
0.499700855470593,0.788264199628335
0.497798677066758,0.788264199628335
0.504091071148645,0.788264199628335
0.504577360339211,0.788264199628335
0.502694372538031,0.788264199628335
0.503677963714236,0.788264199628335
0.493148755241265,0.788264199628335
0.501569852000073,0.788264199628335
0.499263643206846,0.788264199628335
0.496719134122281,0.788264199628335
0.495236489842396,0.788264199628335
0.491137289425559,0.788264199628335
0.494980833560738,0.788264199628335
0.49686868453469,0.788264199628335
0.497375161794109,0.788264199628335
0.498697338786966,0.788264199628335
0.499123779011089,0.788264199628335
0.503867813591234,0.788264199628335
0.493034208831955,0.788264199628335
0.50263709639904,0.788264199628335
0.49853744326701,0.788264199628335
0.498800379834514,0.788264199628335
0.501206281592787,0.788264199628335
0.497962584134228,0.788264199628335
0.497802854244443,0.788264199628335
0.489771863900779,0.788264199628335
0.502236251072146,0.788264199628335
0.504905000446711,0.788264199628335
0.496192360938436,0.788264199628335
0.501638132116904,0.788264199628335
0.503583765932979,0.788264199628335
0.49862093459314,0.788264199628335
0.499683811329446,0.788264199628335
0.492677576764207,0.788264199628335
0.503525949702169,0.788264199628335
0.500145744357632,0.788264199628335
0.503156440776021,0.788264199628335
0.504403273310319,0.788264199628335
0.500657854400468,0.788264199628335
0.502491475434356,0.788264199628335
0.492319024644347,0.788264199628335
0.498057343832819,0.788264199628335
0.497352028686126,0.788264199628335
0.500719503889043,0.788264199628335
0.498803642243242,0.788264199628335
0.501339692167205,0.788264199628335
0.502065441636456,0.788264199628335
0.504633346806652,0.788264199628335
0.492362010005185,0.788264199628335
0.499251398767712,0.788264199628335
0.494819040866507,0.788264199628335
0.497732977365565,0.788264199628335
0.493890860214869,0.788264199628335
0.4862248656624,0.788264199628335
0.49771306086535,0.788264199628335
0.499305093707693,0.788264199628335
0.504829202498409,0.788264199628335
0.495622247709267,0.788264199628335
0.507577158093975,0.788264199628335
0.50244066571265,0.788264199628335
