"blastomere","gini","blast"
"B1",0.500950182645911,"Blastomere A"
"B1",0.50495851748785,"Blastomere A"
"B1",0.502308444326043,"Blastomere A"
"B1",0.484564262892358,"Blastomere A"
"B1",0.493782782626718,"Blastomere A"
"B1",0.51451116660415,"Blastomere A"
"B1",0.501886731850224,"Blastomere A"
"B1",0.499172361726043,"Blastomere A"
"B1",0.50606271286222,"Blastomere A"
"B1",0.503352759931795,"Blastomere A"
"B1",0.497580745996065,"Blastomere A"
"B1",0.500887231464274,"Blastomere A"
"B1",0.509224098832187,"Blastomere A"
"B1",0.493243311179182,"Blastomere A"
"B1",0.500826050789715,"Blastomere A"
"B1",0.498803573794022,"Blastomere A"
"B1",0.502389667193761,"Blastomere A"
"B1",0.506727615198184,"Blastomere A"
"B1",0.49255173045127,"Blastomere A"
"B1",0.504482907544883,"Blastomere A"
"B1",0.504373865319072,"Blastomere A"
"B1",0.507312049151824,"Blastomere A"
"B1",0.508160873725611,"Blastomere A"
"B1",0.505437190871268,"Blastomere A"
"B1",0.493699910319934,"Blastomere A"
"B1",0.495797067711252,"Blastomere A"
"B1",0.497542102291647,"Blastomere A"
"B1",0.488576763598567,"Blastomere A"
"B1",0.480901048793348,"Blastomere A"
"B1",0.484151614097962,"Blastomere A"
"B1",0.495797657716643,"Blastomere A"
"B1",0.508019627348299,"Blastomere A"
"B1",0.505349601778518,"Blastomere A"
"B1",0.486778141012423,"Blastomere A"
"B1",0.493127159732016,"Blastomere A"
"B1",0.500291477126263,"Blastomere A"
"B1",0.489968282564157,"Blastomere A"
"B1",0.496901577154499,"Blastomere A"
"B1",0.491244946607436,"Blastomere A"
"B1",0.502205052020237,"Blastomere A"
"B1",0.491860971951344,"Blastomere A"
"B1",0.494045539398683,"Blastomere A"
"B1",0.506806546945981,"Blastomere A"
"B1",0.507638802755037,"Blastomere A"
"B1",0.497097496647681,"Blastomere A"
"B1",0.506095273168123,"Blastomere A"
"B1",0.501856372488968,"Blastomere A"
"B1",0.496654918989487,"Blastomere A"
"B1",0.506121888525046,"Blastomere A"
"B1",0.495209809561156,"Blastomere A"
"B1",0.494178741056062,"Blastomere A"
"B1",0.510400270875039,"Blastomere A"
"B1",0.482015872409677,"Blastomere A"
"B1",0.493873088217166,"Blastomere A"
"B1",0.49952728200294,"Blastomere A"
"B1",0.498267638368757,"Blastomere A"
"B1",0.502502073122781,"Blastomere A"
"B1",0.503775391707611,"Blastomere A"
"B1",0.496090083597582,"Blastomere A"
"B1",0.510984330464896,"Blastomere A"
"B1",0.493548769576678,"Blastomere A"
"B1",0.498765689344065,"Blastomere A"
"B1",0.502587898795167,"Blastomere A"
"B1",0.501699743633248,"Blastomere A"
"B1",0.500630721841353,"Blastomere A"
"B1",0.491901785920526,"Blastomere A"
"B1",0.505361728999527,"Blastomere A"
"B1",0.497949220789879,"Blastomere A"
"B1",0.500660783074051,"Blastomere A"
"B1",0.506939183003336,"Blastomere A"
"B1",0.500237832984052,"Blastomere A"
"B1",0.483420469365529,"Blastomere A"
"B1",0.485219875171035,"Blastomere A"
"B1",0.501063817838605,"Blastomere A"
"B1",0.504779442020625,"Blastomere A"
"B1",0.491143211077951,"Blastomere A"
"B1",0.50369060538479,"Blastomere A"
"B1",0.505405925315081,"Blastomere A"
"B1",0.507581579833108,"Blastomere A"
"B1",0.491095006200367,"Blastomere A"
"B1",0.495078182840429,"Blastomere A"
"B1",0.502324808173078,"Blastomere A"
"B1",0.496164834144725,"Blastomere A"
"B1",0.499211137964838,"Blastomere A"
"B1",0.501675513495454,"Blastomere A"
"B1",0.504867149952741,"Blastomere A"
"B1",0.49251671341285,"Blastomere A"
"B1",0.505644056912423,"Blastomere A"
"B1",0.500421487691874,"Blastomere A"
"B1",0.495236585385972,"Blastomere A"
"B1",0.492051732959411,"Blastomere A"
"B1",0.50118915772905,"Blastomere A"
"B1",0.497119155840535,"Blastomere A"
"B1",0.498346206742735,"Blastomere A"
"B1",0.515096421773464,"Blastomere A"
"B1",0.497666697658103,"Blastomere A"
"B1",0.493362049261801,"Blastomere A"
"B1",0.498098617241581,"Blastomere A"
"B1",0.496138397244416,"Blastomere A"
"B1",0.494605029090996,"Blastomere A"
"B1",0.503912304698881,"Blastomere A"
"B1",0.501308242822901,"Blastomere A"
"B1",0.500132389719236,"Blastomere A"
"B1",0.493400713277467,"Blastomere A"
"B1",0.50461748941838,"Blastomere A"
"B1",0.50833455786869,"Blastomere A"
"B1",0.500141573852751,"Blastomere A"
"B1",0.501491241550147,"Blastomere A"
"B1",0.499554985534636,"Blastomere A"
"B1",0.500602848223532,"Blastomere A"
"B1",0.498063894156402,"Blastomere A"
"B1",0.491134345528097,"Blastomere A"
"B1",0.497107668353766,"Blastomere A"
"B1",0.500209976670772,"Blastomere A"
"B1",0.50060232518002,"Blastomere A"
"B1",0.500808630164095,"Blastomere A"
"B1",0.49218290506408,"Blastomere A"
"B1",0.502646240390929,"Blastomere A"
"B1",0.502982473995062,"Blastomere A"
"B1",0.489607769609311,"Blastomere A"
"B1",0.497521688155645,"Blastomere A"
"B1",0.501268049775424,"Blastomere A"
"B1",0.494074976508338,"Blastomere A"
"B1",0.50836300476567,"Blastomere A"
"B1",0.501907942125352,"Blastomere A"
"B1",0.498206616476272,"Blastomere A"
"B1",0.493496063911838,"Blastomere A"
"B1",0.508671017678282,"Blastomere A"
"B1",0.515311892999287,"Blastomere A"
"B1",0.489179699021025,"Blastomere A"
"B1",0.504380810341313,"Blastomere A"
"B1",0.496949474063726,"Blastomere A"
"B1",0.482333754140807,"Blastomere A"
"B1",0.498778739009278,"Blastomere A"
"B1",0.496794803871087,"Blastomere A"
"B1",0.493030238234339,"Blastomere A"
"B1",0.499028708959269,"Blastomere A"
"B1",0.504357076056153,"Blastomere A"
"B1",0.493595149138678,"Blastomere A"
"B1",0.485645412865835,"Blastomere A"
"B1",0.494439231597684,"Blastomere A"
"B1",0.49138773320931,"Blastomere A"
"B1",0.496591089191036,"Blastomere A"
"B1",0.498955011362362,"Blastomere A"
"B1",0.485839956780374,"Blastomere A"
"B1",0.500409159217421,"Blastomere A"
"B1",0.483476511674079,"Blastomere A"
"B1",0.495014738139636,"Blastomere A"
"B1",0.496029048091316,"Blastomere A"
"B1",0.502991976828247,"Blastomere A"
"B1",0.493617056167242,"Blastomere A"
"B1",0.49665331527574,"Blastomere A"
"B1",0.499749200867806,"Blastomere A"
"B1",0.499898732947387,"Blastomere A"
"B1",0.492569494568146,"Blastomere A"
"B1",0.495707441455552,"Blastomere A"
"B1",0.496583370266384,"Blastomere A"
"B1",0.492624484696757,"Blastomere A"
"B1",0.506458524983241,"Blastomere A"
"B1",0.485555057980902,"Blastomere A"
"B1",0.496918711845934,"Blastomere A"
"B1",0.490146610699745,"Blastomere A"
"B1",0.497621706650933,"Blastomere A"
"B1",0.495238705058879,"Blastomere A"
"B1",0.499344688936146,"Blastomere A"
"B1",0.504992670750895,"Blastomere A"
"B1",0.50243151978045,"Blastomere A"
"B1",0.500913681274215,"Blastomere A"
"B1",0.504324951809986,"Blastomere A"
"B1",0.494823119376591,"Blastomere A"
"B1",0.503528328378381,"Blastomere A"
"B1",0.497808674223016,"Blastomere A"
"B1",0.50141439236786,"Blastomere A"
"B1",0.493447144141767,"Blastomere A"
"B1",0.509445169866065,"Blastomere A"
"B1",0.507616910983761,"Blastomere A"
"B1",0.501993741341913,"Blastomere A"
"B1",0.507563731084197,"Blastomere A"
"B1",0.499318720898861,"Blastomere A"
"B1",0.492351721831659,"Blastomere A"
"B1",0.500359815748842,"Blastomere A"
"B1",0.479760678188265,"Blastomere A"
"B1",0.494658697833418,"Blastomere A"
"B1",0.49754733757172,"Blastomere A"
"B1",0.504107984949858,"Blastomere A"
"B1",0.493373810266781,"Blastomere A"
"B1",0.492120839204178,"Blastomere A"
"B1",0.500210318972409,"Blastomere A"
"B1",0.503305672837552,"Blastomere A"
"B1",0.504464723341254,"Blastomere A"
"B1",0.510280731859802,"Blastomere A"
"B1",0.492814578333831,"Blastomere A"
"B1",0.506091093961579,"Blastomere A"
"B1",0.506501048373431,"Blastomere A"
"B1",0.505343145196199,"Blastomere A"
"B1",0.496352246229747,"Blastomere A"
"B1",0.494378006174446,"Blastomere A"
"B1",0.49611404287839,"Blastomere A"
"B1",0.505692991236612,"Blastomere A"
"B1",0.496329319940448,"Blastomere A"
"B1",0.502980619729226,"Blastomere A"
"B1",0.490918057223238,"Blastomere A"
"B1",0.515402319340705,"Blastomere A"
"B1",0.500563138908008,"Blastomere A"
"B1",0.507107304274323,"Blastomere A"
"B1",0.498521983051542,"Blastomere A"
"B1",0.498757218942039,"Blastomere A"
"B1",0.488077599677907,"Blastomere A"
"B1",0.50196386525802,"Blastomere A"
"B1",0.496203422721531,"Blastomere A"
"B1",0.50535767023573,"Blastomere A"
"B1",0.494765881604527,"Blastomere A"
"B1",0.497695362845768,"Blastomere A"
"B1",0.503693094916387,"Blastomere A"
"B1",0.506795666344423,"Blastomere A"
"B1",0.50682979982573,"Blastomere A"
"B1",0.492500374512794,"Blastomere A"
"B1",0.488823009644307,"Blastomere A"
"B1",0.496261296154379,"Blastomere A"
"B1",0.502236955239363,"Blastomere A"
"B1",0.49732709272641,"Blastomere A"
"B1",0.491841385681504,"Blastomere A"
"B1",0.4995847792554,"Blastomere A"
"B1",0.504858919573064,"Blastomere A"
"B1",0.488775596217986,"Blastomere A"
"B1",0.500106415176066,"Blastomere A"
"B1",0.509771080432851,"Blastomere A"
"B1",0.498731757161397,"Blastomere A"
"B1",0.494772131052591,"Blastomere A"
"B1",0.485066841614879,"Blastomere A"
"B1",0.495715644793218,"Blastomere A"
"B1",0.502920429154776,"Blastomere A"
"B1",0.493167131093485,"Blastomere A"
"B1",0.498465306318426,"Blastomere A"
"B1",0.502317741909857,"Blastomere A"
"B1",0.512811742675669,"Blastomere A"
"B1",0.490012029036758,"Blastomere A"
"B1",0.496611445581859,"Blastomere A"
"B1",0.486953065509934,"Blastomere A"
"B1",0.497571216157771,"Blastomere A"
"B1",0.504709339423415,"Blastomere A"
"B1",0.495829164949862,"Blastomere A"
"B1",0.484890812594338,"Blastomere A"
"B1",0.495206066135677,"Blastomere A"
"B1",0.496481915772281,"Blastomere A"
"B1",0.489307592685278,"Blastomere A"
"B1",0.505265612776973,"Blastomere A"
"B1",0.492214568353793,"Blastomere A"
"B1",0.498927672064481,"Blastomere A"
"B1",0.500546039203231,"Blastomere A"
"B1",0.508771452604803,"Blastomere A"
"B1",0.493217120510491,"Blastomere A"
"B1",0.497495671191601,"Blastomere A"
"B1",0.49095516282925,"Blastomere A"
"B1",0.502531549376314,"Blastomere A"
"B1",0.500257566112108,"Blastomere A"
"B1",0.503869520402158,"Blastomere A"
"B1",0.483796436340544,"Blastomere A"
"B1",0.492264163833282,"Blastomere A"
"B1",0.502218947745035,"Blastomere A"
"B1",0.50153734135487,"Blastomere A"
"B1",0.497300637862293,"Blastomere A"
"B1",0.501679841473124,"Blastomere A"
"B1",0.510958112812058,"Blastomere A"
"B1",0.500483623961259,"Blastomere A"
"B1",0.496886025490836,"Blastomere A"
"B1",0.502804514557098,"Blastomere A"
"B1",0.503336880155524,"Blastomere A"
"B1",0.503047525305576,"Blastomere A"
"B1",0.498395845433394,"Blastomere A"
"B1",0.502041219634366,"Blastomere A"
"B1",0.505860330955038,"Blastomere A"
"B1",0.500927819471768,"Blastomere A"
"B1",0.501413677522279,"Blastomere A"
"B1",0.511814108206407,"Blastomere A"
"B1",0.500642306900561,"Blastomere A"
"B1",0.497524245074538,"Blastomere A"
"B1",0.49886645665718,"Blastomere A"
"B1",0.498055438929049,"Blastomere A"
"B1",0.505862940764887,"Blastomere A"
"B1",0.506297444967774,"Blastomere A"
"B1",0.503184478535045,"Blastomere A"
"B1",0.497345967487366,"Blastomere A"
"B1",0.494102818727414,"Blastomere A"
"B1",0.507344642158974,"Blastomere A"
"B1",0.493089007188493,"Blastomere A"
"B1",0.502193971459717,"Blastomere A"
"B1",0.501375084919936,"Blastomere A"
"B1",0.506138082455792,"Blastomere A"
"B1",0.505647779142576,"Blastomere A"
"B1",0.504556834696836,"Blastomere A"
"B1",0.492657903234198,"Blastomere A"
"B1",0.500572303126761,"Blastomere A"
"B1",0.495821845851365,"Blastomere A"
"B1",0.506397124563831,"Blastomere A"
"B1",0.497034506025937,"Blastomere A"
"B1",0.49560720357282,"Blastomere A"
"B1",0.493367548212167,"Blastomere A"
"B1",0.500472232711953,"Blastomere A"
"B1",0.491308736242615,"Blastomere A"
"B1",0.493436192763196,"Blastomere A"
"B1",0.498229800657492,"Blastomere A"
"B1",0.503967440032156,"Blastomere A"
"B1",0.504371373000914,"Blastomere A"
"B1",0.495297457661384,"Blastomere A"
"B1",0.501711311805936,"Blastomere A"
"B1",0.504910217324594,"Blastomere A"
"B1",0.504171775414687,"Blastomere A"
"B1",0.483551988586078,"Blastomere A"
"B1",0.502074489632357,"Blastomere A"
"B1",0.492127139527533,"Blastomere A"
"B1",0.499862647476252,"Blastomere A"
"B1",0.503315892385079,"Blastomere A"
"B1",0.495050286955151,"Blastomere A"
"B1",0.503436097147628,"Blastomere A"
"B1",0.502626900292867,"Blastomere A"
"B1",0.493056144212815,"Blastomere A"
"B1",0.502868984063821,"Blastomere A"
"B1",0.498536490958243,"Blastomere A"
"B1",0.498425133775616,"Blastomere A"
"B1",0.498871925156425,"Blastomere A"
"B1",0.493921060819929,"Blastomere A"
"B1",0.494398622168646,"Blastomere A"
"B1",0.506626434486225,"Blastomere A"
"B1",0.495853302336974,"Blastomere A"
"B1",0.510837502894097,"Blastomere A"
"B1",0.509208076917566,"Blastomere A"
"B1",0.493953204088522,"Blastomere A"
"B1",0.50203650934379,"Blastomere A"
"B1",0.492061970365271,"Blastomere A"
"B1",0.497932347462421,"Blastomere A"
"B1",0.496831838667339,"Blastomere A"
"B1",0.494278850830619,"Blastomere A"
"B1",0.500701104182445,"Blastomere A"
"B1",0.504995910551562,"Blastomere A"
"B1",0.497435355039182,"Blastomere A"
"B1",0.500637343262753,"Blastomere A"
"B1",0.494082502680682,"Blastomere A"
"B1",0.498685656436548,"Blastomere A"
"B1",0.498816124237388,"Blastomere A"
"B1",0.508785275481158,"Blastomere A"
"B1",0.488464302843287,"Blastomere A"
"B1",0.498034021463167,"Blastomere A"
"B1",0.499085978954488,"Blastomere A"
"B1",0.495470135644679,"Blastomere A"
"B1",0.500473334940946,"Blastomere A"
"B1",0.493030964433137,"Blastomere A"
"B1",0.49695464887276,"Blastomere A"
"B1",0.487959330277086,"Blastomere A"
"B1",0.490088724027899,"Blastomere A"
"B1",0.494134475744266,"Blastomere A"
"B1",0.513288675802685,"Blastomere A"
"B1",0.500581843960302,"Blastomere A"
"B1",0.510356800427131,"Blastomere A"
"B1",0.50535310379035,"Blastomere A"
"B1",0.492215612600484,"Blastomere A"
"B1",0.507569296695561,"Blastomere A"
"B1",0.504177942488292,"Blastomere A"
"B1",0.493428337844624,"Blastomere A"
"B1",0.50158265560639,"Blastomere A"
"B1",0.488488562246002,"Blastomere A"
"B1",0.501830729981561,"Blastomere A"
"B1",0.514025741477094,"Blastomere A"
"B1",0.490713214156113,"Blastomere A"
"B1",0.491570144832998,"Blastomere A"
"B1",0.491067404978069,"Blastomere A"
"B1",0.498313193434872,"Blastomere A"
"B1",0.492483427449542,"Blastomere A"
"B1",0.49712804993507,"Blastomere A"
"B1",0.496938934396903,"Blastomere A"
"B1",0.490451857242383,"Blastomere A"
"B1",0.495271580102045,"Blastomere A"
"B1",0.497487244425748,"Blastomere A"
"B1",0.493637197587384,"Blastomere A"
"B1",0.500396861163467,"Blastomere A"
"B1",0.504479015593812,"Blastomere A"
"B1",0.503300293074066,"Blastomere A"
"B1",0.500073650081275,"Blastomere A"
"B1",0.502502614177188,"Blastomere A"
"B1",0.496680667086499,"Blastomere A"
"B1",0.508121879499986,"Blastomere A"
"B1",0.491879582634713,"Blastomere A"
"B1",0.49797305193629,"Blastomere A"
"B1",0.495075462357092,"Blastomere A"
"B1",0.505045631845725,"Blastomere A"
"B1",0.500858797528544,"Blastomere A"
"B1",0.499493038367058,"Blastomere A"
"B1",0.497548018182342,"Blastomere A"
"B1",0.499427277647257,"Blastomere A"
"B1",0.493048514749831,"Blastomere A"
"B1",0.494739924590208,"Blastomere A"
"B1",0.503679753748893,"Blastomere A"
"B1",0.509962445156783,"Blastomere A"
"B1",0.493025454247712,"Blastomere A"
"B1",0.495263511964359,"Blastomere A"
"B1",0.494234653123782,"Blastomere A"
"B1",0.493248355023741,"Blastomere A"
"B1",0.512231933212828,"Blastomere A"
"B1",0.495659699178997,"Blastomere A"
"B1",0.498443755658197,"Blastomere A"
"B1",0.504418428167029,"Blastomere A"
"B1",0.500003802482873,"Blastomere A"
"B1",0.501450581973125,"Blastomere A"
"B1",0.498807964086299,"Blastomere A"
"B1",0.489212661892237,"Blastomere A"
"B1",0.49436037615234,"Blastomere A"
"B1",0.489211509507826,"Blastomere A"
"B1",0.502528386621737,"Blastomere A"
"B1",0.493484774170372,"Blastomere A"
"B1",0.508170412728488,"Blastomere A"
"B1",0.498882804829982,"Blastomere A"
"B1",0.495796084051189,"Blastomere A"
"B1",0.491958319143521,"Blastomere A"
"B1",0.497175605872699,"Blastomere A"
"B1",0.490284922620237,"Blastomere A"
"B1",0.502836630318761,"Blastomere A"
"B1",0.480901094292739,"Blastomere A"
"B1",0.494531178824291,"Blastomere A"
"B1",0.494797341532972,"Blastomere A"
"B1",0.497489809861799,"Blastomere A"
"B1",0.493174270960558,"Blastomere A"
"B1",0.507247081756548,"Blastomere A"
"B1",0.492026664286331,"Blastomere A"
"B1",0.498606902260947,"Blastomere A"
"B1",0.500764199897346,"Blastomere A"
"B1",0.495131848104264,"Blastomere A"
"B1",0.500749885268594,"Blastomere A"
"B1",0.50763356429414,"Blastomere A"
"B1",0.498524731122942,"Blastomere A"
"B1",0.491762261069295,"Blastomere A"
"B1",0.50237821619284,"Blastomere A"
"B1",0.498128542222321,"Blastomere A"
"B1",0.496096680446911,"Blastomere A"
"B1",0.5192178059966,"Blastomere A"
"B1",0.493825457537341,"Blastomere A"
"B1",0.497593470202809,"Blastomere A"
"B1",0.506361731844022,"Blastomere A"
"B1",0.499428236473504,"Blastomere A"
"B1",0.501091286692236,"Blastomere A"
"B1",0.495249192812486,"Blastomere A"
"B1",0.494595085811782,"Blastomere A"
"B1",0.492133989595722,"Blastomere A"
"B1",0.494054733449779,"Blastomere A"
"B1",0.496079680633078,"Blastomere A"
"B1",0.500599390182201,"Blastomere A"
"B1",0.496273513031542,"Blastomere A"
"B1",0.514481997431155,"Blastomere A"
"B1",0.494128808871483,"Blastomere A"
"B1",0.486814305141483,"Blastomere A"
"B1",0.49941536742522,"Blastomere A"
"B1",0.500316313955728,"Blastomere A"
"B1",0.500945536004392,"Blastomere A"
"B1",0.495435134098543,"Blastomere A"
"B1",0.491574385340573,"Blastomere A"
"B1",0.506121185102191,"Blastomere A"
"B1",0.503441367096,"Blastomere A"
"B1",0.503812933780705,"Blastomere A"
"B1",0.502907312836025,"Blastomere A"
"B1",0.493555356491158,"Blastomere A"
"B1",0.494233252738607,"Blastomere A"
"B1",0.50272095949473,"Blastomere A"
"B1",0.482202863095504,"Blastomere A"
"B1",0.495291643303987,"Blastomere A"
"B1",0.499979986009951,"Blastomere A"
"B1",0.489085507337747,"Blastomere A"
"B1",0.491108176263117,"Blastomere A"
"B1",0.504984049511987,"Blastomere A"
"B1",0.485073928178633,"Blastomere A"
"B1",0.493401853664753,"Blastomere A"
"B1",0.507613921951005,"Blastomere A"
"B1",0.499115220613275,"Blastomere A"
"B1",0.506597292017831,"Blastomere A"
"B1",0.508907678387956,"Blastomere A"
"B1",0.501683978573712,"Blastomere A"
"B1",0.505064975414364,"Blastomere A"
"B1",0.496615966972618,"Blastomere A"
"B1",0.497631839676671,"Blastomere A"
"B1",0.504126593601442,"Blastomere A"
"B1",0.502732167294956,"Blastomere A"
"B1",0.503231942962501,"Blastomere A"
"B1",0.509482678638876,"Blastomere A"
"B1",0.498625354109748,"Blastomere A"
"B1",0.502706848782418,"Blastomere A"
"B1",0.49623323887769,"Blastomere A"
"B1",0.500030295547095,"Blastomere A"
"B1",0.480471706789778,"Blastomere A"
"B1",0.497720623778219,"Blastomere A"
"B1",0.509443065590202,"Blastomere A"
"B1",0.509717799671673,"Blastomere A"
"B1",0.489611761467873,"Blastomere A"
"B1",0.494245050694207,"Blastomere A"
"B1",0.495790925156243,"Blastomere A"
"B1",0.503806055717724,"Blastomere A"
"B1",0.500601456040187,"Blastomere A"
"B1",0.495967192259038,"Blastomere A"
"B1",0.501164192133686,"Blastomere A"
"B1",0.494437802929883,"Blastomere A"
"B1",0.495823710757042,"Blastomere A"
"B1",0.503627278851414,"Blastomere A"
"B1",0.4967773585781,"Blastomere A"
"B1",0.494835213259457,"Blastomere A"
"B1",0.505664943160346,"Blastomere A"
"B1",0.495295532412575,"Blastomere A"
"B1",0.494613134473796,"Blastomere A"
"B1",0.504295314283004,"Blastomere A"
"B1",0.508964556241668,"Blastomere A"
"B1",0.497665379721261,"Blastomere A"
"B1",0.493999581993148,"Blastomere A"
"B1",0.491949436343193,"Blastomere A"
"B1",0.490656664786801,"Blastomere A"
"B1",0.500895384740642,"Blastomere A"
"B1",0.49751472691416,"Blastomere A"
"B1",0.495264593181805,"Blastomere A"
"B1",0.496269361118197,"Blastomere A"
"B1",0.510625862872839,"Blastomere A"
"B1",0.503500080805219,"Blastomere A"
"B1",0.507768962005026,"Blastomere A"
"B1",0.495276980906535,"Blastomere A"
"B1",0.504409421830531,"Blastomere A"
"B1",0.49036666421573,"Blastomere A"
"B1",0.489530823453886,"Blastomere A"
"B1",0.50282539935144,"Blastomere A"
"B1",0.498384044098819,"Blastomere A"
"B1",0.489815816458445,"Blastomere A"
"B1",0.505804311430304,"Blastomere A"
"B1",0.500371353076827,"Blastomere A"
"B1",0.502555956081253,"Blastomere A"
"B1",0.497913050844474,"Blastomere A"
"B1",0.498003482002272,"Blastomere A"
"B1",0.501624921497472,"Blastomere A"
"B1",0.509414215816613,"Blastomere A"
"B1",0.504417449476089,"Blastomere A"
"B1",0.49853503746857,"Blastomere A"
"B1",0.4988627960685,"Blastomere A"
"B1",0.498887430315357,"Blastomere A"
"B1",0.498149299752589,"Blastomere A"
"B1",0.501397861440051,"Blastomere A"
"B1",0.50775124696147,"Blastomere A"
"B1",0.497339455788813,"Blastomere A"
"B1",0.504495801785544,"Blastomere A"
"B1",0.498993868356748,"Blastomere A"
"B1",0.502865248663255,"Blastomere A"
"B1",0.49433265396864,"Blastomere A"
"B1",0.490667868163494,"Blastomere A"
"B1",0.505302113331243,"Blastomere A"
"B1",0.502110428623238,"Blastomere A"
"B1",0.504458703861483,"Blastomere A"
"B1",0.501793512342722,"Blastomere A"
"B1",0.490850648458573,"Blastomere A"
"B1",0.492884957326492,"Blastomere A"
"B1",0.497245121384975,"Blastomere A"
"B1",0.492627468102451,"Blastomere A"
"B1",0.499357505775376,"Blastomere A"
"B1",0.491444195178659,"Blastomere A"
"B1",0.485699060224279,"Blastomere A"
"B1",0.499181135972161,"Blastomere A"
"B1",0.502803251965673,"Blastomere A"
"B1",0.505119821397355,"Blastomere A"
"B1",0.500344475705009,"Blastomere A"
"B1",0.498454837107513,"Blastomere A"
"B1",0.49943678005477,"Blastomere A"
"B1",0.50329199068248,"Blastomere A"
"B1",0.49564709015373,"Blastomere A"
"B1",0.500528832919365,"Blastomere A"
"B1",0.505456258717792,"Blastomere A"
"B1",0.499450218779326,"Blastomere A"
"B1",0.506453285341028,"Blastomere A"
"B1",0.501742678383191,"Blastomere A"
"B1",0.497710146501812,"Blastomere A"
"B1",0.490281583682378,"Blastomere A"
"B1",0.491170636055227,"Blastomere A"
"B1",0.497527267583457,"Blastomere A"
"B1",0.502799030880178,"Blastomere A"
"B1",0.500673512450599,"Blastomere A"
"B1",0.498815326102008,"Blastomere A"
"B1",0.501137675192025,"Blastomere A"
"B1",0.495452755350261,"Blastomere A"
"B1",0.497122112720358,"Blastomere A"
"B1",0.506743478587358,"Blastomere A"
"B1",0.497611169196033,"Blastomere A"
"B1",0.506302180985799,"Blastomere A"
"B1",0.492033169689854,"Blastomere A"
"B1",0.506421946968926,"Blastomere A"
"B1",0.50367612489063,"Blastomere A"
"B1",0.490179873104127,"Blastomere A"
"B1",0.50644824734426,"Blastomere A"
"B1",0.502044873178607,"Blastomere A"
"B1",0.492130992302859,"Blastomere A"
"B1",0.503799806425957,"Blastomere A"
"B1",0.500458550341497,"Blastomere A"
"B1",0.498996423603728,"Blastomere A"
"B1",0.494845459330225,"Blastomere A"
"B1",0.492805601506181,"Blastomere A"
"B1",0.498655078528252,"Blastomere A"
"B1",0.512851219077489,"Blastomere A"
"B1",0.504800815903891,"Blastomere A"
"B1",0.491534826711772,"Blastomere A"
"B1",0.490281449282853,"Blastomere A"
"B1",0.493063503190226,"Blastomere A"
"B1",0.511270414073348,"Blastomere A"
"B1",0.499509942042166,"Blastomere A"
"B1",0.481009370388649,"Blastomere A"
"B1",0.489681590295288,"Blastomere A"
"B1",0.492581846406027,"Blastomere A"
"B1",0.510976503231518,"Blastomere A"
"B1",0.504312588552818,"Blastomere A"
"B1",0.506756946015563,"Blastomere A"
"B1",0.507310803282968,"Blastomere A"
"B1",0.497325244492735,"Blastomere A"
"B1",0.504195103096887,"Blastomere A"
"B1",0.512124290815057,"Blastomere A"
"B1",0.490224077813258,"Blastomere A"
"B1",0.487486013188876,"Blastomere A"
"B1",0.505722246442523,"Blastomere A"
"B1",0.496943399748376,"Blastomere A"
"B1",0.49536691198742,"Blastomere A"
"B1",0.495269597749705,"Blastomere A"
"B1",0.491169795331417,"Blastomere A"
"B1",0.504402623084354,"Blastomere A"
"B1",0.500882320330088,"Blastomere A"
"B1",0.493769938342538,"Blastomere A"
"B1",0.497964342667437,"Blastomere A"
"B1",0.486093634974294,"Blastomere A"
"B1",0.495224461632581,"Blastomere A"
"B1",0.503743842483774,"Blastomere A"
"B1",0.504261934616807,"Blastomere A"
"B1",0.504859462732663,"Blastomere A"
"B1",0.49817248106143,"Blastomere A"
"B1",0.49654961944077,"Blastomere A"
"B1",0.492832680556174,"Blastomere A"
"B1",0.494928321680158,"Blastomere A"
"B1",0.497053503861004,"Blastomere A"
"B1",0.498695545036171,"Blastomere A"
"B1",0.506091377768498,"Blastomere A"
"B1",0.490859726541766,"Blastomere A"
"B1",0.503789737900741,"Blastomere A"
"B1",0.492550003922192,"Blastomere A"
"B1",0.492991596252551,"Blastomere A"
"B1",0.502464041683509,"Blastomere A"
"B1",0.498235260613587,"Blastomere A"
"B1",0.496819255816137,"Blastomere A"
"B1",0.490177815350749,"Blastomere A"
"B1",0.503687221864118,"Blastomere A"
"B1",0.50276180593246,"Blastomere A"
"B1",0.493712011341986,"Blastomere A"
"B1",0.499310772253988,"Blastomere A"
"B1",0.496795988645759,"Blastomere A"
"B1",0.501372905720154,"Blastomere A"
"B1",0.488978297373765,"Blastomere A"
"B1",0.498553708439176,"Blastomere A"
"B1",0.497168096070166,"Blastomere A"
"B1",0.502807143755683,"Blastomere A"
"B1",0.493591778384152,"Blastomere A"
"B1",0.507767949695124,"Blastomere A"
"B1",0.499545718496939,"Blastomere A"
"B1",0.503477565797856,"Blastomere A"
"B1",0.506455188120203,"Blastomere A"
"B1",0.494839317413869,"Blastomere A"
"B1",0.490751559453043,"Blastomere A"
"B1",0.505725315902732,"Blastomere A"
"B1",0.496785923532881,"Blastomere A"
"B1",0.489148019562471,"Blastomere A"
"B1",0.497554312134262,"Blastomere A"
"B1",0.50945188231843,"Blastomere A"
"B1",0.508860527460683,"Blastomere A"
"B1",0.500898069331163,"Blastomere A"
"B1",0.488839094191005,"Blastomere A"
"B1",0.510693806205309,"Blastomere A"
"B1",0.498722262991809,"Blastomere A"
"B1",0.502034336703484,"Blastomere A"
"B1",0.495271615297257,"Blastomere A"
"B1",0.508948786379637,"Blastomere A"
"B1",0.503699961738312,"Blastomere A"
"B1",0.502163461989579,"Blastomere A"
"B1",0.514591409823609,"Blastomere A"
"B1",0.502319447447284,"Blastomere A"
"B1",0.50292970484533,"Blastomere A"
"B1",0.499932688411978,"Blastomere A"
"B1",0.504279074353634,"Blastomere A"
"B1",0.500440214505311,"Blastomere A"
"B1",0.492064172333589,"Blastomere A"
"B1",0.488724634078402,"Blastomere A"
"B1",0.49519953934667,"Blastomere A"
"B1",0.503961963909503,"Blastomere A"
"B1",0.495453845208462,"Blastomere A"
"B1",0.500836802012905,"Blastomere A"
"B1",0.50805610447107,"Blastomere A"
"B1",0.497973840307973,"Blastomere A"
"B1",0.502645409638556,"Blastomere A"
"B1",0.510194059689803,"Blastomere A"
"B1",0.498606244521072,"Blastomere A"
"B1",0.507420289144492,"Blastomere A"
"B1",0.507972804358921,"Blastomere A"
"B1",0.500384557223054,"Blastomere A"
"B1",0.509235235567866,"Blastomere A"
"B1",0.495184907527164,"Blastomere A"
"B1",0.506013821737101,"Blastomere A"
"B1",0.49055276418851,"Blastomere A"
"B1",0.494053482132736,"Blastomere A"
"B1",0.496180473261881,"Blastomere A"
"B1",0.500488430043543,"Blastomere A"
"B1",0.500376023065144,"Blastomere A"
"B1",0.496405435263419,"Blastomere A"
"B1",0.494255067787948,"Blastomere A"
"B1",0.487691739247932,"Blastomere A"
"B1",0.494822156670998,"Blastomere A"
"B1",0.489447339080934,"Blastomere A"
"B1",0.496630120476112,"Blastomere A"
"B1",0.503613838048444,"Blastomere A"
"B1",0.489217232323494,"Blastomere A"
"B1",0.502020868668716,"Blastomere A"
"B1",0.49792951885802,"Blastomere A"
"B1",0.494207891446014,"Blastomere A"
"B1",0.497089408690847,"Blastomere A"
"B1",0.506313709743626,"Blastomere A"
"B1",0.495963877023403,"Blastomere A"
"B1",0.496268041879342,"Blastomere A"
"B1",0.497772739698868,"Blastomere A"
"B1",0.503772395962626,"Blastomere A"
"B1",0.500095806060943,"Blastomere A"
"B1",0.508148519279228,"Blastomere A"
"B1",0.490794558436035,"Blastomere A"
"B1",0.493844238061838,"Blastomere A"
"B1",0.502501265661938,"Blastomere A"
"B1",0.491841944259332,"Blastomere A"
"B1",0.504430257283453,"Blastomere A"
"B1",0.500685530159353,"Blastomere A"
"B1",0.499313593734699,"Blastomere A"
"B1",0.489041822549532,"Blastomere A"
"B1",0.500912405784172,"Blastomere A"
"B1",0.505361149412913,"Blastomere A"
"B1",0.502250133076326,"Blastomere A"
"B1",0.499020985858501,"Blastomere A"
"B1",0.500349973262004,"Blastomere A"
"B1",0.492012159852631,"Blastomere A"
"B1",0.499616843496574,"Blastomere A"
"B1",0.483278788866917,"Blastomere A"
"B1",0.512847435104208,"Blastomere A"
"B1",0.495471103365672,"Blastomere A"
"B1",0.48515382019239,"Blastomere A"
"B1",0.505661378962903,"Blastomere A"
"B1",0.496389847755327,"Blastomere A"
"B1",0.492551325165951,"Blastomere A"
"B1",0.498893370284728,"Blastomere A"
"B1",0.492084514195462,"Blastomere A"
"B1",0.498502605763619,"Blastomere A"
"B1",0.497580056517859,"Blastomere A"
"B1",0.505653627050223,"Blastomere A"
"B1",0.499862717101718,"Blastomere A"
"B1",0.491876897931022,"Blastomere A"
"B1",0.496087554857941,"Blastomere A"
"B1",0.512536168618764,"Blastomere A"
"B1",0.484536022239214,"Blastomere A"
"B1",0.504982585593058,"Blastomere A"
"B1",0.50136540823798,"Blastomere A"
"B1",0.49428274938873,"Blastomere A"
"B1",0.511157762582753,"Blastomere A"
"B1",0.497016809278286,"Blastomere A"
"B1",0.494654803038793,"Blastomere A"
"B1",0.49443924482804,"Blastomere A"
"B1",0.491913267120839,"Blastomere A"
"B1",0.482716486180017,"Blastomere A"
"B1",0.497530224590849,"Blastomere A"
"B1",0.500286667554407,"Blastomere A"
"B1",0.506792703968149,"Blastomere A"
"B1",0.492316572205372,"Blastomere A"
"B1",0.505782619404553,"Blastomere A"
"B1",0.498039817246687,"Blastomere A"
"B1",0.493200385235003,"Blastomere A"
"B1",0.493813076740858,"Blastomere A"
"B1",0.513426148057309,"Blastomere A"
"B1",0.505772799560227,"Blastomere A"
"B1",0.504733099314794,"Blastomere A"
"B1",0.498638386619468,"Blastomere A"
"B1",0.503625740506048,"Blastomere A"
"B1",0.506631667351341,"Blastomere A"
"B1",0.492937821060952,"Blastomere A"
"B1",0.502168134435168,"Blastomere A"
"B1",0.496335773746448,"Blastomere A"
"B1",0.508047701182901,"Blastomere A"
"B1",0.501628366637465,"Blastomere A"
"B1",0.497586043364773,"Blastomere A"
"B1",0.504931176032062,"Blastomere A"
"B1",0.500228451189262,"Blastomere A"
"B1",0.498174277412738,"Blastomere A"
"B1",0.490347607795621,"Blastomere A"
"B1",0.50033217249262,"Blastomere A"
"B1",0.506294858367369,"Blastomere A"
"B1",0.490132459271485,"Blastomere A"
"B1",0.492062174480278,"Blastomere A"
"B1",0.507879928546583,"Blastomere A"
"B1",0.488528701638377,"Blastomere A"
"B1",0.49020519872463,"Blastomere A"
"B1",0.497324824451577,"Blastomere A"
"B1",0.491131352645596,"Blastomere A"
"B1",0.505201060372695,"Blastomere A"
"B1",0.504806965296739,"Blastomere A"
"B1",0.504775731864277,"Blastomere A"
"B1",0.494402025159084,"Blastomere A"
"B1",0.506559629007885,"Blastomere A"
"B1",0.504368746652183,"Blastomere A"
"B1",0.494037296552198,"Blastomere A"
"B1",0.50352699317549,"Blastomere A"
"B1",0.502451222703472,"Blastomere A"
"B1",0.5075246264114,"Blastomere A"
"B1",0.48848619072039,"Blastomere A"
"B1",0.500838178673304,"Blastomere A"
"B1",0.496580641955331,"Blastomere A"
"B1",0.508234247140986,"Blastomere A"
"B1",0.500216408375276,"Blastomere A"
"B1",0.500232985240981,"Blastomere A"
"B1",0.492425864691926,"Blastomere A"
"B1",0.503190265515397,"Blastomere A"
"B1",0.498311976000493,"Blastomere A"
"B1",0.507170546210208,"Blastomere A"
"B1",0.494524498280964,"Blastomere A"
"B1",0.50071209361048,"Blastomere A"
"B1",0.508776671250033,"Blastomere A"
"B1",0.492831086892969,"Blastomere A"
"B1",0.503141488959132,"Blastomere A"
"B1",0.509835577916708,"Blastomere A"
"B1",0.494168112092064,"Blastomere A"
"B1",0.498048685149239,"Blastomere A"
"B1",0.502218489268399,"Blastomere A"
"B1",0.498610921196828,"Blastomere A"
"B1",0.509096249907976,"Blastomere A"
"B1",0.509079635238701,"Blastomere A"
"B1",0.482524182325302,"Blastomere A"
"B1",0.50563366591639,"Blastomere A"
"B1",0.484887883564632,"Blastomere A"
"B1",0.494748611135711,"Blastomere A"
"B1",0.495778013840567,"Blastomere A"
"B1",0.485260291391275,"Blastomere A"
"B1",0.49152736596511,"Blastomere A"
"B1",0.496551756814962,"Blastomere A"
"B1",0.501505230250536,"Blastomere A"
"B1",0.500969970170522,"Blastomere A"
"B1",0.504042429047084,"Blastomere A"
"B1",0.497487075197576,"Blastomere A"
"B1",0.490461451679882,"Blastomere A"
"B1",0.488613960098043,"Blastomere A"
"B1",0.501602995533149,"Blastomere A"
"B1",0.495944555197468,"Blastomere A"
"B1",0.489805133395577,"Blastomere A"
"B1",0.500957327228943,"Blastomere A"
"B1",0.490567109457786,"Blastomere A"
"B1",0.50109581653486,"Blastomere A"
"B1",0.493441129907031,"Blastomere A"
"B1",0.496491903278466,"Blastomere A"
"B1",0.496699597260475,"Blastomere A"
"B1",0.492510928676778,"Blastomere A"
"B1",0.487653532868703,"Blastomere A"
"B1",0.495999076986318,"Blastomere A"
"B1",0.488992880964435,"Blastomere A"
"B1",0.504146456508358,"Blastomere A"
"B1",0.493693071705698,"Blastomere A"
"B1",0.498816144214577,"Blastomere A"
"B1",0.495016528062989,"Blastomere A"
"B1",0.492380782730315,"Blastomere A"
"B1",0.502241330034768,"Blastomere A"
"B1",0.50027507724786,"Blastomere A"
"B1",0.500363079689901,"Blastomere A"
"B1",0.501265098894711,"Blastomere A"
"B1",0.512906397438569,"Blastomere A"
"B1",0.504492849850429,"Blastomere A"
"B1",0.50285783493328,"Blastomere A"
"B1",0.49693787758413,"Blastomere A"
"B1",0.505294538122952,"Blastomere A"
"B1",0.505650746469589,"Blastomere A"
"B1",0.506719819922576,"Blastomere A"
"B1",0.496324585198378,"Blastomere A"
"B1",0.500755533959947,"Blastomere A"
"B1",0.491131660314337,"Blastomere A"
"B1",0.515614078877017,"Blastomere A"
"B1",0.496161486781786,"Blastomere A"
"B1",0.499875914341736,"Blastomere A"
"B1",0.499979992954406,"Blastomere A"
"B1",0.494984489409535,"Blastomere A"
"B1",0.496475999761767,"Blastomere A"
"B1",0.501515209399221,"Blastomere A"
"B1",0.489926092242272,"Blastomere A"
"B1",0.504876326857929,"Blastomere A"
"B1",0.50679307902471,"Blastomere A"
"B1",0.494637816624051,"Blastomere A"
"B1",0.503310442802701,"Blastomere A"
"B1",0.507392938577979,"Blastomere A"
"B1",0.502624088232935,"Blastomere A"
"B1",0.49852964339213,"Blastomere A"
"B1",0.510590875791846,"Blastomere A"
"B1",0.496549403427776,"Blastomere A"
"B1",0.501497134099854,"Blastomere A"
"B1",0.501637469547124,"Blastomere A"
"B1",0.499437987221875,"Blastomere A"
"B1",0.50375198694481,"Blastomere A"
"B1",0.502450712025307,"Blastomere A"
"B1",0.49764974826488,"Blastomere A"
"B1",0.498533151262074,"Blastomere A"
"B1",0.509478946673331,"Blastomere A"
"B1",0.504524312144433,"Blastomere A"
"B1",0.505967748837216,"Blastomere A"
"B1",0.503785757844733,"Blastomere A"
"B1",0.508908534582125,"Blastomere A"
"B1",0.491401095468951,"Blastomere A"
"B1",0.504209235766794,"Blastomere A"
"B1",0.483163709853267,"Blastomere A"
"B1",0.488510289867752,"Blastomere A"
"B1",0.499782977529863,"Blastomere A"
"B1",0.506584064658679,"Blastomere A"
"B1",0.502252580309163,"Blastomere A"
"B1",0.491825613312604,"Blastomere A"
"B1",0.492305848714096,"Blastomere A"
"B1",0.511907226935594,"Blastomere A"
"B1",0.49978219760339,"Blastomere A"
"B1",0.484188148458437,"Blastomere A"
"B1",0.498747905813672,"Blastomere A"
"B1",0.499719467049624,"Blastomere A"
"B1",0.512815838594551,"Blastomere A"
"B1",0.499390061681185,"Blastomere A"
"B1",0.501694179793924,"Blastomere A"
"B1",0.489903167769232,"Blastomere A"
"B1",0.502831970387274,"Blastomere A"
"B1",0.48431574316005,"Blastomere A"
"B1",0.514262847357387,"Blastomere A"
"B1",0.503503716980046,"Blastomere A"
"B1",0.493221271072066,"Blastomere A"
"B1",0.500222683121279,"Blastomere A"
"B1",0.49397988540803,"Blastomere A"
"B1",0.492438232450004,"Blastomere A"
"B1",0.498343443208149,"Blastomere A"
"B1",0.501245927034353,"Blastomere A"
"B1",0.499723063943904,"Blastomere A"
"B1",0.498388184576037,"Blastomere A"
"B1",0.50567637995966,"Blastomere A"
"B1",0.498645611093894,"Blastomere A"
"B1",0.49777649349654,"Blastomere A"
"B1",0.488818407106134,"Blastomere A"
"B1",0.494984125086174,"Blastomere A"
"B1",0.509001800842673,"Blastomere A"
"B1",0.497124366887766,"Blastomere A"
"B1",0.502530954010784,"Blastomere A"
"B1",0.501740483843311,"Blastomere A"
"B1",0.4825503531436,"Blastomere A"
"B1",0.499023084717216,"Blastomere A"
"B1",0.492145899892178,"Blastomere A"
"B1",0.496467259044861,"Blastomere A"
"B1",0.498723757585282,"Blastomere A"
"B1",0.500270338163111,"Blastomere A"
"B1",0.500426351974483,"Blastomere A"
"B1",0.500285571963565,"Blastomere A"
"B1",0.505050374600417,"Blastomere A"
"B1",0.506342490614787,"Blastomere A"
"B1",0.502364290572367,"Blastomere A"
"B1",0.488608732215467,"Blastomere A"
"B1",0.504565686507178,"Blastomere A"
"B1",0.496765718627977,"Blastomere A"
"B1",0.492818137435303,"Blastomere A"
"B1",0.497202353195705,"Blastomere A"
"B1",0.499821090220682,"Blastomere A"
"B1",0.510493337305291,"Blastomere A"
"B1",0.494153366757279,"Blastomere A"
"B1",0.495234346196426,"Blastomere A"
"B1",0.487438914423859,"Blastomere A"
"B1",0.503606402415774,"Blastomere A"
"B1",0.509067981482737,"Blastomere A"
"B1",0.4969377837654,"Blastomere A"
"B1",0.498930585259638,"Blastomere A"
"B1",0.490587848057717,"Blastomere A"
"B1",0.492728576159373,"Blastomere A"
"B1",0.500767935280497,"Blastomere A"
"B1",0.496421310375876,"Blastomere A"
"B1",0.503039000903137,"Blastomere A"
"B1",0.502209629875126,"Blastomere A"
"B1",0.503319748715632,"Blastomere A"
"B1",0.496599026908891,"Blastomere A"
"B1",0.504822058030834,"Blastomere A"
"B1",0.491783146049482,"Blastomere A"
"B1",0.4955157902166,"Blastomere A"
"B1",0.498340856837045,"Blastomere A"
"B1",0.503282347465969,"Blastomere A"
"B1",0.497811530940765,"Blastomere A"
"B1",0.500124377150067,"Blastomere A"
"B1",0.49970270130637,"Blastomere A"
"B1",0.509357418746279,"Blastomere A"
"B1",0.506200266526589,"Blastomere A"
"B1",0.502759665959833,"Blastomere A"
"B1",0.499446715317879,"Blastomere A"
"B1",0.489430232599451,"Blastomere A"
"B1",0.505542437768276,"Blastomere A"
"B1",0.495914156709603,"Blastomere A"
"B1",0.500388284509467,"Blastomere A"
"B1",0.491566425090654,"Blastomere A"
"B1",0.506764089169503,"Blastomere A"
"B1",0.482870598410267,"Blastomere A"
"B1",0.494270408917442,"Blastomere A"
"B1",0.505883365461129,"Blastomere A"
"B1",0.497197044210141,"Blastomere A"
"B1",0.496165488170659,"Blastomere A"
"B1",0.505715550121518,"Blastomere A"
"B1",0.497502982794365,"Blastomere A"
"B1",0.489010267823964,"Blastomere A"
"B1",0.497049721675545,"Blastomere A"
"B1",0.498668695755194,"Blastomere A"
"B1",0.513483177065621,"Blastomere A"
"B1",0.508839770712223,"Blastomere A"
"B1",0.505680694712442,"Blastomere A"
"B1",0.501239793527449,"Blastomere A"
"B1",0.509456892721482,"Blastomere A"
"B1",0.50173066961657,"Blastomere A"
"B1",0.50063411901979,"Blastomere A"
"B1",0.487977458880456,"Blastomere A"
"B1",0.502869244919704,"Blastomere A"
"B1",0.511729646395393,"Blastomere A"
"B1",0.501615071629393,"Blastomere A"
"B1",0.498739509299955,"Blastomere A"
"B1",0.504272068467001,"Blastomere A"
"B1",0.493792463250327,"Blastomere A"
"B1",0.507099754228236,"Blastomere A"
"B1",0.497455715307209,"Blastomere A"
"B1",0.504899136598447,"Blastomere A"
"B1",0.486923887087859,"Blastomere A"
"B1",0.499949277739249,"Blastomere A"
"B1",0.490253247358795,"Blastomere A"
"B1",0.498064213708746,"Blastomere A"
"B1",0.487667436978284,"Blastomere A"
"B1",0.494568640251034,"Blastomere A"
"B1",0.496827723126342,"Blastomere A"
"B1",0.510412456309298,"Blastomere A"
"B1",0.509050757005337,"Blastomere A"
"B1",0.500374650879255,"Blastomere A"
"B1",0.503391146845819,"Blastomere A"
"B1",0.494926309597995,"Blastomere A"
"B1",0.502234187582804,"Blastomere A"
"B1",0.494094515486672,"Blastomere A"
"B1",0.490616416707224,"Blastomere A"
"B1",0.497829372076545,"Blastomere A"
"B1",0.501672178712487,"Blastomere A"
"B1",0.506610884091143,"Blastomere A"
"B1",0.494255222251191,"Blastomere A"
"B1",0.488499392236201,"Blastomere A"
"B1",0.508057171675683,"Blastomere A"
"B1",0.503014273888305,"Blastomere A"
"B1",0.497417577665664,"Blastomere A"
"B1",0.498816615429968,"Blastomere A"
"B1",0.510373345839226,"Blastomere A"
"B1",0.493061387862006,"Blastomere A"
"B1",0.497792844168122,"Blastomere A"
"B1",0.497607030411681,"Blastomere A"
"B1",0.491772561511549,"Blastomere A"
"B1",0.498683716946892,"Blastomere A"
"B1",0.494518448650956,"Blastomere A"
"B1",0.495976229671172,"Blastomere A"
"B1",0.497986119993924,"Blastomere A"
"B1",0.498315687936826,"Blastomere A"
"B1",0.505488779654791,"Blastomere A"
"B1",0.502451311970999,"Blastomere A"
"B1",0.517671952097015,"Blastomere A"
"B1",0.498785260937023,"Blastomere A"
"B1",0.498337551610976,"Blastomere A"
"B1",0.49352037394478,"Blastomere A"
"B1",0.509821155667205,"Blastomere A"
"B1",0.496395670354936,"Blastomere A"
"B1",0.481501201329395,"Blastomere A"
"B1",0.49401641718129,"Blastomere A"
"B1",0.504753495749644,"Blastomere A"
"B1",0.500277601503122,"Blastomere A"
"B1",0.503542684713262,"Blastomere A"
"B1",0.503465992467386,"Blastomere A"
"B1",0.502759243585269,"Blastomere A"
"B1",0.49945506003691,"Blastomere A"
"B1",0.499040858427273,"Blastomere A"
"B1",0.492831688977533,"Blastomere A"
"B1",0.489349825358413,"Blastomere A"
"B1",0.497574415950542,"Blastomere A"
"B1",0.502836890565746,"Blastomere A"
"B1",0.49865231611338,"Blastomere A"
"B1",0.491354264032284,"Blastomere A"
"B1",0.509723203116165,"Blastomere A"
"B1",0.489438334038725,"Blastomere A"
"B1",0.491352164972126,"Blastomere A"
"B1",0.491146491271889,"Blastomere A"
"B1",0.503302956851239,"Blastomere A"
"B1",0.501918303603754,"Blastomere A"
"B1",0.506327340394816,"Blastomere A"
"B1",0.502152025899786,"Blastomere A"
"B1",0.501717850354561,"Blastomere A"
"B1",0.495174990590483,"Blastomere A"
"B1",0.493266379917302,"Blastomere A"
"B1",0.493388179865873,"Blastomere A"
"B1",0.49274075897919,"Blastomere A"
"B1",0.500096333757572,"Blastomere A"
"B1",0.49209208157981,"Blastomere A"
"B1",0.493010690074289,"Blastomere A"
"B1",0.495151276013454,"Blastomere A"
"B1",0.49518702673057,"Blastomere A"
"B1",0.497325038939712,"Blastomere A"
"B1",0.502501756866656,"Blastomere A"
"B1",0.490334551618669,"Blastomere A"
"B1",0.503042173792616,"Blastomere A"
"B1",0.491963617243584,"Blastomere A"
"B1",0.498643421463732,"Blastomere A"
"B1",0.499089200527362,"Blastomere A"
"B1",0.487248362746903,"Blastomere A"
"B1",0.496231467919534,"Blastomere A"
"B1",0.513171300851659,"Blastomere A"
"B1",0.501090546519129,"Blastomere A"
"B1",0.497027091551172,"Blastomere A"
"B1",0.494742041266351,"Blastomere A"
"B1",0.487412025460554,"Blastomere A"
"B1",0.505770825280664,"Blastomere A"
"B1",0.487763509923634,"Blastomere A"
"B1",0.501529709406692,"Blastomere A"
"B1",0.5031015325012,"Blastomere A"
"B1",0.505961690033096,"Blastomere A"
"B1",0.50276224040781,"Blastomere A"
"B1",0.497769534294952,"Blastomere A"
"B1",0.501758614348119,"Blastomere A"
"B1",0.501766518506194,"Blastomere A"
"B1",0.494248508790256,"Blastomere A"
"B1",0.499361243512919,"Blastomere A"
"B1",0.497326490047814,"Blastomere A"
"B1",0.50234828013832,"Blastomere A"
"B1",0.503417314926361,"Blastomere A"
"B1",0.497770734698876,"Blastomere A"
"B1",0.483241757380794,"Blastomere A"
"B1",0.505239919269571,"Blastomere A"
"B1",0.496371032864218,"Blastomere A"
"B1",0.494663662748824,"Blastomere A"
"B1",0.500796960009453,"Blastomere A"
"B1",0.494525871340007,"Blastomere A"
"B1",0.507433175978534,"Blastomere A"
"B1",0.490646136214889,"Blastomere A"
"B1",0.504706211634436,"Blastomere A"
"B1",0.499298358031617,"Blastomere A"
"B1",0.495833609273379,"Blastomere A"
"B1",0.497069590383852,"Blastomere A"
"B1",0.490905455611434,"Blastomere A"
"B1",0.489296932318302,"Blastomere A"
"B1",0.495471078304525,"Blastomere A"
"B1",0.504563213633686,"Blastomere A"
"B1",0.494461345135093,"Blastomere A"
"B1",0.503187434098986,"Blastomere A"
"B1",0.49202181851292,"Blastomere A"
"B1",0.508022023288418,"Blastomere A"
"B1",0.49564273333162,"Blastomere A"
"B1",0.504272170488601,"Blastomere A"
"B1",0.500161307006772,"Blastomere A"
"B1",0.495680325700012,"Blastomere A"
"B1",0.501334047813609,"Blastomere A"
"B1",0.488588438763012,"Blastomere A"
"B1",0.502679297737596,"Blastomere A"
"B1",0.505620136859252,"Blastomere A"
"B1",0.49297661279863,"Blastomere A"
"B1",0.492346860378954,"Blastomere A"
"B1",0.500928253256975,"Blastomere A"
"B1",0.510609495629869,"Blastomere A"
"B1",0.504761147668326,"Blastomere A"
"B1",0.50476027834391,"Blastomere A"
"B1",0.496026320067144,"Blastomere A"
"B1",0.506437162057257,"Blastomere A"
"B1",0.504719288333108,"Blastomere A"
"B1",0.505758361387315,"Blastomere A"
"B1",0.489687881711103,"Blastomere A"
"B1",0.489097003750248,"Blastomere A"
"B1",0.503205112210423,"Blastomere A"
"B1",0.500194572027761,"Blastomere A"
"B1",0.500589404679641,"Blastomere A"
"B1",0.491781376274791,"Blastomere A"
"B1",0.49694774541769,"Blastomere A"
"B1",0.487525598439278,"Blastomere A"
"B1",0.496973477072239,"Blastomere A"
"B1",0.501121840785169,"Blastomere A"
"B1",0.487192885132098,"Blastomere A"
"B1",0.487281697229858,"Blastomere A"
"B1",0.487965026417467,"Blastomere A"
"B1",0.502546611487672,"Blastomere A"
"B1",0.496492907981544,"Blastomere A"
"B1",0.496718841116767,"Blastomere A"
"B1",0.492831001171504,"Blastomere A"
"B1",0.49623531802247,"Blastomere A"
"B1",0.502505749933532,"Blastomere A"
"B1",0.492884204386778,"Blastomere A"
"B1",0.48983782169299,"Blastomere A"
"B1",0.498870091230207,"Blastomere A"
"B1",0.490335678461701,"Blastomere A"
"B1",0.499466489429865,"Blastomere A"
"B1",0.509137464511755,"Blastomere A"
"B1",0.499425247864547,"Blastomere A"
"B1",0.490716218938419,"Blastomere A"
"B1",0.491589710365786,"Blastomere A"
"B1",0.497220629267968,"Blastomere A"
"B1",0.502711839189547,"Blastomere A"
"B1",0.493328122255171,"Blastomere A"
"B1",0.503744276048884,"Blastomere A"
"B1",0.496868634401437,"Blastomere A"
"B1",0.48951101207103,"Blastomere A"
"B1",0.49652023188682,"Blastomere A"
"B1",0.494378325329197,"Blastomere A"
"B1",0.502843842695625,"Blastomere A"
"B1",0.505361129887182,"Blastomere A"
"B1",0.501603522160205,"Blastomere A"
"B1",0.489664389232582,"Blastomere A"
"B1",0.510458463149192,"Blastomere A"
"B1",0.500711159183167,"Blastomere A"
"B1",0.505546199668601,"Blastomere A"
"B1",0.500683268748756,"Blastomere A"
"B1",0.486930903877225,"Blastomere A"
"B1",0.500687634653275,"Blastomere A"
"B1",0.506847007433364,"Blastomere A"
"B1",0.498050136273297,"Blastomere A"
"B1",0.502116023157868,"Blastomere A"
"B1",0.508827189411211,"Blastomere A"
"B1",0.502176944859329,"Blastomere A"
"B1",0.499748448405594,"Blastomere A"
"B1",0.49446273928183,"Blastomere A"
"B1",0.500924600132628,"Blastomere A"
"B1",0.496590398299285,"Blastomere A"
"B1",0.510958439494995,"Blastomere A"
"B1",0.499658967714325,"Blastomere A"
"B1",0.492207868413804,"Blastomere A"
"B1",0.494852287253884,"Blastomere A"
"B1",0.501578721744628,"Blastomere A"
"B1",0.499221376098079,"Blastomere A"
"B1",0.499365247259601,"Blastomere A"
"B1",0.507486642100041,"Blastomere A"
"B1",0.508433937809422,"Blastomere A"
"B1",0.488529719957731,"Blastomere A"
"B1",0.499683563546266,"Blastomere A"
"B1",0.491589780197275,"Blastomere A"
"B1",0.498241337431488,"Blastomere A"
"B1",0.510026593313194,"Blastomere A"
"B1",0.503431078629485,"Blastomere A"
"B1",0.495470495911057,"Blastomere A"
"B1",0.493990086612938,"Blastomere A"
"B1",0.497744882172143,"Blastomere A"
"B1",0.509019115239329,"Blastomere A"
"B1",0.505023270176554,"Blastomere A"
"B1",0.504157139516534,"Blastomere A"
"B1",0.491701795006275,"Blastomere A"
"B1",0.49709579691228,"Blastomere A"
"B1",0.489720226345817,"Blastomere A"
"B1",0.501488042267642,"Blastomere A"
"B1",0.495223562773668,"Blastomere A"
"B1",0.493233834762887,"Blastomere A"
"B1",0.509284657300869,"Blastomere A"
"B1",0.492122163556705,"Blastomere A"
"B1",0.496433756409806,"Blastomere A"
"B1",0.49658181378627,"Blastomere A"
"B1",0.490089024032542,"Blastomere A"
"B1",0.491975231677948,"Blastomere A"
"B1",0.506853984666975,"Blastomere A"
"B1",0.506298273706595,"Blastomere A"
"B1",0.498098942306736,"Blastomere A"
"B1",0.504194254402364,"Blastomere A"
"B1",0.49863256681945,"Blastomere A"
"B1",0.495287754122321,"Blastomere A"
"B1",0.493617577570282,"Blastomere A"
"B1",0.498912735471724,"Blastomere A"
"B1",0.502065098397287,"Blastomere A"
"B1",0.491531402946133,"Blastomere A"
"B1",0.504971476591633,"Blastomere A"
"B1",0.500698903022866,"Blastomere A"
"B1",0.496978940853436,"Blastomere A"
"B1",0.499716124271201,"Blastomere A"
"B1",0.501658271201079,"Blastomere A"
"B1",0.500501727209119,"Blastomere A"
"B1",0.493073354506214,"Blastomere A"
"B1",0.503501630365276,"Blastomere A"
"B1",0.505262310010113,"Blastomere A"
"B1",0.498227400305365,"Blastomere A"
"B1",0.503076194651792,"Blastomere A"
"B1",0.504158839430344,"Blastomere A"
"B1",0.510437562699205,"Blastomere A"
"B1",0.505729208170465,"Blastomere A"
"B1",0.501766749543312,"Blastomere A"
"B1",0.50165389361922,"Blastomere A"
"B1",0.4967463835552,"Blastomere A"
"B1",0.496223648475951,"Blastomere A"
"B1",0.498251613601981,"Blastomere A"
"B1",0.48602294014855,"Blastomere A"
"B1",0.494312382014348,"Blastomere A"
"B1",0.500386586068101,"Blastomere A"
"B1",0.499286433660801,"Blastomere A"
"B1",0.488232646139547,"Blastomere A"
"B1",0.495269825388934,"Blastomere A"
"B1",0.495113320456478,"Blastomere A"
"B1",0.505188407692211,"Blastomere A"
"B1",0.505500922034467,"Blastomere A"
"B1",0.497981961190024,"Blastomere A"
"B1",0.501089317970942,"Blastomere A"
"B1",0.492640432957994,"Blastomere A"
"B1",0.501260495756274,"Blastomere A"
"B1",0.500314279186153,"Blastomere A"
"B1",0.484314188613788,"Blastomere A"
"B1",0.514167989297922,"Blastomere A"
"B1",0.499563015063255,"Blastomere A"
"B1",0.508023988661011,"Blastomere A"
"B1",0.502789214623234,"Blastomere A"
"B1",0.502314617332467,"Blastomere A"
"B1",0.494020217488351,"Blastomere A"
"B1",0.491611455945114,"Blastomere A"
"B1",0.506323318384903,"Blastomere A"
"B1",0.503514474034444,"Blastomere A"
"B1",0.497115656160779,"Blastomere A"
"B1",0.510917376642511,"Blastomere A"
"B1",0.505393139512831,"Blastomere A"
"B1",0.481686900762025,"Blastomere A"
"B1",0.490281967413381,"Blastomere A"
"B1",0.507592472824967,"Blastomere A"
"B1",0.49614635279278,"Blastomere A"
"B1",0.492469025453002,"Blastomere A"
"B1",0.499925906160516,"Blastomere A"
"B1",0.495945085666382,"Blastomere A"
"B1",0.500674923564632,"Blastomere A"
"B1",0.501538969075277,"Blastomere A"
"B1",0.497073187267882,"Blastomere A"
"B1",0.508247527829749,"Blastomere A"
"B1",0.503796899687078,"Blastomere A"
"B1",0.495673113032476,"Blastomere A"
"B1",0.49422879916481,"Blastomere A"
"B1",0.489939259327623,"Blastomere A"
"B1",0.496129467145094,"Blastomere A"
"B1",0.499262915278776,"Blastomere A"
"B1",0.500123738276806,"Blastomere A"
"B1",0.497411824270225,"Blastomere A"
"B1",0.503386319999809,"Blastomere A"
"B1",0.499687049977417,"Blastomere A"
"B1",0.496781824347795,"Blastomere A"
"B1",0.490092269128678,"Blastomere A"
"B1",0.500396414422907,"Blastomere A"
"B1",0.503775852829015,"Blastomere A"
"B1",0.506377959687626,"Blastomere A"
"B1",0.4890705728316,"Blastomere A"
"B1",0.492304215351257,"Blastomere A"
"B1",0.499024372446039,"Blastomere A"
"B1",0.510970187756633,"Blastomere A"
"B1",0.492593715430844,"Blastomere A"
"B1",0.513975188886837,"Blastomere A"
"B1",0.498372212677959,"Blastomere A"
"B1",0.50149981332632,"Blastomere A"
"B1",0.50263825287761,"Blastomere A"
"B1",0.50019861074386,"Blastomere A"
"B1",0.502590710352999,"Blastomere A"
"B1",0.495543883202286,"Blastomere A"
"B1",0.499030966357367,"Blastomere A"
"B1",0.515677761778717,"Blastomere A"
"B1",0.501766598937159,"Blastomere A"
"B1",0.491310484770849,"Blastomere A"
"B1",0.496051268440532,"Blastomere A"
"B1",0.485055852898686,"Blastomere A"
"B1",0.493979392559696,"Blastomere A"
"B1",0.49571393467292,"Blastomere A"
"B1",0.504564428719543,"Blastomere A"
"B1",0.494187780459053,"Blastomere A"
"B1",0.502358020151186,"Blastomere A"
"B1",0.491495812890334,"Blastomere A"
"B1",0.492607211598711,"Blastomere A"
"B1",0.502088862777417,"Blastomere A"
"B1",0.488071909410387,"Blastomere A"
"B1",0.499883876105016,"Blastomere A"
"B1",0.506424899976538,"Blastomere A"
"B1",0.492113255361364,"Blastomere A"
"B1",0.488551734181637,"Blastomere A"
"B1",0.503025843417867,"Blastomere A"
"B1",0.491017020931203,"Blastomere A"
"B1",0.493435395483936,"Blastomere A"
"B1",0.491710638778882,"Blastomere A"
"B1",0.502361495211777,"Blastomere A"
"B1",0.498381548272171,"Blastomere A"
"B1",0.498041327944994,"Blastomere A"
"B1",0.500523513678827,"Blastomere A"
"B1",0.502772846901066,"Blastomere A"
"B1",0.503970534593671,"Blastomere A"
"B1",0.496191703027636,"Blastomere A"
"B1",0.513373738412995,"Blastomere A"
"B1",0.49762758327434,"Blastomere A"
"B1",0.502815012189367,"Blastomere A"
"B1",0.498745612936666,"Blastomere A"
"B1",0.495116333670161,"Blastomere A"
"B1",0.490619418145261,"Blastomere A"
"B1",0.489565135672773,"Blastomere A"
"B1",0.498773544258977,"Blastomere A"
"B1",0.495274660098409,"Blastomere A"
"B1",0.505872944454833,"Blastomere A"
"B1",0.506411888910517,"Blastomere A"
"B1",0.497060250382621,"Blastomere A"
"B1",0.502972016499215,"Blastomere A"
"B1",0.494709415739253,"Blastomere A"
"B1",0.491746672101509,"Blastomere A"
"B1",0.488517569932755,"Blastomere A"
"B1",0.506435695203547,"Blastomere A"
"B1",0.507679637914824,"Blastomere A"
"B1",0.501180660903209,"Blastomere A"
"B1",0.497426433245182,"Blastomere A"
"B1",0.493815493509797,"Blastomere A"
"B1",0.498705418000767,"Blastomere A"
"B1",0.484252147824379,"Blastomere A"
"B1",0.50139531626511,"Blastomere A"
"B1",0.501178688470081,"Blastomere A"
"B1",0.515734419351795,"Blastomere A"
"B1",0.50919827978932,"Blastomere A"
"B1",0.494422740304314,"Blastomere A"
"B1",0.501908428377882,"Blastomere A"
"B1",0.496334542011791,"Blastomere A"
"B1",0.50742071188691,"Blastomere A"
"B1",0.504795278896637,"Blastomere A"
"B1",0.49521433268378,"Blastomere A"
"B1",0.508381307346691,"Blastomere A"
"B1",0.494708945737239,"Blastomere A"
"B1",0.500958605105086,"Blastomere A"
"B1",0.499422420529823,"Blastomere A"
"B1",0.492629518244652,"Blastomere A"
"B1",0.492395868712323,"Blastomere A"
"B1",0.487899280798174,"Blastomere A"
"B1",0.497330589999906,"Blastomere A"
"B1",0.497537653869138,"Blastomere A"
"B1",0.502878901348715,"Blastomere A"
"B1",0.507179349657023,"Blastomere A"
"B1",0.488194214334919,"Blastomere A"
"B1",0.495712005897208,"Blastomere A"
"B1",0.503958810331822,"Blastomere A"
"B1",0.488516835429452,"Blastomere A"
"B1",0.500145155503965,"Blastomere A"
"B1",0.499023511436509,"Blastomere A"
"B1",0.497973760163213,"Blastomere A"
"B1",0.490771221370994,"Blastomere A"
"B1",0.497970104422766,"Blastomere A"
"B1",0.490222888856748,"Blastomere A"
"B1",0.505803797146497,"Blastomere A"
"B1",0.497850578522944,"Blastomere A"
"B1",0.490218254249605,"Blastomere A"
"B1",0.495986135446176,"Blastomere A"
"B1",0.502113460767263,"Blastomere A"
"B1",0.503384212287999,"Blastomere A"
"B1",0.485477058769369,"Blastomere A"
"B1",0.497956911649854,"Blastomere A"
"B1",0.501968120468258,"Blastomere A"
"B1",0.506421088628401,"Blastomere A"
"B1",0.494647514657781,"Blastomere A"
"B1",0.489632180741581,"Blastomere A"
"B1",0.500849857959126,"Blastomere A"
"B1",0.500033247039875,"Blastomere A"
"B1",0.492500818488933,"Blastomere A"
"B1",0.4947141141367,"Blastomere A"
"B1",0.500942077970893,"Blastomere A"
"B1",0.502870035398121,"Blastomere A"
"B1",0.497569759675553,"Blastomere A"
"B1",0.509290815170876,"Blastomere A"
"B1",0.503230000894037,"Blastomere A"
"B1",0.493011805556748,"Blastomere A"
"B1",0.504084973333401,"Blastomere A"
"B1",0.503513547416781,"Blastomere A"
"B1",0.505628422096472,"Blastomere A"
"B1",0.510537922845839,"Blastomere A"
"B1",0.493199549785287,"Blastomere A"
"B1",0.494207191950069,"Blastomere A"
"B1",0.499978006783224,"Blastomere A"
"B1",0.494295820403249,"Blastomere A"
"B1",0.501199600147394,"Blastomere A"
"B1",0.504685599300494,"Blastomere A"
"B1",0.501589699109847,"Blastomere A"
"B1",0.499216807367268,"Blastomere A"
"B1",0.499168749620755,"Blastomere A"
"B1",0.506212083109231,"Blastomere A"
"B1",0.490638555832597,"Blastomere A"
"B1",0.489415610369422,"Blastomere A"
"B1",0.504030022501645,"Blastomere A"
"B1",0.485630057139667,"Blastomere A"
"B1",0.493698559790936,"Blastomere A"
"B1",0.49788213074614,"Blastomere A"
"B1",0.498343595543591,"Blastomere A"
"B1",0.496247320482273,"Blastomere A"
"B1",0.507379387091614,"Blastomere A"
"B1",0.500810177004499,"Blastomere A"
"B1",0.496518109157114,"Blastomere A"
"B1",0.497508653362696,"Blastomere A"
"B1",0.499637770493533,"Blastomere A"
"B1",0.486560943439548,"Blastomere A"
"B1",0.490636235084697,"Blastomere A"
"B1",0.496267518441548,"Blastomere A"
"B1",0.503387810981034,"Blastomere A"
"B1",0.491889106866013,"Blastomere A"
"B1",0.498586668875828,"Blastomere A"
"B1",0.502352099598302,"Blastomere A"
"B1",0.491238861263315,"Blastomere A"
"B1",0.502396830376396,"Blastomere A"
"B1",0.49191885608045,"Blastomere A"
"B1",0.485879068856674,"Blastomere A"
"B1",0.494750662416078,"Blastomere A"
"B1",0.49871251682342,"Blastomere A"
"B1",0.498117105202676,"Blastomere A"
"B1",0.500705490574391,"Blastomere A"
"B1",0.501854144500701,"Blastomere A"
"B1",0.496838575488185,"Blastomere A"
"B1",0.502334152111042,"Blastomere A"
"B1",0.492897154524726,"Blastomere A"
"B1",0.490008059008013,"Blastomere A"
"B1",0.501544000678399,"Blastomere A"
"B1",0.497817505337515,"Blastomere A"
"B1",0.502248570871904,"Blastomere A"
"B1",0.50976049256987,"Blastomere A"
"B1",0.502837014019143,"Blastomere A"
"B1",0.495672780247766,"Blastomere A"
"B1",0.497842001678215,"Blastomere A"
"B1",0.496646219965656,"Blastomere A"
"B1",0.497175485488132,"Blastomere A"
"B1",0.490694899875614,"Blastomere A"
"B1",0.50133682736723,"Blastomere A"
"B1",0.493087092731253,"Blastomere A"
"B1",0.488928784341648,"Blastomere A"
"B1",0.49813792634689,"Blastomere A"
"B1",0.500008239004362,"Blastomere A"
"B1",0.501884270259188,"Blastomere A"
"B1",0.493788261113636,"Blastomere A"
"B1",0.483656287072801,"Blastomere A"
"B1",0.482204492535391,"Blastomere A"
"B1",0.499768803656495,"Blastomere A"
"B1",0.497183666809526,"Blastomere A"
"B1",0.500703443303972,"Blastomere A"
"B1",0.502791586074851,"Blastomere A"
"B1",0.507367149554645,"Blastomere A"
"B1",0.487822186767556,"Blastomere A"
"B1",0.503879153850864,"Blastomere A"
"B1",0.489465865384062,"Blastomere A"
"B1",0.490346967073338,"Blastomere A"
"B1",0.506739584906784,"Blastomere A"
"B1",0.502392659811545,"Blastomere A"
"B1",0.494934583106424,"Blastomere A"
"B1",0.490326193819351,"Blastomere A"
"B1",0.499684965189468,"Blastomere A"
"B1",0.490545378281221,"Blastomere A"
"B1",0.496277477984265,"Blastomere A"
"B1",0.503115028310045,"Blastomere A"
"B1",0.499070016755257,"Blastomere A"
"B1",0.510808893196062,"Blastomere A"
"B1",0.495727141611239,"Blastomere A"
"B1",0.48986101600597,"Blastomere A"
"B1",0.495713230809106,"Blastomere A"
"B1",0.493642987351156,"Blastomere A"
"B1",0.501838519055005,"Blastomere A"
"B1",0.490931982039396,"Blastomere A"
"B1",0.501849033356066,"Blastomere A"
"B1",0.492142588971705,"Blastomere A"
"B1",0.490643256689877,"Blastomere A"
"B1",0.499943857470347,"Blastomere A"
"B1",0.497115789874017,"Blastomere A"
"B1",0.502388654817686,"Blastomere A"
"B1",0.491956642650711,"Blastomere A"
"B1",0.49169262321136,"Blastomere A"
"B1",0.488275043170194,"Blastomere A"
"B1",0.495467373731495,"Blastomere A"
"B1",0.492251786900307,"Blastomere A"
"B1",0.493018339860289,"Blastomere A"
"B1",0.506180096741839,"Blastomere A"
"B1",0.493250839494641,"Blastomere A"
"B1",0.489848295940247,"Blastomere A"
"B1",0.498916676144512,"Blastomere A"
"B1",0.501934583431564,"Blastomere A"
"B1",0.492274687737098,"Blastomere A"
"B1",0.502901325003975,"Blastomere A"
"B1",0.511472942962639,"Blastomere A"
"B1",0.503752153822006,"Blastomere A"
"B1",0.508119382606736,"Blastomere A"
"B1",0.505303768362425,"Blastomere A"
"B1",0.498297814871291,"Blastomere A"
"B1",0.494230900892971,"Blastomere A"
"B1",0.498345765596269,"Blastomere A"
"B1",0.493490963764187,"Blastomere A"
"B1",0.509194405962236,"Blastomere A"
"B1",0.494646682624316,"Blastomere A"
"B1",0.493644579993411,"Blastomere A"
"B1",0.500708014034045,"Blastomere A"
"B1",0.504801739387073,"Blastomere A"
"B1",0.507271422149714,"Blastomere A"
"B1",0.504655136484766,"Blastomere A"
"B1",0.505235800923968,"Blastomere A"
"B1",0.495984493197138,"Blastomere A"
"B1",0.494622394194221,"Blastomere A"
"B1",0.507903798960856,"Blastomere A"
"B1",0.503404096507195,"Blastomere A"
"B1",0.497519520105848,"Blastomere A"
"B1",0.492023529023078,"Blastomere A"
"B1",0.518316654834851,"Blastomere A"
"B1",0.503413289072246,"Blastomere A"
"B1",0.49260882786597,"Blastomere A"
"B1",0.489072378144915,"Blastomere A"
"B1",0.497884641296644,"Blastomere A"
"B1",0.503614372866923,"Blastomere A"
"B1",0.49884994817705,"Blastomere A"
"B1",0.492148786062494,"Blastomere A"
"B1",0.484630926638276,"Blastomere A"
"B1",0.497434322541764,"Blastomere A"
"B1",0.496909742096119,"Blastomere A"
"B1",0.506190473868358,"Blastomere A"
"B1",0.495227998487822,"Blastomere A"
"B1",0.499821515008829,"Blastomere A"
"B1",0.501756686076895,"Blastomere A"
"B1",0.49894860946064,"Blastomere A"
"B1",0.50175748011051,"Blastomere A"
"B1",0.486924720863997,"Blastomere A"
"B1",0.496500298574888,"Blastomere A"
"B1",0.491672090002081,"Blastomere A"
"B1",0.497973182921655,"Blastomere A"
"B1",0.500666400181417,"Blastomere A"
"B1",0.481723399540067,"Blastomere A"
"B1",0.507753473612805,"Blastomere A"
"B1",0.507586942315275,"Blastomere A"
"B1",0.504012095436654,"Blastomere A"
"B1",0.493177313639355,"Blastomere A"
"B1",0.491103443920825,"Blastomere A"
"B1",0.49221679153581,"Blastomere A"
"B1",0.484304514388241,"Blastomere A"
"B1",0.500799792592632,"Blastomere A"
"B1",0.498910741796587,"Blastomere A"
"B1",0.504658458912811,"Blastomere A"
"B1",0.504729216238902,"Blastomere A"
"B1",0.492439806559926,"Blastomere A"
"B1",0.506173395189773,"Blastomere A"
"B1",0.495541876967739,"Blastomere A"
"B1",0.497441110304528,"Blastomere A"
"B1",0.489558481868165,"Blastomere A"
"B1",0.49932792039587,"Blastomere A"
"B1",0.4960603705917,"Blastomere A"
"B1",0.492968555491354,"Blastomere A"
"B1",0.499616799769037,"Blastomere A"
"B1",0.498919315019981,"Blastomere A"
"B1",0.494137879253809,"Blastomere A"
"B1",0.495110648025482,"Blastomere A"
"B1",0.489080688175081,"Blastomere A"
"B1",0.503158284452142,"Blastomere A"
"B1",0.500892911072385,"Blastomere A"
"B1",0.494090537504229,"Blastomere A"
"B1",0.507595250360641,"Blastomere A"
"B1",0.497929747347929,"Blastomere A"
"B1",0.501541735597026,"Blastomere A"
"B1",0.500014928071259,"Blastomere A"
"B1",0.499482299499693,"Blastomere A"
"B1",0.484682331584083,"Blastomere A"
"B1",0.496290023614517,"Blastomere A"
"B1",0.494647649210785,"Blastomere A"
"B1",0.516926218131365,"Blastomere A"
"B1",0.500294464239986,"Blastomere A"
"B1",0.508411553938593,"Blastomere A"
"B1",0.492846922816706,"Blastomere A"
"B1",0.497398265681904,"Blastomere A"
"B1",0.497891192764124,"Blastomere A"
"B1",0.493499270327777,"Blastomere A"
"B1",0.503394316398315,"Blastomere A"
"B1",0.491945686022899,"Blastomere A"
"B1",0.50449204897017,"Blastomere A"
"B1",0.492914880825835,"Blastomere A"
"B1",0.500946009813152,"Blastomere A"
"B1",0.508315707324644,"Blastomere A"
"B1",0.498002580219301,"Blastomere A"
"B1",0.492231420121828,"Blastomere A"
"B1",0.496063867293999,"Blastomere A"
"B1",0.491789946234362,"Blastomere A"
"B1",0.494386588600391,"Blastomere A"
"B1",0.510945424661851,"Blastomere A"
"B1",0.498513780869979,"Blastomere A"
"B1",0.493925709910623,"Blastomere A"
"B1",0.508898185726689,"Blastomere A"
"B1",0.496609736495236,"Blastomere A"
"B1",0.500501622189016,"Blastomere A"
"B1",0.500625053626008,"Blastomere A"
"B1",0.496735324601561,"Blastomere A"
"B1",0.493902887401135,"Blastomere A"
"B1",0.500738708503735,"Blastomere A"
"B1",0.494653435507041,"Blastomere A"
"B1",0.498732068797357,"Blastomere A"
"B1",0.494940313988685,"Blastomere A"
"B1",0.511841778412252,"Blastomere A"
"B1",0.491169083656174,"Blastomere A"
"B1",0.488077208725468,"Blastomere A"
"B1",0.49045216840062,"Blastomere A"
"B1",0.495697029423975,"Blastomere A"
"B1",0.501240117213516,"Blastomere A"
"B1",0.504523724476753,"Blastomere A"
"B1",0.503345269812932,"Blastomere A"
"B1",0.498989344137032,"Blastomere A"
"B1",0.493170734729733,"Blastomere A"
"B1",0.49875598461874,"Blastomere A"
"B1",0.501835698295503,"Blastomere A"
"B1",0.491701044661259,"Blastomere A"
"B1",0.493632025747214,"Blastomere A"
"B1",0.506495594641415,"Blastomere A"
"B1",0.500224203083018,"Blastomere A"
"B1",0.501349434010114,"Blastomere A"
"B1",0.502890586690382,"Blastomere A"
"B1",0.502943505511239,"Blastomere A"
"B1",0.506838442520173,"Blastomere A"
"B1",0.493395573160988,"Blastomere A"
"B1",0.500613350352374,"Blastomere A"
"B1",0.503066546385759,"Blastomere A"
"B1",0.498548248472941,"Blastomere A"
"B1",0.501493485536652,"Blastomere A"
"B1",0.511662550410595,"Blastomere A"
"B1",0.49161478572966,"Blastomere A"
"B1",0.481234832010121,"Blastomere A"
"B1",0.493351463996855,"Blastomere A"
"B1",0.490368023501561,"Blastomere A"
"B1",0.49955748203029,"Blastomere A"
"B1",0.49738543027794,"Blastomere A"
"B1",0.499261460416671,"Blastomere A"
"B1",0.500554482812849,"Blastomere A"
"B1",0.501696335561437,"Blastomere A"
"B1",0.499127301351005,"Blastomere A"
"B1",0.490048200025466,"Blastomere A"
"B1",0.496658034198757,"Blastomere A"
"B1",0.493996952830506,"Blastomere A"
"B1",0.499460669329665,"Blastomere A"
"B1",0.503934102371674,"Blastomere A"
"B1",0.492321632062601,"Blastomere A"
"B1",0.497808984887347,"Blastomere A"
"B1",0.497987300658026,"Blastomere A"
"B1",0.496518729944226,"Blastomere A"
"B1",0.487533102560863,"Blastomere A"
"B1",0.502050099605904,"Blastomere A"
"B1",0.493173735782405,"Blastomere A"
"B1",0.50646600961344,"Blastomere A"
"B1",0.499186429139851,"Blastomere A"
"B1",0.502596192345777,"Blastomere A"
"B1",0.511385306420116,"Blastomere A"
"B1",0.50580198730969,"Blastomere A"
"B1",0.514063968513055,"Blastomere A"
"B1",0.502391975135022,"Blastomere A"
"B1",0.50317225591204,"Blastomere A"
"B1",0.494906454916527,"Blastomere A"
"B1",0.500425857383491,"Blastomere A"
"B1",0.509223326399181,"Blastomere A"
"B1",0.49890291540353,"Blastomere A"
"B1",0.493599331432995,"Blastomere A"
"B1",0.496550107000696,"Blastomere A"
"B1",0.494214069480003,"Blastomere A"
"B1",0.496061943610225,"Blastomere A"
"B1",0.501947751716753,"Blastomere A"
"B1",0.501771671872917,"Blastomere A"
"B1",0.499080848140994,"Blastomere A"
"B1",0.511727594026901,"Blastomere A"
"B1",0.493901106003779,"Blastomere A"
"B1",0.504906661959232,"Blastomere A"
"B1",0.502942152428049,"Blastomere A"
"B1",0.503001839086124,"Blastomere A"
"B1",0.488436307525081,"Blastomere A"
"B1",0.504170703758927,"Blastomere A"
"B1",0.494767182762869,"Blastomere A"
"B1",0.492111034276402,"Blastomere A"
"B1",0.506049350633043,"Blastomere A"
"B1",0.490506832254544,"Blastomere A"
"B1",0.502467259409688,"Blastomere A"
"B1",0.495345077210641,"Blastomere A"
"B1",0.501240895277149,"Blastomere A"
"B1",0.50207693063431,"Blastomere A"
"B1",0.502808579188255,"Blastomere A"
"B1",0.500736934195386,"Blastomere A"
"B1",0.497240541397179,"Blastomere A"
"B1",0.497627359854981,"Blastomere A"
"B1",0.502658809309496,"Blastomere A"
"B1",0.501142734788702,"Blastomere A"
"B1",0.492585821164276,"Blastomere A"
"B1",0.488247538304285,"Blastomere A"
"B1",0.493533072285493,"Blastomere A"
"B1",0.504387431571689,"Blastomere A"
"B1",0.495408107876239,"Blastomere A"
"B1",0.495570417848545,"Blastomere A"
"B1",0.497661434489437,"Blastomere A"
"B1",0.496951505381623,"Blastomere A"
"B1",0.501342356889008,"Blastomere A"
"B1",0.509160748804056,"Blastomere A"
"B1",0.502461564222942,"Blastomere A"
"B1",0.50233318238189,"Blastomere A"
"B1",0.503682724737596,"Blastomere A"
"B1",0.496397899719683,"Blastomere A"
"B1",0.497674368657842,"Blastomere A"
"B1",0.496383933669925,"Blastomere A"
"B1",0.507577022735353,"Blastomere A"
"B1",0.499173622356697,"Blastomere A"
"B1",0.486268864664511,"Blastomere A"
"B1",0.481610813200793,"Blastomere A"
"B1",0.50185991810626,"Blastomere A"
"B1",0.48953815628572,"Blastomere A"
"B1",0.517207133225467,"Blastomere A"
"B1",0.485353300481582,"Blastomere A"
"B1",0.493622390823927,"Blastomere A"
"B1",0.497704746289537,"Blastomere A"
"B1",0.505094629079937,"Blastomere A"
"B1",0.510581965739411,"Blastomere A"
"B1",0.491767788471692,"Blastomere A"
"B1",0.494857230165039,"Blastomere A"
"B1",0.501840522276085,"Blastomere A"
"B1",0.501800399920599,"Blastomere A"
"B1",0.493765896318964,"Blastomere A"
"B1",0.503323536171721,"Blastomere A"
"B1",0.487950195100113,"Blastomere A"
"B1",0.488762912930765,"Blastomere A"
"B1",0.490805445963171,"Blastomere A"
"B1",0.496942972280074,"Blastomere A"
"B1",0.503536618977729,"Blastomere A"
"B1",0.497179376176756,"Blastomere A"
"B1",0.502015576796565,"Blastomere A"
"B1",0.501672965809185,"Blastomere A"
"B1",0.499505576773769,"Blastomere A"
"B1",0.502868252133648,"Blastomere A"
"B1",0.498896646974073,"Blastomere A"
"B1",0.491911875789219,"Blastomere A"
"B1",0.505023720536286,"Blastomere A"
"B1",0.48880556776028,"Blastomere A"
"B1",0.493857833663526,"Blastomere A"
"B1",0.497974894254731,"Blastomere A"
"B1",0.48908897180939,"Blastomere A"
"B1",0.504654893980365,"Blastomere A"
"B1",0.509807304942576,"Blastomere A"
"B1",0.500893387953117,"Blastomere A"
"B1",0.495868443223782,"Blastomere A"
"B1",0.498013254810524,"Blastomere A"
"B1",0.518255933023542,"Blastomere A"
"B1",0.499068301105125,"Blastomere A"
"B1",0.511361631139194,"Blastomere A"
"B1",0.489126819027824,"Blastomere A"
"B1",0.500615605374056,"Blastomere A"
"B1",0.494682470549416,"Blastomere A"
"B1",0.496129914193156,"Blastomere A"
"B1",0.499092624661014,"Blastomere A"
"B1",0.503395647318537,"Blastomere A"
"B1",0.506903449145644,"Blastomere A"
"B1",0.495462993070357,"Blastomere A"
"B1",0.487807144358559,"Blastomere A"
"B1",0.500762864435007,"Blastomere A"
"B1",0.502257831048171,"Blastomere A"
"B1",0.495231879384413,"Blastomere A"
"B1",0.502865656918556,"Blastomere A"
"B1",0.500872447612759,"Blastomere A"
"B1",0.504361787191484,"Blastomere A"
"B1",0.496395657828391,"Blastomere A"
"B1",0.49615503946319,"Blastomere A"
"B1",0.498901275234995,"Blastomere A"
"B1",0.491506712455587,"Blastomere A"
"B1",0.494934233545211,"Blastomere A"
"B1",0.490229875941233,"Blastomere A"
"B1",0.502992889425965,"Blastomere A"
"B1",0.496787774365277,"Blastomere A"
"B1",0.495557681169542,"Blastomere A"
"B1",0.482435034261174,"Blastomere A"
"B1",0.505337663992359,"Blastomere A"
"B1",0.500183247266142,"Blastomere A"
"B1",0.49263127022422,"Blastomere A"
"B1",0.500144801569573,"Blastomere A"
"B1",0.48774247993074,"Blastomere A"
"B1",0.513588825332785,"Blastomere A"
"B1",0.500658882410366,"Blastomere A"
"B1",0.490115843990153,"Blastomere A"
"B1",0.500273182777544,"Blastomere A"
"B1",0.506238600108541,"Blastomere A"
"B1",0.489320268170979,"Blastomere A"
"B1",0.500198488186685,"Blastomere A"
"B1",0.514389015794254,"Blastomere A"
"B1",0.498405677825415,"Blastomere A"
"B1",0.487797559640467,"Blastomere A"
"B1",0.496723882617665,"Blastomere A"
"B1",0.497044913896912,"Blastomere A"
"B1",0.490760748188723,"Blastomere A"
"B1",0.50606357712778,"Blastomere A"
"B1",0.498102581263699,"Blastomere A"
"B1",0.500608156437899,"Blastomere A"
"B1",0.497429054655964,"Blastomere A"
"B1",0.496070849590018,"Blastomere A"
"B1",0.49560309153399,"Blastomere A"
"B1",0.497077217359219,"Blastomere A"
"B1",0.49185972264073,"Blastomere A"
"B1",0.506851935912836,"Blastomere A"
"B1",0.494387081767795,"Blastomere A"
"B1",0.49693142504343,"Blastomere A"
"B1",0.494893160898788,"Blastomere A"
"B1",0.498405863139443,"Blastomere A"
"B1",0.495983795216123,"Blastomere A"
"B1",0.498854552208752,"Blastomere A"
"B1",0.48099575534585,"Blastomere A"
"B1",0.502970606335887,"Blastomere A"
"B1",0.501250296299807,"Blastomere A"
"B1",0.501643966291608,"Blastomere A"
"B1",0.492634881303324,"Blastomere A"
"B1",0.483720952444422,"Blastomere A"
"B1",0.49257310405762,"Blastomere A"
"B1",0.502242072398236,"Blastomere A"
"B1",0.493921847931989,"Blastomere A"
"B1",0.504642391404423,"Blastomere A"
"B1",0.510202168894225,"Blastomere A"
"B1",0.507691386865342,"Blastomere A"
"B1",0.495922120383724,"Blastomere A"
"B1",0.498840692289444,"Blastomere A"
"B1",0.507231812308471,"Blastomere A"
"B1",0.499751528524385,"Blastomere A"
"B1",0.496453162629425,"Blastomere A"
"B1",0.505900895269812,"Blastomere A"
"B1",0.507498473468094,"Blastomere A"
"B1",0.513275731173649,"Blastomere A"
"B1",0.50597331165106,"Blastomere A"
"B1",0.497640579064153,"Blastomere A"
"B1",0.508081772555611,"Blastomere A"
"B1",0.497545618318296,"Blastomere A"
"B1",0.497218508394769,"Blastomere A"
"B1",0.483735348695396,"Blastomere A"
"B1",0.50496161501538,"Blastomere A"
"B1",0.503074595818942,"Blastomere A"
"B1",0.49636181583748,"Blastomere A"
"B1",0.501777516500961,"Blastomere A"
"B1",0.508566910434208,"Blastomere A"
"B1",0.501623262064383,"Blastomere A"
"B1",0.489880140986699,"Blastomere A"
"B1",0.508490774558624,"Blastomere A"
"B1",0.509376517941939,"Blastomere A"
"B1",0.506680062168901,"Blastomere A"
"B1",0.500538036642052,"Blastomere A"
"B1",0.502992837504137,"Blastomere A"
"B1",0.485784401874133,"Blastomere A"
"B1",0.507817514714756,"Blastomere A"
"B1",0.508228728530519,"Blastomere A"
"B1",0.502647502294912,"Blastomere A"
"B1",0.492926298751211,"Blastomere A"
"B1",0.494694295179648,"Blastomere A"
"B1",0.496178287544245,"Blastomere A"
"B1",0.509186371770358,"Blastomere A"
"B1",0.488085977568468,"Blastomere A"
"B1",0.510863099459998,"Blastomere A"
"B1",0.493832698414995,"Blastomere A"
"B1",0.500014556209253,"Blastomere A"
"B1",0.499682873932503,"Blastomere A"
"B1",0.491358330918673,"Blastomere A"
"B1",0.507867684117267,"Blastomere A"
"B1",0.500468282413672,"Blastomere A"
"B1",0.508703946768305,"Blastomere A"
"B1",0.497492431543287,"Blastomere A"
"B1",0.495148110417439,"Blastomere A"
"B1",0.509260095941519,"Blastomere A"
"B1",0.494466574850678,"Blastomere A"
"B1",0.501647221936534,"Blastomere A"
"B1",0.498661248364551,"Blastomere A"
"B1",0.494226524439261,"Blastomere A"
"B1",0.496383227735694,"Blastomere A"
"B1",0.500485050424417,"Blastomere A"
"B1",0.500038179522179,"Blastomere A"
"B1",0.510837103403058,"Blastomere A"
"B1",0.510601591593799,"Blastomere A"
"B1",0.503111349991919,"Blastomere A"
"B1",0.497227475190419,"Blastomere A"
"B1",0.505588134986,"Blastomere A"
"B1",0.499996608837171,"Blastomere A"
"B1",0.491083853935891,"Blastomere A"
"B1",0.504168952451019,"Blastomere A"
"B1",0.492948979896968,"Blastomere A"
"B1",0.492762684908825,"Blastomere A"
"B1",0.487084387417966,"Blastomere A"
"B1",0.49046986307267,"Blastomere A"
"B1",0.48740872946566,"Blastomere A"
"B1",0.505317482428485,"Blastomere A"
"B1",0.488072019403942,"Blastomere A"
"B1",0.498187692547721,"Blastomere A"
"B1",0.499625144657945,"Blastomere A"
"B1",0.503113436494594,"Blastomere A"
"B1",0.511950722337613,"Blastomere A"
"B1",0.492691766344982,"Blastomere A"
"B1",0.501084180462379,"Blastomere A"
"B1",0.492836225330969,"Blastomere A"
"B1",0.500202845113315,"Blastomere A"
"B1",0.506306366228343,"Blastomere A"
"B1",0.50281003658815,"Blastomere A"
"B1",0.491402590130583,"Blastomere A"
"B1",0.502204877235549,"Blastomere A"
"B1",0.499852583689381,"Blastomere A"
"B1",0.493192435085242,"Blastomere A"
"B1",0.496270177075379,"Blastomere A"
"B1",0.494334145272363,"Blastomere A"
"B1",0.495836130006757,"Blastomere A"
"B1",0.494055404814284,"Blastomere A"
"B1",0.505000954116467,"Blastomere A"
"B1",0.498393820699761,"Blastomere A"
"B1",0.488732000901746,"Blastomere A"
"B1",0.50626780604909,"Blastomere A"
"B1",0.499576564406186,"Blastomere A"
"B1",0.495353684188231,"Blastomere A"
"B1",0.493117466324382,"Blastomere A"
"B1",0.496430791378313,"Blastomere A"
"B1",0.506339531994827,"Blastomere A"
"B1",0.499642576796274,"Blastomere A"
"B1",0.487107389630337,"Blastomere A"
"B1",0.50844002191575,"Blastomere A"
"B1",0.506109593606769,"Blastomere A"
"B1",0.506621224548057,"Blastomere A"
"B1",0.490702777414396,"Blastomere A"
"B1",0.500371554397702,"Blastomere A"
"B1",0.498652600596802,"Blastomere A"
"B1",0.488066007853092,"Blastomere A"
"B1",0.497934441056726,"Blastomere A"
"B1",0.492670986231475,"Blastomere A"
"B1",0.491619451740949,"Blastomere A"
"B1",0.508639001420142,"Blastomere A"
"B1",0.495467399202748,"Blastomere A"
"B1",0.507554454163053,"Blastomere A"
"B1",0.49346111013451,"Blastomere A"
"B1",0.499902795759561,"Blastomere A"
"B1",0.494833550597827,"Blastomere A"
"B1",0.500170303990106,"Blastomere A"
"B1",0.488724376795116,"Blastomere A"
"B1",0.497434322897417,"Blastomere A"
"B1",0.502899835002788,"Blastomere A"
"B1",0.505346868738358,"Blastomere A"
"B1",0.499000181918334,"Blastomere A"
"B1",0.511187557316549,"Blastomere A"
"B1",0.484966719743855,"Blastomere A"
"B1",0.4956904100199,"Blastomere A"
"B1",0.486538449655619,"Blastomere A"
"B1",0.495668539374046,"Blastomere A"
"B1",0.493582146471113,"Blastomere A"
"B1",0.499100981305037,"Blastomere A"
"B1",0.500345236318816,"Blastomere A"
"B1",0.503364749487266,"Blastomere A"
"B1",0.489348213452256,"Blastomere A"
"B1",0.491398012877614,"Blastomere A"
"B1",0.494026798652719,"Blastomere A"
"B1",0.503726228874141,"Blastomere A"
"B1",0.488468291352006,"Blastomere A"
"B1",0.50423569165513,"Blastomere A"
"B1",0.508405629200455,"Blastomere A"
"B1",0.50267791025296,"Blastomere A"
"B1",0.495040823769697,"Blastomere A"
"B1",0.506471362584414,"Blastomere A"
"B1",0.493723496262421,"Blastomere A"
"B1",0.496874743515686,"Blastomere A"
"B1",0.49495145019182,"Blastomere A"
"B1",0.496544738083306,"Blastomere A"
"B1",0.496144749382493,"Blastomere A"
"B1",0.494410865609041,"Blastomere A"
"B1",0.498578808279802,"Blastomere A"
"B1",0.495571987577499,"Blastomere A"
"B1",0.49989078009079,"Blastomere A"
"B1",0.509463147723592,"Blastomere A"
"B1",0.498851469232808,"Blastomere A"
"B1",0.491315334560383,"Blastomere A"
"B1",0.499094692878184,"Blastomere A"
"B1",0.498319637677588,"Blastomere A"
"B1",0.496715415934882,"Blastomere A"
"B1",0.504895418792488,"Blastomere A"
"B1",0.498776601755515,"Blastomere A"
"B1",0.500942961116069,"Blastomere A"
"B1",0.491790506249028,"Blastomere A"
"B1",0.498726561634825,"Blastomere A"
"B1",0.48970913161695,"Blastomere A"
"B1",0.491479939336843,"Blastomere A"
"B1",0.500309953936672,"Blastomere A"
"B1",0.495802369351556,"Blastomere A"
"B1",0.493947887689288,"Blastomere A"
"B1",0.492925392309604,"Blastomere A"
"B1",0.512976475386486,"Blastomere A"
"B1",0.505592727157326,"Blastomere A"
"B1",0.494329726653873,"Blastomere A"
"B1",0.496604731901837,"Blastomere A"
"B1",0.498261191228792,"Blastomere A"
"B1",0.498274250632371,"Blastomere A"
"B1",0.498888365819733,"Blastomere A"
"B1",0.496978981639833,"Blastomere A"
"B1",0.491382582220023,"Blastomere A"
"B1",0.500654893381453,"Blastomere A"
"B1",0.496922277920126,"Blastomere A"
"B1",0.492310128681147,"Blastomere A"
"B1",0.502715801964533,"Blastomere A"
"B1",0.497617327220466,"Blastomere A"
"B1",0.481338079597693,"Blastomere A"
"B1",0.497309592224883,"Blastomere A"
"B1",0.484264135638703,"Blastomere A"
"B1",0.493247873972096,"Blastomere A"
"B1",0.488464799991502,"Blastomere A"
"B1",0.503720271963546,"Blastomere A"
"B1",0.504594773394681,"Blastomere A"
"B1",0.489825561889291,"Blastomere A"
"B1",0.501442154481076,"Blastomere A"
"B1",0.51276123234617,"Blastomere A"
"B1",0.504677409684746,"Blastomere A"
"B1",0.491180514018073,"Blastomere A"
"B1",0.491150781846602,"Blastomere A"
"B1",0.510355982471746,"Blastomere A"
"B1",0.49691037521516,"Blastomere A"
"B1",0.493679928823869,"Blastomere A"
"B1",0.497938733493191,"Blastomere A"
"B1",0.50760253696025,"Blastomere A"
"B1",0.498606717892746,"Blastomere A"
"B1",0.501297951422675,"Blastomere A"
"B1",0.496097418244993,"Blastomere A"
"B1",0.496998235041386,"Blastomere A"
"B1",0.50417017261891,"Blastomere A"
"B1",0.487794898689957,"Blastomere A"
"B1",0.49968620091782,"Blastomere A"
"B1",0.500068560172955,"Blastomere A"
"B1",0.494918133075197,"Blastomere A"
"B1",0.510609788980578,"Blastomere A"
"B1",0.503677487218656,"Blastomere A"
"B1",0.502217303563705,"Blastomere A"
"B1",0.494075811041333,"Blastomere A"
"B1",0.494410034369214,"Blastomere A"
"B1",0.507436440665212,"Blastomere A"
"B1",0.492918906159255,"Blastomere A"
"B1",0.495414057067448,"Blastomere A"
"B1",0.504684409725547,"Blastomere A"
"B1",0.502751026941175,"Blastomere A"
"B1",0.498584612806535,"Blastomere A"
"B1",0.499153901157027,"Blastomere A"
"B1",0.504362957146479,"Blastomere A"
"B1",0.500338234204356,"Blastomere A"
"B1",0.504963234879196,"Blastomere A"
"B1",0.496362998118013,"Blastomere A"
"B1",0.493611156788403,"Blastomere A"
"B1",0.500661398468767,"Blastomere A"
"B1",0.501665427173644,"Blastomere A"
"B1",0.501013937797422,"Blastomere A"
"B1",0.507555886597846,"Blastomere A"
"B1",0.5067374145095,"Blastomere A"
"B1",0.496507318868838,"Blastomere A"
"B1",0.505071491258264,"Blastomere A"
"B1",0.498609981244897,"Blastomere A"
"B1",0.497588334921499,"Blastomere A"
"B1",0.493266426498043,"Blastomere A"
"B1",0.492596988694398,"Blastomere A"
"B1",0.497750502317041,"Blastomere A"
"B1",0.500683487591967,"Blastomere A"
"B1",0.49391909059514,"Blastomere A"
"B1",0.500691248922747,"Blastomere A"
"B1",0.49466454195493,"Blastomere A"
"B1",0.496201477792071,"Blastomere A"
"B1",0.485816986989341,"Blastomere A"
"B1",0.495513816101347,"Blastomere A"
"B1",0.499654098906323,"Blastomere A"
"B1",0.4948877849458,"Blastomere A"
"B1",0.513763813884896,"Blastomere A"
"B1",0.504256696607422,"Blastomere A"
"B1",0.491129544118,"Blastomere A"
"B1",0.502990107153518,"Blastomere A"
"B1",0.493650862323465,"Blastomere A"
"B1",0.514960694356979,"Blastomere A"
"B1",0.50069375952837,"Blastomere A"
"B1",0.501966368881034,"Blastomere A"
"B1",0.490850385936997,"Blastomere A"
"B1",0.494913128048826,"Blastomere A"
"B1",0.49224336442332,"Blastomere A"
"B1",0.492804168470432,"Blastomere A"
"B1",0.503818148205428,"Blastomere A"
"B1",0.501809777005274,"Blastomere A"
"B1",0.497992895856238,"Blastomere A"
"B1",0.4902464134689,"Blastomere A"
"B1",0.507328801608797,"Blastomere A"
"B1",0.504489306850783,"Blastomere A"
"B1",0.496339836128986,"Blastomere A"
"B1",0.501551154441103,"Blastomere A"
"B1",0.505965391315809,"Blastomere A"
"B1",0.500077548888858,"Blastomere A"
"B1",0.494280266256093,"Blastomere A"
"B1",0.511145392011049,"Blastomere A"
"B1",0.495906252353767,"Blastomere A"
"B1",0.500182392898663,"Blastomere A"
"B1",0.500538282539068,"Blastomere A"
"B1",0.496650206762175,"Blastomere A"
"B1",0.501665549732237,"Blastomere A"
"B1",0.491176565737557,"Blastomere A"
"B1",0.488775260168529,"Blastomere A"
"B1",0.491434329386062,"Blastomere A"
"B1",0.490846695930509,"Blastomere A"
"B1",0.495442076725278,"Blastomere A"
"B1",0.501667219992992,"Blastomere A"
"B1",0.494975617740725,"Blastomere A"
"B1",0.496141272695128,"Blastomere A"
"B1",0.494357839557207,"Blastomere A"
"B1",0.49827109029405,"Blastomere A"
"B1",0.50510903220814,"Blastomere A"
"B1",0.500186589575655,"Blastomere A"
"B1",0.505975216196884,"Blastomere A"
"B1",0.490755602107718,"Blastomere A"
"B1",0.496764228889863,"Blastomere A"
"B1",0.484730798867326,"Blastomere A"
"B1",0.489053703753561,"Blastomere A"
"B1",0.488497577488311,"Blastomere A"
"B1",0.498658817890844,"Blastomere A"
"B1",0.495168769817601,"Blastomere A"
"B1",0.494582824384404,"Blastomere A"
"B1",0.489331759296178,"Blastomere A"
"B1",0.501592054603715,"Blastomere A"
"B1",0.497420153778685,"Blastomere A"
"B1",0.498325955262766,"Blastomere A"
"B1",0.504085160372353,"Blastomere A"
"B1",0.494640620834875,"Blastomere A"
"B1",0.489794557644619,"Blastomere A"
"B1",0.501727537288057,"Blastomere A"
"B1",0.497229415960371,"Blastomere A"
"B1",0.498243153538635,"Blastomere A"
"B1",0.500873693370687,"Blastomere A"
"B1",0.500494260417168,"Blastomere A"
"B1",0.491315497071549,"Blastomere A"
"B1",0.488583214827002,"Blastomere A"
"B1",0.506024045749377,"Blastomere A"
"B1",0.498288956303632,"Blastomere A"
"B1",0.499201663002736,"Blastomere A"
"B1",0.500178235355654,"Blastomere A"
"B1",0.507016522920664,"Blastomere A"
"B1",0.495962364593117,"Blastomere A"
"B1",0.495708100846899,"Blastomere A"
"B1",0.492595911299908,"Blastomere A"
"B1",0.507319052098775,"Blastomere A"
"B1",0.498727867717566,"Blastomere A"
"B1",0.49781090693362,"Blastomere A"
"B1",0.495586495523816,"Blastomere A"
"B1",0.498060946982165,"Blastomere A"
"B1",0.496845597987544,"Blastomere A"
"B1",0.498415985005597,"Blastomere A"
"B1",0.507705300734054,"Blastomere A"
"B1",0.497231698963371,"Blastomere A"
"B1",0.504551222516881,"Blastomere A"
"B1",0.497487667289898,"Blastomere A"
"B1",0.502372468552062,"Blastomere A"
"B1",0.496091004517976,"Blastomere A"
"B1",0.50035044956547,"Blastomere A"
"B1",0.502513791905283,"Blastomere A"
"B1",0.493336169853641,"Blastomere A"
"B1",0.498581192840619,"Blastomere A"
"B1",0.501433891926653,"Blastomere A"
"B1",0.494110169697879,"Blastomere A"
"B1",0.495439093256066,"Blastomere A"
"B1",0.498623265416465,"Blastomere A"
"B1",0.499695559589312,"Blastomere A"
"B1",0.493901050555932,"Blastomere A"
"B1",0.502657748988764,"Blastomere A"
"B1",0.496602409290928,"Blastomere A"
"B1",0.499207670539334,"Blastomere A"
"B1",0.491007337598329,"Blastomere A"
"B1",0.504476411598121,"Blastomere A"
"B1",0.498949409450168,"Blastomere A"
"B1",0.500034808664969,"Blastomere A"
"B1",0.498590345643238,"Blastomere A"
"B1",0.497574985311101,"Blastomere A"
"B1",0.492879057975785,"Blastomere A"
"B1",0.503342725806531,"Blastomere A"
"B1",0.481025100602632,"Blastomere A"
"B1",0.491188584258043,"Blastomere A"
"B1",0.503745968253278,"Blastomere A"
"B1",0.497777569607732,"Blastomere A"
"B1",0.494949279257229,"Blastomere A"
"B1",0.495840476883532,"Blastomere A"
"B1",0.49977731009004,"Blastomere A"
"B1",0.494994864411312,"Blastomere A"
"B1",0.509555216321963,"Blastomere A"
"B1",0.49170449685241,"Blastomere A"
"B1",0.494786588251534,"Blastomere A"
"B1",0.498337059729889,"Blastomere A"
"B1",0.50049692250509,"Blastomere A"
"B1",0.500132505051379,"Blastomere A"
"B1",0.497732387408926,"Blastomere A"
"B1",0.499788866717731,"Blastomere A"
"B1",0.488999488367887,"Blastomere A"
"B1",0.505346604512204,"Blastomere A"
"B1",0.49888584878704,"Blastomere A"
"B1",0.512295050897054,"Blastomere A"
"B1",0.489300306134998,"Blastomere A"
"B1",0.491739418895323,"Blastomere A"
"B1",0.494421977893486,"Blastomere A"
"B1",0.498292866959465,"Blastomere A"
"B1",0.500117827137286,"Blastomere A"
"B1",0.483540788575048,"Blastomere A"
"B1",0.503140510150767,"Blastomere A"
"B1",0.498557258609876,"Blastomere A"
"B1",0.499133051011622,"Blastomere A"
"B1",0.497480110052475,"Blastomere A"
"B1",0.493944388095248,"Blastomere A"
"B1",0.500378904947433,"Blastomere A"
"B1",0.502149940082753,"Blastomere A"
"B1",0.487865017438897,"Blastomere A"
"B1",0.505507504174967,"Blastomere A"
"B1",0.504265340502219,"Blastomere A"
"B1",0.487576444586939,"Blastomere A"
"B1",0.512123739730387,"Blastomere A"
"B1",0.499791124612286,"Blastomere A"
"B1",0.499377014424369,"Blastomere A"
"B1",0.496969418588053,"Blastomere A"
"B1",0.493785044990401,"Blastomere A"
"B1",0.499240947925343,"Blastomere A"
"B1",0.496227471381608,"Blastomere A"
"B1",0.50092783574859,"Blastomere A"
"B1",0.509926824196758,"Blastomere A"
"B1",0.502109391571735,"Blastomere A"
"B1",0.497423039640285,"Blastomere A"
"B1",0.492095870866331,"Blastomere A"
"B1",0.491969877046232,"Blastomere A"
"B1",0.499469540616149,"Blastomere A"
"B1",0.504163809115984,"Blastomere A"
"B1",0.495990309743839,"Blastomere A"
"B1",0.505564480883618,"Blastomere A"
"B1",0.499025001629998,"Blastomere A"
"B1",0.495824914486716,"Blastomere A"
"B1",0.507812796948794,"Blastomere A"
"B1",0.488645629732709,"Blastomere A"
"B1",0.499532447710951,"Blastomere A"
"B1",0.502622033843164,"Blastomere A"
"B1",0.492904433833545,"Blastomere A"
"B1",0.496493754540208,"Blastomere A"
"B1",0.496160026853,"Blastomere A"
"B1",0.491528240301189,"Blastomere A"
"B1",0.5031773091577,"Blastomere A"
"B1",0.504530610784826,"Blastomere A"
"B1",0.501078597517985,"Blastomere A"
"B1",0.501002890316862,"Blastomere A"
"B1",0.49902722042118,"Blastomere A"
"B1",0.518545866967329,"Blastomere A"
"B1",0.489991354072362,"Blastomere A"
"B1",0.49542845674654,"Blastomere A"
"B1",0.508480056813492,"Blastomere A"
"B1",0.497308717980873,"Blastomere A"
"B1",0.498935132403755,"Blastomere A"
"B1",0.503916379844002,"Blastomere A"
"B1",0.503832336251874,"Blastomere A"
"B1",0.501957556601732,"Blastomere A"
"B1",0.500613818230074,"Blastomere A"
"B1",0.492753764100381,"Blastomere A"
"B1",0.508704932545516,"Blastomere A"
"B1",0.495123754560218,"Blastomere A"
"B1",0.500488980432612,"Blastomere A"
"B1",0.496077778828654,"Blastomere A"
"B1",0.499964196194239,"Blastomere A"
"B1",0.508426330304837,"Blastomere A"
"B1",0.496724041521958,"Blastomere A"
"B1",0.498156552247566,"Blastomere A"
"B1",0.502341218952525,"Blastomere A"
"B1",0.500640519107706,"Blastomere A"
"B1",0.508998943438413,"Blastomere A"
"B1",0.500864167396511,"Blastomere A"
"B1",0.500370005678561,"Blastomere A"
"B1",0.507443455452184,"Blastomere A"
"B1",0.497643679075495,"Blastomere A"
"B1",0.509237874966519,"Blastomere A"
"B1",0.496926675458874,"Blastomere A"
"B1",0.500987069004794,"Blastomere A"
"B1",0.488112041529295,"Blastomere A"
"B1",0.508485071109475,"Blastomere A"
"B1",0.494047681302427,"Blastomere A"
"B1",0.485291610246374,"Blastomere A"
"B1",0.503800262653806,"Blastomere A"
"B1",0.503367415016869,"Blastomere A"
"B1",0.493274241210443,"Blastomere A"
"B1",0.497676287581435,"Blastomere A"
"B1",0.504966716030753,"Blastomere A"
"B1",0.497833474765145,"Blastomere A"
"B1",0.498680048664001,"Blastomere A"
"B1",0.500953810825988,"Blastomere A"
"B1",0.503577289979063,"Blastomere A"
"B1",0.483327463766852,"Blastomere A"
"B1",0.48948016609175,"Blastomere A"
"B1",0.500239620059135,"Blastomere A"
"B1",0.508022941347109,"Blastomere A"
"B1",0.495640462385043,"Blastomere A"
"B1",0.498605800331769,"Blastomere A"
"B1",0.495263590575346,"Blastomere A"
"B1",0.496975779848085,"Blastomere A"
"B1",0.502869901641042,"Blastomere A"
"B1",0.495700150866296,"Blastomere A"
"B1",0.496197916855235,"Blastomere A"
"B1",0.498941108313026,"Blastomere A"
"B1",0.50601481582122,"Blastomere A"
"B1",0.500182151635995,"Blastomere A"
"B1",0.507543450032427,"Blastomere A"
"B1",0.488828791423464,"Blastomere A"
"B1",0.493875947624136,"Blastomere A"
"B1",0.490915415434766,"Blastomere A"
"B1",0.514026151254728,"Blastomere A"
"B1",0.50513623829329,"Blastomere A"
"B1",0.496301768343696,"Blastomere A"
"B1",0.494593494921015,"Blastomere A"
"B1",0.495085342374837,"Blastomere A"
"B1",0.50240334742779,"Blastomere A"
"B1",0.510727045903801,"Blastomere A"
"B1",0.497948688606652,"Blastomere A"
"B1",0.501347163812203,"Blastomere A"
"B1",0.511560146551843,"Blastomere A"
"B1",0.491010356538841,"Blastomere A"
"B1",0.495556819580701,"Blastomere A"
"B1",0.49714862661803,"Blastomere A"
"B1",0.500571942919863,"Blastomere A"
"B1",0.501021519219123,"Blastomere A"
"B1",0.498630853691234,"Blastomere A"
"B1",0.493799970554122,"Blastomere A"
"B1",0.48562146295537,"Blastomere A"
"B1",0.497649253925204,"Blastomere A"
"B1",0.497825398684019,"Blastomere A"
"B1",0.486982112402031,"Blastomere A"
"B1",0.49544543022615,"Blastomere A"
"B1",0.502443113438218,"Blastomere A"
"B1",0.508004254770095,"Blastomere A"
"B1",0.498432537003699,"Blastomere A"
"B1",0.507160531148753,"Blastomere A"
"B1",0.493978992382883,"Blastomere A"
"B1",0.507474010238085,"Blastomere A"
"B1",0.510298219559452,"Blastomere A"
"B1",0.494982512895928,"Blastomere A"
"B1",0.496998044444049,"Blastomere A"
"B1",0.496087363858585,"Blastomere A"
"B1",0.487208629777409,"Blastomere A"
"B1",0.496751426760341,"Blastomere A"
"B1",0.493095142965857,"Blastomere A"
"B1",0.503604791010843,"Blastomere A"
"B1",0.495057113868016,"Blastomere A"
"B1",0.49864453091495,"Blastomere A"
"B1",0.501666638933093,"Blastomere A"
"B1",0.493262329242029,"Blastomere A"
"B1",0.510345287916454,"Blastomere A"
"B1",0.497881104694727,"Blastomere A"
"B1",0.506391833746665,"Blastomere A"
"B1",0.493742196111497,"Blastomere A"
"B1",0.497694534854424,"Blastomere A"
"B1",0.508886659607416,"Blastomere A"
"B1",0.492495842536378,"Blastomere A"
"B1",0.487763976508148,"Blastomere A"
"B1",0.493065423069848,"Blastomere A"
"B1",0.507383987917847,"Blastomere A"
"B1",0.499013367927916,"Blastomere A"
"B1",0.507592890410579,"Blastomere A"
"B1",0.500935745169269,"Blastomere A"
"B1",0.496818185089451,"Blastomere A"
"B1",0.511470961435398,"Blastomere A"
"B1",0.495890115761597,"Blastomere A"
"B1",0.492230635067016,"Blastomere A"
"B1",0.498535700602253,"Blastomere A"
"B1",0.491477033527134,"Blastomere A"
"B1",0.501937466071264,"Blastomere A"
"B1",0.499589355009758,"Blastomere A"
"B1",0.499342429979052,"Blastomere A"
"B1",0.503220681518101,"Blastomere A"
"B1",0.498888262901723,"Blastomere A"
"B1",0.496119249261242,"Blastomere A"
"B1",0.494988004849489,"Blastomere A"
"B1",0.494929008657877,"Blastomere A"
"B1",0.499305602094227,"Blastomere A"
"B1",0.497910164726337,"Blastomere A"
"B1",0.505674814360411,"Blastomere A"
"B1",0.500497154564313,"Blastomere A"
"B1",0.509344050377053,"Blastomere A"
"B1",0.501200335832826,"Blastomere A"
"B1",0.491806016580025,"Blastomere A"
"B1",0.506271394602445,"Blastomere A"
"B1",0.502154579353601,"Blastomere A"
"B1",0.503163528533885,"Blastomere A"
"B1",0.498161231481273,"Blastomere A"
"B1",0.505244110306984,"Blastomere A"
"B1",0.497555717892448,"Blastomere A"
"B1",0.49475518912538,"Blastomere A"
"B1",0.48631932962702,"Blastomere A"
"B1",0.498106440934187,"Blastomere A"
"B1",0.5021581561798,"Blastomere A"
"B1",0.483994835898943,"Blastomere A"
"B1",0.502882299433408,"Blastomere A"
"B1",0.49516935731562,"Blastomere A"
"B1",0.489632319174115,"Blastomere A"
"B1",0.500373172123779,"Blastomere A"
"B1",0.516156755229604,"Blastomere A"
"B1",0.499326385990909,"Blastomere A"
"B1",0.492864811784978,"Blastomere A"
"B1",0.499562740579747,"Blastomere A"
"B1",0.49320027462794,"Blastomere A"
"B1",0.50211600976738,"Blastomere A"
"B1",0.503128495718435,"Blastomere A"
"B1",0.496160156898656,"Blastomere A"
"B1",0.496026841729768,"Blastomere A"
"B1",0.49297265285163,"Blastomere A"
"B1",0.49508340066733,"Blastomere A"
"B1",0.496991149266764,"Blastomere A"
"B1",0.489036229333946,"Blastomere A"
"B1",0.504915930652922,"Blastomere A"
"B1",0.502379559124549,"Blastomere A"
"B1",0.491161736815239,"Blastomere A"
"B1",0.506098314489046,"Blastomere A"
"B1",0.498224543919493,"Blastomere A"
"B1",0.491465170461414,"Blastomere A"
"B1",0.49359835399126,"Blastomere A"
"B1",0.49904408300708,"Blastomere A"
"B1",0.500315562224407,"Blastomere A"
"B1",0.489178721253751,"Blastomere A"
"B1",0.498009102677828,"Blastomere A"
"B1",0.50350794666631,"Blastomere A"
"B1",0.481154890785586,"Blastomere A"
"B1",0.496442650235466,"Blastomere A"
"B1",0.493659917962638,"Blastomere A"
"B1",0.494726795764232,"Blastomere A"
"B1",0.503979663811169,"Blastomere A"
"B1",0.500027516664545,"Blastomere A"
"B1",0.50073109455962,"Blastomere A"
"B1",0.506851329791453,"Blastomere A"
"B1",0.497080378255376,"Blastomere A"
"B1",0.487621868949409,"Blastomere A"
"B1",0.496778151213769,"Blastomere A"
"B1",0.503965642208128,"Blastomere A"
"B1",0.502887268227034,"Blastomere A"
"B1",0.502351308071146,"Blastomere A"
"B1",0.496867667948474,"Blastomere A"
"B1",0.490248327390804,"Blastomere A"
"B1",0.509204559697318,"Blastomere A"
"B1",0.488346244538642,"Blastomere A"
"B1",0.501481782095101,"Blastomere A"
"B1",0.503064631788459,"Blastomere A"
"B1",0.504833663144753,"Blastomere A"
"B1",0.494405627988895,"Blastomere A"
"B1",0.4976455123207,"Blastomere A"
"B1",0.496703351601098,"Blastomere A"
"B1",0.488697346416203,"Blastomere A"
"B1",0.503672279144211,"Blastomere A"
"B1",0.506120694094124,"Blastomere A"
"B1",0.49327003151911,"Blastomere A"
"B1",0.492507797606247,"Blastomere A"
"B1",0.501808856867723,"Blastomere A"
"B1",0.490706884961754,"Blastomere A"
"B1",0.499301839153125,"Blastomere A"
"B1",0.499228946905231,"Blastomere A"
"B1",0.496903131579414,"Blastomere A"
"B1",0.504100487466155,"Blastomere A"
"B1",0.48844477319902,"Blastomere A"
"B1",0.500819888761207,"Blastomere A"
"B1",0.500073817466981,"Blastomere A"
"B1",0.498787842742028,"Blastomere A"
"B1",0.493573648504325,"Blastomere A"
"B1",0.503740710275095,"Blastomere A"
"B1",0.50435421845022,"Blastomere A"
"B1",0.498810155858312,"Blastomere A"
"B1",0.501698685726481,"Blastomere A"
"B1",0.495530321918368,"Blastomere A"
"B1",0.505989460278404,"Blastomere A"
"B1",0.503596623900224,"Blastomere A"
"B1",0.499639812528156,"Blastomere A"
"B1",0.498338260802493,"Blastomere A"
"B1",0.494361639939386,"Blastomere A"
"B1",0.496153334738557,"Blastomere A"
"B1",0.491057449061154,"Blastomere A"
"B1",0.502624097288776,"Blastomere A"
"B1",0.505122443487457,"Blastomere A"
"B1",0.498791675651005,"Blastomere A"
"B1",0.498068871052237,"Blastomere A"
"B1",0.503120948831121,"Blastomere A"
"B1",0.493697287417205,"Blastomere A"
"B1",0.495960315195686,"Blastomere A"
"B1",0.494814296882742,"Blastomere A"
"B1",0.499898592919422,"Blastomere A"
"B1",0.489307272746431,"Blastomere A"
"B1",0.486504751511011,"Blastomere A"
"B1",0.501855590561133,"Blastomere A"
"B1",0.509861894766704,"Blastomere A"
"B1",0.495936066906567,"Blastomere A"
"B1",0.495482959425928,"Blastomere A"
"B1",0.507051470383671,"Blastomere A"
"B1",0.503093359887946,"Blastomere A"
"B1",0.503863816362798,"Blastomere A"
"B1",0.501585799004062,"Blastomere A"
"B1",0.485468615082474,"Blastomere A"
"B1",0.503737152245368,"Blastomere A"
"B1",0.487884237796579,"Blastomere A"
"B1",0.498773648723919,"Blastomere A"
"B1",0.488501315476019,"Blastomere A"
"B1",0.509454178269357,"Blastomere A"
"B1",0.498658301716884,"Blastomere A"
"B1",0.498043071837314,"Blastomere A"
"B1",0.49312664721829,"Blastomere A"
"B1",0.504811738632059,"Blastomere A"
"B1",0.499485215589088,"Blastomere A"
"B1",0.492158115930486,"Blastomere A"
"B1",0.503657586662545,"Blastomere A"
"B1",0.502310809302744,"Blastomere A"
"B1",0.496033184942904,"Blastomere A"
"B1",0.504750704206395,"Blastomere A"
"B1",0.493521436606167,"Blastomere A"
"B1",0.493539339055663,"Blastomere A"
"B1",0.492872411359871,"Blastomere A"
"B1",0.500814176248284,"Blastomere A"
"B1",0.489916412182988,"Blastomere A"
"B1",0.504591578579281,"Blastomere A"
"B1",0.495308938306034,"Blastomere A"
"B1",0.499187647418715,"Blastomere A"
"B1",0.498539029478423,"Blastomere A"
"B1",0.49212793401105,"Blastomere A"
"B1",0.494097904154064,"Blastomere A"
"B1",0.496161004065255,"Blastomere A"
"B1",0.486665427754712,"Blastomere A"
"B1",0.516739369961801,"Blastomere A"
"B1",0.495494575319727,"Blastomere A"
"B1",0.497656325660325,"Blastomere A"
"B1",0.493823443279601,"Blastomere A"
"B1",0.484398596519616,"Blastomere A"
"B1",0.501760679787311,"Blastomere A"
"B1",0.497516038592258,"Blastomere A"
"B1",0.499182944988883,"Blastomere A"
"B1",0.502612428337781,"Blastomere A"
"B1",0.506379091195384,"Blastomere A"
"B1",0.507577063031188,"Blastomere A"
"B1",0.506216301086731,"Blastomere A"
"B1",0.494671174601991,"Blastomere A"
"B1",0.500748766231739,"Blastomere A"
"B1",0.494444114240016,"Blastomere A"
"B1",0.511098617724968,"Blastomere A"
"B1",0.487506972023586,"Blastomere A"
"B1",0.497823967960672,"Blastomere A"
"B1",0.495017530050897,"Blastomere A"
"B1",0.490517859442185,"Blastomere A"
"B1",0.499422057132053,"Blastomere A"
"B1",0.505622968388974,"Blastomere A"
"B1",0.499154745845146,"Blastomere A"
"B1",0.508795793478662,"Blastomere A"
"B1",0.493564427756898,"Blastomere A"
"B1",0.498892915830877,"Blastomere A"
"B1",0.497880545609335,"Blastomere A"
"B1",0.49393155689963,"Blastomere A"
"B1",0.490267843994228,"Blastomere A"
"B1",0.508570216429706,"Blastomere A"
"B1",0.490173697639606,"Blastomere A"
"B1",0.505985033396201,"Blastomere A"
"B1",0.499556852298048,"Blastomere A"
"B1",0.510203370177095,"Blastomere A"
"B1",0.492920860783404,"Blastomere A"
"B1",0.495579316570718,"Blastomere A"
"B1",0.503440508308908,"Blastomere A"
"B1",0.504276387627418,"Blastomere A"
"B1",0.494461384992812,"Blastomere A"
"B1",0.499782921336398,"Blastomere A"
"B1",0.503087363574052,"Blastomere A"
"B1",0.501694960874578,"Blastomere A"
"B1",0.503347715972779,"Blastomere A"
"B1",0.500646901311982,"Blastomere A"
"B1",0.502349102041324,"Blastomere A"
"B1",0.500003333479846,"Blastomere A"
"B1",0.500914266336737,"Blastomere A"
"B1",0.50366869700968,"Blastomere A"
"B1",0.503187566750701,"Blastomere A"
"B1",0.502025434297573,"Blastomere A"
"B1",0.491419944577316,"Blastomere A"
"B1",0.495920051648877,"Blastomere A"
"B1",0.504110873636607,"Blastomere A"
"B1",0.49360766876625,"Blastomere A"
"B1",0.485947473624967,"Blastomere A"
"B1",0.496355948938141,"Blastomere A"
"B1",0.493374748055986,"Blastomere A"
"B1",0.494413911194901,"Blastomere A"
"B1",0.499183878144245,"Blastomere A"
"B1",0.497989923581659,"Blastomere A"
"B1",0.495044946635723,"Blastomere A"
"B1",0.49676967262616,"Blastomere A"
"B1",0.490727789968625,"Blastomere A"
"B1",0.49995173541583,"Blastomere A"
"B1",0.501581624119813,"Blastomere A"
"B1",0.486840068441681,"Blastomere A"
"B1",0.48994472038861,"Blastomere A"
"B1",0.49566889935344,"Blastomere A"
"B1",0.500621144287296,"Blastomere A"
"B1",0.509404817346504,"Blastomere A"
"B1",0.498001773868772,"Blastomere A"
"B1",0.482031018468115,"Blastomere A"
"B1",0.497655063761313,"Blastomere A"
"B1",0.513416875664589,"Blastomere A"
"B1",0.489653843894718,"Blastomere A"
"B1",0.504810812049118,"Blastomere A"
"B1",0.502439176334802,"Blastomere A"
"B1",0.498113887154546,"Blastomere A"
"B1",0.495064044199926,"Blastomere A"
"B1",0.498218999401522,"Blastomere A"
"B1",0.501680206677554,"Blastomere A"
"B1",0.496440653544556,"Blastomere A"
"B1",0.495843459940174,"Blastomere A"
"B1",0.511476539806138,"Blastomere A"
"B1",0.516757146051666,"Blastomere A"
"B1",0.500137093208629,"Blastomere A"
"B1",0.491302930520365,"Blastomere A"
"B1",0.496373705617353,"Blastomere A"
"B1",0.496010323530584,"Blastomere A"
"B1",0.493479165809671,"Blastomere A"
"B1",0.498389028350147,"Blastomere A"
"B1",0.516285865258741,"Blastomere A"
"B1",0.493913740005847,"Blastomere A"
"B1",0.501261464291707,"Blastomere A"
"B1",0.493135542550888,"Blastomere A"
"B1",0.496976638896047,"Blastomere A"
"B1",0.502792276980275,"Blastomere A"
"B1",0.496359872205164,"Blastomere A"
"B1",0.500966235211427,"Blastomere A"
"B1",0.502704221123023,"Blastomere A"
"B1",0.494705281572277,"Blastomere A"
"B1",0.502117175914066,"Blastomere A"
"B1",0.494718366130026,"Blastomere A"
"B1",0.492026677508841,"Blastomere A"
"B1",0.504446793161125,"Blastomere A"
"B1",0.503792581858672,"Blastomere A"
"B1",0.494706199619261,"Blastomere A"
"B1",0.493577631879001,"Blastomere A"
"B1",0.508676624526319,"Blastomere A"
"B1",0.505228930498711,"Blastomere A"
"B1",0.50095844498243,"Blastomere A"
"B1",0.498196861396894,"Blastomere A"
"B1",0.496428586614598,"Blastomere A"
"B1",0.494422005619636,"Blastomere A"
"B1",0.507817297853856,"Blastomere A"
"B1",0.501668864250441,"Blastomere A"
"B1",0.497557821872913,"Blastomere A"
"B1",0.497919538753113,"Blastomere A"
"B1",0.501534848419809,"Blastomere A"
"B1",0.507388245178507,"Blastomere A"
"B1",0.507042583497863,"Blastomere A"
"B1",0.49901002262985,"Blastomere A"
"B1",0.488383943924669,"Blastomere A"
"B1",0.490667018993331,"Blastomere A"
"B1",0.51260216886767,"Blastomere A"
"B1",0.493141636477966,"Blastomere A"
"B1",0.489901059903947,"Blastomere A"
"B1",0.503349023252287,"Blastomere A"
"B1",0.508120682091742,"Blastomere A"
"B1",0.505244447241655,"Blastomere A"
"B1",0.494539523081719,"Blastomere A"
"B1",0.498058183371741,"Blastomere A"
"B1",0.498975564860561,"Blastomere A"
"B1",0.497274075379026,"Blastomere A"
"B1",0.509094274489008,"Blastomere A"
"B1",0.500933785371297,"Blastomere A"
"B1",0.500836209677837,"Blastomere A"
"B1",0.511229563986886,"Blastomere A"
"B1",0.494845383429799,"Blastomere A"
"B1",0.489540183895236,"Blastomere A"
"B1",0.501088174286126,"Blastomere A"
"B1",0.497344078700163,"Blastomere A"
"B1",0.501918318109911,"Blastomere A"
"B1",0.492707580277893,"Blastomere A"
"B1",0.509409734399429,"Blastomere A"
"B1",0.49455315073843,"Blastomere A"
"B1",0.498568121199743,"Blastomere A"
"B1",0.495280474388838,"Blastomere A"
"B1",0.491760945484824,"Blastomere A"
"B1",0.495379364818134,"Blastomere A"
"B1",0.501132620548683,"Blastomere A"
"B1",0.487442154744231,"Blastomere A"
"B1",0.499618401603538,"Blastomere A"
"B1",0.507299341408924,"Blastomere A"
"B1",0.497345187554951,"Blastomere A"
"B1",0.49722442161887,"Blastomere A"
"B1",0.490704669145011,"Blastomere A"
"B1",0.497102368535969,"Blastomere A"
"B1",0.496583823980927,"Blastomere A"
"B1",0.502535365207992,"Blastomere A"
"B1",0.500064958950415,"Blastomere A"
"B1",0.489630729799128,"Blastomere A"
"B1",0.500659265117936,"Blastomere A"
"B1",0.488623146095453,"Blastomere A"
"B1",0.493452657897785,"Blastomere A"
"B1",0.518913595036536,"Blastomere A"
"B1",0.502822168124414,"Blastomere A"
"B1",0.490782002736938,"Blastomere A"
"B1",0.482665417520597,"Blastomere A"
"B1",0.496569081789478,"Blastomere A"
"B1",0.498296075474501,"Blastomere A"
"B1",0.504820970399688,"Blastomere A"
"B1",0.505118088534695,"Blastomere A"
"B1",0.500330304650177,"Blastomere A"
"B1",0.502923167716254,"Blastomere A"
"B1",0.492586821276493,"Blastomere A"
"B1",0.503090006703984,"Blastomere A"
"B1",0.494952531866231,"Blastomere A"
"B1",0.497369629910401,"Blastomere A"
"B1",0.494438461630604,"Blastomere A"
"B1",0.497512302863564,"Blastomere A"
"B1",0.501630262784305,"Blastomere A"
"B1",0.492757922080956,"Blastomere A"
"B1",0.488558520222101,"Blastomere A"
"B1",0.495111190960374,"Blastomere A"
"B1",0.502399837814135,"Blastomere A"
"B1",0.49717365274404,"Blastomere A"
"B1",0.500789665993,"Blastomere A"
"B1",0.500134212494587,"Blastomere A"
"B1",0.504509900393545,"Blastomere A"
"B1",0.501136026574161,"Blastomere A"
"B1",0.495356305642815,"Blastomere A"
"B1",0.50042588885293,"Blastomere A"
"B1",0.512301511463491,"Blastomere A"
"B1",0.503961138308049,"Blastomere A"
"B1",0.49656787436381,"Blastomere A"
"B1",0.486830878837129,"Blastomere A"
"B1",0.496728109306161,"Blastomere A"
"B1",0.49550355950198,"Blastomere A"
"B1",0.489544213211925,"Blastomere A"
"B1",0.49428358019364,"Blastomere A"
"B1",0.496255413071037,"Blastomere A"
"B1",0.498234106119048,"Blastomere A"
"B1",0.511066886860958,"Blastomere A"
"B1",0.487241090500575,"Blastomere A"
"B1",0.5001572556515,"Blastomere A"
"B1",0.497386761299362,"Blastomere A"
"B1",0.502581966986726,"Blastomere A"
"B1",0.505407592017174,"Blastomere A"
"B1",0.502449506059792,"Blastomere A"
"B1",0.491649044432462,"Blastomere A"
"B1",0.488891503987171,"Blastomere A"
"B1",0.4968372594194,"Blastomere A"
"B1",0.505891077819339,"Blastomere A"
"B1",0.500811737141597,"Blastomere A"
"B1",0.497988074283449,"Blastomere A"
"B1",0.494013537736864,"Blastomere A"
"B1",0.497129231320686,"Blastomere A"
"B1",0.490799415344326,"Blastomere A"
"B1",0.494446488461525,"Blastomere A"
"B1",0.503203902032434,"Blastomere A"
"B1",0.489542164971975,"Blastomere A"
"B1",0.497421539203116,"Blastomere A"
"B1",0.497006617271277,"Blastomere A"
"B1",0.499983871110193,"Blastomere A"
"B1",0.496911802334282,"Blastomere A"
"B1",0.504567027901528,"Blastomere A"
"B1",0.500796629601969,"Blastomere A"
"B1",0.512764517064433,"Blastomere A"
"B1",0.498497654159373,"Blastomere A"
"B1",0.496506085311808,"Blastomere A"
"B1",0.493093369028656,"Blastomere A"
"B1",0.494897421817891,"Blastomere A"
"B1",0.491001458165916,"Blastomere A"
"B1",0.502743619852717,"Blastomere A"
"B1",0.491043169661839,"Blastomere A"
"B1",0.495679524688239,"Blastomere A"
"B1",0.498109583284019,"Blastomere A"
"B1",0.491796591687253,"Blastomere A"
"B1",0.492950154440113,"Blastomere A"
"B1",0.502061349324836,"Blastomere A"
"B1",0.496796328487662,"Blastomere A"
"B1",0.496758364129934,"Blastomere A"
"B1",0.503604954475263,"Blastomere A"
"B1",0.50178331449632,"Blastomere A"
"B1",0.496955570495044,"Blastomere A"
"B1",0.491596922606612,"Blastomere A"
"B1",0.493701979963255,"Blastomere A"
"B1",0.49989021467236,"Blastomere A"
"B1",0.502276765095374,"Blastomere A"
"B1",0.498048303572125,"Blastomere A"
"B1",0.499650862780234,"Blastomere A"
"B1",0.50457607948814,"Blastomere A"
"B1",0.497089391597989,"Blastomere A"
"B1",0.501829024878709,"Blastomere A"
"B1",0.510145105571922,"Blastomere A"
"B1",0.498994343363125,"Blastomere A"
"B1",0.503670365721437,"Blastomere A"
"B1",0.511121627347275,"Blastomere A"
"B1",0.4987229035807,"Blastomere A"
"B1",0.489840036746197,"Blastomere A"
"B1",0.5049100695758,"Blastomere A"
"B1",0.498296319368347,"Blastomere A"
"B1",0.496233485862807,"Blastomere A"
"B1",0.499398472063148,"Blastomere A"
"B1",0.498361648911889,"Blastomere A"
"B1",0.504586878341621,"Blastomere A"
"B1",0.495902715442055,"Blastomere A"
"B1",0.495629272674977,"Blastomere A"
"B1",0.512479105725097,"Blastomere A"
"B1",0.500709455573901,"Blastomere A"
"B1",0.501020314230594,"Blastomere A"
"B1",0.503489519639063,"Blastomere A"
"B1",0.499771198861579,"Blastomere A"
"B1",0.49643632878365,"Blastomere A"
"B1",0.498104549205909,"Blastomere A"
"B1",0.494706335587499,"Blastomere A"
"B1",0.487302199681517,"Blastomere A"
"B1",0.4962782145388,"Blastomere A"
"B1",0.479168701708593,"Blastomere A"
"B1",0.500317581934399,"Blastomere A"
"B1",0.493411856437826,"Blastomere A"
"B1",0.497849137637425,"Blastomere A"
"B1",0.510664419301903,"Blastomere A"
"B1",0.493929914002665,"Blastomere A"
"B1",0.504766913959481,"Blastomere A"
"B1",0.500975713895577,"Blastomere A"
"B1",0.491116489262934,"Blastomere A"
"B1",0.491742961673362,"Blastomere A"
"B1",0.491175843760818,"Blastomere A"
"B1",0.502373324030838,"Blastomere A"
"B1",0.496892425193897,"Blastomere A"
"B1",0.503473537328471,"Blastomere A"
"B1",0.503148369541672,"Blastomere A"
"B1",0.491046557214493,"Blastomere A"
"B1",0.50564936901335,"Blastomere A"
"B1",0.50685948197951,"Blastomere A"
"B1",0.499050997113232,"Blastomere A"
"B1",0.49900732590968,"Blastomere A"
"B1",0.499776859555414,"Blastomere A"
"B1",0.506240807050983,"Blastomere A"
"B1",0.493694856482078,"Blastomere A"
"B1",0.50398433335619,"Blastomere A"
"B1",0.506675821150496,"Blastomere A"
"B1",0.492322950527607,"Blastomere A"
"B1",0.50478321051073,"Blastomere A"
"B1",0.498978374201334,"Blastomere A"
"B1",0.486368671144771,"Blastomere A"
"B1",0.505116712536733,"Blastomere A"
"B1",0.503392452024699,"Blastomere A"
"B1",0.491996802515027,"Blastomere A"
"B1",0.491989112575674,"Blastomere A"
"B1",0.48921571674015,"Blastomere A"
"B1",0.489519174544982,"Blastomere A"
"B1",0.506285568893199,"Blastomere A"
"B1",0.495874910844755,"Blastomere A"
"B1",0.508087743646061,"Blastomere A"
"B1",0.494066230131943,"Blastomere A"
"B1",0.484921339977967,"Blastomere A"
"B1",0.4923821347957,"Blastomere A"
"B1",0.505172734610654,"Blastomere A"
"B1",0.498791171595257,"Blastomere A"
"B1",0.496929832321734,"Blastomere A"
"B1",0.496903349325339,"Blastomere A"
"B1",0.506693543421056,"Blastomere A"
"B1",0.510774156460546,"Blastomere A"
"B1",0.485657620349979,"Blastomere A"
"B1",0.502743854508235,"Blastomere A"
"B1",0.492012530168931,"Blastomere A"
"B1",0.498521818518388,"Blastomere A"
"B1",0.499350243683989,"Blastomere A"
"B1",0.500947282545763,"Blastomere A"
"B1",0.510524579639466,"Blastomere A"
"B1",0.491821929088504,"Blastomere A"
"B1",0.498342059692911,"Blastomere A"
"B1",0.504798507573894,"Blastomere A"
"B1",0.500639039014566,"Blastomere A"
"B1",0.493745853349674,"Blastomere A"
"B1",0.506723810634971,"Blastomere A"
"B1",0.497432154525708,"Blastomere A"
"B1",0.494291122476791,"Blastomere A"
"B1",0.503487121543313,"Blastomere A"
"B1",0.494847255758832,"Blastomere A"
"B1",0.498197994990117,"Blastomere A"
"B1",0.489549370703805,"Blastomere A"
"B1",0.510366484684427,"Blastomere A"
"B1",0.508049068250264,"Blastomere A"
"B1",0.488458137657281,"Blastomere A"
"B1",0.500720332310756,"Blastomere A"
"B1",0.498852918984589,"Blastomere A"
"B1",0.509547465275981,"Blastomere A"
"B1",0.508044642793282,"Blastomere A"
"B1",0.510066930824174,"Blastomere A"
"B1",0.498484639735393,"Blastomere A"
"B1",0.505626113659159,"Blastomere A"
"B1",0.508357332005896,"Blastomere A"
"B1",0.492974101086759,"Blastomere A"
"B1",0.487837416122092,"Blastomere A"
"B1",0.500441757090089,"Blastomere A"
"B1",0.509497022099339,"Blastomere A"
"B1",0.500603373598946,"Blastomere A"
"B1",0.490121019196024,"Blastomere A"
"B1",0.504665954890749,"Blastomere A"
"B1",0.48976782713048,"Blastomere A"
"B1",0.499464876226337,"Blastomere A"
"B1",0.498831129955709,"Blastomere A"
"B1",0.497067536236444,"Blastomere A"
"B1",0.492724610076759,"Blastomere A"
"B1",0.502767889348948,"Blastomere A"
"B1",0.493555935115745,"Blastomere A"
"B1",0.488783528732441,"Blastomere A"
"B1",0.51170489737015,"Blastomere A"
"B1",0.496805724997639,"Blastomere A"
"B1",0.49653193959353,"Blastomere A"
"B1",0.492063206374262,"Blastomere A"
"B1",0.501943963852932,"Blastomere A"
"B1",0.495611029094476,"Blastomere A"
"B1",0.49819751224525,"Blastomere A"
"B1",0.494474764351472,"Blastomere A"
"B1",0.503581424004244,"Blastomere A"
"B1",0.48950025551514,"Blastomere A"
"B1",0.503022561565625,"Blastomere A"
"B1",0.492329068881334,"Blastomere A"
"B1",0.511743415648185,"Blastomere A"
"B1",0.503625929428728,"Blastomere A"
"B1",0.492454353198685,"Blastomere A"
"B1",0.512597009615344,"Blastomere A"
"B1",0.507783609902179,"Blastomere A"
"B1",0.50431456420306,"Blastomere A"
"B1",0.49194822835905,"Blastomere A"
"B1",0.492172794068102,"Blastomere A"
"B1",0.501883235887929,"Blastomere A"
"B1",0.495578621497994,"Blastomere A"
"B1",0.495789707852345,"Blastomere A"
"B1",0.48998015824874,"Blastomere A"
"B1",0.490041070545723,"Blastomere A"
"B1",0.508281049925062,"Blastomere A"
"B1",0.49838305334378,"Blastomere A"
"B1",0.486061449835008,"Blastomere A"
"B1",0.496324867120288,"Blastomere A"
"B1",0.510429495310042,"Blastomere A"
"B1",0.497436611576041,"Blastomere A"
"B1",0.511448334772563,"Blastomere A"
"B1",0.505203905777234,"Blastomere A"
"B1",0.500840117425899,"Blastomere A"
"B1",0.501038497574907,"Blastomere A"
"B1",0.497734980771503,"Blastomere A"
"B1",0.501510816855712,"Blastomere A"
"B1",0.488067476325127,"Blastomere A"
"B1",0.494106585694176,"Blastomere A"
"B1",0.496047777487823,"Blastomere A"
"B1",0.496402675284611,"Blastomere A"
"B1",0.49614811014983,"Blastomere A"
"B1",0.494039977402162,"Blastomere A"
"B1",0.496956549418279,"Blastomere A"
"B1",0.496607458266317,"Blastomere A"
"B1",0.499464308076955,"Blastomere A"
"B1",0.503174585330728,"Blastomere A"
"B1",0.489171293009687,"Blastomere A"
"B1",0.48310515706494,"Blastomere A"
"B1",0.499223710234603,"Blastomere A"
"B1",0.497405518113237,"Blastomere A"
"B1",0.503480513564226,"Blastomere A"
"B1",0.497653835538834,"Blastomere A"
"B1",0.495724451794198,"Blastomere A"
"B1",0.508531087274456,"Blastomere A"
"B1",0.496018975371371,"Blastomere A"
"B1",0.50351926052405,"Blastomere A"
"B1",0.501521674701764,"Blastomere A"
"B1",0.498165258059685,"Blastomere A"
"B1",0.499794944268093,"Blastomere A"
"B1",0.50757693020722,"Blastomere A"
"B1",0.50201663567681,"Blastomere A"
"B1",0.493951481183292,"Blastomere A"
"B1",0.501064759429081,"Blastomere A"
"B1",0.504005597603815,"Blastomere A"
"B1",0.505321720099447,"Blastomere A"
"B1",0.500545923192093,"Blastomere A"
"B1",0.511679435518167,"Blastomere A"
"B1",0.504087167665203,"Blastomere A"
"B1",0.485839266643432,"Blastomere A"
"B1",0.493695459467999,"Blastomere A"
"B1",0.504652202781162,"Blastomere A"
"B1",0.502357015579451,"Blastomere A"
"B1",0.494379652600014,"Blastomere A"
"B1",0.507331317473375,"Blastomere A"
"B1",0.498859324270114,"Blastomere A"
"B1",0.508656205242746,"Blastomere A"
"B1",0.498357272294267,"Blastomere A"
"B1",0.499323413511228,"Blastomere A"
"B1",0.499447774144904,"Blastomere A"
"B1",0.487709376599218,"Blastomere A"
"B1",0.504988243478964,"Blastomere A"
"B1",0.498150019542797,"Blastomere A"
"B1",0.502107699228081,"Blastomere A"
"B1",0.504461220698192,"Blastomere A"
"B1",0.50279226682797,"Blastomere A"
"B1",0.500462166747968,"Blastomere A"
"B1",0.502513899666927,"Blastomere A"
"B1",0.500176521808499,"Blastomere A"
"B1",0.499952091285169,"Blastomere A"
"B1",0.481686968117073,"Blastomere A"
"B1",0.50893247231408,"Blastomere A"
"B1",0.491664910371196,"Blastomere A"
"B1",0.509960821204047,"Blastomere A"
"B1",0.504352196213482,"Blastomere A"
"B1",0.49591232811285,"Blastomere A"
"B1",0.503976567116113,"Blastomere A"
"B1",0.498155826001644,"Blastomere A"
"B1",0.505262706084917,"Blastomere A"
"B1",0.482358074494585,"Blastomere A"
"B1",0.496823817244,"Blastomere A"
"B1",0.496635306134388,"Blastomere A"
"B1",0.507097884049659,"Blastomere A"
"B1",0.503484904439202,"Blastomere A"
"B1",0.501266313778895,"Blastomere A"
"B1",0.493151784830981,"Blastomere A"
"B1",0.505011810014224,"Blastomere A"
"B1",0.494117806780379,"Blastomere A"
"B1",0.495325539206677,"Blastomere A"
"B1",0.505260015735225,"Blastomere A"
"B1",0.492570343522135,"Blastomere A"
"B1",0.499143261069968,"Blastomere A"
"B1",0.496894755300695,"Blastomere A"
"B1",0.485423494130415,"Blastomere A"
"B1",0.512224508064159,"Blastomere A"
"B1",0.493805258078686,"Blastomere A"
"B1",0.500739345438469,"Blastomere A"
"B1",0.495707399249011,"Blastomere A"
"B1",0.498968694517001,"Blastomere A"
"B1",0.487162568132808,"Blastomere A"
"B1",0.49142911151376,"Blastomere A"
"B1",0.501206424034436,"Blastomere A"
"B1",0.505688183570414,"Blastomere A"
"B1",0.489211835831807,"Blastomere A"
"B1",0.49399276542204,"Blastomere A"
"B1",0.503236652048868,"Blastomere A"
"B1",0.482051301949289,"Blastomere A"
"B1",0.506319752404421,"Blastomere A"
"B1",0.505718382951484,"Blastomere A"
"B1",0.493682077128037,"Blastomere A"
"B1",0.500966652493433,"Blastomere A"
"B1",0.485798229069408,"Blastomere A"
"B1",0.505697754294718,"Blastomere A"
"B1",0.50992295553547,"Blastomere A"
"B1",0.49160535637451,"Blastomere A"
"B1",0.504119613954338,"Blastomere A"
"B1",0.496603387435662,"Blastomere A"
"B1",0.48572508691006,"Blastomere A"
"B1",0.493795094651631,"Blastomere A"
"B1",0.503156936143482,"Blastomere A"
"B1",0.498306112721886,"Blastomere A"
"B1",0.509988825170537,"Blastomere A"
"B1",0.505776862851159,"Blastomere A"
"B1",0.495092770286341,"Blastomere A"
"B1",0.490903114840395,"Blastomere A"
"B1",0.502680458552153,"Blastomere A"
"B1",0.499658354995828,"Blastomere A"
"B1",0.497016832875933,"Blastomere A"
"B1",0.503201028644751,"Blastomere A"
"B1",0.497885107282958,"Blastomere A"
"B1",0.491637204858869,"Blastomere A"
"B1",0.487236144402053,"Blastomere A"
"B1",0.512874372300316,"Blastomere A"
"B1",0.4979193577933,"Blastomere A"
"B1",0.49806113586843,"Blastomere A"
"B1",0.490078584282898,"Blastomere A"
"B1",0.501871165208148,"Blastomere A"
"B1",0.501425596950797,"Blastomere A"
"B1",0.498354552604048,"Blastomere A"
"B1",0.496949527475304,"Blastomere A"
"B1",0.509969549398779,"Blastomere A"
"B1",0.494429799596773,"Blastomere A"
"B1",0.509193238599447,"Blastomere A"
"B1",0.489132631738993,"Blastomere A"
"B1",0.492712355175209,"Blastomere A"
"B1",0.498038927307514,"Blastomere A"
"B1",0.504950550038729,"Blastomere A"
"B1",0.486465187159612,"Blastomere A"
"B1",0.495420886740147,"Blastomere A"
"B1",0.508530161438836,"Blastomere A"
"B1",0.497333964810547,"Blastomere A"
"B1",0.502006706666888,"Blastomere A"
"B1",0.49673829448561,"Blastomere A"
"B1",0.50768019273561,"Blastomere A"
"B1",0.503341004935394,"Blastomere A"
"B1",0.497847009632258,"Blastomere A"
"B1",0.497988925113995,"Blastomere A"
"B1",0.497577907954078,"Blastomere A"
"B1",0.49992453426106,"Blastomere A"
"B1",0.501749864747703,"Blastomere A"
"B1",0.495824713199651,"Blastomere A"
"B1",0.49290120983498,"Blastomere A"
"B1",0.49645620958618,"Blastomere A"
"B1",0.499386655397302,"Blastomere A"
"B1",0.493086694679202,"Blastomere A"
"B1",0.496174644532791,"Blastomere A"
"B1",0.495436317889796,"Blastomere A"
"B1",0.488810789182946,"Blastomere A"
"B1",0.493034083307076,"Blastomere A"
"B1",0.505767129158288,"Blastomere A"
"B1",0.495376568332092,"Blastomere A"
"B1",0.502621406959477,"Blastomere A"
"B1",0.486678096552089,"Blastomere A"
"B1",0.508159152224829,"Blastomere A"
"B1",0.506972641171489,"Blastomere A"
"B1",0.494372754268528,"Blastomere A"
"B1",0.488924871871541,"Blastomere A"
"B1",0.496722727164358,"Blastomere A"
"B1",0.505639943385343,"Blastomere A"
"B1",0.506109093578376,"Blastomere A"
"B1",0.5018396078546,"Blastomere A"
"B1",0.497496938186331,"Blastomere A"
"B1",0.492907173425355,"Blastomere A"
"B1",0.490284946060869,"Blastomere A"
"B1",0.488071079848256,"Blastomere A"
"B1",0.50113105523246,"Blastomere A"
"B1",0.509150962941789,"Blastomere A"
"B1",0.495496067805857,"Blastomere A"
"B1",0.489196307754825,"Blastomere A"
"B1",0.502642841023464,"Blastomere A"
"B1",0.49823928071283,"Blastomere A"
"B1",0.506723833041155,"Blastomere A"
"B1",0.498757519967893,"Blastomere A"
"B1",0.500524338498794,"Blastomere A"
"B1",0.501033261295975,"Blastomere A"
"B1",0.488811277679102,"Blastomere A"
"B1",0.499453899169146,"Blastomere A"
"B1",0.498514602187839,"Blastomere A"
"B1",0.508169519260689,"Blastomere A"
"B1",0.493010319443712,"Blastomere A"
"B1",0.49576481374976,"Blastomere A"
"B1",0.503047991209385,"Blastomere A"
"B1",0.509410596631607,"Blastomere A"
"B1",0.508943703154408,"Blastomere A"
"B1",0.501436364245285,"Blastomere A"
"B1",0.497333808814818,"Blastomere A"
"B1",0.505503942037054,"Blastomere A"
"B1",0.493539054322751,"Blastomere A"
"B1",0.499296626786672,"Blastomere A"
"B1",0.497820364204606,"Blastomere A"
"B1",0.493800429482941,"Blastomere A"
"B1",0.498337551658547,"Blastomere A"
"B1",0.508203658926778,"Blastomere A"
"B1",0.509608971708987,"Blastomere A"
"B1",0.503426691547398,"Blastomere A"
"B1",0.506010005472246,"Blastomere A"
"B1",0.50175308162952,"Blastomere A"
"B1",0.489208467527359,"Blastomere A"
"B1",0.502553332732855,"Blastomere A"
"B1",0.498457152507686,"Blastomere A"
"B1",0.490214529760235,"Blastomere A"
"B1",0.50096884491652,"Blastomere A"
"B1",0.475452624019599,"Blastomere A"
"B1",0.496441914395299,"Blastomere A"
"B1",0.490597555389038,"Blastomere A"
"B1",0.497652081081057,"Blastomere A"
"B1",0.496940287316604,"Blastomere A"
"B1",0.499365730556057,"Blastomere A"
"B1",0.4985826862637,"Blastomere A"
"B1",0.499146334220233,"Blastomere A"
"B1",0.503660404718018,"Blastomere A"
"B1",0.494782809991347,"Blastomere A"
"B1",0.496216524899442,"Blastomere A"
"B1",0.50752465958469,"Blastomere A"
"B1",0.500510865335933,"Blastomere A"
"B1",0.502387542035841,"Blastomere A"
"B1",0.504903150205135,"Blastomere A"
"B1",0.503785539749996,"Blastomere A"
"B1",0.50309972074943,"Blastomere A"
"B1",0.492321423378603,"Blastomere A"
"B1",0.494092729920909,"Blastomere A"
"B1",0.491859119923388,"Blastomere A"
"B1",0.497961848683533,"Blastomere A"
"B1",0.494473682811836,"Blastomere A"
"B1",0.494845918530722,"Blastomere A"
"B1",0.507086257116643,"Blastomere A"
"B1",0.495988687618453,"Blastomere A"
"B1",0.496628234185505,"Blastomere A"
"B1",0.496400402920043,"Blastomere A"
"B1",0.497532368340274,"Blastomere A"
"B1",0.49696706677862,"Blastomere A"
"B1",0.505657084448467,"Blastomere A"
"B1",0.497541574343699,"Blastomere A"
"B1",0.492187834713178,"Blastomere A"
"B1",0.495728579252103,"Blastomere A"
"B1",0.499901196887178,"Blastomere A"
"B1",0.492632685437595,"Blastomere A"
"B1",0.493966297257112,"Blastomere A"
"B1",0.494819413924853,"Blastomere A"
"B1",0.505604976411184,"Blastomere A"
"B1",0.505113374079718,"Blastomere A"
"B1",0.505832985527033,"Blastomere A"
"B1",0.497137787764624,"Blastomere A"
"B1",0.499987576586997,"Blastomere A"
"B1",0.501064083979565,"Blastomere A"
"B1",0.49251212547691,"Blastomere A"
"B1",0.491306288681576,"Blastomere A"
"B1",0.501809536420767,"Blastomere A"
"B1",0.504414991032171,"Blastomere A"
"B1",0.488014289615867,"Blastomere A"
"B1",0.495546099955334,"Blastomere A"
"B1",0.498345422007583,"Blastomere A"
"B1",0.495191147760349,"Blastomere A"
"B1",0.495251895802884,"Blastomere A"
"B1",0.510015612924818,"Blastomere A"
"B1",0.50621860813501,"Blastomere A"
"B1",0.49219406340546,"Blastomere A"
"B1",0.50037278958298,"Blastomere A"
"B1",0.494397090492065,"Blastomere A"
"B1",0.503837077625571,"Blastomere A"
"B1",0.491872706954018,"Blastomere A"
"B1",0.501508025744006,"Blastomere A"
"B1",0.502525920997817,"Blastomere A"
"B1",0.504858046934341,"Blastomere A"
"B1",0.497235059845065,"Blastomere A"
"B1",0.499849397916218,"Blastomere A"
"B1",0.508332852777894,"Blastomere A"
"B1",0.494003810677883,"Blastomere A"
"B1",0.504157517587977,"Blastomere A"
"B1",0.50500513751955,"Blastomere A"
"B1",0.48724089492717,"Blastomere A"
"B1",0.482176143012149,"Blastomere A"
"B1",0.496431232699665,"Blastomere A"
"B1",0.496049013541537,"Blastomere A"
"B1",0.494350151694595,"Blastomere A"
"B1",0.499698625842885,"Blastomere A"
"B1",0.506557827389331,"Blastomere A"
"B1",0.498084803793654,"Blastomere A"
"B1",0.506520210996355,"Blastomere A"
"B1",0.501161830506375,"Blastomere A"
"B1",0.495675547292265,"Blastomere A"
"B1",0.50325700990838,"Blastomere A"
"B1",0.493683399661166,"Blastomere A"
"B1",0.498243282264657,"Blastomere A"
"B1",0.495586026188712,"Blastomere A"
"B1",0.50170063071399,"Blastomere A"
"B1",0.497415178693427,"Blastomere A"
"B1",0.50791728725896,"Blastomere A"
"B1",0.493289546140023,"Blastomere A"
"B1",0.495044298523232,"Blastomere A"
"B1",0.492265204972047,"Blastomere A"
"B1",0.492407317369044,"Blastomere A"
"B1",0.507234900389195,"Blastomere A"
"B1",0.497179356925014,"Blastomere A"
"B1",0.508026359690196,"Blastomere A"
"B1",0.499599772890027,"Blastomere A"
"B1",0.4929708390606,"Blastomere A"
"B1",0.484360750060236,"Blastomere A"
"B1",0.501062057564443,"Blastomere A"
"B1",0.503564073608856,"Blastomere A"
"B1",0.486683406805246,"Blastomere A"
"B1",0.49655125806974,"Blastomere A"
"B1",0.500454397387726,"Blastomere A"
"B1",0.489242478773988,"Blastomere A"
"B1",0.503778092199633,"Blastomere A"
"B1",0.493060856289805,"Blastomere A"
"B1",0.500090760126619,"Blastomere A"
"B1",0.502371623519582,"Blastomere A"
"B1",0.506135013045187,"Blastomere A"
"B1",0.511951733059136,"Blastomere A"
"B1",0.493300695590848,"Blastomere A"
"B1",0.501990796906821,"Blastomere A"
"B1",0.503331462347429,"Blastomere A"
"B1",0.500294082367614,"Blastomere A"
"B1",0.484794734579962,"Blastomere A"
"B1",0.505487954949268,"Blastomere A"
"B1",0.483657892824615,"Blastomere A"
"B1",0.496994473978063,"Blastomere A"
"B1",0.495890564156775,"Blastomere A"
"B1",0.507476592904614,"Blastomere A"
"B1",0.490455416520319,"Blastomere A"
"B1",0.497695228973898,"Blastomere A"
"B1",0.498892432915494,"Blastomere A"
"B1",0.492211070000717,"Blastomere A"
"B1",0.505154019951184,"Blastomere A"
"B1",0.493735858755466,"Blastomere A"
"B1",0.49331624504762,"Blastomere A"
"B1",0.496032951046733,"Blastomere A"
"B1",0.497832638871543,"Blastomere A"
"B1",0.505654657695371,"Blastomere A"
"B1",0.500094383127208,"Blastomere A"
"B1",0.486276914988944,"Blastomere A"
"B1",0.497083182876615,"Blastomere A"
"B1",0.508060288844735,"Blastomere A"
"B1",0.500365453054425,"Blastomere A"
"B1",0.497739442155246,"Blastomere A"
"B1",0.499475329261618,"Blastomere A"
"B1",0.507349312941203,"Blastomere A"
"B1",0.506046104274045,"Blastomere A"
"B1",0.490627937963508,"Blastomere A"
"B1",0.523405098149365,"Blastomere A"
"B1",0.492734633199065,"Blastomere A"
"B1",0.496136240536686,"Blastomere A"
"B1",0.500051540948814,"Blastomere A"
"B1",0.493218209848641,"Blastomere A"
"B1",0.499215209864721,"Blastomere A"
"B1",0.504852758038776,"Blastomere A"
"B1",0.48858705482992,"Blastomere A"
"B1",0.506488800162252,"Blastomere A"
"B1",0.47928137807854,"Blastomere A"
"B1",0.502581072193726,"Blastomere A"
"B1",0.500282059822167,"Blastomere A"
"B1",0.480988430652521,"Blastomere A"
"B1",0.498852504228801,"Blastomere A"
"B1",0.510963860806468,"Blastomere A"
"B1",0.50058341775711,"Blastomere A"
"B1",0.497698328768019,"Blastomere A"
"B1",0.490007921658265,"Blastomere A"
"B1",0.504789794675823,"Blastomere A"
"B1",0.513184101432717,"Blastomere A"
"B1",0.506404952550884,"Blastomere A"
"B1",0.492471602358124,"Blastomere A"
"B1",0.489863013542144,"Blastomere A"
"B1",0.493358584072281,"Blastomere A"
"B1",0.497454200213523,"Blastomere A"
"B1",0.497628342070681,"Blastomere A"
"B1",0.500332995647767,"Blastomere A"
"B1",0.505154760790432,"Blastomere A"
"B1",0.498632639508953,"Blastomere A"
"B1",0.494648090087678,"Blastomere A"
"B1",0.491900456776059,"Blastomere A"
"B1",0.495390414713257,"Blastomere A"
"B1",0.497935971828753,"Blastomere A"
"B1",0.496798504650758,"Blastomere A"
"B1",0.496433979111309,"Blastomere A"
"B1",0.505415054883288,"Blastomere A"
"B1",0.499232984149893,"Blastomere A"
"B1",0.503792506250822,"Blastomere A"
"B1",0.493911484919244,"Blastomere A"
"B1",0.504468345568724,"Blastomere A"
"B1",0.498413014172204,"Blastomere A"
"B1",0.504302699351579,"Blastomere A"
"B1",0.490759013162481,"Blastomere A"
"B1",0.497279617781627,"Blastomere A"
"B1",0.49773101011252,"Blastomere A"
"B1",0.507511666994398,"Blastomere A"
"B1",0.495619796604444,"Blastomere A"
"B1",0.488282953001919,"Blastomere A"
"B1",0.497295386252223,"Blastomere A"
"B1",0.509966875544999,"Blastomere A"
"B1",0.500932514307096,"Blastomere A"
"B1",0.502621593825434,"Blastomere A"
"B1",0.500527481806601,"Blastomere A"
"B1",0.497365789078684,"Blastomere A"
"B1",0.494130848369735,"Blastomere A"
"B1",0.479004463043382,"Blastomere A"
"B1",0.505390988227681,"Blastomere A"
"B1",0.491537821359367,"Blastomere A"
"B1",0.506642295938799,"Blastomere A"
"B1",0.499162982504743,"Blastomere A"
"B1",0.499351787083518,"Blastomere A"
"B1",0.502827191773109,"Blastomere A"
"B1",0.508198077259855,"Blastomere A"
"B1",0.51176980096349,"Blastomere A"
"B1",0.494806240984474,"Blastomere A"
"B1",0.493340824283892,"Blastomere A"
"B1",0.51682022321719,"Blastomere A"
"B1",0.495802259311634,"Blastomere A"
"B1",0.502316517162469,"Blastomere A"
"B1",0.501620040783678,"Blastomere A"
"B1",0.501202118924425,"Blastomere A"
"B1",0.498536399224516,"Blastomere A"
"B1",0.49892307720144,"Blastomere A"
"B1",0.487468027000822,"Blastomere A"
"B1",0.506374363889546,"Blastomere A"
"B1",0.498392859067407,"Blastomere A"
"B1",0.496302945256291,"Blastomere A"
"B1",0.49885295610164,"Blastomere A"
"B1",0.503065899782104,"Blastomere A"
"B1",0.49920772480511,"Blastomere A"
"B1",0.497546777487242,"Blastomere A"
"B1",0.506168748577147,"Blastomere A"
"B1",0.497722361565977,"Blastomere A"
"B1",0.492732390904207,"Blastomere A"
"B1",0.503092517760262,"Blastomere A"
"B1",0.495334049904086,"Blastomere A"
"B1",0.496026458503198,"Blastomere A"
"B1",0.501598376626268,"Blastomere A"
"B1",0.497142628871965,"Blastomere A"
"B1",0.502536842396232,"Blastomere A"
"B1",0.497336517667342,"Blastomere A"
"B1",0.494866722561376,"Blastomere A"
"B1",0.500865475497815,"Blastomere A"
"B1",0.501833424027387,"Blastomere A"
"B1",0.490761331807934,"Blastomere A"
"B1",0.501839928266315,"Blastomere A"
"B1",0.502193444907336,"Blastomere A"
"B1",0.496588835667873,"Blastomere A"
"B1",0.495050810685122,"Blastomere A"
"B1",0.498993136498843,"Blastomere A"
"B1",0.501939318997069,"Blastomere A"
"B1",0.500484482789018,"Blastomere A"
"B1",0.494790038268498,"Blastomere A"
"B1",0.501942823786645,"Blastomere A"
"B1",0.504883287440363,"Blastomere A"
"B1",0.498407038844182,"Blastomere A"
"B1",0.494187674425927,"Blastomere A"
"B1",0.491541817273725,"Blastomere A"
"B1",0.50043209192639,"Blastomere A"
"B1",0.492701609693097,"Blastomere A"
"B1",0.497879224912686,"Blastomere A"
"B1",0.510569636300904,"Blastomere A"
"B1",0.502300527639418,"Blastomere A"
"B1",0.504379486699415,"Blastomere A"
"B1",0.490978908300034,"Blastomere A"
"B1",0.489037501682535,"Blastomere A"
"B1",0.504887930834666,"Blastomere A"
"B1",0.505888737264525,"Blastomere A"
"B1",0.506543313128148,"Blastomere A"
"B1",0.483743038528182,"Blastomere A"
"B1",0.499574255690366,"Blastomere A"
"B1",0.501766850738176,"Blastomere A"
"B1",0.492786120868805,"Blastomere A"
"B1",0.495268072117612,"Blastomere A"
"B1",0.496006401425481,"Blastomere A"
"B1",0.50075989665067,"Blastomere A"
"B1",0.489046044730107,"Blastomere A"
"B1",0.49186352321079,"Blastomere A"
"B1",0.504405032394396,"Blastomere A"
"B1",0.494214000849271,"Blastomere A"
"B1",0.490389602313947,"Blastomere A"
"B1",0.496109022742827,"Blastomere A"
"B1",0.491652995140384,"Blastomere A"
"B1",0.493097473467529,"Blastomere A"
"B1",0.497824626027364,"Blastomere A"
"B1",0.49173097984285,"Blastomere A"
"B1",0.49165572329186,"Blastomere A"
"B1",0.501844056532001,"Blastomere A"
"B1",0.5022162583957,"Blastomere A"
"B1",0.512205582146548,"Blastomere A"
"B1",0.505672584023902,"Blastomere A"
"B1",0.495429929119317,"Blastomere A"
"B1",0.50015589523413,"Blastomere A"
"B1",0.505880258473505,"Blastomere A"
"B1",0.505038104386456,"Blastomere A"
"B1",0.493254693940056,"Blastomere A"
"B1",0.498606823103396,"Blastomere A"
"B1",0.499899810101683,"Blastomere A"
"B1",0.504423104254548,"Blastomere A"
"B1",0.507434874840029,"Blastomere A"
"B1",0.493626364356505,"Blastomere A"
"B1",0.492744121269084,"Blastomere A"
"B1",0.493431868329998,"Blastomere A"
"B1",0.499512440149757,"Blastomere A"
"B1",0.502969006749812,"Blastomere A"
"B1",0.504943977301986,"Blastomere A"
"B1",0.50671999227578,"Blastomere A"
"B1",0.500476752316955,"Blastomere A"
"B1",0.503615955603874,"Blastomere A"
"B1",0.501540318078571,"Blastomere A"
"B1",0.490749162252619,"Blastomere A"
"B1",0.490915934151195,"Blastomere A"
"B1",0.500485099005364,"Blastomere A"
"B1",0.491353678453503,"Blastomere A"
"B1",0.487612772539262,"Blastomere A"
"B1",0.50583976217595,"Blastomere A"
"B1",0.496763690099906,"Blastomere A"
"B1",0.505374119675853,"Blastomere A"
"B1",0.498950935943774,"Blastomere A"
"B1",0.505866062472984,"Blastomere A"
"B1",0.50122327052878,"Blastomere A"
"B1",0.502465575121628,"Blastomere A"
"B1",0.48947431830854,"Blastomere A"
"B1",0.493991228522835,"Blastomere A"
"B1",0.492680571104785,"Blastomere A"
"B1",0.483134385904748,"Blastomere A"
"B1",0.505267783533106,"Blastomere A"
"B1",0.502570426288605,"Blastomere A"
"B1",0.498939635747534,"Blastomere A"
"B1",0.495688057353761,"Blastomere A"
"B1",0.505113702776485,"Blastomere A"
"B1",0.493426359513491,"Blastomere A"
"B1",0.500314265535042,"Blastomere A"
"B1",0.491448505518234,"Blastomere A"
"B1",0.500653634745208,"Blastomere A"
"B1",0.500815816675985,"Blastomere A"
"B1",0.504091163085283,"Blastomere A"
"B1",0.493933358645487,"Blastomere A"
"B1",0.499065481889144,"Blastomere A"
"B1",0.512751782070934,"Blastomere A"
"B1",0.504799891109574,"Blastomere A"
"B1",0.495776978895759,"Blastomere A"
"B1",0.506295674500904,"Blastomere A"
"B1",0.498187666283597,"Blastomere A"
"B1",0.492186449461694,"Blastomere A"
"B1",0.499564957325269,"Blastomere A"
"B1",0.502199675414375,"Blastomere A"
"B1",0.492752441799035,"Blastomere A"
"B1",0.490892390819158,"Blastomere A"
"B1",0.491831818645129,"Blastomere A"
"B1",0.500796860028651,"Blastomere A"
"B1",0.493104149793097,"Blastomere A"
"B1",0.504660728108846,"Blastomere A"
"B1",0.503076593206856,"Blastomere A"
"B1",0.50384692910738,"Blastomere A"
"B1",0.503454963900087,"Blastomere A"
"B1",0.497752587992184,"Blastomere A"
"B1",0.509597190320283,"Blastomere A"
"B1",0.495533481681551,"Blastomere A"
"B1",0.48905395977006,"Blastomere A"
"B1",0.505633057110322,"Blastomere A"
"B1",0.507858771452985,"Blastomere A"
"B1",0.499307453003005,"Blastomere A"
"B1",0.500068894006051,"Blastomere A"
"B1",0.498871872751779,"Blastomere A"
"B1",0.511513246461161,"Blastomere A"
"B1",0.499089724117584,"Blastomere A"
"B1",0.507315822463051,"Blastomere A"
"B1",0.496560488429313,"Blastomere A"
"B1",0.506627032562319,"Blastomere A"
"B1",0.504187417222148,"Blastomere A"
"B1",0.492548114551393,"Blastomere A"
"B1",0.498868844771671,"Blastomere A"
"B1",0.497309349278885,"Blastomere A"
"B1",0.50531031864578,"Blastomere A"
"B1",0.488973478007859,"Blastomere A"
"B1",0.51751885371044,"Blastomere A"
"B1",0.503846391077915,"Blastomere A"
"B1",0.500847768338984,"Blastomere A"
"B1",0.48860846273801,"Blastomere A"
"B1",0.50469247344412,"Blastomere A"
"B1",0.495694868156517,"Blastomere A"
"B1",0.499403849084032,"Blastomere A"
"B1",0.500017967377667,"Blastomere A"
"B1",0.497332396915244,"Blastomere A"
"B1",0.492242296528765,"Blastomere A"
"B1",0.502650065935097,"Blastomere A"
"B1",0.50506452954185,"Blastomere A"
"B1",0.50029847842792,"Blastomere A"
"B1",0.493542082100262,"Blastomere A"
"B1",0.505940455008004,"Blastomere A"
"B1",0.499137918710183,"Blastomere A"
"B1",0.497486035128737,"Blastomere A"
"B1",0.485197713658249,"Blastomere A"
"B1",0.501244903205942,"Blastomere A"
"B1",0.495443683492157,"Blastomere A"
"B1",0.493725966568964,"Blastomere A"
"B1",0.499630859456055,"Blastomere A"
"B1",0.499353910302615,"Blastomere A"
"B1",0.495773277693072,"Blastomere A"
"B1",0.494186732475704,"Blastomere A"
"B1",0.501714110444158,"Blastomere A"
"B1",0.49978140756645,"Blastomere A"
"B1",0.494672729422875,"Blastomere A"
"B1",0.496929221491177,"Blastomere A"
"B1",0.489622021911765,"Blastomere A"
"B1",0.508973763397125,"Blastomere A"
"B1",0.508070237790177,"Blastomere A"
"B1",0.495035295170522,"Blastomere A"
"B1",0.504130552358324,"Blastomere A"
"B1",0.490062375669773,"Blastomere A"
"B1",0.498734586184343,"Blastomere A"
"B1",0.499240220201836,"Blastomere A"
"B1",0.501601061973146,"Blastomere A"
"B1",0.505754639941033,"Blastomere A"
"B1",0.489585104203565,"Blastomere A"
"B1",0.502160580795313,"Blastomere A"
"B1",0.497311903624687,"Blastomere A"
"B1",0.49457873477549,"Blastomere A"
"B1",0.491351933840341,"Blastomere A"
"B1",0.505961549831158,"Blastomere A"
"B1",0.49621065532241,"Blastomere A"
"B1",0.498478331106613,"Blastomere A"
"B1",0.503938276800913,"Blastomere A"
"B1",0.492550109731012,"Blastomere A"
"B1",0.498910127370034,"Blastomere A"
"B1",0.501768261582043,"Blastomere A"
"B1",0.502025406934752,"Blastomere A"
"B1",0.493300261420478,"Blastomere A"
"B1",0.498445330426878,"Blastomere A"
"B1",0.495109467462173,"Blastomere A"
"B1",0.493693429189813,"Blastomere A"
"B1",0.497529885299536,"Blastomere A"
"B1",0.500375860221281,"Blastomere A"
"B1",0.49111823745558,"Blastomere A"
"B1",0.503482708169389,"Blastomere A"
"B1",0.501954755248952,"Blastomere A"
"B1",0.498335920463498,"Blastomere A"
"B1",0.501999210357223,"Blastomere A"
"B1",0.503983806688102,"Blastomere A"
"B1",0.495549653689395,"Blastomere A"
"B1",0.50231857187682,"Blastomere A"
"B1",0.49589647289147,"Blastomere A"
"B1",0.496420394812484,"Blastomere A"
"B1",0.498933883738569,"Blastomere A"
"B1",0.488748880654412,"Blastomere A"
"B1",0.484416101040692,"Blastomere A"
"B1",0.493756423834721,"Blastomere A"
"B1",0.499128072079942,"Blastomere A"
"B1",0.500184947291143,"Blastomere A"
"B1",0.495071266679217,"Blastomere A"
"B1",0.489101919881543,"Blastomere A"
"B1",0.501832061597156,"Blastomere A"
"B1",0.513225198897938,"Blastomere A"
"B1",0.500144132144038,"Blastomere A"
"B1",0.499957200675069,"Blastomere A"
"B1",0.507167973573693,"Blastomere A"
"B1",0.488075825829681,"Blastomere A"
"B1",0.487521934270831,"Blastomere A"
"B1",0.508599657098608,"Blastomere A"
"B1",0.484792959650558,"Blastomere A"
"B1",0.489891521765355,"Blastomere A"
"B1",0.503080340859756,"Blastomere A"
"B1",0.488542869852915,"Blastomere A"
"B1",0.494258955767913,"Blastomere A"
"B1",0.496158137138807,"Blastomere A"
"B1",0.496695323067932,"Blastomere A"
"B1",0.499619846207217,"Blastomere A"
"B1",0.482677373036809,"Blastomere A"
"B1",0.502773863477472,"Blastomere A"
"B1",0.49710348530681,"Blastomere A"
"B1",0.501135043417536,"Blastomere A"
"B1",0.491032896910788,"Blastomere A"
"B1",0.511817721835944,"Blastomere A"
"B1",0.495457450052181,"Blastomere A"
"B1",0.48848433075945,"Blastomere A"
"B1",0.494678157526444,"Blastomere A"
"B1",0.485716155072727,"Blastomere A"
"B1",0.513740992116575,"Blastomere A"
"B1",0.505095381652868,"Blastomere A"
"B1",0.50508730411417,"Blastomere A"
"B1",0.499208582472107,"Blastomere A"
"B1",0.495588670125565,"Blastomere A"
"B1",0.50309949276362,"Blastomere A"
"B1",0.508075071599161,"Blastomere A"
"B1",0.496635357569001,"Blastomere A"
"B1",0.501809201548666,"Blastomere A"
"B1",0.499788721247522,"Blastomere A"
"B1",0.496647964736804,"Blastomere A"
"B1",0.502348457054463,"Blastomere A"
"B1",0.491518003609239,"Blastomere A"
"B1",0.500496275617786,"Blastomere A"
"B1",0.487430224808728,"Blastomere A"
"B1",0.501942872759696,"Blastomere A"
"B1",0.491418943709663,"Blastomere A"
"B1",0.503665721827451,"Blastomere A"
"B1",0.49819534043293,"Blastomere A"
"B1",0.494542474103851,"Blastomere A"
"B1",0.497335388768206,"Blastomere A"
"B1",0.492384314684494,"Blastomere A"
"B1",0.503122725591449,"Blastomere A"
"B1",0.500603860100504,"Blastomere A"
"B1",0.493617565971983,"Blastomere A"
"B1",0.500469642287248,"Blastomere A"
"B1",0.498667656520199,"Blastomere A"
"B1",0.50739612949306,"Blastomere A"
"B1",0.50442265255958,"Blastomere A"
"B1",0.500427888090062,"Blastomere A"
"B1",0.504177950496032,"Blastomere A"
"B1",0.495254777560941,"Blastomere A"
"B1",0.498498120296721,"Blastomere A"
"B1",0.497783225727747,"Blastomere A"
"B1",0.502557114521475,"Blastomere A"
"B1",0.514171647486277,"Blastomere A"
"B1",0.507685308122788,"Blastomere A"
"B1",0.506193365000456,"Blastomere A"
"B1",0.498655998608364,"Blastomere A"
"B1",0.494069501899406,"Blastomere A"
"B1",0.493815832526908,"Blastomere A"
"B1",0.496938496482998,"Blastomere A"
"B1",0.499963381019118,"Blastomere A"
"B1",0.498079884900775,"Blastomere A"
"B1",0.493485101782752,"Blastomere A"
"B1",0.507171918572351,"Blastomere A"
"B1",0.502742604427548,"Blastomere A"
"B1",0.501482876780002,"Blastomere A"
"B1",0.506732314648999,"Blastomere A"
"B1",0.492313439348936,"Blastomere A"
"B1",0.484162199528911,"Blastomere A"
"B1",0.507968768722415,"Blastomere A"
"B1",0.50166665474494,"Blastomere A"
"B1",0.496685135827289,"Blastomere A"
"B1",0.494125722519664,"Blastomere A"
"B1",0.488099349888113,"Blastomere A"
"B1",0.49924882372049,"Blastomere A"
"B1",0.506641480190858,"Blastomere A"
"B1",0.500000490732762,"Blastomere A"
"B1",0.494455594560184,"Blastomere A"
"B1",0.500327727963935,"Blastomere A"
"B1",0.496622168745932,"Blastomere A"
"B1",0.49653375217528,"Blastomere A"
"B1",0.504656544990659,"Blastomere A"
"B1",0.506033424514969,"Blastomere A"
"B1",0.497496343394306,"Blastomere A"
"B1",0.489795529144726,"Blastomere A"
"B1",0.495061769623421,"Blastomere A"
"B1",0.490191493783774,"Blastomere A"
"B1",0.491046264540362,"Blastomere A"
"B1",0.493031779053428,"Blastomere A"
"B1",0.50485690723929,"Blastomere A"
"B1",0.488074969714753,"Blastomere A"
"B1",0.495348032479882,"Blastomere A"
"B1",0.498031390103955,"Blastomere A"
"B1",0.499680536468471,"Blastomere A"
"B1",0.499512694281866,"Blastomere A"
"B1",0.499416109715128,"Blastomere A"
"B1",0.497326902277636,"Blastomere A"
"B1",0.486084596925216,"Blastomere A"
"B1",0.505859726373692,"Blastomere A"
"B1",0.495202452017137,"Blastomere A"
"B1",0.496719880189569,"Blastomere A"
"B1",0.502017832962423,"Blastomere A"
"B1",0.496175774383726,"Blastomere A"
"B1",0.485573232840328,"Blastomere A"
"B1",0.483534694599143,"Blastomere A"
"B1",0.500555872220084,"Blastomere A"
"B1",0.502565816110307,"Blastomere A"
"B1",0.500391996116676,"Blastomere A"
"B1",0.495143726549664,"Blastomere A"
"B1",0.499285127383715,"Blastomere A"
"B1",0.49501000824629,"Blastomere A"
"B1",0.510960214699263,"Blastomere A"
"B1",0.509235906485123,"Blastomere A"
"B1",0.491790829249793,"Blastomere A"
"B1",0.500638745234064,"Blastomere A"
"B1",0.496355630810461,"Blastomere A"
"B1",0.497330480884318,"Blastomere A"
"B1",0.492471438664383,"Blastomere A"
"B1",0.496750081856919,"Blastomere A"
"B1",0.505935143414289,"Blastomere A"
"B1",0.489747405113041,"Blastomere A"
"B1",0.493331099859653,"Blastomere A"
"B1",0.501043822957175,"Blastomere A"
"B1",0.510715290340811,"Blastomere A"
"B1",0.491740223946335,"Blastomere A"
"B1",0.510975690169043,"Blastomere A"
"B1",0.502954352300965,"Blastomere A"
"B1",0.503368521140388,"Blastomere A"
"B1",0.504178644820211,"Blastomere A"
"B1",0.50678638497849,"Blastomere A"
"B1",0.500827555951589,"Blastomere A"
"B1",0.494084011819447,"Blastomere A"
"B1",0.49428236497561,"Blastomere A"
"B1",0.498318037479961,"Blastomere A"
"B1",0.499350527486108,"Blastomere A"
"B1",0.491949145482165,"Blastomere A"
"B1",0.499509076027673,"Blastomere A"
"B1",0.501654655142029,"Blastomere A"
"B1",0.493808716885846,"Blastomere A"
"B1",0.51656810467356,"Blastomere A"
"B1",0.499910041171751,"Blastomere A"
"B1",0.503904514113599,"Blastomere A"
"B1",0.497227541342622,"Blastomere A"
"B1",0.503236448564677,"Blastomere A"
"B1",0.494506410861511,"Blastomere A"
"B1",0.497450472325074,"Blastomere A"
"B1",0.49623128588877,"Blastomere A"
"B1",0.4992478566219,"Blastomere A"
"B1",0.506095264974179,"Blastomere A"
"B1",0.495342652579579,"Blastomere A"
"B1",0.493879727488958,"Blastomere A"
"B1",0.498421164021164,"Blastomere A"
"B1",0.488753446456704,"Blastomere A"
"B1",0.50851751042498,"Blastomere A"
"B1",0.498291995072472,"Blastomere A"
"B1",0.501060702866137,"Blastomere A"
"B1",0.501922276381692,"Blastomere A"
"B1",0.495197760820704,"Blastomere A"
"B1",0.496560902146714,"Blastomere A"
"B1",0.50164567967293,"Blastomere A"
"B1",0.498393143835425,"Blastomere A"
"B1",0.493790757386519,"Blastomere A"
"B1",0.499813234674354,"Blastomere A"
"B1",0.496674313736849,"Blastomere A"
"B1",0.502906202071517,"Blastomere A"
"B1",0.495480518134243,"Blastomere A"
"B1",0.496932510267122,"Blastomere A"
"B1",0.496957692167115,"Blastomere A"
"B1",0.50929237829496,"Blastomere A"
"B1",0.500627185494085,"Blastomere A"
"B1",0.511732945456315,"Blastomere A"
"B1",0.503847894209569,"Blastomere A"
"B1",0.498539023554727,"Blastomere A"
"B1",0.497350852978169,"Blastomere A"
"B1",0.500622049769949,"Blastomere A"
"B1",0.503162209584878,"Blastomere A"
"B1",0.498539512477509,"Blastomere A"
"B1",0.515805139442098,"Blastomere A"
"B1",0.513586948878911,"Blastomere A"
"B1",0.498680447508522,"Blastomere A"
"B1",0.504873907196902,"Blastomere A"
"B1",0.504315018613198,"Blastomere A"
"B1",0.491786764768762,"Blastomere A"
"B1",0.492576202954461,"Blastomere A"
"B1",0.499473710925964,"Blastomere A"
"B1",0.50398059231282,"Blastomere A"
"B1",0.507575805799049,"Blastomere A"
"B1",0.501647976595576,"Blastomere A"
"B1",0.505891176899257,"Blastomere A"
"B1",0.496128556291985,"Blastomere A"
"B1",0.490553522497991,"Blastomere A"
"B1",0.503601238125112,"Blastomere A"
"B1",0.500842270624897,"Blastomere A"
"B1",0.510639716596363,"Blastomere A"
"B1",0.504040403011614,"Blastomere A"
"B1",0.499026848815314,"Blastomere A"
"B1",0.490452675641039,"Blastomere A"
"B1",0.494095448550114,"Blastomere A"
"B1",0.5040702934849,"Blastomere A"
"B1",0.498545195381032,"Blastomere A"
"B1",0.498825611641692,"Blastomere A"
"B1",0.481876370817483,"Blastomere A"
"B1",0.502704558229744,"Blastomere A"
"B1",0.495043944058788,"Blastomere A"
"B1",0.50402801321483,"Blastomere A"
"B1",0.495724311629921,"Blastomere A"
"B1",0.493194933743418,"Blastomere A"
"B1",0.496250925107441,"Blastomere A"
"B1",0.494327707482019,"Blastomere A"
"B1",0.493219921685852,"Blastomere A"
"B1",0.500545863793751,"Blastomere A"
"B1",0.498304480509216,"Blastomere A"
"B1",0.507188283310558,"Blastomere A"
"B1",0.495579785560998,"Blastomere A"
"B1",0.500497358319236,"Blastomere A"
"B1",0.501022519828641,"Blastomere A"
"B1",0.493623063702894,"Blastomere A"
"B1",0.502429553973109,"Blastomere A"
"B1",0.499030314246161,"Blastomere A"
"B1",0.503890006630792,"Blastomere A"
"B1",0.491894219438144,"Blastomere A"
"B1",0.503627128081583,"Blastomere A"
"B1",0.494765946830776,"Blastomere A"
"B1",0.504221414764726,"Blastomere A"
"B1",0.489208701264582,"Blastomere A"
"B1",0.501496881078806,"Blastomere A"
"B1",0.505518905648809,"Blastomere A"
"B1",0.500844535893117,"Blastomere A"
"B1",0.489475009096939,"Blastomere A"
"B1",0.505499960797772,"Blastomere A"
"B1",0.494908703862522,"Blastomere A"
"B1",0.489934375291818,"Blastomere A"
"B1",0.49806758136119,"Blastomere A"
"B1",0.506068224761109,"Blastomere A"
"B1",0.491370370776928,"Blastomere A"
"B1",0.506921111096684,"Blastomere A"
"B1",0.489634924620641,"Blastomere A"
"B1",0.494434574336391,"Blastomere A"
"B1",0.496063635707434,"Blastomere A"
"B1",0.500894067234277,"Blastomere A"
"B1",0.501733614465247,"Blastomere A"
"B1",0.487462719315196,"Blastomere A"
"B1",0.503491466343994,"Blastomere A"
"B1",0.497770553727929,"Blastomere A"
"B1",0.498950682782733,"Blastomere A"
"B1",0.502078181571972,"Blastomere A"
"B1",0.486177063365257,"Blastomere A"
"B1",0.504896943341863,"Blastomere A"
"B1",0.49956080373141,"Blastomere A"
"B1",0.492059070697873,"Blastomere A"
"B1",0.502097506927663,"Blastomere A"
"B1",0.500330113509767,"Blastomere A"
"B1",0.487408967050977,"Blastomere A"
"B1",0.502930848967821,"Blastomere A"
"B1",0.494025081892261,"Blastomere A"
"B1",0.503351809684127,"Blastomere A"
"B1",0.500841227445177,"Blastomere A"
"B1",0.503707787912873,"Blastomere A"
"B1",0.489975607517576,"Blastomere A"
"B1",0.484221465275102,"Blastomere A"
"B1",0.496203147662191,"Blastomere A"
"B1",0.4960892492731,"Blastomere A"
"B1",0.495584751609249,"Blastomere A"
"B1",0.500659369614162,"Blastomere A"
"B1",0.498516072042034,"Blastomere A"
"B1",0.491075819686637,"Blastomere A"
"B1",0.493648328688884,"Blastomere A"
"B1",0.495880229150801,"Blastomere A"
"B1",0.51343573759646,"Blastomere A"
"B1",0.499422954440463,"Blastomere A"
"B1",0.506449851747493,"Blastomere A"
"B1",0.50438985168417,"Blastomere A"
"B1",0.503090272646454,"Blastomere A"
"B1",0.491177492317573,"Blastomere A"
"B1",0.50145318893144,"Blastomere A"
"B1",0.496463637576293,"Blastomere A"
"B1",0.499268549860843,"Blastomere A"
"B1",0.497188888260836,"Blastomere A"
"B1",0.503130792688192,"Blastomere A"
"B1",0.501066577916242,"Blastomere A"
"B1",0.486643810857364,"Blastomere A"
"B1",0.48818600949498,"Blastomere A"
"B1",0.492640181917528,"Blastomere A"
"B1",0.497174713734808,"Blastomere A"
"B1",0.499913306889363,"Blastomere A"
"B1",0.505610627765432,"Blastomere A"
"B1",0.500760596478483,"Blastomere A"
"B1",0.503174414273164,"Blastomere A"
"B1",0.498805564752802,"Blastomere A"
"B1",0.484617835005826,"Blastomere A"
"B1",0.49813300859642,"Blastomere A"
"B1",0.511404820030106,"Blastomere A"
"B1",0.497271958280777,"Blastomere A"
"B1",0.49023739221768,"Blastomere A"
"B1",0.492077862776106,"Blastomere A"
"B1",0.498064462664245,"Blastomere A"
"B1",0.509836710291993,"Blastomere A"
"B1",0.500121155025008,"Blastomere A"
"B1",0.495760942069895,"Blastomere A"
"B1",0.505546892202671,"Blastomere A"
"B1",0.503441033828804,"Blastomere A"
"B1",0.499368595492302,"Blastomere A"
"B1",0.494434380855795,"Blastomere A"
"B1",0.498796211347878,"Blastomere A"
"B1",0.492491227646455,"Blastomere A"
"B1",0.4882981398141,"Blastomere A"
"B1",0.488664842344036,"Blastomere A"
"B1",0.494839273865503,"Blastomere A"
"B1",0.491954630105889,"Blastomere A"
"B1",0.498233854158131,"Blastomere A"
"B1",0.500759113815003,"Blastomere A"
"B1",0.505931933490326,"Blastomere A"
"B1",0.502590768758174,"Blastomere A"
"B1",0.490027894268934,"Blastomere A"
"B1",0.499655285511602,"Blastomere A"
"B1",0.498759887873592,"Blastomere A"
"B1",0.494998552134947,"Blastomere A"
"B1",0.498358310899519,"Blastomere A"
"B1",0.502604380715122,"Blastomere A"
"B1",0.503653474118628,"Blastomere A"
"B1",0.499752575297168,"Blastomere A"
"B1",0.491820437850488,"Blastomere A"
"B1",0.50213020329488,"Blastomere A"
"B1",0.492818207869134,"Blastomere A"
"B1",0.501977021564018,"Blastomere A"
"B1",0.503672387085007,"Blastomere A"
"B1",0.48663101075791,"Blastomere A"
"B1",0.494985106644484,"Blastomere A"
"B1",0.503596751109385,"Blastomere A"
"B1",0.50486887294292,"Blastomere A"
"B1",0.507355715770907,"Blastomere A"
"B1",0.492214619624166,"Blastomere A"
"B1",0.502940811276196,"Blastomere A"
"B1",0.493203962648465,"Blastomere A"
"B1",0.506973137673167,"Blastomere A"
"B1",0.495738870407397,"Blastomere A"
"B1",0.48755061342819,"Blastomere A"
"B1",0.492750519881609,"Blastomere A"
"B1",0.501340774184261,"Blastomere A"
"B1",0.496055664660972,"Blastomere A"
"B1",0.494487727056609,"Blastomere A"
"B1",0.500272291108869,"Blastomere A"
"B1",0.507223119528463,"Blastomere A"
"B1",0.503059204353791,"Blastomere A"
"B1",0.482560584053184,"Blastomere A"
"B1",0.492164208172708,"Blastomere A"
"B1",0.497155020969716,"Blastomere A"
"B1",0.500697253992771,"Blastomere A"
"B1",0.505338454232162,"Blastomere A"
"B1",0.496228315822205,"Blastomere A"
"B1",0.490465749639454,"Blastomere A"
"B1",0.493149669429342,"Blastomere A"
"B1",0.501120259929035,"Blastomere A"
"B1",0.499850166096314,"Blastomere A"
"B1",0.509780552069705,"Blastomere A"
"B1",0.498534640012972,"Blastomere A"
"B1",0.497511894770519,"Blastomere A"
"B1",0.497148507144958,"Blastomere A"
"B1",0.498652634104738,"Blastomere A"
"B1",0.501812547580713,"Blastomere A"
"B1",0.504780984478305,"Blastomere A"
"B1",0.498520661298321,"Blastomere A"
"B1",0.490243131712445,"Blastomere A"
"B1",0.498649753567376,"Blastomere A"
"B1",0.501346379037702,"Blastomere A"
"B1",0.503915932467653,"Blastomere A"
"B1",0.499979058318522,"Blastomere A"
"B1",0.49296802544119,"Blastomere A"
"B1",0.504867057401322,"Blastomere A"
"B1",0.482592286112126,"Blastomere A"
"B1",0.502051670315038,"Blastomere A"
"B1",0.498620284369393,"Blastomere A"
"B1",0.489003594334773,"Blastomere A"
"B1",0.483382475093143,"Blastomere A"
"B1",0.498070261204448,"Blastomere A"
"B1",0.491014905650063,"Blastomere A"
"B1",0.502024169002012,"Blastomere A"
"B1",0.50071214922559,"Blastomere A"
"B1",0.497498430194061,"Blastomere A"
"B1",0.505943476763841,"Blastomere A"
"B1",0.499868818659173,"Blastomere A"
"B1",0.502171065666892,"Blastomere A"
"B1",0.498340762681585,"Blastomere A"
"B1",0.499904615725457,"Blastomere A"
"B1",0.507202181077025,"Blastomere A"
"B1",0.501836219942746,"Blastomere A"
"B1",0.498277174009671,"Blastomere A"
"B1",0.504974605875071,"Blastomere A"
"B1",0.494809511665071,"Blastomere A"
"B1",0.484656608093528,"Blastomere A"
"B1",0.496424415153828,"Blastomere A"
"B1",0.497339814753053,"Blastomere A"
"B1",0.496088990481973,"Blastomere A"
"B1",0.495043201556037,"Blastomere A"
"B1",0.500739634623098,"Blastomere A"
"B1",0.493610465990929,"Blastomere A"
"B1",0.501720971925017,"Blastomere A"
"B1",0.507482294915619,"Blastomere A"
"B1",0.505231793950414,"Blastomere A"
"B1",0.500790790293092,"Blastomere A"
"B1",0.499650782734905,"Blastomere A"
"B1",0.505813054190966,"Blastomere A"
"B1",0.504605687424469,"Blastomere A"
"B1",0.495697403862262,"Blastomere A"
"B1",0.494940369948431,"Blastomere A"
"B1",0.495940121120477,"Blastomere A"
"B1",0.49772766636095,"Blastomere A"
"B1",0.499114106243638,"Blastomere A"
"B1",0.482139544081606,"Blastomere A"
"B1",0.495433112830594,"Blastomere A"
"B1",0.5051080364519,"Blastomere A"
"B1",0.4944043026782,"Blastomere A"
"B1",0.50168709737168,"Blastomere A"
"B1",0.510173008633188,"Blastomere A"
"B1",0.507503788990118,"Blastomere A"
"B1",0.498562436891538,"Blastomere A"
"B1",0.490368347894305,"Blastomere A"
"B1",0.50308528185163,"Blastomere A"
"B1",0.493573246479874,"Blastomere A"
"B1",0.502963395820115,"Blastomere A"
"B1",0.513212684977552,"Blastomere A"
"B1",0.49016415387753,"Blastomere A"
"B1",0.50330004774896,"Blastomere A"
"B1",0.49700927187181,"Blastomere A"
"B1",0.499825347725712,"Blastomere A"
"B1",0.491205308991927,"Blastomere A"
"B1",0.498231365631658,"Blastomere A"
"B1",0.50374839541523,"Blastomere A"
"B1",0.486732156800713,"Blastomere A"
"B1",0.513575031941459,"Blastomere A"
"B1",0.504131270111445,"Blastomere A"
"B1",0.502529346556545,"Blastomere A"
"B1",0.489609968296543,"Blastomere A"
"B1",0.499148284836489,"Blastomere A"
"B1",0.493655417763034,"Blastomere A"
"B1",0.507680891619519,"Blastomere A"
"B1",0.496144883614246,"Blastomere A"
"B1",0.492489964642557,"Blastomere A"
"B1",0.497177205955702,"Blastomere A"
"B1",0.503394354907464,"Blastomere A"
"B1",0.49812920109412,"Blastomere A"
"B1",0.492475421095919,"Blastomere A"
"B1",0.50102429574423,"Blastomere A"
"B1",0.497495310454585,"Blastomere A"
"B1",0.492067026962989,"Blastomere A"
"B1",0.488057693937396,"Blastomere A"
"B1",0.504507638495308,"Blastomere A"
"B1",0.497442922059963,"Blastomere A"
"B1",0.501062691859488,"Blastomere A"
"B1",0.501226864424809,"Blastomere A"
"B1",0.517211683569288,"Blastomere A"
"B1",0.506447643735165,"Blastomere A"
"B1",0.501267310723665,"Blastomere A"
"B1",0.499373358883035,"Blastomere A"
"B1",0.496872951915483,"Blastomere A"
"B1",0.500304210282012,"Blastomere A"
"B1",0.505977807260965,"Blastomere A"
"B1",0.494907732795769,"Blastomere A"
"B1",0.49723905717494,"Blastomere A"
"B1",0.4920625245897,"Blastomere A"
"B1",0.50825776748289,"Blastomere A"
"B1",0.498098868133532,"Blastomere A"
"B1",0.49293624115064,"Blastomere A"
"B1",0.485168932128399,"Blastomere A"
"B1",0.505717181107452,"Blastomere A"
"B1",0.504639472866853,"Blastomere A"
"B1",0.494333364276756,"Blastomere A"
"B1",0.50410836325753,"Blastomere A"
"B1",0.491642286654352,"Blastomere A"
"B1",0.508167826762964,"Blastomere A"
"B1",0.496242762089769,"Blastomere A"
"B1",0.503685135737487,"Blastomere A"
"B1",0.497155910278537,"Blastomere A"
"B1",0.499662023618198,"Blastomere A"
"B1",0.491939709446731,"Blastomere A"
"B1",0.485148953567961,"Blastomere A"
"B1",0.49613157980168,"Blastomere A"
"B1",0.491696025675153,"Blastomere A"
"B1",0.496466915908083,"Blastomere A"
"B1",0.503812751815347,"Blastomere A"
"B1",0.498715172965221,"Blastomere A"
"B1",0.499529476047485,"Blastomere A"
"B1",0.50999389446953,"Blastomere A"
"B1",0.494561248561048,"Blastomere A"
"B1",0.51518264509893,"Blastomere A"
"B1",0.505253742683988,"Blastomere A"
"B1",0.493364641831318,"Blastomere A"
"B1",0.490595612194311,"Blastomere A"
"B1",0.498273281225951,"Blastomere A"
"B1",0.50169532790541,"Blastomere A"
"B1",0.496593841013376,"Blastomere A"
"B1",0.498665218401654,"Blastomere A"
"B1",0.506470731727316,"Blastomere A"
"B1",0.505561157926981,"Blastomere A"
"B1",0.500091678148191,"Blastomere A"
"B1",0.497875101591065,"Blastomere A"
"B1",0.512557537506382,"Blastomere A"
"B1",0.499629749465757,"Blastomere A"
"B1",0.501099889018373,"Blastomere A"
"B1",0.492475374478621,"Blastomere A"
"B1",0.494653305871805,"Blastomere A"
"B1",0.492143011773367,"Blastomere A"
"B1",0.50257502573086,"Blastomere A"
"B1",0.497689139092328,"Blastomere A"
"B1",0.495942730591843,"Blastomere A"
"B1",0.505388502077951,"Blastomere A"
"B1",0.483469473941536,"Blastomere A"
"B1",0.499072928390448,"Blastomere A"
"B1",0.503418463533342,"Blastomere A"
"B1",0.498710855108892,"Blastomere A"
"B1",0.49377785354768,"Blastomere A"
"B1",0.500697891088985,"Blastomere A"
"B1",0.50028322708692,"Blastomere A"
"B1",0.507231497093226,"Blastomere A"
"B1",0.49103307972296,"Blastomere A"
"B1",0.500888777528272,"Blastomere A"
"B1",0.496008582954143,"Blastomere A"
"B1",0.496875381934901,"Blastomere A"
"B1",0.503194135007114,"Blastomere A"
"B1",0.507807068903796,"Blastomere A"
"B1",0.496600546281346,"Blastomere A"
"B1",0.494090210627148,"Blastomere A"
"B1",0.496582491649486,"Blastomere A"
"B1",0.494637339200609,"Blastomere A"
"B1",0.493222309328857,"Blastomere A"
"B1",0.493796322979741,"Blastomere A"
"B1",0.498622481217338,"Blastomere A"
"B1",0.494388936043738,"Blastomere A"
"B1",0.486218895710951,"Blastomere A"
"B1",0.49817683146728,"Blastomere A"
"B1",0.492171344484796,"Blastomere A"
"B1",0.497939418677215,"Blastomere A"
"B1",0.510158771056208,"Blastomere A"
"B1",0.50219719095564,"Blastomere A"
"B1",0.496393463746444,"Blastomere A"
"B1",0.500478641113962,"Blastomere A"
"B1",0.498970087304274,"Blastomere A"
"B1",0.495819889279603,"Blastomere A"
"B1",0.49153199721791,"Blastomere A"
"B1",0.496657534154208,"Blastomere A"
"B1",0.500085202193095,"Blastomere A"
"B1",0.504452897835311,"Blastomere A"
"B1",0.496059980903512,"Blastomere A"
"B1",0.50498822346079,"Blastomere A"
"B1",0.510028640518829,"Blastomere A"
"B1",0.491595458774748,"Blastomere A"
"B1",0.498380303816911,"Blastomere A"
"B1",0.493231188792831,"Blastomere A"
"B1",0.491799039366237,"Blastomere A"
"B1",0.511851580342048,"Blastomere A"
"B1",0.506974240913532,"Blastomere A"
"B1",0.498915285311264,"Blastomere A"
"B1",0.495587585596694,"Blastomere A"
"B1",0.506200953788866,"Blastomere A"
"B1",0.495963233699432,"Blastomere A"
"B1",0.496133372954912,"Blastomere A"
"B1",0.494616529883766,"Blastomere A"
"B1",0.492960470495505,"Blastomere A"
"B1",0.497708766752336,"Blastomere A"
"B1",0.500753848904436,"Blastomere A"
"B1",0.49953428866307,"Blastomere A"
"B1",0.494757665450878,"Blastomere A"
"B1",0.492752551101349,"Blastomere A"
"B1",0.502484610692111,"Blastomere A"
"B1",0.503030347137608,"Blastomere A"
"B1",0.50572167147549,"Blastomere A"
"B1",0.506248966954867,"Blastomere A"
"B1",0.50759908763691,"Blastomere A"
"B1",0.497785228410188,"Blastomere A"
"B1",0.49229921703881,"Blastomere A"
"B1",0.493053429546383,"Blastomere A"
"B1",0.474087810488359,"Blastomere A"
"B1",0.508996673266708,"Blastomere A"
"B1",0.500865704028959,"Blastomere A"
"B1",0.48844617843401,"Blastomere A"
"B1",0.49177475060398,"Blastomere A"
"B1",0.496534949424241,"Blastomere A"
"B1",0.494489133660239,"Blastomere A"
"B1",0.499503445205372,"Blastomere A"
"B1",0.495715844616253,"Blastomere A"
"B1",0.498096384029547,"Blastomere A"
"B1",0.502569907274978,"Blastomere A"
"B1",0.505400307220335,"Blastomere A"
"B1",0.510869955751912,"Blastomere A"
"B1",0.497143001732955,"Blastomere A"
"B1",0.49541826432114,"Blastomere A"
"B1",0.507731519852256,"Blastomere A"
"B1",0.507638467959524,"Blastomere A"
"B1",0.502350709021364,"Blastomere A"
"B1",0.492541266147882,"Blastomere A"
"B1",0.491830688595326,"Blastomere A"
"B1",0.492801731280928,"Blastomere A"
"B1",0.491176879931523,"Blastomere A"
"B1",0.486340272470625,"Blastomere A"
"B1",0.49294138055239,"Blastomere A"
"B1",0.513389883112402,"Blastomere A"
"B1",0.508337303233495,"Blastomere A"
"B1",0.498242795901055,"Blastomere A"
"B1",0.493826601011419,"Blastomere A"
"B1",0.493990250068501,"Blastomere A"
"B1",0.494276440903234,"Blastomere A"
"B1",0.509943742765376,"Blastomere A"
"B1",0.492417555474511,"Blastomere A"
"B1",0.499074351737475,"Blastomere A"
"B1",0.492493079605581,"Blastomere A"
"B1",0.499657141447652,"Blastomere A"
"B1",0.50413685098877,"Blastomere A"
"B1",0.500500392505593,"Blastomere A"
"B1",0.496544188978846,"Blastomere A"
"B1",0.498704716515404,"Blastomere A"
"B1",0.504007793896629,"Blastomere A"
"B1",0.508884502442659,"Blastomere A"
"B1",0.491681173396541,"Blastomere A"
"B1",0.492575426769863,"Blastomere A"
"B1",0.494824545284421,"Blastomere A"
"B1",0.494767861469603,"Blastomere A"
"B1",0.49413402749838,"Blastomere A"
"B1",0.488787222102376,"Blastomere A"
"B1",0.500007852864958,"Blastomere A"
"B1",0.505330258711132,"Blastomere A"
"B1",0.494978752757164,"Blastomere A"
"B1",0.494490332634797,"Blastomere A"
"B1",0.504054591497137,"Blastomere A"
"B1",0.509669046272212,"Blastomere A"
"B1",0.500988036508304,"Blastomere A"
"B1",0.505567346906859,"Blastomere A"
"B1",0.486482146122952,"Blastomere A"
"B1",0.491547073002753,"Blastomere A"
"B1",0.497084046471108,"Blastomere A"
"B1",0.51193939645822,"Blastomere A"
"B1",0.48367044138331,"Blastomere A"
"B1",0.491255275945844,"Blastomere A"
"B1",0.509544244799809,"Blastomere A"
"B1",0.499569027134193,"Blastomere A"
"B1",0.492460724635788,"Blastomere A"
"B1",0.498006084951774,"Blastomere A"
"B1",0.505430048232938,"Blastomere A"
"B1",0.484317288520167,"Blastomere A"
"B1",0.499768388971271,"Blastomere A"
"B1",0.504357828501461,"Blastomere A"
"B1",0.48778172957965,"Blastomere A"
"B1",0.508322711491388,"Blastomere A"
"B1",0.490976706181179,"Blastomere A"
"B1",0.498481590770115,"Blastomere A"
"B1",0.501116489636951,"Blastomere A"
"B1",0.502736734542027,"Blastomere A"
"B1",0.497876959530204,"Blastomere A"
"B1",0.502125183329204,"Blastomere A"
"B1",0.502789674116049,"Blastomere A"
"B1",0.496638958571179,"Blastomere A"
"B1",0.505027689235704,"Blastomere A"
"B1",0.505692268700294,"Blastomere A"
"B1",0.491773338296062,"Blastomere A"
"B1",0.505380486026455,"Blastomere A"
"B1",0.505363243411836,"Blastomere A"
"B1",0.494115879267556,"Blastomere A"
"B1",0.506842896388743,"Blastomere A"
"B1",0.502820923284715,"Blastomere A"
"B1",0.487077810568274,"Blastomere A"
"B1",0.493900744922675,"Blastomere A"
"B1",0.488819449436542,"Blastomere A"
"B1",0.510222016879489,"Blastomere A"
"B1",0.497481552986824,"Blastomere A"
"B1",0.499160617111937,"Blastomere A"
"B1",0.496093336932458,"Blastomere A"
"B1",0.500058752618945,"Blastomere A"
"B1",0.49775688717156,"Blastomere A"
"B1",0.512766197837678,"Blastomere A"
"B1",0.490977792061244,"Blastomere A"
"B1",0.49311067016134,"Blastomere A"
"B1",0.50355747589473,"Blastomere A"
"B1",0.500675093960688,"Blastomere A"
"B1",0.501036419510675,"Blastomere A"
"B1",0.499297981180592,"Blastomere A"
"B1",0.50880478918422,"Blastomere A"
"B1",0.502897333575592,"Blastomere A"
"B1",0.494975771445746,"Blastomere A"
"B1",0.495848151347305,"Blastomere A"
"B1",0.495990850860467,"Blastomere A"
"B1",0.497252324338472,"Blastomere A"
"B1",0.492253565769703,"Blastomere A"
"B1",0.491621209409758,"Blastomere A"
"B1",0.493039663917866,"Blastomere A"
"B1",0.491015121562341,"Blastomere A"
"B1",0.489347392101878,"Blastomere A"
"B1",0.484983704618937,"Blastomere A"
"B1",0.502375916096017,"Blastomere A"
"B1",0.490714566013634,"Blastomere A"
"B1",0.50015423285152,"Blastomere A"
"B1",0.495131458317633,"Blastomere A"
"B1",0.493021882892206,"Blastomere A"
"B1",0.485029607190107,"Blastomere A"
"B1",0.501986383346587,"Blastomere A"
"B1",0.486803480769082,"Blastomere A"
"B1",0.49054017973067,"Blastomere A"
"B1",0.497435220811027,"Blastomere A"
"B1",0.488839386828614,"Blastomere A"
"B1",0.501040997795835,"Blastomere A"
"B1",0.503184220966082,"Blastomere A"
"B1",0.497823008103295,"Blastomere A"
"B1",0.497274799859037,"Blastomere A"
"B1",0.500102510129229,"Blastomere A"
"B1",0.500117449768925,"Blastomere A"
"B1",0.5025261878738,"Blastomere A"
"B1",0.510764212503248,"Blastomere A"
"B1",0.50167544024026,"Blastomere A"
"B1",0.505656171629737,"Blastomere A"
"B1",0.491807987673387,"Blastomere A"
"B1",0.485582165217675,"Blastomere A"
"B1",0.498668145991966,"Blastomere A"
"B1",0.488700263066825,"Blastomere A"
"B1",0.500691725196316,"Blastomere A"
"B1",0.502587439998168,"Blastomere A"
"B1",0.496800268289672,"Blastomere A"
"B1",0.511787255830697,"Blastomere A"
"B1",0.497381900878223,"Blastomere A"
"B1",0.503649744231898,"Blastomere A"
"B1",0.48883903514472,"Blastomere A"
"B1",0.486918293514199,"Blastomere A"
"B1",0.501394385019474,"Blastomere A"
"B1",0.497340466611903,"Blastomere A"
"B1",0.498905331729181,"Blastomere A"
"B1",0.494456934945797,"Blastomere A"
"B1",0.492512671437654,"Blastomere A"
"B1",0.48708021744993,"Blastomere A"
"B1",0.501845364916414,"Blastomere A"
"B1",0.510241423567206,"Blastomere A"
"B1",0.494493168780343,"Blastomere A"
"B1",0.50615500703746,"Blastomere A"
"B1",0.499557894321901,"Blastomere A"
"B1",0.510182630278295,"Blastomere A"
"B1",0.498068688156227,"Blastomere A"
"B1",0.49629585554164,"Blastomere A"
"B1",0.503919658080275,"Blastomere A"
"B1",0.496964598084544,"Blastomere A"
"B1",0.505320746414414,"Blastomere A"
"B1",0.493350698398758,"Blastomere A"
"B1",0.500194380862294,"Blastomere A"
"B1",0.50102891419941,"Blastomere A"
"B1",0.486935039678527,"Blastomere A"
"B1",0.486962084249732,"Blastomere A"
"B1",0.50867290541546,"Blastomere A"
"B1",0.502076929273449,"Blastomere A"
"B1",0.505352996857499,"Blastomere A"
"B1",0.503235077335049,"Blastomere A"
"B1",0.496933630785487,"Blastomere A"
"B1",0.509032437902326,"Blastomere A"
"B1",0.504998999735997,"Blastomere A"
"B1",0.500474652778006,"Blastomere A"
"B1",0.502488706889062,"Blastomere A"
"B1",0.502318976044559,"Blastomere A"
"B1",0.495947303936243,"Blastomere A"
"B1",0.498106528056701,"Blastomere A"
"B1",0.488696370480609,"Blastomere A"
"B1",0.504311722511187,"Blastomere A"
"B1",0.48964542050518,"Blastomere A"
"B1",0.503411122183049,"Blastomere A"
"B1",0.505248647964786,"Blastomere A"
"B1",0.505946135228481,"Blastomere A"
"B1",0.505234800602772,"Blastomere A"
"B1",0.49727287060149,"Blastomere A"
"B1",0.501043956462887,"Blastomere A"
"B1",0.483594301820932,"Blastomere A"
"B1",0.499998592386324,"Blastomere A"
"B1",0.502103999955454,"Blastomere A"
"B1",0.481966397031396,"Blastomere A"
"B1",0.491922961966839,"Blastomere A"
"B1",0.50032714375536,"Blastomere A"
"B1",0.491752755868843,"Blastomere A"
"B1",0.506153070600662,"Blastomere A"
"B1",0.487983012820739,"Blastomere A"
"B1",0.500879400200413,"Blastomere A"
"B1",0.498921539973089,"Blastomere A"
"B1",0.508502731899918,"Blastomere A"
"B1",0.494196264785985,"Blastomere A"
"B1",0.500913446789521,"Blastomere A"
"B1",0.502176856066754,"Blastomere A"
"B1",0.495722670679467,"Blastomere A"
"B1",0.498895665362205,"Blastomere A"
"B1",0.504795349551668,"Blastomere A"
"B1",0.514113337582109,"Blastomere A"
"B1",0.505107207444175,"Blastomere A"
"B1",0.508105710730071,"Blastomere A"
"B1",0.498938253209789,"Blastomere A"
"B1",0.4862174741653,"Blastomere A"
"B1",0.494772405888336,"Blastomere A"
"B1",0.502135544925212,"Blastomere A"
"B1",0.495958822302539,"Blastomere A"
"B1",0.498214004465594,"Blastomere A"
"B1",0.494171128646134,"Blastomere A"
"B1",0.49835311270822,"Blastomere A"
"B1",0.4883881281476,"Blastomere A"
"B1",0.499819270722571,"Blastomere A"
"B1",0.490493046360765,"Blastomere A"
"B1",0.503595964674469,"Blastomere A"
"B1",0.507196436111803,"Blastomere A"
"B1",0.496337809348587,"Blastomere A"
"B1",0.494234365261261,"Blastomere A"
"B1",0.504476659928593,"Blastomere A"
"B1",0.503784587968726,"Blastomere A"
"B1",0.499514125180805,"Blastomere A"
"B1",0.498577920048443,"Blastomere A"
"B1",0.490570521514116,"Blastomere A"
"B1",0.49748812985439,"Blastomere A"
"B1",0.50650734511148,"Blastomere A"
"B1",0.504557544100643,"Blastomere A"
"B1",0.496741496245434,"Blastomere A"
"B1",0.490264490094114,"Blastomere A"
"B1",0.506698999865455,"Blastomere A"
"B1",0.497135793161483,"Blastomere A"
"B1",0.510728806127915,"Blastomere A"
"B1",0.500815402686652,"Blastomere A"
"B1",0.503853157318129,"Blastomere A"
"B1",0.5059283009425,"Blastomere A"
"B1",0.494404075093531,"Blastomere A"
"B1",0.488981109063258,"Blastomere A"
"B1",0.496704117571431,"Blastomere A"
"B1",0.494386847188185,"Blastomere A"
"B1",0.507561881873839,"Blastomere A"
"B1",0.496099616893907,"Blastomere A"
"B1",0.503108694607048,"Blastomere A"
"B1",0.505229996316217,"Blastomere A"
"B1",0.49294536906849,"Blastomere A"
"B1",0.501376056723252,"Blastomere A"
"B1",0.494141245908397,"Blastomere A"
"B1",0.485772668460558,"Blastomere A"
"B1",0.493046275656464,"Blastomere A"
"B1",0.491277387758543,"Blastomere A"
"B1",0.497893175818575,"Blastomere A"
"B1",0.503695122915844,"Blastomere A"
"B1",0.503661696645387,"Blastomere A"
"B1",0.492385442934176,"Blastomere A"
"B1",0.487334057403208,"Blastomere A"
"B1",0.500859095519257,"Blastomere A"
"B1",0.490158776512986,"Blastomere A"
"B1",0.50770584489324,"Blastomere A"
"B1",0.501299070388751,"Blastomere A"
"B1",0.495440772953674,"Blastomere A"
"B1",0.497786123295763,"Blastomere A"
"B1",0.496486342090875,"Blastomere A"
"B1",0.498477225593292,"Blastomere A"
"B1",0.496469101287931,"Blastomere A"
"B1",0.504150379980599,"Blastomere A"
"B1",0.501168563038035,"Blastomere A"
"B1",0.490179788442327,"Blastomere A"
"B1",0.506883250523968,"Blastomere A"
"B1",0.503795374493212,"Blastomere A"
"B1",0.500719875810174,"Blastomere A"
"B1",0.49522870234115,"Blastomere A"
"B1",0.493439504030704,"Blastomere A"
"B1",0.503937330492868,"Blastomere A"
"B1",0.49771608356957,"Blastomere A"
"B1",0.507535559358762,"Blastomere A"
"B1",0.514516131295257,"Blastomere A"
"B1",0.496826326209923,"Blastomere A"
"B1",0.503182743313972,"Blastomere A"
"B1",0.491189300902695,"Blastomere A"
"B1",0.498141553460516,"Blastomere A"
"B1",0.497239658878232,"Blastomere A"
"B1",0.49828958943123,"Blastomere A"
"B1",0.501485172033138,"Blastomere A"
"B1",0.506810803621562,"Blastomere A"
"B1",0.497857231957552,"Blastomere A"
"B1",0.492991045834846,"Blastomere A"
"B1",0.48739426503681,"Blastomere A"
"B1",0.497238647838551,"Blastomere A"
"B1",0.509182695204051,"Blastomere A"
"B1",0.493884172215538,"Blastomere A"
"B1",0.491116635329197,"Blastomere A"
"B1",0.49503617111418,"Blastomere A"
"B1",0.503105653969407,"Blastomere A"
"B1",0.489083385011303,"Blastomere A"
"B1",0.514484436955202,"Blastomere A"
"B1",0.500586392369286,"Blastomere A"
"B1",0.496726211934855,"Blastomere A"
"B1",0.502640907138192,"Blastomere A"
"B1",0.507581502710998,"Blastomere A"
"B1",0.511270725504618,"Blastomere A"
"B1",0.491998219880077,"Blastomere A"
"B1",0.493481811523759,"Blastomere A"
"B1",0.492709905740764,"Blastomere A"
"B1",0.499453297140242,"Blastomere A"
"B1",0.494657490660142,"Blastomere A"
"B1",0.487318170077035,"Blastomere A"
"B1",0.503723482466853,"Blastomere A"
"B1",0.501901032839354,"Blastomere A"
"B1",0.500787427523821,"Blastomere A"
"B1",0.499092572421089,"Blastomere A"
"B1",0.497093231384633,"Blastomere A"
"B1",0.480854666561262,"Blastomere A"
"B1",0.507786223392436,"Blastomere A"
"B1",0.502266567729079,"Blastomere A"
"B1",0.499287035663222,"Blastomere A"
"B1",0.491913792045194,"Blastomere A"
"B1",0.507125135898445,"Blastomere A"
"B1",0.505109477273978,"Blastomere A"
"B1",0.498443001498051,"Blastomere A"
"B1",0.500420734888028,"Blastomere A"
"B1",0.498712378914014,"Blastomere A"
"B1",0.490615491802426,"Blastomere A"
"B1",0.493306731553777,"Blastomere A"
"B1",0.488353005428895,"Blastomere A"
"B1",0.503972459733482,"Blastomere A"
"B1",0.49742705357628,"Blastomere A"
"B1",0.505587291438446,"Blastomere A"
"B1",0.511340290686747,"Blastomere A"
"B1",0.504561413980191,"Blastomere A"
"B1",0.499008667206742,"Blastomere A"
"B1",0.481792674050433,"Blastomere A"
"B1",0.490241905371192,"Blastomere A"
"B1",0.497425899392917,"Blastomere A"
"B1",0.495492240168365,"Blastomere A"
"B1",0.500795102696242,"Blastomere A"
"B1",0.50806247632939,"Blastomere A"
"B1",0.512693600183231,"Blastomere A"
"B1",0.503682283526413,"Blastomere A"
"B1",0.511715957859847,"Blastomere A"
"B1",0.488889354910845,"Blastomere A"
"B1",0.5030119850602,"Blastomere A"
"B1",0.499114389080132,"Blastomere A"
"B1",0.507395708639108,"Blastomere A"
"B1",0.512806972468876,"Blastomere A"
"B1",0.50132810878617,"Blastomere A"
"B1",0.493983150102615,"Blastomere A"
"B1",0.503235755104179,"Blastomere A"
"B1",0.492041782646133,"Blastomere A"
"B1",0.485553021694358,"Blastomere A"
"B1",0.503896303827255,"Blastomere A"
"B1",0.487782529340887,"Blastomere A"
"B1",0.498693238107622,"Blastomere A"
"B1",0.502236737355245,"Blastomere A"
"B1",0.504040238991827,"Blastomere A"
"B1",0.494750054482135,"Blastomere A"
"B1",0.493237179618879,"Blastomere A"
"B1",0.503266687088556,"Blastomere A"
"B1",0.488414072781398,"Blastomere A"
"B1",0.501513520769561,"Blastomere A"
"B1",0.50413292257188,"Blastomere A"
"B1",0.498278660748455,"Blastomere A"
"B1",0.498535139526664,"Blastomere A"
"B1",0.50650125146455,"Blastomere A"
"B1",0.513153872991244,"Blastomere A"
"B1",0.497032543712604,"Blastomere A"
"B1",0.491390975309421,"Blastomere A"
"B1",0.494319060621976,"Blastomere A"
"B1",0.492183986453263,"Blastomere A"
"B1",0.513041200908009,"Blastomere A"
"B1",0.506044748719168,"Blastomere A"
"B1",0.490666704884329,"Blastomere A"
"B1",0.50648281064796,"Blastomere A"
"B1",0.508498364231462,"Blastomere A"
"B1",0.503414347764256,"Blastomere A"
"B1",0.499142210754294,"Blastomere A"
"B1",0.493297320737595,"Blastomere A"
"B1",0.489991161231271,"Blastomere A"
"B1",0.48735521573666,"Blastomere A"
"B1",0.504613524709263,"Blastomere A"
"B1",0.498204287284576,"Blastomere A"
"B1",0.504456367379275,"Blastomere A"
"B1",0.504231341589783,"Blastomere A"
"B1",0.496319412507167,"Blastomere A"
"B1",0.504391637843158,"Blastomere A"
"B1",0.507267119555309,"Blastomere A"
"B1",0.490002222654699,"Blastomere A"
"B1",0.493008692554072,"Blastomere A"
"B1",0.490431220801603,"Blastomere A"
"B1",0.488415018778081,"Blastomere A"
"B1",0.502178393674656,"Blastomere A"
"B1",0.499973244184407,"Blastomere A"
"B1",0.50165971308917,"Blastomere A"
"B1",0.49994408145016,"Blastomere A"
"B1",0.503670633922839,"Blastomere A"
"B1",0.49327059496906,"Blastomere A"
"B1",0.48696374939183,"Blastomere A"
"B1",0.491064884451083,"Blastomere A"
"B1",0.503672333807616,"Blastomere A"
"B1",0.491848591860721,"Blastomere A"
"B1",0.493549263162703,"Blastomere A"
"B1",0.505464977351613,"Blastomere A"
"B1",0.485765818616792,"Blastomere A"
"B1",0.502084858880024,"Blastomere A"
"B1",0.501456715320104,"Blastomere A"
"B1",0.488884462894216,"Blastomere A"
"B1",0.494679251169045,"Blastomere A"
"B1",0.49355129771912,"Blastomere A"
"B1",0.498578096970404,"Blastomere A"
"B1",0.505723669244722,"Blastomere A"
"B1",0.507719795894175,"Blastomere A"
"B1",0.498248221921038,"Blastomere A"
"B1",0.500758745079765,"Blastomere A"
"B1",0.513463718794181,"Blastomere A"
"B1",0.495426239595544,"Blastomere A"
"B1",0.497113330046125,"Blastomere A"
"B1",0.503645042771767,"Blastomere A"
"B1",0.503494461207611,"Blastomere A"
"B1",0.498113263984475,"Blastomere A"
"B1",0.499426736398012,"Blastomere A"
"B1",0.491433832383506,"Blastomere A"
"B1",0.493371636260766,"Blastomere A"
"B1",0.499357907770777,"Blastomere A"
"B1",0.48427114593519,"Blastomere A"
"B1",0.504826486231386,"Blastomere A"
"B1",0.502206672887667,"Blastomere A"
"B1",0.497505955055311,"Blastomere A"
"B1",0.489209657182069,"Blastomere A"
"B1",0.506152085299864,"Blastomere A"
"B1",0.494511091679122,"Blastomere A"
"B1",0.506702254612898,"Blastomere A"
"B1",0.501760647699602,"Blastomere A"
"B1",0.493424795526369,"Blastomere A"
"B1",0.501366125189107,"Blastomere A"
"B1",0.503037133215356,"Blastomere A"
"B1",0.486364888030028,"Blastomere A"
"B1",0.510948126970123,"Blastomere A"
"B1",0.501173555641224,"Blastomere A"
"B1",0.496331708095924,"Blastomere A"
"B1",0.505084529543161,"Blastomere A"
"B1",0.502560279228033,"Blastomere A"
"B1",0.492987858489165,"Blastomere A"
"B1",0.503537163179964,"Blastomere A"
"B1",0.504971368373845,"Blastomere A"
"B1",0.505486738290955,"Blastomere A"
"B1",0.504308185169001,"Blastomere A"
"B1",0.508893505629862,"Blastomere A"
"B1",0.494576880675963,"Blastomere A"
"B1",0.508940740935026,"Blastomere A"
"B1",0.49468071373463,"Blastomere A"
"B1",0.494212443161974,"Blastomere A"
"B1",0.493191283724112,"Blastomere A"
"B1",0.508320681344463,"Blastomere A"
"B1",0.492347520495987,"Blastomere A"
"B1",0.4988813864666,"Blastomere A"
"B1",0.494810989090808,"Blastomere A"
"B1",0.497931832109614,"Blastomere A"
"B1",0.494146199160441,"Blastomere A"
"B1",0.488323880843333,"Blastomere A"
"B1",0.494056498686054,"Blastomere A"
"B1",0.491405021385939,"Blastomere A"
"B1",0.490158727118598,"Blastomere A"
"B1",0.498945536076577,"Blastomere A"
"B1",0.498224761333908,"Blastomere A"
"B1",0.506931649015903,"Blastomere A"
"B1",0.493315757761757,"Blastomere A"
"B1",0.497889724588778,"Blastomere A"
"B1",0.502087552739951,"Blastomere A"
"B1",0.502188922909749,"Blastomere A"
"B1",0.496972430703438,"Blastomere A"
"B1",0.493649845918937,"Blastomere A"
"B1",0.501823827720892,"Blastomere A"
"B1",0.492043861622419,"Blastomere A"
"B1",0.502945066971183,"Blastomere A"
"B1",0.488314496691932,"Blastomere A"
"B1",0.4981443188807,"Blastomere A"
"B1",0.498751046299282,"Blastomere A"
"B1",0.502653694481834,"Blastomere A"
"B1",0.489110745505707,"Blastomere A"
"B1",0.508548606548049,"Blastomere A"
"B1",0.507369624055386,"Blastomere A"
"B1",0.50563391715549,"Blastomere A"
"B1",0.499875470630168,"Blastomere A"
"B1",0.494934254316775,"Blastomere A"
"B1",0.506310004930254,"Blastomere A"
"B1",0.489708945417471,"Blastomere A"
"B1",0.512427892392789,"Blastomere A"
"B1",0.508189010877682,"Blastomere A"
"B1",0.496572647310283,"Blastomere A"
"B1",0.50268549840493,"Blastomere A"
"B1",0.507610943281604,"Blastomere A"
"B1",0.487819096080065,"Blastomere A"
"B1",0.50696057561055,"Blastomere A"
"B1",0.4884624331315,"Blastomere A"
"B1",0.499362516713924,"Blastomere A"
"B1",0.507524724024868,"Blastomere A"
"B1",0.48761858499974,"Blastomere A"
"B1",0.500505517039622,"Blastomere A"
"B1",0.494037915169456,"Blastomere A"
"B1",0.503466737503086,"Blastomere A"
"B1",0.49942003229202,"Blastomere A"
"B1",0.496392109163675,"Blastomere A"
"B1",0.502822470246363,"Blastomere A"
"B1",0.506872843633252,"Blastomere A"
"B1",0.494143637389717,"Blastomere A"
"B1",0.491226936087317,"Blastomere A"
"B1",0.484700852963964,"Blastomere A"
"B1",0.501475636547988,"Blastomere A"
"B1",0.501242586806742,"Blastomere A"
"B1",0.50329076807021,"Blastomere A"
"B1",0.491796445369373,"Blastomere A"
"B1",0.499933117426804,"Blastomere A"
"B1",0.497196552442306,"Blastomere A"
"B1",0.495814922625708,"Blastomere A"
"B1",0.494420428857729,"Blastomere A"
"B1",0.490385433201937,"Blastomere A"
"B1",0.50529261140684,"Blastomere A"
"B1",0.497302062544936,"Blastomere A"
"B1",0.503007179751349,"Blastomere A"
"B1",0.490950276231083,"Blastomere A"
"B1",0.502580695049688,"Blastomere A"
"B1",0.49027049087285,"Blastomere A"
"B1",0.497534189954968,"Blastomere A"
"B1",0.498656378726344,"Blastomere A"
"B1",0.498953240683399,"Blastomere A"
"B1",0.496599076882686,"Blastomere A"
"B1",0.483846383936168,"Blastomere A"
"B1",0.502768071898494,"Blastomere A"
"B1",0.496855325231369,"Blastomere A"
"B1",0.509506671164606,"Blastomere A"
"B1",0.495934254042382,"Blastomere A"
"B1",0.498088753522345,"Blastomere A"
"B1",0.49823375397454,"Blastomere A"
"B1",0.485428872258185,"Blastomere A"
"B1",0.496246325830874,"Blastomere A"
"B1",0.483718639830604,"Blastomere A"
"B1",0.500452137366548,"Blastomere A"
"B1",0.500955500830316,"Blastomere A"
"B1",0.484674875532475,"Blastomere A"
"B1",0.490674211874363,"Blastomere A"
"B1",0.484926581208643,"Blastomere A"
"B1",0.507982494403956,"Blastomere A"
"B1",0.505798857729851,"Blastomere A"
"B1",0.492747054485655,"Blastomere A"
"B1",0.493391103106986,"Blastomere A"
"B1",0.497589951970698,"Blastomere A"
"B1",0.494113638282037,"Blastomere A"
"B1",0.505630174390583,"Blastomere A"
"B1",0.496682694812538,"Blastomere A"
"B1",0.498112323670262,"Blastomere A"
"B1",0.489366631804321,"Blastomere A"
"B1",0.500325925737557,"Blastomere A"
"B1",0.501619137868428,"Blastomere A"
"B1",0.496829413830702,"Blastomere A"
"B1",0.50657477018779,"Blastomere A"
"B1",0.4954209773083,"Blastomere A"
"B1",0.485973510986458,"Blastomere A"
"B1",0.502204546923684,"Blastomere A"
"B1",0.502407947584216,"Blastomere A"
"B1",0.505399556870925,"Blastomere A"
"B1",0.49858267644728,"Blastomere A"
"B1",0.495566941556008,"Blastomere A"
"B1",0.493445837297601,"Blastomere A"
"B1",0.494801554060516,"Blastomere A"
"B1",0.493004308466573,"Blastomere A"
"B1",0.487625034620605,"Blastomere A"
"B1",0.500488762279094,"Blastomere A"
"B1",0.504870432040857,"Blastomere A"
"B1",0.489644709568709,"Blastomere A"
"B1",0.498138614295975,"Blastomere A"
"B1",0.502043320292535,"Blastomere A"
"B1",0.488086582733822,"Blastomere A"
"B1",0.496253773496694,"Blastomere A"
"B1",0.503319682529985,"Blastomere A"
"B1",0.500938175223106,"Blastomere A"
"B1",0.507098932057029,"Blastomere A"
"B1",0.495372624185552,"Blastomere A"
"B1",0.500888314542049,"Blastomere A"
"B1",0.488605204512605,"Blastomere A"
"B1",0.498412788627946,"Blastomere A"
"B1",0.490517826500839,"Blastomere A"
"B1",0.498081792184341,"Blastomere A"
"B1",0.486969644726738,"Blastomere A"
"B1",0.512931906368466,"Blastomere A"
"B1",0.511405915268388,"Blastomere A"
"B1",0.486979198361249,"Blastomere A"
"B1",0.50498095154984,"Blastomere A"
"B1",0.504807128983418,"Blastomere A"
"B1",0.504050930202213,"Blastomere A"
"B1",0.501462587017224,"Blastomere A"
"B1",0.493018169270393,"Blastomere A"
"B1",0.4962740987054,"Blastomere A"
"B1",0.502104646425384,"Blastomere A"
"B1",0.509808770963334,"Blastomere A"
"B1",0.496949949401712,"Blastomere A"
"B1",0.486056905618915,"Blastomere A"
"B1",0.511432846313114,"Blastomere A"
"B1",0.498901942180561,"Blastomere A"
"B1",0.507911497468001,"Blastomere A"
"B1",0.494689105115774,"Blastomere A"
"B1",0.492614441057805,"Blastomere A"
"B1",0.49617544733837,"Blastomere A"
"B1",0.496796606941626,"Blastomere A"
"B1",0.501713881428463,"Blastomere A"
"B1",0.504611047857697,"Blastomere A"
"B1",0.481529343127118,"Blastomere A"
"B1",0.495948613409217,"Blastomere A"
"B1",0.505722280516438,"Blastomere A"
"B1",0.491299429669964,"Blastomere A"
"B1",0.502812716749709,"Blastomere A"
"B1",0.504729922684187,"Blastomere A"
"B1",0.504228543656001,"Blastomere A"
"B1",0.489602765876303,"Blastomere A"
"B1",0.496619167530707,"Blastomere A"
"B1",0.502424312712971,"Blastomere A"
"B1",0.505200851465419,"Blastomere A"
"B1",0.495447658325475,"Blastomere A"
"B1",0.503682082200134,"Blastomere A"
"B1",0.5019201215104,"Blastomere A"
"B1",0.48694174681701,"Blastomere A"
"B1",0.498068358904588,"Blastomere A"
"B1",0.502811372403336,"Blastomere A"
"B1",0.493551478657382,"Blastomere A"
"B1",0.50006433437118,"Blastomere A"
"B1",0.488889325785598,"Blastomere A"
"B1",0.497034866718919,"Blastomere A"
"B1",0.491143433223567,"Blastomere A"
"B1",0.497474693345782,"Blastomere A"
"B1",0.503031445633703,"Blastomere A"
"B1",0.510287591932196,"Blastomere A"
"B1",0.491556049244191,"Blastomere A"
"B1",0.502395653618387,"Blastomere A"
"B1",0.510307709143954,"Blastomere A"
"B1",0.508082721425744,"Blastomere A"
"B1",0.498989199647836,"Blastomere A"
"B1",0.490544055022185,"Blastomere A"
"B1",0.495359844147024,"Blastomere A"
"B1",0.49685926874393,"Blastomere A"
"B1",0.501636219102545,"Blastomere A"
"B1",0.491372808764693,"Blastomere A"
"B1",0.490702144630867,"Blastomere A"
"B1",0.498181941166035,"Blastomere A"
"B1",0.48822872073644,"Blastomere A"
"B1",0.508892622588872,"Blastomere A"
"B1",0.498688819655912,"Blastomere A"
"B1",0.497768768055728,"Blastomere A"
"B1",0.498475645550154,"Blastomere A"
"B1",0.49642336517607,"Blastomere A"
"B1",0.490267989618806,"Blastomere A"
"B1",0.500734814875441,"Blastomere A"
"B1",0.504956748696384,"Blastomere A"
"B1",0.502022118270127,"Blastomere A"
"B1",0.498140110123204,"Blastomere A"
"B1",0.494206379879271,"Blastomere A"
"B1",0.503816461570063,"Blastomere A"
"B1",0.496059002931406,"Blastomere A"
"B1",0.507043455709348,"Blastomere A"
"B1",0.501857720354689,"Blastomere A"
"B1",0.510847373351334,"Blastomere A"
"B1",0.49378011277316,"Blastomere A"
"B1",0.487636575027645,"Blastomere A"
"B1",0.501793932720861,"Blastomere A"
"B1",0.492774331966925,"Blastomere A"
"B1",0.493485394908876,"Blastomere A"
"B1",0.496066434178525,"Blastomere A"
"B1",0.501340185937733,"Blastomere A"
"B1",0.501971401191987,"Blastomere A"
"B1",0.492419850523475,"Blastomere A"
"B1",0.487706609175901,"Blastomere A"
"B1",0.491469719377459,"Blastomere A"
"B1",0.499396967269399,"Blastomere A"
"B1",0.500627477536773,"Blastomere A"
"B1",0.50391436356967,"Blastomere A"
"B1",0.498760487896205,"Blastomere A"
"B1",0.503461346123546,"Blastomere A"
"B1",0.519400235779724,"Blastomere A"
"B1",0.499670735835169,"Blastomere A"
"B1",0.482167178919416,"Blastomere A"
"B1",0.493083558979992,"Blastomere A"
"B1",0.48871106038749,"Blastomere A"
"B1",0.502892967978716,"Blastomere A"
"B1",0.49833181343888,"Blastomere A"
"B1",0.504824051072412,"Blastomere A"
"B1",0.501851122476674,"Blastomere A"
"B1",0.48962363594516,"Blastomere A"
"B1",0.505225752858363,"Blastomere A"
"B1",0.505907777989333,"Blastomere A"
"B1",0.498374237376292,"Blastomere A"
"B1",0.498822337472445,"Blastomere A"
"B1",0.494696404441032,"Blastomere A"
"B1",0.490306122016689,"Blastomere A"
"B1",0.504788297699779,"Blastomere A"
"B1",0.499587500116202,"Blastomere A"
"B1",0.504502430473443,"Blastomere A"
"B1",0.506899873483739,"Blastomere A"
"B1",0.496631582294475,"Blastomere A"
"B1",0.500745066254103,"Blastomere A"
"B1",0.497207639091515,"Blastomere A"
"B1",0.509913685110313,"Blastomere A"
"B1",0.49443108542146,"Blastomere A"
"B1",0.500194943019989,"Blastomere A"
"B1",0.498106728608733,"Blastomere A"
"B1",0.50032734098586,"Blastomere A"
"B1",0.505073084470052,"Blastomere A"
"B1",0.503863164319628,"Blastomere A"
"B1",0.499706620586667,"Blastomere A"
"B1",0.509748067701327,"Blastomere A"
"B1",0.498599345430506,"Blastomere A"
"B1",0.50472535812101,"Blastomere A"
"B1",0.502974444163663,"Blastomere A"
"B1",0.499981426209358,"Blastomere A"
"B1",0.498982467061067,"Blastomere A"
"B1",0.504543281861124,"Blastomere A"
"B1",0.498589892744162,"Blastomere A"
"B1",0.507687481713675,"Blastomere A"
"B1",0.484468484977309,"Blastomere A"
"B1",0.489305235932532,"Blastomere A"
"B1",0.492729533582206,"Blastomere A"
"B1",0.491879098784587,"Blastomere A"
"B1",0.496294743338095,"Blastomere A"
"B1",0.504903351394527,"Blastomere A"
"B1",0.494842168877724,"Blastomere A"
"B1",0.511940653518801,"Blastomere A"
"B1",0.497818360945288,"Blastomere A"
"B1",0.5076895347908,"Blastomere A"
"B1",0.494966143523538,"Blastomere A"
"B1",0.511103111404403,"Blastomere A"
"B1",0.500785700324851,"Blastomere A"
"B1",0.506019212041279,"Blastomere A"
"B1",0.49812682629092,"Blastomere A"
"B1",0.49555220991611,"Blastomere A"
"B1",0.496332806540581,"Blastomere A"
"B1",0.503068711695793,"Blastomere A"
"B1",0.504429596849225,"Blastomere A"
"B1",0.497502150990038,"Blastomere A"
"B1",0.492599346570233,"Blastomere A"
"B1",0.495748592409064,"Blastomere A"
"B1",0.500312308335515,"Blastomere A"
"B1",0.496228678771186,"Blastomere A"
"B1",0.503313950758558,"Blastomere A"
"B1",0.496708009741436,"Blastomere A"
"B1",0.501070751027736,"Blastomere A"
"B1",0.509300369656901,"Blastomere A"
"B1",0.486712194140101,"Blastomere A"
"B1",0.498529528908603,"Blastomere A"
"B1",0.507172468112068,"Blastomere A"
"B1",0.503847894731912,"Blastomere A"
"B1",0.499539482065027,"Blastomere A"
"B1",0.496027017240238,"Blastomere A"
"B1",0.495398612070517,"Blastomere A"
"B1",0.487166898524236,"Blastomere A"
"B1",0.506637100861222,"Blastomere A"
"B1",0.492272990411807,"Blastomere A"
"B1",0.500677133291687,"Blastomere A"
"B1",0.500731234944016,"Blastomere A"
"B1",0.494726763458235,"Blastomere A"
"B1",0.503957620818797,"Blastomere A"
"B1",0.485824139223982,"Blastomere A"
"B1",0.493427139008301,"Blastomere A"
"B1",0.49310496126674,"Blastomere A"
"B1",0.493584950927365,"Blastomere A"
"B1",0.502743000747151,"Blastomere A"
"B1",0.49925683170389,"Blastomere A"
"B1",0.503169613206678,"Blastomere A"
"B1",0.500849117681205,"Blastomere A"
"B1",0.500084754293989,"Blastomere A"
"B1",0.49946294434036,"Blastomere A"
"B1",0.505011840576074,"Blastomere A"
"B1",0.491696956346215,"Blastomere A"
"B1",0.502053555583734,"Blastomere A"
"B1",0.501442058780789,"Blastomere A"
"B1",0.502906915817639,"Blastomere A"
"B1",0.500222210934303,"Blastomere A"
"B1",0.506826270739511,"Blastomere A"
"B1",0.505748552508024,"Blastomere A"
"B1",0.499633237745548,"Blastomere A"
"B1",0.497045294360349,"Blastomere A"
"B1",0.502702994884819,"Blastomere A"
"B1",0.493806978924699,"Blastomere A"
"B1",0.50591017316792,"Blastomere A"
"B1",0.496676243196308,"Blastomere A"
"B1",0.503156825005123,"Blastomere A"
"B1",0.496878012007436,"Blastomere A"
"B1",0.499974294338739,"Blastomere A"
"B1",0.501293054255824,"Blastomere A"
"B1",0.488301764805231,"Blastomere A"
"B1",0.505111279553011,"Blastomere A"
"B1",0.485270422935621,"Blastomere A"
"B1",0.491252754469186,"Blastomere A"
"B1",0.489820778498498,"Blastomere A"
"B1",0.501007288255318,"Blastomere A"
"B1",0.509167887711962,"Blastomere A"
"B1",0.487678764583975,"Blastomere A"
"B1",0.501156365411646,"Blastomere A"
"B1",0.510432505212562,"Blastomere A"
"B1",0.499081970651551,"Blastomere A"
"B1",0.501044503381663,"Blastomere A"
"B1",0.4900703475466,"Blastomere A"
"B1",0.509197697953684,"Blastomere A"
"B1",0.507039954196395,"Blastomere A"
"B1",0.48698567784572,"Blastomere A"
"B1",0.502499032615335,"Blastomere A"
"B1",0.493938636794953,"Blastomere A"
"B1",0.50471946660482,"Blastomere A"
"B1",0.503590512980329,"Blastomere A"
"B1",0.491500981109847,"Blastomere A"
"B1",0.494774781031584,"Blastomere A"
"B1",0.499879322512368,"Blastomere A"
"B1",0.508734174869432,"Blastomere A"
"B1",0.50148720879739,"Blastomere A"
"B1",0.503948388828459,"Blastomere A"
"B1",0.492209125950533,"Blastomere A"
"B1",0.501077815372363,"Blastomere A"
"B1",0.500257366507749,"Blastomere A"
"B1",0.507864941716649,"Blastomere A"
"B1",0.494821869885759,"Blastomere A"
"B1",0.494763617495435,"Blastomere A"
"B1",0.490607733581423,"Blastomere A"
"B1",0.494526917425664,"Blastomere A"
"B1",0.500666979601561,"Blastomere A"
"B1",0.488319474438514,"Blastomere A"
"B1",0.505145004117024,"Blastomere A"
"B1",0.49624558438571,"Blastomere A"
"B1",0.490951164338898,"Blastomere A"
"B1",0.493777240344318,"Blastomere A"
"B1",0.490922730630221,"Blastomere A"
"B1",0.485576174290184,"Blastomere A"
"B1",0.506268076632572,"Blastomere A"
"B1",0.494355049550598,"Blastomere A"
"B1",0.511620646952382,"Blastomere A"
"B1",0.48955312373825,"Blastomere A"
"B1",0.504484154532605,"Blastomere A"
"B1",0.492331482541875,"Blastomere A"
"B1",0.496008275079789,"Blastomere A"
"B1",0.502477556559287,"Blastomere A"
"B1",0.498344124983975,"Blastomere A"
"B1",0.498652834746889,"Blastomere A"
"B1",0.496890370192935,"Blastomere A"
"B1",0.499620318409033,"Blastomere A"
"B1",0.494276947084432,"Blastomere A"
"B1",0.501563474628385,"Blastomere A"
"B1",0.498410177723596,"Blastomere A"
"B1",0.503880650387531,"Blastomere A"
"B1",0.507775027427457,"Blastomere A"
"B1",0.49404784493658,"Blastomere A"
"B1",0.493127648185248,"Blastomere A"
"B1",0.493271231812989,"Blastomere A"
"B1",0.497573613963227,"Blastomere A"
"B1",0.494613384443862,"Blastomere A"
"B1",0.503309123438305,"Blastomere A"
"B1",0.499787722236501,"Blastomere A"
"B1",0.49935773959465,"Blastomere A"
"B1",0.49026438457762,"Blastomere A"
"B1",0.491432725956681,"Blastomere A"
"B1",0.494329920103546,"Blastomere A"
"B1",0.507725649210801,"Blastomere A"
"B1",0.497395501467024,"Blastomere A"
"B1",0.502761120551383,"Blastomere A"
"B1",0.49127817795508,"Blastomere A"
"B1",0.49067728879547,"Blastomere A"
"B1",0.498841208692198,"Blastomere A"
"B1",0.488594332366654,"Blastomere A"
"B1",0.497900067825778,"Blastomere A"
"B1",0.502622178439862,"Blastomere A"
"B1",0.502896301455675,"Blastomere A"
"B1",0.498073681644421,"Blastomere A"
"B1",0.490737400006381,"Blastomere A"
"B1",0.499606414452773,"Blastomere A"
"B1",0.519678593668374,"Blastomere A"
"B1",0.495308131361474,"Blastomere A"
"B1",0.494816083758128,"Blastomere A"
"B1",0.508369799737094,"Blastomere A"
"B1",0.496991757059665,"Blastomere A"
"B1",0.501180775395314,"Blastomere A"
"B1",0.494897378727162,"Blastomere A"
"B1",0.493654681365923,"Blastomere A"
"B1",0.497629129574603,"Blastomere A"
"B1",0.497239097831947,"Blastomere A"
"B1",0.498908063799278,"Blastomere A"
"B1",0.486857236346163,"Blastomere A"
"B1",0.50002834769666,"Blastomere A"
"B1",0.498525345773408,"Blastomere A"
"B1",0.487264079566454,"Blastomere A"
"B1",0.499907865232155,"Blastomere A"
"B1",0.500121749135612,"Blastomere A"
"B1",0.491784220285121,"Blastomere A"
"B1",0.512849003795817,"Blastomere A"
"B1",0.516524748220107,"Blastomere A"
"B1",0.502673226621508,"Blastomere A"
"B1",0.501903968474797,"Blastomere A"
"B1",0.5071379639531,"Blastomere A"
"B1",0.510766724542185,"Blastomere A"
"B1",0.490580660023476,"Blastomere A"
"B1",0.498867669809928,"Blastomere A"
"B1",0.496601994519899,"Blastomere A"
"B1",0.493228593535534,"Blastomere A"
"B1",0.50667977528823,"Blastomere A"
"B1",0.499925289829403,"Blastomere A"
"B1",0.498547416049235,"Blastomere A"
"B1",0.482053429452349,"Blastomere A"
"B1",0.50005148302069,"Blastomere A"
"B1",0.501993692953796,"Blastomere A"
"B1",0.497288010460364,"Blastomere A"
"B1",0.498248923604252,"Blastomere A"
"B1",0.503918165584233,"Blastomere A"
"B1",0.492793575121937,"Blastomere A"
"B1",0.498464233400392,"Blastomere A"
"B1",0.496021593077791,"Blastomere A"
"B1",0.486177029688999,"Blastomere A"
"B1",0.498042262035148,"Blastomere A"
"B1",0.497221638405446,"Blastomere A"
"B1",0.4951605096824,"Blastomere A"
"B1",0.504798576470105,"Blastomere A"
"B1",0.513232632839141,"Blastomere A"
"B1",0.491454309837399,"Blastomere A"
"B1",0.503739734288731,"Blastomere A"
"B1",0.493651281923522,"Blastomere A"
"B1",0.50430486090995,"Blastomere A"
"B1",0.503664224956715,"Blastomere A"
"B1",0.502436279560668,"Blastomere A"
"B1",0.497981570700694,"Blastomere A"
"B1",0.502373056719692,"Blastomere A"
"B1",0.504427720654931,"Blastomere A"
"B1",0.500350589587793,"Blastomere A"
"B1",0.491241886552756,"Blastomere A"
"B1",0.511503104426788,"Blastomere A"
"B1",0.4924529185319,"Blastomere A"
"B1",0.510583138220864,"Blastomere A"
"B1",0.498850428630174,"Blastomere A"
"B1",0.498455764207981,"Blastomere A"
"B1",0.500137507431995,"Blastomere A"
"B1",0.496633507714481,"Blastomere A"
"B1",0.496018109597846,"Blastomere A"
"B1",0.501082718682791,"Blastomere A"
"B1",0.497421076098425,"Blastomere A"
"B1",0.500898736743576,"Blastomere A"
"B1",0.502747038195825,"Blastomere A"
"B1",0.493799319109159,"Blastomere A"
"B1",0.495605166708692,"Blastomere A"
"B1",0.504993080606544,"Blastomere A"
"B1",0.506781879914844,"Blastomere A"
"B1",0.486801499563199,"Blastomere A"
"B1",0.503595100024836,"Blastomere A"
"B1",0.504473858880141,"Blastomere A"
"B1",0.499758706398998,"Blastomere A"
"B1",0.498690738270415,"Blastomere A"
"B1",0.497631591799931,"Blastomere A"
"B1",0.498507177307727,"Blastomere A"
"B1",0.500561551347252,"Blastomere A"
"B1",0.500688844257612,"Blastomere A"
"B1",0.508809487444845,"Blastomere A"
"B1",0.502930166199859,"Blastomere A"
"B1",0.506462477438243,"Blastomere A"
"B1",0.49894802591612,"Blastomere A"
"B1",0.492269150179165,"Blastomere A"
"B1",0.496591629865478,"Blastomere A"
"B1",0.510064091354583,"Blastomere A"
"B1",0.492351629957853,"Blastomere A"
"B1",0.496393090292344,"Blastomere A"
"B1",0.494459761203065,"Blastomere A"
"B1",0.502719575372369,"Blastomere A"
"B1",0.496170201935416,"Blastomere A"
"B1",0.498465128431161,"Blastomere A"
"B1",0.502069583104421,"Blastomere A"
"B1",0.503843334694064,"Blastomere A"
"B1",0.4907421899079,"Blastomere A"
"B1",0.50360281835477,"Blastomere A"
"B1",0.504519121531293,"Blastomere A"
"B1",0.506166428914289,"Blastomere A"
"B1",0.491875019053614,"Blastomere A"
"B1",0.496507370270169,"Blastomere A"
"B1",0.498504611260001,"Blastomere A"
"B1",0.493384749506459,"Blastomere A"
"B1",0.497727848349279,"Blastomere A"
"B1",0.508095286413793,"Blastomere A"
"B1",0.495632447449602,"Blastomere A"
"B1",0.499996100139187,"Blastomere A"
"B1",0.492032263029718,"Blastomere A"
"B1",0.500524235796764,"Blastomere A"
"B1",0.495485811782191,"Blastomere A"
"B1",0.497561677956733,"Blastomere A"
"B1",0.508456195845724,"Blastomere A"
"B1",0.507231285168084,"Blastomere A"
"B1",0.494837514238889,"Blastomere A"
"B1",0.505517584467216,"Blastomere A"
"B1",0.504861374626222,"Blastomere A"
"B1",0.507109849344043,"Blastomere A"
"B1",0.506548892991352,"Blastomere A"
"B1",0.494899477672296,"Blastomere A"
"B1",0.508813024983385,"Blastomere A"
"B1",0.495109185493293,"Blastomere A"
"B1",0.497864607638735,"Blastomere A"
"B1",0.505573567906771,"Blastomere A"
"B1",0.503894308945938,"Blastomere A"
"B1",0.504976353781394,"Blastomere A"
"B1",0.493064058119135,"Blastomere A"
"B1",0.494506600457459,"Blastomere A"
"B1",0.49585962753869,"Blastomere A"
"B1",0.500685182192116,"Blastomere A"
"B1",0.504872580645499,"Blastomere A"
"B1",0.504484628045085,"Blastomere A"
"B1",0.495566064281799,"Blastomere A"
"B1",0.503756543078949,"Blastomere A"
"B1",0.499268021374471,"Blastomere A"
"B1",0.498905452621673,"Blastomere A"
"B1",0.498676975932616,"Blastomere A"
"B1",0.502056406587548,"Blastomere A"
"B1",0.495384591431124,"Blastomere A"
"B1",0.495992608759463,"Blastomere A"
"B1",0.495210499642002,"Blastomere A"
"B1",0.501079638076839,"Blastomere A"
"B1",0.506950372963967,"Blastomere A"
"B1",0.50098906158011,"Blastomere A"
"B1",0.494921343355939,"Blastomere A"
"B1",0.497271307109137,"Blastomere A"
"B1",0.491240742074246,"Blastomere A"
"B1",0.504012586875875,"Blastomere A"
"B1",0.510151305596289,"Blastomere A"
"B1",0.503269386877846,"Blastomere A"
"B1",0.494172462863497,"Blastomere A"
"B1",0.516848848825249,"Blastomere A"
"B1",0.492540498562703,"Blastomere A"
"B1",0.502183276889311,"Blastomere A"
"B1",0.491688252821584,"Blastomere A"
"B1",0.497656580233138,"Blastomere A"
"B1",0.498206611195768,"Blastomere A"
"B1",0.501370956915411,"Blastomere A"
"B1",0.49675802972978,"Blastomere A"
"B1",0.512597796429148,"Blastomere A"
"B1",0.500020864223577,"Blastomere A"
"B1",0.486358803266034,"Blastomere A"
"B1",0.491302129026626,"Blastomere A"
"B1",0.486716222350166,"Blastomere A"
"B1",0.494654212657447,"Blastomere A"
"B1",0.489646434356285,"Blastomere A"
"B1",0.494423928202818,"Blastomere A"
"B1",0.496852000228851,"Blastomere A"
"B1",0.500045548963319,"Blastomere A"
"B1",0.497242713028903,"Blastomere A"
"B1",0.490059550745525,"Blastomere A"
"B1",0.502511853650031,"Blastomere A"
"B1",0.486479002010975,"Blastomere A"
"B1",0.501897378023993,"Blastomere A"
"B1",0.500464856721415,"Blastomere A"
"B1",0.488774798216913,"Blastomere A"
"B1",0.492138770555564,"Blastomere A"
"B1",0.500984346150391,"Blastomere A"
"B1",0.50146529535189,"Blastomere A"
"B1",0.491378151024822,"Blastomere A"
"B1",0.498761110500048,"Blastomere A"
"B1",0.508202021570901,"Blastomere A"
"B1",0.510494634562054,"Blastomere A"
"B1",0.503333533532833,"Blastomere A"
"B1",0.488068659942897,"Blastomere A"
"B1",0.496763738137084,"Blastomere A"
"B1",0.485063069114238,"Blastomere A"
"B1",0.495385890094544,"Blastomere A"
"B1",0.494001109030535,"Blastomere A"
"B1",0.503509646435632,"Blastomere A"
"B1",0.511508072296903,"Blastomere A"
"B1",0.49630451336766,"Blastomere A"
"B1",0.499555997379313,"Blastomere A"
"B1",0.497681184250026,"Blastomere A"
"B1",0.503864090497956,"Blastomere A"
"B1",0.515928831424327,"Blastomere A"
"B1",0.505518061093676,"Blastomere A"
"B1",0.502043757622957,"Blastomere A"
"B1",0.487731972957249,"Blastomere A"
"B1",0.503749824205583,"Blastomere A"
"B1",0.510478655690096,"Blastomere A"
"B1",0.503574604493407,"Blastomere A"
"B1",0.489261850020293,"Blastomere A"
"B1",0.500323571716777,"Blastomere A"
"B1",0.498005736695638,"Blastomere A"
"B1",0.506787813281701,"Blastomere A"
"B1",0.503374173798775,"Blastomere A"
"B1",0.49989324003402,"Blastomere A"
"B1",0.509349651938314,"Blastomere A"
"B1",0.496040470873078,"Blastomere A"
"B1",0.496181284279989,"Blastomere A"
"B1",0.48600850314402,"Blastomere A"
"B1",0.490599496302304,"Blastomere A"
"B1",0.499158400497196,"Blastomere A"
"B1",0.4947527110368,"Blastomere A"
"B1",0.496280567231046,"Blastomere A"
"B1",0.490928200220108,"Blastomere A"
"B1",0.498737151762401,"Blastomere A"
"B1",0.491556715356519,"Blastomere A"
"B1",0.50229311981799,"Blastomere A"
"B1",0.497710951034896,"Blastomere A"
"B1",0.512364772584565,"Blastomere A"
"B1",0.510573787248556,"Blastomere A"
"B1",0.493245093581918,"Blastomere A"
"B1",0.492386222359741,"Blastomere A"
"B1",0.50350937925831,"Blastomere A"
"B1",0.488195644129305,"Blastomere A"
"B1",0.492245322838387,"Blastomere A"
"B1",0.50745195573468,"Blastomere A"
"B1",0.502295175794253,"Blastomere A"
"B1",0.512509445957388,"Blastomere A"
"B1",0.508340263821486,"Blastomere A"
"B1",0.508144279227165,"Blastomere A"
"B1",0.491814819755528,"Blastomere A"
"B1",0.491879086089138,"Blastomere A"
"B1",0.479492399718476,"Blastomere A"
"B1",0.490930352475774,"Blastomere A"
"B1",0.495219349864247,"Blastomere A"
"B1",0.495233885206665,"Blastomere A"
"B1",0.510143199685438,"Blastomere A"
"B1",0.504512768172902,"Blastomere A"
"B1",0.495533249155924,"Blastomere A"
"B1",0.49731602321087,"Blastomere A"
"B1",0.494134571695226,"Blastomere A"
"B1",0.501752593725686,"Blastomere A"
"B1",0.499767138890115,"Blastomere A"
"B1",0.494844425968094,"Blastomere A"
"B1",0.500938225580017,"Blastomere A"
"B1",0.51221936711456,"Blastomere A"
"B1",0.493756583031305,"Blastomere A"
"B1",0.498991110429272,"Blastomere A"
"B1",0.505288291714785,"Blastomere A"
"B1",0.50578199481203,"Blastomere A"
"B1",0.502772012242998,"Blastomere A"
"B1",0.49741283803544,"Blastomere A"
"B1",0.49746701006463,"Blastomere A"
"B1",0.492504849314514,"Blastomere A"
"B1",0.490200199490899,"Blastomere A"
"B1",0.484017357523995,"Blastomere A"
"B1",0.500298122456649,"Blastomere A"
"B1",0.500296063249088,"Blastomere A"
"B1",0.489707266874541,"Blastomere A"
"B1",0.51018614657574,"Blastomere A"
"B1",0.500068581907106,"Blastomere A"
"B1",0.503253010925479,"Blastomere A"
"B1",0.499884020956838,"Blastomere A"
"B1",0.498195838239454,"Blastomere A"
"B1",0.500309295238498,"Blastomere A"
"B1",0.499461055032597,"Blastomere A"
"B1",0.496192695101182,"Blastomere A"
"B1",0.502634017172253,"Blastomere A"
"B1",0.496198029352366,"Blastomere A"
"B1",0.50658885120776,"Blastomere A"
"B1",0.501555804971297,"Blastomere A"
"B1",0.501851352311906,"Blastomere A"
"B1",0.4940934232908,"Blastomere A"
"B1",0.5005562987537,"Blastomere A"
"B1",0.501294001355808,"Blastomere A"
"B1",0.4971020851266,"Blastomere A"
"B1",0.49727018021124,"Blastomere A"
"B1",0.501588156901753,"Blastomere A"
"B1",0.506970911002692,"Blastomere A"
"B1",0.494312182135585,"Blastomere A"
"B1",0.481931545276936,"Blastomere A"
"B1",0.498048700126397,"Blastomere A"
"B1",0.503702938796665,"Blastomere A"
"B1",0.500047724413207,"Blastomere A"
"B1",0.503404402183609,"Blastomere A"
"B1",0.513926947700781,"Blastomere A"
"B1",0.497721707872305,"Blastomere A"
"B1",0.494630083373095,"Blastomere A"
"B1",0.500187258849576,"Blastomere A"
"B1",0.499920983931351,"Blastomere A"
"B1",0.500390268565702,"Blastomere A"
"B1",0.514376487009393,"Blastomere A"
"B1",0.498986739853257,"Blastomere A"
"B1",0.487857172947406,"Blastomere A"
"B1",0.497838527216686,"Blastomere A"
"B1",0.496304662250935,"Blastomere A"
"B1",0.492769334415168,"Blastomere A"
"B1",0.509996851126277,"Blastomere A"
"B1",0.504551720847691,"Blastomere A"
"B1",0.50847428510607,"Blastomere A"
"B1",0.502032030938428,"Blastomere A"
"B1",0.508440516426636,"Blastomere A"
"B1",0.497636548572178,"Blastomere A"
"B1",0.493176409712962,"Blastomere A"
"B1",0.491257145326094,"Blastomere A"
"B1",0.504637365348773,"Blastomere A"
"B1",0.510953694786961,"Blastomere A"
"B1",0.49567630928714,"Blastomere A"
"B1",0.492750389294592,"Blastomere A"
"B1",0.49847998749451,"Blastomere A"
"B1",0.488452202937664,"Blastomere A"
"B1",0.503450156048242,"Blastomere A"
"B1",0.50046359013562,"Blastomere A"
"B1",0.505684687772217,"Blastomere A"
"B1",0.504486050029038,"Blastomere A"
"B1",0.512526607007515,"Blastomere A"
"B1",0.49951040540825,"Blastomere A"
"B1",0.489070635753668,"Blastomere A"
"B1",0.508109255233331,"Blastomere A"
"B1",0.505525835899835,"Blastomere A"
"B1",0.505226488499912,"Blastomere A"
"B1",0.494798264705569,"Blastomere A"
"B1",0.503977575676659,"Blastomere A"
"B1",0.501660075935268,"Blastomere A"
"B1",0.494712234370215,"Blastomere A"
"B1",0.493915258574678,"Blastomere A"
"B1",0.506832014042466,"Blastomere A"
"B1",0.504028177899618,"Blastomere A"
"B1",0.491561986044835,"Blastomere A"
"B1",0.499747763427724,"Blastomere A"
"B1",0.492349892976076,"Blastomere A"
"B1",0.498209650363868,"Blastomere A"
"B1",0.512541397834674,"Blastomere A"
"B1",0.503112470916806,"Blastomere A"
"B1",0.49523336360769,"Blastomere A"
"B1",0.495631607558007,"Blastomere A"
"B1",0.497270141242508,"Blastomere A"
"B1",0.495781430300143,"Blastomere A"
"B1",0.49792877398344,"Blastomere A"
"B1",0.490998938198037,"Blastomere A"
"B1",0.487331309447586,"Blastomere A"
"B1",0.50143992465059,"Blastomere A"
"B1",0.501953421881365,"Blastomere A"
"B1",0.506917886553824,"Blastomere A"
"B1",0.487414066562871,"Blastomere A"
"B1",0.505206572595187,"Blastomere A"
"B1",0.508659399245337,"Blastomere A"
"B1",0.516024360348959,"Blastomere A"
"B1",0.498770760448338,"Blastomere A"
"B1",0.518078023668599,"Blastomere A"
"B1",0.494690119559844,"Blastomere A"
"B1",0.491905431147888,"Blastomere A"
"B1",0.494268068487087,"Blastomere A"
"B1",0.489294695827307,"Blastomere A"
"B1",0.499621373005687,"Blastomere A"
"B1",0.494941476454069,"Blastomere A"
"B1",0.49109270507802,"Blastomere A"
"B1",0.498633162818644,"Blastomere A"
"B1",0.506017332592692,"Blastomere A"
"B1",0.498967361405637,"Blastomere A"
"B1",0.497239083424684,"Blastomere A"
"B1",0.503068163773402,"Blastomere A"
"B1",0.502431157505413,"Blastomere A"
"B1",0.497067186958671,"Blastomere A"
"B1",0.504914478321371,"Blastomere A"
"B1",0.497212194142828,"Blastomere A"
"B1",0.511817654242763,"Blastomere A"
"B1",0.501233331194977,"Blastomere A"
"B1",0.507269062151729,"Blastomere A"
"B1",0.50812179477193,"Blastomere A"
"B1",0.496064920461512,"Blastomere A"
"B1",0.498295296403006,"Blastomere A"
"B1",0.506484040468303,"Blastomere A"
"B1",0.4936982999381,"Blastomere A"
"B1",0.499834562106256,"Blastomere A"
"B1",0.493370934251136,"Blastomere A"
"B1",0.487249377463017,"Blastomere A"
"B1",0.508724894099302,"Blastomere A"
"B1",0.493865117144068,"Blastomere A"
"B1",0.509250066121342,"Blastomere A"
"B1",0.500450471785047,"Blastomere A"
"B1",0.489849833029762,"Blastomere A"
"B1",0.504909269392565,"Blastomere A"
"B1",0.49952981582982,"Blastomere A"
"B1",0.506635603410799,"Blastomere A"
"B1",0.510486462087774,"Blastomere A"
"B1",0.50213910659659,"Blastomere A"
"B1",0.496372355565755,"Blastomere A"
"B1",0.489912053304023,"Blastomere A"
"B1",0.494783228639311,"Blastomere A"
"B1",0.499545809980973,"Blastomere A"
"B1",0.495852591726796,"Blastomere A"
"B1",0.489244036944427,"Blastomere A"
"B1",0.507548215416617,"Blastomere A"
"B1",0.49875278128512,"Blastomere A"
"B1",0.493998918634475,"Blastomere A"
"B1",0.492601571554199,"Blastomere A"
"B1",0.50112186215805,"Blastomere A"
"B1",0.502425364324683,"Blastomere A"
"B1",0.497064113867043,"Blastomere A"
"B1",0.49905603061719,"Blastomere A"
"B1",0.490982518603465,"Blastomere A"
"B1",0.500172758834004,"Blastomere A"
"B1",0.491607346703278,"Blastomere A"
"B1",0.502611499913716,"Blastomere A"
"B1",0.505006757762399,"Blastomere A"
"B1",0.50347133624384,"Blastomere A"
"B1",0.496512286972805,"Blastomere A"
"B1",0.498887292288782,"Blastomere A"
"B1",0.493472113659112,"Blastomere A"
"B1",0.507862588773343,"Blastomere A"
"B1",0.487158890915636,"Blastomere A"
"B1",0.496206210686801,"Blastomere A"
"B1",0.497977880455783,"Blastomere A"
"B1",0.498024357964944,"Blastomere A"
"B1",0.488891246321953,"Blastomere A"
"B1",0.492256392013632,"Blastomere A"
"B1",0.504862856186918,"Blastomere A"
"B1",0.512228215157856,"Blastomere A"
"B1",0.500663038530632,"Blastomere A"
"B1",0.500980419471168,"Blastomere A"
"B1",0.505284578432027,"Blastomere A"
"B1",0.502450755422516,"Blastomere A"
"B1",0.496353679477923,"Blastomere A"
"B1",0.504415281401984,"Blastomere A"
"B1",0.503984461402095,"Blastomere A"
"B1",0.50451834235302,"Blastomere A"
"B1",0.487756104981936,"Blastomere A"
"B1",0.500912004302451,"Blastomere A"
"B1",0.502858202868458,"Blastomere A"
"B1",0.503226628431962,"Blastomere A"
"B1",0.492252341687305,"Blastomere A"
"B1",0.50058580279498,"Blastomere A"
"B1",0.503784853298614,"Blastomere A"
"B1",0.492561184898016,"Blastomere A"
"B1",0.494566946399484,"Blastomere A"
"B1",0.496874630197584,"Blastomere A"
"B1",0.500003030546998,"Blastomere A"
"B1",0.493043816072683,"Blastomere A"
"B1",0.488993755792331,"Blastomere A"
"B1",0.504725809152612,"Blastomere A"
"B1",0.505557122460443,"Blastomere A"
"B1",0.504372343910385,"Blastomere A"
"B1",0.508580474149131,"Blastomere A"
"B1",0.5034547502843,"Blastomere A"
"B1",0.509462763446161,"Blastomere A"
"B1",0.490884211015881,"Blastomere A"
"B1",0.492607232993409,"Blastomere A"
"B1",0.491073712589965,"Blastomere A"
"B1",0.492646095328461,"Blastomere A"
"B1",0.501796777974229,"Blastomere A"
"B1",0.500680575114716,"Blastomere A"
"B1",0.495733064199306,"Blastomere A"
"B1",0.499636083341803,"Blastomere A"
"B1",0.507875017350373,"Blastomere A"
"B1",0.496485378068774,"Blastomere A"
"B1",0.496839243345815,"Blastomere A"
"B1",0.50894529870645,"Blastomere A"
"B1",0.512356010866613,"Blastomere A"
"B1",0.499545924745437,"Blastomere A"
"B1",0.483453068641349,"Blastomere A"
"B1",0.491254553155012,"Blastomere A"
"B1",0.493207982042672,"Blastomere A"
"B1",0.495249151439437,"Blastomere A"
"B1",0.484892729904472,"Blastomere A"
"B1",0.494623224462182,"Blastomere A"
"B1",0.499385963550314,"Blastomere A"
"B1",0.492973683094567,"Blastomere A"
"B1",0.5058359776504,"Blastomere A"
"B1",0.499349613674923,"Blastomere A"
"B1",0.500851102514488,"Blastomere A"
"B1",0.505454517022665,"Blastomere A"
"B1",0.496917453332936,"Blastomere A"
"B1",0.5032837233034,"Blastomere A"
"B1",0.499846729460384,"Blastomere A"
"B1",0.491422464462836,"Blastomere A"
"B1",0.511572923426994,"Blastomere A"
"B1",0.489526010286466,"Blastomere A"
"B1",0.49954559259012,"Blastomere A"
"B1",0.497427828997504,"Blastomere A"
"B1",0.498798083223177,"Blastomere A"
"B1",0.497808442543373,"Blastomere A"
"B1",0.488641144171405,"Blastomere A"
"B1",0.504443406318925,"Blastomere A"
"B1",0.504612211766704,"Blastomere A"
"B1",0.497865638518149,"Blastomere A"
"B1",0.498352774555423,"Blastomere A"
"B1",0.499080313974975,"Blastomere A"
"B1",0.498893469527042,"Blastomere A"
"B1",0.500057900145117,"Blastomere A"
"B1",0.503711565205927,"Blastomere A"
"B1",0.501265825570294,"Blastomere A"
"B1",0.494474589201762,"Blastomere A"
"B1",0.49394310709061,"Blastomere A"
"B1",0.497554555126244,"Blastomere A"
"B1",0.498229790055296,"Blastomere A"
"B1",0.509996235029826,"Blastomere A"
"B1",0.508489092176527,"Blastomere A"
"B1",0.492315778448708,"Blastomere A"
"B1",0.49663026781073,"Blastomere A"
"B1",0.493199322029636,"Blastomere A"
"B1",0.49950601574611,"Blastomere A"
"B1",0.50179105000365,"Blastomere A"
"B1",0.507976421690223,"Blastomere A"
"B1",0.488120694279179,"Blastomere A"
"B1",0.504760504832559,"Blastomere A"
"B1",0.497142419736075,"Blastomere A"
"B1",0.498980843415224,"Blastomere A"
"B1",0.513000459667621,"Blastomere A"
"B1",0.507517576827406,"Blastomere A"
"B1",0.482475525148799,"Blastomere A"
"B1",0.503572760067936,"Blastomere A"
"B1",0.501243293745169,"Blastomere A"
"B1",0.49546699716989,"Blastomere A"
"B1",0.491191288515947,"Blastomere A"
"B1",0.501011557768358,"Blastomere A"
"B1",0.500315943700913,"Blastomere A"
"B1",0.486616931640985,"Blastomere A"
"B1",0.50457135387082,"Blastomere A"
"B1",0.500844887416878,"Blastomere A"
"B1",0.50517517934859,"Blastomere A"
"B1",0.501096887484396,"Blastomere A"
"B1",0.498788605346356,"Blastomere A"
"B1",0.500038028758847,"Blastomere A"
"B1",0.49281070690073,"Blastomere A"
"B1",0.498490785209147,"Blastomere A"
"B1",0.491397893175425,"Blastomere A"
"B1",0.504196519855072,"Blastomere A"
"B1",0.498328385917925,"Blastomere A"
"B1",0.500581838214737,"Blastomere A"
"B1",0.499473728535048,"Blastomere A"
"B1",0.491082395042596,"Blastomere A"
"B1",0.494618407645118,"Blastomere A"
"B1",0.495170918017119,"Blastomere A"
"B1",0.490170308879182,"Blastomere A"
"B1",0.496360448812747,"Blastomere A"
"B1",0.501057985512339,"Blastomere A"
"B1",0.485526250245372,"Blastomere A"
"B1",0.509005795840596,"Blastomere A"
"B1",0.510962411111638,"Blastomere A"
"B1",0.507624131972963,"Blastomere A"
"B1",0.491774812942864,"Blastomere A"
"B1",0.492432271765938,"Blastomere A"
"B1",0.508384552671604,"Blastomere A"
"B1",0.500145045090734,"Blastomere A"
"B1",0.484539832693204,"Blastomere A"
"B1",0.506802402271413,"Blastomere A"
"B1",0.491004552379877,"Blastomere A"
"B1",0.503657014717362,"Blastomere A"
"B1",0.486264761295438,"Blastomere A"
"B1",0.495396203349144,"Blastomere A"
"B1",0.499885910792369,"Blastomere A"
"B1",0.498650737004873,"Blastomere A"
"B1",0.495639333107968,"Blastomere A"
"B1",0.507193760960204,"Blastomere A"
"B1",0.488828816983893,"Blastomere A"
"B1",0.513263929248849,"Blastomere A"
"B1",0.494926464253482,"Blastomere A"
"B1",0.502457121117235,"Blastomere A"
"B1",0.497589710775345,"Blastomere A"
"B1",0.492582074435294,"Blastomere A"
"B1",0.486091396234669,"Blastomere A"
"B1",0.504159135761296,"Blastomere A"
"B1",0.494711604775606,"Blastomere A"
"B1",0.495947446116205,"Blastomere A"
"B1",0.504872488120424,"Blastomere A"
"B1",0.498163103839056,"Blastomere A"
"B1",0.506660283276685,"Blastomere A"
"B1",0.502072197605272,"Blastomere A"
"B1",0.503563892373261,"Blastomere A"
"B1",0.494235084319796,"Blastomere A"
"B1",0.490305330814977,"Blastomere A"
"B1",0.505808052670959,"Blastomere A"
"B1",0.509588063217545,"Blastomere A"
"B1",0.501433805943429,"Blastomere A"
"B1",0.504761385936696,"Blastomere A"
"B1",0.495438294215687,"Blastomere A"
"B1",0.508245105641564,"Blastomere A"
"B1",0.494997102282255,"Blastomere A"
"B1",0.505579700766766,"Blastomere A"
"B1",0.496616883747867,"Blastomere A"
"B1",0.499888211072543,"Blastomere A"
"B1",0.503522076039443,"Blastomere A"
"B1",0.513309561953141,"Blastomere A"
"B1",0.503886280296156,"Blastomere A"
"B1",0.508143103271113,"Blastomere A"
"B1",0.506405510159277,"Blastomere A"
"B1",0.493929986525269,"Blastomere A"
"B1",0.485842844276176,"Blastomere A"
"B1",0.503516999239676,"Blastomere A"
"B1",0.498687505930179,"Blastomere A"
"B1",0.502797881778067,"Blastomere A"
"B1",0.493282689810758,"Blastomere A"
"B1",0.504034002724166,"Blastomere A"
"B1",0.49547553783296,"Blastomere A"
"B1",0.499222985011337,"Blastomere A"
"B1",0.505949898403386,"Blastomere A"
"B1",0.49799444791938,"Blastomere A"
"B1",0.495834396445156,"Blastomere A"
"B1",0.501250954492562,"Blastomere A"
"B1",0.483476962250975,"Blastomere A"
"B1",0.499825704747345,"Blastomere A"
"B1",0.503505287092183,"Blastomere A"
"B1",0.504552625863117,"Blastomere A"
"B1",0.491979862139673,"Blastomere A"
"B1",0.491479231642358,"Blastomere A"
"B1",0.501058414216829,"Blastomere A"
"B1",0.498210739085435,"Blastomere A"
"B1",0.511352016941236,"Blastomere A"
"B1",0.504097891467876,"Blastomere A"
"B1",0.498112908093503,"Blastomere A"
"B1",0.49999785571637,"Blastomere A"
"B1",0.500093141344301,"Blastomere A"
"B1",0.492441177594286,"Blastomere A"
"B1",0.496217439414033,"Blastomere A"
"B1",0.503202865571796,"Blastomere A"
"B1",0.50046610505207,"Blastomere A"
"B1",0.488979691398109,"Blastomere A"
"B1",0.489325635914747,"Blastomere A"
"B1",0.497031894651384,"Blastomere A"
"B1",0.517020780179422,"Blastomere A"
"B1",0.486862063091411,"Blastomere A"
"B1",0.51039355140788,"Blastomere A"
"B1",0.50297594561594,"Blastomere A"
"B1",0.502519951397523,"Blastomere A"
"B1",0.501171458451392,"Blastomere A"
"B1",0.501572378476208,"Blastomere A"
"B1",0.490500864477478,"Blastomere A"
"B1",0.494621304793579,"Blastomere A"
"B1",0.498445810870583,"Blastomere A"
"B1",0.508679299849129,"Blastomere A"
"B1",0.499448315161006,"Blastomere A"
"B1",0.499049657686669,"Blastomere A"
"B1",0.497570510631726,"Blastomere A"
"B1",0.503431010630615,"Blastomere A"
"B1",0.494811829142968,"Blastomere A"
"B1",0.489237876482908,"Blastomere A"
"B1",0.495166401448571,"Blastomere A"
"B1",0.504055747752627,"Blastomere A"
"B1",0.494022560988957,"Blastomere A"
"B1",0.489687079301419,"Blastomere A"
"B1",0.487572060625887,"Blastomere A"
"B1",0.494267826744715,"Blastomere A"
"B1",0.494950805957322,"Blastomere A"
"B1",0.50371787239961,"Blastomere A"
"B1",0.503418080176116,"Blastomere A"
"B1",0.504090381984368,"Blastomere A"
"B1",0.501703113853731,"Blastomere A"
"B1",0.491921709140735,"Blastomere A"
"B1",0.496182568579461,"Blastomere A"
"B1",0.506750675372945,"Blastomere A"
"B1",0.498008356800552,"Blastomere A"
"B1",0.4936076475471,"Blastomere A"
"B1",0.497891391682213,"Blastomere A"
"B1",0.500173408300508,"Blastomere A"
"B1",0.494938721933478,"Blastomere A"
"B1",0.495455316794905,"Blastomere A"
"B1",0.493021821410759,"Blastomere A"
"B1",0.483700154457614,"Blastomere A"
"B1",0.49426935516869,"Blastomere A"
"B1",0.502040863843494,"Blastomere A"
"B1",0.48749764502381,"Blastomere A"
"B1",0.512340925712812,"Blastomere A"
"B1",0.506815378071425,"Blastomere A"
"B1",0.504018899014717,"Blastomere A"
"B1",0.491145743853231,"Blastomere A"
"B1",0.500415749318971,"Blastomere A"
"B1",0.503263652214785,"Blastomere A"
"B1",0.481138636561219,"Blastomere A"
"B1",0.494497060177671,"Blastomere A"
"B1",0.495205613944668,"Blastomere A"
"B1",0.502400499401524,"Blastomere A"
"B1",0.498545870625699,"Blastomere A"
"B1",0.50068520888114,"Blastomere A"
"B1",0.500282354993798,"Blastomere A"
"B1",0.494671427833623,"Blastomere A"
"B1",0.496817706087448,"Blastomere A"
"B1",0.497082921388706,"Blastomere A"
"B1",0.488796503549357,"Blastomere A"
"B1",0.494268232143433,"Blastomere A"
"B1",0.50290072283468,"Blastomere A"
"B1",0.477875514133154,"Blastomere A"
"B1",0.504277656273577,"Blastomere A"
"B1",0.507244772637243,"Blastomere A"
"B1",0.500295906282443,"Blastomere A"
"B1",0.503819998341575,"Blastomere A"
"B1",0.497076559002354,"Blastomere A"
"B1",0.507724222961734,"Blastomere A"
"B1",0.49647012323,"Blastomere A"
"B1",0.505991452545545,"Blastomere A"
"B1",0.494452442774816,"Blastomere A"
"B1",0.497547588666709,"Blastomere A"
"B1",0.508994950844962,"Blastomere A"
"B1",0.50551387845321,"Blastomere A"
"B1",0.497125730164112,"Blastomere A"
"B1",0.493567473915735,"Blastomere A"
"B1",0.497398659467816,"Blastomere A"
"B1",0.510869794888623,"Blastomere A"
"B1",0.503541564349249,"Blastomere A"
"B1",0.500638714726073,"Blastomere A"
"B1",0.494191007166428,"Blastomere A"
"B1",0.511409942155276,"Blastomere A"
"B1",0.497171661012289,"Blastomere A"
"B1",0.491775906950106,"Blastomere A"
"B1",0.500376046518015,"Blastomere A"
"B1",0.504176367321146,"Blastomere A"
"B1",0.511670336474119,"Blastomere A"
"B1",0.494698845108039,"Blastomere A"
"B1",0.502356696109952,"Blastomere A"
"B1",0.500584810976092,"Blastomere A"
"B1",0.505354012409,"Blastomere A"
"B1",0.509363695716825,"Blastomere A"
"B1",0.489365970607561,"Blastomere A"
"B1",0.496813214390471,"Blastomere A"
"B1",0.51103304717219,"Blastomere A"
"B1",0.509615311419988,"Blastomere A"
"B1",0.497654866124497,"Blastomere A"
"B1",0.501384369237346,"Blastomere A"
"B1",0.502010298941307,"Blastomere A"
"B1",0.492121831292303,"Blastomere A"
"B1",0.505560026255308,"Blastomere A"
"B1",0.505786334675797,"Blastomere A"
"B1",0.494918553356501,"Blastomere A"
"B1",0.493256242965196,"Blastomere A"
"B1",0.507411944216953,"Blastomere A"
"B1",0.491141775538961,"Blastomere A"
"B1",0.502668352943314,"Blastomere A"
"B1",0.497224015519403,"Blastomere A"
"B1",0.49736588673544,"Blastomere A"
"B1",0.495445168977201,"Blastomere A"
"B1",0.50263417031445,"Blastomere A"
"B1",0.485630709545022,"Blastomere A"
"B1",0.501542934972222,"Blastomere A"
"B1",0.502171334888253,"Blastomere A"
"B1",0.501780916810482,"Blastomere A"
"B1",0.493824769591846,"Blastomere A"
"B1",0.499236746924308,"Blastomere A"
"B1",0.499284105313131,"Blastomere A"
"B1",0.495248737861229,"Blastomere A"
"B1",0.503281334407181,"Blastomere A"
"B1",0.489172638861991,"Blastomere A"
"B1",0.48896301638395,"Blastomere A"
"B1",0.506278843670807,"Blastomere A"
"B1",0.504239772150188,"Blastomere A"
"B1",0.497290443209393,"Blastomere A"
"B1",0.501153708771399,"Blastomere A"
"B1",0.496206004108089,"Blastomere A"
"B1",0.494751283691835,"Blastomere A"
"B1",0.500652917314432,"Blastomere A"
"B1",0.504833019572032,"Blastomere A"
"B1",0.498458825695055,"Blastomere A"
"B1",0.503117879497214,"Blastomere A"
"B1",0.501257858870826,"Blastomere A"
"B1",0.49393541166747,"Blastomere A"
"B1",0.490762872487183,"Blastomere A"
"B1",0.490959102446499,"Blastomere A"
"B1",0.500273948830846,"Blastomere A"
"B1",0.503801297575464,"Blastomere A"
"B1",0.498348898440902,"Blastomere A"
"B1",0.48388018446482,"Blastomere A"
"B1",0.494548502200356,"Blastomere A"
"B1",0.501862799977374,"Blastomere A"
"B1",0.502664585839069,"Blastomere A"
"B1",0.517548351953915,"Blastomere A"
"B1",0.496729106140455,"Blastomere A"
"B1",0.505026329457843,"Blastomere A"
"B1",0.498561012302517,"Blastomere A"
"B1",0.489839488701862,"Blastomere A"
"B1",0.494404020457135,"Blastomere A"
"B1",0.497115540911209,"Blastomere A"
"B1",0.493237888319575,"Blastomere A"
"B1",0.492255637573594,"Blastomere A"
"B1",0.494106178017875,"Blastomere A"
"B1",0.494873181802291,"Blastomere A"
"B1",0.498434345765986,"Blastomere A"
"B1",0.499647622194776,"Blastomere A"
"B1",0.5030023458765,"Blastomere A"
"B1",0.495564369970592,"Blastomere A"
"B1",0.503547650736108,"Blastomere A"
"B1",0.495923862718914,"Blastomere A"
"B1",0.495177995064338,"Blastomere A"
"B1",0.494953996293177,"Blastomere A"
"B1",0.504541384692104,"Blastomere A"
"B1",0.508434732817129,"Blastomere A"
"B1",0.505618454941217,"Blastomere A"
"B1",0.499632345360755,"Blastomere A"
"B1",0.510586028586517,"Blastomere A"
"B1",0.501664737293609,"Blastomere A"
"B1",0.515130001242422,"Blastomere A"
"B1",0.500882643816156,"Blastomere A"
"B1",0.484121614554561,"Blastomere A"
"B1",0.486059385100025,"Blastomere A"
"B1",0.494972367076107,"Blastomere A"
"B1",0.504631392056294,"Blastomere A"
"B1",0.503820871749683,"Blastomere A"
"B1",0.506860189925825,"Blastomere A"
"B1",0.485453159315855,"Blastomere A"
"B1",0.505876666437044,"Blastomere A"
"B1",0.500897633338215,"Blastomere A"
"B1",0.495201407079707,"Blastomere A"
"B1",0.512824019766717,"Blastomere A"
"B1",0.508151662034902,"Blastomere A"
"B1",0.504377593133445,"Blastomere A"
"B1",0.493511741816094,"Blastomere A"
"B1",0.505591617360984,"Blastomere A"
"B1",0.491629191112325,"Blastomere A"
"B1",0.503744128432001,"Blastomere A"
"B1",0.497298233123856,"Blastomere A"
"B1",0.504255269693518,"Blastomere A"
"B1",0.50027187416073,"Blastomere A"
"B1",0.493886949380763,"Blastomere A"
"B1",0.510881316412314,"Blastomere A"
"B1",0.497045073409537,"Blastomere A"
"B1",0.499745417741079,"Blastomere A"
"B1",0.492959247113744,"Blastomere A"
"B1",0.489389689499088,"Blastomere A"
"B1",0.497664224734933,"Blastomere A"
"B1",0.498827805656967,"Blastomere A"
"B1",0.488792113820249,"Blastomere A"
"B1",0.499653065075112,"Blastomere A"
"B1",0.502409823811644,"Blastomere A"
"B1",0.495572147994914,"Blastomere A"
"B1",0.489429317960737,"Blastomere A"
"B1",0.491814492471717,"Blastomere A"
"B1",0.493223861317115,"Blastomere A"
"B1",0.510913147177994,"Blastomere A"
"B1",0.501939616449667,"Blastomere A"
"B1",0.509582632883134,"Blastomere A"
"B1",0.513214490437761,"Blastomere A"
"B1",0.506720540139023,"Blastomere A"
"B1",0.500555875598071,"Blastomere A"
"B1",0.497507877467644,"Blastomere A"
"B1",0.500555387055282,"Blastomere A"
"B1",0.497758181441928,"Blastomere A"
"B1",0.497989523804451,"Blastomere A"
"B1",0.493287579710148,"Blastomere A"
"B1",0.494333112138536,"Blastomere A"
"B1",0.492191539966714,"Blastomere A"
"B1",0.502091491628803,"Blastomere A"
"B1",0.498017352397048,"Blastomere A"
"B1",0.499113337694635,"Blastomere A"
"B1",0.496585390233307,"Blastomere A"
"B1",0.491780282207076,"Blastomere A"
"B1",0.510789234859953,"Blastomere A"
"B1",0.500159483093505,"Blastomere A"
"B1",0.499304644526427,"Blastomere A"
"B1",0.50058913470306,"Blastomere A"
"B1",0.499360642121095,"Blastomere A"
"B1",0.496546582617462,"Blastomere A"
"B1",0.492004053101967,"Blastomere A"
"B1",0.506011709760895,"Blastomere A"
"B1",0.497836547199511,"Blastomere A"
"B1",0.49129801749131,"Blastomere A"
"B1",0.512707876494019,"Blastomere A"
"B1",0.512540951885984,"Blastomere A"
"B1",0.489958078329241,"Blastomere A"
"B1",0.486203336698659,"Blastomere A"
"B1",0.507792248006633,"Blastomere A"
"B1",0.4904470441545,"Blastomere A"
"B1",0.494708657378859,"Blastomere A"
"B1",0.491373658521463,"Blastomere A"
"B1",0.507475112942787,"Blastomere A"
"B1",0.51082763010398,"Blastomere A"
"B1",0.50653514970985,"Blastomere A"
"B1",0.494392032266767,"Blastomere A"
"B1",0.490784903936116,"Blastomere A"
"B1",0.495858447096438,"Blastomere A"
"B1",0.504350845995678,"Blastomere A"
"B1",0.496471380195088,"Blastomere A"
"B1",0.503492455455154,"Blastomere A"
"B1",0.501964635841999,"Blastomere A"
"B1",0.508216717441669,"Blastomere A"
"B1",0.497939068119611,"Blastomere A"
"B1",0.499169159794622,"Blastomere A"
"B1",0.505910681116927,"Blastomere A"
"B1",0.49687164050009,"Blastomere A"
"B1",0.497604981003208,"Blastomere A"
"B1",0.498769227089728,"Blastomere A"
"B1",0.491975535055364,"Blastomere A"
"B1",0.499772144224113,"Blastomere A"
"B1",0.500040903564151,"Blastomere A"
"B1",0.495477454309514,"Blastomere A"
"B1",0.497776493540289,"Blastomere A"
"B1",0.496609526929462,"Blastomere A"
"B1",0.481209990099806,"Blastomere A"
"B1",0.508849723167053,"Blastomere A"
"B1",0.498065859204882,"Blastomere A"
"B1",0.508584320417027,"Blastomere A"
"B1",0.502148656167627,"Blastomere A"
"B1",0.500968306931508,"Blastomere A"
"B1",0.496220195125093,"Blastomere A"
"B1",0.506511143866874,"Blastomere A"
"B1",0.498018719831345,"Blastomere A"
"B1",0.497291172499086,"Blastomere A"
"B1",0.504539049427772,"Blastomere A"
"B1",0.506885596549442,"Blastomere A"
"B1",0.497074912005655,"Blastomere A"
"B1",0.501366652295279,"Blastomere A"
"B1",0.493747988339899,"Blastomere A"
"B1",0.484747193502348,"Blastomere A"
"B1",0.49862524848437,"Blastomere A"
"B1",0.498754938382495,"Blastomere A"
"B1",0.497263488961831,"Blastomere A"
"B1",0.487200818878162,"Blastomere A"
"B1",0.507469176800827,"Blastomere A"
"B1",0.492669571465943,"Blastomere A"
"B1",0.490854049635682,"Blastomere A"
"B1",0.49070496420422,"Blastomere A"
"B1",0.501400216352594,"Blastomere A"
"B1",0.496183836300759,"Blastomere A"
"B1",0.489889970087756,"Blastomere A"
"B1",0.507684420473078,"Blastomere A"
"B1",0.497516418304948,"Blastomere A"
"B1",0.495432192182809,"Blastomere A"
"B1",0.498752032627154,"Blastomere A"
"B1",0.504015820234944,"Blastomere A"
"B1",0.50476647739753,"Blastomere A"
"B1",0.506278561294647,"Blastomere A"
"B1",0.507905963049854,"Blastomere A"
"B1",0.502032921488155,"Blastomere A"
"B1",0.504624930044328,"Blastomere A"
"B1",0.493838932236273,"Blastomere A"
"B1",0.500349008033203,"Blastomere A"
"B1",0.488010690009669,"Blastomere A"
"B1",0.501132595335587,"Blastomere A"
"B1",0.499408654214497,"Blastomere A"
"B1",0.499088675758089,"Blastomere A"
"B1",0.498866820581641,"Blastomere A"
"B1",0.502734798011646,"Blastomere A"
"B1",0.495078859967977,"Blastomere A"
"B1",0.493926352068559,"Blastomere A"
"B1",0.497107177233048,"Blastomere A"
"B1",0.508008567040897,"Blastomere A"
"B1",0.499309759327071,"Blastomere A"
"B1",0.500573923444388,"Blastomere A"
"B1",0.496788589875849,"Blastomere A"
"B1",0.505487621559414,"Blastomere A"
"B1",0.502127482609805,"Blastomere A"
"B1",0.501699693399005,"Blastomere A"
"B1",0.496389777716019,"Blastomere A"
"B1",0.503152995790501,"Blastomere A"
"B1",0.496555947527401,"Blastomere A"
"B1",0.504095391180208,"Blastomere A"
"B1",0.490073681992705,"Blastomere A"
"B1",0.500574891377433,"Blastomere A"
"B1",0.49470418615639,"Blastomere A"
"B1",0.495815793630453,"Blastomere A"
"B1",0.502736942587403,"Blastomere A"
"B1",0.495275904687849,"Blastomere A"
"B1",0.499385485912071,"Blastomere A"
"B1",0.506163265534426,"Blastomere A"
"B1",0.497549488071766,"Blastomere A"
"B1",0.501218402653787,"Blastomere A"
"B1",0.495589727876566,"Blastomere A"
"B1",0.491638231724746,"Blastomere A"
"B1",0.48898446385707,"Blastomere A"
"B1",0.491921713328612,"Blastomere A"
"B1",0.489090899411466,"Blastomere A"
"B1",0.497754358107354,"Blastomere A"
"B1",0.49642281426228,"Blastomere A"
"B1",0.498822314154526,"Blastomere A"
"B1",0.509286542827378,"Blastomere A"
"B1",0.49745759982471,"Blastomere A"
"B1",0.495281142160441,"Blastomere A"
"B1",0.487973914520796,"Blastomere A"
"B1",0.478107586912018,"Blastomere A"
"B1",0.489328801266144,"Blastomere A"
"B1",0.490899741421931,"Blastomere A"
"B1",0.489438754547364,"Blastomere A"
"B1",0.50499222981348,"Blastomere A"
"B1",0.498127333554631,"Blastomere A"
"B1",0.503983253285645,"Blastomere A"
"B1",0.505812364989105,"Blastomere A"
"B1",0.500931145000292,"Blastomere A"
"B1",0.498514613970687,"Blastomere A"
"B1",0.497459225618273,"Blastomere A"
"B1",0.4966863394568,"Blastomere A"
"B1",0.504737867180677,"Blastomere A"
"B1",0.503530704333499,"Blastomere A"
"B1",0.500438576702101,"Blastomere A"
"B1",0.489156208339418,"Blastomere A"
"B1",0.494046099827988,"Blastomere A"
"B1",0.501765323898365,"Blastomere A"
"B1",0.499676278770859,"Blastomere A"
"B1",0.500135152307408,"Blastomere A"
"B1",0.507981440089671,"Blastomere A"
"B1",0.500932150253172,"Blastomere A"
"B1",0.504514757353956,"Blastomere A"
"B1",0.495312775777813,"Blastomere A"
"B1",0.514900328042627,"Blastomere A"
"B1",0.500241110601459,"Blastomere A"
"B1",0.497148677501157,"Blastomere A"
"B1",0.501662453194951,"Blastomere A"
"B1",0.509765181066653,"Blastomere A"
"B1",0.50892232857405,"Blastomere A"
"B1",0.484459898011192,"Blastomere A"
"B1",0.50998893473433,"Blastomere A"
"B1",0.495078461000135,"Blastomere A"
"B1",0.5004153321921,"Blastomere A"
"B1",0.501580125935051,"Blastomere A"
"B1",0.495563084321517,"Blastomere A"
"B1",0.499401663337365,"Blastomere A"
"B1",0.493127255709277,"Blastomere A"
"B1",0.506289528690636,"Blastomere A"
"B1",0.499668670046281,"Blastomere A"
"B1",0.506155617968103,"Blastomere A"
"B1",0.497396363911485,"Blastomere A"
"B1",0.495893567659847,"Blastomere A"
"B1",0.495311169110599,"Blastomere A"
"B1",0.488556715485238,"Blastomere A"
"B1",0.500947119339782,"Blastomere A"
"B1",0.497867155646145,"Blastomere A"
"B1",0.490330390279171,"Blastomere A"
"B1",0.493689026187858,"Blastomere A"
"B1",0.495596488890059,"Blastomere A"
"B1",0.497708541994732,"Blastomere A"
"B1",0.506007951217979,"Blastomere A"
"B1",0.488076747692101,"Blastomere A"
"B1",0.508729093379276,"Blastomere A"
"B1",0.492464062816969,"Blastomere A"
"B1",0.503684331727625,"Blastomere A"
"B1",0.492536208739924,"Blastomere A"
"B1",0.497462504734989,"Blastomere A"
"B1",0.499584387933835,"Blastomere A"
"B1",0.490314152119785,"Blastomere A"
"B1",0.493195344488234,"Blastomere A"
"B1",0.487834044900409,"Blastomere A"
"B1",0.488346555991212,"Blastomere A"
"B1",0.499205182787558,"Blastomere A"
"B1",0.481683884844481,"Blastomere A"
"B1",0.508113378401182,"Blastomere A"
"B1",0.48865431479384,"Blastomere A"
"B1",0.502400529524486,"Blastomere A"
"B1",0.506387648284918,"Blastomere A"
"B1",0.499486870113701,"Blastomere A"
"B1",0.494007040588745,"Blastomere A"
"B1",0.493397642363344,"Blastomere A"
"B1",0.496068714238145,"Blastomere A"
"B1",0.493887312489301,"Blastomere A"
"B1",0.489331792333944,"Blastomere A"
"B1",0.504595660447877,"Blastomere A"
"B1",0.503939616710424,"Blastomere A"
"B1",0.490590125172118,"Blastomere A"
"B1",0.499662053541669,"Blastomere A"
"B1",0.483016129681672,"Blastomere A"
"B1",0.496261908369925,"Blastomere A"
"B1",0.502818802118575,"Blastomere A"
"B1",0.48919148190875,"Blastomere A"
"B1",0.503325733950353,"Blastomere A"
"B1",0.494444681803367,"Blastomere A"
"B1",0.503949423671878,"Blastomere A"
"B1",0.504682299492973,"Blastomere A"
"B1",0.492538818158186,"Blastomere A"
"B1",0.510074155065364,"Blastomere A"
"B1",0.498306064257254,"Blastomere A"
"B1",0.502828933786281,"Blastomere A"
"B1",0.498510012003263,"Blastomere A"
"B1",0.49889077983179,"Blastomere A"
"B1",0.517792978775906,"Blastomere A"
"B1",0.498899791275074,"Blastomere A"
"B1",0.498906230379771,"Blastomere A"
"B1",0.495453450901172,"Blastomere A"
"B1",0.493875577282416,"Blastomere A"
"B1",0.50109529170028,"Blastomere A"
"B1",0.494837289065384,"Blastomere A"
"B1",0.484092655498668,"Blastomere A"
"B1",0.487064797430039,"Blastomere A"
"B1",0.498445872224511,"Blastomere A"
"B1",0.498516660063944,"Blastomere A"
"B1",0.501079813880092,"Blastomere A"
"B1",0.488251628428812,"Blastomere A"
"B1",0.50969781145092,"Blastomere A"
"B1",0.489994393301818,"Blastomere A"
"B1",0.49349512418619,"Blastomere A"
"B1",0.492677905281636,"Blastomere A"
"B1",0.488985615074001,"Blastomere A"
"B1",0.504068442619245,"Blastomere A"
"B1",0.492415156602286,"Blastomere A"
"B1",0.503679580583987,"Blastomere A"
"B1",0.502705265191555,"Blastomere A"
"B1",0.500917145125871,"Blastomere A"
"B1",0.491690624220907,"Blastomere A"
"B1",0.49376043581508,"Blastomere A"
"B1",0.497086843521092,"Blastomere A"
"B1",0.491271071860205,"Blastomere A"
"B1",0.497469642976724,"Blastomere A"
"B1",0.488955652790233,"Blastomere A"
"B1",0.499126057877491,"Blastomere A"
"B1",0.48696989301467,"Blastomere A"
"B1",0.487351683246645,"Blastomere A"
"B1",0.50198721811801,"Blastomere A"
"B1",0.495508789979843,"Blastomere A"
"B1",0.494800827740366,"Blastomere A"
"B1",0.486352383334715,"Blastomere A"
"B1",0.501987614797739,"Blastomere A"
"B1",0.501745871787121,"Blastomere A"
"B1",0.495104071810181,"Blastomere A"
"B1",0.500761632803177,"Blastomere A"
"B1",0.49711525174221,"Blastomere A"
"B1",0.502232209196618,"Blastomere A"
"B1",0.500288667412385,"Blastomere A"
"B1",0.50323524890303,"Blastomere A"
"B1",0.494243360261628,"Blastomere A"
"B1",0.492879349376055,"Blastomere A"
"B1",0.500102935354103,"Blastomere A"
"B1",0.507204451896539,"Blastomere A"
"B1",0.504226632334872,"Blastomere A"
"B1",0.504436803077587,"Blastomere A"
"B1",0.505969595620807,"Blastomere A"
"B1",0.503101471424564,"Blastomere A"
"B1",0.500245317485507,"Blastomere A"
"B1",0.495037888127164,"Blastomere A"
"B1",0.494935356571066,"Blastomere A"
"B1",0.49835729179868,"Blastomere A"
"B1",0.501950200378604,"Blastomere A"
"B1",0.498259373657152,"Blastomere A"
"B1",0.501478459380284,"Blastomere A"
"B1",0.503156785053697,"Blastomere A"
"B1",0.488311300577734,"Blastomere A"
"B1",0.503834343120284,"Blastomere A"
"B1",0.499008533187491,"Blastomere A"
"B1",0.496404673480505,"Blastomere A"
"B1",0.512173837588383,"Blastomere A"
"B1",0.497876140465788,"Blastomere A"
"B1",0.488028943423898,"Blastomere A"
"B1",0.496209662874322,"Blastomere A"
"B1",0.498814315431382,"Blastomere A"
"B1",0.490459161661755,"Blastomere A"
"B1",0.506112797218487,"Blastomere A"
"B1",0.496331949116293,"Blastomere A"
"B1",0.505114714814139,"Blastomere A"
"B1",0.48775837329519,"Blastomere A"
"B1",0.503306444978079,"Blastomere A"
"B1",0.494999331739231,"Blastomere A"
"B1",0.49550558923246,"Blastomere A"
"B1",0.497485610303824,"Blastomere A"
"B1",0.504923146331604,"Blastomere A"
"B1",0.494533864442236,"Blastomere A"
"B1",0.503306417393479,"Blastomere A"
"B1",0.505923585206082,"Blastomere A"
"B1",0.493705265286196,"Blastomere A"
"B1",0.495008613152508,"Blastomere A"
"B1",0.500512211259689,"Blastomere A"
"B1",0.497641168652386,"Blastomere A"
"B1",0.492233062768833,"Blastomere A"
"B1",0.479652499160337,"Blastomere A"
"B1",0.508702498017529,"Blastomere A"
"B1",0.497091046574881,"Blastomere A"
"B1",0.484766677857413,"Blastomere A"
"B1",0.494697989740806,"Blastomere A"
"B1",0.499359187164348,"Blastomere A"
"B1",0.505600297434672,"Blastomere A"
"B1",0.497041917107688,"Blastomere A"
"B1",0.484269343029596,"Blastomere A"
"B1",0.516144028435648,"Blastomere A"
"B1",0.4934874242906,"Blastomere A"
"B1",0.502151085900854,"Blastomere A"
"B1",0.493146051151798,"Blastomere A"
"B1",0.499087044644408,"Blastomere A"
"B1",0.50590436967241,"Blastomere A"
"B1",0.492962015974382,"Blastomere A"
"B1",0.493406978868654,"Blastomere A"
"B1",0.495170967340016,"Blastomere A"
"B1",0.480662438702992,"Blastomere A"
"B1",0.501317275688422,"Blastomere A"
"B1",0.512454840935465,"Blastomere A"
"B1",0.492235178738283,"Blastomere A"
"B1",0.508429471414556,"Blastomere A"
"B1",0.505001213854976,"Blastomere A"
"B1",0.488590394227795,"Blastomere A"
"B1",0.508417289387749,"Blastomere A"
"B1",0.488307373254475,"Blastomere A"
"B1",0.490653719110346,"Blastomere A"
"B1",0.500188840080156,"Blastomere A"
"B1",0.490988407542582,"Blastomere A"
"B1",0.502531703017827,"Blastomere A"
"B1",0.501476246601428,"Blastomere A"
"B1",0.493580671690181,"Blastomere A"
"B1",0.494671338603342,"Blastomere A"
"B1",0.500797007733881,"Blastomere A"
"B1",0.509592057525253,"Blastomere A"
"B1",0.487452898353573,"Blastomere A"
"B1",0.50614659435353,"Blastomere A"
"B1",0.512510287763067,"Blastomere A"
"B1",0.509968448489631,"Blastomere A"
"B1",0.488925614403843,"Blastomere A"
"B1",0.486290167661168,"Blastomere A"
"B1",0.499717560345551,"Blastomere A"
"B1",0.499530843254158,"Blastomere A"
"B1",0.500885997380155,"Blastomere A"
"B1",0.500201871317002,"Blastomere A"
"B1",0.494376589758138,"Blastomere A"
"B1",0.502674385467503,"Blastomere A"
"B1",0.503576335981209,"Blastomere A"
"B1",0.49981430617461,"Blastomere A"
"B1",0.496760148626177,"Blastomere A"
"B1",0.502352094612604,"Blastomere A"
"B1",0.500849808862807,"Blastomere A"
"B1",0.495915677538638,"Blastomere A"
"B1",0.496242575580235,"Blastomere A"
"B1",0.492677642223651,"Blastomere A"
"B1",0.493876051576734,"Blastomere A"
"B1",0.496909354732958,"Blastomere A"
"B1",0.50005962199688,"Blastomere A"
"B1",0.483747392217518,"Blastomere A"
"B1",0.498695429318973,"Blastomere A"
"B1",0.496375600536997,"Blastomere A"
"B1",0.506666340536487,"Blastomere A"
"B1",0.494280688978204,"Blastomere A"
"B1",0.494653425704388,"Blastomere A"
"B1",0.490908113379762,"Blastomere A"
"B1",0.505386307062877,"Blastomere A"
"B1",0.50911076472825,"Blastomere A"
"B1",0.49486361504677,"Blastomere A"
"B1",0.502112105644148,"Blastomere A"
"B1",0.505130554243722,"Blastomere A"
"B1",0.511344662909547,"Blastomere A"
"B1",0.489908419258602,"Blastomere A"
"B1",0.489610339867044,"Blastomere A"
"B1",0.499567090701665,"Blastomere A"
"B1",0.4932932825309,"Blastomere A"
"B1",0.502523090701013,"Blastomere A"
"B1",0.505056350448853,"Blastomere A"
"B1",0.48613838517991,"Blastomere A"
"B1",0.498521738998235,"Blastomere A"
"B1",0.507082041338578,"Blastomere A"
"B1",0.494224107889155,"Blastomere A"
"B1",0.506083194401969,"Blastomere A"
"B1",0.495200584506954,"Blastomere A"
"B1",0.493784827241127,"Blastomere A"
"B1",0.496795094902427,"Blastomere A"
"B1",0.500637137140711,"Blastomere A"
"B1",0.517597766978072,"Blastomere A"
"B1",0.500487521120498,"Blastomere A"
"B1",0.50428446448998,"Blastomere A"
"B1",0.495614451120819,"Blastomere A"
"B1",0.494067993413886,"Blastomere A"
"B1",0.490857113484923,"Blastomere A"
"B1",0.506501133337468,"Blastomere A"
"B1",0.489598631806626,"Blastomere A"
"B1",0.502670188997149,"Blastomere A"
"B1",0.507442952428719,"Blastomere A"
"B1",0.49711833437401,"Blastomere A"
"B1",0.498612887823051,"Blastomere A"
"B1",0.505414232405693,"Blastomere A"
"B1",0.501311381220111,"Blastomere A"
"B1",0.495334019116686,"Blastomere A"
"B1",0.502497357515425,"Blastomere A"
"B1",0.499265159076212,"Blastomere A"
"B1",0.489384381660498,"Blastomere A"
"B1",0.493381112461351,"Blastomere A"
"B1",0.499351738965232,"Blastomere A"
"B1",0.497079932395378,"Blastomere A"
"B1",0.498153058270241,"Blastomere A"
"B1",0.488723063910336,"Blastomere A"
"B1",0.495112996469883,"Blastomere A"
"B1",0.509754565220534,"Blastomere A"
"B1",0.502270012337994,"Blastomere A"
"B1",0.496954969499001,"Blastomere A"
"B1",0.496997810721953,"Blastomere A"
"B1",0.491775899337162,"Blastomere A"
"B1",0.491944601481173,"Blastomere A"
"B1",0.501580907161982,"Blastomere A"
"B1",0.501947117358885,"Blastomere A"
"B1",0.507171812648124,"Blastomere A"
"B1",0.507974569700251,"Blastomere A"
"B1",0.497063023338155,"Blastomere A"
"B1",0.492071020564414,"Blastomere A"
"B1",0.505813738086772,"Blastomere A"
"B1",0.490937642437712,"Blastomere A"
"B1",0.506307333017833,"Blastomere A"
"B1",0.492996585168833,"Blastomere A"
"B1",0.50890509442096,"Blastomere A"
"B1",0.495528776624426,"Blastomere A"
"B1",0.499648142352893,"Blastomere A"
"B1",0.489233120352107,"Blastomere A"
"B1",0.490186535524724,"Blastomere A"
"B1",0.486375606553139,"Blastomere A"
"B1",0.486827796950391,"Blastomere A"
"B1",0.498119181106008,"Blastomere A"
"B1",0.510824072126279,"Blastomere A"
"B1",0.498957601649741,"Blastomere A"
"B1",0.489487893878507,"Blastomere A"
"B1",0.504797105611025,"Blastomere A"
"B1",0.508679376934679,"Blastomere A"
"B1",0.507603131660323,"Blastomere A"
"B1",0.502482692194234,"Blastomere A"
"B1",0.494081293229205,"Blastomere A"
"B1",0.50425599730193,"Blastomere A"
"B1",0.504838990307596,"Blastomere A"
"B1",0.495887522607489,"Blastomere A"
"B1",0.501554635771757,"Blastomere A"
"B1",0.496612822618698,"Blastomere A"
"B1",0.500972988377569,"Blastomere A"
"B1",0.494003151006552,"Blastomere A"
"B1",0.493790863664065,"Blastomere A"
"B1",0.511093847722729,"Blastomere A"
"B1",0.49973418598009,"Blastomere A"
"B1",0.50221159110227,"Blastomere A"
"B1",0.511121438913351,"Blastomere A"
"B1",0.508710679761226,"Blastomere A"
"B1",0.507884950929879,"Blastomere A"
"B1",0.491344969110404,"Blastomere A"
"B1",0.493821565888623,"Blastomere A"
"B1",0.495817568761039,"Blastomere A"
"B1",0.502111177341332,"Blastomere A"
"B1",0.499904556125621,"Blastomere A"
"B1",0.48249153670629,"Blastomere A"
"B1",0.493710227660327,"Blastomere A"
"B1",0.497529689499792,"Blastomere A"
"B1",0.494666841663911,"Blastomere A"
"B1",0.503607646948418,"Blastomere A"
"B1",0.496999985589582,"Blastomere A"
"B1",0.486041637814555,"Blastomere A"
"B1",0.487932456285409,"Blastomere A"
"B1",0.503708914426074,"Blastomere A"
"B1",0.503392302258422,"Blastomere A"
"B1",0.498076231859948,"Blastomere A"
"B1",0.491656247763221,"Blastomere A"
"B1",0.496079697039415,"Blastomere A"
"B1",0.495976832699758,"Blastomere A"
"B1",0.495329931851991,"Blastomere A"
"B1",0.510371359819417,"Blastomere A"
"B1",0.500721209342308,"Blastomere A"
"B1",0.488074858641934,"Blastomere A"
"B1",0.51097476329159,"Blastomere A"
"B1",0.512081319589122,"Blastomere A"
"B1",0.496098811668532,"Blastomere A"
"B1",0.504621771392455,"Blastomere A"
"B1",0.51306619296779,"Blastomere A"
"B1",0.501852382536306,"Blastomere A"
"B1",0.501705358772221,"Blastomere A"
"B1",0.493213488570673,"Blastomere A"
"B1",0.506586426479549,"Blastomere A"
"B1",0.493690745201534,"Blastomere A"
"B1",0.490682258472676,"Blastomere A"
"B1",0.494066512765058,"Blastomere A"
"B1",0.509207473620428,"Blastomere A"
"B1",0.494165417949539,"Blastomere A"
"B1",0.497802881313907,"Blastomere A"
"B1",0.492349445916218,"Blastomere A"
"B1",0.499299221617067,"Blastomere A"
"B1",0.504534036690535,"Blastomere A"
"B1",0.501134202365663,"Blastomere A"
"B1",0.505468932218034,"Blastomere A"
"B1",0.499819911959669,"Blastomere A"
"B1",0.497917942155518,"Blastomere A"
"B1",0.485787335958997,"Blastomere A"
"B1",0.498218806248857,"Blastomere A"
"B1",0.487728654870111,"Blastomere A"
"B1",0.500587077738968,"Blastomere A"
"B1",0.512799954057869,"Blastomere A"
"B1",0.495468094465325,"Blastomere A"
"B1",0.49755337601094,"Blastomere A"
"B1",0.494112301841651,"Blastomere A"
"B1",0.490842426712859,"Blastomere A"
"B1",0.495807517554729,"Blastomere A"
"B1",0.499208168127988,"Blastomere A"
"B1",0.494108728898793,"Blastomere A"
"B1",0.493759923338251,"Blastomere A"
"B1",0.498397694809245,"Blastomere A"
"B1",0.499897906843182,"Blastomere A"
"B1",0.499637024407049,"Blastomere A"
"B1",0.486970707940652,"Blastomere A"
"B1",0.498573977779694,"Blastomere A"
"B1",0.497880209556496,"Blastomere A"
"B1",0.493740706345889,"Blastomere A"
"B1",0.503769434099712,"Blastomere A"
"B1",0.496768197440889,"Blastomere A"
"B1",0.49639631600517,"Blastomere A"
"B1",0.487526775128434,"Blastomere A"
"B1",0.492504404675889,"Blastomere A"
"B1",0.508108149845442,"Blastomere A"
"B1",0.497126665543076,"Blastomere A"
"B1",0.507601513640517,"Blastomere A"
"B1",0.510875519536713,"Blastomere A"
"B1",0.494650761155125,"Blastomere A"
"B1",0.49670896080372,"Blastomere A"
"B1",0.486734309152834,"Blastomere A"
"B1",0.502051007065687,"Blastomere A"
"B1",0.502259738443199,"Blastomere A"
"B1",0.49846410970757,"Blastomere A"
"B1",0.500334481258734,"Blastomere A"
"B1",0.500536002204141,"Blastomere A"
"B1",0.49337126537986,"Blastomere A"
"B1",0.495831703130919,"Blastomere A"
"B1",0.505498835480684,"Blastomere A"
"B1",0.500465986603943,"Blastomere A"
"B1",0.501312708793858,"Blastomere A"
"B1",0.499884633361317,"Blastomere A"
"B1",0.497356089533459,"Blastomere A"
"B1",0.501199063453865,"Blastomere A"
"B1",0.495132293649021,"Blastomere A"
"B1",0.501037033795838,"Blastomere A"
"B1",0.492005474735531,"Blastomere A"
"B1",0.492881128283627,"Blastomere A"
"B1",0.494313535711254,"Blastomere A"
"B1",0.50534116663815,"Blastomere A"
"B1",0.505056881443422,"Blastomere A"
"B1",0.496412475184898,"Blastomere A"
"B1",0.496376926860602,"Blastomere A"
"B1",0.492768152997416,"Blastomere A"
"B1",0.496319202058158,"Blastomere A"
"B1",0.493121500709205,"Blastomere A"
"B1",0.510495327606357,"Blastomere A"
"B1",0.506979566532819,"Blastomere A"
"B1",0.505081650516835,"Blastomere A"
"B1",0.488387614939769,"Blastomere A"
"B1",0.499968339093183,"Blastomere A"
"B1",0.493271615876915,"Blastomere A"
"B1",0.504744151324846,"Blastomere A"
"B1",0.503402749756527,"Blastomere A"
"B1",0.487932954527538,"Blastomere A"
"B1",0.508280084995644,"Blastomere A"
"B1",0.497030315716757,"Blastomere A"
"B1",0.485571583598304,"Blastomere A"
"B1",0.503436994903265,"Blastomere A"
"B1",0.488585271108325,"Blastomere A"
"B1",0.494936759410033,"Blastomere A"
"B1",0.490717987575631,"Blastomere A"
"B1",0.499283171230667,"Blastomere A"
"B1",0.498451520376431,"Blastomere A"
"B1",0.490171667825324,"Blastomere A"
"B1",0.492432781796984,"Blastomere A"
"B1",0.496432908887428,"Blastomere A"
"B1",0.49695771209518,"Blastomere A"
"B1",0.496301300447429,"Blastomere A"
"B1",0.500908714937273,"Blastomere A"
"B1",0.508716304468267,"Blastomere A"
"B1",0.498470054473903,"Blastomere A"
"B1",0.497995827853979,"Blastomere A"
"B1",0.510241239286763,"Blastomere A"
"B1",0.507234299946401,"Blastomere A"
"B1",0.491494999749754,"Blastomere A"
"B1",0.513178616086409,"Blastomere A"
"B1",0.503162371567665,"Blastomere A"
"B1",0.491176794836709,"Blastomere A"
"B1",0.503537612243641,"Blastomere A"
"B1",0.502634887876329,"Blastomere A"
"B1",0.493968384785508,"Blastomere A"
"B1",0.492027293964867,"Blastomere A"
"B1",0.498016408759457,"Blastomere A"
"B1",0.508404586854497,"Blastomere A"
"B1",0.490563177779113,"Blastomere A"
"B1",0.498809465935464,"Blastomere A"
"B1",0.490787790122623,"Blastomere A"
"B1",0.49992250759708,"Blastomere A"
"B1",0.505714129503648,"Blastomere A"
"B1",0.50220934849371,"Blastomere A"
"B1",0.501943388603535,"Blastomere A"
"B1",0.503925093784921,"Blastomere A"
"B1",0.49923043932473,"Blastomere A"
"B1",0.496691469594805,"Blastomere A"
"B1",0.492122070201161,"Blastomere A"
"B1",0.501177917578849,"Blastomere A"
"B1",0.498694742962375,"Blastomere A"
"B1",0.490923636447149,"Blastomere A"
"B1",0.488088863044623,"Blastomere A"
"B1",0.493409900053738,"Blastomere A"
"B1",0.494010432930273,"Blastomere A"
"B1",0.506771656359557,"Blastomere A"
"B1",0.499639998375963,"Blastomere A"
"B1",0.504950195863932,"Blastomere A"
"B1",0.500002890324778,"Blastomere A"
"B1",0.491019143896248,"Blastomere A"
"B1",0.492019040862477,"Blastomere A"
"B1",0.49615793692819,"Blastomere A"
"B1",0.494563554348217,"Blastomere A"
"B1",0.500543730106487,"Blastomere A"
"B1",0.487183362114535,"Blastomere A"
"B1",0.492650657977645,"Blastomere A"
"B1",0.495529395310591,"Blastomere A"
"B1",0.498579681765574,"Blastomere A"
"B1",0.505132439316105,"Blastomere A"
"B1",0.499189639806738,"Blastomere A"
"B1",0.493544160653002,"Blastomere A"
"B1",0.495578139594473,"Blastomere A"
"B1",0.495304820288051,"Blastomere A"
"B1",0.498899768432307,"Blastomere A"
"B1",0.499892405737216,"Blastomere A"
"B1",0.500588243962766,"Blastomere A"
"B1",0.490527757112077,"Blastomere A"
"B1",0.503000749972974,"Blastomere A"
"B1",0.485258649137971,"Blastomere A"
"B1",0.503243159440638,"Blastomere A"
"B1",0.491243252304804,"Blastomere A"
"B1",0.504266126952454,"Blastomere A"
"B1",0.496733481202257,"Blastomere A"
"B1",0.500884210541777,"Blastomere A"
"B1",0.487547985134308,"Blastomere A"
"B1",0.487971478876915,"Blastomere A"
"B1",0.502608009449278,"Blastomere A"
"B1",0.504491889171911,"Blastomere A"
"B1",0.495801100762252,"Blastomere A"
"B1",0.483194191949002,"Blastomere A"
"B1",0.496044659965875,"Blastomere A"
"B1",0.500343790735273,"Blastomere A"
"B1",0.500305185583859,"Blastomere A"
"B1",0.50113835922391,"Blastomere A"
"B1",0.500318527798768,"Blastomere A"
"B1",0.492336258801183,"Blastomere A"
"B1",0.509429291255176,"Blastomere A"
"B1",0.501884616845604,"Blastomere A"
"B1",0.489764926238001,"Blastomere A"
"B1",0.48457084820819,"Blastomere A"
"B1",0.501672605309277,"Blastomere A"
"B1",0.491582936887269,"Blastomere A"
"B1",0.503048588246329,"Blastomere A"
"B1",0.5000125785943,"Blastomere A"
"B1",0.506859520046285,"Blastomere A"
"B1",0.506024332093426,"Blastomere A"
"B1",0.51005209728088,"Blastomere A"
"B1",0.512217833566499,"Blastomere A"
"B1",0.492045220342387,"Blastomere A"
"B1",0.496353280665476,"Blastomere A"
"B1",0.492538696089706,"Blastomere A"
"B1",0.492665647438988,"Blastomere A"
"B1",0.502228963709855,"Blastomere A"
"B1",0.508722412931159,"Blastomere A"
"B1",0.49940578720455,"Blastomere A"
"B1",0.50773805339639,"Blastomere A"
"B1",0.504258893257543,"Blastomere A"
"B1",0.518099069340941,"Blastomere A"
"B1",0.50926509458663,"Blastomere A"
"B1",0.502095360621404,"Blastomere A"
"B1",0.489573236681106,"Blastomere A"
"B1",0.494379192833363,"Blastomere A"
"B1",0.494152193685811,"Blastomere A"
"B1",0.500594770859566,"Blastomere A"
"B1",0.502816091629152,"Blastomere A"
"B1",0.50461842056154,"Blastomere A"
"B1",0.503158783342907,"Blastomere A"
"B1",0.500123507850557,"Blastomere A"
"B1",0.504622757578958,"Blastomere A"
"B1",0.488508210254329,"Blastomere A"
"B1",0.488436079261102,"Blastomere A"
"B1",0.50092296929403,"Blastomere A"
"B1",0.506232749578007,"Blastomere A"
"B1",0.504842130465827,"Blastomere A"
"B1",0.495960577304729,"Blastomere A"
"B1",0.489731769098897,"Blastomere A"
"B1",0.504369963470044,"Blastomere A"
"B1",0.489135116367862,"Blastomere A"
"B1",0.497594789234881,"Blastomere A"
"B1",0.503845441922584,"Blastomere A"
"B1",0.490786506034541,"Blastomere A"
"B1",0.495064754859912,"Blastomere A"
"B1",0.496483649747585,"Blastomere A"
"B1",0.490549147906135,"Blastomere A"
"B1",0.498852788873177,"Blastomere A"
"B1",0.500913789801917,"Blastomere A"
"B1",0.5031083011205,"Blastomere A"
"B1",0.495536000470792,"Blastomere A"
"B1",0.507639569846449,"Blastomere A"
"B1",0.508550351446418,"Blastomere A"
"B1",0.493536465131784,"Blastomere A"
"B1",0.495057590234387,"Blastomere A"
"B1",0.493225806055763,"Blastomere A"
"B1",0.501866581954682,"Blastomere A"
"B1",0.503457466244875,"Blastomere A"
"B1",0.503366813327198,"Blastomere A"
"B1",0.503589952106765,"Blastomere A"
"B1",0.492734189580663,"Blastomere A"
"B1",0.491699608647835,"Blastomere A"
"B1",0.500751692972476,"Blastomere A"
"B1",0.494720123984924,"Blastomere A"
"B1",0.51332948224731,"Blastomere A"
"B1",0.500256532774682,"Blastomere A"
"B1",0.494715752141874,"Blastomere A"
"B1",0.500481190487653,"Blastomere A"
"B1",0.502752151470962,"Blastomere A"
"B1",0.490990737534677,"Blastomere A"
"B1",0.500086200909747,"Blastomere A"
"B1",0.503744626022193,"Blastomere A"
"B1",0.491640701306332,"Blastomere A"
"B1",0.493039902918351,"Blastomere A"
"B1",0.502317851999209,"Blastomere A"
"B1",0.508417362338641,"Blastomere A"
"B1",0.490742217057517,"Blastomere A"
"B1",0.508506045933222,"Blastomere A"
"B1",0.502112304190094,"Blastomere A"
"B1",0.501285816390296,"Blastomere A"
"B1",0.489480165051945,"Blastomere A"
"B1",0.496873546387631,"Blastomere A"
"B1",0.49598410223427,"Blastomere A"
"B1",0.497526701480061,"Blastomere A"
"B1",0.491995571368416,"Blastomere A"
"B1",0.498510748742593,"Blastomere A"
"B1",0.504209795531201,"Blastomere A"
"B1",0.487634295637832,"Blastomere A"
"B1",0.506448424530696,"Blastomere A"
"B1",0.495685966674411,"Blastomere A"
"B1",0.500842100266689,"Blastomere A"
"B1",0.488241388458845,"Blastomere A"
"B1",0.501917335647402,"Blastomere A"
"B1",0.499150985672046,"Blastomere A"
"B1",0.487690601296348,"Blastomere A"
"B1",0.487493009254637,"Blastomere A"
"B1",0.48301272058663,"Blastomere A"
"B1",0.484942789807229,"Blastomere A"
"B1",0.489800844832422,"Blastomere A"
"B1",0.500248060950283,"Blastomere A"
"B1",0.500151292793412,"Blastomere A"
"B1",0.490202002967595,"Blastomere A"
"B1",0.50200405762901,"Blastomere A"
"B1",0.489568642741183,"Blastomere A"
"B1",0.499891956050332,"Blastomere A"
"B1",0.493207802025582,"Blastomere A"
"B1",0.493808293333376,"Blastomere A"
"B1",0.498163561052543,"Blastomere A"
"B1",0.505189972962748,"Blastomere A"
"B1",0.503839122950205,"Blastomere A"
"B1",0.495968620747406,"Blastomere A"
"B1",0.497025461567374,"Blastomere A"
"B1",0.497196455404098,"Blastomere A"
"B1",0.497177550716606,"Blastomere A"
"B1",0.499882294024584,"Blastomere A"
"B1",0.495282910958173,"Blastomere A"
"B1",0.494743111656909,"Blastomere A"
"B1",0.507891363036115,"Blastomere A"
"B1",0.500197819537041,"Blastomere A"
"B1",0.486070612724138,"Blastomere A"
"B1",0.497758070348516,"Blastomere A"
"B1",0.498472447804579,"Blastomere A"
"B1",0.495113281333525,"Blastomere A"
"B1",0.503726207160301,"Blastomere A"
"B1",0.515192948992111,"Blastomere A"
"B1",0.496683326386135,"Blastomere A"
"B1",0.489737400533554,"Blastomere A"
"B1",0.511899507396631,"Blastomere A"
"B1",0.496323336835115,"Blastomere A"
"B1",0.504446229376944,"Blastomere A"
"B1",0.496871460584228,"Blastomere A"
"B1",0.498638604530119,"Blastomere A"
"B1",0.496843378024699,"Blastomere A"
"B1",0.500934539297321,"Blastomere A"
"B1",0.489948454250798,"Blastomere A"
"B1",0.493386982715174,"Blastomere A"
"B1",0.500608375890013,"Blastomere A"
"B1",0.499705255098178,"Blastomere A"
"B1",0.497233739336521,"Blastomere A"
"B1",0.494994906075527,"Blastomere A"
"B1",0.497131196110015,"Blastomere A"
"B1",0.49707346890983,"Blastomere A"
"B1",0.496538246734233,"Blastomere A"
"B1",0.510677182987033,"Blastomere A"
"B1",0.480932466616324,"Blastomere A"
"B1",0.504533883277992,"Blastomere A"
"B1",0.491555055373108,"Blastomere A"
"B1",0.502170701916579,"Blastomere A"
"B1",0.499305513576316,"Blastomere A"
"B1",0.49798617022391,"Blastomere A"
"B1",0.482588265693951,"Blastomere A"
"B1",0.492795356474425,"Blastomere A"
"B1",0.501997508931765,"Blastomere A"
"B1",0.491201131319106,"Blastomere A"
"B1",0.487112762631956,"Blastomere A"
"B1",0.494951192028377,"Blastomere A"
"B1",0.487280273002268,"Blastomere A"
"B1",0.497037864586931,"Blastomere A"
"B1",0.507237005834967,"Blastomere A"
"B1",0.495649131153219,"Blastomere A"
"B1",0.488734210794593,"Blastomere A"
"B1",0.503500436837875,"Blastomere A"
"B1",0.493993524238175,"Blastomere A"
"B1",0.499330895107586,"Blastomere A"
"B1",0.509294213614923,"Blastomere A"
"B1",0.497610563915518,"Blastomere A"
"B1",0.501467038423757,"Blastomere A"
"B1",0.498426611022003,"Blastomere A"
"B1",0.494022284685742,"Blastomere A"
"B1",0.48521474176384,"Blastomere A"
"B1",0.503080957736074,"Blastomere A"
"B1",0.500436002206613,"Blastomere A"
"B1",0.494637937175205,"Blastomere A"
"B1",0.498072155539095,"Blastomere A"
"B1",0.49803179441379,"Blastomere A"
"B1",0.495149153375565,"Blastomere A"
"B1",0.496485638700486,"Blastomere A"
"B1",0.495522403065518,"Blastomere A"
"B1",0.502191964053556,"Blastomere A"
"B1",0.50871007413359,"Blastomere A"
"B1",0.500636924729474,"Blastomere A"
"B1",0.497386685526607,"Blastomere A"
"B1",0.507949722907341,"Blastomere A"
"B1",0.503661014495732,"Blastomere A"
"B1",0.512509311801198,"Blastomere A"
"B1",0.501671720000218,"Blastomere A"
"B1",0.51138953889771,"Blastomere A"
"B1",0.483592852589676,"Blastomere A"
"B1",0.507686634728886,"Blastomere A"
"B1",0.50236130653276,"Blastomere A"
"B1",0.507077605550876,"Blastomere A"
"B1",0.500684659683423,"Blastomere A"
"B1",0.494551342372721,"Blastomere A"
"B1",0.515048165013719,"Blastomere A"
"B1",0.503914028330666,"Blastomere A"
"B1",0.497061725819314,"Blastomere A"
"B1",0.500884097581688,"Blastomere A"
"B1",0.481849007304009,"Blastomere A"
"B1",0.496279204602364,"Blastomere A"
"B1",0.49569897338536,"Blastomere A"
"B1",0.503203567140266,"Blastomere A"
"B1",0.510903749465716,"Blastomere A"
"B1",0.488386173059615,"Blastomere A"
"B1",0.493678486128145,"Blastomere A"
"B1",0.489009841750521,"Blastomere A"
"B1",0.497617625627032,"Blastomere A"
"B1",0.493616643308475,"Blastomere A"
"B1",0.506778270212957,"Blastomere A"
"B1",0.504211328018762,"Blastomere A"
"B1",0.503082533474748,"Blastomere A"
"B1",0.488727600776618,"Blastomere A"
"B1",0.50092174792642,"Blastomere A"
"B1",0.496948770112574,"Blastomere A"
"B1",0.494967137318909,"Blastomere A"
"B1",0.504939423583722,"Blastomere A"
"B1",0.505761661377241,"Blastomere A"
"B1",0.497807787532474,"Blastomere A"
"B1",0.490835761260019,"Blastomere A"
"B1",0.492971202414456,"Blastomere A"
"B1",0.493565186198449,"Blastomere A"
"B1",0.483706323970635,"Blastomere A"
"B1",0.500468420600035,"Blastomere A"
"B1",0.492451853911817,"Blastomere A"
"B1",0.49500989854341,"Blastomere A"
"B1",0.498816344698993,"Blastomere A"
"B1",0.509991457615033,"Blastomere A"
"B1",0.49327338122666,"Blastomere A"
"B1",0.520025506563786,"Blastomere A"
"B1",0.486511572806849,"Blastomere A"
"B1",0.499877077291072,"Blastomere A"
"B1",0.500254465093399,"Blastomere A"
"B1",0.494878503987127,"Blastomere A"
"B1",0.492795960398002,"Blastomere A"
"B1",0.507124956037546,"Blastomere A"
"B1",0.495856448067531,"Blastomere A"
"B1",0.498172884316829,"Blastomere A"
"B1",0.497044730879514,"Blastomere A"
"B1",0.497954737984527,"Blastomere A"
"B1",0.511352097175184,"Blastomere A"
"B1",0.498768177755309,"Blastomere A"
"B1",0.514307137439158,"Blastomere A"
"B1",0.498434847710534,"Blastomere A"
"B1",0.501895616116775,"Blastomere A"
"B1",0.512253339310437,"Blastomere A"
"B1",0.502400293558848,"Blastomere A"
"B1",0.495296321893446,"Blastomere A"
"B1",0.502007881217162,"Blastomere A"
"B1",0.504425686454062,"Blastomere A"
"B1",0.494777590089557,"Blastomere A"
"B1",0.50696301446428,"Blastomere A"
"B1",0.512704010132541,"Blastomere A"
"B1",0.492295501009088,"Blastomere A"
"B1",0.487550788076639,"Blastomere A"
"B1",0.492100714579679,"Blastomere A"
"B1",0.507992273530195,"Blastomere A"
"B1",0.51058111737311,"Blastomere A"
"B1",0.498974913441696,"Blastomere A"
"B1",0.505561589469563,"Blastomere A"
"B1",0.503261671739414,"Blastomere A"
"B1",0.507359786967387,"Blastomere A"
"B1",0.497680731360833,"Blastomere A"
"B1",0.493484595130538,"Blastomere A"
"B1",0.497204145386858,"Blastomere A"
"B1",0.500734164563261,"Blastomere A"
"B1",0.491102779170652,"Blastomere A"
"B1",0.503211827171365,"Blastomere A"
"B1",0.49452410158253,"Blastomere A"
"B1",0.491935275557445,"Blastomere A"
"B1",0.5004071690035,"Blastomere A"
"B1",0.495320253852139,"Blastomere A"
"B1",0.500237053427504,"Blastomere A"
"B1",0.519236163098417,"Blastomere A"
"B1",0.507575235868731,"Blastomere A"
"B1",0.504421100333781,"Blastomere A"
"B1",0.500487856571101,"Blastomere A"
"B1",0.49588234438466,"Blastomere A"
"B1",0.502734932035108,"Blastomere A"
"B1",0.501289744450677,"Blastomere A"
"B1",0.502341835911436,"Blastomere A"
"B1",0.491956827543759,"Blastomere A"
"B1",0.495657589536486,"Blastomere A"
"B1",0.502945834585524,"Blastomere A"
"B1",0.501712950098528,"Blastomere A"
"B1",0.503456267088311,"Blastomere A"
"B1",0.500487182045153,"Blastomere A"
"B1",0.49762304581036,"Blastomere A"
"B1",0.497086419476891,"Blastomere A"
"B1",0.507633089196601,"Blastomere A"
"B1",0.505712531326697,"Blastomere A"
"B1",0.493601457532625,"Blastomere A"
"B1",0.490817108416544,"Blastomere A"
"B1",0.488783733914295,"Blastomere A"
"B1",0.496179960382947,"Blastomere A"
"B1",0.495838323582812,"Blastomere A"
"B1",0.498423494410666,"Blastomere A"
"B1",0.496865281205976,"Blastomere A"
"B1",0.499541228563657,"Blastomere A"
"B1",0.495408181806342,"Blastomere A"
"B1",0.493450016219845,"Blastomere A"
"B1",0.499402832453222,"Blastomere A"
"B1",0.494850462282119,"Blastomere A"
"B1",0.495622319748565,"Blastomere A"
"B1",0.497902225743115,"Blastomere A"
"B1",0.50043381296117,"Blastomere A"
"B1",0.509451655289974,"Blastomere A"
"B1",0.498106270609867,"Blastomere A"
"B1",0.498903245787594,"Blastomere A"
"B1",0.497462434781423,"Blastomere A"
"B1",0.498910971063535,"Blastomere A"
"B1",0.509030404972274,"Blastomere A"
"B1",0.497271951135054,"Blastomere A"
"B1",0.50026301440352,"Blastomere A"
"B1",0.488005559429753,"Blastomere A"
"B1",0.498211894879102,"Blastomere A"
"B1",0.487604993151822,"Blastomere A"
"B1",0.49671019663259,"Blastomere A"
"B1",0.505526855541616,"Blastomere A"
"B1",0.495230542032134,"Blastomere A"
"B1",0.489974163391002,"Blastomere A"
"B1",0.500516890974747,"Blastomere A"
"B1",0.491685527117537,"Blastomere A"
"B1",0.493973594091558,"Blastomere A"
"B1",0.493300342590286,"Blastomere A"
"B1",0.496950668568714,"Blastomere A"
"B1",0.499839063583084,"Blastomere A"
"B1",0.49454538269798,"Blastomere A"
"B1",0.492674538248449,"Blastomere A"
"B1",0.497274550410508,"Blastomere A"
"B1",0.500219596975749,"Blastomere A"
"B1",0.494974710837984,"Blastomere A"
"B1",0.496582922117249,"Blastomere A"
"B1",0.495132586196153,"Blastomere A"
"B1",0.494881170944986,"Blastomere A"
"B1",0.495854641430971,"Blastomere A"
"B1",0.494655523669798,"Blastomere A"
"B1",0.501800039953331,"Blastomere A"
"B1",0.493064164797094,"Blastomere A"
"B1",0.490111523704069,"Blastomere A"
"B1",0.49127361506153,"Blastomere A"
"B1",0.495675745336234,"Blastomere A"
"B1",0.500069634115305,"Blastomere A"
"B1",0.509040460985073,"Blastomere A"
"B1",0.498612165985358,"Blastomere A"
"B1",0.499291739458595,"Blastomere A"
"B1",0.505308966030904,"Blastomere A"
"B1",0.487611215314603,"Blastomere A"
"B1",0.491834092432664,"Blastomere A"
"B1",0.486307128846352,"Blastomere A"
"B1",0.494096752860396,"Blastomere A"
"B1",0.511462209260662,"Blastomere A"
"B1",0.504327904516106,"Blastomere A"
"B1",0.492872415458434,"Blastomere A"
"B1",0.501624552571847,"Blastomere A"
"B1",0.488201124304111,"Blastomere A"
"B1",0.515374230389456,"Blastomere A"
"B1",0.494496916919733,"Blastomere A"
"B1",0.498857859266649,"Blastomere A"
"B1",0.495935186300176,"Blastomere A"
"B1",0.500365877616381,"Blastomere A"
"B1",0.50125729576,"Blastomere A"
"B1",0.505588355712205,"Blastomere A"
"B1",0.48649794049886,"Blastomere A"
"B1",0.496112200092671,"Blastomere A"
"B1",0.499891610694741,"Blastomere A"
"B1",0.495856621080176,"Blastomere A"
"B1",0.506517480701769,"Blastomere A"
"B1",0.494471546058703,"Blastomere A"
"B1",0.49376144936424,"Blastomere A"
"B1",0.501800146098325,"Blastomere A"
"B1",0.496743359546658,"Blastomere A"
"B1",0.514119282573826,"Blastomere A"
"B1",0.486672452629728,"Blastomere A"
"B1",0.496206083444278,"Blastomere A"
"B1",0.493233495527957,"Blastomere A"
"B1",0.483621058676617,"Blastomere A"
"B1",0.499588569625702,"Blastomere A"
"B1",0.492355827466287,"Blastomere A"
"B1",0.496746648403344,"Blastomere A"
"B1",0.508869868238559,"Blastomere A"
"B1",0.491344048504711,"Blastomere A"
"B1",0.501066824112192,"Blastomere A"
"B1",0.484148033966921,"Blastomere A"
"B1",0.51619748375998,"Blastomere A"
"B1",0.504220445624494,"Blastomere A"
"B1",0.509919521460418,"Blastomere A"
"B1",0.503882261215156,"Blastomere A"
"B1",0.491514252241348,"Blastomere A"
"B1",0.501470226052223,"Blastomere A"
"B1",0.4976590923314,"Blastomere A"
"B1",0.497726500025039,"Blastomere A"
"B1",0.507667198349727,"Blastomere A"
"B1",0.493164947687414,"Blastomere A"
"B1",0.502863559614971,"Blastomere A"
"B1",0.496807292635607,"Blastomere A"
"B1",0.49678227967015,"Blastomere A"
"B1",0.490100027434592,"Blastomere A"
"B1",0.505229697871691,"Blastomere A"
"B1",0.508878557325566,"Blastomere A"
"B1",0.485770899992667,"Blastomere A"
"B1",0.492832540395722,"Blastomere A"
"B1",0.508334311631397,"Blastomere A"
"B1",0.50475110235979,"Blastomere A"
"B1",0.495338213161913,"Blastomere A"
"B1",0.494739031113644,"Blastomere A"
"B1",0.502116007409673,"Blastomere A"
"B1",0.502920609042932,"Blastomere A"
"B1",0.493960241147968,"Blastomere A"
"B1",0.504407839406532,"Blastomere A"
"B1",0.508601842409287,"Blastomere A"
"B1",0.502577876196219,"Blastomere A"
"B1",0.502294199209021,"Blastomere A"
"B1",0.496563579809908,"Blastomere A"
"B1",0.509221410478943,"Blastomere A"
"B1",0.4896281136805,"Blastomere A"
"B1",0.491023776777749,"Blastomere A"
"B1",0.500555486106907,"Blastomere A"
"B1",0.501658817681084,"Blastomere A"
"B1",0.501339917908463,"Blastomere A"
"B1",0.497748044602974,"Blastomere A"
"B1",0.500570616558971,"Blastomere A"
"B1",0.500762556819667,"Blastomere A"
"B1",0.501399460830189,"Blastomere A"
"B1",0.478184871829686,"Blastomere A"
"B1",0.493075115970511,"Blastomere A"
"B1",0.491794279665896,"Blastomere A"
"B1",0.508801733623266,"Blastomere A"
"B1",0.492520150032272,"Blastomere A"
"B1",0.499268258745162,"Blastomere A"
"B1",0.499775983717277,"Blastomere A"
"B1",0.500510726488983,"Blastomere A"
"B1",0.505607048311962,"Blastomere A"
"B1",0.498003174601716,"Blastomere A"
"B1",0.485056330208272,"Blastomere A"
"B1",0.507840346368461,"Blastomere A"
"B1",0.496213727876941,"Blastomere A"
"B1",0.501125262024318,"Blastomere A"
"B1",0.491542014413409,"Blastomere A"
"B1",0.499026496906496,"Blastomere A"
"B1",0.486166668913458,"Blastomere A"
"B1",0.507772660293786,"Blastomere A"
"B1",0.491074371455967,"Blastomere A"
"B1",0.507736131808924,"Blastomere A"
"B1",0.489548052492845,"Blastomere A"
"B1",0.486244640034844,"Blastomere A"
"B1",0.495762380584154,"Blastomere A"
"B1",0.487477123298035,"Blastomere A"
"B1",0.505659367763817,"Blastomere A"
"B1",0.495605762793809,"Blastomere A"
"B1",0.495549745223483,"Blastomere A"
"B1",0.512812605149428,"Blastomere A"
"B1",0.50042667501366,"Blastomere A"
"B1",0.502437133712125,"Blastomere A"
"B1",0.484912122187079,"Blastomere A"
"B1",0.4949040456512,"Blastomere A"
"B1",0.490530576290258,"Blastomere A"
"B1",0.500347121330996,"Blastomere A"
"B1",0.482829889350191,"Blastomere A"
"B1",0.498112120186658,"Blastomere A"
"B1",0.502809081791462,"Blastomere A"
"B1",0.4991907225997,"Blastomere A"
"B1",0.497281070873188,"Blastomere A"
"B1",0.499180186990083,"Blastomere A"
"B1",0.499197365457644,"Blastomere A"
"B1",0.506948500455657,"Blastomere A"
"B1",0.507790555763997,"Blastomere A"
"B1",0.515913658803216,"Blastomere A"
"B1",0.505178165902364,"Blastomere A"
"B1",0.495792073119933,"Blastomere A"
"B1",0.499227652206218,"Blastomere A"
"B1",0.503158765752093,"Blastomere A"
"B1",0.498419939840499,"Blastomere A"
"B1",0.499565203261304,"Blastomere A"
"B1",0.49042457179147,"Blastomere A"
"B1",0.502328185560444,"Blastomere A"
"B1",0.496236722510875,"Blastomere A"
"B1",0.502209750756104,"Blastomere A"
"B1",0.492430694322766,"Blastomere A"
"B1",0.502262577325398,"Blastomere A"
"B1",0.499829521875097,"Blastomere A"
"B1",0.49825674181703,"Blastomere A"
"B1",0.494322431407826,"Blastomere A"
"B1",0.497764135539491,"Blastomere A"
"B1",0.500370407361373,"Blastomere A"
"B1",0.496059260551277,"Blastomere A"
"B1",0.502877887937392,"Blastomere A"
"B1",0.490760759710261,"Blastomere A"
"B1",0.494287559300965,"Blastomere A"
"B1",0.499419289145685,"Blastomere A"
"B1",0.513708940777426,"Blastomere A"
"B1",0.496307845449205,"Blastomere A"
"B1",0.48858101541386,"Blastomere A"
"B1",0.510917383802615,"Blastomere A"
"B1",0.501304403102698,"Blastomere A"
"B1",0.489257845991513,"Blastomere A"
"B1",0.500205728516719,"Blastomere A"
"B1",0.493905157146737,"Blastomere A"
"B1",0.492152894447424,"Blastomere A"
"B1",0.495525572374578,"Blastomere A"
"B1",0.496588462120125,"Blastomere A"
"B1",0.495559719589428,"Blastomere A"
"B1",0.495292866207241,"Blastomere A"
"B1",0.510380510556798,"Blastomere A"
"B1",0.505273353309446,"Blastomere A"
"B1",0.509598761673315,"Blastomere A"
"B1",0.511460034695345,"Blastomere A"
"B1",0.497231230818253,"Blastomere A"
"B1",0.506203053705567,"Blastomere A"
"B1",0.503357046460968,"Blastomere A"
"B1",0.505676926649241,"Blastomere A"
"B1",0.506378269944722,"Blastomere A"
"B1",0.491755530337291,"Blastomere A"
"B1",0.500116154030804,"Blastomere A"
"B1",0.505850431570673,"Blastomere A"
"B1",0.500240495757979,"Blastomere A"
"B1",0.509888187624278,"Blastomere A"
"B1",0.490974782532543,"Blastomere A"
"B1",0.501008736457481,"Blastomere A"
"B1",0.493749082999704,"Blastomere A"
"B1",0.490125390134547,"Blastomere A"
"B1",0.503220967637326,"Blastomere A"
"B1",0.500150417649959,"Blastomere A"
"B1",0.510569043382816,"Blastomere A"
"B1",0.496834506231753,"Blastomere A"
"B1",0.500984914891838,"Blastomere A"
"B1",0.493749737668471,"Blastomere A"
"B1",0.496475629948241,"Blastomere A"
"B1",0.502392889627516,"Blastomere A"
"B1",0.49705470419371,"Blastomere A"
"B1",0.503627377212713,"Blastomere A"
"B1",0.496864328991133,"Blastomere A"
"B1",0.500506399023854,"Blastomere A"
"B1",0.49110403728222,"Blastomere A"
"B1",0.505047875815269,"Blastomere A"
"B1",0.510336089428643,"Blastomere A"
"B1",0.492047115861212,"Blastomere A"
"B1",0.485951997862809,"Blastomere A"
"B1",0.495866810723176,"Blastomere A"
"B1",0.492571292795361,"Blastomere A"
"B1",0.507613478047828,"Blastomere A"
"B1",0.502406711971587,"Blastomere A"
"B1",0.49937083478027,"Blastomere A"
"B1",0.501696588679185,"Blastomere A"
"B1",0.498122404705427,"Blastomere A"
"B1",0.499171413746296,"Blastomere A"
"B1",0.507166899735864,"Blastomere A"
"B1",0.504102024527454,"Blastomere A"
"B1",0.502145065844249,"Blastomere A"
"B1",0.501488855644289,"Blastomere A"
"B1",0.503080334722176,"Blastomere A"
"B1",0.495696671940299,"Blastomere A"
"B1",0.500523975028167,"Blastomere A"
"B1",0.497531327793371,"Blastomere A"
"B1",0.495356369458165,"Blastomere A"
"B1",0.512883325563007,"Blastomere A"
"B1",0.496963386173145,"Blastomere A"
"B1",0.505733466474604,"Blastomere A"
"B1",0.503942307177106,"Blastomere A"
"B1",0.501193864200597,"Blastomere A"
"B1",0.502612149876937,"Blastomere A"
"B1",0.494707567547621,"Blastomere A"
"B1",0.509186612323266,"Blastomere A"
"B1",0.495725231430191,"Blastomere A"
"B1",0.496351174128246,"Blastomere A"
"B1",0.494933645889534,"Blastomere A"
"B1",0.499702024345938,"Blastomere A"
"B1",0.494296804132408,"Blastomere A"
"B1",0.497019309079202,"Blastomere A"
"B1",0.493049734816839,"Blastomere A"
"B1",0.49616923676876,"Blastomere A"
"B1",0.503476830716782,"Blastomere A"
"B1",0.498905345018913,"Blastomere A"
"B1",0.506952169526176,"Blastomere A"
"B1",0.504585457032052,"Blastomere A"
"B1",0.504370716662402,"Blastomere A"
"B1",0.500687545354288,"Blastomere A"
"B1",0.499569022146791,"Blastomere A"
"B1",0.501855888902174,"Blastomere A"
"B1",0.497270806306012,"Blastomere A"
"B1",0.499732488886859,"Blastomere A"
"B1",0.499947874183316,"Blastomere A"
"B1",0.494313211861568,"Blastomere A"
"B1",0.498294828707205,"Blastomere A"
"B1",0.49305084200781,"Blastomere A"
"B1",0.500922874118014,"Blastomere A"
"B1",0.506797644028826,"Blastomere A"
"B1",0.498234895732781,"Blastomere A"
"B1",0.512098997208483,"Blastomere A"
"B1",0.488379305612458,"Blastomere A"
"B1",0.489459451058636,"Blastomere A"
"B1",0.516083761884899,"Blastomere A"
"B1",0.500672429216251,"Blastomere A"
"B1",0.49843723978586,"Blastomere A"
"B1",0.497386662761129,"Blastomere A"
"B1",0.488639883442047,"Blastomere A"
"B1",0.500021016672824,"Blastomere A"
"B1",0.503335951386421,"Blastomere A"
"B1",0.495752079926809,"Blastomere A"
"B1",0.514655394515472,"Blastomere A"
"B1",0.497506989748075,"Blastomere A"
"B1",0.505132039200305,"Blastomere A"
"B1",0.497279284467288,"Blastomere A"
"B1",0.498612282511027,"Blastomere A"
"B1",0.505306493286335,"Blastomere A"
"B1",0.494141395114425,"Blastomere A"
"B1",0.510130479494343,"Blastomere A"
"B1",0.497959762445887,"Blastomere A"
"B1",0.506999113968509,"Blastomere A"
"B1",0.505084976362198,"Blastomere A"
"B1",0.493835902972402,"Blastomere A"
"B1",0.493678564495228,"Blastomere A"
"B1",0.493425666102376,"Blastomere A"
"B1",0.506688735773579,"Blastomere A"
"B1",0.504302215180906,"Blastomere A"
"B1",0.501288965578816,"Blastomere A"
"B1",0.497913459276969,"Blastomere A"
"B1",0.498260649645868,"Blastomere A"
"B1",0.502296371224136,"Blastomere A"
"B1",0.502202848738588,"Blastomere A"
"B1",0.499436891016452,"Blastomere A"
"B1",0.500824314625233,"Blastomere A"
"B1",0.497110360200378,"Blastomere A"
"B1",0.500316208569394,"Blastomere A"
"B1",0.503775219931188,"Blastomere A"
"B1",0.493806823533895,"Blastomere A"
"B1",0.509064398200422,"Blastomere A"
"B1",0.503356634875054,"Blastomere A"
"B1",0.496547447607777,"Blastomere A"
"B1",0.491339336432516,"Blastomere A"
"B1",0.507593776747992,"Blastomere A"
"B1",0.508103533252856,"Blastomere A"
"B1",0.490921944026478,"Blastomere A"
"B1",0.504801252160827,"Blastomere A"
"B1",0.493697231935166,"Blastomere A"
"B1",0.498391779060242,"Blastomere A"
"B1",0.512292581811091,"Blastomere A"
"B1",0.501739910660237,"Blastomere A"
"B1",0.504011595015738,"Blastomere A"
"B1",0.504272311827149,"Blastomere A"
"B1",0.501190141062339,"Blastomere A"
"B1",0.49924003193032,"Blastomere A"
"B1",0.499667535740296,"Blastomere A"
"B1",0.502445599954179,"Blastomere A"
"B1",0.508758188701002,"Blastomere A"
"B1",0.495019619532221,"Blastomere A"
"B1",0.495047493660556,"Blastomere A"
"B1",0.492375587950179,"Blastomere A"
"B1",0.499512171445628,"Blastomere A"
"B1",0.499614458514241,"Blastomere A"
"B1",0.500909628714391,"Blastomere A"
"B1",0.489552115303378,"Blastomere A"
"B1",0.504191320520504,"Blastomere A"
"B1",0.485527551705255,"Blastomere A"
"B1",0.495988432117475,"Blastomere A"
"B1",0.503779551209789,"Blastomere A"
"B1",0.501864166727906,"Blastomere A"
"B1",0.497766755435041,"Blastomere A"
"B1",0.488972392682566,"Blastomere A"
"B1",0.491676271606231,"Blastomere A"
"B1",0.492884202400227,"Blastomere A"
"B1",0.499565708547022,"Blastomere A"
"B1",0.507972253671483,"Blastomere A"
"B1",0.509872883232514,"Blastomere A"
"B1",0.505208060287755,"Blastomere A"
"B1",0.498838841410223,"Blastomere A"
"B1",0.497169507324077,"Blastomere A"
"B1",0.493577613149425,"Blastomere A"
"B1",0.491729148370186,"Blastomere A"
"B1",0.49352722861179,"Blastomere A"
"B1",0.496585733544334,"Blastomere A"
"B1",0.511505151176237,"Blastomere A"
"B1",0.508121296406058,"Blastomere A"
"B1",0.49738972579389,"Blastomere A"
"B1",0.514903491482236,"Blastomere A"
"B1",0.497021708771717,"Blastomere A"
"B1",0.495673365883121,"Blastomere A"
"B1",0.491364213213735,"Blastomere A"
"B1",0.494321476732182,"Blastomere A"
"B1",0.511426941353441,"Blastomere A"
"B1",0.499607374567783,"Blastomere A"
"B1",0.498649257143314,"Blastomere A"
"B1",0.499386179733837,"Blastomere A"
"B1",0.512989985587976,"Blastomere A"
"B1",0.495588162567991,"Blastomere A"
"B1",0.495304123625183,"Blastomere A"
"B1",0.497941182228955,"Blastomere A"
"B1",0.50913028399841,"Blastomere A"
"B1",0.509224363513585,"Blastomere A"
"B1",0.505287282867254,"Blastomere A"
"B1",0.486142370930943,"Blastomere A"
"B1",0.496152192735796,"Blastomere A"
"B1",0.497539073271646,"Blastomere A"
"B1",0.491474667216216,"Blastomere A"
"B1",0.487497824495072,"Blastomere A"
"B1",0.501387324891856,"Blastomere A"
"B1",0.500547930412258,"Blastomere A"
"B1",0.494659156533472,"Blastomere A"
"B1",0.513092664290639,"Blastomere A"
"B1",0.509819847236849,"Blastomere A"
"B1",0.503969873822835,"Blastomere A"
"B1",0.48338134068946,"Blastomere A"
"B1",0.495658925144205,"Blastomere A"
"B1",0.496374305617866,"Blastomere A"
"B1",0.485697624369975,"Blastomere A"
"B1",0.490422479120898,"Blastomere A"
"B1",0.504289450173928,"Blastomere A"
"B1",0.505901298795303,"Blastomere A"
"B1",0.488161085633905,"Blastomere A"
"B1",0.50497121679132,"Blastomere A"
"B1",0.490473174353041,"Blastomere A"
"B1",0.504355675637781,"Blastomere A"
"B1",0.495568011194767,"Blastomere A"
"B1",0.493937129086168,"Blastomere A"
"B1",0.506635227636421,"Blastomere A"
"B1",0.512464606824824,"Blastomere A"
"B1",0.49489291992505,"Blastomere A"
"B1",0.504308898677202,"Blastomere A"
"B1",0.505635533011993,"Blastomere A"
"B1",0.495417640355392,"Blastomere A"
"B1",0.494135257256273,"Blastomere A"
"B1",0.504935709430164,"Blastomere A"
"B1",0.502726531552588,"Blastomere A"
"B1",0.499167599117568,"Blastomere A"
"B1",0.502849278429114,"Blastomere A"
"B1",0.486102943916164,"Blastomere A"
"B1",0.498153717945826,"Blastomere A"
"B1",0.487242726047132,"Blastomere A"
"B1",0.499984300139238,"Blastomere A"
"B1",0.504231953659434,"Blastomere A"
"B1",0.498545162060693,"Blastomere A"
"B1",0.502175491249642,"Blastomere A"
"B1",0.494144125652034,"Blastomere A"
"B1",0.499198177075794,"Blastomere A"
"B1",0.501951228739613,"Blastomere A"
"B1",0.49068667368392,"Blastomere A"
"B1",0.4997069810451,"Blastomere A"
"B1",0.49288694071156,"Blastomere A"
"B1",0.507145459862338,"Blastomere A"
"B1",0.499154071235827,"Blastomere A"
"B1",0.496828173122018,"Blastomere A"
"B1",0.504115200355939,"Blastomere A"
"B1",0.499133926608646,"Blastomere A"
"B1",0.508761510891423,"Blastomere A"
"B1",0.504546440837137,"Blastomere A"
"B1",0.487538918896223,"Blastomere A"
"B1",0.493836700331349,"Blastomere A"
"B1",0.485172969594463,"Blastomere A"
"B1",0.495727529430929,"Blastomere A"
"B1",0.496125950652365,"Blastomere A"
"B1",0.503227857726432,"Blastomere A"
"B1",0.49991726797963,"Blastomere A"
"B1",0.490837167212148,"Blastomere A"
"B1",0.492398385829301,"Blastomere A"
"B1",0.499929916455121,"Blastomere A"
"B1",0.49660648989387,"Blastomere A"
"B1",0.498698390811525,"Blastomere A"
"B1",0.494942690352108,"Blastomere A"
"B1",0.503622325469347,"Blastomere A"
"B1",0.506516364831647,"Blastomere A"
"B1",0.501889923466585,"Blastomere A"
"B1",0.506168382891324,"Blastomere A"
"B1",0.504027788530161,"Blastomere A"
"B1",0.503418639740178,"Blastomere A"
"B1",0.50805360999317,"Blastomere A"
"B1",0.487906238263456,"Blastomere A"
"B1",0.49058789467709,"Blastomere A"
"B1",0.49930505036592,"Blastomere A"
"B1",0.493284169898069,"Blastomere A"
"B1",0.499519871857906,"Blastomere A"
"B1",0.504919738039791,"Blastomere A"
"B1",0.506235239464797,"Blastomere A"
"B1",0.498004560557324,"Blastomere A"
"B1",0.489493332103626,"Blastomere A"
"B1",0.488053756455554,"Blastomere A"
"B1",0.499441179878157,"Blastomere A"
"B1",0.492837713466586,"Blastomere A"
"B1",0.508828315795544,"Blastomere A"
"B1",0.50025668551098,"Blastomere A"
"B1",0.490797814975672,"Blastomere A"
"B1",0.499249072215552,"Blastomere A"
"B1",0.499245242086914,"Blastomere A"
"B1",0.496117084781241,"Blastomere A"
"B1",0.493989462333404,"Blastomere A"
"B1",0.499327118188487,"Blastomere A"
"B1",0.489851515600324,"Blastomere A"
"B1",0.506715981418397,"Blastomere A"
"B1",0.49601410564029,"Blastomere A"
"B1",0.496503245123306,"Blastomere A"
"B1",0.504100761737584,"Blastomere A"
"B1",0.499934021263154,"Blastomere A"
"B1",0.503347083273537,"Blastomere A"
"B1",0.502494858481644,"Blastomere A"
"B1",0.501798128498828,"Blastomere A"
"B1",0.509907930304744,"Blastomere A"
"B1",0.488214253486988,"Blastomere A"
"B1",0.48868896890092,"Blastomere A"
"B1",0.496591904938484,"Blastomere A"
"B1",0.501216011771073,"Blastomere A"
"B1",0.50073318078722,"Blastomere A"
"B1",0.494353583531057,"Blastomere A"
"B1",0.504503676730304,"Blastomere A"
"B1",0.486920157396988,"Blastomere A"
"B1",0.497411628057837,"Blastomere A"
"B1",0.495842991202095,"Blastomere A"
"B1",0.507364971453908,"Blastomere A"
"B1",0.502822201434323,"Blastomere A"
"B1",0.499181285503485,"Blastomere A"
"B1",0.485142068861503,"Blastomere A"
"B1",0.498023328155468,"Blastomere A"
"B1",0.509399180276346,"Blastomere A"
"B1",0.49262667602339,"Blastomere A"
"B1",0.503557949760293,"Blastomere A"
"B1",0.502406753516831,"Blastomere A"
"B1",0.495838090010117,"Blastomere A"
"B1",0.500058445251461,"Blastomere A"
"B1",0.494083432098376,"Blastomere A"
"B1",0.509387357248835,"Blastomere A"
"B1",0.50286942451676,"Blastomere A"
"B1",0.505354125581184,"Blastomere A"
"B1",0.493848401233977,"Blastomere A"
"B1",0.496009364375459,"Blastomere A"
"B1",0.501305303283256,"Blastomere A"
"B1",0.496277521791121,"Blastomere A"
"B1",0.50471108740174,"Blastomere A"
"B1",0.48965242649544,"Blastomere A"
"B1",0.488672240321362,"Blastomere A"
"B1",0.49134653785697,"Blastomere A"
"B1",0.489906086626127,"Blastomere A"
"B1",0.493877300461877,"Blastomere A"
"B1",0.496816405628588,"Blastomere A"
"B1",0.498456191382843,"Blastomere A"
"B1",0.50388504921766,"Blastomere A"
"B1",0.49923615833071,"Blastomere A"
"B1",0.496522046580642,"Blastomere A"
"B1",0.507896893914854,"Blastomere A"
"B1",0.49933075842441,"Blastomere A"
"B1",0.504615467809409,"Blastomere A"
"B1",0.49884190737335,"Blastomere A"
"B1",0.494138820159423,"Blastomere A"
"B1",0.51352921005961,"Blastomere A"
"B1",0.501754851239047,"Blastomere A"
"B1",0.504750122949236,"Blastomere A"
"B1",0.506216492904427,"Blastomere A"
"B1",0.493444206456963,"Blastomere A"
"B1",0.490655763223826,"Blastomere A"
"B1",0.496635311105496,"Blastomere A"
"B1",0.498402413545725,"Blastomere A"
"B1",0.489910444339484,"Blastomere A"
"B1",0.49540798551707,"Blastomere A"
"B1",0.484723573686305,"Blastomere A"
"B1",0.502148681166616,"Blastomere A"
"B1",0.485632873952636,"Blastomere A"
"B1",0.484666062254756,"Blastomere A"
"B1",0.500875182902455,"Blastomere A"
"B1",0.489523109982141,"Blastomere A"
"B1",0.490309642470819,"Blastomere A"
"B1",0.493890427689632,"Blastomere A"
"B1",0.496577711074194,"Blastomere A"
"B1",0.512593319372677,"Blastomere A"
"B1",0.49941615335456,"Blastomere A"
"B1",0.49986295045913,"Blastomere A"
"B1",0.500944727165784,"Blastomere A"
"B1",0.498319854345414,"Blastomere A"
"B1",0.507146101314232,"Blastomere A"
"B1",0.499263800047346,"Blastomere A"
"B1",0.502427389686388,"Blastomere A"
"B1",0.49593693057323,"Blastomere A"
"B1",0.485203733180212,"Blastomere A"
"B1",0.503517636275495,"Blastomere A"
"B1",0.498578037480342,"Blastomere A"
"B1",0.495750039076337,"Blastomere A"
"B1",0.50398847707879,"Blastomere A"
"B1",0.500064361704202,"Blastomere A"
"B1",0.504421132373148,"Blastomere A"
"B1",0.497737949057132,"Blastomere A"
"B1",0.508032930958874,"Blastomere A"
"B1",0.499747858774024,"Blastomere A"
"B1",0.495069553379754,"Blastomere A"
"B1",0.499557693647004,"Blastomere A"
"B1",0.504057048551159,"Blastomere A"
"B1",0.491093657605943,"Blastomere A"
"B1",0.48688102106103,"Blastomere A"
"B1",0.498715146005328,"Blastomere A"
"B1",0.49899658044452,"Blastomere A"
"B1",0.489661031537539,"Blastomere A"
"B1",0.492364504228091,"Blastomere A"
"B1",0.497573359889103,"Blastomere A"
"B1",0.494583391416018,"Blastomere A"
"B1",0.499168501058051,"Blastomere A"
"B1",0.499071407873921,"Blastomere A"
"B1",0.487452981402273,"Blastomere A"
"B1",0.493588229437199,"Blastomere A"
"B1",0.49316827502238,"Blastomere A"
"B1",0.49056804164994,"Blastomere A"
"B1",0.499250197594213,"Blastomere A"
"B1",0.494852856392649,"Blastomere A"
"B1",0.506596223126636,"Blastomere A"
"B1",0.497798962579888,"Blastomere A"
"B1",0.49889203439605,"Blastomere A"
"B1",0.48644565510422,"Blastomere A"
"B1",0.499932962536523,"Blastomere A"
"B1",0.510512158319077,"Blastomere A"
"B1",0.502736891762096,"Blastomere A"
"B1",0.496997216304392,"Blastomere A"
"B1",0.49964935483308,"Blastomere A"
"B1",0.498281869447873,"Blastomere A"
"B1",0.504030510423624,"Blastomere A"
"B1",0.500149994444579,"Blastomere A"
"B1",0.507764956069077,"Blastomere A"
"B1",0.495643475387925,"Blastomere A"
"B1",0.50771698402379,"Blastomere A"
"B1",0.496557450192972,"Blastomere A"
"B1",0.508494819049306,"Blastomere A"
"B1",0.489949049712308,"Blastomere A"
"B1",0.503512673481547,"Blastomere A"
"B1",0.498763532179289,"Blastomere A"
"B1",0.502703900601567,"Blastomere A"
"B1",0.489573159006899,"Blastomere A"
"B1",0.50186868048014,"Blastomere A"
"B1",0.485167192246603,"Blastomere A"
"B1",0.491674851832679,"Blastomere A"
"B1",0.501383459201728,"Blastomere A"
"B1",0.498170445935581,"Blastomere A"
"B1",0.490559019205259,"Blastomere A"
"B1",0.494758282555609,"Blastomere A"
"B1",0.497068843133498,"Blastomere A"
"B1",0.503855845759888,"Blastomere A"
"B1",0.501515298602459,"Blastomere A"
"B1",0.498153703829479,"Blastomere A"
"B1",0.508110878788608,"Blastomere A"
"B1",0.50506672233123,"Blastomere A"
"B1",0.503052237409852,"Blastomere A"
"B1",0.491653397814612,"Blastomere A"
"B1",0.498174598916608,"Blastomere A"
"B1",0.500260289728249,"Blastomere A"
"B1",0.49933244328954,"Blastomere A"
"B1",0.501246587784973,"Blastomere A"
"B1",0.503403384859809,"Blastomere A"
"B1",0.493242604964571,"Blastomere A"
"B1",0.502542428405887,"Blastomere A"
"B1",0.498182401569728,"Blastomere A"
"B1",0.496456521236041,"Blastomere A"
"B1",0.500671512428939,"Blastomere A"
"B1",0.501401539487815,"Blastomere A"
"B1",0.503329464621838,"Blastomere A"
"B1",0.509827834911629,"Blastomere A"
"B1",0.48196344199411,"Blastomere A"
"B1",0.508386462432945,"Blastomere A"
"B1",0.50193225088747,"Blastomere A"
"B1",0.495206845784572,"Blastomere A"
"B1",0.499175093583874,"Blastomere A"
"B1",0.505009595821411,"Blastomere A"
"B1",0.504539002589239,"Blastomere A"
"B1",0.501829914480749,"Blastomere A"
"B1",0.504334094156107,"Blastomere A"
"B1",0.508421595686157,"Blastomere A"
"B1",0.505968416567944,"Blastomere A"
"B1",0.498010683834315,"Blastomere A"
"B1",0.500942265901598,"Blastomere A"
"B1",0.492809306691758,"Blastomere A"
"B1",0.50145634888598,"Blastomere A"
"B1",0.485091971444999,"Blastomere A"
"B1",0.494829636043058,"Blastomere A"
"B1",0.496078977722508,"Blastomere A"
"B1",0.507480951313781,"Blastomere A"
"B1",0.498762254198062,"Blastomere A"
"B1",0.488053264036584,"Blastomere A"
"B1",0.496722682703201,"Blastomere A"
"B1",0.497786895676105,"Blastomere A"
"B1",0.497086793279629,"Blastomere A"
"B1",0.500063900936738,"Blastomere A"
"B1",0.500603566496477,"Blastomere A"
"B1",0.502928506908694,"Blastomere A"
"B1",0.489888084949909,"Blastomere A"
"B1",0.494616033385615,"Blastomere A"
"B1",0.502454341384305,"Blastomere A"
"B1",0.490866406567695,"Blastomere A"
"B1",0.505116426589084,"Blastomere A"
"B1",0.505197247758756,"Blastomere A"
"B1",0.504214900042366,"Blastomere A"
"B1",0.504497303155613,"Blastomere A"
"B1",0.505107198138817,"Blastomere A"
"B1",0.490395917247345,"Blastomere A"
"B1",0.504183510004149,"Blastomere A"
"B1",0.505659898220468,"Blastomere A"
"B1",0.492316076352963,"Blastomere A"
"B1",0.501053539519544,"Blastomere A"
"B1",0.491100263140354,"Blastomere A"
"B1",0.496782884575916,"Blastomere A"
"B1",0.497647931662822,"Blastomere A"
"B1",0.491069277984934,"Blastomere A"
"B1",0.502872601158031,"Blastomere A"
"B1",0.490722358234322,"Blastomere A"
"B1",0.496548265611399,"Blastomere A"
"B1",0.502909038493255,"Blastomere A"
"B1",0.498787688074153,"Blastomere A"
"B1",0.506470433996655,"Blastomere A"
"B1",0.505262882537714,"Blastomere A"
"B1",0.50478487653059,"Blastomere A"
"B1",0.499779270687488,"Blastomere A"
"B1",0.503288914742629,"Blastomere A"
"B1",0.497464085802959,"Blastomere A"
"B1",0.499520770274665,"Blastomere A"
"B1",0.503696094892945,"Blastomere A"
"B1",0.497478721344574,"Blastomere A"
"B1",0.498318226890348,"Blastomere A"
"B1",0.492845708630934,"Blastomere A"
"B1",0.506428924666614,"Blastomere A"
"B1",0.509370750428293,"Blastomere A"
"B1",0.494050376731391,"Blastomere A"
"B1",0.489443134937192,"Blastomere A"
"B1",0.492696605899352,"Blastomere A"
"B1",0.501609725103736,"Blastomere A"
"B1",0.498378247428794,"Blastomere A"
"B1",0.493591094165684,"Blastomere A"
"B1",0.507485848864899,"Blastomere A"
"B1",0.492401715718814,"Blastomere A"
"B1",0.500610192554274,"Blastomere A"
"B1",0.500320984927719,"Blastomere A"
"B1",0.498879228348924,"Blastomere A"
"B1",0.493838886959852,"Blastomere A"
"B1",0.505013976759081,"Blastomere A"
"B1",0.495284572463704,"Blastomere A"
"B1",0.495478963269898,"Blastomere A"
"B1",0.497794448276692,"Blastomere A"
"B1",0.49741842783873,"Blastomere A"
"B1",0.495866415769865,"Blastomere A"
"B1",0.496648066327304,"Blastomere A"
"B1",0.513284118883731,"Blastomere A"
"B1",0.501868417777944,"Blastomere A"
"B1",0.494176325192575,"Blastomere A"
"B1",0.497541788189935,"Blastomere A"
"B1",0.47891798784205,"Blastomere A"
"B1",0.496593797359867,"Blastomere A"
"B1",0.504034524758586,"Blastomere A"
"B1",0.497009267885973,"Blastomere A"
"B1",0.50232304557517,"Blastomere A"
"B1",0.508099066411178,"Blastomere A"
"B1",0.49804117909289,"Blastomere A"
"B1",0.507073504482148,"Blastomere A"
"B1",0.493440773901339,"Blastomere A"
"B1",0.494029043447905,"Blastomere A"
"B1",0.500601657519939,"Blastomere A"
"B1",0.500739456324461,"Blastomere A"
"B1",0.499206197670815,"Blastomere A"
"B1",0.499155120873167,"Blastomere A"
"B1",0.480609785501256,"Blastomere A"
"B1",0.49836127953091,"Blastomere A"
"B1",0.487899559176832,"Blastomere A"
"B1",0.500550348435147,"Blastomere A"
"B1",0.50103958914568,"Blastomere A"
"B1",0.503261043204378,"Blastomere A"
"B1",0.481633530540397,"Blastomere A"
"B1",0.499323563181332,"Blastomere A"
"B1",0.497823773956511,"Blastomere A"
"B1",0.490083031852961,"Blastomere A"
"B1",0.499949758712435,"Blastomere A"
"B1",0.505671298424901,"Blastomere A"
"B1",0.511150629288259,"Blastomere A"
"B1",0.490252895816365,"Blastomere A"
"B1",0.493711088154283,"Blastomere A"
"B1",0.500300843629274,"Blastomere A"
"B1",0.50450115519872,"Blastomere A"
"B1",0.492107230512185,"Blastomere A"
"B1",0.505137109000871,"Blastomere A"
"B1",0.498196986159295,"Blastomere A"
"B1",0.486373932758789,"Blastomere A"
"B1",0.491944076138017,"Blastomere A"
"B1",0.498205727943366,"Blastomere A"
"B1",0.494241291178624,"Blastomere A"
"B1",0.502428283258639,"Blastomere A"
"B1",0.497305368993445,"Blastomere A"
"B1",0.487514311136073,"Blastomere A"
"B1",0.511381423033449,"Blastomere A"
"B1",0.490690267342532,"Blastomere A"
"B1",0.509563303260856,"Blastomere A"
"B1",0.502926418074988,"Blastomere A"
"B1",0.503031697834554,"Blastomere A"
"B1",0.500251433926312,"Blastomere A"
"B1",0.490221953878564,"Blastomere A"
"B1",0.490748962941686,"Blastomere A"
"B1",0.498908024772027,"Blastomere A"
"B1",0.498807230414534,"Blastomere A"
"B1",0.489460784088224,"Blastomere A"
"B1",0.495266588166144,"Blastomere A"
"B1",0.496193805215353,"Blastomere A"
"B1",0.502979405515944,"Blastomere A"
"B1",0.496335006234899,"Blastomere A"
"B1",0.494067203448986,"Blastomere A"
"B1",0.495078263016387,"Blastomere A"
"B1",0.495687272133838,"Blastomere A"
"B1",0.491456679595884,"Blastomere A"
"B1",0.499320490666026,"Blastomere A"
"B1",0.507624202282431,"Blastomere A"
"B1",0.498189300135856,"Blastomere A"
"B1",0.49951830374245,"Blastomere A"
"B1",0.503346805255793,"Blastomere A"
"B1",0.487630378648971,"Blastomere A"
"B1",0.515657411860773,"Blastomere A"
"B1",0.506046360407761,"Blastomere A"
"B1",0.502991421992973,"Blastomere A"
"B1",0.496419414901035,"Blastomere A"
"B1",0.491746983638745,"Blastomere A"
"B1",0.504447098626781,"Blastomere A"
"B1",0.498529687874546,"Blastomere A"
"B1",0.491795922087889,"Blastomere A"
"B1",0.501907671038892,"Blastomere A"
"B1",0.493992685305531,"Blastomere A"
"B1",0.507152442809161,"Blastomere A"
"B1",0.510658881803521,"Blastomere A"
"B1",0.489511875977305,"Blastomere A"
"B1",0.50005447356412,"Blastomere A"
"B1",0.509865400308375,"Blastomere A"
"B1",0.508942765937557,"Blastomere A"
"B1",0.501879906661576,"Blastomere A"
"B1",0.496539279603588,"Blastomere A"
"B1",0.500104041478385,"Blastomere A"
"B1",0.486607144818844,"Blastomere A"
"B1",0.49860207152532,"Blastomere A"
"B1",0.507958494508946,"Blastomere A"
"B1",0.488472694620582,"Blastomere A"
"B1",0.507631537418488,"Blastomere A"
"B1",0.498195013750555,"Blastomere A"
"B1",0.499139458291836,"Blastomere A"
"B1",0.49972582969945,"Blastomere A"
"B1",0.500943137595687,"Blastomere A"
"B1",0.502643015906731,"Blastomere A"
"B1",0.494125395154506,"Blastomere A"
"B1",0.49742323685328,"Blastomere A"
"B1",0.499250698423338,"Blastomere A"
"B1",0.4962772575141,"Blastomere A"
"B1",0.510993001971369,"Blastomere A"
"B1",0.506001028416202,"Blastomere A"
"B1",0.499786494584248,"Blastomere A"
"B1",0.503012038465233,"Blastomere A"
"B1",0.488305780183219,"Blastomere A"
"B1",0.509869712490404,"Blastomere A"
"B1",0.498456233919537,"Blastomere A"
"B1",0.492146823780159,"Blastomere A"
"B1",0.502548887493303,"Blastomere A"
"B1",0.499167071802789,"Blastomere A"
"B1",0.500638596027734,"Blastomere A"
"B1",0.495065842347514,"Blastomere A"
"B1",0.497908544006005,"Blastomere A"
"B1",0.508760911275183,"Blastomere A"
"B1",0.504364750516412,"Blastomere A"
"B1",0.500676886404004,"Blastomere A"
"B1",0.49428180933007,"Blastomere A"
"B1",0.495867828423742,"Blastomere A"
"B1",0.499766721840708,"Blastomere A"
"B1",0.503563185727705,"Blastomere A"
"B1",0.494557533306152,"Blastomere A"
"B1",0.486786606308091,"Blastomere A"
"B1",0.501618765245641,"Blastomere A"
"B1",0.493439498660962,"Blastomere A"
"B1",0.495680314793427,"Blastomere A"
"B1",0.501125290943377,"Blastomere A"
"B1",0.505913081878852,"Blastomere A"
"B1",0.49409217564423,"Blastomere A"
"B1",0.519575832148977,"Blastomere A"
"B1",0.500933017347965,"Blastomere A"
"B1",0.507840048609577,"Blastomere A"
"B1",0.498762169720251,"Blastomere A"
"B1",0.490488639237215,"Blastomere A"
"B1",0.489666828011897,"Blastomere A"
"B1",0.498203080336351,"Blastomere A"
"B1",0.503879919022648,"Blastomere A"
"B1",0.502107409290748,"Blastomere A"
"B1",0.491320461418287,"Blastomere A"
"B1",0.509931661679339,"Blastomere A"
"B1",0.505500871424992,"Blastomere A"
"B1",0.494827488695613,"Blastomere A"
"B1",0.503905249328384,"Blastomere A"
"B1",0.483688217889345,"Blastomere A"
"B1",0.48593962870899,"Blastomere A"
"B1",0.504086715124315,"Blastomere A"
"B1",0.49850863542974,"Blastomere A"
"B1",0.498299901300787,"Blastomere A"
"B1",0.507696039779131,"Blastomere A"
"B1",0.502526632382595,"Blastomere A"
"B1",0.516656210883559,"Blastomere A"
"B1",0.499426617075167,"Blastomere A"
"B1",0.495053222141379,"Blastomere A"
"B1",0.504742173533035,"Blastomere A"
"B1",0.500682616331764,"Blastomere A"
"B1",0.50170574593525,"Blastomere A"
"B1",0.493287838299796,"Blastomere A"
"B1",0.492493960937389,"Blastomere A"
"B1",0.490547287980148,"Blastomere A"
"B1",0.502628905123045,"Blastomere A"
"B1",0.500691100085382,"Blastomere A"
"B1",0.502955929920893,"Blastomere A"
"B1",0.48936091390605,"Blastomere A"
"B1",0.495570973546321,"Blastomere A"
"B1",0.506370958388724,"Blastomere A"
"B1",0.497876667815619,"Blastomere A"
"B1",0.489315210472195,"Blastomere A"
"B1",0.496440527992955,"Blastomere A"
"B1",0.500116792392945,"Blastomere A"
"B1",0.502002767389194,"Blastomere A"
"B1",0.497527673567515,"Blastomere A"
"B1",0.4987596088597,"Blastomere A"
"B1",0.49614438973661,"Blastomere A"
"B1",0.485707038719397,"Blastomere A"
"B1",0.49803090248629,"Blastomere A"
"B1",0.501322759622636,"Blastomere A"
"B1",0.497308003582197,"Blastomere A"
"B1",0.506773081480882,"Blastomere A"
"B1",0.498335116641291,"Blastomere A"
"B1",0.496993135643573,"Blastomere A"
"B1",0.498290504483053,"Blastomere A"
"B1",0.497692582031919,"Blastomere A"
"B1",0.49831770423471,"Blastomere A"
"B1",0.4975663930492,"Blastomere A"
"B1",0.499868102785864,"Blastomere A"
"B1",0.507304174241784,"Blastomere A"
"B1",0.499103372323927,"Blastomere A"
"B1",0.50363819213504,"Blastomere A"
"B1",0.497320991340699,"Blastomere A"
"B1",0.509264322911154,"Blastomere A"
"B1",0.496645768064714,"Blastomere A"
"B1",0.495654450644044,"Blastomere A"
"B1",0.496704680744222,"Blastomere A"
"B1",0.498463299292143,"Blastomere A"
"B1",0.490282023969867,"Blastomere A"
"B1",0.503190018098053,"Blastomere A"
"B1",0.507545796701058,"Blastomere A"
"B1",0.487174161848729,"Blastomere A"
"B1",0.501240308558332,"Blastomere A"
"B1",0.500130628100847,"Blastomere A"
"B1",0.509594265969981,"Blastomere A"
"B1",0.491129449478035,"Blastomere A"
"B1",0.490911028755125,"Blastomere A"
"B1",0.495754302287951,"Blastomere A"
"B1",0.481602432351809,"Blastomere A"
"B1",0.496869939301918,"Blastomere A"
"B1",0.496419993296126,"Blastomere A"
"B1",0.503750210480981,"Blastomere A"
"B1",0.495093276437091,"Blastomere A"
"B1",0.499779788389172,"Blastomere A"
"B1",0.495149070189066,"Blastomere A"
"B1",0.496663840129917,"Blastomere A"
"B1",0.499427071082594,"Blastomere A"
"B1",0.500608126044451,"Blastomere A"
"B1",0.495916676564961,"Blastomere A"
"B1",0.501804917392761,"Blastomere A"
"B1",0.496812199530434,"Blastomere A"
"B1",0.503366278333374,"Blastomere A"
"B1",0.503547069073669,"Blastomere A"
"B1",0.498651040097099,"Blastomere A"
"B1",0.508901953520737,"Blastomere A"
"B1",0.493357562255696,"Blastomere A"
"B1",0.504991676851241,"Blastomere A"
"B1",0.502590142250281,"Blastomere A"
"B1",0.504092702186044,"Blastomere A"
"B1",0.496343410229528,"Blastomere A"
"B1",0.490423740371432,"Blastomere A"
"B1",0.49774089668379,"Blastomere A"
"B1",0.493851763110497,"Blastomere A"
"B1",0.499031877135713,"Blastomere A"
"B1",0.5025589451628,"Blastomere A"
"B1",0.502863123947499,"Blastomere A"
"B1",0.507016380708902,"Blastomere A"
"B1",0.496019357344103,"Blastomere A"
"B1",0.489215812927721,"Blastomere A"
"B1",0.498739083204367,"Blastomere A"
"B1",0.495566808188777,"Blastomere A"
"B1",0.490175090037646,"Blastomere A"
"B1",0.49876767803216,"Blastomere A"
"B1",0.494925916946325,"Blastomere A"
"B1",0.49814379546623,"Blastomere A"
"B1",0.508634361589997,"Blastomere A"
"B1",0.504950071540667,"Blastomere A"
"B1",0.497955793926581,"Blastomere A"
"B1",0.510185496138941,"Blastomere A"
"B1",0.496515197856514,"Blastomere A"
"B1",0.5028403750373,"Blastomere A"
"B1",0.498506517266346,"Blastomere A"
"B1",0.502225980746611,"Blastomere A"
"B1",0.495112523815037,"Blastomere A"
"B1",0.497464432742109,"Blastomere A"
"B1",0.488118965920792,"Blastomere A"
"B1",0.496296464121151,"Blastomere A"
"B1",0.504000604627132,"Blastomere A"
"B1",0.50416883233735,"Blastomere A"
"B1",0.505713632684959,"Blastomere A"
"B1",0.495679493193215,"Blastomere A"
"B1",0.497557615525069,"Blastomere A"
"B1",0.505277884976968,"Blastomere A"
"B1",0.490599077548759,"Blastomere A"
"B1",0.511188145831188,"Blastomere A"
"B1",0.499949180539263,"Blastomere A"
"B1",0.504584671821527,"Blastomere A"
"B1",0.497856676709136,"Blastomere A"
"B1",0.489086366858228,"Blastomere A"
"B1",0.501911992013236,"Blastomere A"
"B1",0.502512282108835,"Blastomere A"
"B1",0.494411344378641,"Blastomere A"
"B1",0.499060394732815,"Blastomere A"
"B1",0.492055485046724,"Blastomere A"
"B1",0.494817176982379,"Blastomere A"
"B1",0.502016757303448,"Blastomere A"
"B1",0.502460046942009,"Blastomere A"
"B1",0.501475359897143,"Blastomere A"
"B1",0.49540739224488,"Blastomere A"
"B1",0.505796843507402,"Blastomere A"
"B1",0.496601063951643,"Blastomere A"
"B1",0.498659141645052,"Blastomere A"
"B1",0.502759928226199,"Blastomere A"
"B1",0.50310065398133,"Blastomere A"
"B1",0.497309653042832,"Blastomere A"
"B1",0.500677457141242,"Blastomere A"
"B1",0.503327061380895,"Blastomere A"
"B1",0.492173990156794,"Blastomere A"
"B1",0.49718576895383,"Blastomere A"
"B1",0.495735796354312,"Blastomere A"
"B1",0.500637991921455,"Blastomere A"
"B1",0.49704236788572,"Blastomere A"
"B1",0.506523580110528,"Blastomere A"
"B1",0.496711422498978,"Blastomere A"
"B1",0.49689495396649,"Blastomere A"
"B1",0.503378396137071,"Blastomere A"
"B1",0.496458758640439,"Blastomere A"
"B1",0.491676923571053,"Blastomere A"
"B1",0.499553942589739,"Blastomere A"
"B1",0.499923393877681,"Blastomere A"
"B1",0.488270388885778,"Blastomere A"
"B1",0.509341270336744,"Blastomere A"
"B1",0.5005138611032,"Blastomere A"
"B1",0.486136507306927,"Blastomere A"
"B1",0.49680292625906,"Blastomere A"
"B1",0.505485360031956,"Blastomere A"
"B1",0.496312548041161,"Blastomere A"
"B1",0.495751704732301,"Blastomere A"
"B1",0.491539871434335,"Blastomere A"
"B1",0.509218816227604,"Blastomere A"
"B1",0.494062432744467,"Blastomere A"
"B1",0.5093592317445,"Blastomere A"
"B1",0.498605510076452,"Blastomere A"
"B1",0.504728578646321,"Blastomere A"
"B1",0.499084298587677,"Blastomere A"
"B1",0.496529583289609,"Blastomere A"
"B1",0.496914530451726,"Blastomere A"
"B1",0.489698863605444,"Blastomere A"
"B1",0.49764890541654,"Blastomere A"
"B1",0.494353207714918,"Blastomere A"
"B1",0.492712521418843,"Blastomere A"
"B1",0.493909507656146,"Blastomere A"
"B1",0.498143827016754,"Blastomere A"
"B1",0.487912763834672,"Blastomere A"
"B1",0.498022689801537,"Blastomere A"
"B1",0.500379998705766,"Blastomere A"
"B1",0.494040105248174,"Blastomere A"
"B1",0.497765808422884,"Blastomere A"
"B1",0.499693310625442,"Blastomere A"
"B1",0.507922788239671,"Blastomere A"
"B1",0.50439041703827,"Blastomere A"
"B1",0.50046042012448,"Blastomere A"
"B1",0.491871278997663,"Blastomere A"
"B1",0.498012304766895,"Blastomere A"
"B1",0.504368335272242,"Blastomere A"
"B1",0.504562791021685,"Blastomere A"
"B1",0.505286677640499,"Blastomere A"
"B1",0.493435244739646,"Blastomere A"
"B1",0.495415884765467,"Blastomere A"
"B1",0.491043572811586,"Blastomere A"
"B1",0.494534408398034,"Blastomere A"
"B1",0.489602468126883,"Blastomere A"
"B1",0.493419451960907,"Blastomere A"
"B1",0.490097502424901,"Blastomere A"
"B1",0.491212563124207,"Blastomere A"
"B1",0.501764381523596,"Blastomere A"
"B1",0.49526958248812,"Blastomere A"
"B1",0.493922373706045,"Blastomere A"
"B1",0.509733168254682,"Blastomere A"
"B1",0.49761771891938,"Blastomere A"
"B1",0.491886315109451,"Blastomere A"
"B1",0.493062758768788,"Blastomere A"
"B1",0.483271183482821,"Blastomere A"
"B1",0.500941167788395,"Blastomere A"
"B1",0.495005538466052,"Blastomere A"
"B1",0.499891433408461,"Blastomere A"
"B1",0.503448468959082,"Blastomere A"
"B1",0.505602316445668,"Blastomere A"
"B1",0.501040517492731,"Blastomere A"
"B1",0.511370859626773,"Blastomere A"
"B1",0.496093353510296,"Blastomere A"
"B1",0.495759151175337,"Blastomere A"
"B1",0.497216891605542,"Blastomere A"
"B1",0.488232367375351,"Blastomere A"
"B1",0.509062316834335,"Blastomere A"
"B1",0.495943229578355,"Blastomere A"
"B1",0.49096102722292,"Blastomere A"
"B1",0.491752131078779,"Blastomere A"
"B1",0.500140801024987,"Blastomere A"
"B1",0.501858420742459,"Blastomere A"
"B1",0.492877280380714,"Blastomere A"
"B1",0.495354375912287,"Blastomere A"
"B1",0.504736155818434,"Blastomere A"
"B1",0.494426954603121,"Blastomere A"
"B1",0.49024233091703,"Blastomere A"
"B1",0.487919870143318,"Blastomere A"
"B1",0.495334152368035,"Blastomere A"
"B1",0.493392247142121,"Blastomere A"
"B1",0.495655047721542,"Blastomere A"
"B1",0.500573623053274,"Blastomere A"
"B1",0.497677698729288,"Blastomere A"
"B1",0.496494767694943,"Blastomere A"
"B1",0.493179608634636,"Blastomere A"
"B1",0.498585483360514,"Blastomere A"
"B1",0.493457189868934,"Blastomere A"
"B1",0.507008618758706,"Blastomere A"
"B1",0.493199632269508,"Blastomere A"
"B1",0.480543642057954,"Blastomere A"
"B1",0.498422086443197,"Blastomere A"
"B1",0.500011614010935,"Blastomere A"
"B1",0.492249951487388,"Blastomere A"
"B1",0.502831654947467,"Blastomere A"
"B1",0.496402229010517,"Blastomere A"
"B1",0.487399296545487,"Blastomere A"
"B1",0.501902311627585,"Blastomere A"
"B1",0.496169820365249,"Blastomere A"
"B1",0.493850844529664,"Blastomere A"
"B1",0.486822061137457,"Blastomere A"
"B1",0.498717152854796,"Blastomere A"
"B1",0.504963873127923,"Blastomere A"
"B1",0.497240380000689,"Blastomere A"
"B1",0.498317513021302,"Blastomere A"
"B1",0.508767448384389,"Blastomere A"
"B1",0.496620987120307,"Blastomere A"
"B1",0.500057070356556,"Blastomere A"
"B1",0.500176856477465,"Blastomere A"
"B1",0.501558520763851,"Blastomere A"
"B1",0.496515904925672,"Blastomere A"
"B1",0.495543084389189,"Blastomere A"
"B1",0.510794130579976,"Blastomere A"
"B1",0.497984652134097,"Blastomere A"
"B1",0.49936192119115,"Blastomere A"
"B1",0.503188330370723,"Blastomere A"
"B1",0.502566944981208,"Blastomere A"
"B1",0.502015269148805,"Blastomere A"
"B1",0.499321075455971,"Blastomere A"
"B1",0.495023521070733,"Blastomere A"
"B1",0.50089046843425,"Blastomere A"
"B1",0.497358993223702,"Blastomere A"
"B1",0.500357479176802,"Blastomere A"
"B1",0.494929957662104,"Blastomere A"
"B1",0.508144135188854,"Blastomere A"
"B1",0.50503954402634,"Blastomere A"
"B1",0.507380520777462,"Blastomere A"
"B1",0.503416896266753,"Blastomere A"
"B1",0.497063567471612,"Blastomere A"
"B1",0.505533888110843,"Blastomere A"
"B1",0.503164620680921,"Blastomere A"
"B1",0.50560684293388,"Blastomere A"
"B1",0.494888596222666,"Blastomere A"
"B1",0.495850719219924,"Blastomere A"
"B1",0.506820602421619,"Blastomere A"
"B1",0.492158098435247,"Blastomere A"
"B1",0.495616471133307,"Blastomere A"
"B1",0.496058011882865,"Blastomere A"
"B1",0.496453456320063,"Blastomere A"
"B1",0.503264619707262,"Blastomere A"
"B1",0.496579360611625,"Blastomere A"
"B1",0.496920703914976,"Blastomere A"
"B1",0.506606081769388,"Blastomere A"
"B1",0.486150841183864,"Blastomere A"
"B1",0.489491399044149,"Blastomere A"
"B1",0.495725073813838,"Blastomere A"
"B1",0.500257807546991,"Blastomere A"
"B1",0.490933344544666,"Blastomere A"
"B1",0.497754972933641,"Blastomere A"
"B1",0.495246330760622,"Blastomere A"
"B1",0.498587899323175,"Blastomere A"
"B1",0.502622328788126,"Blastomere A"
"B1",0.499620972876403,"Blastomere A"
"B1",0.499764524913097,"Blastomere A"
"B1",0.499095929772294,"Blastomere A"
"B1",0.497898964389617,"Blastomere A"
"B1",0.489544608084058,"Blastomere A"
"B1",0.504712571300743,"Blastomere A"
"B1",0.491524502533785,"Blastomere A"
"B1",0.504254621527808,"Blastomere A"
"B1",0.489034000344846,"Blastomere A"
"B1",0.514114038534152,"Blastomere A"
"B1",0.496515931445091,"Blastomere A"
"B1",0.487960930152898,"Blastomere A"
"B1",0.49555233650442,"Blastomere A"
"B1",0.497715922544754,"Blastomere A"
"B1",0.499010648210729,"Blastomere A"
"B1",0.507868593931392,"Blastomere A"
"B1",0.49808820611535,"Blastomere A"
"B1",0.499079355775933,"Blastomere A"
"B1",0.494410965031928,"Blastomere A"
"B1",0.509640362531909,"Blastomere A"
"B1",0.493223768576125,"Blastomere A"
"B1",0.499721124302068,"Blastomere A"
"B1",0.50814953346955,"Blastomere A"
"B1",0.49914480842367,"Blastomere A"
"B1",0.509677078872242,"Blastomere A"
"B1",0.500543693056515,"Blastomere A"
"B1",0.491492822151165,"Blastomere A"
"B1",0.493199692988507,"Blastomere A"
"B1",0.50137255187816,"Blastomere A"
"B1",0.495597786843341,"Blastomere A"
"B1",0.501922313211851,"Blastomere A"
"B1",0.493077720811371,"Blastomere A"
"B1",0.510699781236337,"Blastomere A"
"B1",0.491734885236919,"Blastomere A"
"B1",0.504049352180294,"Blastomere A"
"B1",0.50431699907781,"Blastomere A"
"B1",0.49818559882401,"Blastomere A"
"B1",0.502105758839142,"Blastomere A"
"B1",0.478357487712686,"Blastomere A"
"B1",0.491765671021846,"Blastomere A"
"B1",0.504403357434035,"Blastomere A"
"B1",0.49082487392151,"Blastomere A"
"B1",0.49278821175189,"Blastomere A"
"B1",0.495018400337258,"Blastomere A"
"B1",0.502829670442109,"Blastomere A"
"B1",0.501658063520163,"Blastomere A"
"B1",0.511287284347513,"Blastomere A"
"B1",0.504703758816002,"Blastomere A"
"B1",0.494215260254308,"Blastomere A"
"B1",0.502970543399745,"Blastomere A"
"B1",0.497064492355616,"Blastomere A"
"B1",0.50060492171849,"Blastomere A"
"B1",0.489801886100966,"Blastomere A"
"B1",0.498381751075877,"Blastomere A"
"B1",0.49435270801758,"Blastomere A"
"B1",0.500150830901784,"Blastomere A"
"B1",0.488062711375194,"Blastomere A"
"B1",0.51350552591711,"Blastomere A"
"B1",0.497267312077381,"Blastomere A"
"B1",0.488822483912587,"Blastomere A"
"B1",0.503751995619136,"Blastomere A"
"B1",0.495849153801063,"Blastomere A"
"B1",0.493598018353461,"Blastomere A"
"B1",0.506990902753937,"Blastomere A"
"B1",0.49534771318524,"Blastomere A"
"B1",0.495677719883896,"Blastomere A"
"B1",0.499156441780058,"Blastomere A"
"B1",0.494171993092091,"Blastomere A"
"B1",0.497079008686633,"Blastomere A"
"B1",0.50258154756109,"Blastomere A"
"B1",0.509790493377854,"Blastomere A"
"B1",0.497838129969742,"Blastomere A"
"B1",0.505091281107516,"Blastomere A"
"B1",0.485857822386784,"Blastomere A"
"B1",0.501724680776419,"Blastomere A"
"B1",0.507296230411885,"Blastomere A"
"B1",0.497904684144734,"Blastomere A"
"B1",0.491229201747548,"Blastomere A"
"B1",0.500705707325303,"Blastomere A"
"B1",0.50341262626375,"Blastomere A"
"B1",0.50372853895876,"Blastomere A"
"B1",0.499264975154227,"Blastomere A"
"B1",0.502217246354655,"Blastomere A"
"B1",0.485940575304204,"Blastomere A"
"B1",0.504263510953093,"Blastomere A"
"B1",0.48475233322235,"Blastomere A"
"B1",0.50206687644756,"Blastomere A"
"B1",0.504769710454855,"Blastomere A"
"B1",0.497528561183242,"Blastomere A"
"B1",0.496962901491394,"Blastomere A"
"B1",0.49051405319701,"Blastomere A"
"B1",0.499054490016444,"Blastomere A"
"B1",0.49038784482874,"Blastomere A"
"B1",0.497816485403841,"Blastomere A"
"B1",0.513259025290365,"Blastomere A"
"B1",0.506337033724837,"Blastomere A"
"B1",0.501371788069136,"Blastomere A"
"B1",0.496676939785065,"Blastomere A"
"B1",0.504427509170836,"Blastomere A"
"B1",0.510307305136419,"Blastomere A"
"B1",0.498096069031465,"Blastomere A"
"B1",0.505230189040111,"Blastomere A"
"B1",0.507458358834784,"Blastomere A"
"B1",0.508812056298453,"Blastomere A"
"B1",0.502723076211328,"Blastomere A"
"B1",0.495859933515091,"Blastomere A"
"B1",0.492268083172903,"Blastomere A"
"B1",0.50221249221585,"Blastomere A"
"B1",0.495283407170553,"Blastomere A"
"B1",0.490595212195188,"Blastomere A"
"B1",0.491426633645293,"Blastomere A"
"B1",0.493587665431054,"Blastomere A"
"B1",0.486958903993166,"Blastomere A"
"B1",0.49777414544481,"Blastomere A"
"B1",0.492541829507838,"Blastomere A"
"B1",0.509436601735551,"Blastomere A"
"B1",0.492336562826364,"Blastomere A"
"B1",0.489729551270498,"Blastomere A"
"B1",0.501123521489938,"Blastomere A"
"B1",0.508641744689888,"Blastomere A"
"B1",0.49279415441445,"Blastomere A"
"B1",0.494950608049855,"Blastomere A"
"B1",0.487701806415784,"Blastomere A"
"B1",0.495384731985505,"Blastomere A"
"B1",0.508263043056857,"Blastomere A"
"B1",0.492732881135184,"Blastomere A"
"B1",0.507200923344683,"Blastomere A"
"B1",0.495333441639807,"Blastomere A"
"B1",0.48895939897197,"Blastomere A"
"B1",0.504921025568734,"Blastomere A"
"B1",0.508193538413293,"Blastomere A"
"B1",0.503075878709581,"Blastomere A"
"B1",0.491891307883542,"Blastomere A"
"B1",0.502670544151304,"Blastomere A"
"B1",0.501653303795458,"Blastomere A"
"B1",0.493987532087352,"Blastomere A"
"B1",0.498246895309368,"Blastomere A"
"B1",0.49742981636065,"Blastomere A"
"B1",0.48535403762201,"Blastomere A"
"B1",0.49761420344003,"Blastomere A"
"B1",0.503209234709734,"Blastomere A"
"B1",0.497836469409631,"Blastomere A"
"B1",0.49221439551666,"Blastomere A"
"B1",0.498188977554925,"Blastomere A"
"B1",0.493216162065399,"Blastomere A"
"B1",0.506416088716475,"Blastomere A"
"B1",0.514547633652284,"Blastomere A"
"B1",0.499627745490532,"Blastomere A"
"B1",0.501850317631227,"Blastomere A"
"B1",0.495864280400008,"Blastomere A"
"B1",0.504077716047801,"Blastomere A"
"B1",0.511274423766101,"Blastomere A"
"B1",0.502685974857251,"Blastomere A"
"B1",0.497076694693575,"Blastomere A"
"B1",0.505297610339976,"Blastomere A"
"B1",0.495826172852346,"Blastomere A"
"B1",0.498240358373272,"Blastomere A"
"B1",0.504237310397057,"Blastomere A"
"B1",0.496093843553488,"Blastomere A"
"B1",0.487458572301478,"Blastomere A"
"B1",0.488806666783684,"Blastomere A"
"B1",0.509037897799279,"Blastomere A"
"B1",0.502543761532837,"Blastomere A"
"B1",0.506527999149322,"Blastomere A"
"B1",0.491986639798675,"Blastomere A"
"B1",0.49665783974788,"Blastomere A"
"B1",0.499632311527611,"Blastomere A"
"B1",0.498433695413256,"Blastomere A"
"B1",0.496499998243897,"Blastomere A"
"B1",0.492347737754588,"Blastomere A"
"B1",0.494470618588163,"Blastomere A"
"B1",0.503232451084371,"Blastomere A"
"B1",0.507115310490662,"Blastomere A"
"B1",0.493733479385449,"Blastomere A"
"B1",0.487999611928255,"Blastomere A"
"B1",0.502142990561519,"Blastomere A"
"B1",0.498236842743048,"Blastomere A"
"B1",0.49017827853154,"Blastomere A"
"B1",0.493224563639261,"Blastomere A"
"B1",0.508173002184475,"Blastomere A"
"B1",0.482803865361274,"Blastomere A"
"B1",0.501117851473043,"Blastomere A"
"B1",0.477582368236958,"Blastomere A"
"B1",0.497799790660177,"Blastomere A"
"B1",0.498901758420507,"Blastomere A"
"B1",0.495341934230102,"Blastomere A"
"B1",0.50113606100954,"Blastomere A"
"B1",0.494959654052886,"Blastomere A"
"B1",0.493489931352358,"Blastomere A"
"B1",0.502508966025821,"Blastomere A"
"B1",0.497931016797383,"Blastomere A"
"B1",0.499823531645196,"Blastomere A"
"B1",0.51294279438486,"Blastomere A"
"B1",0.502611028845856,"Blastomere A"
"B1",0.493449642681199,"Blastomere A"
"B1",0.499350032881024,"Blastomere A"
"B1",0.502851764745986,"Blastomere A"
"B1",0.501901939809048,"Blastomere A"
"B1",0.503281213795498,"Blastomere A"
"B1",0.50792372688818,"Blastomere A"
"B1",0.492934090046596,"Blastomere A"
"B1",0.491202572264813,"Blastomere A"
"B1",0.490331819937424,"Blastomere A"
"B1",0.503442781229868,"Blastomere A"
"B1",0.499371598040852,"Blastomere A"
"B1",0.510907517060801,"Blastomere A"
"B1",0.498970196461714,"Blastomere A"
"B1",0.487685558003085,"Blastomere A"
"B1",0.497570689385674,"Blastomere A"
"B1",0.495659113819958,"Blastomere A"
"B1",0.504631405873715,"Blastomere A"
"B1",0.497805270967052,"Blastomere A"
"B1",0.495506578837458,"Blastomere A"
"B1",0.495810197173444,"Blastomere A"
"B1",0.499441016165497,"Blastomere A"
"B1",0.50805597951921,"Blastomere A"
"B1",0.490798994862021,"Blastomere A"
"B1",0.503601246828266,"Blastomere A"
"B1",0.496338070713288,"Blastomere A"
"B1",0.508577041874676,"Blastomere A"
"B1",0.495867294131812,"Blastomere A"
"B1",0.499690534808348,"Blastomere A"
"B1",0.483701339809902,"Blastomere A"
"B1",0.493818371811995,"Blastomere A"
"B1",0.489613749349774,"Blastomere A"
"B1",0.499536113440555,"Blastomere A"
"B1",0.488977636020581,"Blastomere A"
"B1",0.491445889642742,"Blastomere A"
"B1",0.504309227491355,"Blastomere A"
"B1",0.501933145244594,"Blastomere A"
"B1",0.495145430188136,"Blastomere A"
"B1",0.499470382397042,"Blastomere A"
"B1",0.493090974741398,"Blastomere A"
"B1",0.498055138370424,"Blastomere A"
"B1",0.497802783900082,"Blastomere A"
"B1",0.485776417032578,"Blastomere A"
"B1",0.502265242587714,"Blastomere A"
"B1",0.491879584656178,"Blastomere A"
"B1",0.4846170860666,"Blastomere A"
"B1",0.499798300276699,"Blastomere A"
"B1",0.49608011231872,"Blastomere A"
"B1",0.505604958346274,"Blastomere A"
"B1",0.502588010083881,"Blastomere A"
"B1",0.506676092210591,"Blastomere A"
"B1",0.49074231164211,"Blastomere A"
"B1",0.496222026865835,"Blastomere A"
"B1",0.504244118211054,"Blastomere A"
"B1",0.50463390351075,"Blastomere A"
"B1",0.490943989102586,"Blastomere A"
"B1",0.511351537169259,"Blastomere A"
"B1",0.499739415824884,"Blastomere A"
"B1",0.489285858599904,"Blastomere A"
"B1",0.50006247739714,"Blastomere A"
"B1",0.474637952853594,"Blastomere A"
"B1",0.498654665363179,"Blastomere A"
"B1",0.495364552546,"Blastomere A"
"B1",0.500876455369428,"Blastomere A"
"B1",0.489851100561393,"Blastomere A"
"B1",0.490303816562318,"Blastomere A"
"B1",0.492902279071969,"Blastomere A"
"B1",0.507290578161826,"Blastomere A"
"B1",0.494694907666598,"Blastomere A"
"B1",0.502952617224156,"Blastomere A"
"B1",0.496199143511215,"Blastomere A"
"B1",0.503734549067975,"Blastomere A"
"B1",0.497758595810862,"Blastomere A"
"B1",0.502897690730384,"Blastomere A"
"B1",0.503309726973587,"Blastomere A"
"B1",0.5023082439154,"Blastomere A"
"B1",0.501219692924492,"Blastomere A"
"B1",0.494125489117679,"Blastomere A"
"B1",0.512798811480863,"Blastomere A"
"B1",0.503835728885439,"Blastomere A"
"B1",0.504139685418336,"Blastomere A"
"B1",0.497420349455818,"Blastomere A"
"B1",0.491505953188513,"Blastomere A"
"B1",0.501773367619128,"Blastomere A"
"B1",0.504518074414188,"Blastomere A"
"B1",0.505661863299081,"Blastomere A"
"B1",0.491921828188301,"Blastomere A"
"B1",0.491216307329545,"Blastomere A"
"B1",0.493006610526338,"Blastomere A"
"B1",0.506632595396433,"Blastomere A"
"B1",0.497549509728879,"Blastomere A"
"B1",0.516769760232687,"Blastomere A"
"B1",0.500179915989246,"Blastomere A"
"B1",0.48869379909193,"Blastomere A"
"B1",0.486804176421324,"Blastomere A"
"B1",0.503579482230603,"Blastomere A"
"B1",0.485706776118038,"Blastomere A"
"B1",0.506982740821015,"Blastomere A"
"B1",0.498441610735066,"Blastomere A"
"B1",0.490272184953603,"Blastomere A"
"B1",0.490427740417524,"Blastomere A"
"B1",0.490627183347166,"Blastomere A"
"B1",0.490930375033472,"Blastomere A"
"B1",0.503118607783109,"Blastomere A"
"B1",0.493883145078048,"Blastomere A"
"B1",0.503346308797903,"Blastomere A"
"B1",0.494872100949607,"Blastomere A"
"B1",0.484071004090047,"Blastomere A"
"B1",0.50567894220691,"Blastomere A"
"B1",0.498096937454073,"Blastomere A"
"B1",0.497856411022792,"Blastomere A"
"B1",0.49805638569386,"Blastomere A"
"B1",0.505715508091973,"Blastomere A"
"B1",0.509014493366258,"Blastomere A"
"B1",0.495510336774518,"Blastomere A"
"B1",0.505491069282478,"Blastomere A"
"B1",0.5022114812949,"Blastomere A"
"B1",0.497591768244336,"Blastomere A"
"B1",0.496501330139237,"Blastomere A"
"B1",0.493195257442427,"Blastomere A"
"B1",0.504435314029501,"Blastomere A"
"B1",0.498393534015276,"Blastomere A"
"B1",0.493393552857305,"Blastomere A"
"B1",0.506153526743348,"Blastomere A"
"B1",0.496980402939535,"Blastomere A"
"B1",0.505313883106177,"Blastomere A"
"B1",0.506514262735268,"Blastomere A"
"B1",0.492091859076219,"Blastomere A"
"B1",0.510497005779698,"Blastomere A"
"B1",0.49274280342876,"Blastomere A"
"B1",0.49196025919888,"Blastomere A"
"B1",0.513509143528644,"Blastomere A"
"B1",0.497502555319784,"Blastomere A"
"B1",0.496105505965378,"Blastomere A"
"B1",0.507988971412871,"Blastomere A"
"B1",0.501862478001961,"Blastomere A"
"B1",0.493574777431689,"Blastomere A"
"B1",0.509495063633495,"Blastomere A"
"B1",0.503378884401235,"Blastomere A"
"B1",0.506533085358613,"Blastomere A"
"B1",0.483575798115677,"Blastomere A"
"B1",0.503366890149595,"Blastomere A"
"B1",0.500807819682973,"Blastomere A"
"B1",0.497912015569784,"Blastomere A"
"B1",0.506154991638989,"Blastomere A"
"B1",0.503752265464739,"Blastomere A"
"B1",0.502228248264589,"Blastomere A"
"B1",0.491634965954978,"Blastomere A"
"B1",0.499980918976497,"Blastomere A"
"B1",0.498706408889233,"Blastomere A"
"B1",0.491884150552157,"Blastomere A"
"B1",0.500682990386936,"Blastomere A"
"B1",0.494012097922715,"Blastomere A"
"B1",0.500000196051668,"Blastomere A"
"B1",0.497488662191851,"Blastomere A"
"B1",0.495756963042278,"Blastomere A"
"B1",0.49519567413114,"Blastomere A"
"B1",0.509615218592638,"Blastomere A"
"B1",0.505667846213308,"Blastomere A"
"B1",0.496350304030318,"Blastomere A"
"B1",0.497768030089297,"Blastomere A"
"B1",0.498908151295351,"Blastomere A"
"B1",0.501323371829048,"Blastomere A"
"B1",0.50877148745863,"Blastomere A"
"B1",0.5018364896648,"Blastomere A"
"B1",0.494215386307747,"Blastomere A"
"B1",0.495420119896228,"Blastomere A"
"B1",0.491046403784803,"Blastomere A"
"B1",0.506308154462444,"Blastomere A"
"B1",0.497352290801513,"Blastomere A"
"B1",0.499498039763641,"Blastomere A"
"B1",0.499280459912401,"Blastomere A"
"B1",0.496121443070806,"Blastomere A"
"B1",0.497253861730217,"Blastomere A"
"B1",0.502631484434835,"Blastomere A"
"B1",0.494492804866109,"Blastomere A"
"B1",0.494678340562919,"Blastomere A"
"B1",0.506380055607678,"Blastomere A"
"B1",0.492479485924937,"Blastomere A"
"B1",0.511343819078738,"Blastomere A"
"B1",0.505351854895588,"Blastomere A"
"B1",0.513080283134622,"Blastomere A"
"B1",0.509112740363455,"Blastomere A"
"B1",0.495820486605485,"Blastomere A"
"B1",0.497771279770393,"Blastomere A"
"B1",0.494983700111549,"Blastomere A"
"B1",0.500973206373954,"Blastomere A"
"B1",0.487621402504332,"Blastomere A"
"B1",0.499316316306543,"Blastomere A"
"B1",0.503689901735498,"Blastomere A"
"B1",0.506558664256604,"Blastomere A"
"B1",0.497980891072195,"Blastomere A"
"B1",0.501050974939775,"Blastomere A"
"B1",0.502933767892907,"Blastomere A"
"B1",0.488860766932893,"Blastomere A"
"B1",0.498986031014411,"Blastomere A"
"B1",0.497592143961039,"Blastomere A"
"B1",0.503206385830317,"Blastomere A"
"B1",0.494843366242313,"Blastomere A"
"B1",0.501892357035721,"Blastomere A"
"B1",0.495751716296581,"Blastomere A"
"B1",0.496932287879922,"Blastomere A"
"B1",0.507220816803001,"Blastomere A"
"B1",0.492398982167109,"Blastomere A"
"B1",0.507266766409178,"Blastomere A"
"B1",0.50634504925547,"Blastomere A"
"B1",0.491490180677957,"Blastomere A"
"B1",0.488350893288478,"Blastomere A"
"B1",0.493708761375188,"Blastomere A"
"B1",0.501097178597297,"Blastomere A"
"B1",0.491907547604074,"Blastomere A"
"B1",0.497372199430359,"Blastomere A"
"B1",0.502706508322215,"Blastomere A"
"B1",0.478532121382104,"Blastomere A"
"B1",0.490282586018328,"Blastomere A"
"B1",0.500652997777989,"Blastomere A"
"B1",0.501749003489804,"Blastomere A"
"B1",0.50074626346344,"Blastomere A"
"B1",0.494043673280491,"Blastomere A"
"B1",0.503780025279742,"Blastomere A"
"B1",0.498047179865185,"Blastomere A"
"B1",0.5088740951954,"Blastomere A"
"B1",0.504500922228955,"Blastomere A"
"B1",0.501173665703995,"Blastomere A"
"B1",0.489518574954016,"Blastomere A"
"B1",0.490416480144514,"Blastomere A"
"B1",0.498775159470628,"Blastomere A"
"B1",0.501008509947095,"Blastomere A"
"B1",0.507746451194696,"Blastomere A"
"B1",0.495449336179973,"Blastomere A"
"B1",0.507716467636188,"Blastomere A"
"B1",0.484536650168106,"Blastomere A"
"B1",0.490847111944228,"Blastomere A"
"B1",0.514641065873574,"Blastomere A"
"B1",0.499828516152309,"Blastomere A"
"B1",0.510305595123677,"Blastomere A"
"B1",0.490431447479797,"Blastomere A"
"B1",0.502922429871654,"Blastomere A"
"B1",0.506432870277584,"Blastomere A"
"B1",0.497593887461811,"Blastomere A"
"B1",0.48910651240682,"Blastomere A"
"B1",0.494425982048063,"Blastomere A"
"B1",0.493419606792324,"Blastomere A"
"B1",0.488215869461662,"Blastomere A"
"B1",0.501649627740803,"Blastomere A"
"B1",0.496788006883234,"Blastomere A"
"B1",0.491758482063456,"Blastomere A"
"B1",0.493820674982941,"Blastomere A"
"B1",0.50058020768825,"Blastomere A"
"B1",0.493059177801006,"Blastomere A"
"B1",0.500711527251371,"Blastomere A"
"B1",0.493996687762071,"Blastomere A"
"B1",0.492174809047476,"Blastomere A"
"B1",0.485078617352308,"Blastomere A"
"B1",0.496568507908439,"Blastomere A"
"B1",0.490377764047975,"Blastomere A"
"B1",0.493255623819198,"Blastomere A"
"B1",0.492510980941701,"Blastomere A"
"B1",0.500242188514703,"Blastomere A"
"B1",0.483661521494384,"Blastomere A"
"B1",0.490974379537224,"Blastomere A"
"B1",0.495821690091255,"Blastomere A"
"B1",0.498817289878882,"Blastomere A"
"B1",0.499467102320244,"Blastomere A"
"B1",0.504978968961789,"Blastomere A"
"B1",0.502689452872248,"Blastomere A"
"B1",0.496802281117421,"Blastomere A"
"B1",0.508401413590432,"Blastomere A"
"B1",0.498568294409283,"Blastomere A"
"B1",0.500277657105532,"Blastomere A"
"B1",0.508587551598714,"Blastomere A"
"B1",0.50238482448554,"Blastomere A"
"B1",0.498943285564673,"Blastomere A"
"B1",0.504865603105622,"Blastomere A"
"B1",0.482672209138784,"Blastomere A"
"B1",0.505077903251349,"Blastomere A"
"B1",0.496457970082706,"Blastomere A"
"B1",0.488266250337656,"Blastomere A"
"B1",0.512066327005742,"Blastomere A"
"B1",0.491411386454027,"Blastomere A"
"B1",0.493686782683617,"Blastomere A"
"B1",0.507350482648693,"Blastomere A"
"B1",0.502905688984774,"Blastomere A"
"B1",0.482138660759552,"Blastomere A"
"B1",0.517450873333565,"Blastomere A"
"B1",0.503111472024162,"Blastomere A"
"B1",0.499157220632245,"Blastomere A"
"B1",0.499084383951249,"Blastomere A"
"B1",0.486906800804538,"Blastomere A"
"B1",0.492708924005123,"Blastomere A"
"B1",0.492518651564563,"Blastomere A"
"B1",0.496064017278921,"Blastomere A"
"B1",0.490607394369119,"Blastomere A"
"B1",0.512884819726456,"Blastomere A"
"B1",0.494151110636517,"Blastomere A"
"B1",0.508477518519862,"Blastomere A"
"B1",0.497460097274603,"Blastomere A"
"B1",0.491211893534954,"Blastomere A"
"B1",0.497005270858266,"Blastomere A"
"B1",0.510200301691761,"Blastomere A"
"B1",0.500763150148482,"Blastomere A"
"B1",0.509489460341961,"Blastomere A"
"B1",0.498136870901822,"Blastomere A"
"B1",0.498700061403893,"Blastomere A"
"B1",0.5056111686574,"Blastomere A"
"B1",0.498227921009037,"Blastomere A"
"B1",0.499196979315492,"Blastomere A"
"B1",0.4930517811359,"Blastomere A"
"B1",0.498480665446459,"Blastomere A"
"B1",0.507979385714261,"Blastomere A"
"B1",0.500523736155659,"Blastomere A"
"B1",0.505252640264,"Blastomere A"
"B1",0.498247032390484,"Blastomere A"
"B1",0.485718797979658,"Blastomere A"
"B1",0.509291500808037,"Blastomere A"
"B1",0.500686500458409,"Blastomere A"
"B1",0.501215779665376,"Blastomere A"
"B1",0.497718567949577,"Blastomere A"
"B1",0.489243837366985,"Blastomere A"
"B1",0.499903691749652,"Blastomere A"
"B1",0.499045651669837,"Blastomere A"
"B1",0.501547743955516,"Blastomere A"
"B1",0.498138576613585,"Blastomere A"
"B1",0.483949488177321,"Blastomere A"
"B1",0.494289188632043,"Blastomere A"
"B1",0.503957098020796,"Blastomere A"
"B1",0.485999012862759,"Blastomere A"
"B1",0.503124668588545,"Blastomere A"
"B1",0.495394429685632,"Blastomere A"
"B1",0.492895407517219,"Blastomere A"
"B1",0.500477496973557,"Blastomere A"
"B1",0.49499663502129,"Blastomere A"
"B1",0.499971111366165,"Blastomere A"
"B1",0.49493377104272,"Blastomere A"
"B1",0.499260045615787,"Blastomere A"
"B1",0.487653039955528,"Blastomere A"
"B1",0.487579294844212,"Blastomere A"
"B1",0.496548422719339,"Blastomere A"
"B1",0.494363243306742,"Blastomere A"
"B1",0.489471723304169,"Blastomere A"
"B1",0.497076961023258,"Blastomere A"
"B1",0.513365227139068,"Blastomere A"
"B1",0.496794203373017,"Blastomere A"
"B1",0.501257612231548,"Blastomere A"
"B1",0.505325222490767,"Blastomere A"
"B1",0.499906832022945,"Blastomere A"
"B1",0.493882842844436,"Blastomere A"
"B1",0.512471647056024,"Blastomere A"
"B1",0.49689651346722,"Blastomere A"
"B1",0.499937841421517,"Blastomere A"
"B1",0.508947886561187,"Blastomere A"
"B1",0.499661162578727,"Blastomere A"
"B1",0.498821086752943,"Blastomere A"
"B1",0.50345442320112,"Blastomere A"
"B1",0.501591413713286,"Blastomere A"
"B1",0.489236576218691,"Blastomere A"
"B1",0.49584952547363,"Blastomere A"
"B1",0.511989094905435,"Blastomere A"
"B1",0.513203107443497,"Blastomere A"
"B1",0.49812900646904,"Blastomere A"
"B1",0.514155912640598,"Blastomere A"
"B1",0.506296462083161,"Blastomere A"
"B1",0.489767287582789,"Blastomere A"
"B1",0.503084082126649,"Blastomere A"
"B1",0.494233140188268,"Blastomere A"
"B1",0.497411000791737,"Blastomere A"
"B1",0.503753465925629,"Blastomere A"
"B1",0.49996063533182,"Blastomere A"
"B1",0.496100838863227,"Blastomere A"
"B1",0.488048392351987,"Blastomere A"
"B1",0.496998925162731,"Blastomere A"
"B1",0.492324733898118,"Blastomere A"
"B1",0.489394642578193,"Blastomere A"
"B1",0.491275089619449,"Blastomere A"
"B1",0.507254455048543,"Blastomere A"
"B1",0.496730483012186,"Blastomere A"
"B1",0.501251746093667,"Blastomere A"
"B1",0.490502453413134,"Blastomere A"
"B1",0.501410311092404,"Blastomere A"
"B1",0.489286041284617,"Blastomere A"
"B1",0.503169545730499,"Blastomere A"
"B1",0.499743343362574,"Blastomere A"
"B1",0.50189669672404,"Blastomere A"
"B1",0.490199683816926,"Blastomere A"
"B1",0.494831050280331,"Blastomere A"
"B1",0.486546887042447,"Blastomere A"
"B1",0.502142629383035,"Blastomere A"
"B1",0.483726525918717,"Blastomere A"
"B1",0.490622150224879,"Blastomere A"
"B1",0.507868790312721,"Blastomere A"
"B1",0.490076984881183,"Blastomere A"
"B1",0.502034195792216,"Blastomere A"
"B1",0.4950767122706,"Blastomere A"
"B1",0.507663695112094,"Blastomere A"
"B1",0.487369178445599,"Blastomere A"
"B1",0.507440463936316,"Blastomere A"
"B1",0.501355606396758,"Blastomere A"
"B1",0.50339022121581,"Blastomere A"
"B1",0.495126069045879,"Blastomere A"
"B1",0.501548382274575,"Blastomere A"
"B1",0.496644377547798,"Blastomere A"
"B1",0.496915292922848,"Blastomere A"
"B1",0.514458388162684,"Blastomere A"
"B1",0.486434421956896,"Blastomere A"
"B1",0.497636459645715,"Blastomere A"
"B1",0.47626952655442,"Blastomere A"
"B1",0.498876196535477,"Blastomere A"
"B1",0.488827989574309,"Blastomere A"
"B1",0.504200255081102,"Blastomere A"
"B1",0.500743587975302,"Blastomere A"
"B1",0.499101113954519,"Blastomere A"
"B1",0.494067637374912,"Blastomere A"
"B1",0.497543119016602,"Blastomere A"
"B1",0.500908656155194,"Blastomere A"
"B1",0.498911923760484,"Blastomere A"
"B1",0.498735670500383,"Blastomere A"
"B1",0.507511100743916,"Blastomere A"
"B1",0.485168960648354,"Blastomere A"
"B1",0.505199560947239,"Blastomere A"
"B1",0.498960872557324,"Blastomere A"
"B1",0.499681605831577,"Blastomere A"
"B1",0.49892551912991,"Blastomere A"
"B1",0.495136847645912,"Blastomere A"
"B1",0.489069580242391,"Blastomere A"
"B1",0.49303405934262,"Blastomere A"
"B1",0.501927674157419,"Blastomere A"
"B1",0.507221584858713,"Blastomere A"
"B1",0.50978539038018,"Blastomere A"
"B1",0.493546968768925,"Blastomere A"
"B1",0.507755583315963,"Blastomere A"
"B1",0.499000062636779,"Blastomere A"
"B1",0.50263950336025,"Blastomere A"
"B1",0.504890596729359,"Blastomere A"
"B1",0.500916016588037,"Blastomere A"
"B1",0.5033105922759,"Blastomere A"
"B1",0.492055298708154,"Blastomere A"
"B1",0.483604292023712,"Blastomere A"
"B1",0.486014886422566,"Blastomere A"
"B1",0.497300998447338,"Blastomere A"
"B1",0.49055718500721,"Blastomere A"
"B1",0.498734112625834,"Blastomere A"
"B1",0.487393306134738,"Blastomere A"
"B1",0.509987304564712,"Blastomere A"
"B1",0.496561066000773,"Blastomere A"
"B1",0.493999175184092,"Blastomere A"
"B1",0.490834737483755,"Blastomere A"
"B1",0.498365673774468,"Blastomere A"
"B1",0.494297029898459,"Blastomere A"
"B1",0.48799503829722,"Blastomere A"
"B1",0.501187881834743,"Blastomere A"
"B1",0.497019340485776,"Blastomere A"
"B1",0.487233030339689,"Blastomere A"
"B1",0.500597379665013,"Blastomere A"
"B1",0.510313790196329,"Blastomere A"
"B1",0.488455738254717,"Blastomere A"
"B1",0.502031494976384,"Blastomere A"
"B1",0.518258164868682,"Blastomere A"
"B1",0.49703411336109,"Blastomere A"
"B1",0.503110753198138,"Blastomere A"
"B1",0.507612836437881,"Blastomere A"
"B1",0.482143508117154,"Blastomere A"
"B1",0.500403794852053,"Blastomere A"
"B1",0.504461364722424,"Blastomere A"
"B1",0.50399771622727,"Blastomere A"
"B1",0.484634117087015,"Blastomere A"
"B1",0.493984588992721,"Blastomere A"
"B1",0.510621729833924,"Blastomere A"
"B1",0.50323080727673,"Blastomere A"
"B1",0.494789929276251,"Blastomere A"
"B1",0.506824955685452,"Blastomere A"
"B1",0.48788267308598,"Blastomere A"
"B1",0.502982294964814,"Blastomere A"
"B1",0.502130287574505,"Blastomere A"
"B1",0.496380398224408,"Blastomere A"
"B1",0.504329661633021,"Blastomere A"
"B1",0.496346500591719,"Blastomere A"
"B1",0.498621907778606,"Blastomere A"
"B1",0.495434122203445,"Blastomere A"
"B1",0.494944034920499,"Blastomere A"
"B1",0.507282802773894,"Blastomere A"
"B1",0.490330533314027,"Blastomere A"
"B1",0.507544739956521,"Blastomere A"
"B1",0.507676843276281,"Blastomere A"
"B1",0.506284640936754,"Blastomere A"
"B1",0.501054016431841,"Blastomere A"
"B1",0.49295273151012,"Blastomere A"
"B1",0.497614587276655,"Blastomere A"
"B1",0.491941051629038,"Blastomere A"
"B1",0.499007542651407,"Blastomere A"
"B1",0.496804505108975,"Blastomere A"
"B1",0.497641676672225,"Blastomere A"
"B1",0.488389593037406,"Blastomere A"
"B1",0.493512415859002,"Blastomere A"
"B1",0.487342410416157,"Blastomere A"
"B1",0.491012184414462,"Blastomere A"
"B1",0.486021135104877,"Blastomere A"
"B1",0.499049103283188,"Blastomere A"
"B1",0.486554096294973,"Blastomere A"
"B1",0.491992541480097,"Blastomere A"
"B1",0.495977676635112,"Blastomere A"
"B1",0.491806542880714,"Blastomere A"
"B1",0.49601921379963,"Blastomere A"
"B1",0.509942896966875,"Blastomere A"
"B1",0.500298056211837,"Blastomere A"
"B1",0.506879973838418,"Blastomere A"
"B1",0.503838186747307,"Blastomere A"
"B1",0.499231837422336,"Blastomere A"
"B1",0.501240688051971,"Blastomere A"
"B1",0.490795954259512,"Blastomere A"
"B1",0.49397993417646,"Blastomere A"
"B1",0.499103809904127,"Blastomere A"
"B1",0.497999330821976,"Blastomere A"
"B1",0.504856880252704,"Blastomere A"
"B1",0.48786883224164,"Blastomere A"
"B1",0.503524196695963,"Blastomere A"
"B1",0.497882189842115,"Blastomere A"
"B1",0.504399691070517,"Blastomere A"
"B1",0.489768605937779,"Blastomere A"
"B1",0.504840339129752,"Blastomere A"
"B1",0.484778924570704,"Blastomere A"
"B1",0.497758547633437,"Blastomere A"
"B1",0.493497489632539,"Blastomere A"
"B1",0.502720542693292,"Blastomere A"
"B1",0.505343595941934,"Blastomere A"
"B1",0.494867961946056,"Blastomere A"
"B1",0.494629384244293,"Blastomere A"
"B1",0.493949075474807,"Blastomere A"
"B1",0.494327858426211,"Blastomere A"
"B1",0.504484071224915,"Blastomere A"
"B1",0.487946346535201,"Blastomere A"
"B1",0.506087213895711,"Blastomere A"
"B1",0.501076947462616,"Blastomere A"
"B1",0.490157206302802,"Blastomere A"
"B1",0.502243181425074,"Blastomere A"
"B1",0.493874680089014,"Blastomere A"
"B1",0.496137300983035,"Blastomere A"
"B1",0.50521838773179,"Blastomere A"
"B1",0.509967923433457,"Blastomere A"
"B1",0.50488288165139,"Blastomere A"
"B1",0.504870756891368,"Blastomere A"
"B1",0.503308199469626,"Blastomere A"
"B1",0.490147293990585,"Blastomere A"
"B1",0.494889445024564,"Blastomere A"
"B1",0.495365393732435,"Blastomere A"
"B1",0.506104910035859,"Blastomere A"
"B1",0.514648148846237,"Blastomere A"
"B1",0.495422100083864,"Blastomere A"
"B1",0.498820433009777,"Blastomere A"
"B1",0.501919728762198,"Blastomere A"
"B1",0.512722778765712,"Blastomere A"
"B1",0.479214602362774,"Blastomere A"
"B1",0.49164567145477,"Blastomere A"
"B1",0.50978045688133,"Blastomere A"
"B1",0.493375057467303,"Blastomere A"
"B1",0.498674408770206,"Blastomere A"
"B1",0.505238425660005,"Blastomere A"
"B1",0.492255959621623,"Blastomere A"
"B1",0.501146099781157,"Blastomere A"
"B1",0.482979569708023,"Blastomere A"
"B1",0.497929611612172,"Blastomere A"
"B1",0.507254897400951,"Blastomere A"
"B1",0.500599982370114,"Blastomere A"
"B1",0.507722476194932,"Blastomere A"
"B1",0.505827125886464,"Blastomere A"
"B1",0.502201978277924,"Blastomere A"
"B1",0.49395272114747,"Blastomere A"
"B1",0.491791092660009,"Blastomere A"
"B1",0.496106079677625,"Blastomere A"
"B1",0.501927114752412,"Blastomere A"
"B1",0.491210185496578,"Blastomere A"
"B1",0.513602492224463,"Blastomere A"
"B1",0.503699952138201,"Blastomere A"
"B1",0.498983920919134,"Blastomere A"
"B1",0.496931786240363,"Blastomere A"
"B1",0.498196399572693,"Blastomere A"
"B1",0.504967811960844,"Blastomere A"
"B1",0.501379632312227,"Blastomere A"
"B1",0.485504174420107,"Blastomere A"
"B1",0.496255169020796,"Blastomere A"
"B1",0.488981701447562,"Blastomere A"
"B1",0.485043333402417,"Blastomere A"
"B1",0.496058830177153,"Blastomere A"
"B1",0.494845273211734,"Blastomere A"
"B1",0.507097943802047,"Blastomere A"
"B1",0.490012378478506,"Blastomere A"
"B1",0.49506621970664,"Blastomere A"
"B1",0.49069865532786,"Blastomere A"
"B1",0.507738898680522,"Blastomere A"
"B1",0.499882340546286,"Blastomere A"
"B1",0.490568221315965,"Blastomere A"
"B1",0.499902200000948,"Blastomere A"
"B1",0.509589619807945,"Blastomere A"
"B1",0.503630634488566,"Blastomere A"
"B1",0.500140115737895,"Blastomere A"
"B1",0.506306081983434,"Blastomere A"
"B1",0.501074352002189,"Blastomere A"
"B1",0.484066973119476,"Blastomere A"
"B1",0.495989716075348,"Blastomere A"
"B1",0.510972040920437,"Blastomere A"
"B1",0.496188025568521,"Blastomere A"
"B1",0.500649199838949,"Blastomere A"
"B1",0.503690280703607,"Blastomere A"
"B1",0.494090477031867,"Blastomere A"
"B1",0.494375969371618,"Blastomere A"
"B1",0.492312776521653,"Blastomere A"
"B1",0.495541957459762,"Blastomere A"
"B1",0.487582207286054,"Blastomere A"
"B1",0.503854270851608,"Blastomere A"
"B1",0.505263970281422,"Blastomere A"
"B1",0.502078991441028,"Blastomere A"
"B1",0.502937702408212,"Blastomere A"
"B1",0.491082343963055,"Blastomere A"
"B1",0.504287534910265,"Blastomere A"
"B1",0.496942906218028,"Blastomere A"
"B1",0.500217661056196,"Blastomere A"
"B1",0.491746048482508,"Blastomere A"
"B1",0.494581360935433,"Blastomere A"
"B1",0.498111295791244,"Blastomere A"
"B1",0.492658631298073,"Blastomere A"
"B1",0.513335498142208,"Blastomere A"
"B1",0.502917468872047,"Blastomere A"
"B1",0.501024974599928,"Blastomere A"
"B1",0.491685696494112,"Blastomere A"
"B1",0.509425136769671,"Blastomere A"
"B1",0.495628327989981,"Blastomere A"
"B1",0.49574900152239,"Blastomere A"
"B1",0.49295688058793,"Blastomere A"
"B1",0.50907417429599,"Blastomere A"
"B1",0.492991219590188,"Blastomere A"
"B1",0.495035552708585,"Blastomere A"
"B1",0.48278371525347,"Blastomere A"
"B1",0.484856967735813,"Blastomere A"
"B1",0.511331739239593,"Blastomere A"
"B1",0.499457032461274,"Blastomere A"
"B1",0.493260060388033,"Blastomere A"
"B1",0.492259630846145,"Blastomere A"
"B1",0.496205298336621,"Blastomere A"
"B1",0.493581155665519,"Blastomere A"
"B1",0.501356123876937,"Blastomere A"
"B1",0.496106593400951,"Blastomere A"
"B1",0.504835367506468,"Blastomere A"
"B1",0.501014059853969,"Blastomere A"
"B1",0.49296098437054,"Blastomere A"
"B1",0.494186780370594,"Blastomere A"
"B1",0.495126335971256,"Blastomere A"
"B1",0.50641978147811,"Blastomere A"
"B1",0.505545645347374,"Blastomere A"
"B1",0.507075747603893,"Blastomere A"
"B1",0.49937483843608,"Blastomere A"
"B1",0.49725587797499,"Blastomere A"
"B1",0.493075360254282,"Blastomere A"
"B1",0.498582172366935,"Blastomere A"
"B1",0.504142190265675,"Blastomere A"
"B1",0.498381440008388,"Blastomere A"
"B1",0.50498132459535,"Blastomere A"
"B1",0.505450394210185,"Blastomere A"
"B1",0.508090439014996,"Blastomere A"
"B1",0.491300204360956,"Blastomere A"
"B1",0.497339988694547,"Blastomere A"
"B1",0.513968889939824,"Blastomere A"
"B1",0.497624500198856,"Blastomere A"
"B1",0.513441012492337,"Blastomere A"
"B1",0.498519972209511,"Blastomere A"
"B1",0.502667817733959,"Blastomere A"
"B1",0.507410300195229,"Blastomere A"
"B1",0.481234974362362,"Blastomere A"
"B1",0.506762657107392,"Blastomere A"
"B1",0.49843151573296,"Blastomere A"
"B1",0.489750205988228,"Blastomere A"
"B1",0.500196517806469,"Blastomere A"
"B1",0.50333613739271,"Blastomere A"
"B1",0.499980664746806,"Blastomere A"
"B1",0.494201348068465,"Blastomere A"
"B1",0.504212815604966,"Blastomere A"
"B1",0.483680814311276,"Blastomere A"
"B1",0.503749413044303,"Blastomere A"
"B1",0.495881004329258,"Blastomere A"
"B1",0.491080494903778,"Blastomere A"
"B1",0.502604354160338,"Blastomere A"
"B1",0.500908426868846,"Blastomere A"
"B1",0.50766335487122,"Blastomere A"
"B1",0.506508042911886,"Blastomere A"
"B1",0.486273422048061,"Blastomere A"
"B1",0.499539134679015,"Blastomere A"
"B1",0.499664174574872,"Blastomere A"
"B1",0.490870217760937,"Blastomere A"
"B1",0.497230283021549,"Blastomere A"
"B1",0.499176459970653,"Blastomere A"
"B1",0.495254357673247,"Blastomere A"
"B1",0.49705468141125,"Blastomere A"
"B1",0.495019440525797,"Blastomere A"
"B1",0.496475600292382,"Blastomere A"
"B1",0.48703064429296,"Blastomere A"
"B1",0.499340565774524,"Blastomere A"
"B1",0.502770607378274,"Blastomere A"
"B1",0.492565643642029,"Blastomere A"
"B1",0.505542535058811,"Blastomere A"
"B1",0.50655247459206,"Blastomere A"
"B1",0.502707523775937,"Blastomere A"
"B1",0.493782648959353,"Blastomere A"
"B1",0.496489331693569,"Blastomere A"
"B1",0.50463077114276,"Blastomere A"
"B1",0.496033759131814,"Blastomere A"
"B1",0.495832530591095,"Blastomere A"
"B1",0.501825129001766,"Blastomere A"
"B1",0.508039215379845,"Blastomere A"
"B1",0.504743488736062,"Blastomere A"
"B1",0.497289750586032,"Blastomere A"
"B1",0.507140938155593,"Blastomere A"
"B1",0.49399012077726,"Blastomere A"
"B1",0.502451581553744,"Blastomere A"
"B1",0.492817096178802,"Blastomere A"
"B1",0.494951272220299,"Blastomere A"
"B1",0.501751793333897,"Blastomere A"
"B1",0.487815100328735,"Blastomere A"
"B1",0.507455032543977,"Blastomere A"
"B1",0.488230243022447,"Blastomere A"
"B1",0.507554560431308,"Blastomere A"
"B1",0.487507011135235,"Blastomere A"
"B1",0.502789072886212,"Blastomere A"
"B1",0.489377857202526,"Blastomere A"
"B1",0.491930419876769,"Blastomere A"
"B1",0.494457295895427,"Blastomere A"
"B1",0.50722621533583,"Blastomere A"
"B1",0.494225516057863,"Blastomere A"
"B1",0.493712447818463,"Blastomere A"
"B1",0.509740078768473,"Blastomere A"
"B1",0.503593085165126,"Blastomere A"
"B1",0.502940589775802,"Blastomere A"
"B1",0.500624377560335,"Blastomere A"
"B1",0.500813684978238,"Blastomere A"
"B1",0.504194655906039,"Blastomere A"
"B1",0.483579598750119,"Blastomere A"
"B1",0.501012548958941,"Blastomere A"
"B1",0.495544591988624,"Blastomere A"
"B1",0.502134538261055,"Blastomere A"
"B1",0.495928357358684,"Blastomere A"
"B1",0.509055631872588,"Blastomere A"
"B1",0.499525224144523,"Blastomere A"
"B1",0.489593958903207,"Blastomere A"
"B1",0.49949061544722,"Blastomere A"
"B1",0.492982424105607,"Blastomere A"
"B1",0.499920304453034,"Blastomere A"
"B1",0.493111803271084,"Blastomere A"
"B1",0.493757731566491,"Blastomere A"
"B1",0.498549955410566,"Blastomere A"
"B1",0.492616704095829,"Blastomere A"
"B1",0.502055069254095,"Blastomere A"
"B1",0.492775899310058,"Blastomere A"
"B1",0.492958636697776,"Blastomere A"
"B1",0.492558385548662,"Blastomere A"
"B1",0.498729487044413,"Blastomere A"
"B1",0.511244362245142,"Blastomere A"
"B1",0.497984597395946,"Blastomere A"
"B1",0.498865117921603,"Blastomere A"
"B1",0.500526084299394,"Blastomere A"
"B1",0.500582245995981,"Blastomere A"
"B1",0.504532654118371,"Blastomere A"
"B1",0.500200499743294,"Blastomere A"
"B1",0.510163922529326,"Blastomere A"
"B1",0.501454070343176,"Blastomere A"
"B1",0.489412323052169,"Blastomere A"
"B1",0.498188604897048,"Blastomere A"
"B1",0.500018606774198,"Blastomere A"
"B1",0.48897351532188,"Blastomere A"
"B1",0.487282686635333,"Blastomere A"
"B1",0.496047826297225,"Blastomere A"
"B1",0.493199338860851,"Blastomere A"
"B1",0.496588843942526,"Blastomere A"
"B1",0.495850730023225,"Blastomere A"
"B1",0.498382905301472,"Blastomere A"
"B1",0.494170570678828,"Blastomere A"
"B1",0.503260797798323,"Blastomere A"
"B1",0.491122294814207,"Blastomere A"
"B1",0.499388022889746,"Blastomere A"
"B1",0.493264794490539,"Blastomere A"
"B1",0.505713462989646,"Blastomere A"
"B1",0.496374975896499,"Blastomere A"
"B1",0.505366585650204,"Blastomere A"
"B1",0.482522707254265,"Blastomere A"
"B1",0.499159542237455,"Blastomere A"
"B1",0.498221315497643,"Blastomere A"
"B1",0.498869264419488,"Blastomere A"
"B1",0.503390532193559,"Blastomere A"
"B1",0.497279021085641,"Blastomere A"
"B1",0.488346306302211,"Blastomere A"
"B1",0.500335222798031,"Blastomere A"
"B1",0.492484987751395,"Blastomere A"
"B1",0.507503350118695,"Blastomere A"
"B1",0.498978107425816,"Blastomere A"
"B1",0.484924473901321,"Blastomere A"
"B1",0.493747769247456,"Blastomere A"
"B1",0.506502653643923,"Blastomere A"
"B1",0.49371212466729,"Blastomere A"
"B1",0.500584231568613,"Blastomere A"
"B1",0.498986830894995,"Blastomere A"
"B1",0.484184613281126,"Blastomere A"
"B1",0.494431651286831,"Blastomere A"
"B1",0.488800184913104,"Blastomere A"
"B1",0.504499442196811,"Blastomere A"
"B1",0.494339754665235,"Blastomere A"
"B1",0.493847577363276,"Blastomere A"
"B1",0.487260072200263,"Blastomere A"
"B1",0.506224473046651,"Blastomere A"
"B1",0.494004750020926,"Blastomere A"
"B1",0.494695786832251,"Blastomere A"
"B1",0.494938858835678,"Blastomere A"
"B1",0.503017701210129,"Blastomere A"
"B1",0.496467167583539,"Blastomere A"
"B1",0.503564187910576,"Blastomere A"
"B1",0.504706970899263,"Blastomere A"
"B1",0.488800569734185,"Blastomere A"
"B1",0.486098528771939,"Blastomere A"
"B1",0.497121421738585,"Blastomere A"
"B1",0.505764504858091,"Blastomere A"
"B1",0.508450145567865,"Blastomere A"
"B1",0.498734390147501,"Blastomere A"
"B1",0.495105807301784,"Blastomere A"
"B1",0.499200552244477,"Blastomere A"
"B1",0.505055082708084,"Blastomere A"
"B1",0.495117903232207,"Blastomere A"
"B1",0.497074483438314,"Blastomere A"
"B1",0.497214802127709,"Blastomere A"
"B1",0.51046857989915,"Blastomere A"
"B1",0.497445924911559,"Blastomere A"
"B1",0.48138444213974,"Blastomere A"
"B1",0.495637386830115,"Blastomere A"
"B1",0.506761960275888,"Blastomere A"
"B1",0.49933179580025,"Blastomere A"
"B1",0.498352231456352,"Blastomere A"
"B1",0.506921459609214,"Blastomere A"
"B1",0.487901003125367,"Blastomere A"
"B1",0.511075794996881,"Blastomere A"
"B1",0.501815230801238,"Blastomere A"
"B1",0.499441451030175,"Blastomere A"
"B1",0.507803618190343,"Blastomere A"
"B1",0.49586567601302,"Blastomere A"
"B1",0.490569414390726,"Blastomere A"
"B1",0.500823455739107,"Blastomere A"
"B1",0.49294404039138,"Blastomere A"
"B1",0.499717591992449,"Blastomere A"
"B1",0.493432562313507,"Blastomere A"
"B1",0.497656031176766,"Blastomere A"
"B1",0.501529887949479,"Blastomere A"
"B1",0.491938753227068,"Blastomere A"
"B1",0.489341989916806,"Blastomere A"
"B1",0.500187467323532,"Blastomere A"
"B1",0.514150294238096,"Blastomere A"
"B1",0.502194311944347,"Blastomere A"
"B1",0.493978345484136,"Blastomere A"
"B1",0.496627311908819,"Blastomere A"
"B1",0.495265986053079,"Blastomere A"
"B1",0.499618012529994,"Blastomere A"
"B1",0.492202947649813,"Blastomere A"
"B1",0.494334351435171,"Blastomere A"
"B1",0.495626821350553,"Blastomere A"
"B1",0.505976900575831,"Blastomere A"
"B1",0.496325432316524,"Blastomere A"
"B1",0.500766682897793,"Blastomere A"
"B1",0.498450212376731,"Blastomere A"
"B1",0.499555392149765,"Blastomere A"
"B1",0.502255139437371,"Blastomere A"
"B1",0.500571368511768,"Blastomere A"
"B1",0.488181041004688,"Blastomere A"
"B1",0.485074030044336,"Blastomere A"
"B1",0.488618247208421,"Blastomere A"
"B1",0.493676586829026,"Blastomere A"
"B1",0.503161992783208,"Blastomere A"
"B1",0.502089444676874,"Blastomere A"
"B1",0.493018563947168,"Blastomere A"
"B1",0.485558584251605,"Blastomere A"
"B1",0.487483089292596,"Blastomere A"
"B1",0.50505904743708,"Blastomere A"
"B1",0.494019493705612,"Blastomere A"
"B1",0.514262874170196,"Blastomere A"
"B1",0.499910829234503,"Blastomere A"
"B1",0.509426847820949,"Blastomere A"
"B1",0.501609342191787,"Blastomere A"
"B1",0.48804453492113,"Blastomere A"
"B1",0.498695616531498,"Blastomere A"
"B1",0.492469090102528,"Blastomere A"
"B1",0.493581703032606,"Blastomere A"
"B1",0.502811420961179,"Blastomere A"
"B1",0.498969147840489,"Blastomere A"
"B1",0.496137792657592,"Blastomere A"
"B1",0.492276179723724,"Blastomere A"
"B1",0.488719095029888,"Blastomere A"
"B1",0.491710203934819,"Blastomere A"
"B1",0.496162101756092,"Blastomere A"
"B1",0.491786345823137,"Blastomere A"
"B1",0.497640628973394,"Blastomere A"
"B1",0.497233902471007,"Blastomere A"
"B1",0.494619988475278,"Blastomere A"
"B1",0.500172835377287,"Blastomere A"
"B1",0.498123573496516,"Blastomere A"
"B1",0.501508568057465,"Blastomere A"
"B1",0.500403653993249,"Blastomere A"
"B1",0.488977381411666,"Blastomere A"
"B1",0.509408095511624,"Blastomere A"
"B1",0.497931073888218,"Blastomere A"
"B1",0.490187232864164,"Blastomere A"
"B1",0.484783786033719,"Blastomere A"
"B1",0.500755359429208,"Blastomere A"
"B1",0.493501706437893,"Blastomere A"
"B1",0.507503753938604,"Blastomere A"
"B1",0.494014687549824,"Blastomere A"
"B1",0.493980851255693,"Blastomere A"
"B1",0.494430481448634,"Blastomere A"
"B1",0.497296113776912,"Blastomere A"
"B1",0.505156095556342,"Blastomere A"
"B1",0.495535121181321,"Blastomere A"
"B1",0.500876871069617,"Blastomere A"
"B1",0.502254581576696,"Blastomere A"
"B1",0.494021886917584,"Blastomere A"
"B1",0.503898611456621,"Blastomere A"
"B1",0.498918372204178,"Blastomere A"
"B1",0.49390695032731,"Blastomere A"
"B1",0.499661607223167,"Blastomere A"
"B1",0.481832832143623,"Blastomere A"
"B1",0.501797278350507,"Blastomere A"
"B1",0.510729840684921,"Blastomere A"
"B1",0.488142907129372,"Blastomere A"
"B1",0.503909139872221,"Blastomere A"
"B1",0.504449396058987,"Blastomere A"
"B1",0.499046460880193,"Blastomere A"
"B1",0.500884195786157,"Blastomere A"
"B1",0.501875077176266,"Blastomere A"
"B1",0.498096311623398,"Blastomere A"
"B1",0.484847253328111,"Blastomere A"
"B1",0.490430359396675,"Blastomere A"
"B1",0.500397626491494,"Blastomere A"
"B1",0.502589936083354,"Blastomere A"
"B1",0.510713379795828,"Blastomere A"
"B1",0.502917525104909,"Blastomere A"
"B1",0.503348920924982,"Blastomere A"
"B1",0.496750796185799,"Blastomere A"
"B1",0.508564970647271,"Blastomere A"
"B1",0.495100362899557,"Blastomere A"
"B1",0.493030476890733,"Blastomere A"
"B1",0.498766977504044,"Blastomere A"
"B1",0.50855299413073,"Blastomere A"
"B1",0.499898108802349,"Blastomere A"
"B1",0.500742157167128,"Blastomere A"
"B1",0.481862772550987,"Blastomere A"
"B1",0.48937586925148,"Blastomere A"
"B1",0.484972089743093,"Blastomere A"
"B1",0.508740941134618,"Blastomere A"
"B1",0.504412079858741,"Blastomere A"
"B1",0.497990084906906,"Blastomere A"
"B1",0.48756939826903,"Blastomere A"
"B1",0.497840580966562,"Blastomere A"
"B1",0.496049701067105,"Blastomere A"
"B1",0.497719603959523,"Blastomere A"
"B1",0.500093697856485,"Blastomere A"
"B1",0.487791620886777,"Blastomere A"
"B1",0.493537279110163,"Blastomere A"
"B1",0.497171175068967,"Blastomere A"
"B1",0.503870039968561,"Blastomere A"
"B1",0.489395678834273,"Blastomere A"
"B1",0.502960783083655,"Blastomere A"
"B1",0.496839735327926,"Blastomere A"
"B1",0.511576398947174,"Blastomere A"
"B1",0.497795131576921,"Blastomere A"
"B1",0.506346167607867,"Blastomere A"
"B1",0.498196763826229,"Blastomere A"
"B1",0.502913431189825,"Blastomere A"
"B1",0.495377460531029,"Blastomere A"
"B1",0.492427269101905,"Blastomere A"
"B1",0.502147161567993,"Blastomere A"
"B1",0.498971597137818,"Blastomere A"
"B1",0.50185644286724,"Blastomere A"
"B1",0.499495082037935,"Blastomere A"
"B1",0.499449056033235,"Blastomere A"
"B1",0.500172705758132,"Blastomere A"
"B1",0.502674151549518,"Blastomere A"
"B1",0.504606142792029,"Blastomere A"
"B1",0.507095964426941,"Blastomere A"
"B1",0.498565477368945,"Blastomere A"
"B1",0.496970031666993,"Blastomere A"
"B1",0.508974071321092,"Blastomere A"
"B1",0.490235709859514,"Blastomere A"
"B1",0.492937950272487,"Blastomere A"
"B1",0.503409317130097,"Blastomere A"
"B1",0.502128265308241,"Blastomere A"
"B1",0.496595801623128,"Blastomere A"
"B1",0.511045408327857,"Blastomere A"
"B1",0.501450813424902,"Blastomere A"
"B1",0.489545687860455,"Blastomere A"
"B1",0.502620980897598,"Blastomere A"
"B1",0.491999165703124,"Blastomere A"
"B1",0.508541374166552,"Blastomere A"
"B1",0.516182465528024,"Blastomere A"
"B1",0.504578954339249,"Blastomere A"
"B1",0.496206559629624,"Blastomere A"
"B1",0.49468261026123,"Blastomere A"
"B1",0.490759022297396,"Blastomere A"
"B1",0.50126098601893,"Blastomere A"
"B1",0.498730416742506,"Blastomere A"
"B1",0.493018996969595,"Blastomere A"
"B1",0.49993461706213,"Blastomere A"
"B1",0.499243412864052,"Blastomere A"
"B1",0.485050760464291,"Blastomere A"
"B1",0.501178106465981,"Blastomere A"
"B1",0.498747358560017,"Blastomere A"
"B1",0.501284952128432,"Blastomere A"
"B1",0.49374337411905,"Blastomere A"
"B1",0.502661445964467,"Blastomere A"
"B1",0.494577216413656,"Blastomere A"
"B1",0.491045245579852,"Blastomere A"
"B1",0.504004330189754,"Blastomere A"
"B1",0.497982521265356,"Blastomere A"
"B1",0.49090155766991,"Blastomere A"
"B1",0.500674967818915,"Blastomere A"
"B1",0.496684135014671,"Blastomere A"
"B1",0.50410921734146,"Blastomere A"
"B1",0.500713928217236,"Blastomere A"
"B1",0.493671978537857,"Blastomere A"
"B1",0.498095991748474,"Blastomere A"
"B1",0.493360070656282,"Blastomere A"
"B1",0.510556741508166,"Blastomere A"
"B1",0.504385182219969,"Blastomere A"
"B1",0.503383734906033,"Blastomere A"
"B1",0.50527090027945,"Blastomere A"
"B1",0.499509667535668,"Blastomere A"
"B1",0.510358924572462,"Blastomere A"
"B1",0.504661626102458,"Blastomere A"
"B1",0.490692591356416,"Blastomere A"
"B1",0.48526633266914,"Blastomere A"
"B1",0.496645458314051,"Blastomere A"
"B1",0.494461707968968,"Blastomere A"
"B1",0.495240667311705,"Blastomere A"
"B1",0.507149038214644,"Blastomere A"
"B1",0.494010598032814,"Blastomere A"
"B1",0.502146192729321,"Blastomere A"
"B1",0.496506879942271,"Blastomere A"
"B1",0.493689294148622,"Blastomere A"
"B1",0.500205384635138,"Blastomere A"
"B1",0.508534468171481,"Blastomere A"
"B1",0.501813768080532,"Blastomere A"
"B1",0.496890218767607,"Blastomere A"
"B1",0.492277616290409,"Blastomere A"
"B1",0.48795922513126,"Blastomere A"
"B1",0.505444510985484,"Blastomere A"
"B1",0.507874625122864,"Blastomere A"
"B1",0.504447689992721,"Blastomere A"
"B1",0.498534168599494,"Blastomere A"
"B1",0.495467101643838,"Blastomere A"
"B1",0.497351836984751,"Blastomere A"
"B1",0.488556969712854,"Blastomere A"
"B1",0.499047700417395,"Blastomere A"
"B1",0.500574688602678,"Blastomere A"
"B1",0.4960924179408,"Blastomere A"
"B1",0.506136510171547,"Blastomere A"
"B1",0.493310957902633,"Blastomere A"
"B1",0.50817679583405,"Blastomere A"
"B1",0.509054232377221,"Blastomere A"
"B1",0.494768834825735,"Blastomere A"
"B1",0.513908670993876,"Blastomere A"
"B1",0.500692785698658,"Blastomere A"
"B1",0.49074583233245,"Blastomere A"
"B1",0.504036141489662,"Blastomere A"
"B1",0.49702246900082,"Blastomere A"
"B1",0.481321204811417,"Blastomere A"
"B1",0.493945943727028,"Blastomere A"
"B1",0.502100347931475,"Blastomere A"
"B1",0.507972290633137,"Blastomere A"
"B1",0.486780022593502,"Blastomere A"
"B1",0.509481027039591,"Blastomere A"
"B1",0.4967048306242,"Blastomere A"
"B1",0.506396148887425,"Blastomere A"
"B1",0.492371955092347,"Blastomere A"
"B1",0.502633519546855,"Blastomere A"
"B1",0.499643047180386,"Blastomere A"
"B1",0.488256596335272,"Blastomere A"
"B1",0.499875160853184,"Blastomere A"
"B1",0.492903082075892,"Blastomere A"
"B1",0.489596267718152,"Blastomere A"
"B1",0.495232253433775,"Blastomere A"
"B1",0.492812159172144,"Blastomere A"
"B1",0.508633901613483,"Blastomere A"
"B1",0.497266723133135,"Blastomere A"
"B1",0.485210287046467,"Blastomere A"
"B1",0.495835106530222,"Blastomere A"
"B1",0.495432950561742,"Blastomere A"
"B1",0.49444359463875,"Blastomere A"
"B1",0.501982520729086,"Blastomere A"
"B1",0.501384275454938,"Blastomere A"
"B1",0.507980791085572,"Blastomere A"
"B1",0.509127244069101,"Blastomere A"
"B1",0.501118951576711,"Blastomere A"
"B1",0.491636705260228,"Blastomere A"
"B1",0.495386710956505,"Blastomere A"
"B1",0.501190738826524,"Blastomere A"
"B1",0.499448671213895,"Blastomere A"
"B1",0.502944038533395,"Blastomere A"
"B1",0.490020359479678,"Blastomere A"
"B1",0.500012063816013,"Blastomere A"
"B1",0.490034634496596,"Blastomere A"
"B1",0.492411870629944,"Blastomere A"
"B1",0.497501334755515,"Blastomere A"
"B1",0.503542291837676,"Blastomere A"
"B1",0.490472290516658,"Blastomere A"
"B1",0.511353200093744,"Blastomere A"
"B1",0.499572498834663,"Blastomere A"
"B1",0.501285880930235,"Blastomere A"
"B1",0.504757246781382,"Blastomere A"
"B1",0.494419263555468,"Blastomere A"
"B1",0.488830781635637,"Blastomere A"
"B1",0.506473273842443,"Blastomere A"
"B1",0.503957483599847,"Blastomere A"
"B1",0.501894336677791,"Blastomere A"
"B1",0.500215134238575,"Blastomere A"
"B1",0.507384031191465,"Blastomere A"
"B1",0.486410428512608,"Blastomere A"
"B1",0.507874649407984,"Blastomere A"
"B1",0.498636284915768,"Blastomere A"
"B1",0.490564118248757,"Blastomere A"
"B1",0.494035503310312,"Blastomere A"
"B1",0.490058831187605,"Blastomere A"
"B1",0.500601652501679,"Blastomere A"
"B1",0.503034649170307,"Blastomere A"
"B1",0.503201085329885,"Blastomere A"
"B1",0.512019821494944,"Blastomere A"
"B1",0.490227354699775,"Blastomere A"
"B1",0.497449247271366,"Blastomere A"
"B1",0.497071906231601,"Blastomere A"
"B1",0.511771858179938,"Blastomere A"
"B1",0.510691853518923,"Blastomere A"
"B1",0.494645092277979,"Blastomere A"
"B1",0.497151579137402,"Blastomere A"
"B1",0.480905666375412,"Blastomere A"
"B1",0.496445356273193,"Blastomere A"
"B1",0.493699871381679,"Blastomere A"
"B1",0.503317506348846,"Blastomere A"
"B1",0.508014905094867,"Blastomere A"
"B1",0.495801972716813,"Blastomere A"
"B1",0.49445724593725,"Blastomere A"
"B1",0.507592783376786,"Blastomere A"
"B1",0.49524780260844,"Blastomere A"
"B1",0.505394740789066,"Blastomere A"
"B1",0.501379307678394,"Blastomere A"
"B1",0.503251989185527,"Blastomere A"
"B1",0.507663098134418,"Blastomere A"
"B1",0.500676885556379,"Blastomere A"
"B1",0.49056727193505,"Blastomere A"
"B1",0.500999026122005,"Blastomere A"
"B1",0.491620244837073,"Blastomere A"
"B1",0.49480878927501,"Blastomere A"
"B1",0.494734974469962,"Blastomere A"
"B1",0.496275832488944,"Blastomere A"
"B1",0.501180008351929,"Blastomere A"
"B1",0.495650685441669,"Blastomere A"
"B1",0.499328611755414,"Blastomere A"
"B1",0.499011558440847,"Blastomere A"
"B1",0.496466777965546,"Blastomere A"
"B1",0.50589480564682,"Blastomere A"
"B1",0.498071726414263,"Blastomere A"
"B1",0.510635352675831,"Blastomere A"
"B1",0.500999719275498,"Blastomere A"
"B1",0.498302528643047,"Blastomere A"
"B1",0.492671515284474,"Blastomere A"
"B1",0.488646883901516,"Blastomere A"
"B1",0.508846460440607,"Blastomere A"
"B1",0.499916245779787,"Blastomere A"
"B1",0.505367129251038,"Blastomere A"
"B1",0.50437752743364,"Blastomere A"
"B1",0.487241063048129,"Blastomere A"
"B1",0.500568550553982,"Blastomere A"
"B1",0.497057802062011,"Blastomere A"
"B1",0.502331513159322,"Blastomere A"
"B1",0.49687426200739,"Blastomere A"
"B1",0.49578831041334,"Blastomere A"
"B1",0.503690762544514,"Blastomere A"
"B1",0.499441153738677,"Blastomere A"
"B1",0.498214909436992,"Blastomere A"
"B1",0.498909617653983,"Blastomere A"
"B1",0.495526076152374,"Blastomere A"
"B1",0.506025034920353,"Blastomere A"
"B1",0.50170163074167,"Blastomere A"
"B1",0.487638401283236,"Blastomere A"
"B1",0.516405032449115,"Blastomere A"
"B1",0.496822565882714,"Blastomere A"
"B1",0.497484608221716,"Blastomere A"
"B1",0.491664037955999,"Blastomere A"
"B1",0.494932201027645,"Blastomere A"
"B1",0.497475299009627,"Blastomere A"
"B1",0.489535237738276,"Blastomere A"
"B1",0.49337259629207,"Blastomere A"
"B1",0.510856802701161,"Blastomere A"
"B1",0.503977296303608,"Blastomere A"
"B1",0.489785321061321,"Blastomere A"
"B1",0.506317546851121,"Blastomere A"
"B1",0.499365768480971,"Blastomere A"
"B1",0.495587393660323,"Blastomere A"
"B1",0.49547884068365,"Blastomere A"
"B1",0.499075903312919,"Blastomere A"
"B1",0.50391775739729,"Blastomere A"
"B1",0.500832963875085,"Blastomere A"
"B1",0.502044148744656,"Blastomere A"
"B1",0.508558490243659,"Blastomere A"
"B1",0.494656429663885,"Blastomere A"
"B1",0.500027360637654,"Blastomere A"
"B1",0.508496404054635,"Blastomere A"
"B1",0.489630899227979,"Blastomere A"
"B1",0.498660890848304,"Blastomere A"
"B1",0.505045663773042,"Blastomere A"
"B1",0.503936358319591,"Blastomere A"
"B1",0.497911065861941,"Blastomere A"
"B1",0.498599192872598,"Blastomere A"
"B1",0.499640562139317,"Blastomere A"
"B1",0.500239233487399,"Blastomere A"
"B1",0.501000827737898,"Blastomere A"
"B1",0.510433211156537,"Blastomere A"
"B1",0.512273948084329,"Blastomere A"
"B1",0.506133633494512,"Blastomere A"
"B1",0.486970976172655,"Blastomere A"
"B1",0.515720425141701,"Blastomere A"
"B1",0.49694234886454,"Blastomere A"
"B1",0.490428595929268,"Blastomere A"
"B1",0.499264471809657,"Blastomere A"
"B1",0.496802631732583,"Blastomere A"
"B1",0.502330051712739,"Blastomere A"
"B1",0.494628533545252,"Blastomere A"
"B1",0.488499898965221,"Blastomere A"
"B1",0.489475051901224,"Blastomere A"
"B1",0.514393153311254,"Blastomere A"
"B1",0.507101281376912,"Blastomere A"
"B1",0.497405438886355,"Blastomere A"
"B1",0.497692289157364,"Blastomere A"
"B1",0.501063910560469,"Blastomere A"
"B1",0.510015464130494,"Blastomere A"
"B1",0.500537445586726,"Blastomere A"
"B1",0.499808682130515,"Blastomere A"
"B1",0.500835920776591,"Blastomere A"
"B1",0.498518756617439,"Blastomere A"
"B1",0.501082634670183,"Blastomere A"
"B1",0.498740445691616,"Blastomere A"
"B1",0.48936334436814,"Blastomere A"
"B1",0.491258421809724,"Blastomere A"
"B1",0.504658001008613,"Blastomere A"
"B1",0.491910317426844,"Blastomere A"
"B1",0.500849855812261,"Blastomere A"
"B1",0.490780170761799,"Blastomere A"
"B1",0.501379528799463,"Blastomere A"
"B1",0.499446842182801,"Blastomere A"
"B1",0.484124874239142,"Blastomere A"
"B1",0.496796210474815,"Blastomere A"
"B1",0.502323298561695,"Blastomere A"
"B1",0.498284839467053,"Blastomere A"
"B1",0.496856102079297,"Blastomere A"
"B1",0.509780104667942,"Blastomere A"
"B1",0.495373017414163,"Blastomere A"
"B1",0.508518352676674,"Blastomere A"
"B1",0.492814045954083,"Blastomere A"
"B1",0.500611245863467,"Blastomere A"
"B1",0.512081477367521,"Blastomere A"
"B1",0.493680325751636,"Blastomere A"
"B1",0.498831497923925,"Blastomere A"
"B1",0.499411484141857,"Blastomere A"
"B1",0.507066611643745,"Blastomere A"
"B1",0.49455978326486,"Blastomere A"
"B1",0.507392772137263,"Blastomere A"
"B1",0.4963463923662,"Blastomere A"
"B1",0.498194810622431,"Blastomere A"
"B1",0.500272129895898,"Blastomere A"
"B1",0.502753178917319,"Blastomere A"
"B1",0.505048776005223,"Blastomere A"
"B1",0.488040445213811,"Blastomere A"
"B1",0.497552867420595,"Blastomere A"
"B1",0.50536179474476,"Blastomere A"
"B1",0.494278264167365,"Blastomere A"
"B1",0.502036840484748,"Blastomere A"
"B1",0.493808383966504,"Blastomere A"
"B1",0.499406368178259,"Blastomere A"
"B1",0.494979509306466,"Blastomere A"
"B1",0.496668074030858,"Blastomere A"
"B1",0.500679688641608,"Blastomere A"
"B1",0.494792130788413,"Blastomere A"
"B1",0.502785101895623,"Blastomere A"
"B1",0.496872717900986,"Blastomere A"
"B1",0.508738268036529,"Blastomere A"
"B1",0.500907679639818,"Blastomere A"
"B1",0.500586158441692,"Blastomere A"
"B1",0.499383382499219,"Blastomere A"
"B1",0.511911887226331,"Blastomere A"
"B1",0.494887588306509,"Blastomere A"
"B1",0.496468749782208,"Blastomere A"
"B1",0.488586294083437,"Blastomere A"
"B1",0.498072052233295,"Blastomere A"
"B1",0.488437487051243,"Blastomere A"
"B1",0.505968629013504,"Blastomere A"
"B1",0.491446420083012,"Blastomere A"
"B1",0.48459238909349,"Blastomere A"
"B1",0.479314683125288,"Blastomere A"
"B1",0.498703277214699,"Blastomere A"
"B1",0.496419146276683,"Blastomere A"
"B1",0.5045888509961,"Blastomere A"
"B1",0.494740035916844,"Blastomere A"
"B1",0.506155092194245,"Blastomere A"
"B1",0.496948945151825,"Blastomere A"
"B1",0.487338330390048,"Blastomere A"
"B1",0.510985762119454,"Blastomere A"
"B1",0.50087533957063,"Blastomere A"
"B1",0.501615532970619,"Blastomere A"
"B1",0.49180681290329,"Blastomere A"
"B1",0.500961468982197,"Blastomere A"
"B1",0.496976092215321,"Blastomere A"
"B1",0.498426519048396,"Blastomere A"
"B1",0.49906436998487,"Blastomere A"
"B1",0.489201344577855,"Blastomere A"
"B1",0.494370445085205,"Blastomere A"
"B1",0.493541020481796,"Blastomere A"
"B1",0.49826081640431,"Blastomere A"
"B1",0.499355499096712,"Blastomere A"
"B1",0.495259524305894,"Blastomere A"
"B1",0.497438412844776,"Blastomere A"
"B1",0.503026979680519,"Blastomere A"
"B1",0.501385923776831,"Blastomere A"
"B1",0.478929904926358,"Blastomere A"
"B1",0.511787753230536,"Blastomere A"
"B1",0.503886024785614,"Blastomere A"
"B1",0.504633429821424,"Blastomere A"
"B1",0.494058740407062,"Blastomere A"
"B1",0.502987664399341,"Blastomere A"
"B1",0.489353924059985,"Blastomere A"
"B1",0.510408245516166,"Blastomere A"
"B1",0.497584427792418,"Blastomere A"
"B1",0.490071096345499,"Blastomere A"
"B1",0.495604639541561,"Blastomere A"
"B1",0.505789624328399,"Blastomere A"
"B1",0.494873469178625,"Blastomere A"
"B1",0.502557006326056,"Blastomere A"
"B1",0.496644686152935,"Blastomere A"
"B1",0.503228436934711,"Blastomere A"
"B1",0.503118855096975,"Blastomere A"
"B1",0.496511465566269,"Blastomere A"
"B1",0.497643099988862,"Blastomere A"
"B1",0.488661994647642,"Blastomere A"
"B1",0.511175598691435,"Blastomere A"
"B1",0.503014707097554,"Blastomere A"
"B1",0.492022660794182,"Blastomere A"
"B1",0.492937171443595,"Blastomere A"
"B1",0.492865118045016,"Blastomere A"
"B1",0.500386640690707,"Blastomere A"
"B1",0.487973665072763,"Blastomere A"
"B1",0.510997829524207,"Blastomere A"
"B1",0.501894038857163,"Blastomere A"
"B1",0.486666620007806,"Blastomere A"
"B1",0.494990925235039,"Blastomere A"
"B1",0.494262527070022,"Blastomere A"
"B1",0.511550921611853,"Blastomere A"
"B1",0.505358331852419,"Blastomere A"
"B1",0.491947827869405,"Blastomere A"
"B1",0.49337904111379,"Blastomere A"
"B1",0.502343123108156,"Blastomere A"
"B1",0.50781833380297,"Blastomere A"
"B1",0.490790490986213,"Blastomere A"
"B1",0.501009360068467,"Blastomere A"
"B1",0.503360691824254,"Blastomere A"
"B1",0.496878352965626,"Blastomere A"
"B1",0.490617898194107,"Blastomere A"
"B1",0.499428347415695,"Blastomere A"
"B1",0.498917537330142,"Blastomere A"
"B1",0.495955420015844,"Blastomere A"
"B1",0.495800344019972,"Blastomere A"
"B1",0.499026446395739,"Blastomere A"
"B1",0.49195398579991,"Blastomere A"
"B1",0.497369237851085,"Blastomere A"
"B1",0.49825294514024,"Blastomere A"
"B1",0.483882253653181,"Blastomere A"
"B1",0.506670297370387,"Blastomere A"
"B1",0.495434987402885,"Blastomere A"
"B1",0.50194008599279,"Blastomere A"
"B1",0.495024921236299,"Blastomere A"
"B1",0.503863180433565,"Blastomere A"
"B1",0.488350986210886,"Blastomere A"
"B1",0.486715410481135,"Blastomere A"
"B1",0.492061092175897,"Blastomere A"
"B1",0.494281243052219,"Blastomere A"
"B1",0.506178628698042,"Blastomere A"
"B1",0.496829488136414,"Blastomere A"
"B1",0.507322278469286,"Blastomere A"
"B1",0.50510371262933,"Blastomere A"
"B1",0.493663320214583,"Blastomere A"
"B1",0.515344405854863,"Blastomere A"
"B1",0.510169686015688,"Blastomere A"
"B1",0.495988383228432,"Blastomere A"
"B1",0.49802886057162,"Blastomere A"
"B1",0.499288370886511,"Blastomere A"
"B1",0.495688682886307,"Blastomere A"
"B1",0.499401328925577,"Blastomere A"
"B1",0.47986117597262,"Blastomere A"
"B1",0.495204140451057,"Blastomere A"
"B1",0.48603743617581,"Blastomere A"
"B1",0.497171112528533,"Blastomere A"
"B1",0.493380943557071,"Blastomere A"
"B1",0.501622618714205,"Blastomere A"
"B1",0.496099914889818,"Blastomere A"
"B1",0.488385659312144,"Blastomere A"
"B1",0.499059507579205,"Blastomere A"
"B1",0.487779665586964,"Blastomere A"
"B1",0.497819073072058,"Blastomere A"
"B1",0.49781223467668,"Blastomere A"
"B1",0.501977944868261,"Blastomere A"
"B1",0.497266768230858,"Blastomere A"
"B1",0.503399078212783,"Blastomere A"
"B1",0.499712232082921,"Blastomere A"
"B1",0.492204925958722,"Blastomere A"
"B1",0.498801742732922,"Blastomere A"
"B1",0.49968307565884,"Blastomere A"
"B1",0.513792588802743,"Blastomere A"
"B1",0.492893584632272,"Blastomere A"
"B1",0.502300751370337,"Blastomere A"
"B1",0.489808490036602,"Blastomere A"
"B1",0.495988388458719,"Blastomere A"
"B1",0.49055635778107,"Blastomere A"
"B1",0.503796395536736,"Blastomere A"
"B1",0.495867416206374,"Blastomere A"
"B1",0.506319506983355,"Blastomere A"
"B1",0.489536562326902,"Blastomere A"
"B1",0.509870475394179,"Blastomere A"
"B1",0.493139225701447,"Blastomere A"
"B1",0.50151143219693,"Blastomere A"
"B1",0.499220838869952,"Blastomere A"
"B1",0.491364365493167,"Blastomere A"
"B1",0.499868326193854,"Blastomere A"
"B1",0.488559017328093,"Blastomere A"
"B1",0.503396540752854,"Blastomere A"
"B1",0.496071946878568,"Blastomere A"
"B1",0.499705969747439,"Blastomere A"
"B1",0.492697499810314,"Blastomere A"
"B1",0.501354471460138,"Blastomere A"
"B1",0.49443406092126,"Blastomere A"
"B1",0.49627013154032,"Blastomere A"
"B1",0.500376688433221,"Blastomere A"
"B1",0.494979319328398,"Blastomere A"
"B1",0.49477275039657,"Blastomere A"
"B1",0.495072707382718,"Blastomere A"
"B1",0.50166675253166,"Blastomere A"
"B1",0.496528610114484,"Blastomere A"
"B1",0.504402647942,"Blastomere A"
"B1",0.485999922682576,"Blastomere A"
"B1",0.504167519533355,"Blastomere A"
"B1",0.49036604484333,"Blastomere A"
"B1",0.489780626997183,"Blastomere A"
"B1",0.501744454565262,"Blastomere A"
"B1",0.499661297130142,"Blastomere A"
"B1",0.501269407821328,"Blastomere A"
"B1",0.496381143935526,"Blastomere A"
"B1",0.50547762493099,"Blastomere A"
"B1",0.50341154831547,"Blastomere A"
"B1",0.497935593170311,"Blastomere A"
"B1",0.500014181674468,"Blastomere A"
"B1",0.502981464983295,"Blastomere A"
"B1",0.500441327851014,"Blastomere A"
"B1",0.500107773576293,"Blastomere A"
"B1",0.497169853899116,"Blastomere A"
"B1",0.493087345676836,"Blastomere A"
"B1",0.504295582176535,"Blastomere A"
"B1",0.490023325287182,"Blastomere A"
"B1",0.497619357628133,"Blastomere A"
"B1",0.497753359822499,"Blastomere A"
"B1",0.496606746082496,"Blastomere A"
"B1",0.494367355025923,"Blastomere A"
"B1",0.488313634286707,"Blastomere A"
"B1",0.497278292623055,"Blastomere A"
"B1",0.47760784506239,"Blastomere A"
"B1",0.500671222242073,"Blastomere A"
"B1",0.484080298211502,"Blastomere A"
"B1",0.503880200918223,"Blastomere A"
"B1",0.501955151132226,"Blastomere A"
"B1",0.493311954182274,"Blastomere A"
"B1",0.511441854313834,"Blastomere A"
"B1",0.498595703042995,"Blastomere A"
"B1",0.496161338282353,"Blastomere A"
"B1",0.485593186249704,"Blastomere A"
"B1",0.499591323847018,"Blastomere A"
"B1",0.502656190113453,"Blastomere A"
"B1",0.495786444223019,"Blastomere A"
"B1",0.501361871387563,"Blastomere A"
"B1",0.498052941797145,"Blastomere A"
"B1",0.510854581463757,"Blastomere A"
"B1",0.500613427171574,"Blastomere A"
"B1",0.497784370459901,"Blastomere A"
"B1",0.496786732713664,"Blastomere A"
"B1",0.510178612177974,"Blastomere A"
"B1",0.501628661639697,"Blastomere A"
"B1",0.497587013405247,"Blastomere A"
"B1",0.498203932461733,"Blastomere A"
"B1",0.506289774670983,"Blastomere A"
"B1",0.493621196979039,"Blastomere A"
"B1",0.502438284417546,"Blastomere A"
"B1",0.513269430598065,"Blastomere A"
"B1",0.505457318120074,"Blastomere A"
"B1",0.489790259877556,"Blastomere A"
"B1",0.4960421868725,"Blastomere A"
"B1",0.492349017161918,"Blastomere A"
"B1",0.497041916343043,"Blastomere A"
"B1",0.499610726979158,"Blastomere A"
"B1",0.511572044857532,"Blastomere A"
"B1",0.497769234306514,"Blastomere A"
"B1",0.499582312498126,"Blastomere A"
"B1",0.492234342541815,"Blastomere A"
"B1",0.488416425693587,"Blastomere A"
"B1",0.496506662518125,"Blastomere A"
"B1",0.505001394565479,"Blastomere A"
"B1",0.489706364341457,"Blastomere A"
"B1",0.491310764124225,"Blastomere A"
"B1",0.501852117854636,"Blastomere A"
"B1",0.511911890039174,"Blastomere A"
"B1",0.492401721140495,"Blastomere A"
"B1",0.506279974557417,"Blastomere A"
"B1",0.504519304130597,"Blastomere A"
"B1",0.49919098682653,"Blastomere A"
"B1",0.495911976349083,"Blastomere A"
"B1",0.499220621462874,"Blastomere A"
"B1",0.50871552509962,"Blastomere A"
"B1",0.514205854922033,"Blastomere A"
"B1",0.50205595455421,"Blastomere A"
"B1",0.490312988324199,"Blastomere A"
"B1",0.490522842824257,"Blastomere A"
"B1",0.486381199160209,"Blastomere A"
"B1",0.495506584597496,"Blastomere A"
"B1",0.498046051717244,"Blastomere A"
"B1",0.50188322881972,"Blastomere A"
"B1",0.493725261418785,"Blastomere A"
"B1",0.487558685926943,"Blastomere A"
"B1",0.51329328676787,"Blastomere A"
"B1",0.495911832034537,"Blastomere A"
"B1",0.498561574776616,"Blastomere A"
"B1",0.500468994523765,"Blastomere A"
"B1",0.507995150349055,"Blastomere A"
"B1",0.505503998772899,"Blastomere A"
"B1",0.490470322710316,"Blastomere A"
"B1",0.483967475974971,"Blastomere A"
"B1",0.495922295475472,"Blastomere A"
"B1",0.495169354241318,"Blastomere A"
"B1",0.494026669461094,"Blastomere A"
"B1",0.50206717069797,"Blastomere A"
"B1",0.493804767514848,"Blastomere A"
"B1",0.502222708857988,"Blastomere A"
"B1",0.497784302492389,"Blastomere A"
"B1",0.501914127265928,"Blastomere A"
"B1",0.495576615458574,"Blastomere A"
"B1",0.500462584338392,"Blastomere A"
"B1",0.500576994331697,"Blastomere A"
"B1",0.497296695170007,"Blastomere A"
"B1",0.495969933426376,"Blastomere A"
"B1",0.483358463425558,"Blastomere A"
"B1",0.496362688106612,"Blastomere A"
"B1",0.498475664581461,"Blastomere A"
"B1",0.494936992672354,"Blastomere A"
"B1",0.492864544054005,"Blastomere A"
"B1",0.491513448471044,"Blastomere A"
"B1",0.502760192836086,"Blastomere A"
"B1",0.49480078534834,"Blastomere A"
"B1",0.506129293097451,"Blastomere A"
"B1",0.485244404967882,"Blastomere A"
"B1",0.48953336519878,"Blastomere A"
"B1",0.502387297146628,"Blastomere A"
"B1",0.495035767046245,"Blastomere A"
"B1",0.488064005609679,"Blastomere A"
"B1",0.502889241257334,"Blastomere A"
"B1",0.500846157430485,"Blastomere A"
"B1",0.494361127333156,"Blastomere A"
"B1",0.487800429817165,"Blastomere A"
"B1",0.500539794460465,"Blastomere A"
"B1",0.496461222846992,"Blastomere A"
"B1",0.489113439047791,"Blastomere A"
"B1",0.492001653972661,"Blastomere A"
"B1",0.489214776697676,"Blastomere A"
"B1",0.515689412009621,"Blastomere A"
"B1",0.503183069921875,"Blastomere A"
"B1",0.503669053046375,"Blastomere A"
"B1",0.494077890964305,"Blastomere A"
"B1",0.499147459189023,"Blastomere A"
"B1",0.502843579803217,"Blastomere A"
"B1",0.495652801383629,"Blastomere A"
"B1",0.504010801288628,"Blastomere A"
"B1",0.502786063908237,"Blastomere A"
"B1",0.501934208526234,"Blastomere A"
"B1",0.509368214565205,"Blastomere A"
"B1",0.504575042980682,"Blastomere A"
"B1",0.490282481682077,"Blastomere A"
"B1",0.49050501848653,"Blastomere A"
"B1",0.507248005236778,"Blastomere A"
"B1",0.500071418754147,"Blastomere A"
"B1",0.499090859325545,"Blastomere A"
"B1",0.498960623835437,"Blastomere A"
"B1",0.49521164766413,"Blastomere A"
"B1",0.491716163674326,"Blastomere A"
"B1",0.488037439856044,"Blastomere A"
"B1",0.499079225861415,"Blastomere A"
"B1",0.494347959675902,"Blastomere A"
"B1",0.499081888837207,"Blastomere A"
"B1",0.499666243718385,"Blastomere A"
"B1",0.500956440503647,"Blastomere A"
"B1",0.510017187358738,"Blastomere A"
"B1",0.507441633728478,"Blastomere A"
"B1",0.511025934769957,"Blastomere A"
"B1",0.497546272033588,"Blastomere A"
"B1",0.489851241445573,"Blastomere A"
"B1",0.493072377811674,"Blastomere A"
"B1",0.502829660726862,"Blastomere A"
"B1",0.501428133463121,"Blastomere A"
"B1",0.501642711102493,"Blastomere A"
"B1",0.495845152020979,"Blastomere A"
"B1",0.497216396472518,"Blastomere A"
"B1",0.495967254602007,"Blastomere A"
"B1",0.496917137011017,"Blastomere A"
"B1",0.495366083032552,"Blastomere A"
"B1",0.496974487004129,"Blastomere A"
"B1",0.493504204472101,"Blastomere A"
"B1",0.513062890351221,"Blastomere A"
"B1",0.494719840217492,"Blastomere A"
"B1",0.496437673175341,"Blastomere A"
"B1",0.497756062326648,"Blastomere A"
"B1",0.498717818371442,"Blastomere A"
"B1",0.493456836770516,"Blastomere A"
"B1",0.503866174351768,"Blastomere A"
"B1",0.496282716775149,"Blastomere A"
"B1",0.497146063202921,"Blastomere A"
"B1",0.483083552384602,"Blastomere A"
"B1",0.498230012830982,"Blastomere A"
"B1",0.499172557785317,"Blastomere A"
"B1",0.499636483423736,"Blastomere A"
"B1",0.502671200187045,"Blastomere A"
"B1",0.506020980862648,"Blastomere A"
"B1",0.499932361843888,"Blastomere A"
"B1",0.492417287035129,"Blastomere A"
"B1",0.496445345868854,"Blastomere A"
"B1",0.498437666597201,"Blastomere A"
"B1",0.502529147783886,"Blastomere A"
"B1",0.504714190718002,"Blastomere A"
"B1",0.491411773545675,"Blastomere A"
"B1",0.496746668324635,"Blastomere A"
"B1",0.489251165248803,"Blastomere A"
"B1",0.495148590463832,"Blastomere A"
"B1",0.485305711807655,"Blastomere A"
"B1",0.505139634495692,"Blastomere A"
"B1",0.511888076161938,"Blastomere A"
"B1",0.495017615344913,"Blastomere A"
"B1",0.503380049143341,"Blastomere A"
"B1",0.487802225218216,"Blastomere A"
"B1",0.506737833652157,"Blastomere A"
"B1",0.499851089013594,"Blastomere A"
"B1",0.49420955059976,"Blastomere A"
"B1",0.510721812547238,"Blastomere A"
"B1",0.505773140442367,"Blastomere A"
"B1",0.52006850949755,"Blastomere A"
"B1",0.504096771784469,"Blastomere A"
"B1",0.49859640646222,"Blastomere A"
"B1",0.493618454385061,"Blastomere A"
"B1",0.501180696771645,"Blastomere A"
"B1",0.498729160392489,"Blastomere A"
"B1",0.501372665150848,"Blastomere A"
"B1",0.488476387990086,"Blastomere A"
"B1",0.495566233013952,"Blastomere A"
"B1",0.50001879270889,"Blastomere A"
"B1",0.510303265129963,"Blastomere A"
"B1",0.504039510446337,"Blastomere A"
"B1",0.496808927735443,"Blastomere A"
"B1",0.500675819858359,"Blastomere A"
"B1",0.500493927523592,"Blastomere A"
"B1",0.496627875645588,"Blastomere A"
"B1",0.503961469438228,"Blastomere A"
"B1",0.497175416577206,"Blastomere A"
"B1",0.504563165914341,"Blastomere A"
"B1",0.495689682060868,"Blastomere A"
"B1",0.483998837873975,"Blastomere A"
"B1",0.50288000321283,"Blastomere A"
"B1",0.49498903709277,"Blastomere A"
"B1",0.488954056264417,"Blastomere A"
"B1",0.506087591537606,"Blastomere A"
"B1",0.50559048073355,"Blastomere A"
"B1",0.496267162405074,"Blastomere A"
"B1",0.496761644611545,"Blastomere A"
"B1",0.499442958487298,"Blastomere A"
"B1",0.494235976369691,"Blastomere A"
"B1",0.494038390290216,"Blastomere A"
"B1",0.505797849261551,"Blastomere A"
"B1",0.496898310597659,"Blastomere A"
"B1",0.497481159859149,"Blastomere A"
"B1",0.493426786825491,"Blastomere A"
"B1",0.493082850561465,"Blastomere A"
"B1",0.498354491364163,"Blastomere A"
"B1",0.501975778334352,"Blastomere A"
"B1",0.49577575159702,"Blastomere A"
"B1",0.507362868433333,"Blastomere A"
"B1",0.50192485235951,"Blastomere A"
"B1",0.494025967998467,"Blastomere A"
"B1",0.496724979925514,"Blastomere A"
"B1",0.500750473314787,"Blastomere A"
"B1",0.501758999039421,"Blastomere A"
"B1",0.501409863439486,"Blastomere A"
"B1",0.49701385360847,"Blastomere A"
"B1",0.503020641844707,"Blastomere A"
"B1",0.506794872363637,"Blastomere A"
"B1",0.492312064740042,"Blastomere A"
"B1",0.504493980902768,"Blastomere A"
"B1",0.49330233982235,"Blastomere A"
"B1",0.515300052768629,"Blastomere A"
"B1",0.507544623662654,"Blastomere A"
"B1",0.507603507929075,"Blastomere A"
"B1",0.510690856488298,"Blastomere A"
"B1",0.501601392199008,"Blastomere A"
"B1",0.504134158801024,"Blastomere A"
"B1",0.496063189252572,"Blastomere A"
"B1",0.492666162380753,"Blastomere A"
"B1",0.49226289493124,"Blastomere A"
"B1",0.500178339586112,"Blastomere A"
"B1",0.490561486996992,"Blastomere A"
"B1",0.493259149011738,"Blastomere A"
"B1",0.504672315954507,"Blastomere A"
"B1",0.491769428312536,"Blastomere A"
"B1",0.496762078038496,"Blastomere A"
"B1",0.498920538646636,"Blastomere A"
"B1",0.487972780147588,"Blastomere A"
"B1",0.496572480495389,"Blastomere A"
"B1",0.494565065032985,"Blastomere A"
"B1",0.487446036467024,"Blastomere A"
"B1",0.49626026612507,"Blastomere A"
"B1",0.503675172650576,"Blastomere A"
"B1",0.506616322273968,"Blastomere A"
"B1",0.495398518583817,"Blastomere A"
"B1",0.499257968302323,"Blastomere A"
"B1",0.499670520814908,"Blastomere A"
"B1",0.500342237265481,"Blastomere A"
"B1",0.499708996262974,"Blastomere A"
"B1",0.495634779877766,"Blastomere A"
"B1",0.501826100089326,"Blastomere A"
"B1",0.489483286090046,"Blastomere A"
"B1",0.489681248333755,"Blastomere A"
"B1",0.502370408513326,"Blastomere A"
"B1",0.500809047160911,"Blastomere A"
"B1",0.498137025462146,"Blastomere A"
"B1",0.496859844774822,"Blastomere A"
"B1",0.493314870843127,"Blastomere A"
"B1",0.500477415590411,"Blastomere A"
"B1",0.500354942548233,"Blastomere A"
"B1",0.495858345506909,"Blastomere A"
"B1",0.498269121402968,"Blastomere A"
"B2",0.503920523280878,"Blastomere B"
"B2",0.503448745572975,"Blastomere B"
"B2",0.501665544204071,"Blastomere B"
"B2",0.485945529307967,"Blastomere B"
"B2",0.499182125479397,"Blastomere B"
"B2",0.506498230387906,"Blastomere B"
"B2",0.506421746410973,"Blastomere B"
"B2",0.497045330052806,"Blastomere B"
"B2",0.497538910916606,"Blastomere B"
"B2",0.504656828748641,"Blastomere B"
"B2",0.501091506664629,"Blastomere B"
"B2",0.493890509642868,"Blastomere B"
"B2",0.501483416418092,"Blastomere B"
"B2",0.510909028937792,"Blastomere B"
"B2",0.501244310069733,"Blastomere B"
"B2",0.497403021897482,"Blastomere B"
"B2",0.491842459732879,"Blastomere B"
"B2",0.506667510515961,"Blastomere B"
"B2",0.503484952148604,"Blastomere B"
"B2",0.489846297845386,"Blastomere B"
"B2",0.501058283279254,"Blastomere B"
"B2",0.506165254713817,"Blastomere B"
"B2",0.506496339527076,"Blastomere B"
"B2",0.505455274280154,"Blastomere B"
"B2",0.515093499165617,"Blastomere B"
"B2",0.49303989995411,"Blastomere B"
"B2",0.501443867319598,"Blastomere B"
"B2",0.497868147184673,"Blastomere B"
"B2",0.492847343421514,"Blastomere B"
"B2",0.48774611002034,"Blastomere B"
"B2",0.482541634474364,"Blastomere B"
"B2",0.494955598618582,"Blastomere B"
"B2",0.491375181214261,"Blastomere B"
"B2",0.505173512387989,"Blastomere B"
"B2",0.502112893572273,"Blastomere B"
"B2",0.484649708323545,"Blastomere B"
"B2",0.49079930789628,"Blastomere B"
"B2",0.496208493400747,"Blastomere B"
"B2",0.483598305704373,"Blastomere B"
"B2",0.499499293256154,"Blastomere B"
"B2",0.495040296726361,"Blastomere B"
"B2",0.49912705008217,"Blastomere B"
"B2",0.489449544880941,"Blastomere B"
"B2",0.504205032529375,"Blastomere B"
"B2",0.490866788597974,"Blastomere B"
"B2",0.512130560848828,"Blastomere B"
"B2",0.503268327612917,"Blastomere B"
"B2",0.495650569566598,"Blastomere B"
"B2",0.50401471845497,"Blastomere B"
"B2",0.496131063372833,"Blastomere B"
"B2",0.493167330691868,"Blastomere B"
"B2",0.506900040449839,"Blastomere B"
"B2",0.491295869994579,"Blastomere B"
"B2",0.490805262999691,"Blastomere B"
"B2",0.505888930672741,"Blastomere B"
"B2",0.484986083361984,"Blastomere B"
"B2",0.496251929955946,"Blastomere B"
"B2",0.497973887071732,"Blastomere B"
"B2",0.496565814321477,"Blastomere B"
"B2",0.497690271659759,"Blastomere B"
"B2",0.501185340688451,"Blastomere B"
"B2",0.505605995264514,"Blastomere B"
"B2",0.49111768164456,"Blastomere B"
"B2",0.498843872197431,"Blastomere B"
"B2",0.50148187751992,"Blastomere B"
"B2",0.498948543286312,"Blastomere B"
"B2",0.504760388053095,"Blastomere B"
"B2",0.511482619444865,"Blastomere B"
"B2",0.499099383625083,"Blastomere B"
"B2",0.4931678090581,"Blastomere B"
"B2",0.509240227583374,"Blastomere B"
"B2",0.499132619828793,"Blastomere B"
"B2",0.495771834375972,"Blastomere B"
"B2",0.512429472636314,"Blastomere B"
"B2",0.504417442554716,"Blastomere B"
"B2",0.4907874934147,"Blastomere B"
"B2",0.484406683941438,"Blastomere B"
"B2",0.496206213600379,"Blastomere B"
"B2",0.495038985764907,"Blastomere B"
"B2",0.498318926155324,"Blastomere B"
"B2",0.498118835653226,"Blastomere B"
"B2",0.499730337590603,"Blastomere B"
"B2",0.5075438802443,"Blastomere B"
"B2",0.502698800258667,"Blastomere B"
"B2",0.49209537366409,"Blastomere B"
"B2",0.489899438988626,"Blastomere B"
"B2",0.497784855730146,"Blastomere B"
"B2",0.49176528633167,"Blastomere B"
"B2",0.501043286571424,"Blastomere B"
"B2",0.497006325289939,"Blastomere B"
"B2",0.504613427007927,"Blastomere B"
"B2",0.490294477661009,"Blastomere B"
"B2",0.499324413346938,"Blastomere B"
"B2",0.508854376232859,"Blastomere B"
"B2",0.496308808305187,"Blastomere B"
"B2",0.500065527735045,"Blastomere B"
"B2",0.503301985357201,"Blastomere B"
"B2",0.498593762625647,"Blastomere B"
"B2",0.503467459369175,"Blastomere B"
"B2",0.506020438572398,"Blastomere B"
"B2",0.501506989712309,"Blastomere B"
"B2",0.501858405939329,"Blastomere B"
"B2",0.503350127901783,"Blastomere B"
"B2",0.493424816840478,"Blastomere B"
"B2",0.498671104254875,"Blastomere B"
"B2",0.491226505418041,"Blastomere B"
"B2",0.504033597005226,"Blastomere B"
"B2",0.50409377130927,"Blastomere B"
"B2",0.497558751128045,"Blastomere B"
"B2",0.503969026062274,"Blastomere B"
"B2",0.496516756725672,"Blastomere B"
"B2",0.505408183517998,"Blastomere B"
"B2",0.501525800541441,"Blastomere B"
"B2",0.502028691444451,"Blastomere B"
"B2",0.496760758822996,"Blastomere B"
"B2",0.505858907025679,"Blastomere B"
"B2",0.49961864875553,"Blastomere B"
"B2",0.499029886437833,"Blastomere B"
"B2",0.484900558216899,"Blastomere B"
"B2",0.496299998245998,"Blastomere B"
"B2",0.492777992019916,"Blastomere B"
"B2",0.496638841307501,"Blastomere B"
"B2",0.500579716441229,"Blastomere B"
"B2",0.49451137293921,"Blastomere B"
"B2",0.501801927693487,"Blastomere B"
"B2",0.503433974153073,"Blastomere B"
"B2",0.501401732720214,"Blastomere B"
"B2",0.499778812985514,"Blastomere B"
"B2",0.501813508719329,"Blastomere B"
"B2",0.488324410349343,"Blastomere B"
"B2",0.500047642719644,"Blastomere B"
"B2",0.502829586802156,"Blastomere B"
"B2",0.491669091292205,"Blastomere B"
"B2",0.490500129505266,"Blastomere B"
"B2",0.503165280110485,"Blastomere B"
"B2",0.499076240946874,"Blastomere B"
"B2",0.508467077111863,"Blastomere B"
"B2",0.495913617366306,"Blastomere B"
"B2",0.512176250526976,"Blastomere B"
"B2",0.499598689842376,"Blastomere B"
"B2",0.48277643687808,"Blastomere B"
"B2",0.499005263621696,"Blastomere B"
"B2",0.503199158488422,"Blastomere B"
"B2",0.49076663824065,"Blastomere B"
"B2",0.49494085412836,"Blastomere B"
"B2",0.497761114981334,"Blastomere B"
"B2",0.498239038080131,"Blastomere B"
"B2",0.487032408174684,"Blastomere B"
"B2",0.490233394889969,"Blastomere B"
"B2",0.490981485042704,"Blastomere B"
"B2",0.489305275478103,"Blastomere B"
"B2",0.495857638433907,"Blastomere B"
"B2",0.504749729494731,"Blastomere B"
"B2",0.487211403871907,"Blastomere B"
"B2",0.498728768094335,"Blastomere B"
"B2",0.486613628796655,"Blastomere B"
"B2",0.49423843748796,"Blastomere B"
"B2",0.495289451205921,"Blastomere B"
"B2",0.499402018293264,"Blastomere B"
"B2",0.497681402448675,"Blastomere B"
"B2",0.500579887868824,"Blastomere B"
"B2",0.499059731761983,"Blastomere B"
"B2",0.498901481950436,"Blastomere B"
"B2",0.500291646427759,"Blastomere B"
"B2",0.483310328787116,"Blastomere B"
"B2",0.496217864792317,"Blastomere B"
"B2",0.496549575078897,"Blastomere B"
"B2",0.499616028753267,"Blastomere B"
"B2",0.498108307280186,"Blastomere B"
"B2",0.492086096041522,"Blastomere B"
"B2",0.496941271419611,"Blastomere B"
"B2",0.49794281438979,"Blastomere B"
"B2",0.506292564078391,"Blastomere B"
"B2",0.500078624342057,"Blastomere B"
"B2",0.498651551686797,"Blastomere B"
"B2",0.495753339900796,"Blastomere B"
"B2",0.505487484728745,"Blastomere B"
"B2",0.502604414560087,"Blastomere B"
"B2",0.498724254671915,"Blastomere B"
"B2",0.499749705796763,"Blastomere B"
"B2",0.502824230486608,"Blastomere B"
"B2",0.496407611700817,"Blastomere B"
"B2",0.492762739711579,"Blastomere B"
"B2",0.495520060004875,"Blastomere B"
"B2",0.499590236008996,"Blastomere B"
"B2",0.506495734617636,"Blastomere B"
"B2",0.501102294866459,"Blastomere B"
"B2",0.499404920967135,"Blastomere B"
"B2",0.505461550394056,"Blastomere B"
"B2",0.497223849601321,"Blastomere B"
"B2",0.489097893709499,"Blastomere B"
"B2",0.489649513670235,"Blastomere B"
"B2",0.476179910833368,"Blastomere B"
"B2",0.491990988039793,"Blastomere B"
"B2",0.495453610629361,"Blastomere B"
"B2",0.498505160125824,"Blastomere B"
"B2",0.489051262173042,"Blastomere B"
"B2",0.494696938879627,"Blastomere B"
"B2",0.504434873206113,"Blastomere B"
"B2",0.504931227384634,"Blastomere B"
"B2",0.494449712359085,"Blastomere B"
"B2",0.504626574922711,"Blastomere B"
"B2",0.498913404342884,"Blastomere B"
"B2",0.500441754612527,"Blastomere B"
"B2",0.50464634938066,"Blastomere B"
"B2",0.504226338933047,"Blastomere B"
"B2",0.502994539675554,"Blastomere B"
"B2",0.493505759593285,"Blastomere B"
"B2",0.489707378341507,"Blastomere B"
"B2",0.497820355957833,"Blastomere B"
"B2",0.505342717548599,"Blastomere B"
"B2",0.495702524848851,"Blastomere B"
"B2",0.503502507088915,"Blastomere B"
"B2",0.489888388129116,"Blastomere B"
"B2",0.512335118474111,"Blastomere B"
"B2",0.508831082602911,"Blastomere B"
"B2",0.496864614954063,"Blastomere B"
"B2",0.494585728781847,"Blastomere B"
"B2",0.501595844647671,"Blastomere B"
"B2",0.491842003299716,"Blastomere B"
"B2",0.501707586856661,"Blastomere B"
"B2",0.494617009695402,"Blastomere B"
"B2",0.496764285869368,"Blastomere B"
"B2",0.501619139421989,"Blastomere B"
"B2",0.488730467915686,"Blastomere B"
"B2",0.499087806903404,"Blastomere B"
"B2",0.503368583624488,"Blastomere B"
"B2",0.498078716684022,"Blastomere B"
"B2",0.510369838260133,"Blastomere B"
"B2",0.481454848867554,"Blastomere B"
"B2",0.48785343387356,"Blastomere B"
"B2",0.49405927571819,"Blastomere B"
"B2",0.497487977676828,"Blastomere B"
"B2",0.504945300690809,"Blastomere B"
"B2",0.481813441638222,"Blastomere B"
"B2",0.49029699939721,"Blastomere B"
"B2",0.509122337971452,"Blastomere B"
"B2",0.492271597430702,"Blastomere B"
"B2",0.494447763843107,"Blastomere B"
"B2",0.508457513512657,"Blastomere B"
"B2",0.5133380427835,"Blastomere B"
"B2",0.496313685397806,"Blastomere B"
"B2",0.491962467655969,"Blastomere B"
"B2",0.474705150500072,"Blastomere B"
"B2",0.502848864319475,"Blastomere B"
"B2",0.497853330345412,"Blastomere B"
"B2",0.489191497064923,"Blastomere B"
"B2",0.497270404567374,"Blastomere B"
"B2",0.502148265457056,"Blastomere B"
"B2",0.505993751842533,"Blastomere B"
"B2",0.498654700958252,"Blastomere B"
"B2",0.498614339263093,"Blastomere B"
"B2",0.490847515956302,"Blastomere B"
"B2",0.499802709441566,"Blastomere B"
"B2",0.501424183327952,"Blastomere B"
"B2",0.502576172161514,"Blastomere B"
"B2",0.495205825052955,"Blastomere B"
"B2",0.490257701532079,"Blastomere B"
"B2",0.492463518195287,"Blastomere B"
"B2",0.502119105871949,"Blastomere B"
"B2",0.488081231894386,"Blastomere B"
"B2",0.498376024542347,"Blastomere B"
"B2",0.494491807136974,"Blastomere B"
"B2",0.494165134947733,"Blastomere B"
"B2",0.500300398367368,"Blastomere B"
"B2",0.510555185021932,"Blastomere B"
"B2",0.499525446211895,"Blastomere B"
"B2",0.49676289940124,"Blastomere B"
"B2",0.490401687358242,"Blastomere B"
"B2",0.494503761438178,"Blastomere B"
"B2",0.500508540208153,"Blastomere B"
"B2",0.497060229629904,"Blastomere B"
"B2",0.493738751914319,"Blastomere B"
"B2",0.481391577524197,"Blastomere B"
"B2",0.50385288228626,"Blastomere B"
"B2",0.499513878414059,"Blastomere B"
"B2",0.498990885913185,"Blastomere B"
"B2",0.504306814490807,"Blastomere B"
"B2",0.514710095139982,"Blastomere B"
"B2",0.506375328659659,"Blastomere B"
"B2",0.497373199627855,"Blastomere B"
"B2",0.495637119497693,"Blastomere B"
"B2",0.501711395844633,"Blastomere B"
"B2",0.500369449118142,"Blastomere B"
"B2",0.500483284283107,"Blastomere B"
"B2",0.498434676125932,"Blastomere B"
"B2",0.501278845929653,"Blastomere B"
"B2",0.502704860477011,"Blastomere B"
"B2",0.499204722070608,"Blastomere B"
"B2",0.505666577753021,"Blastomere B"
"B2",0.505242355511191,"Blastomere B"
"B2",0.50117516332049,"Blastomere B"
"B2",0.499939289774663,"Blastomere B"
"B2",0.495996128835231,"Blastomere B"
"B2",0.496264930082994,"Blastomere B"
"B2",0.506033371686182,"Blastomere B"
"B2",0.505869340107811,"Blastomere B"
"B2",0.495996627883174,"Blastomere B"
"B2",0.509052903015601,"Blastomere B"
"B2",0.499966125714146,"Blastomere B"
"B2",0.492879979844001,"Blastomere B"
"B2",0.503730672583907,"Blastomere B"
"B2",0.488198076347818,"Blastomere B"
"B2",0.502342103554216,"Blastomere B"
"B2",0.505508251445955,"Blastomere B"
"B2",0.498442772316846,"Blastomere B"
"B2",0.503685540426871,"Blastomere B"
"B2",0.5018734488414,"Blastomere B"
"B2",0.490910952936339,"Blastomere B"
"B2",0.50005778009355,"Blastomere B"
"B2",0.498251036641158,"Blastomere B"
"B2",0.507507145621298,"Blastomere B"
"B2",0.4983544868374,"Blastomere B"
"B2",0.498040211353897,"Blastomere B"
"B2",0.500093814922008,"Blastomere B"
"B2",0.49098958522783,"Blastomere B"
"B2",0.502181873924147,"Blastomere B"
"B2",0.495617351449262,"Blastomere B"
"B2",0.500075748454586,"Blastomere B"
"B2",0.495841152596817,"Blastomere B"
"B2",0.504996931506369,"Blastomere B"
"B2",0.50547091483558,"Blastomere B"
"B2",0.492161716550795,"Blastomere B"
"B2",0.497261506148819,"Blastomere B"
"B2",0.504981003580961,"Blastomere B"
"B2",0.510695098818227,"Blastomere B"
"B2",0.498743160676534,"Blastomere B"
"B2",0.492500265715613,"Blastomere B"
"B2",0.499297926962525,"Blastomere B"
"B2",0.491391117335798,"Blastomere B"
"B2",0.491529465213163,"Blastomere B"
"B2",0.511111454949622,"Blastomere B"
"B2",0.502182592719455,"Blastomere B"
"B2",0.497896630171001,"Blastomere B"
"B2",0.507479876968968,"Blastomere B"
"B2",0.493926412000609,"Blastomere B"
"B2",0.503579973015084,"Blastomere B"
"B2",0.497088221043802,"Blastomere B"
"B2",0.503135485992192,"Blastomere B"
"B2",0.494445699925936,"Blastomere B"
"B2",0.494453928708663,"Blastomere B"
"B2",0.495943086332713,"Blastomere B"
"B2",0.501683986797379,"Blastomere B"
"B2",0.495698735602311,"Blastomere B"
"B2",0.503846194343191,"Blastomere B"
"B2",0.509856659187142,"Blastomere B"
"B2",0.505039274853258,"Blastomere B"
"B2",0.499363706438187,"Blastomere B"
"B2",0.494217583328213,"Blastomere B"
"B2",0.500993812296071,"Blastomere B"
"B2",0.502520586858389,"Blastomere B"
"B2",0.494633092980086,"Blastomere B"
"B2",0.494489927760547,"Blastomere B"
"B2",0.49543619664949,"Blastomere B"
"B2",0.503117771569209,"Blastomere B"
"B2",0.501605648934889,"Blastomere B"
"B2",0.494586439843106,"Blastomere B"
"B2",0.499057409927221,"Blastomere B"
"B2",0.497730136525433,"Blastomere B"
"B2",0.485612455005006,"Blastomere B"
"B2",0.505224083990233,"Blastomere B"
"B2",0.498886026838644,"Blastomere B"
"B2",0.488112539726775,"Blastomere B"
"B2",0.494042390238935,"Blastomere B"
"B2",0.496198599186376,"Blastomere B"
"B2",0.499007377038289,"Blastomere B"
"B2",0.497747044894537,"Blastomere B"
"B2",0.489460531345021,"Blastomere B"
"B2",0.489111324474085,"Blastomere B"
"B2",0.496994233807657,"Blastomere B"
"B2",0.487466464684419,"Blastomere B"
"B2",0.493550727488607,"Blastomere B"
"B2",0.508397387548447,"Blastomere B"
"B2",0.494569623091261,"Blastomere B"
"B2",0.515493737034103,"Blastomere B"
"B2",0.50903896419691,"Blastomere B"
"B2",0.484646192178609,"Blastomere B"
"B2",0.50215403631977,"Blastomere B"
"B2",0.507250228889149,"Blastomere B"
"B2",0.495681836429259,"Blastomere B"
"B2",0.50202557242096,"Blastomere B"
"B2",0.485579481686332,"Blastomere B"
"B2",0.491634329232834,"Blastomere B"
"B2",0.502436782369797,"Blastomere B"
"B2",0.508650332447637,"Blastomere B"
"B2",0.491163037183207,"Blastomere B"
"B2",0.496061693151135,"Blastomere B"
"B2",0.49641155555259,"Blastomere B"
"B2",0.493110596289113,"Blastomere B"
"B2",0.49107593548554,"Blastomere B"
"B2",0.492577759540751,"Blastomere B"
"B2",0.501038697237812,"Blastomere B"
"B2",0.493529999190065,"Blastomere B"
"B2",0.490117080393855,"Blastomere B"
"B2",0.495423114657887,"Blastomere B"
"B2",0.494942958386907,"Blastomere B"
"B2",0.498959096518766,"Blastomere B"
"B2",0.487954561053801,"Blastomere B"
"B2",0.505720807670777,"Blastomere B"
"B2",0.487393253900265,"Blastomere B"
"B2",0.503615062773265,"Blastomere B"
"B2",0.496896072107467,"Blastomere B"
"B2",0.502496739779112,"Blastomere B"
"B2",0.505053887065603,"Blastomere B"
"B2",0.494359948006222,"Blastomere B"
"B2",0.493641570354012,"Blastomere B"
"B2",0.497304600426688,"Blastomere B"
"B2",0.507350423880459,"Blastomere B"
"B2",0.498814800828618,"Blastomere B"
"B2",0.496570545886236,"Blastomere B"
"B2",0.491792160641927,"Blastomere B"
"B2",0.505847209354167,"Blastomere B"
"B2",0.492397037214818,"Blastomere B"
"B2",0.494240677744945,"Blastomere B"
"B2",0.498930908914865,"Blastomere B"
"B2",0.509222776106612,"Blastomere B"
"B2",0.498144358698736,"Blastomere B"
"B2",0.494093817095304,"Blastomere B"
"B2",0.494784239005428,"Blastomere B"
"B2",0.494633127333559,"Blastomere B"
"B2",0.504051891873135,"Blastomere B"
"B2",0.501291489541017,"Blastomere B"
"B2",0.493562647604956,"Blastomere B"
"B2",0.498381941338906,"Blastomere B"
"B2",0.500656137419134,"Blastomere B"
"B2",0.498396633468688,"Blastomere B"
"B2",0.502510567479997,"Blastomere B"
"B2",0.500665371537525,"Blastomere B"
"B2",0.488850966210222,"Blastomere B"
"B2",0.485879408081072,"Blastomere B"
"B2",0.490790314079061,"Blastomere B"
"B2",0.504293425635353,"Blastomere B"
"B2",0.494156161473058,"Blastomere B"
"B2",0.497170741917959,"Blastomere B"
"B2",0.500820555530561,"Blastomere B"
"B2",0.50274264219088,"Blastomere B"
"B2",0.489069479406841,"Blastomere B"
"B2",0.497588957177346,"Blastomere B"
"B2",0.488344641956403,"Blastomere B"
"B2",0.490711365642743,"Blastomere B"
"B2",0.504731893386821,"Blastomere B"
"B2",0.479925467802654,"Blastomere B"
"B2",0.490213794252995,"Blastomere B"
"B2",0.488248445898157,"Blastomere B"
"B2",0.493090800110849,"Blastomere B"
"B2",0.496172412867219,"Blastomere B"
"B2",0.510558201086935,"Blastomere B"
"B2",0.49440287407383,"Blastomere B"
"B2",0.502464037948723,"Blastomere B"
"B2",0.489661256794383,"Blastomere B"
"B2",0.50507374202316,"Blastomere B"
"B2",0.496392312469109,"Blastomere B"
"B2",0.505947719502165,"Blastomere B"
"B2",0.492868983327315,"Blastomere B"
"B2",0.503516249499297,"Blastomere B"
"B2",0.495256991537662,"Blastomere B"
"B2",0.496199160612966,"Blastomere B"
"B2",0.491830191027978,"Blastomere B"
"B2",0.50544973662856,"Blastomere B"
"B2",0.521772125512483,"Blastomere B"
"B2",0.497879279002404,"Blastomere B"
"B2",0.496772339955333,"Blastomere B"
"B2",0.506584372058225,"Blastomere B"
"B2",0.495789445440657,"Blastomere B"
"B2",0.492495067251981,"Blastomere B"
"B2",0.492620003506174,"Blastomere B"
"B2",0.499758408164087,"Blastomere B"
"B2",0.495326565041651,"Blastomere B"
"B2",0.496031373630283,"Blastomere B"
"B2",0.499283403926442,"Blastomere B"
"B2",0.494333157611075,"Blastomere B"
"B2",0.496994471640465,"Blastomere B"
"B2",0.502660975858777,"Blastomere B"
"B2",0.492255047365765,"Blastomere B"
"B2",0.493928835837996,"Blastomere B"
"B2",0.487543993382674,"Blastomere B"
"B2",0.491654376889314,"Blastomere B"
"B2",0.495951019847135,"Blastomere B"
"B2",0.498841106320106,"Blastomere B"
"B2",0.500551282165299,"Blastomere B"
"B2",0.496901855783965,"Blastomere B"
"B2",0.501132904156607,"Blastomere B"
"B2",0.504781473395887,"Blastomere B"
"B2",0.48902506466308,"Blastomere B"
"B2",0.507363184394799,"Blastomere B"
"B2",0.497731760413929,"Blastomere B"
"B2",0.497186871092726,"Blastomere B"
"B2",0.496112453241622,"Blastomere B"
"B2",0.497903541496586,"Blastomere B"
"B2",0.49361502721426,"Blastomere B"
"B2",0.494113998403704,"Blastomere B"
"B2",0.501069604534132,"Blastomere B"
"B2",0.485693447374763,"Blastomere B"
"B2",0.487172375720891,"Blastomere B"
"B2",0.506708046889631,"Blastomere B"
"B2",0.489858431179353,"Blastomere B"
"B2",0.490820974460026,"Blastomere B"
"B2",0.503397552639838,"Blastomere B"
"B2",0.509588695631625,"Blastomere B"
"B2",0.501217738731566,"Blastomere B"
"B2",0.505932152820901,"Blastomere B"
"B2",0.500174039113296,"Blastomere B"
"B2",0.500722504611661,"Blastomere B"
"B2",0.494174365539963,"Blastomere B"
"B2",0.496424827423558,"Blastomere B"
"B2",0.495492368595248,"Blastomere B"
"B2",0.506032861002348,"Blastomere B"
"B2",0.496730399941581,"Blastomere B"
"B2",0.496503669606493,"Blastomere B"
"B2",0.511716101824684,"Blastomere B"
"B2",0.504202532863036,"Blastomere B"
"B2",0.500534660287075,"Blastomere B"
"B2",0.503787225656365,"Blastomere B"
"B2",0.499267614613653,"Blastomere B"
"B2",0.482722991200011,"Blastomere B"
"B2",0.503244518824447,"Blastomere B"
"B2",0.497424202829072,"Blastomere B"
"B2",0.50983136852562,"Blastomere B"
"B2",0.498744770905346,"Blastomere B"
"B2",0.497343027221808,"Blastomere B"
"B2",0.491710338985841,"Blastomere B"
"B2",0.495078269850488,"Blastomere B"
"B2",0.501311035414507,"Blastomere B"
"B2",0.499142939074301,"Blastomere B"
"B2",0.501098037388219,"Blastomere B"
"B2",0.494983628316249,"Blastomere B"
"B2",0.499895420490517,"Blastomere B"
"B2",0.486203707067278,"Blastomere B"
"B2",0.503235868203046,"Blastomere B"
"B2",0.500898978007734,"Blastomere B"
"B2",0.493137429140919,"Blastomere B"
"B2",0.509437933732861,"Blastomere B"
"B2",0.489997592652709,"Blastomere B"
"B2",0.498228144339526,"Blastomere B"
"B2",0.495237013115673,"Blastomere B"
"B2",0.504607401322792,"Blastomere B"
"B2",0.502375530572479,"Blastomere B"
"B2",0.496711115281831,"Blastomere B"
"B2",0.486653925157498,"Blastomere B"
"B2",0.507701360470564,"Blastomere B"
"B2",0.490053573248771,"Blastomere B"
"B2",0.504310761015869,"Blastomere B"
"B2",0.496271398087526,"Blastomere B"
"B2",0.487500034384546,"Blastomere B"
"B2",0.508420668751277,"Blastomere B"
"B2",0.508309998607833,"Blastomere B"
"B2",0.497359986243325,"Blastomere B"
"B2",0.509892491395343,"Blastomere B"
"B2",0.492275126190918,"Blastomere B"
"B2",0.503422847598261,"Blastomere B"
"B2",0.49095276055031,"Blastomere B"
"B2",0.490685441827318,"Blastomere B"
"B2",0.50346254126658,"Blastomere B"
"B2",0.505142273533618,"Blastomere B"
"B2",0.489301468910259,"Blastomere B"
"B2",0.498170588036437,"Blastomere B"
"B2",0.501262626767291,"Blastomere B"
"B2",0.503071068994517,"Blastomere B"
"B2",0.495715998917781,"Blastomere B"
"B2",0.496498303469086,"Blastomere B"
"B2",0.509980837190717,"Blastomere B"
"B2",0.498952076606906,"Blastomere B"
"B2",0.510596410417885,"Blastomere B"
"B2",0.499128881002353,"Blastomere B"
"B2",0.494753460960514,"Blastomere B"
"B2",0.496945467682539,"Blastomere B"
"B2",0.494045987231568,"Blastomere B"
"B2",0.495501061262042,"Blastomere B"
"B2",0.509546047386448,"Blastomere B"
"B2",0.50773742269936,"Blastomere B"
"B2",0.493107954385988,"Blastomere B"
"B2",0.502402313228045,"Blastomere B"
"B2",0.499323313331207,"Blastomere B"
"B2",0.492950035157965,"Blastomere B"
"B2",0.505891588028341,"Blastomere B"
"B2",0.493000027060031,"Blastomere B"
"B2",0.502647042419982,"Blastomere B"
"B2",0.498752603081643,"Blastomere B"
"B2",0.506729497874112,"Blastomere B"
"B2",0.504238252610109,"Blastomere B"
"B2",0.502962439297881,"Blastomere B"
"B2",0.485064579916601,"Blastomere B"
"B2",0.488087985002141,"Blastomere B"
"B2",0.496183443027052,"Blastomere B"
"B2",0.496124259835111,"Blastomere B"
"B2",0.494590072937928,"Blastomere B"
"B2",0.48661067548327,"Blastomere B"
"B2",0.487256325752381,"Blastomere B"
"B2",0.494607443254017,"Blastomere B"
"B2",0.503784725503309,"Blastomere B"
"B2",0.508560609045325,"Blastomere B"
"B2",0.498249991177579,"Blastomere B"
"B2",0.498913751861915,"Blastomere B"
"B2",0.496703596809496,"Blastomere B"
"B2",0.503200656824632,"Blastomere B"
"B2",0.492123774404257,"Blastomere B"
"B2",0.50604236348061,"Blastomere B"
"B2",0.497246514319446,"Blastomere B"
"B2",0.49475159197395,"Blastomere B"
"B2",0.492886635424524,"Blastomere B"
"B2",0.509897331969749,"Blastomere B"
"B2",0.492875082256031,"Blastomere B"
"B2",0.495344235692237,"Blastomere B"
"B2",0.494527336156674,"Blastomere B"
"B2",0.486913407115231,"Blastomere B"
"B2",0.500289455485033,"Blastomere B"
"B2",0.495492847077083,"Blastomere B"
"B2",0.493648511811987,"Blastomere B"
"B2",0.491108979556977,"Blastomere B"
"B2",0.507391873783191,"Blastomere B"
"B2",0.496069614265631,"Blastomere B"
"B2",0.491595908652315,"Blastomere B"
"B2",0.498331440862109,"Blastomere B"
"B2",0.506411203976123,"Blastomere B"
"B2",0.49578767971939,"Blastomere B"
"B2",0.500151326611553,"Blastomere B"
"B2",0.491407324444428,"Blastomere B"
"B2",0.506941830865818,"Blastomere B"
"B2",0.502738626551663,"Blastomere B"
"B2",0.492001211409027,"Blastomere B"
"B2",0.503800197355366,"Blastomere B"
"B2",0.501120954080587,"Blastomere B"
"B2",0.489380233962455,"Blastomere B"
"B2",0.501787643405222,"Blastomere B"
"B2",0.495262494706523,"Blastomere B"
"B2",0.500262002945162,"Blastomere B"
"B2",0.486411477091528,"Blastomere B"
"B2",0.506406931822858,"Blastomere B"
"B2",0.494512795146123,"Blastomere B"
"B2",0.503315653970008,"Blastomere B"
"B2",0.5123673430326,"Blastomere B"
"B2",0.497690870030074,"Blastomere B"
"B2",0.487878416492795,"Blastomere B"
"B2",0.487527316705043,"Blastomere B"
"B2",0.495906722698052,"Blastomere B"
"B2",0.504173529808654,"Blastomere B"
"B2",0.494908325433138,"Blastomere B"
"B2",0.480654146416026,"Blastomere B"
"B2",0.492509984668468,"Blastomere B"
"B2",0.493609399450823,"Blastomere B"
"B2",0.510509328431308,"Blastomere B"
"B2",0.509306291395644,"Blastomere B"
"B2",0.50228917923396,"Blastomere B"
"B2",0.50268704275522,"Blastomere B"
"B2",0.503159232435765,"Blastomere B"
"B2",0.500517861440855,"Blastomere B"
"B2",0.509399837424629,"Blastomere B"
"B2",0.502625280218435,"Blastomere B"
"B2",0.48212997032243,"Blastomere B"
"B2",0.494667830441704,"Blastomere B"
"B2",0.49245387003491,"Blastomere B"
"B2",0.499545190646204,"Blastomere B"
"B2",0.490400382297715,"Blastomere B"
"B2",0.504479851105952,"Blastomere B"
"B2",0.481268372985328,"Blastomere B"
"B2",0.497852668651283,"Blastomere B"
"B2",0.495282955183938,"Blastomere B"
"B2",0.504427496304414,"Blastomere B"
"B2",0.497108320068614,"Blastomere B"
"B2",0.493607970301652,"Blastomere B"
"B2",0.488310544914363,"Blastomere B"
"B2",0.49458150522143,"Blastomere B"
"B2",0.48916327397326,"Blastomere B"
"B2",0.505960037835151,"Blastomere B"
"B2",0.503260069946377,"Blastomere B"
"B2",0.498670980168548,"Blastomere B"
"B2",0.499856608552016,"Blastomere B"
"B2",0.495946084882,"Blastomere B"
"B2",0.49592183811287,"Blastomere B"
"B2",0.491643496051826,"Blastomere B"
"B2",0.500426500440854,"Blastomere B"
"B2",0.500865877630182,"Blastomere B"
"B2",0.487218478737741,"Blastomere B"
"B2",0.500820505462384,"Blastomere B"
"B2",0.495855866016749,"Blastomere B"
"B2",0.494534126156658,"Blastomere B"
"B2",0.502056919886829,"Blastomere B"
"B2",0.503016004727149,"Blastomere B"
"B2",0.489800131445618,"Blastomere B"
"B2",0.49544227837823,"Blastomere B"
"B2",0.499484164226497,"Blastomere B"
"B2",0.509685101580309,"Blastomere B"
"B2",0.491112909821903,"Blastomere B"
"B2",0.491355793764926,"Blastomere B"
"B2",0.497658697589828,"Blastomere B"
"B2",0.503687906537916,"Blastomere B"
"B2",0.491850794226131,"Blastomere B"
"B2",0.490720613914131,"Blastomere B"
"B2",0.49963571380193,"Blastomere B"
"B2",0.498059384608971,"Blastomere B"
"B2",0.500732914969412,"Blastomere B"
"B2",0.499949378366204,"Blastomere B"
"B2",0.49854143433053,"Blastomere B"
"B2",0.493680391459796,"Blastomere B"
"B2",0.49631603328433,"Blastomere B"
"B2",0.503534544872134,"Blastomere B"
"B2",0.510472202379266,"Blastomere B"
"B2",0.491897773028505,"Blastomere B"
"B2",0.502665734224522,"Blastomere B"
"B2",0.500514616939008,"Blastomere B"
"B2",0.493604893415709,"Blastomere B"
"B2",0.485043345701791,"Blastomere B"
"B2",0.498270012107533,"Blastomere B"
"B2",0.511749730893367,"Blastomere B"
"B2",0.508571315512842,"Blastomere B"
"B2",0.499795503984197,"Blastomere B"
"B2",0.492373992271745,"Blastomere B"
"B2",0.503743111673194,"Blastomere B"
"B2",0.495606959188039,"Blastomere B"
"B2",0.511641804892802,"Blastomere B"
"B2",0.482224156902595,"Blastomere B"
"B2",0.510530936793001,"Blastomere B"
"B2",0.495718626891412,"Blastomere B"
"B2",0.504179819179346,"Blastomere B"
"B2",0.514488313320274,"Blastomere B"
"B2",0.506518238391918,"Blastomere B"
"B2",0.492301835972963,"Blastomere B"
"B2",0.503745472374275,"Blastomere B"
"B2",0.504923500798201,"Blastomere B"
"B2",0.499204632233346,"Blastomere B"
"B2",0.500618359611008,"Blastomere B"
"B2",0.492617034588957,"Blastomere B"
"B2",0.492550246785808,"Blastomere B"
"B2",0.49301593863017,"Blastomere B"
"B2",0.498300902695456,"Blastomere B"
"B2",0.499674051999961,"Blastomere B"
"B2",0.497518491822153,"Blastomere B"
"B2",0.496535561851512,"Blastomere B"
"B2",0.504911172195627,"Blastomere B"
"B2",0.494941438853357,"Blastomere B"
"B2",0.511559107395518,"Blastomere B"
"B2",0.494662731129657,"Blastomere B"
"B2",0.493769743831915,"Blastomere B"
"B2",0.505256548089733,"Blastomere B"
"B2",0.501360106358299,"Blastomere B"
"B2",0.495681459174675,"Blastomere B"
"B2",0.509338047082046,"Blastomere B"
"B2",0.498530520487894,"Blastomere B"
"B2",0.495109755530285,"Blastomere B"
"B2",0.491908654089912,"Blastomere B"
"B2",0.493112691477457,"Blastomere B"
"B2",0.491067804426457,"Blastomere B"
"B2",0.502979348788124,"Blastomere B"
"B2",0.501436018188335,"Blastomere B"
"B2",0.499012352053078,"Blastomere B"
"B2",0.494450425236482,"Blastomere B"
"B2",0.488385002950583,"Blastomere B"
"B2",0.487956832370702,"Blastomere B"
"B2",0.494921655755125,"Blastomere B"
"B2",0.495268681680521,"Blastomere B"
"B2",0.502255666984687,"Blastomere B"
"B2",0.488282578736999,"Blastomere B"
"B2",0.501433781214227,"Blastomere B"
"B2",0.499273165729136,"Blastomere B"
"B2",0.487937522043673,"Blastomere B"
"B2",0.503601816617647,"Blastomere B"
"B2",0.50269056796801,"Blastomere B"
"B2",0.505681669701781,"Blastomere B"
"B2",0.501778846265802,"Blastomere B"
"B2",0.483819995274612,"Blastomere B"
"B2",0.49798735799314,"Blastomere B"
"B2",0.509199585638437,"Blastomere B"
"B2",0.494521175973232,"Blastomere B"
"B2",0.506052155048131,"Blastomere B"
"B2",0.490092046781962,"Blastomere B"
"B2",0.491405591282346,"Blastomere B"
"B2",0.496442326713112,"Blastomere B"
"B2",0.493774457788407,"Blastomere B"
"B2",0.499972594173903,"Blastomere B"
"B2",0.493265309367675,"Blastomere B"
"B2",0.504748281514681,"Blastomere B"
"B2",0.50175671271677,"Blastomere B"
"B2",0.482116965434795,"Blastomere B"
"B2",0.500060707725234,"Blastomere B"
"B2",0.510972992892541,"Blastomere B"
"B2",0.498311385517998,"Blastomere B"
"B2",0.501624655252228,"Blastomere B"
"B2",0.495978286776022,"Blastomere B"
"B2",0.492668695107467,"Blastomere B"
"B2",0.499173618543247,"Blastomere B"
"B2",0.482127323306121,"Blastomere B"
"B2",0.504147172451374,"Blastomere B"
"B2",0.502840473411597,"Blastomere B"
"B2",0.483701390867878,"Blastomere B"
"B2",0.499597153091469,"Blastomere B"
"B2",0.493180391656603,"Blastomere B"
"B2",0.50068203454275,"Blastomere B"
"B2",0.493453429027622,"Blastomere B"
"B2",0.50068017322257,"Blastomere B"
"B2",0.496779456997608,"Blastomere B"
"B2",0.497712397232044,"Blastomere B"
"B2",0.496377683016473,"Blastomere B"
"B2",0.508370073220546,"Blastomere B"
"B2",0.495594503562431,"Blastomere B"
"B2",0.482466104434863,"Blastomere B"
"B2",0.505006465691945,"Blastomere B"
"B2",0.505326110490909,"Blastomere B"
"B2",0.491203286260504,"Blastomere B"
"B2",0.510542333228718,"Blastomere B"
"B2",0.495820313014355,"Blastomere B"
"B2",0.493953219227216,"Blastomere B"
"B2",0.503165365235207,"Blastomere B"
"B2",0.50544666845405,"Blastomere B"
"B2",0.500257344302334,"Blastomere B"
"B2",0.496853074929136,"Blastomere B"
"B2",0.493747647959087,"Blastomere B"
"B2",0.490233655436583,"Blastomere B"
"B2",0.488217671944211,"Blastomere B"
"B2",0.495520705983327,"Blastomere B"
"B2",0.511033090240504,"Blastomere B"
"B2",0.500144156106029,"Blastomere B"
"B2",0.494168568781054,"Blastomere B"
"B2",0.503878982539778,"Blastomere B"
"B2",0.500083148679038,"Blastomere B"
"B2",0.496512396228891,"Blastomere B"
"B2",0.48783082534624,"Blastomere B"
"B2",0.512122647611211,"Blastomere B"
"B2",0.502358941548316,"Blastomere B"
"B2",0.503271527702723,"Blastomere B"
"B2",0.508139320997933,"Blastomere B"
"B2",0.495517924865672,"Blastomere B"
"B2",0.501608810805488,"Blastomere B"
"B2",0.49917651445002,"Blastomere B"
"B2",0.492011313418084,"Blastomere B"
"B2",0.50087583321056,"Blastomere B"
"B2",0.504243720738783,"Blastomere B"
"B2",0.499573088895639,"Blastomere B"
"B2",0.495246776310795,"Blastomere B"
"B2",0.503396291587093,"Blastomere B"
"B2",0.504809797947824,"Blastomere B"
"B2",0.501206547163076,"Blastomere B"
"B2",0.503058061589334,"Blastomere B"
"B2",0.499276171870518,"Blastomere B"
"B2",0.497629069855946,"Blastomere B"
"B2",0.50755073394605,"Blastomere B"
"B2",0.494329660317363,"Blastomere B"
"B2",0.499737005959581,"Blastomere B"
"B2",0.502121662209196,"Blastomere B"
"B2",0.494410320013701,"Blastomere B"
"B2",0.490341987229823,"Blastomere B"
"B2",0.48815056908092,"Blastomere B"
"B2",0.494828228630662,"Blastomere B"
"B2",0.496956685385941,"Blastomere B"
"B2",0.502142012616725,"Blastomere B"
"B2",0.512762329848181,"Blastomere B"
"B2",0.49620549300336,"Blastomere B"
"B2",0.498738181192655,"Blastomere B"
"B2",0.497513468989981,"Blastomere B"
"B2",0.503837863807318,"Blastomere B"
"B2",0.498074950124313,"Blastomere B"
"B2",0.502069128209579,"Blastomere B"
"B2",0.498934852279019,"Blastomere B"
"B2",0.501562907753707,"Blastomere B"
"B2",0.497880318485284,"Blastomere B"
"B2",0.495456586886058,"Blastomere B"
"B2",0.488179661280906,"Blastomere B"
"B2",0.50570822798595,"Blastomere B"
"B2",0.498427268519895,"Blastomere B"
"B2",0.504565022054579,"Blastomere B"
"B2",0.49671532534362,"Blastomere B"
"B2",0.505827753297079,"Blastomere B"
"B2",0.49972491957396,"Blastomere B"
"B2",0.501106161113567,"Blastomere B"
"B2",0.501451836394283,"Blastomere B"
"B2",0.494034683126922,"Blastomere B"
"B2",0.49449314861598,"Blastomere B"
"B2",0.512746797994536,"Blastomere B"
"B2",0.49271017390245,"Blastomere B"
"B2",0.49964761991451,"Blastomere B"
"B2",0.504546816607223,"Blastomere B"
"B2",0.498404230002279,"Blastomere B"
"B2",0.493211858908007,"Blastomere B"
"B2",0.500254153757423,"Blastomere B"
"B2",0.501991545868551,"Blastomere B"
"B2",0.493497733962798,"Blastomere B"
"B2",0.501236428554059,"Blastomere B"
"B2",0.491283981381509,"Blastomere B"
"B2",0.497984653752613,"Blastomere B"
"B2",0.493001510455416,"Blastomere B"
"B2",0.492733953580842,"Blastomere B"
"B2",0.493277399931132,"Blastomere B"
"B2",0.498958535023739,"Blastomere B"
"B2",0.483813153234233,"Blastomere B"
"B2",0.490435873407039,"Blastomere B"
"B2",0.493735531333503,"Blastomere B"
"B2",0.498447446164209,"Blastomere B"
"B2",0.49975655680264,"Blastomere B"
"B2",0.504166268218007,"Blastomere B"
"B2",0.500722252505843,"Blastomere B"
"B2",0.494004384659863,"Blastomere B"
"B2",0.493476607298667,"Blastomere B"
"B2",0.492202753779297,"Blastomere B"
"B2",0.504385375879047,"Blastomere B"
"B2",0.495592631336948,"Blastomere B"
"B2",0.487395936996587,"Blastomere B"
"B2",0.503839230340818,"Blastomere B"
"B2",0.49011682797175,"Blastomere B"
"B2",0.502051332996306,"Blastomere B"
"B2",0.487222003212815,"Blastomere B"
"B2",0.50242125158113,"Blastomere B"
"B2",0.494051296516268,"Blastomere B"
"B2",0.499643233393276,"Blastomere B"
"B2",0.485630247748301,"Blastomere B"
"B2",0.503435486977283,"Blastomere B"
"B2",0.480154261837822,"Blastomere B"
"B2",0.50571826747793,"Blastomere B"
"B2",0.492512440522283,"Blastomere B"
"B2",0.492707275975353,"Blastomere B"
"B2",0.498699602079069,"Blastomere B"
"B2",0.497141346436206,"Blastomere B"
"B2",0.501323635063707,"Blastomere B"
"B2",0.499177819404783,"Blastomere B"
"B2",0.495154679141964,"Blastomere B"
"B2",0.497297900568345,"Blastomere B"
"B2",0.509970097527346,"Blastomere B"
"B2",0.514454419305645,"Blastomere B"
"B2",0.504457283489094,"Blastomere B"
"B2",0.495123045349209,"Blastomere B"
"B2",0.493431922362518,"Blastomere B"
"B2",0.504415339490122,"Blastomere B"
"B2",0.50308234557102,"Blastomere B"
"B2",0.505859207387109,"Blastomere B"
"B2",0.493983884338526,"Blastomere B"
"B2",0.501730354757909,"Blastomere B"
"B2",0.489912496369366,"Blastomere B"
"B2",0.512409242498906,"Blastomere B"
"B2",0.496120485304629,"Blastomere B"
"B2",0.500541452236137,"Blastomere B"
"B2",0.507564475293375,"Blastomere B"
"B2",0.47515046408269,"Blastomere B"
"B2",0.50744703113799,"Blastomere B"
"B2",0.491708638214833,"Blastomere B"
"B2",0.501648410287153,"Blastomere B"
"B2",0.494526365112701,"Blastomere B"
"B2",0.505950623307258,"Blastomere B"
"B2",0.505133401805622,"Blastomere B"
"B2",0.492375407052164,"Blastomere B"
"B2",0.500940642715736,"Blastomere B"
"B2",0.510717017713268,"Blastomere B"
"B2",0.50171288627691,"Blastomere B"
"B2",0.501756395032935,"Blastomere B"
"B2",0.504183836826806,"Blastomere B"
"B2",0.502003139361455,"Blastomere B"
"B2",0.501353493202572,"Blastomere B"
"B2",0.499845593368296,"Blastomere B"
"B2",0.488969035068635,"Blastomere B"
"B2",0.506344993585045,"Blastomere B"
"B2",0.494673045152193,"Blastomere B"
"B2",0.509546840338318,"Blastomere B"
"B2",0.479153190413283,"Blastomere B"
"B2",0.491400215977787,"Blastomere B"
"B2",0.500673396852864,"Blastomere B"
"B2",0.504335058693054,"Blastomere B"
"B2",0.507706036987777,"Blastomere B"
"B2",0.50273152625002,"Blastomere B"
"B2",0.510215333842962,"Blastomere B"
"B2",0.494100791245349,"Blastomere B"
"B2",0.506655948239573,"Blastomere B"
"B2",0.492923827758973,"Blastomere B"
"B2",0.479196129713515,"Blastomere B"
"B2",0.495128876486349,"Blastomere B"
"B2",0.505621569532806,"Blastomere B"
"B2",0.514897138254873,"Blastomere B"
"B2",0.488810718749187,"Blastomere B"
"B2",0.484664647449637,"Blastomere B"
"B2",0.494929864165472,"Blastomere B"
"B2",0.499631212041385,"Blastomere B"
"B2",0.506041808622167,"Blastomere B"
"B2",0.474738473491472,"Blastomere B"
"B2",0.489712657634216,"Blastomere B"
"B2",0.500831828122314,"Blastomere B"
"B2",0.509610847771527,"Blastomere B"
"B2",0.499011388966748,"Blastomere B"
"B2",0.498540683294362,"Blastomere B"
"B2",0.492442892719507,"Blastomere B"
"B2",0.498087307447079,"Blastomere B"
"B2",0.497091672108514,"Blastomere B"
"B2",0.493769179680794,"Blastomere B"
"B2",0.508761830203652,"Blastomere B"
"B2",0.495576558455069,"Blastomere B"
"B2",0.496583279685292,"Blastomere B"
"B2",0.49814897920179,"Blastomere B"
"B2",0.49367336898082,"Blastomere B"
"B2",0.483319265582108,"Blastomere B"
"B2",0.499367922735487,"Blastomere B"
"B2",0.505536364356565,"Blastomere B"
"B2",0.497707379986028,"Blastomere B"
"B2",0.509125935014004,"Blastomere B"
"B2",0.508311114587634,"Blastomere B"
"B2",0.495585079471937,"Blastomere B"
"B2",0.497943949184307,"Blastomere B"
"B2",0.48926442627881,"Blastomere B"
"B2",0.501509317750002,"Blastomere B"
"B2",0.502002779072089,"Blastomere B"
"B2",0.500894408602886,"Blastomere B"
"B2",0.499418012585254,"Blastomere B"
"B2",0.50049947071143,"Blastomere B"
"B2",0.491985790174214,"Blastomere B"
"B2",0.496047410023962,"Blastomere B"
"B2",0.493908009204616,"Blastomere B"
"B2",0.488983683190485,"Blastomere B"
"B2",0.503150191495325,"Blastomere B"
"B2",0.493267999740502,"Blastomere B"
"B2",0.501373582412301,"Blastomere B"
"B2",0.503051239564692,"Blastomere B"
"B2",0.502765108987017,"Blastomere B"
"B2",0.507908347988502,"Blastomere B"
"B2",0.502255268765413,"Blastomere B"
"B2",0.501910851385803,"Blastomere B"
"B2",0.48680434042438,"Blastomere B"
"B2",0.502243225644116,"Blastomere B"
"B2",0.503387464505074,"Blastomere B"
"B2",0.490097372587609,"Blastomere B"
"B2",0.485723257238539,"Blastomere B"
"B2",0.511676143776368,"Blastomere B"
"B2",0.50318456054867,"Blastomere B"
"B2",0.504100512210623,"Blastomere B"
"B2",0.488855155990543,"Blastomere B"
"B2",0.494218475351388,"Blastomere B"
"B2",0.487621730406152,"Blastomere B"
"B2",0.501462113405309,"Blastomere B"
"B2",0.501929650484563,"Blastomere B"
"B2",0.492831403171652,"Blastomere B"
"B2",0.508336305252588,"Blastomere B"
"B2",0.48829736036391,"Blastomere B"
"B2",0.491306070647288,"Blastomere B"
"B2",0.503132113483743,"Blastomere B"
"B2",0.501796558553324,"Blastomere B"
"B2",0.502584642152001,"Blastomere B"
"B2",0.494177834743023,"Blastomere B"
"B2",0.504188232910526,"Blastomere B"
"B2",0.505649816208189,"Blastomere B"
"B2",0.498539479689639,"Blastomere B"
"B2",0.495404267802604,"Blastomere B"
"B2",0.49690662639662,"Blastomere B"
"B2",0.489917316977576,"Blastomere B"
"B2",0.494762284451727,"Blastomere B"
"B2",0.493597551130112,"Blastomere B"
"B2",0.492337937293344,"Blastomere B"
"B2",0.504787311281976,"Blastomere B"
"B2",0.505212311800753,"Blastomere B"
"B2",0.503779929986144,"Blastomere B"
"B2",0.511940108996512,"Blastomere B"
"B2",0.492057466883192,"Blastomere B"
"B2",0.502638953790274,"Blastomere B"
"B2",0.491797138619747,"Blastomere B"
"B2",0.506131959208173,"Blastomere B"
"B2",0.488320561097783,"Blastomere B"
"B2",0.504474159780604,"Blastomere B"
"B2",0.490745617894574,"Blastomere B"
"B2",0.500405078397746,"Blastomere B"
"B2",0.495341408410299,"Blastomere B"
"B2",0.48643380303813,"Blastomere B"
"B2",0.502643915950847,"Blastomere B"
"B2",0.502811102832189,"Blastomere B"
"B2",0.488069065244316,"Blastomere B"
"B2",0.499381902507903,"Blastomere B"
"B2",0.511964517992482,"Blastomere B"
"B2",0.488698887235698,"Blastomere B"
"B2",0.48322355406929,"Blastomere B"
"B2",0.49724134486989,"Blastomere B"
"B2",0.49430216788764,"Blastomere B"
"B2",0.513243166607261,"Blastomere B"
"B2",0.509369595242736,"Blastomere B"
"B2",0.498307294062034,"Blastomere B"
"B2",0.509232768213157,"Blastomere B"
"B2",0.506904181841466,"Blastomere B"
"B2",0.491339362379905,"Blastomere B"
"B2",0.505465594951976,"Blastomere B"
"B2",0.496959103047988,"Blastomere B"
"B2",0.498405988834858,"Blastomere B"
"B2",0.496918381986556,"Blastomere B"
"B2",0.505125008337205,"Blastomere B"
"B2",0.493741648925437,"Blastomere B"
"B2",0.495690408220568,"Blastomere B"
"B2",0.504578960663476,"Blastomere B"
"B2",0.495298696247407,"Blastomere B"
"B2",0.509086175897657,"Blastomere B"
"B2",0.504254832749386,"Blastomere B"
"B2",0.509942134542774,"Blastomere B"
"B2",0.491437150928727,"Blastomere B"
"B2",0.494218759730362,"Blastomere B"
"B2",0.490344662470634,"Blastomere B"
"B2",0.504390521634194,"Blastomere B"
"B2",0.481914204235658,"Blastomere B"
"B2",0.491048151396503,"Blastomere B"
"B2",0.495193377724514,"Blastomere B"
"B2",0.505445928828093,"Blastomere B"
"B2",0.503217646112765,"Blastomere B"
"B2",0.508878370956414,"Blastomere B"
"B2",0.497982452166603,"Blastomere B"
"B2",0.503392767103128,"Blastomere B"
"B2",0.503495162672991,"Blastomere B"
"B2",0.494513672280252,"Blastomere B"
"B2",0.485864867988731,"Blastomere B"
"B2",0.498647391420251,"Blastomere B"
"B2",0.495573224764507,"Blastomere B"
"B2",0.498583939848999,"Blastomere B"
"B2",0.498484423229642,"Blastomere B"
"B2",0.497075183574773,"Blastomere B"
"B2",0.485307031198103,"Blastomere B"
"B2",0.502583363187488,"Blastomere B"
"B2",0.499646521961637,"Blastomere B"
"B2",0.499220112006313,"Blastomere B"
"B2",0.504794825743314,"Blastomere B"
"B2",0.494459726960658,"Blastomere B"
"B2",0.501622285899245,"Blastomere B"
"B2",0.492732507795314,"Blastomere B"
"B2",0.49491187171775,"Blastomere B"
"B2",0.497277766843912,"Blastomere B"
"B2",0.500556802831788,"Blastomere B"
"B2",0.495814824235657,"Blastomere B"
"B2",0.496717397648921,"Blastomere B"
"B2",0.496054272803528,"Blastomere B"
"B2",0.493816882013449,"Blastomere B"
"B2",0.494995620833612,"Blastomere B"
"B2",0.506536581917577,"Blastomere B"
"B2",0.499466275752529,"Blastomere B"
"B2",0.516160183281015,"Blastomere B"
"B2",0.498126636273324,"Blastomere B"
"B2",0.495150996713438,"Blastomere B"
"B2",0.493245022353066,"Blastomere B"
"B2",0.498367119653841,"Blastomere B"
"B2",0.495877519587546,"Blastomere B"
"B2",0.495324149720763,"Blastomere B"
"B2",0.488854072770277,"Blastomere B"
"B2",0.494090899871098,"Blastomere B"
"B2",0.498729992655782,"Blastomere B"
"B2",0.505308024318525,"Blastomere B"
"B2",0.50099817258467,"Blastomere B"
"B2",0.500705840584636,"Blastomere B"
"B2",0.498728267799943,"Blastomere B"
"B2",0.502807045214609,"Blastomere B"
"B2",0.492050503350184,"Blastomere B"
"B2",0.492097699412689,"Blastomere B"
"B2",0.485597830775634,"Blastomere B"
"B2",0.497618391553907,"Blastomere B"
"B2",0.502566276414409,"Blastomere B"
"B2",0.503371842673447,"Blastomere B"
"B2",0.484309891380208,"Blastomere B"
"B2",0.503265110975803,"Blastomere B"
"B2",0.497326642854319,"Blastomere B"
"B2",0.485847936347423,"Blastomere B"
"B2",0.488350645524034,"Blastomere B"
"B2",0.49251194721231,"Blastomere B"
"B2",0.495217054198351,"Blastomere B"
"B2",0.506180116256884,"Blastomere B"
"B2",0.502928865163032,"Blastomere B"
"B2",0.503634753522581,"Blastomere B"
"B2",0.497597330542697,"Blastomere B"
"B2",0.485809279613614,"Blastomere B"
"B2",0.49433441666449,"Blastomere B"
"B2",0.493510056100616,"Blastomere B"
"B2",0.495386669790528,"Blastomere B"
"B2",0.490118154901376,"Blastomere B"
"B2",0.496318090193502,"Blastomere B"
"B2",0.502757463198918,"Blastomere B"
"B2",0.480750756001219,"Blastomere B"
"B2",0.496653336181991,"Blastomere B"
"B2",0.495829265557796,"Blastomere B"
"B2",0.489293561137397,"Blastomere B"
"B2",0.503322099879474,"Blastomere B"
"B2",0.48912136623165,"Blastomere B"
"B2",0.497358544350465,"Blastomere B"
"B2",0.492715461201016,"Blastomere B"
"B2",0.49693664489926,"Blastomere B"
"B2",0.493710386648308,"Blastomere B"
"B2",0.480866830486412,"Blastomere B"
"B2",0.49191338181739,"Blastomere B"
"B2",0.517417225218169,"Blastomere B"
"B2",0.490593893370273,"Blastomere B"
"B2",0.484355383455684,"Blastomere B"
"B2",0.506298876968958,"Blastomere B"
"B2",0.497042775076125,"Blastomere B"
"B2",0.493238264155063,"Blastomere B"
"B2",0.498804609020212,"Blastomere B"
"B2",0.487947006025816,"Blastomere B"
"B2",0.500657504774695,"Blastomere B"
"B2",0.501556084347957,"Blastomere B"
"B2",0.510732115564807,"Blastomere B"
"B2",0.502995130636976,"Blastomere B"
"B2",0.502922429024549,"Blastomere B"
"B2",0.499735254358979,"Blastomere B"
"B2",0.501647076171069,"Blastomere B"
"B2",0.489720339152604,"Blastomere B"
"B2",0.49403970964927,"Blastomere B"
"B2",0.490819328488146,"Blastomere B"
"B2",0.496826228450005,"Blastomere B"
"B2",0.508335699483267,"Blastomere B"
"B2",0.500581444606867,"Blastomere B"
"B2",0.487883043435253,"Blastomere B"
"B2",0.490167769230266,"Blastomere B"
"B2",0.509956663333335,"Blastomere B"
"B2",0.491514723720596,"Blastomere B"
"B2",0.50071881923125,"Blastomere B"
"B2",0.497472660353427,"Blastomere B"
"B2",0.489245961133596,"Blastomere B"
"B2",0.502608826576728,"Blastomere B"
"B2",0.494841168247835,"Blastomere B"
"B2",0.503314959359605,"Blastomere B"
"B2",0.495467153120383,"Blastomere B"
"B2",0.494672419862435,"Blastomere B"
"B2",0.497083765741296,"Blastomere B"
"B2",0.492992398065621,"Blastomere B"
"B2",0.48526339571398,"Blastomere B"
"B2",0.498600184341625,"Blastomere B"
"B2",0.503020871548588,"Blastomere B"
"B2",0.495092589566261,"Blastomere B"
"B2",0.498966869113852,"Blastomere B"
"B2",0.491369154588014,"Blastomere B"
"B2",0.504056552315659,"Blastomere B"
"B2",0.496018966370484,"Blastomere B"
"B2",0.498490449700843,"Blastomere B"
"B2",0.498900283957862,"Blastomere B"
"B2",0.498636154080886,"Blastomere B"
"B2",0.501405440673626,"Blastomere B"
"B2",0.496358858718216,"Blastomere B"
"B2",0.493994926657226,"Blastomere B"
"B2",0.500905555231387,"Blastomere B"
"B2",0.504687444971101,"Blastomere B"
"B2",0.492757636103689,"Blastomere B"
"B2",0.492297513200411,"Blastomere B"
"B2",0.501472209066224,"Blastomere B"
"B2",0.509256752209958,"Blastomere B"
"B2",0.494016458018315,"Blastomere B"
"B2",0.500541631137579,"Blastomere B"
"B2",0.499779312450847,"Blastomere B"
"B2",0.505290218843442,"Blastomere B"
"B2",0.511734560198154,"Blastomere B"
"B2",0.500994633779388,"Blastomere B"
"B2",0.496113410222652,"Blastomere B"
"B2",0.49037937852504,"Blastomere B"
"B2",0.49623124641075,"Blastomere B"
"B2",0.50162725512419,"Blastomere B"
"B2",0.495448016818237,"Blastomere B"
"B2",0.504488244833858,"Blastomere B"
"B2",0.491574702925987,"Blastomere B"
"B2",0.487839906444074,"Blastomere B"
"B2",0.487575404677428,"Blastomere B"
"B2",0.49670243782489,"Blastomere B"
"B2",0.500206859854547,"Blastomere B"
"B2",0.495323605627646,"Blastomere B"
"B2",0.478487746521425,"Blastomere B"
"B2",0.489733058097697,"Blastomere B"
"B2",0.495935866420142,"Blastomere B"
"B2",0.500529083554361,"Blastomere B"
"B2",0.503877814951385,"Blastomere B"
"B2",0.491746989422199,"Blastomere B"
"B2",0.500902928509683,"Blastomere B"
"B2",0.50277923294086,"Blastomere B"
"B2",0.494652722135053,"Blastomere B"
"B2",0.494337494119915,"Blastomere B"
"B2",0.499067596246921,"Blastomere B"
"B2",0.489875692830126,"Blastomere B"
"B2",0.492943591144509,"Blastomere B"
"B2",0.500083532719872,"Blastomere B"
"B2",0.503730708708968,"Blastomere B"
"B2",0.505236742662276,"Blastomere B"
"B2",0.492591355490699,"Blastomere B"
"B2",0.491295132143821,"Blastomere B"
"B2",0.48959014716607,"Blastomere B"
"B2",0.497977216517286,"Blastomere B"
"B2",0.496449292643155,"Blastomere B"
"B2",0.496476772374263,"Blastomere B"
"B2",0.498741274846897,"Blastomere B"
"B2",0.489492919229838,"Blastomere B"
"B2",0.488718362288596,"Blastomere B"
"B2",0.511661276157658,"Blastomere B"
"B2",0.493923916267216,"Blastomere B"
"B2",0.497084381954481,"Blastomere B"
"B2",0.498121590634558,"Blastomere B"
"B2",0.504248104079043,"Blastomere B"
"B2",0.490767889705321,"Blastomere B"
"B2",0.507199753136392,"Blastomere B"
"B2",0.497977032943733,"Blastomere B"
"B2",0.499335707873753,"Blastomere B"
"B2",0.500953433528565,"Blastomere B"
"B2",0.484538734950795,"Blastomere B"
"B2",0.503114206047982,"Blastomere B"
"B2",0.503885401761562,"Blastomere B"
"B2",0.510186764813712,"Blastomere B"
"B2",0.503771029203563,"Blastomere B"
"B2",0.5087863052539,"Blastomere B"
"B2",0.507263404300767,"Blastomere B"
"B2",0.492566754920729,"Blastomere B"
"B2",0.489788626362348,"Blastomere B"
"B2",0.501164038790743,"Blastomere B"
"B2",0.502655856690989,"Blastomere B"
"B2",0.49626850335152,"Blastomere B"
"B2",0.505408406585112,"Blastomere B"
"B2",0.499307986542088,"Blastomere B"
"B2",0.487940295977522,"Blastomere B"
"B2",0.497131527393659,"Blastomere B"
"B2",0.498320633525223,"Blastomere B"
"B2",0.49789922163772,"Blastomere B"
"B2",0.499421744986117,"Blastomere B"
"B2",0.500040966580081,"Blastomere B"
"B2",0.509934270600475,"Blastomere B"
"B2",0.491829872247327,"Blastomere B"
"B2",0.489928559491236,"Blastomere B"
"B2",0.489796911632311,"Blastomere B"
"B2",0.496889311521533,"Blastomere B"
"B2",0.502065960547729,"Blastomere B"
"B2",0.508997545167251,"Blastomere B"
"B2",0.49067691709886,"Blastomere B"
"B2",0.493384879213401,"Blastomere B"
"B2",0.500103966491135,"Blastomere B"
"B2",0.491840308969116,"Blastomere B"
"B2",0.507074363842186,"Blastomere B"
"B2",0.502719165728956,"Blastomere B"
"B2",0.499870270326047,"Blastomere B"
"B2",0.494630427797488,"Blastomere B"
"B2",0.487932154167252,"Blastomere B"
"B2",0.489410169886556,"Blastomere B"
"B2",0.498661101301322,"Blastomere B"
"B2",0.497804911332316,"Blastomere B"
"B2",0.494782077022549,"Blastomere B"
"B2",0.508292592209454,"Blastomere B"
"B2",0.493349717085247,"Blastomere B"
"B2",0.503013903747508,"Blastomere B"
"B2",0.491029846852256,"Blastomere B"
"B2",0.492466244787641,"Blastomere B"
"B2",0.490810560449116,"Blastomere B"
"B2",0.493955960299267,"Blastomere B"
"B2",0.504136256929247,"Blastomere B"
"B2",0.503296106213144,"Blastomere B"
"B2",0.498349987436056,"Blastomere B"
"B2",0.499529410548042,"Blastomere B"
"B2",0.492684742425829,"Blastomere B"
"B2",0.495627866190375,"Blastomere B"
"B2",0.489654472878838,"Blastomere B"
"B2",0.500784240996957,"Blastomere B"
"B2",0.505847373938128,"Blastomere B"
"B2",0.490072603613237,"Blastomere B"
"B2",0.492248229696369,"Blastomere B"
"B2",0.506304872937305,"Blastomere B"
"B2",0.494351031004903,"Blastomere B"
"B2",0.497738450620108,"Blastomere B"
"B2",0.507313366173294,"Blastomere B"
"B2",0.502131135342552,"Blastomere B"
"B2",0.492601878410824,"Blastomere B"
"B2",0.498026773262991,"Blastomere B"
"B2",0.504056895269882,"Blastomere B"
"B2",0.499458883663554,"Blastomere B"
"B2",0.486683767348961,"Blastomere B"
"B2",0.505517910122348,"Blastomere B"
"B2",0.504068768657235,"Blastomere B"
"B2",0.512011767649084,"Blastomere B"
"B2",0.507916507455845,"Blastomere B"
"B2",0.499681444651334,"Blastomere B"
"B2",0.4981255615629,"Blastomere B"
"B2",0.500565479259059,"Blastomere B"
"B2",0.492834886876084,"Blastomere B"
"B2",0.506152305792412,"Blastomere B"
"B2",0.499696710748483,"Blastomere B"
"B2",0.481148709569597,"Blastomere B"
"B2",0.496077036901973,"Blastomere B"
"B2",0.49592199372642,"Blastomere B"
"B2",0.501121623563889,"Blastomere B"
"B2",0.484417344056744,"Blastomere B"
"B2",0.49146401056471,"Blastomere B"
"B2",0.492053669852698,"Blastomere B"
"B2",0.501609355297592,"Blastomere B"
"B2",0.503583580082657,"Blastomere B"
"B2",0.497128771444901,"Blastomere B"
"B2",0.500917033910866,"Blastomere B"
"B2",0.495420444173652,"Blastomere B"
"B2",0.488177917433392,"Blastomere B"
"B2",0.496348243427443,"Blastomere B"
"B2",0.492059335643773,"Blastomere B"
"B2",0.498971821417399,"Blastomere B"
"B2",0.504262953557642,"Blastomere B"
"B2",0.508614026244966,"Blastomere B"
"B2",0.502955524461965,"Blastomere B"
"B2",0.503540873085127,"Blastomere B"
"B2",0.497841475300948,"Blastomere B"
"B2",0.488440200165845,"Blastomere B"
"B2",0.495224389689961,"Blastomere B"
"B2",0.501932295763955,"Blastomere B"
"B2",0.496977787419992,"Blastomere B"
"B2",0.490587678573124,"Blastomere B"
"B2",0.506210085778161,"Blastomere B"
"B2",0.511663841428499,"Blastomere B"
"B2",0.488434217636348,"Blastomere B"
"B2",0.483152031620373,"Blastomere B"
"B2",0.500522653636975,"Blastomere B"
"B2",0.503424877593089,"Blastomere B"
"B2",0.481406268304834,"Blastomere B"
"B2",0.498295534568047,"Blastomere B"
"B2",0.500694663965127,"Blastomere B"
"B2",0.492049330522044,"Blastomere B"
"B2",0.497688052336593,"Blastomere B"
"B2",0.504094304656312,"Blastomere B"
"B2",0.499055176683734,"Blastomere B"
"B2",0.504178989078808,"Blastomere B"
"B2",0.499398077905127,"Blastomere B"
"B2",0.49835776292636,"Blastomere B"
"B2",0.494588362201503,"Blastomere B"
"B2",0.496716443255114,"Blastomere B"
"B2",0.49259336798113,"Blastomere B"
"B2",0.495815276155966,"Blastomere B"
"B2",0.498643658811439,"Blastomere B"
"B2",0.502082951443089,"Blastomere B"
"B2",0.497377576977988,"Blastomere B"
"B2",0.505782257675708,"Blastomere B"
"B2",0.49794194122969,"Blastomere B"
"B2",0.496364452628755,"Blastomere B"
"B2",0.485403595340231,"Blastomere B"
"B2",0.502212752265805,"Blastomere B"
"B2",0.509085287297335,"Blastomere B"
"B2",0.509938889872813,"Blastomere B"
"B2",0.485290417869012,"Blastomere B"
"B2",0.49724983632253,"Blastomere B"
"B2",0.496948764737136,"Blastomere B"
"B2",0.511096487436374,"Blastomere B"
"B2",0.4906623136863,"Blastomere B"
"B2",0.505092330530924,"Blastomere B"
"B2",0.496935176087111,"Blastomere B"
"B2",0.505413807236899,"Blastomere B"
"B2",0.500026927602339,"Blastomere B"
"B2",0.490779709123186,"Blastomere B"
"B2",0.500068107500023,"Blastomere B"
"B2",0.490393542193854,"Blastomere B"
"B2",0.496674022093733,"Blastomere B"
"B2",0.518220542847498,"Blastomere B"
"B2",0.496457281736643,"Blastomere B"
"B2",0.492587880409493,"Blastomere B"
"B2",0.491885131827493,"Blastomere B"
"B2",0.499505917877063,"Blastomere B"
"B2",0.492211591948621,"Blastomere B"
"B2",0.489162461957243,"Blastomere B"
"B2",0.491630305418671,"Blastomere B"
"B2",0.504111768235782,"Blastomere B"
"B2",0.489892831697662,"Blastomere B"
"B2",0.494980680135117,"Blastomere B"
"B2",0.495817841866739,"Blastomere B"
"B2",0.49798228302273,"Blastomere B"
"B2",0.495824065083283,"Blastomere B"
"B2",0.488859780956477,"Blastomere B"
"B2",0.498955323380146,"Blastomere B"
"B2",0.495077992735916,"Blastomere B"
"B2",0.498433308795191,"Blastomere B"
"B2",0.496511179009684,"Blastomere B"
"B2",0.492788083925289,"Blastomere B"
"B2",0.505625704731097,"Blastomere B"
"B2",0.488988870416241,"Blastomere B"
"B2",0.486774860044223,"Blastomere B"
"B2",0.491843096370315,"Blastomere B"
"B2",0.495026338184191,"Blastomere B"
"B2",0.496120386557951,"Blastomere B"
"B2",0.499264157576905,"Blastomere B"
"B2",0.500174603182394,"Blastomere B"
"B2",0.49592881387938,"Blastomere B"
"B2",0.499673092843131,"Blastomere B"
"B2",0.493476086628687,"Blastomere B"
"B2",0.500124619949131,"Blastomere B"
"B2",0.50156824605947,"Blastomere B"
"B2",0.505687146195086,"Blastomere B"
"B2",0.506651875434775,"Blastomere B"
"B2",0.505091706145079,"Blastomere B"
"B2",0.49115895074239,"Blastomere B"
"B2",0.492032877454363,"Blastomere B"
"B2",0.486382789485431,"Blastomere B"
"B2",0.486022013115554,"Blastomere B"
"B2",0.503050086215263,"Blastomere B"
"B2",0.497580725605926,"Blastomere B"
"B2",0.503643486479303,"Blastomere B"
"B2",0.495475189204276,"Blastomere B"
"B2",0.501962946529344,"Blastomere B"
"B2",0.494186088810913,"Blastomere B"
"B2",0.493263427786875,"Blastomere B"
"B2",0.496526982412856,"Blastomere B"
"B2",0.495103045423564,"Blastomere B"
"B2",0.503876441124358,"Blastomere B"
"B2",0.503440932488754,"Blastomere B"
"B2",0.489505519918752,"Blastomere B"
"B2",0.507629168571949,"Blastomere B"
"B2",0.488986883895283,"Blastomere B"
"B2",0.498120029778849,"Blastomere B"
"B2",0.488733813763373,"Blastomere B"
"B2",0.500363381456127,"Blastomere B"
"B2",0.508420730438544,"Blastomere B"
"B2",0.50522880599621,"Blastomere B"
"B2",0.505571651962231,"Blastomere B"
"B2",0.494337356362594,"Blastomere B"
"B2",0.500913911736646,"Blastomere B"
"B2",0.499080524082823,"Blastomere B"
"B2",0.50324312609867,"Blastomere B"
"B2",0.503372694556673,"Blastomere B"
"B2",0.492475988446766,"Blastomere B"
"B2",0.511154219931196,"Blastomere B"
"B2",0.498979571180934,"Blastomere B"
"B2",0.505434374720682,"Blastomere B"
"B2",0.490656710185844,"Blastomere B"
"B2",0.498554193326202,"Blastomere B"
"B2",0.490688259353466,"Blastomere B"
"B2",0.486019272740664,"Blastomere B"
"B2",0.492646727005832,"Blastomere B"
"B2",0.502620343260346,"Blastomere B"
"B2",0.501935648773408,"Blastomere B"
"B2",0.504598558613841,"Blastomere B"
"B2",0.505348861819312,"Blastomere B"
"B2",0.489131375229582,"Blastomere B"
"B2",0.49193323783617,"Blastomere B"
"B2",0.498083706401119,"Blastomere B"
"B2",0.492338916813208,"Blastomere B"
"B2",0.500310426437476,"Blastomere B"
"B2",0.498015178827205,"Blastomere B"
"B2",0.501353814533115,"Blastomere B"
"B2",0.498013317638499,"Blastomere B"
"B2",0.48398001422754,"Blastomere B"
"B2",0.499514659094635,"Blastomere B"
"B2",0.495022209799622,"Blastomere B"
"B2",0.502830223855777,"Blastomere B"
"B2",0.490927205079895,"Blastomere B"
"B2",0.492713328303693,"Blastomere B"
"B2",0.497461508107951,"Blastomere B"
"B2",0.497425435276207,"Blastomere B"
"B2",0.501361526109458,"Blastomere B"
"B2",0.487813559168602,"Blastomere B"
"B2",0.503955906358636,"Blastomere B"
"B2",0.499990127535253,"Blastomere B"
"B2",0.503595713263084,"Blastomere B"
"B2",0.492379867492546,"Blastomere B"
"B2",0.489537196764466,"Blastomere B"
"B2",0.501008278083521,"Blastomere B"
"B2",0.501283106142983,"Blastomere B"
"B2",0.500309739538311,"Blastomere B"
"B2",0.483056814905751,"Blastomere B"
"B2",0.504052943268682,"Blastomere B"
"B2",0.508223261540988,"Blastomere B"
"B2",0.494355092743074,"Blastomere B"
"B2",0.49620770536454,"Blastomere B"
"B2",0.511862418248376,"Blastomere B"
"B2",0.495129750848793,"Blastomere B"
"B2",0.50374548317606,"Blastomere B"
"B2",0.506758979382474,"Blastomere B"
"B2",0.502555359674983,"Blastomere B"
"B2",0.49833337048526,"Blastomere B"
"B2",0.502877519646847,"Blastomere B"
"B2",0.490024719738605,"Blastomere B"
"B2",0.500054018843328,"Blastomere B"
"B2",0.493360730633625,"Blastomere B"
"B2",0.488343423261901,"Blastomere B"
"B2",0.505243750745024,"Blastomere B"
"B2",0.493807315703723,"Blastomere B"
"B2",0.503967572864548,"Blastomere B"
"B2",0.494527745533173,"Blastomere B"
"B2",0.500879010784683,"Blastomere B"
"B2",0.498092793306687,"Blastomere B"
"B2",0.505980373461115,"Blastomere B"
"B2",0.491295796397848,"Blastomere B"
"B2",0.490573721607479,"Blastomere B"
"B2",0.506730069906736,"Blastomere B"
"B2",0.484323645082957,"Blastomere B"
"B2",0.48541941880221,"Blastomere B"
"B2",0.49622107625169,"Blastomere B"
"B2",0.498067703613891,"Blastomere B"
"B2",0.497673159013025,"Blastomere B"
"B2",0.500391419992268,"Blastomere B"
"B2",0.510673828500599,"Blastomere B"
"B2",0.489634878795085,"Blastomere B"
"B2",0.492260319434964,"Blastomere B"
"B2",0.500546755616323,"Blastomere B"
"B2",0.494936454962426,"Blastomere B"
"B2",0.489115554988702,"Blastomere B"
"B2",0.492177095196976,"Blastomere B"
"B2",0.493517982640862,"Blastomere B"
"B2",0.500651659202589,"Blastomere B"
"B2",0.488635841109081,"Blastomere B"
"B2",0.503159378172317,"Blastomere B"
"B2",0.506177383983626,"Blastomere B"
"B2",0.490976823626423,"Blastomere B"
"B2",0.49905658482484,"Blastomere B"
"B2",0.488123051620796,"Blastomere B"
"B2",0.485003788524359,"Blastomere B"
"B2",0.500978237773884,"Blastomere B"
"B2",0.503176554953944,"Blastomere B"
"B2",0.501618706869119,"Blastomere B"
"B2",0.498201579010781,"Blastomere B"
"B2",0.499348783490089,"Blastomere B"
"B2",0.498386605931448,"Blastomere B"
"B2",0.500468031683631,"Blastomere B"
"B2",0.495819787600876,"Blastomere B"
"B2",0.497632008562896,"Blastomere B"
"B2",0.495437190716063,"Blastomere B"
"B2",0.499003788528233,"Blastomere B"
"B2",0.494961312904307,"Blastomere B"
"B2",0.501179761762607,"Blastomere B"
"B2",0.502390908451071,"Blastomere B"
"B2",0.509554562481482,"Blastomere B"
"B2",0.494987367233455,"Blastomere B"
"B2",0.501463665101739,"Blastomere B"
"B2",0.489781295506776,"Blastomere B"
"B2",0.496213260715985,"Blastomere B"
"B2",0.508697145109853,"Blastomere B"
"B2",0.498139745389213,"Blastomere B"
"B2",0.500795885485082,"Blastomere B"
"B2",0.480991514282352,"Blastomere B"
"B2",0.502347986765117,"Blastomere B"
"B2",0.503049276619411,"Blastomere B"
"B2",0.499177070298673,"Blastomere B"
"B2",0.503534661607187,"Blastomere B"
"B2",0.486634957094716,"Blastomere B"
"B2",0.488037281640471,"Blastomere B"
"B2",0.479299626859582,"Blastomere B"
"B2",0.497487765962037,"Blastomere B"
"B2",0.50082672626922,"Blastomere B"
"B2",0.495941123572574,"Blastomere B"
"B2",0.494613319555317,"Blastomere B"
"B2",0.495443062104383,"Blastomere B"
"B2",0.494418472453958,"Blastomere B"
"B2",0.501107827501657,"Blastomere B"
"B2",0.49887461990202,"Blastomere B"
"B2",0.489891931905663,"Blastomere B"
"B2",0.491394082267919,"Blastomere B"
"B2",0.498666317361597,"Blastomere B"
"B2",0.4973538573753,"Blastomere B"
"B2",0.499953646188602,"Blastomere B"
"B2",0.495114055307452,"Blastomere B"
"B2",0.492293902268442,"Blastomere B"
"B2",0.494015976313378,"Blastomere B"
"B2",0.499244397317778,"Blastomere B"
"B2",0.497820914068884,"Blastomere B"
"B2",0.498515041915068,"Blastomere B"
"B2",0.504854678074028,"Blastomere B"
"B2",0.498881516269594,"Blastomere B"
"B2",0.49143937398625,"Blastomere B"
"B2",0.49014772469877,"Blastomere B"
"B2",0.493400645152685,"Blastomere B"
"B2",0.502906038391907,"Blastomere B"
"B2",0.496734348983582,"Blastomere B"
"B2",0.498056248685123,"Blastomere B"
"B2",0.493766630312743,"Blastomere B"
"B2",0.494102710733952,"Blastomere B"
"B2",0.493346694852225,"Blastomere B"
"B2",0.496482865240805,"Blastomere B"
"B2",0.505426565454345,"Blastomere B"
"B2",0.493156736331054,"Blastomere B"
"B2",0.493007925200868,"Blastomere B"
"B2",0.485785323049167,"Blastomere B"
"B2",0.487637397885216,"Blastomere B"
"B2",0.499209415109316,"Blastomere B"
"B2",0.489819768963057,"Blastomere B"
"B2",0.492837566015663,"Blastomere B"
"B2",0.502443756270436,"Blastomere B"
"B2",0.489266315269824,"Blastomere B"
"B2",0.491270849623692,"Blastomere B"
"B2",0.495288292020924,"Blastomere B"
"B2",0.501452740773621,"Blastomere B"
"B2",0.4947835169384,"Blastomere B"
"B2",0.496380424839588,"Blastomere B"
"B2",0.507880458728136,"Blastomere B"
"B2",0.510690127006331,"Blastomere B"
"B2",0.504985900389127,"Blastomere B"
"B2",0.505130764893383,"Blastomere B"
"B2",0.504288176481219,"Blastomere B"
"B2",0.493560240342622,"Blastomere B"
"B2",0.494905416390592,"Blastomere B"
"B2",0.489572931466012,"Blastomere B"
"B2",0.502917629090752,"Blastomere B"
"B2",0.504436769135358,"Blastomere B"
"B2",0.485733310795916,"Blastomere B"
"B2",0.488045471524201,"Blastomere B"
"B2",0.498746358266786,"Blastomere B"
"B2",0.497696017682395,"Blastomere B"
"B2",0.500746937995049,"Blastomere B"
"B2",0.501177423873534,"Blastomere B"
"B2",0.505597143276365,"Blastomere B"
"B2",0.49990718377147,"Blastomere B"
"B2",0.498723216816359,"Blastomere B"
"B2",0.492003186549847,"Blastomere B"
"B2",0.507461042288097,"Blastomere B"
"B2",0.498477563371749,"Blastomere B"
"B2",0.490653736090536,"Blastomere B"
"B2",0.501904697997071,"Blastomere B"
"B2",0.509162485696602,"Blastomere B"
"B2",0.50858171897162,"Blastomere B"
"B2",0.494844363343269,"Blastomere B"
"B2",0.488339133728121,"Blastomere B"
"B2",0.498825390556192,"Blastomere B"
"B2",0.499617465725236,"Blastomere B"
"B2",0.4979358334011,"Blastomere B"
"B2",0.483649460092741,"Blastomere B"
"B2",0.491372009236068,"Blastomere B"
"B2",0.497019861863414,"Blastomere B"
"B2",0.498465565666524,"Blastomere B"
"B2",0.502538925325481,"Blastomere B"
"B2",0.492743126056325,"Blastomere B"
"B2",0.498763914596926,"Blastomere B"
"B2",0.499924488103488,"Blastomere B"
"B2",0.50521308429161,"Blastomere B"
"B2",0.495923043540726,"Blastomere B"
"B2",0.498586565395745,"Blastomere B"
"B2",0.488714406597412,"Blastomere B"
"B2",0.491951100984603,"Blastomere B"
"B2",0.492571475897434,"Blastomere B"
"B2",0.499346797646837,"Blastomere B"
"B2",0.498646648756575,"Blastomere B"
"B2",0.484027383419389,"Blastomere B"
"B2",0.50721411413558,"Blastomere B"
"B2",0.506708818013002,"Blastomere B"
"B2",0.498660713585666,"Blastomere B"
"B2",0.499501649417554,"Blastomere B"
"B2",0.488296015577208,"Blastomere B"
"B2",0.502289873495599,"Blastomere B"
"B2",0.486051381618377,"Blastomere B"
"B2",0.488993806197578,"Blastomere B"
"B2",0.49339509649264,"Blastomere B"
"B2",0.497958068429489,"Blastomere B"
"B2",0.506551794287583,"Blastomere B"
"B2",0.506276731073966,"Blastomere B"
"B2",0.4844077923226,"Blastomere B"
"B2",0.506219035539425,"Blastomere B"
"B2",0.495956230010525,"Blastomere B"
"B2",0.498964926786569,"Blastomere B"
"B2",0.48919750111136,"Blastomere B"
"B2",0.498698287836784,"Blastomere B"
"B2",0.493911425132153,"Blastomere B"
"B2",0.499880066184159,"Blastomere B"
"B2",0.498754733906972,"Blastomere B"
"B2",0.495769400413179,"Blastomere B"
"B2",0.49873873271662,"Blastomere B"
"B2",0.49458423993347,"Blastomere B"
"B2",0.482880343949114,"Blastomere B"
"B2",0.505265694979266,"Blastomere B"
"B2",0.500159645351023,"Blastomere B"
"B2",0.494094031189965,"Blastomere B"
"B2",0.500753896812947,"Blastomere B"
"B2",0.504447295087888,"Blastomere B"
"B2",0.494644581986175,"Blastomere B"
"B2",0.497291098325786,"Blastomere B"
"B2",0.500123840107107,"Blastomere B"
"B2",0.496535386506715,"Blastomere B"
"B2",0.492826508372214,"Blastomere B"
"B2",0.488254705865041,"Blastomere B"
"B2",0.496771050145198,"Blastomere B"
"B2",0.507790994553714,"Blastomere B"
"B2",0.508098195241063,"Blastomere B"
"B2",0.499666477200186,"Blastomere B"
"B2",0.504726294242796,"Blastomere B"
"B2",0.490410862360816,"Blastomere B"
"B2",0.502609782972213,"Blastomere B"
"B2",0.493081073623332,"Blastomere B"
"B2",0.496523135097276,"Blastomere B"
"B2",0.503401876044664,"Blastomere B"
"B2",0.488625837647006,"Blastomere B"
"B2",0.499844033732824,"Blastomere B"
"B2",0.494190737728952,"Blastomere B"
"B2",0.503371052163885,"Blastomere B"
"B2",0.498931122544593,"Blastomere B"
"B2",0.49865066328313,"Blastomere B"
"B2",0.490368905627065,"Blastomere B"
"B2",0.491593121051771,"Blastomere B"
"B2",0.490542094414192,"Blastomere B"
"B2",0.492103763739291,"Blastomere B"
"B2",0.50674129469738,"Blastomere B"
"B2",0.511233099575179,"Blastomere B"
"B2",0.487187855391023,"Blastomere B"
"B2",0.49911731403969,"Blastomere B"
"B2",0.501044100174665,"Blastomere B"
"B2",0.497370269590152,"Blastomere B"
"B2",0.509095161967797,"Blastomere B"
"B2",0.499495321105809,"Blastomere B"
"B2",0.499165613329815,"Blastomere B"
"B2",0.494954118966622,"Blastomere B"
"B2",0.496576637197112,"Blastomere B"
"B2",0.502613548553156,"Blastomere B"
"B2",0.491951204076682,"Blastomere B"
"B2",0.493725399192561,"Blastomere B"
"B2",0.510443010536294,"Blastomere B"
"B2",0.499474066868493,"Blastomere B"
"B2",0.491650567056251,"Blastomere B"
"B2",0.490076876708081,"Blastomere B"
"B2",0.498222205713244,"Blastomere B"
"B2",0.504082761103656,"Blastomere B"
"B2",0.498700095770105,"Blastomere B"
"B2",0.50586674288465,"Blastomere B"
"B2",0.496903158808063,"Blastomere B"
"B2",0.494973196037205,"Blastomere B"
"B2",0.497513169594113,"Blastomere B"
"B2",0.500709462905398,"Blastomere B"
"B2",0.504555431182868,"Blastomere B"
"B2",0.481663213337192,"Blastomere B"
"B2",0.49651852217625,"Blastomere B"
"B2",0.50461134001953,"Blastomere B"
"B2",0.49672202602709,"Blastomere B"
"B2",0.491548828507542,"Blastomere B"
"B2",0.497192112796005,"Blastomere B"
"B2",0.504343944241896,"Blastomere B"
"B2",0.503379701988139,"Blastomere B"
"B2",0.501723369864136,"Blastomere B"
"B2",0.495221040700611,"Blastomere B"
"B2",0.496838553871429,"Blastomere B"
"B2",0.505038451451537,"Blastomere B"
"B2",0.493084168871031,"Blastomere B"
"B2",0.500764494097878,"Blastomere B"
"B2",0.495326412736024,"Blastomere B"
"B2",0.496030672588062,"Blastomere B"
"B2",0.485716670538019,"Blastomere B"
"B2",0.497823349467648,"Blastomere B"
"B2",0.489605428001797,"Blastomere B"
"B2",0.502534068118602,"Blastomere B"
"B2",0.48799588014098,"Blastomere B"
"B2",0.49259011312522,"Blastomere B"
"B2",0.503820000818037,"Blastomere B"
"B2",0.502951084057072,"Blastomere B"
"B2",0.501744712551963,"Blastomere B"
"B2",0.500883483613644,"Blastomere B"
"B2",0.496729767061046,"Blastomere B"
"B2",0.494729563359946,"Blastomere B"
"B2",0.487202061684989,"Blastomere B"
"B2",0.511188367879646,"Blastomere B"
"B2",0.498710697510889,"Blastomere B"
"B2",0.49039310072094,"Blastomere B"
"B2",0.505306717278963,"Blastomere B"
"B2",0.496357737706674,"Blastomere B"
"B2",0.492786762837525,"Blastomere B"
"B2",0.487813063890841,"Blastomere B"
"B2",0.492326643657863,"Blastomere B"
"B2",0.501352395508467,"Blastomere B"
"B2",0.497821449634169,"Blastomere B"
"B2",0.494708303811707,"Blastomere B"
"B2",0.501160209771802,"Blastomere B"
"B2",0.509865047004452,"Blastomere B"
"B2",0.502011733817727,"Blastomere B"
"B2",0.508079931640738,"Blastomere B"
"B2",0.502781300529661,"Blastomere B"
"B2",0.498530356865315,"Blastomere B"
"B2",0.498194909676465,"Blastomere B"
"B2",0.493566838483487,"Blastomere B"
"B2",0.497292878810325,"Blastomere B"
"B2",0.495219020355218,"Blastomere B"
"B2",0.505260256469833,"Blastomere B"
"B2",0.488679851085197,"Blastomere B"
"B2",0.497742371826268,"Blastomere B"
"B2",0.500451028052685,"Blastomere B"
"B2",0.502305335444658,"Blastomere B"
"B2",0.497914698896015,"Blastomere B"
"B2",0.501688379923562,"Blastomere B"
"B2",0.500989399802292,"Blastomere B"
"B2",0.507951432143839,"Blastomere B"
"B2",0.496649919969187,"Blastomere B"
"B2",0.49974307085052,"Blastomere B"
"B2",0.499495283804217,"Blastomere B"
"B2",0.509394888306419,"Blastomere B"
"B2",0.495323492432079,"Blastomere B"
"B2",0.501200599440309,"Blastomere B"
"B2",0.511050409031802,"Blastomere B"
"B2",0.48935187419245,"Blastomere B"
"B2",0.501180471239213,"Blastomere B"
"B2",0.49847676710578,"Blastomere B"
"B2",0.486929427929821,"Blastomere B"
"B2",0.500550187399723,"Blastomere B"
"B2",0.499968794738651,"Blastomere B"
"B2",0.496515223653184,"Blastomere B"
"B2",0.501803343929672,"Blastomere B"
"B2",0.497790130278302,"Blastomere B"
"B2",0.493902005189364,"Blastomere B"
"B2",0.49945220909563,"Blastomere B"
"B2",0.495698376748939,"Blastomere B"
"B2",0.510834153383935,"Blastomere B"
"B2",0.503633985144267,"Blastomere B"
"B2",0.488753598455204,"Blastomere B"
"B2",0.490583499010863,"Blastomere B"
"B2",0.493655253907766,"Blastomere B"
"B2",0.495723884320681,"Blastomere B"
"B2",0.492516860287106,"Blastomere B"
"B2",0.489973968408085,"Blastomere B"
"B2",0.497743583291099,"Blastomere B"
"B2",0.500686253364899,"Blastomere B"
"B2",0.498323043997593,"Blastomere B"
"B2",0.489888014217755,"Blastomere B"
"B2",0.504084057311804,"Blastomere B"
"B2",0.502297234284453,"Blastomere B"
"B2",0.505320702799391,"Blastomere B"
"B2",0.498709121039383,"Blastomere B"
"B2",0.499697758571534,"Blastomere B"
"B2",0.489111609478598,"Blastomere B"
"B2",0.503068524922669,"Blastomere B"
"B2",0.49945064394571,"Blastomere B"
"B2",0.506524685816498,"Blastomere B"
"B2",0.487677458147812,"Blastomere B"
"B2",0.486985371944826,"Blastomere B"
"B2",0.483836141542736,"Blastomere B"
"B2",0.498055659265128,"Blastomere B"
"B2",0.498544194935985,"Blastomere B"
"B2",0.51049655755965,"Blastomere B"
"B2",0.490548801548574,"Blastomere B"
"B2",0.494280076697463,"Blastomere B"
"B2",0.496845052595465,"Blastomere B"
"B2",0.503823002677105,"Blastomere B"
"B2",0.509299417082565,"Blastomere B"
"B2",0.491533262602917,"Blastomere B"
"B2",0.495983572775728,"Blastomere B"
"B2",0.504284506007765,"Blastomere B"
"B2",0.500815041100316,"Blastomere B"
"B2",0.504432890750756,"Blastomere B"
"B2",0.499434825587494,"Blastomere B"
"B2",0.489694874229538,"Blastomere B"
"B2",0.487424007130639,"Blastomere B"
"B2",0.497326519201796,"Blastomere B"
"B2",0.48505756911582,"Blastomere B"
"B2",0.502857791805391,"Blastomere B"
"B2",0.494677665348902,"Blastomere B"
"B2",0.498337857901525,"Blastomere B"
"B2",0.497262967716256,"Blastomere B"
"B2",0.507331495937615,"Blastomere B"
"B2",0.499924722189052,"Blastomere B"
"B2",0.503674489467059,"Blastomere B"
"B2",0.492436688527765,"Blastomere B"
"B2",0.500656117281719,"Blastomere B"
"B2",0.496831796184155,"Blastomere B"
"B2",0.484739570511302,"Blastomere B"
"B2",0.494371720741717,"Blastomere B"
"B2",0.491822924924005,"Blastomere B"
"B2",0.490759851642712,"Blastomere B"
"B2",0.494104056013106,"Blastomere B"
"B2",0.510186428527305,"Blastomere B"
"B2",0.500532032077729,"Blastomere B"
"B2",0.500647919591989,"Blastomere B"
"B2",0.500450469542146,"Blastomere B"
"B2",0.50481263995629,"Blastomere B"
"B2",0.505092182985184,"Blastomere B"
"B2",0.49754724449943,"Blastomere B"
"B2",0.502158607986116,"Blastomere B"
"B2",0.497130124998599,"Blastomere B"
"B2",0.49920842015283,"Blastomere B"
"B2",0.489345459097553,"Blastomere B"
"B2",0.491593782942771,"Blastomere B"
"B2",0.494902021541969,"Blastomere B"
"B2",0.506086457394739,"Blastomere B"
"B2",0.50553897785491,"Blastomere B"
"B2",0.495721427777957,"Blastomere B"
"B2",0.499101120663481,"Blastomere B"
"B2",0.495011943007353,"Blastomere B"
"B2",0.502903040680059,"Blastomere B"
"B2",0.49559152316056,"Blastomere B"
"B2",0.49123284412962,"Blastomere B"
"B2",0.508445809015552,"Blastomere B"
"B2",0.501452089064481,"Blastomere B"
"B2",0.502516245369732,"Blastomere B"
"B2",0.491959809347849,"Blastomere B"
"B2",0.49586216413434,"Blastomere B"
"B2",0.503490049753836,"Blastomere B"
"B2",0.492540199865839,"Blastomere B"
"B2",0.49335525153683,"Blastomere B"
"B2",0.489297623884673,"Blastomere B"
"B2",0.498244072101961,"Blastomere B"
"B2",0.500360927179893,"Blastomere B"
"B2",0.493907765274626,"Blastomere B"
"B2",0.490962205027143,"Blastomere B"
"B2",0.499159960530858,"Blastomere B"
"B2",0.495863703999346,"Blastomere B"
"B2",0.491281326459186,"Blastomere B"
"B2",0.49717658915696,"Blastomere B"
"B2",0.493390281657631,"Blastomere B"
"B2",0.495386405778441,"Blastomere B"
"B2",0.510063617212026,"Blastomere B"
"B2",0.495902058656966,"Blastomere B"
"B2",0.492404300648943,"Blastomere B"
"B2",0.497494496788882,"Blastomere B"
"B2",0.498760654411071,"Blastomere B"
"B2",0.497490511291987,"Blastomere B"
"B2",0.495083506258991,"Blastomere B"
"B2",0.509538317803001,"Blastomere B"
"B2",0.498126529573863,"Blastomere B"
"B2",0.494805315012952,"Blastomere B"
"B2",0.486770332924702,"Blastomere B"
"B2",0.501644385484238,"Blastomere B"
"B2",0.484533844380809,"Blastomere B"
"B2",0.495210730607222,"Blastomere B"
"B2",0.499661797563171,"Blastomere B"
"B2",0.496187800952528,"Blastomere B"
"B2",0.4929134412067,"Blastomere B"
"B2",0.490833163054093,"Blastomere B"
"B2",0.498049580034533,"Blastomere B"
"B2",0.506259551955361,"Blastomere B"
"B2",0.487590907180091,"Blastomere B"
"B2",0.509982479289864,"Blastomere B"
"B2",0.495684656694013,"Blastomere B"
"B2",0.493396339300425,"Blastomere B"
"B2",0.498498450925457,"Blastomere B"
"B2",0.50206745226059,"Blastomere B"
"B2",0.494720299564217,"Blastomere B"
"B2",0.497146812806668,"Blastomere B"
"B2",0.500209912464522,"Blastomere B"
"B2",0.47883761218605,"Blastomere B"
"B2",0.501092969542494,"Blastomere B"
"B2",0.499562474765932,"Blastomere B"
"B2",0.501642731638867,"Blastomere B"
"B2",0.491102473368068,"Blastomere B"
"B2",0.481538993182791,"Blastomere B"
"B2",0.495571340261542,"Blastomere B"
"B2",0.498726511782658,"Blastomere B"
"B2",0.491034752467675,"Blastomere B"
"B2",0.495998062772318,"Blastomere B"
"B2",0.503944220895269,"Blastomere B"
"B2",0.505190042917854,"Blastomere B"
"B2",0.507238219110924,"Blastomere B"
"B2",0.495982425714682,"Blastomere B"
"B2",0.49722553368667,"Blastomere B"
"B2",0.505045665047863,"Blastomere B"
"B2",0.503432178811159,"Blastomere B"
"B2",0.497639643037353,"Blastomere B"
"B2",0.506439571988149,"Blastomere B"
"B2",0.495639109079789,"Blastomere B"
"B2",0.504176492722697,"Blastomere B"
"B2",0.503229171231506,"Blastomere B"
"B2",0.50204786330809,"Blastomere B"
"B2",0.496159331677675,"Blastomere B"
"B2",0.505942670137691,"Blastomere B"
"B2",0.492180405105975,"Blastomere B"
"B2",0.491853719530605,"Blastomere B"
"B2",0.48739746584707,"Blastomere B"
"B2",0.501342299287492,"Blastomere B"
"B2",0.503802361252542,"Blastomere B"
"B2",0.498700889517803,"Blastomere B"
"B2",0.49580036349316,"Blastomere B"
"B2",0.508851703045821,"Blastomere B"
"B2",0.50145429304509,"Blastomere B"
"B2",0.500566497479864,"Blastomere B"
"B2",0.496720240025995,"Blastomere B"
"B2",0.51000881248142,"Blastomere B"
"B2",0.504693041224557,"Blastomere B"
"B2",0.50785083572936,"Blastomere B"
"B2",0.507011215252326,"Blastomere B"
"B2",0.495595475981333,"Blastomere B"
"B2",0.494199784727903,"Blastomere B"
"B2",0.505893911176063,"Blastomere B"
"B2",0.50271904060878,"Blastomere B"
"B2",0.492320395216894,"Blastomere B"
"B2",0.492954317256177,"Blastomere B"
"B2",0.493179983905458,"Blastomere B"
"B2",0.494379012136785,"Blastomere B"
"B2",0.504321079429494,"Blastomere B"
"B2",0.486954741915341,"Blastomere B"
"B2",0.511040124999979,"Blastomere B"
"B2",0.491251331159652,"Blastomere B"
"B2",0.491078434574296,"Blastomere B"
"B2",0.493676891979621,"Blastomere B"
"B2",0.485420943475549,"Blastomere B"
"B2",0.503908913790054,"Blastomere B"
"B2",0.510719916915959,"Blastomere B"
"B2",0.497296936787607,"Blastomere B"
"B2",0.503317177173447,"Blastomere B"
"B2",0.499702161452912,"Blastomere B"
"B2",0.487433158724959,"Blastomere B"
"B2",0.512992065304563,"Blastomere B"
"B2",0.492991944410669,"Blastomere B"
"B2",0.502914017520421,"Blastomere B"
"B2",0.498655747454536,"Blastomere B"
"B2",0.495024371541638,"Blastomere B"
"B2",0.492530186444449,"Blastomere B"
"B2",0.503859456091909,"Blastomere B"
"B2",0.49393001353562,"Blastomere B"
"B2",0.510958589421597,"Blastomere B"
"B2",0.512166946818943,"Blastomere B"
"B2",0.497196129011377,"Blastomere B"
"B2",0.509427989178221,"Blastomere B"
"B2",0.488859856771661,"Blastomere B"
"B2",0.507539100208273,"Blastomere B"
"B2",0.493607265864077,"Blastomere B"
"B2",0.496592142084299,"Blastomere B"
"B2",0.494230036839329,"Blastomere B"
"B2",0.496011143735427,"Blastomere B"
"B2",0.489192471027735,"Blastomere B"
"B2",0.490178203988373,"Blastomere B"
"B2",0.493506555769828,"Blastomere B"
"B2",0.486105412710897,"Blastomere B"
"B2",0.507433679199769,"Blastomere B"
"B2",0.489623050651673,"Blastomere B"
"B2",0.500591626961386,"Blastomere B"
"B2",0.504543009168686,"Blastomere B"
"B2",0.49181395981836,"Blastomere B"
"B2",0.511133136309926,"Blastomere B"
"B2",0.501898768198428,"Blastomere B"
"B2",0.491617703176207,"Blastomere B"
"B2",0.492359089698603,"Blastomere B"
"B2",0.496122544638998,"Blastomere B"
"B2",0.495703793479562,"Blastomere B"
"B2",0.501253353442104,"Blastomere B"
"B2",0.50688162403412,"Blastomere B"
"B2",0.495229460870768,"Blastomere B"
"B2",0.50370383460754,"Blastomere B"
"B2",0.493272060014258,"Blastomere B"
"B2",0.496593734654606,"Blastomere B"
"B2",0.498029217079543,"Blastomere B"
"B2",0.488869127858861,"Blastomere B"
"B2",0.496000965879479,"Blastomere B"
"B2",0.502753320178551,"Blastomere B"
"B2",0.507531521983195,"Blastomere B"
"B2",0.501894126322588,"Blastomere B"
"B2",0.489169211979928,"Blastomere B"
"B2",0.495295756456798,"Blastomere B"
"B2",0.505392953719683,"Blastomere B"
"B2",0.498706299903128,"Blastomere B"
"B2",0.48579299355104,"Blastomere B"
"B2",0.499835849710714,"Blastomere B"
"B2",0.500428516515158,"Blastomere B"
"B2",0.501258212245589,"Blastomere B"
"B2",0.495299213864545,"Blastomere B"
"B2",0.486203879886127,"Blastomere B"
"B2",0.510522603974259,"Blastomere B"
"B2",0.502085957374503,"Blastomere B"
"B2",0.506523252081545,"Blastomere B"
"B2",0.492702248096915,"Blastomere B"
"B2",0.502440166743913,"Blastomere B"
"B2",0.492499214407043,"Blastomere B"
"B2",0.488528934058588,"Blastomere B"
"B2",0.497029751743009,"Blastomere B"
"B2",0.490606069624727,"Blastomere B"
"B2",0.490788536737508,"Blastomere B"
"B2",0.502069954879277,"Blastomere B"
"B2",0.506809765230222,"Blastomere B"
"B2",0.490435366462919,"Blastomere B"
"B2",0.497393489490502,"Blastomere B"
"B2",0.494571057717469,"Blastomere B"
"B2",0.493157720901704,"Blastomere B"
"B2",0.494166128732433,"Blastomere B"
"B2",0.495026091932449,"Blastomere B"
"B2",0.494845583618851,"Blastomere B"
"B2",0.493922128376289,"Blastomere B"
"B2",0.502303296267902,"Blastomere B"
"B2",0.509974534379965,"Blastomere B"
"B2",0.498713163415585,"Blastomere B"
"B2",0.508801920285794,"Blastomere B"
"B2",0.495771654779413,"Blastomere B"
"B2",0.49276002371613,"Blastomere B"
"B2",0.485575434868318,"Blastomere B"
"B2",0.498136747158083,"Blastomere B"
"B2",0.488734892896245,"Blastomere B"
"B2",0.492974702786795,"Blastomere B"
"B2",0.492087089824989,"Blastomere B"
"B2",0.501440120198557,"Blastomere B"
"B2",0.493277128668141,"Blastomere B"
"B2",0.496809843019185,"Blastomere B"
"B2",0.482635608720626,"Blastomere B"
"B2",0.495829795456502,"Blastomere B"
"B2",0.501022121236962,"Blastomere B"
"B2",0.488780391388392,"Blastomere B"
"B2",0.498336801668911,"Blastomere B"
"B2",0.507278975665535,"Blastomere B"
"B2",0.500424837445373,"Blastomere B"
"B2",0.502219730915812,"Blastomere B"
"B2",0.489487384533136,"Blastomere B"
"B2",0.50164701404943,"Blastomere B"
"B2",0.497439145759102,"Blastomere B"
"B2",0.497095593839201,"Blastomere B"
"B2",0.495233218593433,"Blastomere B"
"B2",0.508359110856291,"Blastomere B"
"B2",0.493131638804587,"Blastomere B"
"B2",0.500615979478621,"Blastomere B"
"B2",0.498127855109238,"Blastomere B"
"B2",0.498891377814654,"Blastomere B"
"B2",0.494556797312376,"Blastomere B"
"B2",0.507270732712158,"Blastomere B"
"B2",0.498583697558706,"Blastomere B"
"B2",0.486051995870485,"Blastomere B"
"B2",0.495225673294342,"Blastomere B"
"B2",0.503768031221714,"Blastomere B"
"B2",0.496813261426225,"Blastomere B"
"B2",0.50899219852745,"Blastomere B"
"B2",0.500849754995686,"Blastomere B"
"B2",0.490931886213485,"Blastomere B"
"B2",0.505147349719167,"Blastomere B"
"B2",0.498753914949227,"Blastomere B"
"B2",0.483188230104338,"Blastomere B"
"B2",0.486665338015402,"Blastomere B"
"B2",0.501970408190068,"Blastomere B"
"B2",0.500287019422683,"Blastomere B"
"B2",0.490892491347186,"Blastomere B"
"B2",0.503733101786666,"Blastomere B"
"B2",0.49897289010012,"Blastomere B"
"B2",0.506503854168145,"Blastomere B"
"B2",0.506678212972421,"Blastomere B"
"B2",0.49552521382331,"Blastomere B"
"B2",0.490309333476543,"Blastomere B"
"B2",0.498655515877392,"Blastomere B"
"B2",0.502492580140267,"Blastomere B"
"B2",0.4998892524416,"Blastomere B"
"B2",0.498654725473686,"Blastomere B"
"B2",0.494961116310914,"Blastomere B"
"B2",0.500572224162967,"Blastomere B"
"B2",0.491778358641044,"Blastomere B"
"B2",0.489389385701501,"Blastomere B"
"B2",0.501338295384547,"Blastomere B"
"B2",0.507333476319709,"Blastomere B"
"B2",0.489153878542144,"Blastomere B"
"B2",0.48733567094588,"Blastomere B"
"B2",0.497464120780562,"Blastomere B"
"B2",0.484708746529154,"Blastomere B"
"B2",0.487500599205153,"Blastomere B"
"B2",0.496834793368612,"Blastomere B"
"B2",0.503809795098636,"Blastomere B"
"B2",0.503480211622485,"Blastomere B"
"B2",0.489318175146221,"Blastomere B"
"B2",0.498311976360174,"Blastomere B"
"B2",0.504664288261419,"Blastomere B"
"B2",0.503702811338187,"Blastomere B"
"B2",0.499275546989177,"Blastomere B"
"B2",0.486657621185951,"Blastomere B"
"B2",0.503184624655622,"Blastomere B"
"B2",0.506954844430162,"Blastomere B"
"B2",0.489945087298878,"Blastomere B"
"B2",0.489767221346974,"Blastomere B"
"B2",0.499179617034928,"Blastomere B"
"B2",0.506936991967541,"Blastomere B"
"B2",0.501374624035591,"Blastomere B"
"B2",0.499780304186162,"Blastomere B"
"B2",0.492638176423882,"Blastomere B"
"B2",0.489689072204612,"Blastomere B"
"B2",0.504268238318592,"Blastomere B"
"B2",0.487147778166805,"Blastomere B"
"B2",0.497749737374579,"Blastomere B"
"B2",0.500985073581713,"Blastomere B"
"B2",0.500174109726595,"Blastomere B"
"B2",0.50280624039539,"Blastomere B"
"B2",0.508513372758649,"Blastomere B"
"B2",0.500775600130342,"Blastomere B"
"B2",0.492686374278536,"Blastomere B"
"B2",0.497292051574324,"Blastomere B"
"B2",0.499752522955602,"Blastomere B"
"B2",0.49943655122437,"Blastomere B"
"B2",0.48685202605623,"Blastomere B"
"B2",0.505175836156301,"Blastomere B"
"B2",0.504125142479133,"Blastomere B"
"B2",0.504944904731988,"Blastomere B"
"B2",0.489432168444852,"Blastomere B"
"B2",0.491988604274441,"Blastomere B"
"B2",0.501566479993275,"Blastomere B"
"B2",0.492620769807066,"Blastomere B"
"B2",0.504483090412209,"Blastomere B"
"B2",0.501905581725789,"Blastomere B"
"B2",0.499016616715204,"Blastomere B"
"B2",0.495264784975109,"Blastomere B"
"B2",0.507904858812713,"Blastomere B"
"B2",0.495892068089858,"Blastomere B"
"B2",0.508420468699707,"Blastomere B"
"B2",0.512767266394085,"Blastomere B"
"B2",0.504412130739574,"Blastomere B"
"B2",0.493736340789133,"Blastomere B"
"B2",0.505178099655935,"Blastomere B"
"B2",0.492152809873282,"Blastomere B"
"B2",0.508663569057967,"Blastomere B"
"B2",0.487030632425669,"Blastomere B"
"B2",0.49039323401797,"Blastomere B"
"B2",0.497150445966529,"Blastomere B"
"B2",0.502833274835915,"Blastomere B"
"B2",0.494575487947074,"Blastomere B"
"B2",0.498929426793481,"Blastomere B"
"B2",0.493215061518845,"Blastomere B"
"B2",0.498693569490382,"Blastomere B"
"B2",0.495392954002161,"Blastomere B"
"B2",0.486628920644533,"Blastomere B"
"B2",0.488810831507105,"Blastomere B"
"B2",0.492412913221563,"Blastomere B"
"B2",0.49998962354523,"Blastomere B"
"B2",0.511615815829126,"Blastomere B"
"B2",0.495293462281546,"Blastomere B"
"B2",0.491915063331092,"Blastomere B"
"B2",0.50610956534162,"Blastomere B"
"B2",0.502227367579431,"Blastomere B"
"B2",0.509779356019684,"Blastomere B"
"B2",0.495489301060297,"Blastomere B"
"B2",0.499161703981813,"Blastomere B"
"B2",0.487807886824982,"Blastomere B"
"B2",0.493354430983799,"Blastomere B"
"B2",0.490270989803966,"Blastomere B"
"B2",0.49611163250243,"Blastomere B"
"B2",0.497166596189248,"Blastomere B"
"B2",0.496951172000528,"Blastomere B"
"B2",0.505358835948879,"Blastomere B"
"B2",0.491043169468816,"Blastomere B"
"B2",0.489725282509311,"Blastomere B"
"B2",0.504246471722248,"Blastomere B"
"B2",0.499265889610772,"Blastomere B"
"B2",0.495230043405472,"Blastomere B"
"B2",0.496850231579192,"Blastomere B"
"B2",0.507536885769833,"Blastomere B"
"B2",0.494985257788341,"Blastomere B"
"B2",0.50152311530495,"Blastomere B"
"B2",0.505082093187548,"Blastomere B"
"B2",0.49570534713075,"Blastomere B"
"B2",0.49647757399131,"Blastomere B"
"B2",0.500251421603167,"Blastomere B"
"B2",0.490157839487601,"Blastomere B"
"B2",0.512031709676103,"Blastomere B"
"B2",0.488189678465828,"Blastomere B"
"B2",0.485732404781386,"Blastomere B"
"B2",0.490276689963373,"Blastomere B"
"B2",0.484474416255968,"Blastomere B"
"B2",0.494772145571272,"Blastomere B"
"B2",0.503922382090845,"Blastomere B"
"B2",0.487987331695237,"Blastomere B"
"B2",0.502233936676983,"Blastomere B"
"B2",0.492589387319617,"Blastomere B"
"B2",0.490650693878946,"Blastomere B"
"B2",0.49644065674256,"Blastomere B"
"B2",0.499888431620565,"Blastomere B"
"B2",0.500910026232435,"Blastomere B"
"B2",0.497385167841949,"Blastomere B"
"B2",0.497273949619813,"Blastomere B"
"B2",0.496943678621436,"Blastomere B"
"B2",0.479580817341409,"Blastomere B"
"B2",0.493272180437164,"Blastomere B"
"B2",0.495241225398121,"Blastomere B"
"B2",0.4887125291858,"Blastomere B"
"B2",0.492438864527836,"Blastomere B"
"B2",0.504909414305726,"Blastomere B"
"B2",0.486890309869079,"Blastomere B"
"B2",0.505747760666105,"Blastomere B"
"B2",0.500342427603255,"Blastomere B"
"B2",0.508722310970211,"Blastomere B"
"B2",0.497305938324464,"Blastomere B"
"B2",0.497573960151664,"Blastomere B"
"B2",0.494943445838875,"Blastomere B"
"B2",0.482675190740117,"Blastomere B"
"B2",0.511829821610986,"Blastomere B"
"B2",0.491590806859562,"Blastomere B"
"B2",0.499957127260289,"Blastomere B"
"B2",0.501207619759987,"Blastomere B"
"B2",0.498721645622805,"Blastomere B"
"B2",0.500960541404776,"Blastomere B"
"B2",0.488176836694379,"Blastomere B"
"B2",0.496230246548711,"Blastomere B"
"B2",0.498937374175601,"Blastomere B"
"B2",0.495244142893187,"Blastomere B"
"B2",0.496491998207657,"Blastomere B"
"B2",0.506547542904843,"Blastomere B"
"B2",0.497420062716368,"Blastomere B"
"B2",0.489357323636308,"Blastomere B"
"B2",0.498722496779234,"Blastomere B"
"B2",0.495165389380033,"Blastomere B"
"B2",0.499444791550776,"Blastomere B"
"B2",0.505483635770803,"Blastomere B"
"B2",0.499022010662885,"Blastomere B"
"B2",0.500027122584638,"Blastomere B"
"B2",0.496655471644132,"Blastomere B"
"B2",0.499382666777329,"Blastomere B"
"B2",0.487469243629406,"Blastomere B"
"B2",0.501728715336505,"Blastomere B"
"B2",0.493640687146311,"Blastomere B"
"B2",0.503343948355435,"Blastomere B"
"B2",0.496416328629179,"Blastomere B"
"B2",0.504976036788144,"Blastomere B"
"B2",0.497751228802983,"Blastomere B"
"B2",0.49706681649336,"Blastomere B"
"B2",0.49846696562614,"Blastomere B"
"B2",0.500857058057091,"Blastomere B"
"B2",0.487503602837119,"Blastomere B"
"B2",0.493023136496182,"Blastomere B"
"B2",0.505678736165235,"Blastomere B"
"B2",0.489236922467365,"Blastomere B"
"B2",0.500742291758588,"Blastomere B"
"B2",0.498969723702006,"Blastomere B"
"B2",0.499358952947563,"Blastomere B"
"B2",0.496813384920391,"Blastomere B"
"B2",0.505999011149766,"Blastomere B"
"B2",0.487192566048156,"Blastomere B"
"B2",0.502486860686875,"Blastomere B"
"B2",0.487427428949611,"Blastomere B"
"B2",0.50771673654259,"Blastomere B"
"B2",0.491325038761442,"Blastomere B"
"B2",0.501045517366541,"Blastomere B"
"B2",0.491165487790479,"Blastomere B"
"B2",0.503584517497149,"Blastomere B"
"B2",0.497580471969155,"Blastomere B"
"B2",0.489919817609154,"Blastomere B"
"B2",0.498227628201992,"Blastomere B"
"B2",0.485312771596098,"Blastomere B"
"B2",0.490378825122262,"Blastomere B"
"B2",0.50362313178965,"Blastomere B"
"B2",0.49221013083549,"Blastomere B"
"B2",0.494124903600498,"Blastomere B"
"B2",0.491126000025298,"Blastomere B"
"B2",0.504971665214942,"Blastomere B"
"B2",0.494039509299692,"Blastomere B"
"B2",0.501764282972503,"Blastomere B"
"B2",0.487456913540557,"Blastomere B"
"B2",0.494872970337305,"Blastomere B"
"B2",0.495538590549534,"Blastomere B"
"B2",0.498384453278115,"Blastomere B"
"B2",0.498654029903624,"Blastomere B"
"B2",0.498293467980744,"Blastomere B"
"B2",0.499524802363821,"Blastomere B"
"B2",0.492572622710029,"Blastomere B"
"B2",0.493056776667976,"Blastomere B"
"B2",0.501181403148587,"Blastomere B"
"B2",0.506051838803573,"Blastomere B"
"B2",0.508069723485172,"Blastomere B"
"B2",0.489390769782049,"Blastomere B"
"B2",0.491054337475919,"Blastomere B"
"B2",0.495200205027789,"Blastomere B"
"B2",0.497966756811626,"Blastomere B"
"B2",0.495997586952057,"Blastomere B"
"B2",0.494267048328653,"Blastomere B"
"B2",0.489680378361852,"Blastomere B"
"B2",0.501911219697637,"Blastomere B"
"B2",0.506343762357939,"Blastomere B"
"B2",0.492856756001965,"Blastomere B"
"B2",0.497287348234364,"Blastomere B"
"B2",0.490709333716074,"Blastomere B"
"B2",0.501872041943153,"Blastomere B"
"B2",0.492741788335155,"Blastomere B"
"B2",0.484832335030311,"Blastomere B"
"B2",0.5078570550495,"Blastomere B"
"B2",0.504356527561224,"Blastomere B"
"B2",0.486050774899322,"Blastomere B"
"B2",0.507057282159519,"Blastomere B"
"B2",0.495802578458648,"Blastomere B"
"B2",0.500617753327447,"Blastomere B"
"B2",0.496207191941691,"Blastomere B"
"B2",0.491265201320887,"Blastomere B"
"B2",0.502159759361248,"Blastomere B"
"B2",0.493919830690456,"Blastomere B"
"B2",0.499250845327514,"Blastomere B"
"B2",0.504742794255193,"Blastomere B"
"B2",0.499347079482052,"Blastomere B"
"B2",0.501338452592313,"Blastomere B"
"B2",0.502072265844788,"Blastomere B"
"B2",0.48413897112864,"Blastomere B"
"B2",0.499477531144107,"Blastomere B"
"B2",0.497319009715954,"Blastomere B"
"B2",0.495999338388279,"Blastomere B"
"B2",0.496658689889078,"Blastomere B"
"B2",0.499952511695927,"Blastomere B"
"B2",0.498022483638891,"Blastomere B"
"B2",0.493597444911406,"Blastomere B"
"B2",0.509935890414629,"Blastomere B"
"B2",0.49082432935215,"Blastomere B"
"B2",0.499276493359697,"Blastomere B"
"B2",0.493509217574161,"Blastomere B"
"B2",0.501040700532774,"Blastomere B"
"B2",0.501017052441916,"Blastomere B"
"B2",0.496862350138728,"Blastomere B"
"B2",0.488360584458201,"Blastomere B"
"B2",0.494967732351901,"Blastomere B"
"B2",0.504333666420613,"Blastomere B"
"B2",0.502249272783596,"Blastomere B"
"B2",0.498716822426181,"Blastomere B"
"B2",0.503504900179844,"Blastomere B"
"B2",0.499671899647736,"Blastomere B"
"B2",0.50896279551174,"Blastomere B"
"B2",0.489142557417228,"Blastomere B"
"B2",0.499446877458823,"Blastomere B"
"B2",0.505876335667073,"Blastomere B"
"B2",0.498834166417884,"Blastomere B"
"B2",0.494879663523517,"Blastomere B"
"B2",0.500696918917115,"Blastomere B"
"B2",0.500935260314362,"Blastomere B"
"B2",0.510350907276834,"Blastomere B"
"B2",0.484707724620973,"Blastomere B"
"B2",0.50659141964961,"Blastomere B"
"B2",0.500085748670918,"Blastomere B"
"B2",0.497335994479841,"Blastomere B"
"B2",0.498131843775107,"Blastomere B"
"B2",0.496028012137134,"Blastomere B"
"B2",0.491554340175719,"Blastomere B"
"B2",0.499728903951126,"Blastomere B"
"B2",0.504355638715892,"Blastomere B"
"B2",0.49605925223189,"Blastomere B"
"B2",0.492624005719523,"Blastomere B"
"B2",0.500411207920079,"Blastomere B"
"B2",0.503752091441307,"Blastomere B"
"B2",0.506191141320066,"Blastomere B"
"B2",0.497298896361669,"Blastomere B"
"B2",0.500684350370096,"Blastomere B"
"B2",0.503636271625646,"Blastomere B"
"B2",0.504208640062204,"Blastomere B"
"B2",0.504732389260658,"Blastomere B"
"B2",0.497188896037612,"Blastomere B"
"B2",0.492071267434351,"Blastomere B"
"B2",0.495672319431819,"Blastomere B"
"B2",0.49735829063687,"Blastomere B"
"B2",0.495060957968878,"Blastomere B"
"B2",0.486149428397702,"Blastomere B"
"B2",0.489414210390242,"Blastomere B"
"B2",0.500527910617274,"Blastomere B"
"B2",0.499202157240935,"Blastomere B"
"B2",0.490677892946622,"Blastomere B"
"B2",0.493278722968815,"Blastomere B"
"B2",0.493382207530676,"Blastomere B"
"B2",0.492052762584432,"Blastomere B"
"B2",0.50685858157348,"Blastomere B"
"B2",0.507480909476321,"Blastomere B"
"B2",0.509935107593041,"Blastomere B"
"B2",0.486597225247237,"Blastomere B"
"B2",0.487814816408244,"Blastomere B"
"B2",0.494563674942539,"Blastomere B"
"B2",0.502495425783924,"Blastomere B"
"B2",0.509919358223133,"Blastomere B"
"B2",0.498047424726518,"Blastomere B"
"B2",0.486348301850499,"Blastomere B"
"B2",0.496548818276709,"Blastomere B"
"B2",0.503617657889051,"Blastomere B"
"B2",0.501634172789581,"Blastomere B"
"B2",0.491665178253288,"Blastomere B"
"B2",0.496588548825967,"Blastomere B"
"B2",0.494841355806733,"Blastomere B"
"B2",0.507882585209369,"Blastomere B"
"B2",0.498768961389157,"Blastomere B"
"B2",0.503448036731234,"Blastomere B"
"B2",0.494094620835581,"Blastomere B"
"B2",0.49879124831669,"Blastomere B"
"B2",0.490818202434393,"Blastomere B"
"B2",0.493582715859419,"Blastomere B"
"B2",0.511825386601176,"Blastomere B"
"B2",0.504291302221829,"Blastomere B"
"B2",0.493140182981889,"Blastomere B"
"B2",0.494380591329725,"Blastomere B"
"B2",0.494092395776598,"Blastomere B"
"B2",0.508409674603591,"Blastomere B"
"B2",0.508849694648954,"Blastomere B"
"B2",0.501952306102499,"Blastomere B"
"B2",0.506120621776103,"Blastomere B"
"B2",0.511038606743114,"Blastomere B"
"B2",0.4905359100996,"Blastomere B"
"B2",0.501199813326949,"Blastomere B"
"B2",0.486107305131425,"Blastomere B"
"B2",0.504185476124639,"Blastomere B"
"B2",0.501104058300552,"Blastomere B"
"B2",0.49262175711912,"Blastomere B"
"B2",0.498912219405271,"Blastomere B"
"B2",0.481125056593648,"Blastomere B"
"B2",0.492165078880627,"Blastomere B"
"B2",0.500615065024263,"Blastomere B"
"B2",0.500999986854895,"Blastomere B"
"B2",0.487978003661493,"Blastomere B"
"B2",0.492968411439278,"Blastomere B"
"B2",0.498244089223884,"Blastomere B"
"B2",0.501290702776587,"Blastomere B"
"B2",0.499508578031505,"Blastomere B"
"B2",0.506112861975064,"Blastomere B"
"B2",0.501094326605988,"Blastomere B"
"B2",0.5058438443592,"Blastomere B"
"B2",0.508978075426177,"Blastomere B"
"B2",0.495978311300169,"Blastomere B"
"B2",0.49613520752001,"Blastomere B"
"B2",0.493715043808229,"Blastomere B"
"B2",0.48877487096628,"Blastomere B"
"B2",0.49587095643375,"Blastomere B"
"B2",0.488270166103689,"Blastomere B"
"B2",0.497262067744527,"Blastomere B"
"B2",0.491127348897315,"Blastomere B"
"B2",0.496073587248685,"Blastomere B"
"B2",0.498252882096683,"Blastomere B"
"B2",0.500481581649498,"Blastomere B"
"B2",0.493744993230933,"Blastomere B"
"B2",0.510070916626658,"Blastomere B"
"B2",0.493284563481319,"Blastomere B"
"B2",0.497702882043502,"Blastomere B"
"B2",0.491121260956053,"Blastomere B"
"B2",0.504331715370594,"Blastomere B"
"B2",0.506870261530095,"Blastomere B"
"B2",0.494351268029003,"Blastomere B"
"B2",0.484531261413443,"Blastomere B"
"B2",0.489812818954408,"Blastomere B"
"B2",0.498592674450607,"Blastomere B"
"B2",0.503939777904018,"Blastomere B"
"B2",0.498410492368649,"Blastomere B"
"B2",0.501425570672402,"Blastomere B"
"B2",0.506267776693195,"Blastomere B"
"B2",0.498280845261012,"Blastomere B"
"B2",0.500094129420618,"Blastomere B"
"B2",0.494238096039886,"Blastomere B"
"B2",0.494485317704793,"Blastomere B"
"B2",0.489561668834074,"Blastomere B"
"B2",0.487373363482901,"Blastomere B"
"B2",0.501274891361421,"Blastomere B"
"B2",0.50667630632714,"Blastomere B"
"B2",0.50646766290446,"Blastomere B"
"B2",0.499320865526722,"Blastomere B"
"B2",0.496889998144152,"Blastomere B"
"B2",0.499136189723448,"Blastomere B"
"B2",0.487477132416814,"Blastomere B"
"B2",0.485983271418659,"Blastomere B"
"B2",0.497322665859379,"Blastomere B"
"B2",0.506385391670191,"Blastomere B"
"B2",0.496966479773805,"Blastomere B"
"B2",0.49989432356783,"Blastomere B"
"B2",0.498324730429762,"Blastomere B"
"B2",0.506541656155041,"Blastomere B"
"B2",0.499557768158652,"Blastomere B"
"B2",0.491620381653106,"Blastomere B"
"B2",0.498932046040827,"Blastomere B"
"B2",0.497010216082197,"Blastomere B"
"B2",0.506486775757083,"Blastomere B"
"B2",0.498760934963905,"Blastomere B"
"B2",0.499635386427923,"Blastomere B"
"B2",0.504364522878561,"Blastomere B"
"B2",0.488662578612368,"Blastomere B"
"B2",0.481672634464787,"Blastomere B"
"B2",0.505015978270012,"Blastomere B"
"B2",0.488661052343612,"Blastomere B"
"B2",0.49617076003525,"Blastomere B"
"B2",0.492975709666658,"Blastomere B"
"B2",0.49397053595198,"Blastomere B"
"B2",0.496608187005398,"Blastomere B"
"B2",0.506989445543354,"Blastomere B"
"B2",0.505921150574843,"Blastomere B"
"B2",0.514027690333724,"Blastomere B"
"B2",0.492721789427431,"Blastomere B"
"B2",0.490693154087582,"Blastomere B"
"B2",0.493252394731231,"Blastomere B"
"B2",0.49390774714569,"Blastomere B"
"B2",0.49920665437722,"Blastomere B"
"B2",0.502765773402013,"Blastomere B"
"B2",0.504652764662414,"Blastomere B"
"B2",0.496210626189424,"Blastomere B"
"B2",0.500050686255431,"Blastomere B"
"B2",0.490137075922846,"Blastomere B"
"B2",0.488974270081227,"Blastomere B"
"B2",0.504633567333855,"Blastomere B"
"B2",0.495774525746795,"Blastomere B"
"B2",0.504288977572695,"Blastomere B"
"B2",0.496018144165858,"Blastomere B"
"B2",0.500538632341997,"Blastomere B"
"B2",0.504502508019045,"Blastomere B"
"B2",0.498162940561586,"Blastomere B"
"B2",0.498807167601618,"Blastomere B"
"B2",0.496446050752984,"Blastomere B"
"B2",0.499562407979229,"Blastomere B"
"B2",0.501410092463779,"Blastomere B"
"B2",0.490850759285553,"Blastomere B"
"B2",0.493150879245639,"Blastomere B"
"B2",0.498858534279062,"Blastomere B"
"B2",0.493277461400678,"Blastomere B"
"B2",0.501382785888255,"Blastomere B"
"B2",0.482097716739589,"Blastomere B"
"B2",0.500618268072947,"Blastomere B"
"B2",0.494210286531406,"Blastomere B"
"B2",0.50256436635136,"Blastomere B"
"B2",0.496119270787592,"Blastomere B"
"B2",0.495635761676794,"Blastomere B"
"B2",0.506515349518412,"Blastomere B"
"B2",0.49413036815076,"Blastomere B"
"B2",0.493226841897183,"Blastomere B"
"B2",0.496451350182517,"Blastomere B"
"B2",0.50573313809509,"Blastomere B"
"B2",0.496710237975904,"Blastomere B"
"B2",0.507324985515476,"Blastomere B"
"B2",0.500167375473743,"Blastomere B"
"B2",0.487592699719645,"Blastomere B"
"B2",0.489868723110976,"Blastomere B"
"B2",0.501568628166119,"Blastomere B"
"B2",0.485850425448624,"Blastomere B"
"B2",0.491745722795689,"Blastomere B"
"B2",0.515465112022277,"Blastomere B"
"B2",0.499692974351768,"Blastomere B"
"B2",0.492220994703232,"Blastomere B"
"B2",0.495504842552736,"Blastomere B"
"B2",0.495902644380967,"Blastomere B"
"B2",0.490629751307761,"Blastomere B"
"B2",0.494096160516995,"Blastomere B"
"B2",0.503092522149131,"Blastomere B"
"B2",0.496530097652023,"Blastomere B"
"B2",0.494476278463505,"Blastomere B"
"B2",0.494144231356046,"Blastomere B"
"B2",0.484777646569091,"Blastomere B"
"B2",0.498731102395575,"Blastomere B"
"B2",0.494041743698876,"Blastomere B"
"B2",0.506695693530563,"Blastomere B"
"B2",0.499314041926718,"Blastomere B"
"B2",0.498226379309272,"Blastomere B"
"B2",0.48957723347829,"Blastomere B"
"B2",0.502719361840962,"Blastomere B"
"B2",0.477317830774011,"Blastomere B"
"B2",0.504114002064768,"Blastomere B"
"B2",0.495256642103668,"Blastomere B"
"B2",0.505063452578643,"Blastomere B"
"B2",0.503595266811154,"Blastomere B"
"B2",0.502051918315823,"Blastomere B"
"B2",0.501039054480781,"Blastomere B"
"B2",0.491683115953295,"Blastomere B"
"B2",0.503503851655528,"Blastomere B"
"B2",0.4979570932229,"Blastomere B"
"B2",0.504536600855661,"Blastomere B"
"B2",0.503431965906649,"Blastomere B"
"B2",0.501959745334705,"Blastomere B"
"B2",0.490646797930503,"Blastomere B"
"B2",0.491677272567983,"Blastomere B"
"B2",0.50054784202477,"Blastomere B"
"B2",0.504575574897901,"Blastomere B"
"B2",0.498191153246726,"Blastomere B"
"B2",0.507462838372139,"Blastomere B"
"B2",0.4932033541277,"Blastomere B"
"B2",0.497109858956769,"Blastomere B"
"B2",0.484195456035645,"Blastomere B"
"B2",0.5028204690102,"Blastomere B"
"B2",0.487584234258433,"Blastomere B"
"B2",0.493723083402542,"Blastomere B"
"B2",0.484985499346713,"Blastomere B"
"B2",0.489902254946377,"Blastomere B"
"B2",0.492493487005507,"Blastomere B"
"B2",0.512604766293267,"Blastomere B"
"B2",0.500539039222014,"Blastomere B"
"B2",0.492836341313098,"Blastomere B"
"B2",0.50770438944786,"Blastomere B"
"B2",0.512640562685996,"Blastomere B"
"B2",0.491218051647236,"Blastomere B"
"B2",0.497436066971297,"Blastomere B"
"B2",0.493189215125312,"Blastomere B"
"B2",0.486232348328013,"Blastomere B"
"B2",0.500463777063063,"Blastomere B"
"B2",0.502702894115314,"Blastomere B"
"B2",0.498154632028399,"Blastomere B"
"B2",0.485350190414943,"Blastomere B"
"B2",0.503387085828064,"Blastomere B"
"B2",0.489976928236442,"Blastomere B"
"B2",0.492540648477647,"Blastomere B"
"B2",0.503057224851133,"Blastomere B"
"B2",0.506503946716277,"Blastomere B"
"B2",0.493945344032241,"Blastomere B"
"B2",0.49588575671472,"Blastomere B"
"B2",0.504620333459443,"Blastomere B"
"B2",0.503445259920805,"Blastomere B"
"B2",0.492203808010438,"Blastomere B"
"B2",0.50368235445614,"Blastomere B"
"B2",0.493562763196798,"Blastomere B"
"B2",0.500476562853928,"Blastomere B"
"B2",0.496255559596787,"Blastomere B"
"B2",0.490678967388954,"Blastomere B"
"B2",0.496675152602152,"Blastomere B"
"B2",0.493970539402048,"Blastomere B"
"B2",0.495806056678456,"Blastomere B"
"B2",0.495631828441945,"Blastomere B"
"B2",0.495672711161516,"Blastomere B"
"B2",0.496148384304101,"Blastomere B"
"B2",0.495466542138374,"Blastomere B"
"B2",0.495579765707304,"Blastomere B"
"B2",0.502239933409498,"Blastomere B"
"B2",0.491424680385245,"Blastomere B"
"B2",0.500661103844761,"Blastomere B"
"B2",0.509668601542567,"Blastomere B"
"B2",0.49699460071345,"Blastomere B"
"B2",0.494397271764126,"Blastomere B"
"B2",0.495191529099632,"Blastomere B"
"B2",0.492937802040896,"Blastomere B"
"B2",0.493043011414255,"Blastomere B"
"B2",0.49346814986661,"Blastomere B"
"B2",0.510139456219721,"Blastomere B"
"B2",0.498967704225256,"Blastomere B"
"B2",0.509752300927261,"Blastomere B"
"B2",0.509974644861887,"Blastomere B"
"B2",0.505984295062644,"Blastomere B"
"B2",0.490713248878117,"Blastomere B"
"B2",0.5099083101229,"Blastomere B"
"B2",0.494808909628191,"Blastomere B"
"B2",0.50618493733907,"Blastomere B"
"B2",0.502079677251453,"Blastomere B"
"B2",0.49001961753861,"Blastomere B"
"B2",0.499951224094119,"Blastomere B"
"B2",0.490418815089946,"Blastomere B"
"B2",0.501220119903108,"Blastomere B"
"B2",0.499382266811411,"Blastomere B"
"B2",0.507822491813075,"Blastomere B"
"B2",0.492646453398474,"Blastomere B"
"B2",0.502383577848293,"Blastomere B"
"B2",0.49556504519365,"Blastomere B"
"B2",0.503688368658388,"Blastomere B"
"B2",0.496082525975799,"Blastomere B"
"B2",0.491906827454725,"Blastomere B"
"B2",0.484009298571384,"Blastomere B"
"B2",0.515546729270958,"Blastomere B"
"B2",0.488530906787698,"Blastomere B"
"B2",0.50636378765903,"Blastomere B"
"B2",0.49808787550094,"Blastomere B"
"B2",0.503847111649166,"Blastomere B"
"B2",0.494495750732537,"Blastomere B"
"B2",0.501307091438156,"Blastomere B"
"B2",0.491992100537247,"Blastomere B"
"B2",0.512418920024406,"Blastomere B"
"B2",0.498390421583138,"Blastomere B"
"B2",0.499751186708839,"Blastomere B"
"B2",0.488424306293088,"Blastomere B"
"B2",0.500778729546872,"Blastomere B"
"B2",0.498401119239413,"Blastomere B"
"B2",0.497127104311719,"Blastomere B"
"B2",0.50009952711405,"Blastomere B"
"B2",0.499621100018405,"Blastomere B"
"B2",0.50121997207884,"Blastomere B"
"B2",0.49518817000055,"Blastomere B"
"B2",0.499868283625724,"Blastomere B"
"B2",0.501553334277355,"Blastomere B"
"B2",0.500173451009661,"Blastomere B"
"B2",0.486808198270938,"Blastomere B"
"B2",0.489764539105228,"Blastomere B"
"B2",0.492563808529633,"Blastomere B"
"B2",0.501573409832528,"Blastomere B"
"B2",0.495682764925925,"Blastomere B"
"B2",0.491842838977526,"Blastomere B"
"B2",0.490205380985088,"Blastomere B"
"B2",0.500708036153155,"Blastomere B"
"B2",0.493289437635504,"Blastomere B"
"B2",0.495781193358721,"Blastomere B"
"B2",0.49509792913431,"Blastomere B"
"B2",0.49337067420957,"Blastomere B"
"B2",0.497785919804918,"Blastomere B"
"B2",0.491374282766323,"Blastomere B"
"B2",0.491512887164686,"Blastomere B"
"B2",0.501345661425565,"Blastomere B"
"B2",0.497955890865849,"Blastomere B"
"B2",0.492967014050926,"Blastomere B"
"B2",0.490901017490418,"Blastomere B"
"B2",0.49976470657636,"Blastomere B"
"B2",0.513630945858832,"Blastomere B"
"B2",0.497777964939053,"Blastomere B"
"B2",0.483431390073089,"Blastomere B"
"B2",0.488292431160605,"Blastomere B"
"B2",0.502855759272251,"Blastomere B"
"B2",0.512255734163144,"Blastomere B"
"B2",0.497721095979353,"Blastomere B"
"B2",0.506105263093102,"Blastomere B"
"B2",0.500596304211748,"Blastomere B"
"B2",0.497558564324197,"Blastomere B"
"B2",0.49789196684232,"Blastomere B"
"B2",0.499854417195649,"Blastomere B"
"B2",0.496830017352669,"Blastomere B"
"B2",0.498184319092719,"Blastomere B"
"B2",0.49009921972732,"Blastomere B"
"B2",0.499581705248257,"Blastomere B"
"B2",0.513663985150962,"Blastomere B"
"B2",0.515725189343692,"Blastomere B"
"B2",0.497335470083199,"Blastomere B"
"B2",0.483694707207315,"Blastomere B"
"B2",0.507313405665926,"Blastomere B"
"B2",0.49612992562538,"Blastomere B"
"B2",0.496068922850559,"Blastomere B"
"B2",0.498902244524567,"Blastomere B"
"B2",0.516066805117763,"Blastomere B"
"B2",0.494376128381335,"Blastomere B"
"B2",0.495046390751078,"Blastomere B"
"B2",0.490402021623209,"Blastomere B"
"B2",0.495880208582219,"Blastomere B"
"B2",0.508052345107664,"Blastomere B"
"B2",0.497000316772802,"Blastomere B"
"B2",0.500799436248314,"Blastomere B"
"B2",0.493411222081024,"Blastomere B"
"B2",0.498636145523681,"Blastomere B"
"B2",0.50630275244342,"Blastomere B"
"B2",0.500545440136732,"Blastomere B"
"B2",0.490717001772183,"Blastomere B"
"B2",0.491249699964096,"Blastomere B"
"B2",0.503224567149165,"Blastomere B"
"B2",0.504390472502591,"Blastomere B"
"B2",0.498907545726257,"Blastomere B"
"B2",0.497005764000005,"Blastomere B"
"B2",0.496915683278888,"Blastomere B"
"B2",0.50891961140333,"Blastomere B"
"B2",0.497811593583127,"Blastomere B"
"B2",0.492280361186066,"Blastomere B"
"B2",0.492573569358258,"Blastomere B"
"B2",0.48945775448287,"Blastomere B"
"B2",0.498722274254054,"Blastomere B"
"B2",0.501099610792247,"Blastomere B"
"B2",0.496246453212751,"Blastomere B"
"B2",0.498708929388793,"Blastomere B"
"B2",0.497294734524166,"Blastomere B"
"B2",0.501047237175702,"Blastomere B"
"B2",0.511286724393537,"Blastomere B"
"B2",0.508925396145789,"Blastomere B"
"B2",0.499468756524701,"Blastomere B"
"B2",0.487792729636859,"Blastomere B"
"B2",0.487408578544761,"Blastomere B"
"B2",0.504870944762963,"Blastomere B"
"B2",0.495042651403561,"Blastomere B"
"B2",0.488822136143801,"Blastomere B"
"B2",0.503578373552002,"Blastomere B"
"B2",0.510864151739021,"Blastomere B"
"B2",0.504723284287574,"Blastomere B"
"B2",0.496949570188171,"Blastomere B"
"B2",0.496128824181696,"Blastomere B"
"B2",0.497325517043775,"Blastomere B"
"B2",0.500230432209347,"Blastomere B"
"B2",0.503418414729038,"Blastomere B"
"B2",0.502718045628446,"Blastomere B"
"B2",0.494819919590715,"Blastomere B"
"B2",0.5035592383421,"Blastomere B"
"B2",0.492262622973621,"Blastomere B"
"B2",0.492735995384815,"Blastomere B"
"B2",0.496624875752288,"Blastomere B"
"B2",0.506569449466996,"Blastomere B"
"B2",0.497488223255778,"Blastomere B"
"B2",0.500938649350506,"Blastomere B"
"B2",0.495412406973796,"Blastomere B"
"B2",0.507083565754204,"Blastomere B"
"B2",0.492709964136021,"Blastomere B"
"B2",0.500331491899672,"Blastomere B"
"B2",0.490320125258384,"Blastomere B"
"B2",0.496257857305361,"Blastomere B"
"B2",0.49945303613026,"Blastomere B"
"B2",0.50010504035613,"Blastomere B"
"B2",0.500651677400597,"Blastomere B"
"B2",0.487067878970609,"Blastomere B"
"B2",0.507423844007334,"Blastomere B"
"B2",0.495670566438725,"Blastomere B"
"B2",0.493713266863512,"Blastomere B"
"B2",0.49608367729189,"Blastomere B"
"B2",0.492374510593877,"Blastomere B"
"B2",0.496449678601278,"Blastomere B"
"B2",0.501744267425329,"Blastomere B"
"B2",0.499586456707161,"Blastomere B"
"B2",0.502432085868996,"Blastomere B"
"B2",0.493191172644552,"Blastomere B"
"B2",0.496108680277979,"Blastomere B"
"B2",0.48818522644814,"Blastomere B"
"B2",0.497015896576247,"Blastomere B"
"B2",0.517096286126851,"Blastomere B"
"B2",0.50519652302316,"Blastomere B"
"B2",0.489993640650508,"Blastomere B"
"B2",0.486568981074718,"Blastomere B"
"B2",0.491539431043636,"Blastomere B"
"B2",0.490259501678235,"Blastomere B"
"B2",0.502911130331358,"Blastomere B"
"B2",0.501478649513177,"Blastomere B"
"B2",0.499025166900529,"Blastomere B"
"B2",0.501345301567848,"Blastomere B"
"B2",0.498744040132347,"Blastomere B"
"B2",0.485384478318385,"Blastomere B"
"B2",0.506945688838369,"Blastomere B"
"B2",0.498769969271326,"Blastomere B"
"B2",0.500291256430184,"Blastomere B"
"B2",0.485366925243711,"Blastomere B"
"B2",0.49845564836307,"Blastomere B"
"B2",0.50084282423991,"Blastomere B"
"B2",0.497990087424084,"Blastomere B"
"B2",0.483284146046482,"Blastomere B"
"B2",0.496243645636575,"Blastomere B"
"B2",0.497109699469446,"Blastomere B"
"B2",0.490309803833163,"Blastomere B"
"B2",0.494715706028328,"Blastomere B"
"B2",0.500768085692372,"Blastomere B"
"B2",0.498545031261267,"Blastomere B"
"B2",0.502846038374825,"Blastomere B"
"B2",0.505818871074691,"Blastomere B"
"B2",0.500084798028994,"Blastomere B"
"B2",0.501991386197882,"Blastomere B"
"B2",0.509808089683593,"Blastomere B"
"B2",0.501014512643734,"Blastomere B"
"B2",0.495413404466202,"Blastomere B"
"B2",0.492989920639886,"Blastomere B"
"B2",0.493221658669952,"Blastomere B"
"B2",0.497185165413814,"Blastomere B"
"B2",0.496480592985771,"Blastomere B"
"B2",0.488170493343656,"Blastomere B"
"B2",0.502765276058121,"Blastomere B"
"B2",0.492744897843105,"Blastomere B"
"B2",0.500799111587361,"Blastomere B"
"B2",0.507669780858232,"Blastomere B"
"B2",0.493938304983135,"Blastomere B"
"B2",0.496258722613172,"Blastomere B"
"B2",0.495421516178788,"Blastomere B"
"B2",0.505144806979793,"Blastomere B"
"B2",0.500541823891586,"Blastomere B"
"B2",0.500637535515529,"Blastomere B"
"B2",0.48966522813288,"Blastomere B"
"B2",0.494664283640596,"Blastomere B"
"B2",0.492265593306447,"Blastomere B"
"B2",0.498714888889245,"Blastomere B"
"B2",0.501204205836749,"Blastomere B"
"B2",0.495708002383519,"Blastomere B"
"B2",0.493615288498697,"Blastomere B"
"B2",0.493436363954038,"Blastomere B"
"B2",0.503234931885745,"Blastomere B"
"B2",0.493397936869795,"Blastomere B"
"B2",0.5075736761577,"Blastomere B"
"B2",0.496186366138538,"Blastomere B"
"B2",0.497089501608772,"Blastomere B"
"B2",0.492025577956315,"Blastomere B"
"B2",0.501594956459017,"Blastomere B"
"B2",0.49329764734804,"Blastomere B"
"B2",0.50246019644625,"Blastomere B"
"B2",0.500165327482602,"Blastomere B"
"B2",0.498844471206994,"Blastomere B"
"B2",0.503916034043729,"Blastomere B"
"B2",0.492643970607786,"Blastomere B"
"B2",0.494292602952709,"Blastomere B"
"B2",0.48914660124,"Blastomere B"
"B2",0.502863471099842,"Blastomere B"
"B2",0.49353925206383,"Blastomere B"
"B2",0.492250751370297,"Blastomere B"
"B2",0.495109478536623,"Blastomere B"
"B2",0.495905540350727,"Blastomere B"
"B2",0.49723667482456,"Blastomere B"
"B2",0.497601225979427,"Blastomere B"
"B2",0.499189988419692,"Blastomere B"
"B2",0.489470312713118,"Blastomere B"
"B2",0.503816891317493,"Blastomere B"
"B2",0.490047572295198,"Blastomere B"
"B2",0.498667800363892,"Blastomere B"
"B2",0.499998958102284,"Blastomere B"
"B2",0.502667454412192,"Blastomere B"
"B2",0.495397309399724,"Blastomere B"
"B2",0.491733956242996,"Blastomere B"
"B2",0.48963226760678,"Blastomere B"
"B2",0.499500657269399,"Blastomere B"
"B2",0.500440029413027,"Blastomere B"
"B2",0.503651539891118,"Blastomere B"
"B2",0.493096392093704,"Blastomere B"
"B2",0.500749349787001,"Blastomere B"
"B2",0.506003722854362,"Blastomere B"
"B2",0.49948339060058,"Blastomere B"
"B2",0.495780115200633,"Blastomere B"
"B2",0.508557116426524,"Blastomere B"
"B2",0.497710024315615,"Blastomere B"
"B2",0.497507843047863,"Blastomere B"
"B2",0.512029880626459,"Blastomere B"
"B2",0.495777416534277,"Blastomere B"
"B2",0.482661962432082,"Blastomere B"
"B2",0.507047182633134,"Blastomere B"
"B2",0.500583102634081,"Blastomere B"
"B2",0.50218603942873,"Blastomere B"
"B2",0.502754757847557,"Blastomere B"
"B2",0.487418681215171,"Blastomere B"
"B2",0.499831730960624,"Blastomere B"
"B2",0.509077702710084,"Blastomere B"
"B2",0.489538717582247,"Blastomere B"
"B2",0.498465199859852,"Blastomere B"
"B2",0.505765847806257,"Blastomere B"
"B2",0.500678796967712,"Blastomere B"
"B2",0.498383925326959,"Blastomere B"
"B2",0.498941793692631,"Blastomere B"
"B2",0.495975355954121,"Blastomere B"
"B2",0.497313023395129,"Blastomere B"
"B2",0.500656957219096,"Blastomere B"
"B2",0.489593326866796,"Blastomere B"
"B2",0.486227048558076,"Blastomere B"
"B2",0.496645638135287,"Blastomere B"
"B2",0.476791395162221,"Blastomere B"
"B2",0.499276940893347,"Blastomere B"
"B2",0.493158633922974,"Blastomere B"
"B2",0.495589295559977,"Blastomere B"
"B2",0.507277847546528,"Blastomere B"
"B2",0.495693506687196,"Blastomere B"
"B2",0.504933904596937,"Blastomere B"
"B2",0.509167270645493,"Blastomere B"
"B2",0.491551239409263,"Blastomere B"
"B2",0.489320807642357,"Blastomere B"
"B2",0.489582155625507,"Blastomere B"
"B2",0.499228702116966,"Blastomere B"
"B2",0.499799312676665,"Blastomere B"
"B2",0.497468351807873,"Blastomere B"
"B2",0.493093213816885,"Blastomere B"
"B2",0.501453419718779,"Blastomere B"
"B2",0.496385076838716,"Blastomere B"
"B2",0.503403836287269,"Blastomere B"
"B2",0.505568540993556,"Blastomere B"
"B2",0.497143798175725,"Blastomere B"
"B2",0.49991913217178,"Blastomere B"
"B2",0.50193918636056,"Blastomere B"
"B2",0.500343518623259,"Blastomere B"
"B2",0.495781860780403,"Blastomere B"
"B2",0.50200965642169,"Blastomere B"
"B2",0.50482860347623,"Blastomere B"
"B2",0.498393026944571,"Blastomere B"
"B2",0.498761529418911,"Blastomere B"
"B2",0.50151503764508,"Blastomere B"
"B2",0.49504713751655,"Blastomere B"
"B2",0.490289844286233,"Blastomere B"
"B2",0.509296996679108,"Blastomere B"
"B2",0.49996391500043,"Blastomere B"
"B2",0.496173992238381,"Blastomere B"
"B2",0.502076039379026,"Blastomere B"
"B2",0.494417129819949,"Blastomere B"
"B2",0.489287753148467,"Blastomere B"
"B2",0.503995983221051,"Blastomere B"
"B2",0.499470651496543,"Blastomere B"
"B2",0.497650942041012,"Blastomere B"
"B2",0.511207754516902,"Blastomere B"
"B2",0.48272644364504,"Blastomere B"
"B2",0.493327633325049,"Blastomere B"
"B2",0.491935935078029,"Blastomere B"
"B2",0.504423534854129,"Blastomere B"
"B2",0.490771886612109,"Blastomere B"
"B2",0.502109594287003,"Blastomere B"
"B2",0.502259358582882,"Blastomere B"
"B2",0.506584980936478,"Blastomere B"
"B2",0.502426168574769,"Blastomere B"
"B2",0.489158426068133,"Blastomere B"
"B2",0.505043305470407,"Blastomere B"
"B2",0.498678715017556,"Blastomere B"
"B2",0.489106863056636,"Blastomere B"
"B2",0.506979176012992,"Blastomere B"
"B2",0.497111196553426,"Blastomere B"
"B2",0.496339487928388,"Blastomere B"
"B2",0.500783125503693,"Blastomere B"
"B2",0.495998747738182,"Blastomere B"
"B2",0.496070721196075,"Blastomere B"
"B2",0.499908867920315,"Blastomere B"
"B2",0.493284687155803,"Blastomere B"
"B2",0.495916930613771,"Blastomere B"
"B2",0.501955510798522,"Blastomere B"
"B2",0.498236312850035,"Blastomere B"
"B2",0.495637216619837,"Blastomere B"
"B2",0.499520952985124,"Blastomere B"
"B2",0.499449285032315,"Blastomere B"
"B2",0.493733652927278,"Blastomere B"
"B2",0.495707511314587,"Blastomere B"
"B2",0.505716540474508,"Blastomere B"
"B2",0.508251106434439,"Blastomere B"
"B2",0.492411450533976,"Blastomere B"
"B2",0.496021215083962,"Blastomere B"
"B2",0.492909822808694,"Blastomere B"
"B2",0.516030989365586,"Blastomere B"
"B2",0.506834815611867,"Blastomere B"
"B2",0.503494668905691,"Blastomere B"
"B2",0.508858619158825,"Blastomere B"
"B2",0.493989376029275,"Blastomere B"
"B2",0.512039517517806,"Blastomere B"
"B2",0.500182784641142,"Blastomere B"
"B2",0.490218410813728,"Blastomere B"
"B2",0.495105238228333,"Blastomere B"
"B2",0.494859010751552,"Blastomere B"
"B2",0.508719730737642,"Blastomere B"
"B2",0.495557665185941,"Blastomere B"
"B2",0.48769895218208,"Blastomere B"
"B2",0.507193345625445,"Blastomere B"
"B2",0.482068743718802,"Blastomere B"
"B2",0.508088626617067,"Blastomere B"
"B2",0.495994800467076,"Blastomere B"
"B2",0.500359509401467,"Blastomere B"
"B2",0.491421940291904,"Blastomere B"
"B2",0.49980497692724,"Blastomere B"
"B2",0.497387014951299,"Blastomere B"
"B2",0.486438563535304,"Blastomere B"
"B2",0.49745826460516,"Blastomere B"
"B2",0.500503880468449,"Blastomere B"
"B2",0.502934818610444,"Blastomere B"
"B2",0.496870402855008,"Blastomere B"
"B2",0.490690503979915,"Blastomere B"
"B2",0.498295221130386,"Blastomere B"
"B2",0.490192728125364,"Blastomere B"
"B2",0.494576304385916,"Blastomere B"
"B2",0.501086988730686,"Blastomere B"
"B2",0.503595532101189,"Blastomere B"
"B2",0.482348746877111,"Blastomere B"
"B2",0.508592670012013,"Blastomere B"
"B2",0.501080438834806,"Blastomere B"
"B2",0.496682462169991,"Blastomere B"
"B2",0.503348481452148,"Blastomere B"
"B2",0.505121314573744,"Blastomere B"
"B2",0.494532247935451,"Blastomere B"
"B2",0.504351576667544,"Blastomere B"
"B2",0.507184914025245,"Blastomere B"
"B2",0.507497165902161,"Blastomere B"
"B2",0.491647780428951,"Blastomere B"
"B2",0.497328957923092,"Blastomere B"
"B2",0.497684038834062,"Blastomere B"
"B2",0.491623590825222,"Blastomere B"
"B2",0.491934286679392,"Blastomere B"
"B2",0.48718242438734,"Blastomere B"
"B2",0.492286981340908,"Blastomere B"
"B2",0.50251277389659,"Blastomere B"
"B2",0.498751638099137,"Blastomere B"
"B2",0.493848305571567,"Blastomere B"
"B2",0.488962369710801,"Blastomere B"
"B2",0.513946873229961,"Blastomere B"
"B2",0.501610162392013,"Blastomere B"
"B2",0.508521634408867,"Blastomere B"
"B2",0.507846636255167,"Blastomere B"
"B2",0.500802404812217,"Blastomere B"
"B2",0.500169735986051,"Blastomere B"
"B2",0.501011118892515,"Blastomere B"
"B2",0.496194374276675,"Blastomere B"
"B2",0.494506305918086,"Blastomere B"
"B2",0.485739322226268,"Blastomere B"
"B2",0.487412635172574,"Blastomere B"
"B2",0.494779460536825,"Blastomere B"
"B2",0.501916004720425,"Blastomere B"
"B2",0.503812896403203,"Blastomere B"
"B2",0.489797994084969,"Blastomere B"
"B2",0.501778845910687,"Blastomere B"
"B2",0.498427343639567,"Blastomere B"
"B2",0.494872771053915,"Blastomere B"
"B2",0.502198599323382,"Blastomere B"
"B2",0.499664443845197,"Blastomere B"
"B2",0.484809782018579,"Blastomere B"
"B2",0.498144973967923,"Blastomere B"
"B2",0.499104352176613,"Blastomere B"
"B2",0.495644479849892,"Blastomere B"
"B2",0.506648973069812,"Blastomere B"
"B2",0.49336850540001,"Blastomere B"
"B2",0.499102934577838,"Blastomere B"
"B2",0.504557205757876,"Blastomere B"
"B2",0.50041685946089,"Blastomere B"
"B2",0.497863724210845,"Blastomere B"
"B2",0.500643110429896,"Blastomere B"
"B2",0.49776829164482,"Blastomere B"
"B2",0.495841260374243,"Blastomere B"
"B2",0.505314785060564,"Blastomere B"
"B2",0.505127406079764,"Blastomere B"
"B2",0.502106799665002,"Blastomere B"
"B2",0.496988667560085,"Blastomere B"
"B2",0.49495170526561,"Blastomere B"
"B2",0.50503538585877,"Blastomere B"
"B2",0.514741012229894,"Blastomere B"
"B2",0.49720848684749,"Blastomere B"
"B2",0.507500728648131,"Blastomere B"
"B2",0.499000425481117,"Blastomere B"
"B2",0.486902202300613,"Blastomere B"
"B2",0.495427749775433,"Blastomere B"
"B2",0.507240091398894,"Blastomere B"
"B2",0.499960659665175,"Blastomere B"
"B2",0.495207058110025,"Blastomere B"
"B2",0.504232881860823,"Blastomere B"
"B2",0.50014496444787,"Blastomere B"
"B2",0.505528713035184,"Blastomere B"
"B2",0.501892875169674,"Blastomere B"
"B2",0.496902985406657,"Blastomere B"
"B2",0.501506516962716,"Blastomere B"
"B2",0.486193764357551,"Blastomere B"
"B2",0.507193816501138,"Blastomere B"
"B2",0.497019123736294,"Blastomere B"
"B2",0.506764743004112,"Blastomere B"
"B2",0.496756577632598,"Blastomere B"
"B2",0.504166666875309,"Blastomere B"
"B2",0.50068816135389,"Blastomere B"
"B2",0.496152812683392,"Blastomere B"
"B2",0.503959510561626,"Blastomere B"
"B2",0.495144469593479,"Blastomere B"
"B2",0.496400508182719,"Blastomere B"
"B2",0.477050407330495,"Blastomere B"
"B2",0.504561632945849,"Blastomere B"
"B2",0.499464039370171,"Blastomere B"
"B2",0.501536121667308,"Blastomere B"
"B2",0.50389516711307,"Blastomere B"
"B2",0.500002537602338,"Blastomere B"
"B2",0.495667002042255,"Blastomere B"
"B2",0.498544652325291,"Blastomere B"
"B2",0.495274834371605,"Blastomere B"
"B2",0.493143892877636,"Blastomere B"
"B2",0.491923647900156,"Blastomere B"
"B2",0.502378729569085,"Blastomere B"
"B2",0.498571835925993,"Blastomere B"
"B2",0.505032557757266,"Blastomere B"
"B2",0.505467879785873,"Blastomere B"
"B2",0.497635575585927,"Blastomere B"
"B2",0.495162783924356,"Blastomere B"
"B2",0.502601903444413,"Blastomere B"
"B2",0.502377970402034,"Blastomere B"
"B2",0.486752380863912,"Blastomere B"
"B2",0.503802935901755,"Blastomere B"
"B2",0.489448199142237,"Blastomere B"
"B2",0.499042185278038,"Blastomere B"
"B2",0.495583374946171,"Blastomere B"
"B2",0.493190384879494,"Blastomere B"
"B2",0.496766455648703,"Blastomere B"
"B2",0.499825099894978,"Blastomere B"
"B2",0.500417257466396,"Blastomere B"
"B2",0.492780750280983,"Blastomere B"
"B2",0.498073664787343,"Blastomere B"
"B2",0.487414549080403,"Blastomere B"
"B2",0.489405128791692,"Blastomere B"
"B2",0.496952826897106,"Blastomere B"
"B2",0.49882034303559,"Blastomere B"
"B2",0.501677330333886,"Blastomere B"
"B2",0.499995451853341,"Blastomere B"
"B2",0.490450806757468,"Blastomere B"
"B2",0.496419493362053,"Blastomere B"
"B2",0.482629585193387,"Blastomere B"
"B2",0.498001172112361,"Blastomere B"
"B2",0.50222648137129,"Blastomere B"
"B2",0.501194174486428,"Blastomere B"
"B2",0.494482498155516,"Blastomere B"
"B2",0.503997114158679,"Blastomere B"
"B2",0.498563194271,"Blastomere B"
"B2",0.491496389762137,"Blastomere B"
"B2",0.496539575121341,"Blastomere B"
"B2",0.496738271111712,"Blastomere B"
"B2",0.499716132594744,"Blastomere B"
"B2",0.498496686466336,"Blastomere B"
"B2",0.482010750587729,"Blastomere B"
"B2",0.491403902322588,"Blastomere B"
"B2",0.50751955986489,"Blastomere B"
"B2",0.49285145408043,"Blastomere B"
"B2",0.495412320780863,"Blastomere B"
"B2",0.514058240724685,"Blastomere B"
"B2",0.504173492254705,"Blastomere B"
"B2",0.486966594295116,"Blastomere B"
"B2",0.502210158370553,"Blastomere B"
"B2",0.501846743385353,"Blastomere B"
"B2",0.496231565562274,"Blastomere B"
"B2",0.507823110623694,"Blastomere B"
"B2",0.490911114441696,"Blastomere B"
"B2",0.495464412776818,"Blastomere B"
"B2",0.480124873952685,"Blastomere B"
"B2",0.492013702684137,"Blastomere B"
"B2",0.507136000451553,"Blastomere B"
"B2",0.490725352176843,"Blastomere B"
"B2",0.49872086517139,"Blastomere B"
"B2",0.494107347651173,"Blastomere B"
"B2",0.50434359447909,"Blastomere B"
"B2",0.49487509794532,"Blastomere B"
"B2",0.50537723375985,"Blastomere B"
"B2",0.500793749676887,"Blastomere B"
"B2",0.510157414126679,"Blastomere B"
"B2",0.496989920532693,"Blastomere B"
"B2",0.501813250961111,"Blastomere B"
"B2",0.495370613480797,"Blastomere B"
"B2",0.492878825743998,"Blastomere B"
"B2",0.491422411704602,"Blastomere B"
"B2",0.499713473263941,"Blastomere B"
"B2",0.491228515667449,"Blastomere B"
"B2",0.497932309479248,"Blastomere B"
"B2",0.494263392891464,"Blastomere B"
"B2",0.50694707545524,"Blastomere B"
"B2",0.496674949905176,"Blastomere B"
"B2",0.499544604330117,"Blastomere B"
"B2",0.4881843768993,"Blastomere B"
"B2",0.505055454442165,"Blastomere B"
"B2",0.50440973748043,"Blastomere B"
"B2",0.50054372652047,"Blastomere B"
"B2",0.499852272716629,"Blastomere B"
"B2",0.49336622465767,"Blastomere B"
"B2",0.500588064282113,"Blastomere B"
"B2",0.496685935310223,"Blastomere B"
"B2",0.49525910210502,"Blastomere B"
"B2",0.492892345558329,"Blastomere B"
"B2",0.488828185413004,"Blastomere B"
"B2",0.495831066095643,"Blastomere B"
"B2",0.502519387430455,"Blastomere B"
"B2",0.497807725333342,"Blastomere B"
"B2",0.50028694330156,"Blastomere B"
"B2",0.492700476359301,"Blastomere B"
"B2",0.485421540139583,"Blastomere B"
"B2",0.489109965805022,"Blastomere B"
"B2",0.507313855895698,"Blastomere B"
"B2",0.493360152760421,"Blastomere B"
"B2",0.503130921613101,"Blastomere B"
"B2",0.488538029352856,"Blastomere B"
"B2",0.50125762324829,"Blastomere B"
"B2",0.503378892600328,"Blastomere B"
"B2",0.502806072683678,"Blastomere B"
"B2",0.492616876805339,"Blastomere B"
"B2",0.493058510149073,"Blastomere B"
"B2",0.4987577470752,"Blastomere B"
"B2",0.503123190368535,"Blastomere B"
"B2",0.501638898771852,"Blastomere B"
"B2",0.496086635205279,"Blastomere B"
"B2",0.512036364599057,"Blastomere B"
"B2",0.493688059762528,"Blastomere B"
"B2",0.490798135658128,"Blastomere B"
"B2",0.485914540798585,"Blastomere B"
"B2",0.502672300445672,"Blastomere B"
"B2",0.510363018928479,"Blastomere B"
"B2",0.490593184308114,"Blastomere B"
"B2",0.489579101950288,"Blastomere B"
"B2",0.500496041996815,"Blastomere B"
"B2",0.495075664057991,"Blastomere B"
"B2",0.5122221196772,"Blastomere B"
"B2",0.494808926897045,"Blastomere B"
"B2",0.508059531380516,"Blastomere B"
"B2",0.505516733395523,"Blastomere B"
"B2",0.490844318674644,"Blastomere B"
"B2",0.489835960946577,"Blastomere B"
"B2",0.505953094015291,"Blastomere B"
"B2",0.50156732492903,"Blastomere B"
"B2",0.501502100885928,"Blastomere B"
"B2",0.493840220638058,"Blastomere B"
"B2",0.490697968456076,"Blastomere B"
"B2",0.500930713996227,"Blastomere B"
"B2",0.51211742243941,"Blastomere B"
"B2",0.505021611401405,"Blastomere B"
"B2",0.503130774250922,"Blastomere B"
"B2",0.498908356567854,"Blastomere B"
"B2",0.501821874810943,"Blastomere B"
"B2",0.500342641941398,"Blastomere B"
"B2",0.493338536097282,"Blastomere B"
"B2",0.500436576901502,"Blastomere B"
"B2",0.499110445323781,"Blastomere B"
"B2",0.495826412450571,"Blastomere B"
"B2",0.501472605914726,"Blastomere B"
"B2",0.506370565111758,"Blastomere B"
"B2",0.505330985084619,"Blastomere B"
"B2",0.502590851093723,"Blastomere B"
"B2",0.495935615011311,"Blastomere B"
"B2",0.497601832845914,"Blastomere B"
"B2",0.494017290943077,"Blastomere B"
"B2",0.496610993394328,"Blastomere B"
"B2",0.49297678091291,"Blastomere B"
"B2",0.493004596956573,"Blastomere B"
"B2",0.497979176551315,"Blastomere B"
"B2",0.479401167296843,"Blastomere B"
"B2",0.497511181506598,"Blastomere B"
"B2",0.489521006396986,"Blastomere B"
"B2",0.48898210601023,"Blastomere B"
"B2",0.495603259093053,"Blastomere B"
"B2",0.497562682803585,"Blastomere B"
"B2",0.495864013337045,"Blastomere B"
"B2",0.50600833013523,"Blastomere B"
"B2",0.502101147183781,"Blastomere B"
"B2",0.497230593258237,"Blastomere B"
"B2",0.49333589247236,"Blastomere B"
"B2",0.493992543365748,"Blastomere B"
"B2",0.503504630853522,"Blastomere B"
"B2",0.492461319665306,"Blastomere B"
"B2",0.499382213392072,"Blastomere B"
"B2",0.503780077054995,"Blastomere B"
"B2",0.496378372680098,"Blastomere B"
"B2",0.506291057807154,"Blastomere B"
"B2",0.495549331586158,"Blastomere B"
"B2",0.501900308590302,"Blastomere B"
"B2",0.488108745898703,"Blastomere B"
"B2",0.487290688659194,"Blastomere B"
"B2",0.49718222151346,"Blastomere B"
"B2",0.486314017109865,"Blastomere B"
"B2",0.502436122088546,"Blastomere B"
"B2",0.49870852710268,"Blastomere B"
"B2",0.498074206105025,"Blastomere B"
"B2",0.488117255341505,"Blastomere B"
"B2",0.497296201825232,"Blastomere B"
"B2",0.497626995863315,"Blastomere B"
"B2",0.494020585782004,"Blastomere B"
"B2",0.501556981010581,"Blastomere B"
"B2",0.497017379005016,"Blastomere B"
"B2",0.483845586858034,"Blastomere B"
"B2",0.495672737872862,"Blastomere B"
"B2",0.497007817806579,"Blastomere B"
"B2",0.492699387946349,"Blastomere B"
"B2",0.495690249133077,"Blastomere B"
"B2",0.49651632372703,"Blastomere B"
"B2",0.497006806077201,"Blastomere B"
"B2",0.498429957145757,"Blastomere B"
"B2",0.510412171829875,"Blastomere B"
"B2",0.504465020402731,"Blastomere B"
"B2",0.499692481073805,"Blastomere B"
"B2",0.493282102153823,"Blastomere B"
"B2",0.495684403829044,"Blastomere B"
"B2",0.497566182047565,"Blastomere B"
"B2",0.491694344607776,"Blastomere B"
"B2",0.507205359620194,"Blastomere B"
"B2",0.488658533202574,"Blastomere B"
"B2",0.492676176050201,"Blastomere B"
"B2",0.493850915953441,"Blastomere B"
"B2",0.497368990684037,"Blastomere B"
"B2",0.49355529422388,"Blastomere B"
"B2",0.494936539561099,"Blastomere B"
"B2",0.503262214922015,"Blastomere B"
"B2",0.508367758314208,"Blastomere B"
"B2",0.503676862407238,"Blastomere B"
"B2",0.499553468504737,"Blastomere B"
"B2",0.499753486607297,"Blastomere B"
"B2",0.496512471417036,"Blastomere B"
"B2",0.500369013887934,"Blastomere B"
"B2",0.491225009836504,"Blastomere B"
"B2",0.506725123230182,"Blastomere B"
"B2",0.508807833550744,"Blastomere B"
"B2",0.498382783092762,"Blastomere B"
"B2",0.49846931956113,"Blastomere B"
"B2",0.490595200719212,"Blastomere B"
"B2",0.503941903025303,"Blastomere B"
"B2",0.491794630853477,"Blastomere B"
"B2",0.504538943033758,"Blastomere B"
"B2",0.501810765236705,"Blastomere B"
"B2",0.49780242604538,"Blastomere B"
"B2",0.485367161291136,"Blastomere B"
"B2",0.503183375116752,"Blastomere B"
"B2",0.49823372492401,"Blastomere B"
"B2",0.496086258304412,"Blastomere B"
"B2",0.498554197473482,"Blastomere B"
"B2",0.494619213212196,"Blastomere B"
"B2",0.503570992953444,"Blastomere B"
"B2",0.494562570724548,"Blastomere B"
"B2",0.505781608067879,"Blastomere B"
"B2",0.498009455310364,"Blastomere B"
"B2",0.501532373729286,"Blastomere B"
"B2",0.504529551918776,"Blastomere B"
"B2",0.490271658587634,"Blastomere B"
"B2",0.501632095691002,"Blastomere B"
"B2",0.494009575886696,"Blastomere B"
"B2",0.499804484130965,"Blastomere B"
"B2",0.487961857983173,"Blastomere B"
"B2",0.512456772620288,"Blastomere B"
"B2",0.495858318570631,"Blastomere B"
"B2",0.491578981766572,"Blastomere B"
"B2",0.504157927137993,"Blastomere B"
"B2",0.498802208097502,"Blastomere B"
"B2",0.494888432616891,"Blastomere B"
"B2",0.504213225988524,"Blastomere B"
"B2",0.496560075993251,"Blastomere B"
"B2",0.51067065499769,"Blastomere B"
"B2",0.493854710875367,"Blastomere B"
"B2",0.493084861799554,"Blastomere B"
"B2",0.490683606132436,"Blastomere B"
"B2",0.502877621861605,"Blastomere B"
"B2",0.497562948902072,"Blastomere B"
"B2",0.485379107206204,"Blastomere B"
"B2",0.500494370648229,"Blastomere B"
"B2",0.503936598203649,"Blastomere B"
"B2",0.493478563192071,"Blastomere B"
"B2",0.494663279406496,"Blastomere B"
"B2",0.498244596326737,"Blastomere B"
"B2",0.488955221087453,"Blastomere B"
"B2",0.507545195672119,"Blastomere B"
"B2",0.500956373855646,"Blastomere B"
"B2",0.509301562685761,"Blastomere B"
"B2",0.499365052252233,"Blastomere B"
"B2",0.49443781384869,"Blastomere B"
"B2",0.502785396908508,"Blastomere B"
"B2",0.494061290044567,"Blastomere B"
"B2",0.495529701654561,"Blastomere B"
"B2",0.48652367811162,"Blastomere B"
"B2",0.508643194245259,"Blastomere B"
"B2",0.480939586597834,"Blastomere B"
"B2",0.499766042806831,"Blastomere B"
"B2",0.498692456391699,"Blastomere B"
"B2",0.505919296204384,"Blastomere B"
"B2",0.491657001343994,"Blastomere B"
"B2",0.503046279873043,"Blastomere B"
"B2",0.490415185299915,"Blastomere B"
"B2",0.496515118866384,"Blastomere B"
"B2",0.499118371386166,"Blastomere B"
"B2",0.494607381977611,"Blastomere B"
"B2",0.498965742616397,"Blastomere B"
"B2",0.488168628482829,"Blastomere B"
"B2",0.499804631569408,"Blastomere B"
"B2",0.494949766770061,"Blastomere B"
"B2",0.502908763767456,"Blastomere B"
"B2",0.496560499284104,"Blastomere B"
"B2",0.485287353139884,"Blastomere B"
"B2",0.49699986928628,"Blastomere B"
"B2",0.508294130108438,"Blastomere B"
"B2",0.497628838915965,"Blastomere B"
"B2",0.496754828773183,"Blastomere B"
"B2",0.497509678133438,"Blastomere B"
"B2",0.501337468628167,"Blastomere B"
"B2",0.508297294381212,"Blastomere B"
"B2",0.499332702107114,"Blastomere B"
"B2",0.507558826942057,"Blastomere B"
"B2",0.505074330913135,"Blastomere B"
"B2",0.492512631055649,"Blastomere B"
"B2",0.499101435101629,"Blastomere B"
"B2",0.497651472506836,"Blastomere B"
"B2",0.49372874279415,"Blastomere B"
"B2",0.494458621621199,"Blastomere B"
"B2",0.504212562548329,"Blastomere B"
"B2",0.490183717379121,"Blastomere B"
"B2",0.501099731340113,"Blastomere B"
"B2",0.477942943530054,"Blastomere B"
"B2",0.498645927579964,"Blastomere B"
"B2",0.49703310071708,"Blastomere B"
"B2",0.485505963350382,"Blastomere B"
"B2",0.495051593360452,"Blastomere B"
"B2",0.499153980916174,"Blastomere B"
"B2",0.507608029273621,"Blastomere B"
"B2",0.500763616065678,"Blastomere B"
"B2",0.49881005534046,"Blastomere B"
"B2",0.487059447641171,"Blastomere B"
"B2",0.511789856419873,"Blastomere B"
"B2",0.50208703818566,"Blastomere B"
"B2",0.499651871408268,"Blastomere B"
"B2",0.498430636790093,"Blastomere B"
"B2",0.490186979720846,"Blastomere B"
"B2",0.488669090810357,"Blastomere B"
"B2",0.496915003714621,"Blastomere B"
"B2",0.496798770581632,"Blastomere B"
"B2",0.50311413996896,"Blastomere B"
"B2",0.503509482908805,"Blastomere B"
"B2",0.492835564136072,"Blastomere B"
"B2",0.491400290100292,"Blastomere B"
"B2",0.499006608024089,"Blastomere B"
"B2",0.503390349587722,"Blastomere B"
"B2",0.49271112592508,"Blastomere B"
"B2",0.494058836254625,"Blastomere B"
"B2",0.492206501452732,"Blastomere B"
"B2",0.499958978297979,"Blastomere B"
"B2",0.506686806278207,"Blastomere B"
"B2",0.500558447456411,"Blastomere B"
"B2",0.495231152003561,"Blastomere B"
"B2",0.50305799761202,"Blastomere B"
"B2",0.49893305885424,"Blastomere B"
"B2",0.496197409164097,"Blastomere B"
"B2",0.503144551719097,"Blastomere B"
"B2",0.495569378251621,"Blastomere B"
"B2",0.494053879125038,"Blastomere B"
"B2",0.490743611387772,"Blastomere B"
"B2",0.510003936495886,"Blastomere B"
"B2",0.50170041947187,"Blastomere B"
"B2",0.485627068678631,"Blastomere B"
"B2",0.500270882017196,"Blastomere B"
"B2",0.505854974489342,"Blastomere B"
"B2",0.500604721459528,"Blastomere B"
"B2",0.487123996688621,"Blastomere B"
"B2",0.505255786173553,"Blastomere B"
"B2",0.502921537989823,"Blastomere B"
"B2",0.505671051436367,"Blastomere B"
"B2",0.483043333269709,"Blastomere B"
"B2",0.490640845206134,"Blastomere B"
"B2",0.506077224571495,"Blastomere B"
"B2",0.499730202040325,"Blastomere B"
"B2",0.503923224149326,"Blastomere B"
"B2",0.499773284765239,"Blastomere B"
"B2",0.499543830545603,"Blastomere B"
"B2",0.505006128623064,"Blastomere B"
"B2",0.507423877014635,"Blastomere B"
"B2",0.501703638346528,"Blastomere B"
"B2",0.498761935051571,"Blastomere B"
"B2",0.490892700422679,"Blastomere B"
"B2",0.499576707397812,"Blastomere B"
"B2",0.506310489000796,"Blastomere B"
"B2",0.498727743685602,"Blastomere B"
"B2",0.502157644576891,"Blastomere B"
"B2",0.50142114885796,"Blastomere B"
"B2",0.499383019758259,"Blastomere B"
"B2",0.48863520694045,"Blastomere B"
"B2",0.50612331718869,"Blastomere B"
"B2",0.487785544557407,"Blastomere B"
"B2",0.506503050633528,"Blastomere B"
"B2",0.501253737908079,"Blastomere B"
"B2",0.495941535461534,"Blastomere B"
"B2",0.500548759683661,"Blastomere B"
"B2",0.49841292270346,"Blastomere B"
"B2",0.504217464077646,"Blastomere B"
"B2",0.497282203523362,"Blastomere B"
"B2",0.506843476140986,"Blastomere B"
"B2",0.490885212899946,"Blastomere B"
"B2",0.504224064082172,"Blastomere B"
"B2",0.490874193688032,"Blastomere B"
"B2",0.495486817977867,"Blastomere B"
"B2",0.494246840453991,"Blastomere B"
"B2",0.492791997311611,"Blastomere B"
"B2",0.499891178199155,"Blastomere B"
"B2",0.488088339205425,"Blastomere B"
"B2",0.497734341188228,"Blastomere B"
"B2",0.495515950192146,"Blastomere B"
"B2",0.494838513944105,"Blastomere B"
"B2",0.502303996552427,"Blastomere B"
"B2",0.494339856891561,"Blastomere B"
"B2",0.491186683200629,"Blastomere B"
"B2",0.50298091811855,"Blastomere B"
"B2",0.50415088096273,"Blastomere B"
"B2",0.493386768076809,"Blastomere B"
"B2",0.491960347650251,"Blastomere B"
"B2",0.497334936045317,"Blastomere B"
"B2",0.502481110003731,"Blastomere B"
"B2",0.498900236693553,"Blastomere B"
"B2",0.489615830774174,"Blastomere B"
"B2",0.509249168808148,"Blastomere B"
"B2",0.500520464692821,"Blastomere B"
"B2",0.499013339813021,"Blastomere B"
"B2",0.504024176059042,"Blastomere B"
"B2",0.484581503455207,"Blastomere B"
"B2",0.493559306553162,"Blastomere B"
"B2",0.503423259201946,"Blastomere B"
"B2",0.496910669958606,"Blastomere B"
"B2",0.504236638706396,"Blastomere B"
"B2",0.511135025720008,"Blastomere B"
"B2",0.492854735418531,"Blastomere B"
"B2",0.508587738662414,"Blastomere B"
"B2",0.498565377341178,"Blastomere B"
"B2",0.491152770218106,"Blastomere B"
"B2",0.504865962752905,"Blastomere B"
"B2",0.510784893995446,"Blastomere B"
"B2",0.504756500872908,"Blastomere B"
"B2",0.50268673353367,"Blastomere B"
"B2",0.489245850582469,"Blastomere B"
"B2",0.507098786719281,"Blastomere B"
"B2",0.494658067905163,"Blastomere B"
"B2",0.487264277828598,"Blastomere B"
"B2",0.500692445950764,"Blastomere B"
"B2",0.491335688177643,"Blastomere B"
"B2",0.500574472411001,"Blastomere B"
"B2",0.493029841151144,"Blastomere B"
"B2",0.488365667510447,"Blastomere B"
"B2",0.502977279617343,"Blastomere B"
"B2",0.48856183876619,"Blastomere B"
"B2",0.497531676973095,"Blastomere B"
"B2",0.493176323693749,"Blastomere B"
"B2",0.486386646947935,"Blastomere B"
"B2",0.497720168844943,"Blastomere B"
"B2",0.486719325917363,"Blastomere B"
"B2",0.50202238831826,"Blastomere B"
"B2",0.489442990416235,"Blastomere B"
"B2",0.499307592669383,"Blastomere B"
"B2",0.508001317095663,"Blastomere B"
"B2",0.506012063308468,"Blastomere B"
"B2",0.506568596569924,"Blastomere B"
"B2",0.501779472366244,"Blastomere B"
"B2",0.496998616248305,"Blastomere B"
"B2",0.497844197215799,"Blastomere B"
"B2",0.506717941146068,"Blastomere B"
"B2",0.500903658993955,"Blastomere B"
"B2",0.496934585171625,"Blastomere B"
"B2",0.493845616566931,"Blastomere B"
"B2",0.501845642403885,"Blastomere B"
"B2",0.501900529117391,"Blastomere B"
"B2",0.500264112581747,"Blastomere B"
"B2",0.500417630143116,"Blastomere B"
"B2",0.495818976278531,"Blastomere B"
"B2",0.491652630871824,"Blastomere B"
"B2",0.488550465386337,"Blastomere B"
"B2",0.505773838056791,"Blastomere B"
"B2",0.495605533335253,"Blastomere B"
"B2",0.509482044037483,"Blastomere B"
"B2",0.51396143905248,"Blastomere B"
"B2",0.50767001168655,"Blastomere B"
"B2",0.50179544091318,"Blastomere B"
"B2",0.503039624760674,"Blastomere B"
"B2",0.493001776937003,"Blastomere B"
"B2",0.493011354701702,"Blastomere B"
"B2",0.497903485142726,"Blastomere B"
"B2",0.484134658151313,"Blastomere B"
"B2",0.485050407466039,"Blastomere B"
"B2",0.509328167546505,"Blastomere B"
"B2",0.49214124355599,"Blastomere B"
"B2",0.506466047668463,"Blastomere B"
"B2",0.503386351667685,"Blastomere B"
"B2",0.49618427842553,"Blastomere B"
"B2",0.50566987064536,"Blastomere B"
"B2",0.502742081497919,"Blastomere B"
"B2",0.492058933618156,"Blastomere B"
"B2",0.492272159099858,"Blastomere B"
"B2",0.490465503794129,"Blastomere B"
"B2",0.493333770819501,"Blastomere B"
"B2",0.483364648414722,"Blastomere B"
"B2",0.507294967330387,"Blastomere B"
"B2",0.496091936550142,"Blastomere B"
"B2",0.499698376871056,"Blastomere B"
"B2",0.502004626636895,"Blastomere B"
"B2",0.497743636477022,"Blastomere B"
"B2",0.498088240054813,"Blastomere B"
"B2",0.496810102933239,"Blastomere B"
"B2",0.50030087821222,"Blastomere B"
"B2",0.489591191358432,"Blastomere B"
"B2",0.498651329447809,"Blastomere B"
"B2",0.506150624010554,"Blastomere B"
"B2",0.495920607716885,"Blastomere B"
"B2",0.49926118576259,"Blastomere B"
"B2",0.50692259046655,"Blastomere B"
"B2",0.508391211742372,"Blastomere B"
"B2",0.507036493595969,"Blastomere B"
"B2",0.492492184951849,"Blastomere B"
"B2",0.510148400563473,"Blastomere B"
"B2",0.497688236397627,"Blastomere B"
"B2",0.487316151971659,"Blastomere B"
"B2",0.492972687397235,"Blastomere B"
"B2",0.497746661183656,"Blastomere B"
"B2",0.501666136274946,"Blastomere B"
"B2",0.498715531192239,"Blastomere B"
"B2",0.495869336258868,"Blastomere B"
"B2",0.497727746455714,"Blastomere B"
"B2",0.49636426108632,"Blastomere B"
"B2",0.507900051438302,"Blastomere B"
"B2",0.50406545322122,"Blastomere B"
"B2",0.501625425154318,"Blastomere B"
"B2",0.510390375122992,"Blastomere B"
"B2",0.501437613319328,"Blastomere B"
"B2",0.500339952950501,"Blastomere B"
"B2",0.503931851714551,"Blastomere B"
"B2",0.494135715301445,"Blastomere B"
"B2",0.489197306740673,"Blastomere B"
"B2",0.50657549306628,"Blastomere B"
"B2",0.504006748192458,"Blastomere B"
"B2",0.499685726954103,"Blastomere B"
"B2",0.497967915676373,"Blastomere B"
"B2",0.493756119380207,"Blastomere B"
"B2",0.507292091116787,"Blastomere B"
"B2",0.51153099212375,"Blastomere B"
"B2",0.49343594445291,"Blastomere B"
"B2",0.509615273308472,"Blastomere B"
"B2",0.496164818154975,"Blastomere B"
"B2",0.508994167256401,"Blastomere B"
"B2",0.495282217576114,"Blastomere B"
"B2",0.490314809208403,"Blastomere B"
"B2",0.502756062495739,"Blastomere B"
"B2",0.501253976744606,"Blastomere B"
"B2",0.493819687453146,"Blastomere B"
"B2",0.490612618904852,"Blastomere B"
"B2",0.514114354174025,"Blastomere B"
"B2",0.504958118478116,"Blastomere B"
"B2",0.501681422486055,"Blastomere B"
"B2",0.487720032769669,"Blastomere B"
"B2",0.497393121704688,"Blastomere B"
"B2",0.496659066600949,"Blastomere B"
"B2",0.493819895605765,"Blastomere B"
"B2",0.5004749380589,"Blastomere B"
"B2",0.487535716267085,"Blastomere B"
"B2",0.493503182485776,"Blastomere B"
"B2",0.496929777922799,"Blastomere B"
"B2",0.501239436050253,"Blastomere B"
"B2",0.500805590786107,"Blastomere B"
"B2",0.497196399384143,"Blastomere B"
"B2",0.498424791405409,"Blastomere B"
"B2",0.497725296754707,"Blastomere B"
"B2",0.494076386126155,"Blastomere B"
"B2",0.4991380943482,"Blastomere B"
"B2",0.483717083120398,"Blastomere B"
"B2",0.498958737568224,"Blastomere B"
"B2",0.489567649640687,"Blastomere B"
"B2",0.498299635885828,"Blastomere B"
"B2",0.495959987935565,"Blastomere B"
"B2",0.497175547443986,"Blastomere B"
"B2",0.497024893954818,"Blastomere B"
"B2",0.493485239846889,"Blastomere B"
"B2",0.49879378177684,"Blastomere B"
"B2",0.500387756902426,"Blastomere B"
"B2",0.504994413644435,"Blastomere B"
"B2",0.484936945009448,"Blastomere B"
"B2",0.505671164957706,"Blastomere B"
"B2",0.49678254038985,"Blastomere B"
"B2",0.503769504267582,"Blastomere B"
"B2",0.513521475403155,"Blastomere B"
"B2",0.499655536443488,"Blastomere B"
"B2",0.513561209758167,"Blastomere B"
"B2",0.494362625828271,"Blastomere B"
"B2",0.493999097181523,"Blastomere B"
"B2",0.504576257326015,"Blastomere B"
"B2",0.496295020677157,"Blastomere B"
"B2",0.50217664249373,"Blastomere B"
"B2",0.489040390082447,"Blastomere B"
"B2",0.504688512412681,"Blastomere B"
"B2",0.494367980361979,"Blastomere B"
"B2",0.488761153040903,"Blastomere B"
"B2",0.496018475037268,"Blastomere B"
"B2",0.49232915591704,"Blastomere B"
"B2",0.500384145472914,"Blastomere B"
"B2",0.495948408148595,"Blastomere B"
"B2",0.498436411308531,"Blastomere B"
"B2",0.498015469776118,"Blastomere B"
"B2",0.494071985624234,"Blastomere B"
"B2",0.502290129796519,"Blastomere B"
"B2",0.494550161269733,"Blastomere B"
"B2",0.503496907891776,"Blastomere B"
"B2",0.498698562323965,"Blastomere B"
"B2",0.501246063646081,"Blastomere B"
"B2",0.504463483343855,"Blastomere B"
"B2",0.485996580073425,"Blastomere B"
"B2",0.500692768308469,"Blastomere B"
"B2",0.500056488624903,"Blastomere B"
"B2",0.487001366314178,"Blastomere B"
"B2",0.49805532032939,"Blastomere B"
"B2",0.505828024740506,"Blastomere B"
"B2",0.491504822147703,"Blastomere B"
"B2",0.501057451152242,"Blastomere B"
"B2",0.497660839966744,"Blastomere B"
"B2",0.497941403035769,"Blastomere B"
"B2",0.496516040482777,"Blastomere B"
"B2",0.50117872924915,"Blastomere B"
"B2",0.486524037361253,"Blastomere B"
"B2",0.497185885118526,"Blastomere B"
"B2",0.498371697894072,"Blastomere B"
"B2",0.485074337937561,"Blastomere B"
"B2",0.483996609269774,"Blastomere B"
"B2",0.490209047481803,"Blastomere B"
"B2",0.499753020026591,"Blastomere B"
"B2",0.500065763828624,"Blastomere B"
"B2",0.495425398038932,"Blastomere B"
"B2",0.496414938936349,"Blastomere B"
"B2",0.501486892530993,"Blastomere B"
"B2",0.500475544984659,"Blastomere B"
"B2",0.510113436649361,"Blastomere B"
"B2",0.49905875281399,"Blastomere B"
"B2",0.503505316195584,"Blastomere B"
"B2",0.49122074350607,"Blastomere B"
"B2",0.483306706475621,"Blastomere B"
"B2",0.484774676128074,"Blastomere B"
"B2",0.504531453964513,"Blastomere B"
"B2",0.482173634333233,"Blastomere B"
"B2",0.489737322437553,"Blastomere B"
"B2",0.499676143053251,"Blastomere B"
"B2",0.483742619789789,"Blastomere B"
"B2",0.498969151151695,"Blastomere B"
"B2",0.502084163425362,"Blastomere B"
"B2",0.502136600160819,"Blastomere B"
"B2",0.500382019524877,"Blastomere B"
"B2",0.490815405620153,"Blastomere B"
"B2",0.494627771819882,"Blastomere B"
"B2",0.501235815152245,"Blastomere B"
"B2",0.490506302696168,"Blastomere B"
"B2",0.501614414504411,"Blastomere B"
"B2",0.497238814497208,"Blastomere B"
"B2",0.50509765394439,"Blastomere B"
"B2",0.499421159157788,"Blastomere B"
"B2",0.488396397627167,"Blastomere B"
"B2",0.495727285920712,"Blastomere B"
"B2",0.491613856820682,"Blastomere B"
"B2",0.50905934475945,"Blastomere B"
"B2",0.50977840587742,"Blastomere B"
"B2",0.505020730173519,"Blastomere B"
"B2",0.506183984477683,"Blastomere B"
"B2",0.490756423494562,"Blastomere B"
"B2",0.501756246482176,"Blastomere B"
"B2",0.505300262538844,"Blastomere B"
"B2",0.50103371537898,"Blastomere B"
"B2",0.504761626559376,"Blastomere B"
"B2",0.492272770453034,"Blastomere B"
"B2",0.501739691777741,"Blastomere B"
"B2",0.494533852130857,"Blastomere B"
"B2",0.497891613870954,"Blastomere B"
"B2",0.497162913625997,"Blastomere B"
"B2",0.496675209215606,"Blastomere B"
"B2",0.486817315930126,"Blastomere B"
"B2",0.507209185543264,"Blastomere B"
"B2",0.490005983293986,"Blastomere B"
"B2",0.500342734321388,"Blastomere B"
"B2",0.500269526597219,"Blastomere B"
"B2",0.487309321275842,"Blastomere B"
"B2",0.498608845813074,"Blastomere B"
"B2",0.49502475190656,"Blastomere B"
"B2",0.498568539596074,"Blastomere B"
"B2",0.50219913851556,"Blastomere B"
"B2",0.490039909092666,"Blastomere B"
"B2",0.491475279692047,"Blastomere B"
"B2",0.499978658766995,"Blastomere B"
"B2",0.49747388093167,"Blastomere B"
"B2",0.499625184635948,"Blastomere B"
"B2",0.507089895635908,"Blastomere B"
"B2",0.488380154275891,"Blastomere B"
"B2",0.504822700852086,"Blastomere B"
"B2",0.499513763111568,"Blastomere B"
"B2",0.505044317971645,"Blastomere B"
"B2",0.504553042717016,"Blastomere B"
"B2",0.501690918557684,"Blastomere B"
"B2",0.506028427869923,"Blastomere B"
"B2",0.50638814217448,"Blastomere B"
"B2",0.510157536099011,"Blastomere B"
"B2",0.494381857981936,"Blastomere B"
"B2",0.494190126876203,"Blastomere B"
"B2",0.493127774661981,"Blastomere B"
"B2",0.495275323599324,"Blastomere B"
"B2",0.499299867518376,"Blastomere B"
"B2",0.501449820705873,"Blastomere B"
"B2",0.489111541207646,"Blastomere B"
"B2",0.506675067738342,"Blastomere B"
"B2",0.514311138010239,"Blastomere B"
"B2",0.496386335283255,"Blastomere B"
"B2",0.498213861098755,"Blastomere B"
"B2",0.501631558212364,"Blastomere B"
"B2",0.492112847934385,"Blastomere B"
"B2",0.488634160277275,"Blastomere B"
"B2",0.497462094568667,"Blastomere B"
"B2",0.503256947579127,"Blastomere B"
"B2",0.501301154668883,"Blastomere B"
"B2",0.487297792412617,"Blastomere B"
"B2",0.492714599144952,"Blastomere B"
"B2",0.489876994207472,"Blastomere B"
"B2",0.503487552890926,"Blastomere B"
"B2",0.496631910318177,"Blastomere B"
"B2",0.498352301905039,"Blastomere B"
"B2",0.493065145548294,"Blastomere B"
"B2",0.494926649394121,"Blastomere B"
"B2",0.498345441980305,"Blastomere B"
"B2",0.498947264011827,"Blastomere B"
"B2",0.497094539851706,"Blastomere B"
"B2",0.505239625397097,"Blastomere B"
"B2",0.498354214563652,"Blastomere B"
"B2",0.4849642138322,"Blastomere B"
"B2",0.496336327713195,"Blastomere B"
"B2",0.493705400602915,"Blastomere B"
"B2",0.493736661948791,"Blastomere B"
"B2",0.495007225920523,"Blastomere B"
"B2",0.500315727603496,"Blastomere B"
"B2",0.494922406119999,"Blastomere B"
"B2",0.49875166495005,"Blastomere B"
"B2",0.493138978803998,"Blastomere B"
"B2",0.491713209486159,"Blastomere B"
"B2",0.496804441611693,"Blastomere B"
"B2",0.490451837906563,"Blastomere B"
"B2",0.491918234291872,"Blastomere B"
"B2",0.493465190622517,"Blastomere B"
"B2",0.492509097958844,"Blastomere B"
"B2",0.501805701969863,"Blastomere B"
"B2",0.498130067430046,"Blastomere B"
"B2",0.493507068588612,"Blastomere B"
"B2",0.503043083600678,"Blastomere B"
"B2",0.501842353004604,"Blastomere B"
"B2",0.483771187588014,"Blastomere B"
"B2",0.475014540934317,"Blastomere B"
"B2",0.503789126939381,"Blastomere B"
"B2",0.4988125439783,"Blastomere B"
"B2",0.492459472393693,"Blastomere B"
"B2",0.502815155036253,"Blastomere B"
"B2",0.497424343069462,"Blastomere B"
"B2",0.496394271699523,"Blastomere B"
"B2",0.495248200242773,"Blastomere B"
"B2",0.504231595093666,"Blastomere B"
"B2",0.505850945659559,"Blastomere B"
"B2",0.489506438719953,"Blastomere B"
"B2",0.502539645608084,"Blastomere B"
"B2",0.496678265436193,"Blastomere B"
"B2",0.490610709683881,"Blastomere B"
"B2",0.493458792775972,"Blastomere B"
"B2",0.498700874582787,"Blastomere B"
"B2",0.508261234418899,"Blastomere B"
"B2",0.496761439528336,"Blastomere B"
"B2",0.49355462671642,"Blastomere B"
"B2",0.501435015482674,"Blastomere B"
"B2",0.504518312578422,"Blastomere B"
"B2",0.493622949619315,"Blastomere B"
"B2",0.498526776356435,"Blastomere B"
"B2",0.507557441069054,"Blastomere B"
"B2",0.501568215193944,"Blastomere B"
"B2",0.497096032562341,"Blastomere B"
"B2",0.508812063987137,"Blastomere B"
"B2",0.50460394542845,"Blastomere B"
"B2",0.49896565847848,"Blastomere B"
"B2",0.495365704754835,"Blastomere B"
"B2",0.49164124489508,"Blastomere B"
"B2",0.496183405863819,"Blastomere B"
"B2",0.502502794827795,"Blastomere B"
"B2",0.493575281023205,"Blastomere B"
"B2",0.4938634027755,"Blastomere B"
"B2",0.502131876954987,"Blastomere B"
"B2",0.48692657216725,"Blastomere B"
"B2",0.515330933910374,"Blastomere B"
"B2",0.498139218490718,"Blastomere B"
"B2",0.498896260326756,"Blastomere B"
"B2",0.509321113609061,"Blastomere B"
"B2",0.492162963363365,"Blastomere B"
"B2",0.499554196949339,"Blastomere B"
"B2",0.499362699028307,"Blastomere B"
"B2",0.498151496494386,"Blastomere B"
"B2",0.487810398560522,"Blastomere B"
"B2",0.500744246838792,"Blastomere B"
"B2",0.50480876218016,"Blastomere B"
"B2",0.492175987230153,"Blastomere B"
"B2",0.493009621085271,"Blastomere B"
"B2",0.500436399055513,"Blastomere B"
"B2",0.489051639953866,"Blastomere B"
"B2",0.502287475587791,"Blastomere B"
"B2",0.504489648744671,"Blastomere B"
"B2",0.497322492514549,"Blastomere B"
"B2",0.499651001647176,"Blastomere B"
"B2",0.493143329708848,"Blastomere B"
"B2",0.503981768994307,"Blastomere B"
"B2",0.492003156382602,"Blastomere B"
"B2",0.503848691493659,"Blastomere B"
"B2",0.495828864586947,"Blastomere B"
"B2",0.49736727562538,"Blastomere B"
"B2",0.491178190114223,"Blastomere B"
"B2",0.500482084613466,"Blastomere B"
"B2",0.508526731481269,"Blastomere B"
"B2",0.492617599637129,"Blastomere B"
"B2",0.49387110825173,"Blastomere B"
"B2",0.498227419546062,"Blastomere B"
"B2",0.505555200462628,"Blastomere B"
"B2",0.498510284273392,"Blastomere B"
"B2",0.523556073777891,"Blastomere B"
"B2",0.495213401633752,"Blastomere B"
"B2",0.503896792697534,"Blastomere B"
"B2",0.503378689238186,"Blastomere B"
"B2",0.514403023026452,"Blastomere B"
"B2",0.490951040122945,"Blastomere B"
"B2",0.508986006930242,"Blastomere B"
"B2",0.502877268189564,"Blastomere B"
"B2",0.515468217376135,"Blastomere B"
"B2",0.504457787821559,"Blastomere B"
"B2",0.495749195616081,"Blastomere B"
"B2",0.500977580669605,"Blastomere B"
"B2",0.501627533787998,"Blastomere B"
"B2",0.493988275470861,"Blastomere B"
"B2",0.491336857696106,"Blastomere B"
"B2",0.50279556439539,"Blastomere B"
"B2",0.50768452282378,"Blastomere B"
"B2",0.505472638431668,"Blastomere B"
"B2",0.498547566602297,"Blastomere B"
"B2",0.500747099458722,"Blastomere B"
"B2",0.506786535546183,"Blastomere B"
"B2",0.485972656652747,"Blastomere B"
"B2",0.504884078527339,"Blastomere B"
"B2",0.500397959967735,"Blastomere B"
"B2",0.502581664043483,"Blastomere B"
"B2",0.506913499532101,"Blastomere B"
"B2",0.509329424216138,"Blastomere B"
"B2",0.494569884256454,"Blastomere B"
"B2",0.495864716127211,"Blastomere B"
"B2",0.48915855013052,"Blastomere B"
"B2",0.507112853052508,"Blastomere B"
"B2",0.498817698461135,"Blastomere B"
"B2",0.494738086908372,"Blastomere B"
"B2",0.486246883534674,"Blastomere B"
"B2",0.5045390079075,"Blastomere B"
"B2",0.498295354780626,"Blastomere B"
"B2",0.502319955307834,"Blastomere B"
"B2",0.499959662495262,"Blastomere B"
"B2",0.489520659300802,"Blastomere B"
"B2",0.498777756123505,"Blastomere B"
"B2",0.489610434636768,"Blastomere B"
"B2",0.496186499047942,"Blastomere B"
"B2",0.498120679714619,"Blastomere B"
"B2",0.496818601582775,"Blastomere B"
"B2",0.496430950042291,"Blastomere B"
"B2",0.499882919448771,"Blastomere B"
"B2",0.495105400980074,"Blastomere B"
"B2",0.498234871138262,"Blastomere B"
"B2",0.50295245328951,"Blastomere B"
"B2",0.494091278420395,"Blastomere B"
"B2",0.504666250504515,"Blastomere B"
"B2",0.502304632470659,"Blastomere B"
"B2",0.505013371737131,"Blastomere B"
"B2",0.498789499828735,"Blastomere B"
"B2",0.499045409979604,"Blastomere B"
"B2",0.487718021805223,"Blastomere B"
"B2",0.498935020128127,"Blastomere B"
"B2",0.49823064654059,"Blastomere B"
"B2",0.485342299432496,"Blastomere B"
"B2",0.506388877676773,"Blastomere B"
"B2",0.501239215611904,"Blastomere B"
"B2",0.492346134793781,"Blastomere B"
"B2",0.492305994292944,"Blastomere B"
"B2",0.505462908476527,"Blastomere B"
"B2",0.491131383724221,"Blastomere B"
"B2",0.491747659913562,"Blastomere B"
"B2",0.492221604385331,"Blastomere B"
"B2",0.506886486597313,"Blastomere B"
"B2",0.489585837045682,"Blastomere B"
"B2",0.501910755734351,"Blastomere B"
"B2",0.496364037741304,"Blastomere B"
"B2",0.486898049326948,"Blastomere B"
"B2",0.503029314165328,"Blastomere B"
"B2",0.50651880629166,"Blastomere B"
"B2",0.497487409928753,"Blastomere B"
"B2",0.499929683765358,"Blastomere B"
"B2",0.491869176108864,"Blastomere B"
"B2",0.498311057104813,"Blastomere B"
"B2",0.503031887884633,"Blastomere B"
"B2",0.500928523628878,"Blastomere B"
"B2",0.490961194193799,"Blastomere B"
"B2",0.491586801891363,"Blastomere B"
"B2",0.504513020428519,"Blastomere B"
"B2",0.494609693492181,"Blastomere B"
"B2",0.494196067932506,"Blastomere B"
"B2",0.497215863019025,"Blastomere B"
"B2",0.501395068719092,"Blastomere B"
"B2",0.493761557248667,"Blastomere B"
"B2",0.500538442235911,"Blastomere B"
"B2",0.487942886436638,"Blastomere B"
"B2",0.504291662069539,"Blastomere B"
"B2",0.490936641533969,"Blastomere B"
"B2",0.51064078696695,"Blastomere B"
"B2",0.502984206940873,"Blastomere B"
"B2",0.480650114254855,"Blastomere B"
"B2",0.486924584739577,"Blastomere B"
"B2",0.489149903400055,"Blastomere B"
"B2",0.497745326083226,"Blastomere B"
"B2",0.496928158622798,"Blastomere B"
"B2",0.502249528440054,"Blastomere B"
"B2",0.496621067970067,"Blastomere B"
"B2",0.489238939946683,"Blastomere B"
"B2",0.497532760935872,"Blastomere B"
"B2",0.491931796425296,"Blastomere B"
"B2",0.506543487024491,"Blastomere B"
"B2",0.500461191597917,"Blastomere B"
"B2",0.501795728335789,"Blastomere B"
"B2",0.501163612567238,"Blastomere B"
"B2",0.510234916516219,"Blastomere B"
"B2",0.500659007190002,"Blastomere B"
"B2",0.493839245588471,"Blastomere B"
"B2",0.500652425518214,"Blastomere B"
"B2",0.495098700437977,"Blastomere B"
"B2",0.498384920948586,"Blastomere B"
"B2",0.502277581197348,"Blastomere B"
"B2",0.503797788261707,"Blastomere B"
"B2",0.506857301551567,"Blastomere B"
"B2",0.488453622123885,"Blastomere B"
"B2",0.488495216897086,"Blastomere B"
"B2",0.493903918388303,"Blastomere B"
"B2",0.490839588029466,"Blastomere B"
"B2",0.493964778152106,"Blastomere B"
"B2",0.500434464462636,"Blastomere B"
"B2",0.507189659133554,"Blastomere B"
"B2",0.501469844486219,"Blastomere B"
"B2",0.489946170825355,"Blastomere B"
"B2",0.492520338184403,"Blastomere B"
"B2",0.49298958352761,"Blastomere B"
"B2",0.505341818060678,"Blastomere B"
"B2",0.497749959402528,"Blastomere B"
"B2",0.493925161841709,"Blastomere B"
"B2",0.488329553950733,"Blastomere B"
"B2",0.498347824561301,"Blastomere B"
"B2",0.494495933922858,"Blastomere B"
"B2",0.505189703764642,"Blastomere B"
"B2",0.499649832472485,"Blastomere B"
"B2",0.491997821974346,"Blastomere B"
"B2",0.505208449494309,"Blastomere B"
"B2",0.497806162152183,"Blastomere B"
"B2",0.498745354024068,"Blastomere B"
"B2",0.494290997692582,"Blastomere B"
"B2",0.486944662184965,"Blastomere B"
"B2",0.496355645824058,"Blastomere B"
"B2",0.494347433217977,"Blastomere B"
"B2",0.479259858353701,"Blastomere B"
"B2",0.492859166501849,"Blastomere B"
"B2",0.497292175290719,"Blastomere B"
"B2",0.493797545590676,"Blastomere B"
"B2",0.503908370885195,"Blastomere B"
"B2",0.505489017269704,"Blastomere B"
"B2",0.5034853499875,"Blastomere B"
"B2",0.503279625183211,"Blastomere B"
"B2",0.493062096097718,"Blastomere B"
"B2",0.492858091104364,"Blastomere B"
"B2",0.497510731087544,"Blastomere B"
"B2",0.49253919735463,"Blastomere B"
"B2",0.500174845289959,"Blastomere B"
"B2",0.50803687450576,"Blastomere B"
"B2",0.484790791664141,"Blastomere B"
"B2",0.502778065278722,"Blastomere B"
"B2",0.493267501349404,"Blastomere B"
"B2",0.494456266363691,"Blastomere B"
"B2",0.497895802863212,"Blastomere B"
"B2",0.514149261718002,"Blastomere B"
"B2",0.495693786871478,"Blastomere B"
"B2",0.502684896034219,"Blastomere B"
"B2",0.482255588189451,"Blastomere B"
"B2",0.502205642694638,"Blastomere B"
"B2",0.504109661755814,"Blastomere B"
"B2",0.50403471647653,"Blastomere B"
"B2",0.506417484397969,"Blastomere B"
"B2",0.49073508007006,"Blastomere B"
"B2",0.492886261659851,"Blastomere B"
"B2",0.492082813036984,"Blastomere B"
"B2",0.49880696782884,"Blastomere B"
"B2",0.497688801942924,"Blastomere B"
"B2",0.499478095813963,"Blastomere B"
"B2",0.498154010950837,"Blastomere B"
"B2",0.493445060727541,"Blastomere B"
"B2",0.501087916092033,"Blastomere B"
"B2",0.499374039286983,"Blastomere B"
"B2",0.501704107989206,"Blastomere B"
"B2",0.503301943450301,"Blastomere B"
"B2",0.502562215448757,"Blastomere B"
"B2",0.490698793176881,"Blastomere B"
"B2",0.493326814368091,"Blastomere B"
"B2",0.491813335024862,"Blastomere B"
"B2",0.495231671404412,"Blastomere B"
"B2",0.499001748560164,"Blastomere B"
"B2",0.50624777872466,"Blastomere B"
"B2",0.495859843695513,"Blastomere B"
"B2",0.49743423704274,"Blastomere B"
"B2",0.493331382494637,"Blastomere B"
"B2",0.503300419298604,"Blastomere B"
"B2",0.502839467958274,"Blastomere B"
"B2",0.4992091403534,"Blastomere B"
"B2",0.491952847139068,"Blastomere B"
"B2",0.500284035791346,"Blastomere B"
"B2",0.499625934854359,"Blastomere B"
"B2",0.492660088584173,"Blastomere B"
"B2",0.493449175430625,"Blastomere B"
"B2",0.506142660414297,"Blastomere B"
"B2",0.507450061661417,"Blastomere B"
"B2",0.495356233900118,"Blastomere B"
"B2",0.495791496529644,"Blastomere B"
"B2",0.495438611033095,"Blastomere B"
"B2",0.500474672442261,"Blastomere B"
"B2",0.501792388573239,"Blastomere B"
"B2",0.497608843064235,"Blastomere B"
"B2",0.490539886828975,"Blastomere B"
"B2",0.502871507872959,"Blastomere B"
"B2",0.490118046671026,"Blastomere B"
"B2",0.485382464035561,"Blastomere B"
"B2",0.498819001052946,"Blastomere B"
"B2",0.495920338259617,"Blastomere B"
"B2",0.483447569060652,"Blastomere B"
"B2",0.500551898437081,"Blastomere B"
"B2",0.485148718071013,"Blastomere B"
"B2",0.494660807280768,"Blastomere B"
"B2",0.504264936514975,"Blastomere B"
"B2",0.508450183823194,"Blastomere B"
"B2",0.493835179648657,"Blastomere B"
"B2",0.499956583344237,"Blastomere B"
"B2",0.503866418522833,"Blastomere B"
"B2",0.49581251397543,"Blastomere B"
"B2",0.495709293072598,"Blastomere B"
"B2",0.501784286192915,"Blastomere B"
"B2",0.49821411668339,"Blastomere B"
"B2",0.508360934127553,"Blastomere B"
"B2",0.498570413161519,"Blastomere B"
"B2",0.508240454255618,"Blastomere B"
"B2",0.503993955068386,"Blastomere B"
"B2",0.484122867382276,"Blastomere B"
"B2",0.48752613052233,"Blastomere B"
"B2",0.504200228684206,"Blastomere B"
"B2",0.505917524731463,"Blastomere B"
"B2",0.495513940251951,"Blastomere B"
"B2",0.48880664937012,"Blastomere B"
"B2",0.505000966407865,"Blastomere B"
"B2",0.501305226804609,"Blastomere B"
"B2",0.490755186225015,"Blastomere B"
"B2",0.51148156601172,"Blastomere B"
"B2",0.503236942974179,"Blastomere B"
"B2",0.496429348618183,"Blastomere B"
"B2",0.49718784594699,"Blastomere B"
"B2",0.505966024192403,"Blastomere B"
"B2",0.501840210372893,"Blastomere B"
"B2",0.503348714672984,"Blastomere B"
"B2",0.498519198092387,"Blastomere B"
"B2",0.492933673658636,"Blastomere B"
"B2",0.494049651342075,"Blastomere B"
"B2",0.496266606838632,"Blastomere B"
"B2",0.485531314379634,"Blastomere B"
"B2",0.493927672720461,"Blastomere B"
"B2",0.502644741599292,"Blastomere B"
"B2",0.491714011699724,"Blastomere B"
"B2",0.504118842276687,"Blastomere B"
"B2",0.502079347625895,"Blastomere B"
"B2",0.514384477463585,"Blastomere B"
"B2",0.501623246821296,"Blastomere B"
"B2",0.505446260885651,"Blastomere B"
"B2",0.49730198511032,"Blastomere B"
"B2",0.499620274554773,"Blastomere B"
"B2",0.496141321640468,"Blastomere B"
"B2",0.494793703547844,"Blastomere B"
"B2",0.515089127009564,"Blastomere B"
"B2",0.498250827741562,"Blastomere B"
"B2",0.504476648726532,"Blastomere B"
"B2",0.501791381877413,"Blastomere B"
"B2",0.499129235726623,"Blastomere B"
"B2",0.495799848514091,"Blastomere B"
"B2",0.494968274949781,"Blastomere B"
"B2",0.499105988735908,"Blastomere B"
"B2",0.499322697380414,"Blastomere B"
"B2",0.496155946070915,"Blastomere B"
"B2",0.514652505997455,"Blastomere B"
"B2",0.500350805362552,"Blastomere B"
"B2",0.502850974967888,"Blastomere B"
"B2",0.483980186706021,"Blastomere B"
"B2",0.494339103952493,"Blastomere B"
"B2",0.496308452041805,"Blastomere B"
"B2",0.506341237703097,"Blastomere B"
"B2",0.494131140959544,"Blastomere B"
"B2",0.494239125893786,"Blastomere B"
"B2",0.490767927092055,"Blastomere B"
"B2",0.501897259410598,"Blastomere B"
"B2",0.49688798954269,"Blastomere B"
"B2",0.491774897474185,"Blastomere B"
"B2",0.506863962004463,"Blastomere B"
"B2",0.500502115582968,"Blastomere B"
"B2",0.491701611615069,"Blastomere B"
"B2",0.491391609594914,"Blastomere B"
"B2",0.494606643050786,"Blastomere B"
"B2",0.500037410755184,"Blastomere B"
"B2",0.496850440274644,"Blastomere B"
"B2",0.501865827401554,"Blastomere B"
"B2",0.497234939536117,"Blastomere B"
"B2",0.511264323963307,"Blastomere B"
"B2",0.503376496790191,"Blastomere B"
"B2",0.502748966838717,"Blastomere B"
"B2",0.501000129837433,"Blastomere B"
"B2",0.499804887681516,"Blastomere B"
"B2",0.501356602233815,"Blastomere B"
"B2",0.507508253092981,"Blastomere B"
"B2",0.505828727804875,"Blastomere B"
"B2",0.494448124707415,"Blastomere B"
"B2",0.496268747277736,"Blastomere B"
"B2",0.497439526291156,"Blastomere B"
"B2",0.501774940688857,"Blastomere B"
"B2",0.492429620725867,"Blastomere B"
"B2",0.494421254393167,"Blastomere B"
"B2",0.484966182600056,"Blastomere B"
"B2",0.506989935743343,"Blastomere B"
"B2",0.504970073961659,"Blastomere B"
"B2",0.497280217766307,"Blastomere B"
"B2",0.4963542402965,"Blastomere B"
"B2",0.490471111193959,"Blastomere B"
"B2",0.499732313320007,"Blastomere B"
"B2",0.50219137724279,"Blastomere B"
"B2",0.498037039552971,"Blastomere B"
"B2",0.499705399265895,"Blastomere B"
"B2",0.501020560880254,"Blastomere B"
"B2",0.487995779969182,"Blastomere B"
"B2",0.491576981378415,"Blastomere B"
"B2",0.48728738683094,"Blastomere B"
"B2",0.493720995464822,"Blastomere B"
"B2",0.500992122923555,"Blastomere B"
"B2",0.495996396037953,"Blastomere B"
"B2",0.504484421851895,"Blastomere B"
"B2",0.498711617481558,"Blastomere B"
"B2",0.500485830492984,"Blastomere B"
"B2",0.511606305261964,"Blastomere B"
"B2",0.495211662503376,"Blastomere B"
"B2",0.503636556558928,"Blastomere B"
"B2",0.502208502887678,"Blastomere B"
"B2",0.49628055737654,"Blastomere B"
"B2",0.490980926555157,"Blastomere B"
"B2",0.495233204191198,"Blastomere B"
"B2",0.506363593383287,"Blastomere B"
"B2",0.500440794527824,"Blastomere B"
"B2",0.502694887202645,"Blastomere B"
"B2",0.493772509261246,"Blastomere B"
"B2",0.497841437240505,"Blastomere B"
"B2",0.503354224650041,"Blastomere B"
"B2",0.497573503893587,"Blastomere B"
"B2",0.508955878144221,"Blastomere B"
"B2",0.502204356600383,"Blastomere B"
"B2",0.49976984621247,"Blastomere B"
"B2",0.499285510128612,"Blastomere B"
"B2",0.491773531393043,"Blastomere B"
"B2",0.500954687812275,"Blastomere B"
"B2",0.49259779841272,"Blastomere B"
"B2",0.502597871648979,"Blastomere B"
"B2",0.496990326257623,"Blastomere B"
"B2",0.487545169050234,"Blastomere B"
"B2",0.511932260502956,"Blastomere B"
"B2",0.485032046470497,"Blastomere B"
"B2",0.499236733154333,"Blastomere B"
"B2",0.507328766517997,"Blastomere B"
"B2",0.485444821365447,"Blastomere B"
"B2",0.501382853855454,"Blastomere B"
"B2",0.500385380721715,"Blastomere B"
"B2",0.499337142254796,"Blastomere B"
"B2",0.498891964419623,"Blastomere B"
"B2",0.50497056039589,"Blastomere B"
"B2",0.491644281412689,"Blastomere B"
"B2",0.510284331426494,"Blastomere B"
"B2",0.495205882377373,"Blastomere B"
"B2",0.499001992475744,"Blastomere B"
"B2",0.500087710020198,"Blastomere B"
"B2",0.504651267026488,"Blastomere B"
"B2",0.50084745821376,"Blastomere B"
"B2",0.49356845672629,"Blastomere B"
"B2",0.499728122497552,"Blastomere B"
"B2",0.488866105251888,"Blastomere B"
"B2",0.497987429028642,"Blastomere B"
"B2",0.489062805088752,"Blastomere B"
"B2",0.505862928278877,"Blastomere B"
"B2",0.493369968996223,"Blastomere B"
"B2",0.489787574196571,"Blastomere B"
"B2",0.501404762675842,"Blastomere B"
"B2",0.493037051339541,"Blastomere B"
"B2",0.493516047269861,"Blastomere B"
"B2",0.490200672302977,"Blastomere B"
"B2",0.516088390314116,"Blastomere B"
"B2",0.500764819758426,"Blastomere B"
"B2",0.498419628410222,"Blastomere B"
"B2",0.496747196538785,"Blastomere B"
"B2",0.503544791034375,"Blastomere B"
"B2",0.495285468520149,"Blastomere B"
"B2",0.483921890787507,"Blastomere B"
"B2",0.497182015328445,"Blastomere B"
"B2",0.502816679865436,"Blastomere B"
"B2",0.494446929154639,"Blastomere B"
"B2",0.497589661912265,"Blastomere B"
"B2",0.503071367059469,"Blastomere B"
"B2",0.502918547278573,"Blastomere B"
"B2",0.505439642423697,"Blastomere B"
"B2",0.488842486933029,"Blastomere B"
"B2",0.497413781724571,"Blastomere B"
"B2",0.496384558444019,"Blastomere B"
"B2",0.489961721068854,"Blastomere B"
"B2",0.512964928638403,"Blastomere B"
"B2",0.502626477821881,"Blastomere B"
"B2",0.499001785575874,"Blastomere B"
"B2",0.496117868730665,"Blastomere B"
"B2",0.511506392090435,"Blastomere B"
"B2",0.49404505442155,"Blastomere B"
"B2",0.503272313489064,"Blastomere B"
"B2",0.487737588295397,"Blastomere B"
"B2",0.487731161750167,"Blastomere B"
"B2",0.49478492613402,"Blastomere B"
"B2",0.50901107798183,"Blastomere B"
"B2",0.494963096213585,"Blastomere B"
"B2",0.495838332894924,"Blastomere B"
"B2",0.493789968275699,"Blastomere B"
"B2",0.489709517300386,"Blastomere B"
"B2",0.501085500525401,"Blastomere B"
"B2",0.513136243911048,"Blastomere B"
"B2",0.502156398091939,"Blastomere B"
"B2",0.502747893308209,"Blastomere B"
"B2",0.507276996427025,"Blastomere B"
"B2",0.502981859472369,"Blastomere B"
"B2",0.488902110786853,"Blastomere B"
"B2",0.492443217568045,"Blastomere B"
"B2",0.471675743311782,"Blastomere B"
"B2",0.497953579900224,"Blastomere B"
"B2",0.501418361169007,"Blastomere B"
"B2",0.501579575230285,"Blastomere B"
"B2",0.486562837161011,"Blastomere B"
"B2",0.494896319695444,"Blastomere B"
"B2",0.501849492389236,"Blastomere B"
"B2",0.501099568870225,"Blastomere B"
"B2",0.498548886868132,"Blastomere B"
"B2",0.504253035517266,"Blastomere B"
"B2",0.503503403827329,"Blastomere B"
"B2",0.493393881500934,"Blastomere B"
"B2",0.505420392208269,"Blastomere B"
"B2",0.505303081768782,"Blastomere B"
"B2",0.500772904827648,"Blastomere B"
"B2",0.491872616449642,"Blastomere B"
"B2",0.506085037408383,"Blastomere B"
"B2",0.511722484479795,"Blastomere B"
"B2",0.50518276922717,"Blastomere B"
"B2",0.494943915036498,"Blastomere B"
"B2",0.484644088831191,"Blastomere B"
"B2",0.498669267982227,"Blastomere B"
"B2",0.492140060463274,"Blastomere B"
"B2",0.477823234586326,"Blastomere B"
"B2",0.48840735832205,"Blastomere B"
"B2",0.511322309911814,"Blastomere B"
"B2",0.503928349348786,"Blastomere B"
"B2",0.503292354715414,"Blastomere B"
"B2",0.499410895911489,"Blastomere B"
"B2",0.488045461023904,"Blastomere B"
"B2",0.495976618643547,"Blastomere B"
"B2",0.490469708286456,"Blastomere B"
"B2",0.510385230066922,"Blastomere B"
"B2",0.491444716171088,"Blastomere B"
"B2",0.498054618083188,"Blastomere B"
"B2",0.494805539311971,"Blastomere B"
"B2",0.49335795372379,"Blastomere B"
"B2",0.504126126045257,"Blastomere B"
"B2",0.501757609685714,"Blastomere B"
"B2",0.489940354426478,"Blastomere B"
"B2",0.500554976093,"Blastomere B"
"B2",0.500362091670185,"Blastomere B"
"B2",0.505056289418513,"Blastomere B"
"B2",0.508297247224067,"Blastomere B"
"B2",0.480628486374978,"Blastomere B"
"B2",0.494842036637984,"Blastomere B"
"B2",0.497278304803779,"Blastomere B"
"B2",0.493555124317648,"Blastomere B"
"B2",0.492725819277133,"Blastomere B"
"B2",0.489659488171846,"Blastomere B"
"B2",0.495370382405479,"Blastomere B"
"B2",0.50396885503008,"Blastomere B"
"B2",0.494110886905802,"Blastomere B"
"B2",0.494666688272784,"Blastomere B"
"B2",0.50180441315783,"Blastomere B"
"B2",0.50746717352683,"Blastomere B"
"B2",0.504287698087395,"Blastomere B"
"B2",0.493393579073189,"Blastomere B"
"B2",0.499322749724104,"Blastomere B"
"B2",0.488311879229054,"Blastomere B"
"B2",0.490881556746957,"Blastomere B"
"B2",0.504987920582848,"Blastomere B"
"B2",0.504843353843998,"Blastomere B"
"B2",0.48558069947196,"Blastomere B"
"B2",0.494799972295381,"Blastomere B"
"B2",0.506540095175751,"Blastomere B"
"B2",0.499764509640859,"Blastomere B"
"B2",0.48439269799512,"Blastomere B"
"B2",0.495728471812946,"Blastomere B"
"B2",0.503799877633423,"Blastomere B"
"B2",0.492826450713759,"Blastomere B"
"B2",0.498085241568564,"Blastomere B"
"B2",0.501376142160698,"Blastomere B"
"B2",0.490716157385256,"Blastomere B"
"B2",0.491605070026693,"Blastomere B"
"B2",0.495881704420223,"Blastomere B"
"B2",0.498507582301145,"Blastomere B"
"B2",0.497029270079504,"Blastomere B"
"B2",0.505722914092963,"Blastomere B"
"B2",0.497234111642972,"Blastomere B"
"B2",0.496639248161933,"Blastomere B"
"B2",0.497617996742752,"Blastomere B"
"B2",0.502001076831114,"Blastomere B"
"B2",0.501088443521562,"Blastomere B"
"B2",0.501407244302272,"Blastomere B"
"B2",0.508153348617021,"Blastomere B"
"B2",0.491308163432193,"Blastomere B"
"B2",0.503201891244651,"Blastomere B"
"B2",0.509143376048841,"Blastomere B"
"B2",0.489017998299277,"Blastomere B"
"B2",0.500717907526938,"Blastomere B"
"B2",0.500821939071763,"Blastomere B"
"B2",0.500878463889549,"Blastomere B"
"B2",0.483236284963904,"Blastomere B"
"B2",0.494599075063508,"Blastomere B"
"B2",0.486154070143726,"Blastomere B"
"B2",0.511556987277014,"Blastomere B"
"B2",0.497630286647435,"Blastomere B"
"B2",0.487139074189234,"Blastomere B"
"B2",0.504899731162387,"Blastomere B"
"B2",0.49088427988374,"Blastomere B"
"B2",0.504056786385833,"Blastomere B"
"B2",0.512510833875834,"Blastomere B"
"B2",0.488575677722709,"Blastomere B"
"B2",0.493397086007805,"Blastomere B"
"B2",0.502949230202664,"Blastomere B"
"B2",0.498865967200004,"Blastomere B"
"B2",0.499685843620895,"Blastomere B"
"B2",0.503831325317498,"Blastomere B"
"B2",0.498064054143072,"Blastomere B"
"B2",0.507821658615664,"Blastomere B"
"B2",0.500786044546097,"Blastomere B"
"B2",0.491145353493032,"Blastomere B"
"B2",0.503040229553507,"Blastomere B"
"B2",0.48507898550945,"Blastomere B"
"B2",0.497531985922236,"Blastomere B"
"B2",0.485955973377126,"Blastomere B"
"B2",0.491814285995732,"Blastomere B"
"B2",0.499028820425298,"Blastomere B"
"B2",0.491386600991764,"Blastomere B"
"B2",0.490179624077363,"Blastomere B"
"B2",0.492321128580258,"Blastomere B"
"B2",0.500632877757081,"Blastomere B"
"B2",0.490186678726844,"Blastomere B"
"B2",0.496616997167195,"Blastomere B"
"B2",0.496916602382783,"Blastomere B"
"B2",0.485700724904919,"Blastomere B"
"B2",0.500427800412354,"Blastomere B"
"B2",0.494607171720683,"Blastomere B"
"B2",0.50445269507354,"Blastomere B"
"B2",0.487891714929269,"Blastomere B"
"B2",0.495494568669953,"Blastomere B"
"B2",0.49829731111175,"Blastomere B"
"B2",0.495447755253072,"Blastomere B"
"B2",0.494938690757773,"Blastomere B"
"B2",0.506371060569856,"Blastomere B"
"B2",0.492196409017526,"Blastomere B"
"B2",0.496045614605383,"Blastomere B"
"B2",0.500674147422741,"Blastomere B"
"B2",0.499097364810833,"Blastomere B"
"B2",0.49855818968303,"Blastomere B"
"B2",0.517418620861543,"Blastomere B"
"B2",0.499497651812218,"Blastomere B"
"B2",0.505865396407298,"Blastomere B"
"B2",0.491527836673926,"Blastomere B"
"B2",0.488210081852725,"Blastomere B"
"B2",0.483672502277088,"Blastomere B"
"B2",0.487595596249353,"Blastomere B"
"B2",0.502126722412072,"Blastomere B"
"B2",0.496019471513323,"Blastomere B"
"B2",0.507552008561159,"Blastomere B"
"B2",0.499306717422892,"Blastomere B"
"B2",0.502603049189383,"Blastomere B"
"B2",0.496631575207031,"Blastomere B"
"B2",0.502274604389649,"Blastomere B"
"B2",0.487906039316064,"Blastomere B"
"B2",0.490319032659833,"Blastomere B"
"B2",0.507149948747348,"Blastomere B"
"B2",0.501384283284457,"Blastomere B"
"B2",0.504526244580849,"Blastomere B"
"B2",0.492708041573606,"Blastomere B"
"B2",0.499216042676345,"Blastomere B"
"B2",0.483364742257067,"Blastomere B"
"B2",0.484244243516342,"Blastomere B"
"B2",0.497137257580412,"Blastomere B"
"B2",0.505189665190647,"Blastomere B"
"B2",0.492786568158954,"Blastomere B"
"B2",0.509505925155516,"Blastomere B"
"B2",0.501603681961025,"Blastomere B"
"B2",0.502301290362583,"Blastomere B"
"B2",0.494414549476304,"Blastomere B"
"B2",0.494354856315575,"Blastomere B"
"B2",0.500231559670696,"Blastomere B"
"B2",0.500183384782605,"Blastomere B"
"B2",0.503907268094785,"Blastomere B"
"B2",0.496812752402555,"Blastomere B"
"B2",0.496200873553939,"Blastomere B"
"B2",0.509038624588432,"Blastomere B"
"B2",0.484094798289264,"Blastomere B"
"B2",0.487136462362376,"Blastomere B"
"B2",0.498314014015161,"Blastomere B"
"B2",0.502621039788705,"Blastomere B"
"B2",0.4992145869183,"Blastomere B"
"B2",0.502754772648408,"Blastomere B"
"B2",0.497399449538975,"Blastomere B"
"B2",0.500247643200028,"Blastomere B"
"B2",0.50113372792213,"Blastomere B"
"B2",0.505621758048216,"Blastomere B"
"B2",0.504861965991772,"Blastomere B"
"B2",0.492223465588113,"Blastomere B"
"B2",0.501577644860719,"Blastomere B"
"B2",0.499885174255714,"Blastomere B"
"B2",0.487920235439473,"Blastomere B"
"B2",0.494935199443797,"Blastomere B"
"B2",0.498633034549477,"Blastomere B"
"B2",0.491354845177208,"Blastomere B"
"B2",0.501424467152219,"Blastomere B"
"B2",0.507061932730844,"Blastomere B"
"B2",0.495245330766738,"Blastomere B"
"B2",0.500379300348647,"Blastomere B"
"B2",0.500822063980643,"Blastomere B"
"B2",0.499050883460705,"Blastomere B"
"B2",0.492926276511072,"Blastomere B"
"B2",0.486890649371809,"Blastomere B"
"B2",0.498162187232898,"Blastomere B"
"B2",0.49473278164438,"Blastomere B"
"B2",0.48093873616005,"Blastomere B"
"B2",0.49150117098967,"Blastomere B"
"B2",0.498210026218152,"Blastomere B"
"B2",0.49533246083375,"Blastomere B"
"B2",0.499095098084854,"Blastomere B"
"B2",0.491236680184705,"Blastomere B"
"B2",0.489861263498265,"Blastomere B"
"B2",0.495475596772907,"Blastomere B"
"B2",0.512698931337738,"Blastomere B"
"B2",0.499434649901197,"Blastomere B"
"B2",0.491313261066605,"Blastomere B"
"B2",0.505392423058292,"Blastomere B"
"B2",0.507742435550843,"Blastomere B"
"B2",0.494510879891299,"Blastomere B"
"B2",0.490217346465033,"Blastomere B"
"B2",0.50828416668898,"Blastomere B"
"B2",0.508111295032507,"Blastomere B"
"B2",0.500410808541907,"Blastomere B"
"B2",0.504025135411153,"Blastomere B"
"B2",0.501072104397915,"Blastomere B"
"B2",0.495522580873201,"Blastomere B"
"B2",0.486415152299273,"Blastomere B"
"B2",0.495510790636293,"Blastomere B"
"B2",0.502054231415513,"Blastomere B"
"B2",0.504280519598238,"Blastomere B"
"B2",0.487479278100083,"Blastomere B"
"B2",0.499830383744263,"Blastomere B"
"B2",0.477225669120184,"Blastomere B"
"B2",0.497717139480408,"Blastomere B"
"B2",0.502727502917516,"Blastomere B"
"B2",0.486061990622473,"Blastomere B"
"B2",0.506361076177056,"Blastomere B"
"B2",0.500781515599929,"Blastomere B"
"B2",0.503797253412324,"Blastomere B"
"B2",0.491650897799224,"Blastomere B"
"B2",0.50503653818707,"Blastomere B"
"B2",0.496583865870735,"Blastomere B"
"B2",0.494364115663482,"Blastomere B"
"B2",0.494953809702213,"Blastomere B"
"B2",0.498134664356646,"Blastomere B"
"B2",0.49157759125069,"Blastomere B"
"B2",0.503428388804465,"Blastomere B"
"B2",0.513723180088298,"Blastomere B"
"B2",0.489168097253237,"Blastomere B"
"B2",0.501197948730287,"Blastomere B"
"B2",0.488535273437938,"Blastomere B"
"B2",0.496676207184701,"Blastomere B"
"B2",0.501340552024001,"Blastomere B"
"B2",0.502859911548965,"Blastomere B"
"B2",0.506212093732916,"Blastomere B"
"B2",0.503991692826831,"Blastomere B"
"B2",0.499534529564357,"Blastomere B"
"B2",0.495406952395945,"Blastomere B"
"B2",0.488241734247801,"Blastomere B"
"B2",0.500800854154293,"Blastomere B"
"B2",0.493990604518461,"Blastomere B"
"B2",0.50313362016176,"Blastomere B"
"B2",0.494830826618862,"Blastomere B"
"B2",0.506163356855696,"Blastomere B"
"B2",0.498492598038825,"Blastomere B"
"B2",0.503602876367373,"Blastomere B"
"B2",0.504142015329241,"Blastomere B"
"B2",0.498969813870879,"Blastomere B"
"B2",0.494718867736087,"Blastomere B"
"B2",0.486059712851411,"Blastomere B"
"B2",0.502161089302608,"Blastomere B"
"B2",0.482063712976837,"Blastomere B"
"B2",0.502547744920908,"Blastomere B"
"B2",0.505996947067933,"Blastomere B"
"B2",0.490885760677397,"Blastomere B"
"B2",0.493064683911432,"Blastomere B"
"B2",0.483868372717309,"Blastomere B"
"B2",0.494820054105124,"Blastomere B"
"B2",0.488947597700005,"Blastomere B"
"B2",0.50799935122994,"Blastomere B"
"B2",0.496440238894006,"Blastomere B"
"B2",0.491126054062593,"Blastomere B"
"B2",0.499627847034657,"Blastomere B"
"B2",0.500463536190464,"Blastomere B"
"B2",0.494942202990874,"Blastomere B"
"B2",0.499002195246039,"Blastomere B"
"B2",0.497671948974456,"Blastomere B"
"B2",0.508203255981554,"Blastomere B"
"B2",0.501330255350708,"Blastomere B"
"B2",0.498157101900753,"Blastomere B"
"B2",0.507899442379016,"Blastomere B"
"B2",0.490724138216858,"Blastomere B"
"B2",0.50868505279926,"Blastomere B"
"B2",0.49446731159445,"Blastomere B"
"B2",0.491850941926528,"Blastomere B"
"B2",0.505463221720991,"Blastomere B"
"B2",0.494471252611756,"Blastomere B"
"B2",0.507436461384774,"Blastomere B"
"B2",0.509889555573519,"Blastomere B"
"B2",0.492706894494777,"Blastomere B"
"B2",0.491729296835937,"Blastomere B"
"B2",0.496179284645721,"Blastomere B"
"B2",0.504268897387959,"Blastomere B"
"B2",0.485355390543572,"Blastomere B"
"B2",0.503043614425451,"Blastomere B"
"B2",0.493346733750263,"Blastomere B"
"B2",0.503747660200976,"Blastomere B"
"B2",0.504029610233526,"Blastomere B"
"B2",0.49170045041635,"Blastomere B"
"B2",0.49236776128252,"Blastomere B"
"B2",0.495350220013056,"Blastomere B"
"B2",0.491738710107421,"Blastomere B"
"B2",0.507441969684243,"Blastomere B"
"B2",0.502391832710814,"Blastomere B"
"B2",0.491056074369403,"Blastomere B"
"B2",0.505200714142031,"Blastomere B"
"B2",0.501810773318059,"Blastomere B"
"B2",0.492354059315103,"Blastomere B"
"B2",0.508685433119946,"Blastomere B"
"B2",0.508616469427096,"Blastomere B"
"B2",0.495737502892721,"Blastomere B"
"B2",0.505900293587787,"Blastomere B"
"B2",0.503027790004108,"Blastomere B"
"B2",0.511303198602078,"Blastomere B"
"B2",0.49870832036002,"Blastomere B"
"B2",0.498285698564824,"Blastomere B"
"B2",0.500387755179915,"Blastomere B"
"B2",0.491788589693602,"Blastomere B"
"B2",0.500512049185379,"Blastomere B"
"B2",0.491461879763502,"Blastomere B"
"B2",0.493513072100357,"Blastomere B"
"B2",0.507404995169012,"Blastomere B"
"B2",0.506156193210419,"Blastomere B"
"B2",0.497545135837465,"Blastomere B"
"B2",0.507715939772092,"Blastomere B"
"B2",0.502675475562571,"Blastomere B"
"B2",0.485661180709423,"Blastomere B"
"B2",0.501341409829383,"Blastomere B"
"B2",0.49237882302719,"Blastomere B"
"B2",0.491905481197668,"Blastomere B"
"B2",0.503159552588402,"Blastomere B"
"B2",0.495668267086005,"Blastomere B"
"B2",0.501760610943077,"Blastomere B"
"B2",0.502576858878895,"Blastomere B"
"B2",0.489057255489712,"Blastomere B"
"B2",0.496165210786576,"Blastomere B"
"B2",0.493320081131888,"Blastomere B"
"B2",0.485251382285156,"Blastomere B"
"B2",0.48954063700804,"Blastomere B"
"B2",0.491300312712603,"Blastomere B"
"B2",0.507077293223237,"Blastomere B"
"B2",0.496715728765981,"Blastomere B"
"B2",0.502968863576701,"Blastomere B"
"B2",0.515800554280827,"Blastomere B"
"B2",0.497775687370832,"Blastomere B"
"B2",0.498755882737123,"Blastomere B"
"B2",0.495273715035942,"Blastomere B"
"B2",0.485736188904236,"Blastomere B"
"B2",0.498369389699593,"Blastomere B"
"B2",0.497381202998444,"Blastomere B"
"B2",0.496148525785124,"Blastomere B"
"B2",0.504597340317439,"Blastomere B"
"B2",0.496893508556796,"Blastomere B"
"B2",0.510757790198583,"Blastomere B"
"B2",0.494485185865537,"Blastomere B"
"B2",0.50379179571489,"Blastomere B"
"B2",0.490214428733366,"Blastomere B"
"B2",0.501813383417186,"Blastomere B"
"B2",0.500039123608699,"Blastomere B"
"B2",0.501556828475237,"Blastomere B"
"B2",0.505409083261351,"Blastomere B"
"B2",0.502057306208071,"Blastomere B"
"B2",0.49785884704684,"Blastomere B"
"B2",0.503674839274752,"Blastomere B"
"B2",0.499011722418999,"Blastomere B"
"B2",0.490798235150265,"Blastomere B"
"B2",0.491513757185924,"Blastomere B"
"B2",0.500181697179212,"Blastomere B"
"B2",0.496762467022121,"Blastomere B"
"B2",0.503488158611526,"Blastomere B"
"B2",0.498945699183272,"Blastomere B"
"B2",0.508172383412582,"Blastomere B"
"B2",0.491153906448259,"Blastomere B"
"B2",0.49848772706236,"Blastomere B"
"B2",0.504303061718853,"Blastomere B"
"B2",0.490040151937927,"Blastomere B"
"B2",0.495606097151623,"Blastomere B"
"B2",0.511809692493358,"Blastomere B"
"B2",0.49364977578162,"Blastomere B"
"B2",0.49765892731959,"Blastomere B"
"B2",0.498909318385067,"Blastomere B"
"B2",0.515733313487851,"Blastomere B"
"B2",0.498413423674948,"Blastomere B"
"B2",0.488750631669781,"Blastomere B"
"B2",0.490607053180428,"Blastomere B"
"B2",0.493075624533837,"Blastomere B"
"B2",0.483219473211317,"Blastomere B"
"B2",0.513612788461446,"Blastomere B"
"B2",0.507661532516788,"Blastomere B"
"B2",0.486662755814859,"Blastomere B"
"B2",0.508486427185423,"Blastomere B"
"B2",0.501743389010918,"Blastomere B"
"B2",0.493841910953747,"Blastomere B"
"B2",0.499214029499294,"Blastomere B"
"B2",0.500476681934415,"Blastomere B"
"B2",0.487547550665679,"Blastomere B"
"B2",0.492495838539777,"Blastomere B"
"B2",0.497070646732409,"Blastomere B"
"B2",0.493944466581086,"Blastomere B"
"B2",0.51241335353786,"Blastomere B"
"B2",0.500935130868214,"Blastomere B"
"B2",0.504785512728745,"Blastomere B"
"B2",0.491331738398341,"Blastomere B"
"B2",0.508278242747351,"Blastomere B"
"B2",0.494567525307195,"Blastomere B"
"B2",0.491000847498326,"Blastomere B"
"B2",0.493064803813608,"Blastomere B"
"B2",0.49176107774325,"Blastomere B"
"B2",0.491296690398399,"Blastomere B"
"B2",0.49933356320332,"Blastomere B"
"B2",0.49944617870913,"Blastomere B"
"B2",0.502473728984375,"Blastomere B"
"B2",0.494662262472925,"Blastomere B"
"B2",0.512596411085799,"Blastomere B"
"B2",0.489745117171824,"Blastomere B"
"B2",0.490669297248498,"Blastomere B"
"B2",0.494685531406504,"Blastomere B"
"B2",0.502857573465261,"Blastomere B"
"B2",0.500617545660507,"Blastomere B"
"B2",0.492966963146068,"Blastomere B"
"B2",0.491023559550892,"Blastomere B"
"B2",0.505302208890704,"Blastomere B"
"B2",0.490975315180928,"Blastomere B"
"B2",0.503149232907815,"Blastomere B"
"B2",0.499683238940545,"Blastomere B"
"B2",0.489117183862174,"Blastomere B"
"B2",0.50178972684553,"Blastomere B"
"B2",0.486854494309169,"Blastomere B"
"B2",0.501749172593538,"Blastomere B"
"B2",0.511258252884642,"Blastomere B"
"B2",0.499565970963263,"Blastomere B"
"B2",0.499529727706478,"Blastomere B"
"B2",0.493625949030549,"Blastomere B"
"B2",0.497152284477697,"Blastomere B"
"B2",0.510625682101176,"Blastomere B"
"B2",0.489480680920292,"Blastomere B"
"B2",0.506460797976789,"Blastomere B"
"B2",0.5000307931874,"Blastomere B"
"B2",0.503728240276464,"Blastomere B"
"B2",0.499588584434937,"Blastomere B"
"B2",0.49744372859288,"Blastomere B"
"B2",0.487501425465955,"Blastomere B"
"B2",0.496442024470021,"Blastomere B"
"B2",0.497816359263565,"Blastomere B"
"B2",0.482533238160201,"Blastomere B"
"B2",0.502794631921415,"Blastomere B"
"B2",0.50184222219486,"Blastomere B"
"B2",0.493558955215497,"Blastomere B"
"B2",0.494053434649751,"Blastomere B"
"B2",0.503235080297502,"Blastomere B"
"B2",0.499457027481364,"Blastomere B"
"B2",0.511345323107084,"Blastomere B"
"B2",0.503309807844746,"Blastomere B"
"B2",0.496825230556848,"Blastomere B"
"B2",0.482563519907506,"Blastomere B"
"B2",0.500025663005451,"Blastomere B"
"B2",0.497856364808756,"Blastomere B"
"B2",0.493251675235702,"Blastomere B"
"B2",0.514236616731088,"Blastomere B"
"B2",0.501244496724556,"Blastomere B"
"B2",0.492578832022397,"Blastomere B"
"B2",0.502986649064405,"Blastomere B"
"B2",0.501317833307665,"Blastomere B"
"B2",0.489326426582584,"Blastomere B"
"B2",0.504495424064927,"Blastomere B"
"B2",0.503208966698057,"Blastomere B"
"B2",0.501431226525395,"Blastomere B"
"B2",0.507135288317963,"Blastomere B"
"B2",0.500169855428588,"Blastomere B"
"B2",0.498508229235834,"Blastomere B"
"B2",0.500468574148368,"Blastomere B"
"B2",0.491355294512596,"Blastomere B"
"B2",0.501544918691419,"Blastomere B"
"B2",0.490338848336705,"Blastomere B"
"B2",0.495715485988781,"Blastomere B"
"B2",0.511483151214347,"Blastomere B"
"B2",0.489598685632265,"Blastomere B"
"B2",0.492902336825034,"Blastomere B"
"B2",0.496367541131724,"Blastomere B"
"B2",0.493895114252791,"Blastomere B"
"B2",0.492333151703028,"Blastomere B"
"B2",0.488486843663224,"Blastomere B"
"B2",0.494336543703836,"Blastomere B"
"B2",0.49215023626688,"Blastomere B"
"B2",0.485642742768909,"Blastomere B"
"B2",0.499803431635009,"Blastomere B"
"B2",0.494213690435963,"Blastomere B"
"B2",0.49998071282758,"Blastomere B"
"B2",0.499657139575962,"Blastomere B"
"B2",0.500196626821852,"Blastomere B"
"B2",0.49718270696728,"Blastomere B"
"B2",0.492421850073786,"Blastomere B"
"B2",0.507000195886177,"Blastomere B"
"B2",0.493679003262071,"Blastomere B"
"B2",0.484756024630747,"Blastomere B"
"B2",0.495389914081667,"Blastomere B"
"B2",0.497273897883258,"Blastomere B"
"B2",0.498450169201443,"Blastomere B"
"B2",0.487139770507298,"Blastomere B"
"B2",0.496083519730268,"Blastomere B"
"B2",0.502864211996098,"Blastomere B"
"B2",0.497891580539415,"Blastomere B"
"B2",0.488187973545867,"Blastomere B"
"B2",0.507036503076512,"Blastomere B"
"B2",0.503257893554423,"Blastomere B"
"B2",0.502046246941681,"Blastomere B"
"B2",0.501712198809908,"Blastomere B"
"B2",0.498141030600953,"Blastomere B"
"B2",0.505279814714206,"Blastomere B"
"B2",0.498937959569227,"Blastomere B"
"B2",0.491574877720127,"Blastomere B"
"B2",0.512140544513848,"Blastomere B"
"B2",0.503983297050136,"Blastomere B"
"B2",0.4991367921628,"Blastomere B"
"B2",0.493099277583408,"Blastomere B"
"B2",0.50252965132853,"Blastomere B"
"B2",0.486883465359522,"Blastomere B"
"B2",0.508427246762692,"Blastomere B"
"B2",0.486805012117964,"Blastomere B"
"B2",0.503067593009738,"Blastomere B"
"B2",0.49219299267895,"Blastomere B"
"B2",0.485937555472868,"Blastomere B"
"B2",0.492876376388264,"Blastomere B"
"B2",0.495233044341049,"Blastomere B"
"B2",0.502220424782251,"Blastomere B"
"B2",0.493838996924749,"Blastomere B"
"B2",0.504351234735846,"Blastomere B"
"B2",0.495070606822382,"Blastomere B"
"B2",0.50069505104493,"Blastomere B"
"B2",0.509039019108537,"Blastomere B"
"B2",0.484390861385279,"Blastomere B"
"B2",0.499645549810994,"Blastomere B"
"B2",0.481155877331021,"Blastomere B"
"B2",0.493838115360648,"Blastomere B"
"B2",0.504763129212707,"Blastomere B"
"B2",0.503312983022347,"Blastomere B"
"B2",0.489895284918427,"Blastomere B"
"B2",0.502517522703923,"Blastomere B"
"B2",0.493286381032489,"Blastomere B"
"B2",0.492614856428305,"Blastomere B"
"B2",0.494556377472387,"Blastomere B"
"B2",0.495302935446458,"Blastomere B"
"B2",0.494856498935566,"Blastomere B"
"B2",0.500597345792048,"Blastomere B"
"B2",0.501790177469118,"Blastomere B"
"B2",0.495678246852025,"Blastomere B"
"B2",0.494184413535836,"Blastomere B"
"B2",0.499131230381937,"Blastomere B"
"B2",0.496062495621278,"Blastomere B"
"B2",0.494063918779106,"Blastomere B"
"B2",0.492643914769644,"Blastomere B"
"B2",0.498757269728524,"Blastomere B"
"B2",0.497122050678484,"Blastomere B"
"B2",0.490536831740869,"Blastomere B"
"B2",0.491280104332246,"Blastomere B"
"B2",0.501154759434931,"Blastomere B"
"B2",0.500607949189832,"Blastomere B"
"B2",0.482063479309989,"Blastomere B"
"B2",0.501281497173193,"Blastomere B"
"B2",0.50674760716338,"Blastomere B"
"B2",0.492657241984136,"Blastomere B"
"B2",0.479066996061448,"Blastomere B"
"B2",0.487227120166793,"Blastomere B"
"B2",0.494862761843342,"Blastomere B"
"B2",0.499464357339848,"Blastomere B"
"B2",0.494553284575337,"Blastomere B"
"B2",0.484154676526881,"Blastomere B"
"B2",0.494082102976883,"Blastomere B"
"B2",0.486420502045823,"Blastomere B"
"B2",0.502704286686466,"Blastomere B"
"B2",0.50826158303568,"Blastomere B"
"B2",0.493419906708942,"Blastomere B"
"B2",0.493240819010529,"Blastomere B"
"B2",0.499749089402523,"Blastomere B"
"B2",0.501366739080373,"Blastomere B"
"B2",0.503773321104447,"Blastomere B"
"B2",0.495540621605123,"Blastomere B"
"B2",0.49024208358099,"Blastomere B"
"B2",0.495294989985024,"Blastomere B"
"B2",0.497234292348524,"Blastomere B"
"B2",0.498094602089623,"Blastomere B"
"B2",0.495125142807086,"Blastomere B"
"B2",0.497286438439141,"Blastomere B"
"B2",0.501662562519523,"Blastomere B"
"B2",0.495059262574627,"Blastomere B"
"B2",0.492823081734454,"Blastomere B"
"B2",0.502546076751079,"Blastomere B"
"B2",0.500305084655923,"Blastomere B"
"B2",0.515787548842527,"Blastomere B"
"B2",0.490439197328897,"Blastomere B"
"B2",0.504483986556902,"Blastomere B"
"B2",0.492928324117522,"Blastomere B"
"B2",0.497308814359699,"Blastomere B"
"B2",0.490665611332898,"Blastomere B"
"B2",0.498929662425912,"Blastomere B"
"B2",0.48951922397179,"Blastomere B"
"B2",0.505041618298183,"Blastomere B"
"B2",0.49285698019328,"Blastomere B"
"B2",0.489411098812079,"Blastomere B"
"B2",0.49240740292407,"Blastomere B"
"B2",0.51212165689836,"Blastomere B"
"B2",0.487487222926154,"Blastomere B"
"B2",0.497734131317783,"Blastomere B"
"B2",0.512508298798602,"Blastomere B"
"B2",0.503289272107399,"Blastomere B"
"B2",0.500048671276615,"Blastomere B"
"B2",0.497278197482874,"Blastomere B"
"B2",0.489962448727745,"Blastomere B"
"B2",0.499010244665737,"Blastomere B"
"B2",0.491318285664174,"Blastomere B"
"B2",0.483331797548499,"Blastomere B"
"B2",0.491453185151951,"Blastomere B"
"B2",0.494892898352205,"Blastomere B"
"B2",0.496830257608369,"Blastomere B"
"B2",0.503952189866939,"Blastomere B"
"B2",0.500527208223987,"Blastomere B"
"B2",0.494900249045447,"Blastomere B"
"B2",0.50241940731013,"Blastomere B"
"B2",0.492511575583817,"Blastomere B"
"B2",0.50677106839562,"Blastomere B"
"B2",0.495932080764659,"Blastomere B"
"B2",0.496110618921864,"Blastomere B"
"B2",0.493516026981346,"Blastomere B"
"B2",0.501265912744853,"Blastomere B"
"B2",0.510480489076701,"Blastomere B"
"B2",0.504971585738138,"Blastomere B"
"B2",0.490732582730291,"Blastomere B"
"B2",0.503023554822978,"Blastomere B"
"B2",0.498658277353788,"Blastomere B"
"B2",0.497847346201353,"Blastomere B"
"B2",0.498653881930607,"Blastomere B"
"B2",0.487635621286153,"Blastomere B"
"B2",0.494400076199996,"Blastomere B"
"B2",0.498781083653697,"Blastomere B"
"B2",0.491571090072392,"Blastomere B"
"B2",0.495520521284112,"Blastomere B"
"B2",0.501465808992445,"Blastomere B"
"B2",0.483801517931256,"Blastomere B"
"B2",0.495663177646811,"Blastomere B"
"B2",0.509632682350362,"Blastomere B"
"B2",0.490435685465965,"Blastomere B"
"B2",0.507576850373672,"Blastomere B"
"B2",0.505055481849669,"Blastomere B"
"B2",0.498859962412191,"Blastomere B"
"B2",0.499974195889076,"Blastomere B"
"B2",0.489846479156228,"Blastomere B"
"B2",0.497508718769034,"Blastomere B"
"B2",0.499528609525187,"Blastomere B"
"B2",0.50235492311232,"Blastomere B"
"B2",0.498827421394187,"Blastomere B"
"B2",0.49709240560595,"Blastomere B"
"B2",0.500866255157241,"Blastomere B"
"B2",0.483706894468354,"Blastomere B"
"B2",0.499072824650093,"Blastomere B"
"B2",0.507742903021493,"Blastomere B"
"B2",0.488439639021528,"Blastomere B"
"B2",0.502306427614096,"Blastomere B"
"B2",0.492394558306954,"Blastomere B"
"B2",0.502602671581345,"Blastomere B"
"B2",0.486312109292868,"Blastomere B"
"B2",0.492715347482523,"Blastomere B"
"B2",0.505702029795894,"Blastomere B"
"B2",0.5057999949082,"Blastomere B"
"B2",0.49420878619464,"Blastomere B"
"B2",0.497390970369282,"Blastomere B"
"B2",0.506253987755581,"Blastomere B"
"B2",0.503969435860611,"Blastomere B"
"B2",0.499659000540017,"Blastomere B"
"B2",0.49402121838375,"Blastomere B"
"B2",0.497482059704474,"Blastomere B"
"B2",0.493893154335632,"Blastomere B"
"B2",0.49743162829734,"Blastomere B"
"B2",0.498487122928581,"Blastomere B"
"B2",0.494139572533901,"Blastomere B"
"B2",0.492577357405339,"Blastomere B"
"B2",0.494624182661713,"Blastomere B"
"B2",0.494551034550423,"Blastomere B"
"B2",0.503064341113214,"Blastomere B"
"B2",0.501690621935662,"Blastomere B"
"B2",0.503816828533,"Blastomere B"
"B2",0.490500541281033,"Blastomere B"
"B2",0.489407125835124,"Blastomere B"
"B2",0.499008288452883,"Blastomere B"
"B2",0.500343517880532,"Blastomere B"
"B2",0.489824372134631,"Blastomere B"
"B2",0.495729130493144,"Blastomere B"
"B2",0.508792387316023,"Blastomere B"
"B2",0.508476317567396,"Blastomere B"
"B2",0.493151029376469,"Blastomere B"
"B2",0.501889816219646,"Blastomere B"
"B2",0.495127388807981,"Blastomere B"
"B2",0.499887070623329,"Blastomere B"
"B2",0.495993356308052,"Blastomere B"
"B2",0.508440276141763,"Blastomere B"
"B2",0.488281195255044,"Blastomere B"
"B2",0.490345716725735,"Blastomere B"
"B2",0.498406561168484,"Blastomere B"
"B2",0.498156010311186,"Blastomere B"
"B2",0.491212124513415,"Blastomere B"
"B2",0.490032656160552,"Blastomere B"
"B2",0.496018692310191,"Blastomere B"
"B2",0.496493217725732,"Blastomere B"
"B2",0.50006456394794,"Blastomere B"
"B2",0.48209092454987,"Blastomere B"
"B2",0.490720294718403,"Blastomere B"
"B2",0.502162119953271,"Blastomere B"
"B2",0.501936285689332,"Blastomere B"
"B2",0.509539144008925,"Blastomere B"
"B2",0.500425300708766,"Blastomere B"
"B2",0.500644485115917,"Blastomere B"
"B2",0.501857205413217,"Blastomere B"
"B2",0.520490648499216,"Blastomere B"
"B2",0.498770774244545,"Blastomere B"
"B2",0.479503983838089,"Blastomere B"
"B2",0.489221393552443,"Blastomere B"
"B2",0.495289101852604,"Blastomere B"
"B2",0.498806057044399,"Blastomere B"
"B2",0.503942953177194,"Blastomere B"
"B2",0.507281128718935,"Blastomere B"
"B2",0.492953474802714,"Blastomere B"
"B2",0.49820514862775,"Blastomere B"
"B2",0.496132945390058,"Blastomere B"
"B2",0.50122196321101,"Blastomere B"
"B2",0.508160675070154,"Blastomere B"
"B2",0.505789110110617,"Blastomere B"
"B2",0.500608018655384,"Blastomere B"
"B2",0.496075372363545,"Blastomere B"
"B2",0.485575162022388,"Blastomere B"
"B2",0.503275939101794,"Blastomere B"
"B2",0.494730713571221,"Blastomere B"
"B2",0.513492345091063,"Blastomere B"
"B2",0.501685248931201,"Blastomere B"
"B2",0.4970314767173,"Blastomere B"
"B2",0.501395132428117,"Blastomere B"
"B2",0.496599322990428,"Blastomere B"
"B2",0.501545697935104,"Blastomere B"
"B2",0.500693331838231,"Blastomere B"
"B2",0.494271508210028,"Blastomere B"
"B2",0.503151293881662,"Blastomere B"
"B2",0.495775216984558,"Blastomere B"
"B2",0.493504649610359,"Blastomere B"
"B2",0.509096524353562,"Blastomere B"
"B2",0.507959135867542,"Blastomere B"
"B2",0.495974631826993,"Blastomere B"
"B2",0.506918102391589,"Blastomere B"
"B2",0.496617465638371,"Blastomere B"
"B2",0.498250036015508,"Blastomere B"
"B2",0.502194991571178,"Blastomere B"
"B2",0.502051620642566,"Blastomere B"
"B2",0.493991666499665,"Blastomere B"
"B2",0.510822841515318,"Blastomere B"
"B2",0.490586163439527,"Blastomere B"
"B2",0.498051597691355,"Blastomere B"
"B2",0.495455415610958,"Blastomere B"
"B2",0.482572850239969,"Blastomere B"
"B2",0.496847932207327,"Blastomere B"
"B2",0.495154311792204,"Blastomere B"
"B2",0.494884354059153,"Blastomere B"
"B2",0.505411257106171,"Blastomere B"
"B2",0.49614016262575,"Blastomere B"
"B2",0.497868745596172,"Blastomere B"
"B2",0.511269480946755,"Blastomere B"
"B2",0.486561862654007,"Blastomere B"
"B2",0.509156837006257,"Blastomere B"
"B2",0.498648788979133,"Blastomere B"
"B2",0.504391016079715,"Blastomere B"
"B2",0.516059785906727,"Blastomere B"
"B2",0.493479628613754,"Blastomere B"
"B2",0.50429671597316,"Blastomere B"
"B2",0.491357242885743,"Blastomere B"
"B2",0.499561194448068,"Blastomere B"
"B2",0.489732874353911,"Blastomere B"
"B2",0.507349074496418,"Blastomere B"
"B2",0.495557149465475,"Blastomere B"
"B2",0.495987617362433,"Blastomere B"
"B2",0.4997756406701,"Blastomere B"
"B2",0.490646144642192,"Blastomere B"
"B2",0.501089823063217,"Blastomere B"
"B2",0.499027596245262,"Blastomere B"
"B2",0.498887482094381,"Blastomere B"
"B2",0.497797035904035,"Blastomere B"
"B2",0.498096221739045,"Blastomere B"
"B2",0.506468306869619,"Blastomere B"
"B2",0.496350160457135,"Blastomere B"
"B2",0.487896170737875,"Blastomere B"
"B2",0.498962671010509,"Blastomere B"
"B2",0.496723881653373,"Blastomere B"
"B2",0.498901944472398,"Blastomere B"
"B2",0.498981958814641,"Blastomere B"
"B2",0.494875720895148,"Blastomere B"
"B2",0.49774399069759,"Blastomere B"
"B2",0.487769092413077,"Blastomere B"
"B2",0.495233352425824,"Blastomere B"
"B2",0.491534829266646,"Blastomere B"
"B2",0.493663367889678,"Blastomere B"
"B2",0.492067365011811,"Blastomere B"
"B2",0.493020893275989,"Blastomere B"
"B2",0.505236149596472,"Blastomere B"
"B2",0.484352147732445,"Blastomere B"
"B2",0.493340689129703,"Blastomere B"
"B2",0.488030910664106,"Blastomere B"
"B2",0.485854331479476,"Blastomere B"
"B2",0.504257792454005,"Blastomere B"
"B2",0.486274859318144,"Blastomere B"
"B2",0.50937823432602,"Blastomere B"
"B2",0.499329191352709,"Blastomere B"
"B2",0.497582231078881,"Blastomere B"
"B2",0.497352923426758,"Blastomere B"
"B2",0.501596716996972,"Blastomere B"
"B2",0.488502355713979,"Blastomere B"
"B2",0.492782138646413,"Blastomere B"
"B2",0.504342359648123,"Blastomere B"
"B2",0.504587611977378,"Blastomere B"
"B2",0.508301431750815,"Blastomere B"
"B2",0.494368930702467,"Blastomere B"
"B2",0.504148209387023,"Blastomere B"
"B2",0.504138380386757,"Blastomere B"
"B2",0.49509403683124,"Blastomere B"
"B2",0.49997802563861,"Blastomere B"
"B2",0.50136095096395,"Blastomere B"
"B2",0.494555577784317,"Blastomere B"
"B2",0.511215216219818,"Blastomere B"
"B2",0.497898726005358,"Blastomere B"
"B2",0.499420628623839,"Blastomere B"
"B2",0.508381413975002,"Blastomere B"
"B2",0.494778047986636,"Blastomere B"
"B2",0.494388898948168,"Blastomere B"
"B2",0.498755589154585,"Blastomere B"
"B2",0.495749027747852,"Blastomere B"
"B2",0.500003199727436,"Blastomere B"
"B2",0.490530524036511,"Blastomere B"
"B2",0.501090172849992,"Blastomere B"
"B2",0.485017943587329,"Blastomere B"
"B2",0.504559419257673,"Blastomere B"
"B2",0.50811265693238,"Blastomere B"
"B2",0.49188148784189,"Blastomere B"
"B2",0.499978755207663,"Blastomere B"
"B2",0.508625302386818,"Blastomere B"
"B2",0.4982224385479,"Blastomere B"
"B2",0.498008058595908,"Blastomere B"
"B2",0.496384535444847,"Blastomere B"
"B2",0.501982037468652,"Blastomere B"
"B2",0.499883184050753,"Blastomere B"
"B2",0.509952605536925,"Blastomere B"
"B2",0.489972873718553,"Blastomere B"
"B2",0.491903256001912,"Blastomere B"
"B2",0.499375459657257,"Blastomere B"
"B2",0.501834078111839,"Blastomere B"
"B2",0.506102504907239,"Blastomere B"
"B2",0.4935538779581,"Blastomere B"
"B2",0.494888501299563,"Blastomere B"
"B2",0.496785080188468,"Blastomere B"
"B2",0.50337662443577,"Blastomere B"
"B2",0.502533465328477,"Blastomere B"
"B2",0.506275114920009,"Blastomere B"
"B2",0.50082932194012,"Blastomere B"
"B2",0.487490000725446,"Blastomere B"
"B2",0.503257551837725,"Blastomere B"
"B2",0.502156417531363,"Blastomere B"
"B2",0.503983488752934,"Blastomere B"
"B2",0.49364014974677,"Blastomere B"
"B2",0.488880019065634,"Blastomere B"
"B2",0.489513068433381,"Blastomere B"
"B2",0.498095081396585,"Blastomere B"
"B2",0.495275398132844,"Blastomere B"
"B2",0.497442349823825,"Blastomere B"
"B2",0.500733635845497,"Blastomere B"
"B2",0.49297488294511,"Blastomere B"
"B2",0.493930960941183,"Blastomere B"
"B2",0.492744274885786,"Blastomere B"
"B2",0.492184292265902,"Blastomere B"
"B2",0.494597469041592,"Blastomere B"
"B2",0.507085453924783,"Blastomere B"
"B2",0.49384420184256,"Blastomere B"
"B2",0.503292673672369,"Blastomere B"
"B2",0.490405852265023,"Blastomere B"
"B2",0.500803111148512,"Blastomere B"
"B2",0.490595094140301,"Blastomere B"
"B2",0.499238150148544,"Blastomere B"
"B2",0.496983890864327,"Blastomere B"
"B2",0.498647683750602,"Blastomere B"
"B2",0.496299016029014,"Blastomere B"
"B2",0.499163218694346,"Blastomere B"
"B2",0.492541522967525,"Blastomere B"
"B2",0.496091104762088,"Blastomere B"
"B2",0.509809827805324,"Blastomere B"
"B2",0.495923625313192,"Blastomere B"
"B2",0.500576880761634,"Blastomere B"
"B2",0.503791440358939,"Blastomere B"
"B2",0.513881379586789,"Blastomere B"
"B2",0.48558381452906,"Blastomere B"
"B2",0.503595185995604,"Blastomere B"
"B2",0.482924512535316,"Blastomere B"
"B2",0.496221933845278,"Blastomere B"
"B2",0.498912364437375,"Blastomere B"
"B2",0.501052065457171,"Blastomere B"
"B2",0.503812004948481,"Blastomere B"
"B2",0.505654361783983,"Blastomere B"
"B2",0.489266221200923,"Blastomere B"
"B2",0.487563744397908,"Blastomere B"
"B2",0.501146512511819,"Blastomere B"
"B2",0.494452413860101,"Blastomere B"
"B2",0.508525027018528,"Blastomere B"
"B2",0.489932970558111,"Blastomere B"
"B2",0.499871785203174,"Blastomere B"
"B2",0.493180364524735,"Blastomere B"
"B2",0.489757087113985,"Blastomere B"
"B2",0.495973111043779,"Blastomere B"
"B2",0.489475004848005,"Blastomere B"
"B2",0.48804922284412,"Blastomere B"
"B2",0.493968195020835,"Blastomere B"
"B2",0.504984393123136,"Blastomere B"
"B2",0.497740990959972,"Blastomere B"
"B2",0.494808632833819,"Blastomere B"
"B2",0.49637668880582,"Blastomere B"
"B2",0.506376856584318,"Blastomere B"
"B2",0.50121446963668,"Blastomere B"
"B2",0.500723689491135,"Blastomere B"
"B2",0.493943773658102,"Blastomere B"
"B2",0.501446002881345,"Blastomere B"
"B2",0.501184965069379,"Blastomere B"
"B2",0.503480559769201,"Blastomere B"
"B2",0.495476480588376,"Blastomere B"
"B2",0.490454140739933,"Blastomere B"
"B2",0.496693361971642,"Blastomere B"
"B2",0.49383229214715,"Blastomere B"
"B2",0.491932563100813,"Blastomere B"
"B2",0.498632733739035,"Blastomere B"
"B2",0.497393137637357,"Blastomere B"
"B2",0.500695263432041,"Blastomere B"
"B2",0.485600686147409,"Blastomere B"
"B2",0.495223351820849,"Blastomere B"
"B2",0.499577984690208,"Blastomere B"
"B2",0.497341043205362,"Blastomere B"
"B2",0.499070603682554,"Blastomere B"
"B2",0.520934864332686,"Blastomere B"
"B2",0.50420987362361,"Blastomere B"
"B2",0.503956658048659,"Blastomere B"
"B2",0.500353366572209,"Blastomere B"
"B2",0.508946435672087,"Blastomere B"
"B2",0.502412456499011,"Blastomere B"
"B2",0.496083566854995,"Blastomere B"
"B2",0.499249542611315,"Blastomere B"
"B2",0.497524438754944,"Blastomere B"
"B2",0.494292113848239,"Blastomere B"
"B2",0.505361645773243,"Blastomere B"
"B2",0.502025701381884,"Blastomere B"
"B2",0.498587551228137,"Blastomere B"
"B2",0.49557415699681,"Blastomere B"
"B2",0.487027210670457,"Blastomere B"
"B2",0.500530236754973,"Blastomere B"
"B2",0.49434269484264,"Blastomere B"
"B2",0.496283603362687,"Blastomere B"
"B2",0.502762538581853,"Blastomere B"
"B2",0.499723310943819,"Blastomere B"
"B2",0.497570497831348,"Blastomere B"
"B2",0.501844134469135,"Blastomere B"
"B2",0.491389688268252,"Blastomere B"
"B2",0.481828641101631,"Blastomere B"
"B2",0.503833468828112,"Blastomere B"
"B2",0.491438584307977,"Blastomere B"
"B2",0.498469510991724,"Blastomere B"
"B2",0.502141888360169,"Blastomere B"
"B2",0.511879764894236,"Blastomere B"
"B2",0.485672350781928,"Blastomere B"
"B2",0.501165359140915,"Blastomere B"
"B2",0.493660553480703,"Blastomere B"
"B2",0.499885161599474,"Blastomere B"
"B2",0.500935230564182,"Blastomere B"
"B2",0.502895235640924,"Blastomere B"
"B2",0.501368355107258,"Blastomere B"
"B2",0.500068805556621,"Blastomere B"
"B2",0.499366636359364,"Blastomere B"
"B2",0.508299734213833,"Blastomere B"
"B2",0.499526446212269,"Blastomere B"
"B2",0.490078824125879,"Blastomere B"
"B2",0.511351681502668,"Blastomere B"
"B2",0.489394067122943,"Blastomere B"
"B2",0.509184205104118,"Blastomere B"
"B2",0.507228502257042,"Blastomere B"
"B2",0.498019692985175,"Blastomere B"
"B2",0.499147377699007,"Blastomere B"
"B2",0.49821809910507,"Blastomere B"
"B2",0.491166394641886,"Blastomere B"
"B2",0.498385124510192,"Blastomere B"
"B2",0.499145269276947,"Blastomere B"
"B2",0.502983137943199,"Blastomere B"
"B2",0.498054618719119,"Blastomere B"
"B2",0.50612742425622,"Blastomere B"
"B2",0.495620526417153,"Blastomere B"
"B2",0.493448827268607,"Blastomere B"
"B2",0.505620179065554,"Blastomere B"
"B2",0.504079688747608,"Blastomere B"
"B2",0.496649427223838,"Blastomere B"
"B2",0.507569867559433,"Blastomere B"
"B2",0.502360117384516,"Blastomere B"
"B2",0.501895904672047,"Blastomere B"
"B2",0.4909709125885,"Blastomere B"
"B2",0.497488421886738,"Blastomere B"
"B2",0.494498314466008,"Blastomere B"
"B2",0.487074151909141,"Blastomere B"
"B2",0.50792445873786,"Blastomere B"
"B2",0.500996958699746,"Blastomere B"
"B2",0.50665312511737,"Blastomere B"
"B2",0.494657831042696,"Blastomere B"
"B2",0.501525381650174,"Blastomere B"
"B2",0.493321138603004,"Blastomere B"
"B2",0.495993293253337,"Blastomere B"
"B2",0.497893380804075,"Blastomere B"
"B2",0.501370117919445,"Blastomere B"
"B2",0.496004928700127,"Blastomere B"
"B2",0.50356431782499,"Blastomere B"
"B2",0.489260660269586,"Blastomere B"
"B2",0.508340269899269,"Blastomere B"
"B2",0.491288638798893,"Blastomere B"
"B2",0.496686628276773,"Blastomere B"
"B2",0.498522488241044,"Blastomere B"
"B2",0.502478568092819,"Blastomere B"
"B2",0.503744013451744,"Blastomere B"
"B2",0.504891756958525,"Blastomere B"
"B2",0.497368364965536,"Blastomere B"
"B2",0.507739914202827,"Blastomere B"
"B2",0.486797390911931,"Blastomere B"
"B2",0.489459944952503,"Blastomere B"
"B2",0.499848837942398,"Blastomere B"
"B2",0.500376351042284,"Blastomere B"
"B2",0.485992322131011,"Blastomere B"
"B2",0.495731911839017,"Blastomere B"
"B2",0.51157481831556,"Blastomere B"
"B2",0.500795828647087,"Blastomere B"
"B2",0.502676947434547,"Blastomere B"
"B2",0.487525745313833,"Blastomere B"
"B2",0.503823871520496,"Blastomere B"
"B2",0.491666108187596,"Blastomere B"
"B2",0.499356056786001,"Blastomere B"
"B2",0.501433691002198,"Blastomere B"
"B2",0.505489100471689,"Blastomere B"
"B2",0.501405912114232,"Blastomere B"
"B2",0.503369659968123,"Blastomere B"
"B2",0.505538295728711,"Blastomere B"
"B2",0.513258189533771,"Blastomere B"
"B2",0.499113330857166,"Blastomere B"
"B2",0.499474870053171,"Blastomere B"
"B2",0.500765000593282,"Blastomere B"
"B2",0.500906586935241,"Blastomere B"
"B2",0.49425818118726,"Blastomere B"
"B2",0.498934359228568,"Blastomere B"
"B2",0.508005083458443,"Blastomere B"
"B2",0.503979050693089,"Blastomere B"
"B2",0.511483772602294,"Blastomere B"
"B2",0.50107135667184,"Blastomere B"
"B2",0.491773965900631,"Blastomere B"
"B2",0.492054793797749,"Blastomere B"
"B2",0.505219173990258,"Blastomere B"
"B2",0.493643751392867,"Blastomere B"
"B2",0.499103089125082,"Blastomere B"
"B2",0.5048992656507,"Blastomere B"
"B2",0.500819343713171,"Blastomere B"
"B2",0.490383170897907,"Blastomere B"
"B2",0.49870608453771,"Blastomere B"
"B2",0.508513505423107,"Blastomere B"
"B2",0.497068088861554,"Blastomere B"
"B2",0.494771796609763,"Blastomere B"
"B2",0.495151203130416,"Blastomere B"
"B2",0.497834089128288,"Blastomere B"
"B2",0.495443942266725,"Blastomere B"
"B2",0.491999520321859,"Blastomere B"
"B2",0.506601015591676,"Blastomere B"
"B2",0.498746995174213,"Blastomere B"
"B2",0.496715865364746,"Blastomere B"
"B2",0.492485932254945,"Blastomere B"
"B2",0.492260657926924,"Blastomere B"
"B2",0.496609133105787,"Blastomere B"
"B2",0.512483290863936,"Blastomere B"
"B2",0.493888385516651,"Blastomere B"
"B2",0.504972955506471,"Blastomere B"
"B2",0.494023901487908,"Blastomere B"
"B2",0.509085234778587,"Blastomere B"
"B2",0.491285572331072,"Blastomere B"
"B2",0.506651002250672,"Blastomere B"
"B2",0.485340540928441,"Blastomere B"
"B2",0.501822389173229,"Blastomere B"
"B2",0.488891092976003,"Blastomere B"
"B2",0.500157664071386,"Blastomere B"
"B2",0.495051713659083,"Blastomere B"
"B2",0.517465646307171,"Blastomere B"
"B2",0.508451575811943,"Blastomere B"
"B2",0.493596376099368,"Blastomere B"
"B2",0.496251824886128,"Blastomere B"
"B2",0.488213065560132,"Blastomere B"
"B2",0.491642787347804,"Blastomere B"
"B2",0.499453033124035,"Blastomere B"
"B2",0.498235137673775,"Blastomere B"
"B2",0.495379445906041,"Blastomere B"
"B2",0.49480369483006,"Blastomere B"
"B2",0.500879488449848,"Blastomere B"
"B2",0.500854852203062,"Blastomere B"
"B2",0.494118096106294,"Blastomere B"
"B2",0.495373268060196,"Blastomere B"
"B2",0.490106190890693,"Blastomere B"
"B2",0.498125593559725,"Blastomere B"
"B2",0.497818568696676,"Blastomere B"
"B2",0.488959430952847,"Blastomere B"
"B2",0.491050835980614,"Blastomere B"
"B2",0.492253849931691,"Blastomere B"
"B2",0.50294957666191,"Blastomere B"
"B2",0.4827296484452,"Blastomere B"
"B2",0.505692520603843,"Blastomere B"
"B2",0.499556197461704,"Blastomere B"
"B2",0.513942634251785,"Blastomere B"
"B2",0.504999636706207,"Blastomere B"
"B2",0.491525699649037,"Blastomere B"
"B2",0.488826797590612,"Blastomere B"
"B2",0.496671339445132,"Blastomere B"
"B2",0.484093640822626,"Blastomere B"
"B2",0.495275345596321,"Blastomere B"
"B2",0.493688561365893,"Blastomere B"
"B2",0.499265250160147,"Blastomere B"
"B2",0.512889592863737,"Blastomere B"
"B2",0.490051119617184,"Blastomere B"
"B2",0.499273804719914,"Blastomere B"
"B2",0.500662149096529,"Blastomere B"
"B2",0.500344301621194,"Blastomere B"
"B2",0.511429451006073,"Blastomere B"
"B2",0.504187886232552,"Blastomere B"
"B2",0.505485071173854,"Blastomere B"
"B2",0.489319062417538,"Blastomere B"
"B2",0.50193997858903,"Blastomere B"
"B2",0.502303124388546,"Blastomere B"
"B2",0.51421446068827,"Blastomere B"
"B2",0.484894686127866,"Blastomere B"
"B2",0.499954955036686,"Blastomere B"
"B2",0.493335273101254,"Blastomere B"
"B2",0.503375454734596,"Blastomere B"
"B2",0.504728744317968,"Blastomere B"
"B2",0.501602138151894,"Blastomere B"
"B2",0.500467486402819,"Blastomere B"
"B2",0.507232660778259,"Blastomere B"
"B2",0.490892360253963,"Blastomere B"
"B2",0.496894995618154,"Blastomere B"
"B2",0.490282718962984,"Blastomere B"
"B2",0.485013690515546,"Blastomere B"
"B2",0.500432183803971,"Blastomere B"
"B2",0.486239029556403,"Blastomere B"
"B2",0.495957692862019,"Blastomere B"
"B2",0.49388696635013,"Blastomere B"
"B2",0.489858796180727,"Blastomere B"
"B2",0.508099952857356,"Blastomere B"
"B2",0.497106870082453,"Blastomere B"
"B2",0.496852448829977,"Blastomere B"
"B2",0.503524518854861,"Blastomere B"
"B2",0.507969229076905,"Blastomere B"
"B2",0.501725094594789,"Blastomere B"
"B2",0.490607602109321,"Blastomere B"
"B2",0.492328873114497,"Blastomere B"
"B2",0.503382834104096,"Blastomere B"
"B2",0.484437986199896,"Blastomere B"
"B2",0.491511541120484,"Blastomere B"
"B2",0.506300590664638,"Blastomere B"
"B2",0.502354342625385,"Blastomere B"
"B2",0.513023570280978,"Blastomere B"
"B2",0.511118781531063,"Blastomere B"
"B2",0.505970174109154,"Blastomere B"
"B2",0.500268685442386,"Blastomere B"
"B2",0.491485686639259,"Blastomere B"
"B2",0.490180598858413,"Blastomere B"
"B2",0.492668643178293,"Blastomere B"
"B2",0.484144909123319,"Blastomere B"
"B2",0.4906808260123,"Blastomere B"
"B2",0.498461072027319,"Blastomere B"
"B2",0.503596853075445,"Blastomere B"
"B2",0.501167946324192,"Blastomere B"
"B2",0.499732588822055,"Blastomere B"
"B2",0.498911296468959,"Blastomere B"
"B2",0.485647111211149,"Blastomere B"
"B2",0.499139163493176,"Blastomere B"
"B2",0.494674934634517,"Blastomere B"
"B2",0.49911123773508,"Blastomere B"
"B2",0.492030919049243,"Blastomere B"
"B2",0.511516496354355,"Blastomere B"
"B2",0.510922220488314,"Blastomere B"
"B2",0.486178115681465,"Blastomere B"
"B2",0.506654422680334,"Blastomere B"
"B2",0.492552060639527,"Blastomere B"
"B2",0.511581097648554,"Blastomere B"
"B2",0.496092199023198,"Blastomere B"
"B2",0.500989764420249,"Blastomere B"
"B2",0.492773877907068,"Blastomere B"
"B2",0.489233982072614,"Blastomere B"
"B2",0.493319707383562,"Blastomere B"
"B2",0.481799689743889,"Blastomere B"
"B2",0.500343470144542,"Blastomere B"
"B2",0.493886689259444,"Blastomere B"
"B2",0.491386557585384,"Blastomere B"
"B2",0.498865710093535,"Blastomere B"
"B2",0.500468361268971,"Blastomere B"
"B2",0.503449167949799,"Blastomere B"
"B2",0.493551026208774,"Blastomere B"
"B2",0.501709511677815,"Blastomere B"
"B2",0.496799465524845,"Blastomere B"
"B2",0.504441355318099,"Blastomere B"
"B2",0.488696519459172,"Blastomere B"
"B2",0.501331367866623,"Blastomere B"
"B2",0.501668605712092,"Blastomere B"
"B2",0.486523889940476,"Blastomere B"
"B2",0.504593118232321,"Blastomere B"
"B2",0.503238020840139,"Blastomere B"
"B2",0.500521691017502,"Blastomere B"
"B2",0.490695999139298,"Blastomere B"
"B2",0.504158225827805,"Blastomere B"
"B2",0.497836427391333,"Blastomere B"
"B2",0.494326006514343,"Blastomere B"
"B2",0.499426995076712,"Blastomere B"
"B2",0.50694824751567,"Blastomere B"
"B2",0.504661747543196,"Blastomere B"
"B2",0.501704607261972,"Blastomere B"
"B2",0.486985552305329,"Blastomere B"
"B2",0.488733274409669,"Blastomere B"
"B2",0.49954807969102,"Blastomere B"
"B2",0.498168402145602,"Blastomere B"
"B2",0.492553527988813,"Blastomere B"
"B2",0.511926847664369,"Blastomere B"
"B2",0.505583870511877,"Blastomere B"
"B2",0.506738986238942,"Blastomere B"
"B2",0.489876350117308,"Blastomere B"
"B2",0.498784100873124,"Blastomere B"
"B2",0.49825713783012,"Blastomere B"
"B2",0.500201076182201,"Blastomere B"
"B2",0.510038176042088,"Blastomere B"
"B2",0.503206777606962,"Blastomere B"
"B2",0.486270746624839,"Blastomere B"
"B2",0.491241203629812,"Blastomere B"
"B2",0.493335624539407,"Blastomere B"
"B2",0.497365382999401,"Blastomere B"
"B2",0.510448377601723,"Blastomere B"
"B2",0.506432902908171,"Blastomere B"
"B2",0.50301430334292,"Blastomere B"
"B2",0.504195951976892,"Blastomere B"
"B2",0.495128389325494,"Blastomere B"
"B2",0.501664795450841,"Blastomere B"
"B2",0.493585174661816,"Blastomere B"
"B2",0.49525781094303,"Blastomere B"
"B2",0.498301206799303,"Blastomere B"
"B2",0.502288428759257,"Blastomere B"
"B2",0.50620018780428,"Blastomere B"
"B2",0.496065563094945,"Blastomere B"
"B2",0.487553993892035,"Blastomere B"
"B2",0.501236235166016,"Blastomere B"
"B2",0.494738259509142,"Blastomere B"
"B2",0.498582003389995,"Blastomere B"
"B2",0.496355828795914,"Blastomere B"
"B2",0.514067583575306,"Blastomere B"
"B2",0.496897940271728,"Blastomere B"
"B2",0.500346769257362,"Blastomere B"
"B2",0.51309393484964,"Blastomere B"
"B2",0.487276373731533,"Blastomere B"
"B2",0.503078237673953,"Blastomere B"
"B2",0.502191441303961,"Blastomere B"
"B2",0.508242893939128,"Blastomere B"
"B2",0.502774391183119,"Blastomere B"
"B2",0.493793671957892,"Blastomere B"
"B2",0.502569860819763,"Blastomere B"
"B2",0.506842667498481,"Blastomere B"
"B2",0.495004914669201,"Blastomere B"
"B2",0.499655555873585,"Blastomere B"
"B2",0.498486564447047,"Blastomere B"
"B2",0.508996671122716,"Blastomere B"
"B2",0.488446927441669,"Blastomere B"
"B2",0.501923862385782,"Blastomere B"
"B2",0.490048190977448,"Blastomere B"
"B2",0.501828600091052,"Blastomere B"
"B2",0.50778761213207,"Blastomere B"
"B2",0.499767684805596,"Blastomere B"
"B2",0.493427312741888,"Blastomere B"
"B2",0.497179495598196,"Blastomere B"
"B2",0.492146020060299,"Blastomere B"
"B2",0.492961573041923,"Blastomere B"
"B2",0.492670060083403,"Blastomere B"
"B2",0.495889099542821,"Blastomere B"
"B2",0.490146801121505,"Blastomere B"
"B2",0.482501383494369,"Blastomere B"
"B2",0.496806239552203,"Blastomere B"
"B2",0.505137813750969,"Blastomere B"
"B2",0.50783741496134,"Blastomere B"
"B2",0.489848894006913,"Blastomere B"
"B2",0.501792889731352,"Blastomere B"
"B2",0.498441262122574,"Blastomere B"
"B2",0.510203742308629,"Blastomere B"
"B2",0.503058227034005,"Blastomere B"
"B2",0.511032712974163,"Blastomere B"
"B2",0.49297912016,"Blastomere B"
"B2",0.488485614804223,"Blastomere B"
"B2",0.494000309698016,"Blastomere B"
"B2",0.489149380569768,"Blastomere B"
"B2",0.499988355265634,"Blastomere B"
"B2",0.503264067916068,"Blastomere B"
"B2",0.486423045923685,"Blastomere B"
"B2",0.486643099766479,"Blastomere B"
"B2",0.495411698488153,"Blastomere B"
"B2",0.509459963248187,"Blastomere B"
"B2",0.496211738302472,"Blastomere B"
"B2",0.490164135842453,"Blastomere B"
"B2",0.511080345269623,"Blastomere B"
"B2",0.502198322712037,"Blastomere B"
"B2",0.500243099348407,"Blastomere B"
"B2",0.483252667840976,"Blastomere B"
"B2",0.495942430030502,"Blastomere B"
"B2",0.506195059309442,"Blastomere B"
"B2",0.498233036081233,"Blastomere B"
"B2",0.515736333116962,"Blastomere B"
"B2",0.505906988791298,"Blastomere B"
"B2",0.497726327906042,"Blastomere B"
"B2",0.502170837138675,"Blastomere B"
"B2",0.496336038957613,"Blastomere B"
"B2",0.494836038834482,"Blastomere B"
"B2",0.489768679818264,"Blastomere B"
"B2",0.496437439619036,"Blastomere B"
"B2",0.495875468845114,"Blastomere B"
"B2",0.491918670100461,"Blastomere B"
"B2",0.506751846491131,"Blastomere B"
"B2",0.501777881540063,"Blastomere B"
"B2",0.504673789480996,"Blastomere B"
"B2",0.494679765976645,"Blastomere B"
"B2",0.499524703425979,"Blastomere B"
"B2",0.503738437796345,"Blastomere B"
"B2",0.498851109485538,"Blastomere B"
"B2",0.503066197329111,"Blastomere B"
"B2",0.505246771571621,"Blastomere B"
"B2",0.509781874841107,"Blastomere B"
"B2",0.498462818997901,"Blastomere B"
"B2",0.489769583749971,"Blastomere B"
"B2",0.489148181668901,"Blastomere B"
"B2",0.497021036424774,"Blastomere B"
"B2",0.4992822149654,"Blastomere B"
"B2",0.494820179285014,"Blastomere B"
"B2",0.487696262783518,"Blastomere B"
"B2",0.505550961033681,"Blastomere B"
"B2",0.502421633925576,"Blastomere B"
"B2",0.496824657091215,"Blastomere B"
"B2",0.487762600936634,"Blastomere B"
"B2",0.506171761351438,"Blastomere B"
"B2",0.499884683250267,"Blastomere B"
"B2",0.499460800435864,"Blastomere B"
"B2",0.497545871645434,"Blastomere B"
"B2",0.493065242957582,"Blastomere B"
"B2",0.496584302885646,"Blastomere B"
"B2",0.493815701325898,"Blastomere B"
"B2",0.497885960362604,"Blastomere B"
"B2",0.501439392555594,"Blastomere B"
"B2",0.502183268580644,"Blastomere B"
"B2",0.498354978910621,"Blastomere B"
"B2",0.496262841686527,"Blastomere B"
"B2",0.498294942025864,"Blastomere B"
"B2",0.495924232715,"Blastomere B"
"B2",0.507698958132477,"Blastomere B"
"B2",0.489185386749024,"Blastomere B"
"B2",0.502303923264907,"Blastomere B"
"B2",0.493700075325226,"Blastomere B"
"B2",0.499680787438713,"Blastomere B"
"B2",0.49247894675798,"Blastomere B"
"B2",0.481656512376983,"Blastomere B"
"B2",0.490862069493336,"Blastomere B"
"B2",0.509871568314177,"Blastomere B"
"B2",0.504970358626701,"Blastomere B"
"B2",0.498086648418247,"Blastomere B"
"B2",0.494668135288142,"Blastomere B"
"B2",0.508658489866955,"Blastomere B"
"B2",0.499184274244546,"Blastomere B"
"B2",0.497631256112162,"Blastomere B"
"B2",0.506386972917546,"Blastomere B"
"B2",0.503022489713226,"Blastomere B"
"B2",0.502864333263925,"Blastomere B"
"B2",0.487410569297905,"Blastomere B"
"B2",0.49783428412557,"Blastomere B"
"B2",0.497667419146765,"Blastomere B"
"B2",0.497411976832096,"Blastomere B"
"B2",0.4940990064939,"Blastomere B"
"B2",0.509108691150883,"Blastomere B"
"B2",0.500746241239906,"Blastomere B"
"B2",0.499375424125472,"Blastomere B"
"B2",0.488338999695501,"Blastomere B"
"B2",0.48917742598853,"Blastomere B"
"B2",0.497681046864821,"Blastomere B"
"B2",0.493055094402984,"Blastomere B"
"B2",0.4953627008316,"Blastomere B"
"B2",0.489382090799822,"Blastomere B"
"B2",0.504245755835752,"Blastomere B"
"B2",0.50416039858919,"Blastomere B"
"B2",0.505201054317405,"Blastomere B"
"B2",0.510912811033776,"Blastomere B"
"B2",0.494717121343696,"Blastomere B"
"B2",0.513058831637077,"Blastomere B"
"B2",0.488333427942619,"Blastomere B"
"B2",0.498646408992216,"Blastomere B"
"B2",0.495029159110435,"Blastomere B"
"B2",0.485820181153931,"Blastomere B"
"B2",0.492541452340369,"Blastomere B"
"B2",0.494871887072967,"Blastomere B"
"B2",0.501659148836716,"Blastomere B"
"B2",0.497261045532979,"Blastomere B"
"B2",0.496941749208864,"Blastomere B"
"B2",0.508783379523302,"Blastomere B"
"B2",0.487971371620863,"Blastomere B"
"B2",0.505882749681731,"Blastomere B"
"B2",0.500601245484302,"Blastomere B"
"B2",0.497736048523915,"Blastomere B"
"B2",0.5028760577535,"Blastomere B"
"B2",0.490282656288281,"Blastomere B"
"B2",0.484806781856317,"Blastomere B"
"B2",0.502702705393377,"Blastomere B"
"B2",0.489778539804921,"Blastomere B"
"B2",0.482840729679596,"Blastomere B"
"B2",0.49079080269573,"Blastomere B"
"B2",0.506787733410397,"Blastomere B"
"B2",0.48923317404127,"Blastomere B"
"B2",0.494076432421955,"Blastomere B"
"B2",0.502641904157783,"Blastomere B"
"B2",0.501844124191223,"Blastomere B"
"B2",0.491037741125768,"Blastomere B"
"B2",0.497149490599507,"Blastomere B"
"B2",0.50359762491003,"Blastomere B"
"B2",0.495995496064915,"Blastomere B"
"B2",0.498360505943335,"Blastomere B"
"B2",0.491848819117775,"Blastomere B"
"B2",0.509695943650884,"Blastomere B"
"B2",0.485513663643942,"Blastomere B"
"B2",0.498441387681076,"Blastomere B"
"B2",0.50990159730184,"Blastomere B"
"B2",0.493017720765164,"Blastomere B"
"B2",0.48894066004768,"Blastomere B"
"B2",0.495836195790866,"Blastomere B"
"B2",0.488676410969616,"Blastomere B"
"B2",0.504746763687464,"Blastomere B"
"B2",0.499723459920416,"Blastomere B"
"B2",0.495590970841889,"Blastomere B"
"B2",0.499434678405786,"Blastomere B"
"B2",0.493533546662772,"Blastomere B"
"B2",0.498557189612758,"Blastomere B"
"B2",0.499727238557689,"Blastomere B"
"B2",0.505950238400358,"Blastomere B"
"B2",0.510570855175785,"Blastomere B"
"B2",0.492344457134284,"Blastomere B"
"B2",0.496665307949814,"Blastomere B"
"B2",0.495897544729824,"Blastomere B"
"B2",0.492993021908309,"Blastomere B"
"B2",0.501869580268854,"Blastomere B"
"B2",0.50667157486539,"Blastomere B"
"B2",0.503521348660013,"Blastomere B"
"B2",0.490218684733029,"Blastomere B"
"B2",0.492640186339559,"Blastomere B"
"B2",0.497362453829236,"Blastomere B"
"B2",0.50641212909642,"Blastomere B"
"B2",0.499705770342164,"Blastomere B"
"B2",0.504510876012733,"Blastomere B"
"B2",0.499740197143095,"Blastomere B"
"B2",0.498102774380765,"Blastomere B"
"B2",0.495729849369996,"Blastomere B"
"B2",0.504230569170871,"Blastomere B"
"B2",0.51051943503047,"Blastomere B"
"B2",0.502896129398293,"Blastomere B"
"B2",0.491959055549998,"Blastomere B"
"B2",0.504256202514047,"Blastomere B"
"B2",0.506544802577479,"Blastomere B"
"B2",0.501040289181151,"Blastomere B"
"B2",0.488890892903927,"Blastomere B"
"B2",0.502765525509818,"Blastomere B"
"B2",0.49665282240165,"Blastomere B"
"B2",0.497440252553053,"Blastomere B"
"B2",0.5047644169242,"Blastomere B"
"B2",0.502304757769413,"Blastomere B"
"B2",0.497496346363997,"Blastomere B"
"B2",0.504332069153249,"Blastomere B"
"B2",0.513445713503615,"Blastomere B"
"B2",0.492604018968063,"Blastomere B"
"B2",0.49844963824445,"Blastomere B"
"B2",0.496979593132771,"Blastomere B"
"B2",0.500885931513066,"Blastomere B"
"B2",0.492110113199502,"Blastomere B"
"B2",0.500440147414322,"Blastomere B"
"B2",0.510338923722937,"Blastomere B"
"B2",0.496516153317585,"Blastomere B"
"B2",0.506213446004908,"Blastomere B"
"B2",0.484510431015627,"Blastomere B"
"B2",0.496395802651771,"Blastomere B"
"B2",0.494959315833185,"Blastomere B"
"B2",0.489176453872222,"Blastomere B"
"B2",0.492712523177599,"Blastomere B"
"B2",0.49406995038953,"Blastomere B"
"B2",0.502252448508695,"Blastomere B"
"B2",0.487954754253173,"Blastomere B"
"B2",0.509993791977465,"Blastomere B"
"B2",0.510010750213862,"Blastomere B"
"B2",0.504238177152422,"Blastomere B"
"B2",0.490018920578903,"Blastomere B"
"B2",0.496491574337894,"Blastomere B"
"B2",0.506351236076796,"Blastomere B"
"B2",0.499900911620787,"Blastomere B"
"B2",0.496212555071861,"Blastomere B"
"B2",0.505612908143734,"Blastomere B"
"B2",0.492358983934852,"Blastomere B"
"B2",0.494701797589068,"Blastomere B"
"B2",0.499992858914846,"Blastomere B"
"B2",0.493094484721079,"Blastomere B"
"B2",0.504444803473385,"Blastomere B"
"B2",0.492736485797227,"Blastomere B"
"B2",0.496649199613337,"Blastomere B"
"B2",0.501440845683788,"Blastomere B"
"B2",0.497517004367966,"Blastomere B"
"B2",0.503659593741244,"Blastomere B"
"B2",0.500672905667228,"Blastomere B"
"B2",0.495022683420085,"Blastomere B"
"B2",0.499868863295511,"Blastomere B"
"B2",0.496794199731673,"Blastomere B"
"B2",0.498320698300785,"Blastomere B"
"B2",0.488072534404213,"Blastomere B"
"B2",0.492230176738388,"Blastomere B"
"B2",0.499740478220361,"Blastomere B"
"B2",0.492814838563894,"Blastomere B"
"B2",0.499650175981645,"Blastomere B"
"B2",0.502037041754601,"Blastomere B"
"B2",0.497529294941212,"Blastomere B"
"B2",0.50831150106732,"Blastomere B"
"B2",0.501871562421878,"Blastomere B"
"B2",0.490621049782991,"Blastomere B"
"B2",0.491696094811695,"Blastomere B"
"B2",0.500007714510736,"Blastomere B"
"B2",0.501306358837675,"Blastomere B"
"B2",0.509356720215641,"Blastomere B"
"B2",0.495310871706604,"Blastomere B"
"B2",0.500250058696453,"Blastomere B"
"B2",0.493571773013706,"Blastomere B"
"B2",0.503998518632983,"Blastomere B"
"B2",0.5000663172676,"Blastomere B"
"B2",0.500341984828419,"Blastomere B"
"B2",0.495701047569662,"Blastomere B"
"B2",0.500266007202656,"Blastomere B"
"B2",0.50740203380677,"Blastomere B"
"B2",0.505552968548933,"Blastomere B"
"B2",0.505942713088261,"Blastomere B"
"B2",0.50585353724201,"Blastomere B"
"B2",0.500515357074336,"Blastomere B"
"B2",0.500378198691434,"Blastomere B"
"B2",0.49033896750824,"Blastomere B"
"B2",0.492973246615852,"Blastomere B"
"B2",0.500526536152247,"Blastomere B"
"B2",0.49820795319336,"Blastomere B"
"B2",0.495967424454471,"Blastomere B"
"B2",0.491340148446082,"Blastomere B"
"B2",0.496378421597722,"Blastomere B"
"B2",0.496881717200791,"Blastomere B"
"B2",0.49670467835327,"Blastomere B"
"B2",0.496159742116202,"Blastomere B"
"B2",0.504129089503507,"Blastomere B"
"B2",0.493330755629933,"Blastomere B"
"B2",0.502810369701745,"Blastomere B"
"B2",0.497947384100684,"Blastomere B"
"B2",0.49338172018573,"Blastomere B"
"B2",0.490869809149855,"Blastomere B"
"B2",0.509250833545386,"Blastomere B"
"B2",0.508239764533572,"Blastomere B"
"B2",0.486967476742337,"Blastomere B"
"B2",0.497843126955265,"Blastomere B"
"B2",0.498441369048398,"Blastomere B"
"B2",0.503642858301127,"Blastomere B"
"B2",0.504360407712795,"Blastomere B"
"B2",0.505883610793239,"Blastomere B"
"B2",0.502409625490834,"Blastomere B"
"B2",0.501075478320831,"Blastomere B"
"B2",0.492910656192526,"Blastomere B"
"B2",0.491856804117054,"Blastomere B"
"B2",0.490700263996672,"Blastomere B"
"B2",0.499476452843905,"Blastomere B"
"B2",0.500059760304282,"Blastomere B"
"B2",0.4960309309323,"Blastomere B"
"B2",0.491164521943294,"Blastomere B"
"B2",0.488550915130821,"Blastomere B"
"B2",0.504772729556793,"Blastomere B"
"B2",0.499621427506722,"Blastomere B"
"B2",0.495654589512232,"Blastomere B"
"B2",0.496368580573541,"Blastomere B"
"B2",0.499451530295876,"Blastomere B"
"B2",0.499101640882785,"Blastomere B"
"B2",0.496959200113424,"Blastomere B"
"B2",0.499247819187695,"Blastomere B"
"B2",0.486914374930069,"Blastomere B"
"B2",0.495860939162243,"Blastomere B"
"B2",0.499567237440905,"Blastomere B"
"B2",0.495164069866437,"Blastomere B"
"B2",0.504692891845701,"Blastomere B"
"B2",0.492506998781989,"Blastomere B"
"B2",0.499654215789849,"Blastomere B"
"B2",0.497523512964025,"Blastomere B"
"B2",0.495018619813251,"Blastomere B"
"B2",0.501115763766279,"Blastomere B"
"B2",0.483731359611784,"Blastomere B"
"B2",0.500203982614765,"Blastomere B"
"B2",0.504221159857667,"Blastomere B"
"B2",0.483061890124293,"Blastomere B"
"B2",0.494087935911228,"Blastomere B"
"B2",0.487787075644574,"Blastomere B"
"B2",0.495658196638512,"Blastomere B"
"B2",0.493935445577953,"Blastomere B"
"B2",0.509855863953507,"Blastomere B"
"B2",0.497294390566065,"Blastomere B"
"B2",0.506516270258413,"Blastomere B"
"B2",0.501053681059545,"Blastomere B"
"B2",0.493332807802964,"Blastomere B"
"B2",0.501613826300483,"Blastomere B"
"B2",0.497371754748835,"Blastomere B"
"B2",0.50499120304512,"Blastomere B"
"B2",0.488803265483052,"Blastomere B"
"B2",0.491035867177927,"Blastomere B"
"B2",0.48910418054379,"Blastomere B"
"B2",0.5005975164722,"Blastomere B"
"B2",0.498837753959616,"Blastomere B"
"B2",0.495255580962958,"Blastomere B"
"B2",0.493342752557278,"Blastomere B"
"B2",0.488270594758903,"Blastomere B"
"B2",0.502724850657754,"Blastomere B"
"B2",0.506403053964509,"Blastomere B"
"B2",0.491436225305491,"Blastomere B"
"B2",0.512422832450761,"Blastomere B"
"B2",0.50000515491761,"Blastomere B"
"B2",0.501495958494979,"Blastomere B"
"B2",0.496119333187604,"Blastomere B"
"B2",0.493782257397718,"Blastomere B"
"B2",0.49650209303369,"Blastomere B"
"B2",0.499114701219819,"Blastomere B"
"B2",0.491065838424629,"Blastomere B"
"B2",0.49255790435565,"Blastomere B"
"B2",0.488189778403891,"Blastomere B"
"B2",0.50853173998407,"Blastomere B"
"B2",0.498150469479034,"Blastomere B"
"B2",0.497716476118204,"Blastomere B"
"B2",0.507400997358929,"Blastomere B"
"B2",0.497446441746969,"Blastomere B"
"B2",0.493448506812805,"Blastomere B"
"B2",0.51152175086168,"Blastomere B"
"B2",0.492728968158971,"Blastomere B"
"B2",0.495966130020865,"Blastomere B"
"B2",0.499285627475759,"Blastomere B"
"B2",0.494427163727585,"Blastomere B"
"B2",0.489329903750212,"Blastomere B"
"B2",0.50202601013102,"Blastomere B"
"B2",0.506450499071801,"Blastomere B"
"B2",0.496074042566079,"Blastomere B"
"B2",0.505031749194075,"Blastomere B"
"B2",0.491793905774755,"Blastomere B"
"B2",0.505309716968328,"Blastomere B"
"B2",0.499488260825681,"Blastomere B"
"B2",0.509920315133389,"Blastomere B"
"B2",0.497068863713512,"Blastomere B"
"B2",0.494036123573787,"Blastomere B"
"B2",0.511994331137519,"Blastomere B"
"B2",0.499357954869618,"Blastomere B"
"B2",0.496079601391255,"Blastomere B"
"B2",0.491451659001407,"Blastomere B"
"B2",0.501825229659477,"Blastomere B"
"B2",0.49908156010394,"Blastomere B"
"B2",0.515423193871942,"Blastomere B"
"B2",0.496998954753959,"Blastomere B"
"B2",0.492321256881694,"Blastomere B"
"B2",0.498872264921261,"Blastomere B"
"B2",0.501619460013524,"Blastomere B"
"B2",0.500410110793118,"Blastomere B"
"B2",0.493168476972645,"Blastomere B"
"B2",0.499915135467146,"Blastomere B"
"B2",0.507520622016298,"Blastomere B"
"B2",0.506654270204567,"Blastomere B"
"B2",0.495604385213754,"Blastomere B"
"B2",0.50650945791758,"Blastomere B"
"B2",0.501604289503411,"Blastomere B"
"B2",0.509023187238795,"Blastomere B"
"B2",0.508612772908842,"Blastomere B"
"B2",0.488919172031302,"Blastomere B"
"B2",0.492959877263568,"Blastomere B"
"B2",0.503334692866641,"Blastomere B"
"B2",0.501876179570647,"Blastomere B"
"B2",0.503379291844481,"Blastomere B"
"B2",0.494034453866104,"Blastomere B"
"B2",0.498702880201748,"Blastomere B"
"B2",0.497323545117557,"Blastomere B"
"B2",0.500280166842374,"Blastomere B"
"B2",0.509408674221419,"Blastomere B"
"B2",0.507980576841798,"Blastomere B"
"B2",0.495118000703511,"Blastomere B"
"B2",0.491035648037212,"Blastomere B"
"B2",0.503099175089701,"Blastomere B"
"B2",0.492575978266593,"Blastomere B"
"B2",0.506518097798867,"Blastomere B"
"B2",0.494830503812867,"Blastomere B"
"B2",0.49817234270065,"Blastomere B"
"B2",0.492205332266427,"Blastomere B"
"B2",0.492890423176047,"Blastomere B"
"B2",0.495689271634311,"Blastomere B"
"B2",0.502635159456932,"Blastomere B"
"B2",0.495008649906333,"Blastomere B"
"B2",0.503844354998847,"Blastomere B"
"B2",0.501133188808541,"Blastomere B"
"B2",0.49003522708964,"Blastomere B"
"B2",0.502991743148214,"Blastomere B"
"B2",0.495512293478034,"Blastomere B"
"B2",0.496282563266774,"Blastomere B"
"B2",0.495856234062297,"Blastomere B"
"B2",0.48858854259169,"Blastomere B"
"B2",0.487535186740911,"Blastomere B"
"B2",0.501079134969604,"Blastomere B"
"B2",0.507708834074425,"Blastomere B"
"B2",0.489657388222009,"Blastomere B"
"B2",0.498214968532873,"Blastomere B"
"B2",0.498060682065858,"Blastomere B"
"B2",0.49888162385437,"Blastomere B"
"B2",0.500479976224088,"Blastomere B"
"B2",0.507096784972501,"Blastomere B"
"B2",0.506586495634243,"Blastomere B"
"B2",0.493307497112141,"Blastomere B"
"B2",0.501230459469031,"Blastomere B"
"B2",0.494230699797603,"Blastomere B"
"B2",0.499816341154661,"Blastomere B"
"B2",0.486363473774717,"Blastomere B"
"B2",0.500899812409517,"Blastomere B"
"B2",0.502737872464092,"Blastomere B"
"B2",0.50351035175299,"Blastomere B"
"B2",0.495614212913879,"Blastomere B"
"B2",0.482212469073148,"Blastomere B"
"B2",0.49581015203261,"Blastomere B"
"B2",0.497532785936806,"Blastomere B"
"B2",0.514459031007138,"Blastomere B"
"B2",0.507415384865182,"Blastomere B"
"B2",0.510886533218903,"Blastomere B"
"B2",0.498363569377476,"Blastomere B"
"B2",0.497529786720572,"Blastomere B"
"B2",0.495307235103167,"Blastomere B"
"B2",0.500303626551328,"Blastomere B"
"B2",0.489014271049718,"Blastomere B"
"B2",0.494013921442459,"Blastomere B"
"B2",0.48732816033452,"Blastomere B"
"B2",0.488592046861359,"Blastomere B"
"B2",0.494120973409373,"Blastomere B"
"B2",0.495427002481387,"Blastomere B"
"B2",0.50182065524102,"Blastomere B"
"B2",0.498105516473698,"Blastomere B"
"B2",0.509429013844045,"Blastomere B"
"B2",0.498629766102055,"Blastomere B"
"B2",0.50633530339701,"Blastomere B"
"B2",0.496831796654757,"Blastomere B"
"B2",0.499075676537589,"Blastomere B"
"B2",0.483191208174393,"Blastomere B"
"B2",0.49710356199128,"Blastomere B"
"B2",0.507211164651735,"Blastomere B"
"B2",0.504918067332958,"Blastomere B"
"B2",0.507896121876075,"Blastomere B"
"B2",0.497927547155139,"Blastomere B"
"B2",0.501966937411642,"Blastomere B"
"B2",0.506035994794366,"Blastomere B"
"B2",0.508717361098738,"Blastomere B"
"B2",0.506595052875387,"Blastomere B"
"B2",0.487713243991195,"Blastomere B"
"B2",0.482312553408558,"Blastomere B"
"B2",0.494658857244431,"Blastomere B"
"B2",0.503264086858074,"Blastomere B"
"B2",0.504811192048466,"Blastomere B"
"B2",0.504112452719599,"Blastomere B"
"B2",0.493159826069182,"Blastomere B"
"B2",0.501562398178086,"Blastomere B"
"B2",0.493850273075226,"Blastomere B"
"B2",0.507378381615347,"Blastomere B"
"B2",0.506090255024826,"Blastomere B"
"B2",0.506180227632711,"Blastomere B"
"B2",0.516475316828257,"Blastomere B"
"B2",0.498263232610896,"Blastomere B"
"B2",0.49108365867534,"Blastomere B"
"B2",0.506581265484656,"Blastomere B"
"B2",0.486663068707724,"Blastomere B"
"B2",0.508850331274146,"Blastomere B"
"B2",0.50050922975367,"Blastomere B"
"B2",0.504683411916618,"Blastomere B"
"B2",0.498388891039409,"Blastomere B"
"B2",0.499106875338981,"Blastomere B"
"B2",0.504030944399672,"Blastomere B"
"B2",0.50205115895288,"Blastomere B"
"B2",0.491481101370318,"Blastomere B"
"B2",0.494729514765595,"Blastomere B"
"B2",0.490262074667557,"Blastomere B"
"B2",0.505180213723734,"Blastomere B"
"B2",0.493495839713239,"Blastomere B"
"B2",0.490841846182423,"Blastomere B"
"B2",0.48872315351722,"Blastomere B"
"B2",0.498372956593349,"Blastomere B"
"B2",0.500109311788625,"Blastomere B"
"B2",0.487243454189166,"Blastomere B"
"B2",0.491741517484588,"Blastomere B"
"B2",0.49440588575315,"Blastomere B"
"B2",0.49410942339054,"Blastomere B"
"B2",0.501924399838473,"Blastomere B"
"B2",0.501029294691413,"Blastomere B"
"B2",0.505151464991643,"Blastomere B"
"B2",0.512739869780087,"Blastomere B"
"B2",0.505526716536295,"Blastomere B"
"B2",0.495769052840165,"Blastomere B"
"B2",0.497957282792677,"Blastomere B"
"B2",0.493247517404343,"Blastomere B"
"B2",0.503276183799797,"Blastomere B"
"B2",0.49690630697713,"Blastomere B"
"B2",0.49245957956465,"Blastomere B"
"B2",0.493821924355273,"Blastomere B"
"B2",0.485833481350685,"Blastomere B"
"B2",0.490741863371791,"Blastomere B"
"B2",0.505271943297528,"Blastomere B"
"B2",0.49169625898647,"Blastomere B"
"B2",0.503829242882835,"Blastomere B"
"B2",0.498257044317589,"Blastomere B"
"B2",0.49415585098008,"Blastomere B"
"B2",0.50670317778256,"Blastomere B"
"B2",0.50513149435509,"Blastomere B"
"B2",0.499186528489339,"Blastomere B"
"B2",0.501007405418777,"Blastomere B"
"B2",0.47898792397957,"Blastomere B"
"B2",0.496893149174505,"Blastomere B"
"B2",0.486724246523704,"Blastomere B"
"B2",0.497681973779109,"Blastomere B"
"B2",0.510244892048675,"Blastomere B"
"B2",0.503702048461311,"Blastomere B"
"B2",0.493863268933414,"Blastomere B"
"B2",0.514596112714686,"Blastomere B"
"B2",0.50028600484406,"Blastomere B"
"B2",0.493570191880725,"Blastomere B"
"B2",0.486400961094719,"Blastomere B"
"B2",0.513987794299842,"Blastomere B"
"B2",0.497457467795007,"Blastomere B"
"B2",0.49619295751098,"Blastomere B"
"B2",0.494914981532078,"Blastomere B"
"B2",0.505146532173473,"Blastomere B"
"B2",0.503847433089541,"Blastomere B"
"B2",0.502107565058917,"Blastomere B"
"B2",0.494674603613982,"Blastomere B"
"B2",0.490799580351683,"Blastomere B"
"B2",0.502491620023975,"Blastomere B"
"B2",0.493976586329601,"Blastomere B"
"B2",0.48970357120131,"Blastomere B"
"B2",0.501569140616142,"Blastomere B"
"B2",0.504745693849117,"Blastomere B"
"B2",0.504001123920763,"Blastomere B"
"B2",0.505368343353385,"Blastomere B"
"B2",0.485985213159429,"Blastomere B"
"B2",0.497863756268745,"Blastomere B"
"B2",0.509297856664032,"Blastomere B"
"B2",0.500084358465466,"Blastomere B"
"B2",0.499890708247766,"Blastomere B"
"B2",0.500788217941632,"Blastomere B"
"B2",0.492407398818603,"Blastomere B"
"B2",0.493065451085218,"Blastomere B"
"B2",0.500204754873435,"Blastomere B"
"B2",0.488860506324809,"Blastomere B"
"B2",0.49748475170954,"Blastomere B"
"B2",0.501221364744742,"Blastomere B"
"B2",0.49288839260981,"Blastomere B"
"B2",0.498319678451133,"Blastomere B"
"B2",0.503369735038221,"Blastomere B"
"B2",0.504893657748671,"Blastomere B"
"B2",0.497415804258715,"Blastomere B"
"B2",0.497459792674938,"Blastomere B"
"B2",0.493821085901626,"Blastomere B"
"B2",0.500597915715566,"Blastomere B"
"B2",0.500986202384967,"Blastomere B"
"B2",0.500190496183335,"Blastomere B"
"B2",0.496861755305417,"Blastomere B"
"B2",0.506942454214631,"Blastomere B"
"B2",0.508719182938062,"Blastomere B"
"B2",0.495021509104963,"Blastomere B"
"B2",0.506905952005887,"Blastomere B"
"B2",0.493933840222569,"Blastomere B"
"B2",0.489578048734212,"Blastomere B"
"B2",0.499637735196285,"Blastomere B"
"B2",0.497845521811484,"Blastomere B"
"B2",0.496099343925971,"Blastomere B"
"B2",0.488099794667448,"Blastomere B"
"B2",0.495042591319593,"Blastomere B"
"B2",0.497462582944901,"Blastomere B"
"B2",0.489766084362213,"Blastomere B"
"B2",0.480886895117517,"Blastomere B"
"B2",0.48970196820989,"Blastomere B"
"B2",0.496719154685797,"Blastomere B"
"B2",0.49917093386524,"Blastomere B"
"B2",0.48272809010289,"Blastomere B"
"B2",0.503068829516401,"Blastomere B"
"B2",0.506202939803571,"Blastomere B"
"B2",0.490784391562884,"Blastomere B"
"B2",0.496978674309671,"Blastomere B"
"B2",0.509035495771503,"Blastomere B"
"B2",0.49411614141298,"Blastomere B"
"B2",0.503982237717601,"Blastomere B"
"B2",0.500685268722413,"Blastomere B"
"B2",0.503759822789481,"Blastomere B"
"B2",0.498906961072855,"Blastomere B"
"B2",0.500865979485562,"Blastomere B"
"B2",0.497047864978423,"Blastomere B"
"B2",0.502051895944649,"Blastomere B"
"B2",0.484070639415709,"Blastomere B"
"B2",0.500422117943808,"Blastomere B"
"B2",0.497956758111638,"Blastomere B"
"B2",0.501946607237687,"Blastomere B"
"B2",0.497203272966617,"Blastomere B"
"B2",0.505111063405271,"Blastomere B"
"B2",0.491516498962332,"Blastomere B"
"B2",0.502322956927437,"Blastomere B"
"B2",0.494944335068483,"Blastomere B"
"B2",0.494658585063691,"Blastomere B"
"B2",0.49992848325393,"Blastomere B"
"B2",0.502860212183021,"Blastomere B"
"B2",0.499749848721119,"Blastomere B"
"B2",0.49755087213398,"Blastomere B"
"B2",0.497140398413225,"Blastomere B"
"B2",0.506998013309686,"Blastomere B"
"B2",0.495522534904992,"Blastomere B"
"B2",0.503686909446757,"Blastomere B"
"B2",0.493905042705913,"Blastomere B"
"B2",0.503411903341114,"Blastomere B"
"B2",0.502943836209017,"Blastomere B"
"B2",0.493482533817149,"Blastomere B"
"B2",0.494509564649938,"Blastomere B"
"B2",0.492063599076585,"Blastomere B"
"B2",0.500711503584549,"Blastomere B"
"B2",0.501336187649676,"Blastomere B"
"B2",0.502866536254255,"Blastomere B"
"B2",0.484041142710688,"Blastomere B"
"B2",0.502323626936682,"Blastomere B"
"B2",0.499273390696875,"Blastomere B"
"B2",0.498166742974993,"Blastomere B"
"B2",0.502887256857641,"Blastomere B"
"B2",0.492048685122842,"Blastomere B"
"B2",0.494019527340315,"Blastomere B"
"B2",0.492870318014819,"Blastomere B"
"B2",0.49494502117486,"Blastomere B"
"B2",0.492531108646495,"Blastomere B"
"B2",0.492788452911481,"Blastomere B"
"B2",0.500453796719498,"Blastomere B"
"B2",0.494897737749863,"Blastomere B"
"B2",0.502964468064335,"Blastomere B"
"B2",0.498216578333533,"Blastomere B"
"B2",0.49266192340648,"Blastomere B"
"B2",0.49078121116164,"Blastomere B"
"B2",0.489483138854366,"Blastomere B"
"B2",0.480025081870373,"Blastomere B"
"B2",0.485013585587058,"Blastomere B"
"B2",0.500569969487,"Blastomere B"
"B2",0.488164642153678,"Blastomere B"
"B2",0.501033924706422,"Blastomere B"
"B2",0.502513637455723,"Blastomere B"
"B2",0.505572372876737,"Blastomere B"
"B2",0.502274014519116,"Blastomere B"
"B2",0.495408147963613,"Blastomere B"
"B2",0.502284961075944,"Blastomere B"
"B2",0.50223915172528,"Blastomere B"
"B2",0.494173175080123,"Blastomere B"
"B2",0.50587830419598,"Blastomere B"
"B2",0.499452861610764,"Blastomere B"
"B2",0.499669623061708,"Blastomere B"
"B2",0.490868259131399,"Blastomere B"
"B2",0.498979579607389,"Blastomere B"
"B2",0.482609003082306,"Blastomere B"
"B2",0.50451889648314,"Blastomere B"
"B2",0.490307400716928,"Blastomere B"
"B2",0.50492769096343,"Blastomere B"
"B2",0.491566342507308,"Blastomere B"
"B2",0.502188871443959,"Blastomere B"
"B2",0.489923786994326,"Blastomere B"
"B2",0.498126513329032,"Blastomere B"
"B2",0.507926541670657,"Blastomere B"
"B2",0.500074927955111,"Blastomere B"
"B2",0.495103121039632,"Blastomere B"
"B2",0.500793900386238,"Blastomere B"
"B2",0.506264773579524,"Blastomere B"
"B2",0.511348815867644,"Blastomere B"
"B2",0.487695439176011,"Blastomere B"
"B2",0.507862681900934,"Blastomere B"
"B2",0.495347171017366,"Blastomere B"
"B2",0.504344698141046,"Blastomere B"
"B2",0.498898214551409,"Blastomere B"
"B2",0.493243337733316,"Blastomere B"
"B2",0.497230266657099,"Blastomere B"
"B2",0.497175783663738,"Blastomere B"
"B2",0.489873247080527,"Blastomere B"
"B2",0.507387995919293,"Blastomere B"
"B2",0.504487131929373,"Blastomere B"
"B2",0.496754378132722,"Blastomere B"
"B2",0.501116609033191,"Blastomere B"
"B2",0.498549570024863,"Blastomere B"
"B2",0.494701836272592,"Blastomere B"
"B2",0.487443618204655,"Blastomere B"
"B2",0.49882793143458,"Blastomere B"
"B2",0.501985378501589,"Blastomere B"
"B2",0.493346113995153,"Blastomere B"
"B2",0.49277587256277,"Blastomere B"
"B2",0.489098700090306,"Blastomere B"
"B2",0.501567591865654,"Blastomere B"
"B2",0.503761580239948,"Blastomere B"
"B2",0.495879687553286,"Blastomere B"
"B2",0.49346219747205,"Blastomere B"
"B2",0.505220889946903,"Blastomere B"
"B2",0.490310921409921,"Blastomere B"
"B2",0.502560040032235,"Blastomere B"
"B2",0.487693639807697,"Blastomere B"
"B2",0.494735310076214,"Blastomere B"
"B2",0.505895627013447,"Blastomere B"
"B2",0.487307242873198,"Blastomere B"
"B2",0.490501629899903,"Blastomere B"
"B2",0.48719799156887,"Blastomere B"
"B2",0.487512353608959,"Blastomere B"
"B2",0.500183848626888,"Blastomere B"
"B2",0.478628223694364,"Blastomere B"
"B2",0.503671166845948,"Blastomere B"
"B2",0.496778695967739,"Blastomere B"
"B2",0.490254257159484,"Blastomere B"
"B2",0.504212838818416,"Blastomere B"
"B2",0.503262326323041,"Blastomere B"
"B2",0.497727849694584,"Blastomere B"
"B2",0.491316738696754,"Blastomere B"
"B2",0.507640814000225,"Blastomere B"
"B2",0.492866885751926,"Blastomere B"
"B2",0.488173267975586,"Blastomere B"
"B2",0.489563996344233,"Blastomere B"
"B2",0.49645550551642,"Blastomere B"
"B2",0.506464490446234,"Blastomere B"
"B2",0.4854078005674,"Blastomere B"
"B2",0.511116730954455,"Blastomere B"
"B2",0.486695909854143,"Blastomere B"
"B2",0.493782010432552,"Blastomere B"
"B2",0.498780200713695,"Blastomere B"
"B2",0.497779816228798,"Blastomere B"
"B2",0.494909593486004,"Blastomere B"
"B2",0.495807427883175,"Blastomere B"
"B2",0.506108388229374,"Blastomere B"
"B2",0.506755557781689,"Blastomere B"
"B2",0.494006161909955,"Blastomere B"
"B2",0.499000652482332,"Blastomere B"
"B2",0.498002571673603,"Blastomere B"
"B2",0.498876213722733,"Blastomere B"
"B2",0.501012911184591,"Blastomere B"
"B2",0.506461847727318,"Blastomere B"
"B2",0.485585704816555,"Blastomere B"
"B2",0.517002114199688,"Blastomere B"
"B2",0.502959216797649,"Blastomere B"
"B2",0.497091443466779,"Blastomere B"
"B2",0.495369311248554,"Blastomere B"
"B2",0.496081518959019,"Blastomere B"
"B2",0.491735399036596,"Blastomere B"
"B2",0.50141495519688,"Blastomere B"
"B2",0.492274326185611,"Blastomere B"
"B2",0.48559290373614,"Blastomere B"
"B2",0.498016789382757,"Blastomere B"
"B2",0.487152076791113,"Blastomere B"
"B2",0.501390124030396,"Blastomere B"
"B2",0.498527574891943,"Blastomere B"
"B2",0.499998884513916,"Blastomere B"
"B2",0.499029367613415,"Blastomere B"
"B2",0.493748151605297,"Blastomere B"
"B2",0.493583924448894,"Blastomere B"
"B2",0.494288269457149,"Blastomere B"
"B2",0.485919179040927,"Blastomere B"
"B2",0.500106395672406,"Blastomere B"
"B2",0.490129498308328,"Blastomere B"
"B2",0.503990269154391,"Blastomere B"
"B2",0.500819479689614,"Blastomere B"
"B2",0.503580445854522,"Blastomere B"
"B2",0.496134916544535,"Blastomere B"
"B2",0.483606204372844,"Blastomere B"
"B2",0.491953693166778,"Blastomere B"
"B2",0.487259651460277,"Blastomere B"
"B2",0.490877185511763,"Blastomere B"
"B2",0.499240560437177,"Blastomere B"
"B2",0.482052713892484,"Blastomere B"
"B2",0.49161324718204,"Blastomere B"
"B2",0.489923990696225,"Blastomere B"
"B2",0.490105587834262,"Blastomere B"
"B2",0.498300490261044,"Blastomere B"
"B2",0.49104765338216,"Blastomere B"
"B2",0.497907730408927,"Blastomere B"
"B2",0.4823294130447,"Blastomere B"
"B2",0.498612238975612,"Blastomere B"
"B2",0.508573490635381,"Blastomere B"
"B2",0.487136884516998,"Blastomere B"
"B2",0.507098626571673,"Blastomere B"
"B2",0.503268211542635,"Blastomere B"
"B2",0.500358484138099,"Blastomere B"
"B2",0.495368572706801,"Blastomere B"
"B2",0.504109884506326,"Blastomere B"
"B2",0.504032631575667,"Blastomere B"
"B2",0.493336384154234,"Blastomere B"
"B2",0.49708264464086,"Blastomere B"
"B2",0.501491399163116,"Blastomere B"
"B2",0.505229884246807,"Blastomere B"
"B2",0.506268651038381,"Blastomere B"
"B2",0.502113836954366,"Blastomere B"
"B2",0.495311156587631,"Blastomere B"
"B2",0.501381581414531,"Blastomere B"
"B2",0.500654003693718,"Blastomere B"
"B2",0.496019858507037,"Blastomere B"
"B2",0.496117282634468,"Blastomere B"
"B2",0.492539839343108,"Blastomere B"
"B2",0.494908694016431,"Blastomere B"
"B2",0.493176232084072,"Blastomere B"
"B2",0.491374643869165,"Blastomere B"
"B2",0.501319215680459,"Blastomere B"
"B2",0.488488356296387,"Blastomere B"
"B2",0.49698257492253,"Blastomere B"
"B2",0.508928132348437,"Blastomere B"
"B2",0.49621287366402,"Blastomere B"
"B2",0.498226127450968,"Blastomere B"
"B2",0.508989136091694,"Blastomere B"
"B2",0.499855628301391,"Blastomere B"
"B2",0.49542753618888,"Blastomere B"
"B2",0.500653817283991,"Blastomere B"
"B2",0.503962319200898,"Blastomere B"
"B2",0.487487107734532,"Blastomere B"
"B2",0.505196695987939,"Blastomere B"
"B2",0.496971504427059,"Blastomere B"
"B2",0.504206638994863,"Blastomere B"
"B2",0.490203539812776,"Blastomere B"
"B2",0.497072538099611,"Blastomere B"
"B2",0.496687006877064,"Blastomere B"
"B2",0.487183556210655,"Blastomere B"
"B2",0.496093194409175,"Blastomere B"
"B2",0.502111756662654,"Blastomere B"
"B2",0.491221277497647,"Blastomere B"
"B2",0.506823052584614,"Blastomere B"
"B2",0.502370996613533,"Blastomere B"
"B2",0.503951649017728,"Blastomere B"
"B2",0.499508203004557,"Blastomere B"
"B2",0.491219436398047,"Blastomere B"
"B2",0.498421136987916,"Blastomere B"
"B2",0.497288349474274,"Blastomere B"
"B2",0.482308794619793,"Blastomere B"
"B2",0.483912804433267,"Blastomere B"
"B2",0.498419776055211,"Blastomere B"
"B2",0.504016964743014,"Blastomere B"
"B2",0.494124294906643,"Blastomere B"
"B2",0.486235492627774,"Blastomere B"
"B2",0.502270904022021,"Blastomere B"
"B2",0.498907201267662,"Blastomere B"
"B2",0.49779453269603,"Blastomere B"
"B2",0.486243908771687,"Blastomere B"
"B2",0.500227547134346,"Blastomere B"
"B2",0.505267486734473,"Blastomere B"
"B2",0.497815115337672,"Blastomere B"
"B2",0.502362336221108,"Blastomere B"
"B2",0.485941062039408,"Blastomere B"
"B2",0.498304854657607,"Blastomere B"
"B2",0.504816788018447,"Blastomere B"
"B2",0.49072970234542,"Blastomere B"
"B2",0.497099966831303,"Blastomere B"
"B2",0.489707855443374,"Blastomere B"
"B2",0.479176463925428,"Blastomere B"
"B2",0.510452323615116,"Blastomere B"
"B2",0.502393054728025,"Blastomere B"
"B2",0.501233475500016,"Blastomere B"
"B2",0.495250224862863,"Blastomere B"
"B2",0.514984918133691,"Blastomere B"
"B2",0.494021332977815,"Blastomere B"
"B2",0.491295390554659,"Blastomere B"
"B2",0.50101047278448,"Blastomere B"
"B2",0.491122295411848,"Blastomere B"
"B2",0.50602611023895,"Blastomere B"
"B2",0.497304923613014,"Blastomere B"
"B2",0.490209852057155,"Blastomere B"
"B2",0.506052685229083,"Blastomere B"
"B2",0.501683447329267,"Blastomere B"
"B2",0.49138323621262,"Blastomere B"
"B2",0.496007271959327,"Blastomere B"
"B2",0.49799663584456,"Blastomere B"
"B2",0.515362962122997,"Blastomere B"
"B2",0.486481204437625,"Blastomere B"
"B2",0.505587703694363,"Blastomere B"
"B2",0.496978616227474,"Blastomere B"
"B2",0.509564936940266,"Blastomere B"
"B2",0.494905388260081,"Blastomere B"
"B2",0.488335096231087,"Blastomere B"
"B2",0.489833340136263,"Blastomere B"
"B2",0.498721399618006,"Blastomere B"
"B2",0.498516904059361,"Blastomere B"
"B2",0.494080481288659,"Blastomere B"
"B2",0.503197376409583,"Blastomere B"
"B2",0.493584252297409,"Blastomere B"
"B2",0.497455719414839,"Blastomere B"
"B2",0.501924543835052,"Blastomere B"
"B2",0.494234501636152,"Blastomere B"
"B2",0.499159679452434,"Blastomere B"
"B2",0.497378938039777,"Blastomere B"
"B2",0.500787022618502,"Blastomere B"
"B2",0.5044742383114,"Blastomere B"
"B2",0.493350206431303,"Blastomere B"
"B2",0.488455171254136,"Blastomere B"
"B2",0.491774911182102,"Blastomere B"
"B2",0.495155841234927,"Blastomere B"
"B2",0.499588848337475,"Blastomere B"
"B2",0.496036278895004,"Blastomere B"
"B2",0.496137129510567,"Blastomere B"
"B2",0.507199423552349,"Blastomere B"
"B2",0.491414427153022,"Blastomere B"
"B2",0.501623649126133,"Blastomere B"
"B2",0.494629524253096,"Blastomere B"
"B2",0.491378760419626,"Blastomere B"
"B2",0.49450112707031,"Blastomere B"
"B2",0.501818108663454,"Blastomere B"
"B2",0.499855013768683,"Blastomere B"
"B2",0.496536844156632,"Blastomere B"
"B2",0.503402779825327,"Blastomere B"
"B2",0.495296542772159,"Blastomere B"
"B2",0.506822513398162,"Blastomere B"
"B2",0.500962535327711,"Blastomere B"
"B2",0.480223667125469,"Blastomere B"
"B2",0.498011179092321,"Blastomere B"
"B2",0.491268613015424,"Blastomere B"
"B2",0.495918638809416,"Blastomere B"
"B2",0.513981287916045,"Blastomere B"
"B2",0.499690085774917,"Blastomere B"
"B2",0.481578325811189,"Blastomere B"
"B2",0.495193142977436,"Blastomere B"
"B2",0.508990986576491,"Blastomere B"
"B2",0.489319463700232,"Blastomere B"
"B2",0.499742260600259,"Blastomere B"
"B2",0.498439884496471,"Blastomere B"
"B2",0.491856850417318,"Blastomere B"
"B2",0.509117867537699,"Blastomere B"
"B2",0.50439581416921,"Blastomere B"
"B2",0.507216919119594,"Blastomere B"
"B2",0.500357258300165,"Blastomere B"
"B2",0.495444812508516,"Blastomere B"
"B2",0.504233817700305,"Blastomere B"
"B2",0.494468821301328,"Blastomere B"
"B2",0.490382494738164,"Blastomere B"
"B2",0.489896705710383,"Blastomere B"
"B2",0.510031284238363,"Blastomere B"
"B2",0.488478889513648,"Blastomere B"
"B2",0.503034367610618,"Blastomere B"
"B2",0.506453005223808,"Blastomere B"
"B2",0.493151785773448,"Blastomere B"
"B2",0.496102588754541,"Blastomere B"
"B2",0.500446266465597,"Blastomere B"
"B2",0.500666804472748,"Blastomere B"
"B2",0.493538518324427,"Blastomere B"
"B2",0.502955858606648,"Blastomere B"
"B2",0.497126157159893,"Blastomere B"
"B2",0.492247260121659,"Blastomere B"
"B2",0.494029060435638,"Blastomere B"
"B2",0.48100570847387,"Blastomere B"
"B2",0.5084356938553,"Blastomere B"
"B2",0.500167619248006,"Blastomere B"
"B2",0.491634000175077,"Blastomere B"
"B2",0.491216543130784,"Blastomere B"
"B2",0.495153727840275,"Blastomere B"
"B2",0.515059379614831,"Blastomere B"
"B2",0.504663145438598,"Blastomere B"
"B2",0.491985248419513,"Blastomere B"
"B2",0.499475337172713,"Blastomere B"
"B2",0.495375388954262,"Blastomere B"
"B2",0.488340773148032,"Blastomere B"
"B2",0.49645928576426,"Blastomere B"
"B2",0.500268428511293,"Blastomere B"
"B2",0.503666747524425,"Blastomere B"
"B2",0.509905525398002,"Blastomere B"
"B2",0.509844694400777,"Blastomere B"
"B2",0.474882923295193,"Blastomere B"
"B2",0.499346208852116,"Blastomere B"
"B2",0.505334744977578,"Blastomere B"
"B2",0.49643807949773,"Blastomere B"
"B2",0.501985466016039,"Blastomere B"
"B2",0.491097704245496,"Blastomere B"
"B2",0.512096431283679,"Blastomere B"
"B2",0.498225331486442,"Blastomere B"
"B2",0.493026887065734,"Blastomere B"
"B2",0.494293451932341,"Blastomere B"
"B2",0.487806756693338,"Blastomere B"
"B2",0.490284366638152,"Blastomere B"
"B2",0.483759521402774,"Blastomere B"
"B2",0.494041638058024,"Blastomere B"
"B2",0.507333766808847,"Blastomere B"
"B2",0.502892905854184,"Blastomere B"
"B2",0.49585779194501,"Blastomere B"
"B2",0.488853473061987,"Blastomere B"
"B2",0.500685303285432,"Blastomere B"
"B2",0.50725244306636,"Blastomere B"
"B2",0.503330364185839,"Blastomere B"
"B2",0.502344108710982,"Blastomere B"
"B2",0.494863889168625,"Blastomere B"
"B2",0.504782124923135,"Blastomere B"
"B2",0.495365641593316,"Blastomere B"
"B2",0.495477656449001,"Blastomere B"
"B2",0.498267875034285,"Blastomere B"
"B2",0.499187423538263,"Blastomere B"
"B2",0.497243049630822,"Blastomere B"
"B2",0.491397609684765,"Blastomere B"
"B2",0.503100777700758,"Blastomere B"
"B2",0.500863244442112,"Blastomere B"
"B2",0.507169383362033,"Blastomere B"
"B2",0.495275462928349,"Blastomere B"
"B2",0.502177126414661,"Blastomere B"
"B2",0.509649297118632,"Blastomere B"
"B2",0.502761766674192,"Blastomere B"
"B2",0.506083819382166,"Blastomere B"
"B2",0.495578993653271,"Blastomere B"
"B2",0.485493808132267,"Blastomere B"
"B2",0.501912432798383,"Blastomere B"
"B2",0.496280174680462,"Blastomere B"
"B2",0.4996465639138,"Blastomere B"
"B2",0.48604548932653,"Blastomere B"
"B2",0.489588408483922,"Blastomere B"
"B2",0.505014038269093,"Blastomere B"
"B2",0.490280089400887,"Blastomere B"
"B2",0.496394501863189,"Blastomere B"
"B2",0.50362439178026,"Blastomere B"
"B2",0.487382360308495,"Blastomere B"
"B2",0.494490833946979,"Blastomere B"
"B2",0.489339964872578,"Blastomere B"
"B2",0.507844641760341,"Blastomere B"
"B2",0.491115177927819,"Blastomere B"
"B2",0.499669559690013,"Blastomere B"
"B2",0.496748005888851,"Blastomere B"
"B2",0.491442718942647,"Blastomere B"
"B2",0.486270305337157,"Blastomere B"
"B2",0.497309821204678,"Blastomere B"
"B2",0.514162233926203,"Blastomere B"
"B2",0.501753355795615,"Blastomere B"
"B2",0.494758118754407,"Blastomere B"
"B2",0.49978801587723,"Blastomere B"
"B2",0.514097254057985,"Blastomere B"
"B2",0.494903526543071,"Blastomere B"
"B2",0.499384029865052,"Blastomere B"
"B2",0.510649818952747,"Blastomere B"
"B2",0.498807689996756,"Blastomere B"
"B2",0.503181051354487,"Blastomere B"
"B2",0.497270524264326,"Blastomere B"
"B2",0.485746063973412,"Blastomere B"
"B2",0.504670199769881,"Blastomere B"
"B2",0.483786274049786,"Blastomere B"
"B2",0.504888639852997,"Blastomere B"
"B2",0.491699960251863,"Blastomere B"
"B2",0.498371198135166,"Blastomere B"
"B2",0.49368232159269,"Blastomere B"
"B2",0.494556038384353,"Blastomere B"
"B2",0.488360641532394,"Blastomere B"
"B2",0.502585460325789,"Blastomere B"
"B2",0.504253164193688,"Blastomere B"
"B2",0.498838053684285,"Blastomere B"
"B2",0.504573275335738,"Blastomere B"
"B2",0.502098854828601,"Blastomere B"
"B2",0.495523130338218,"Blastomere B"
"B2",0.483779505389101,"Blastomere B"
"B2",0.492646886457292,"Blastomere B"
"B2",0.49505774505897,"Blastomere B"
"B2",0.50544112924076,"Blastomere B"
"B2",0.505243935177444,"Blastomere B"
"B2",0.501325846167223,"Blastomere B"
"B2",0.500849040694004,"Blastomere B"
"B2",0.487815006658142,"Blastomere B"
"B2",0.499136444342985,"Blastomere B"
"B2",0.493374367525374,"Blastomere B"
"B2",0.498130543381834,"Blastomere B"
"B2",0.49408414552792,"Blastomere B"
"B2",0.487083418967614,"Blastomere B"
"B2",0.498131820439987,"Blastomere B"
"B2",0.49509995726438,"Blastomere B"
"B2",0.504033307928037,"Blastomere B"
"B2",0.494689981875482,"Blastomere B"
"B2",0.489053869715306,"Blastomere B"
"B2",0.495082261025302,"Blastomere B"
"B2",0.50135173338183,"Blastomere B"
"B2",0.491378585759837,"Blastomere B"
"B2",0.496123471438025,"Blastomere B"
"B2",0.497935421142952,"Blastomere B"
"B2",0.489993529528078,"Blastomere B"
"B2",0.498682403874502,"Blastomere B"
"B2",0.492037749897418,"Blastomere B"
"B2",0.493308103946839,"Blastomere B"
"B2",0.509828804947348,"Blastomere B"
"B2",0.501984474382855,"Blastomere B"
"B2",0.508885744235355,"Blastomere B"
"B2",0.507493853215725,"Blastomere B"
"B2",0.497767827663078,"Blastomere B"
"B2",0.494018193104735,"Blastomere B"
"B2",0.481206563582285,"Blastomere B"
"B2",0.492081772357243,"Blastomere B"
"B2",0.510002610319507,"Blastomere B"
"B2",0.489951100151988,"Blastomere B"
"B2",0.501687564588615,"Blastomere B"
"B2",0.505290072287832,"Blastomere B"
"B2",0.493375271070898,"Blastomere B"
"B2",0.489237096520932,"Blastomere B"
"B2",0.500876764725645,"Blastomere B"
"B2",0.495147963636578,"Blastomere B"
"B2",0.503867427807851,"Blastomere B"
"B2",0.499664087588661,"Blastomere B"
"B2",0.505809064343029,"Blastomere B"
"B2",0.497367116683482,"Blastomere B"
"B2",0.501424361281203,"Blastomere B"
"B2",0.499925360149201,"Blastomere B"
"B2",0.497762383929716,"Blastomere B"
"B2",0.491959588265326,"Blastomere B"
"B2",0.496350531755978,"Blastomere B"
"B2",0.49486914465294,"Blastomere B"
"B2",0.504735146847836,"Blastomere B"
"B2",0.490938089878475,"Blastomere B"
"B2",0.499295392102972,"Blastomere B"
"B2",0.496810918571901,"Blastomere B"
"B2",0.49888410050083,"Blastomere B"
"B2",0.489699755140209,"Blastomere B"
"B2",0.502320697302378,"Blastomere B"
"B2",0.496012701338497,"Blastomere B"
"B2",0.503889481076476,"Blastomere B"
"B2",0.503478767523944,"Blastomere B"
"B2",0.505277915675364,"Blastomere B"
"B2",0.486749680060793,"Blastomere B"
"B2",0.499069486181085,"Blastomere B"
"B2",0.491159455715262,"Blastomere B"
"B2",0.500009996876754,"Blastomere B"
"B2",0.498707894591309,"Blastomere B"
"B2",0.494728650418118,"Blastomere B"
"B2",0.500302239903556,"Blastomere B"
"B2",0.499229191856504,"Blastomere B"
"B2",0.485665318258096,"Blastomere B"
"B2",0.497487070566171,"Blastomere B"
"B2",0.497889714266918,"Blastomere B"
"B2",0.490784130915797,"Blastomere B"
"B2",0.496752950684279,"Blastomere B"
"B2",0.490477614288095,"Blastomere B"
"B2",0.505083108955502,"Blastomere B"
"B2",0.488257773780693,"Blastomere B"
"B2",0.489251691538697,"Blastomere B"
"B2",0.494849536771118,"Blastomere B"
"B2",0.498607714143047,"Blastomere B"
"B2",0.498746782361059,"Blastomere B"
"B2",0.501093454470515,"Blastomere B"
"B2",0.49887694904976,"Blastomere B"
"B2",0.499669776314883,"Blastomere B"
"B2",0.502182630925967,"Blastomere B"
"B2",0.497764754912199,"Blastomere B"
"B2",0.498495533102185,"Blastomere B"
"B2",0.515326912272881,"Blastomere B"
"B2",0.4984422460563,"Blastomere B"
"B2",0.503250624911046,"Blastomere B"
"B2",0.503997231879577,"Blastomere B"
"B2",0.498042564485453,"Blastomere B"
"B2",0.498145065967388,"Blastomere B"
"B2",0.502703331744783,"Blastomere B"
"B2",0.503356698441467,"Blastomere B"
"B2",0.493908046499398,"Blastomere B"
"B2",0.493051566243762,"Blastomere B"
"B2",0.495257197320382,"Blastomere B"
"B2",0.507398198933869,"Blastomere B"
"B2",0.491228121023717,"Blastomere B"
"B2",0.497440066475077,"Blastomere B"
"B2",0.495714511169061,"Blastomere B"
"B2",0.492795493700778,"Blastomere B"
"B2",0.50930589211683,"Blastomere B"
"B2",0.494079002135865,"Blastomere B"
"B2",0.500178221031659,"Blastomere B"
"B2",0.504502512637152,"Blastomere B"
"B2",0.499761682832623,"Blastomere B"
"B2",0.500129258949717,"Blastomere B"
"B2",0.493740392159994,"Blastomere B"
"B2",0.491838737961301,"Blastomere B"
"B2",0.495240727212347,"Blastomere B"
"B2",0.495675607822099,"Blastomere B"
"B2",0.495752738527908,"Blastomere B"
"B2",0.487548551249239,"Blastomere B"
"B2",0.486825318447323,"Blastomere B"
"B2",0.495250498337078,"Blastomere B"
"B2",0.496448895981348,"Blastomere B"
"B2",0.511112079991775,"Blastomere B"
"B2",0.49955990503446,"Blastomere B"
"B2",0.508210286352385,"Blastomere B"
"B2",0.497412160503056,"Blastomere B"
"B2",0.494587682776578,"Blastomere B"
"B2",0.490362520364985,"Blastomere B"
"B2",0.48805685284005,"Blastomere B"
"B2",0.500631790635034,"Blastomere B"
"B2",0.495050852455137,"Blastomere B"
"B2",0.483237956266629,"Blastomere B"
"B2",0.496100673632583,"Blastomere B"
"B2",0.488667921146073,"Blastomere B"
"B2",0.49447253119685,"Blastomere B"
"B2",0.49870841047746,"Blastomere B"
"B2",0.498564706883846,"Blastomere B"
"B2",0.496502540294517,"Blastomere B"
"B2",0.487544503997348,"Blastomere B"
"B2",0.501345858986624,"Blastomere B"
"B2",0.494893249446831,"Blastomere B"
"B2",0.498161575661975,"Blastomere B"
"B2",0.493685625777651,"Blastomere B"
"B2",0.484687563311025,"Blastomere B"
"B2",0.505819734031163,"Blastomere B"
"B2",0.487063018199922,"Blastomere B"
"B2",0.492798961420119,"Blastomere B"
"B2",0.495535468288165,"Blastomere B"
"B2",0.501954377144699,"Blastomere B"
"B2",0.501368169714827,"Blastomere B"
"B2",0.491623520469402,"Blastomere B"
"B2",0.501012929432638,"Blastomere B"
"B2",0.492375443135128,"Blastomere B"
"B2",0.490964755268033,"Blastomere B"
"B2",0.506832971506762,"Blastomere B"
"B2",0.504587106622398,"Blastomere B"
"B2",0.492418619050509,"Blastomere B"
"B2",0.476632147540245,"Blastomere B"
"B2",0.493741939570836,"Blastomere B"
"B2",0.486488127666331,"Blastomere B"
"B2",0.500826813538752,"Blastomere B"
"B2",0.499280145306669,"Blastomere B"
"B2",0.508268582255474,"Blastomere B"
"B2",0.488036079516432,"Blastomere B"
"B2",0.501485125781261,"Blastomere B"
"B2",0.501767811428838,"Blastomere B"
"B2",0.491660494644368,"Blastomere B"
"B2",0.493898854206233,"Blastomere B"
"B2",0.488638243880734,"Blastomere B"
"B2",0.495056417820196,"Blastomere B"
"B2",0.491156519177336,"Blastomere B"
"B2",0.502450609528531,"Blastomere B"
"B2",0.503299480795843,"Blastomere B"
"B2",0.501752343632624,"Blastomere B"
"B2",0.503053312612304,"Blastomere B"
"B2",0.502775697705988,"Blastomere B"
"B2",0.506138709051389,"Blastomere B"
"B2",0.497947918606213,"Blastomere B"
"B2",0.486938316097215,"Blastomere B"
"B2",0.507484110774725,"Blastomere B"
"B2",0.494138688464523,"Blastomere B"
"B2",0.49873914546784,"Blastomere B"
"B2",0.499469681655159,"Blastomere B"
"B2",0.512743526395909,"Blastomere B"
"B2",0.494412911485408,"Blastomere B"
"B2",0.510588903098193,"Blastomere B"
"B2",0.501425567838833,"Blastomere B"
"B2",0.508797417347541,"Blastomere B"
"B2",0.511886846396157,"Blastomere B"
"B2",0.500253832023857,"Blastomere B"
"B2",0.488783517149551,"Blastomere B"
"B2",0.489993938880302,"Blastomere B"
"B2",0.496575482401857,"Blastomere B"
"B2",0.492636464745134,"Blastomere B"
"B2",0.499861879666185,"Blastomere B"
"B2",0.502127695044521,"Blastomere B"
"B2",0.502348786364022,"Blastomere B"
"B2",0.500514643627424,"Blastomere B"
"B2",0.509772144955873,"Blastomere B"
"B2",0.487348713922205,"Blastomere B"
"B2",0.49714040379646,"Blastomere B"
"B2",0.487240011776605,"Blastomere B"
"B2",0.49284300995527,"Blastomere B"
"B2",0.509157668882214,"Blastomere B"
"B2",0.495416099250707,"Blastomere B"
"B2",0.50147659382086,"Blastomere B"
"B2",0.491548453311723,"Blastomere B"
"B2",0.510442163280086,"Blastomere B"
"B2",0.491754051235809,"Blastomere B"
"B2",0.487886884886849,"Blastomere B"
"B2",0.496214952489913,"Blastomere B"
"B2",0.492023968356632,"Blastomere B"
"B2",0.502268312532397,"Blastomere B"
"B2",0.484015160837208,"Blastomere B"
"B2",0.510420050960095,"Blastomere B"
"B2",0.488826023016873,"Blastomere B"
"B2",0.495843048575754,"Blastomere B"
"B2",0.499479668847498,"Blastomere B"
"B2",0.501690663260474,"Blastomere B"
"B2",0.490295948713614,"Blastomere B"
"B2",0.507036590492449,"Blastomere B"
"B2",0.504808800897351,"Blastomere B"
"B2",0.488565956791878,"Blastomere B"
"B2",0.497229568468052,"Blastomere B"
"B2",0.497320186937732,"Blastomere B"
"B2",0.500582813271198,"Blastomere B"
"B2",0.502145672808642,"Blastomere B"
"B2",0.503483348260617,"Blastomere B"
"B2",0.501453139044455,"Blastomere B"
"B2",0.491626057586721,"Blastomere B"
"B2",0.495340033782603,"Blastomere B"
"B2",0.48787766931503,"Blastomere B"
"B2",0.495191369873962,"Blastomere B"
"B2",0.506176388537322,"Blastomere B"
"B2",0.508500643030831,"Blastomere B"
"B2",0.496703342437972,"Blastomere B"
"B2",0.497768481235542,"Blastomere B"
"B2",0.500423265097767,"Blastomere B"
"B2",0.505618509419074,"Blastomere B"
"B2",0.491526962773368,"Blastomere B"
"B2",0.489949179117384,"Blastomere B"
"B2",0.500871595705791,"Blastomere B"
"B2",0.491153822545796,"Blastomere B"
"B2",0.499257584536837,"Blastomere B"
"B2",0.497232631069561,"Blastomere B"
"B2",0.509673487591137,"Blastomere B"
"B2",0.491299643840794,"Blastomere B"
"B2",0.501986085208518,"Blastomere B"
"B2",0.498999907484167,"Blastomere B"
"B2",0.497964819032497,"Blastomere B"
"B2",0.504847583677174,"Blastomere B"
"B2",0.491949791494603,"Blastomere B"
"B2",0.494176113556747,"Blastomere B"
"B2",0.501822252014358,"Blastomere B"
"B2",0.501610356511268,"Blastomere B"
"B2",0.499666594120752,"Blastomere B"
"B2",0.498945741718245,"Blastomere B"
"B2",0.506425502659665,"Blastomere B"
"B2",0.492876097013783,"Blastomere B"
"B2",0.503752925156604,"Blastomere B"
"B2",0.491804752198412,"Blastomere B"
"B2",0.503777372559829,"Blastomere B"
"B2",0.49460078927018,"Blastomere B"
"B2",0.496705982056384,"Blastomere B"
"B2",0.503949571509281,"Blastomere B"
"B2",0.490662932457787,"Blastomere B"
"B2",0.494068302663656,"Blastomere B"
"B2",0.474621383616027,"Blastomere B"
"B2",0.475897384061966,"Blastomere B"
"B2",0.494243211902733,"Blastomere B"
"B2",0.496651635564329,"Blastomere B"
"B2",0.506884649746657,"Blastomere B"
"B2",0.483282092282786,"Blastomere B"
"B2",0.496798418972506,"Blastomere B"
"B2",0.502713241379162,"Blastomere B"
"B2",0.491884858429469,"Blastomere B"
"B2",0.501794225510906,"Blastomere B"
"B2",0.487311714594248,"Blastomere B"
"B2",0.496261268141866,"Blastomere B"
"B2",0.500921679678093,"Blastomere B"
"B2",0.50283258403332,"Blastomere B"
"B2",0.494919100730101,"Blastomere B"
"B2",0.499225461655251,"Blastomere B"
"B2",0.491065329939624,"Blastomere B"
"B2",0.497944635148126,"Blastomere B"
"B2",0.501535440300475,"Blastomere B"
"B2",0.49226793537322,"Blastomere B"
"B2",0.50053817036605,"Blastomere B"
"B2",0.493106520379804,"Blastomere B"
"B2",0.503520055373931,"Blastomere B"
"B2",0.502161702332262,"Blastomere B"
"B2",0.496692945824491,"Blastomere B"
"B2",0.481513137556608,"Blastomere B"
"B2",0.500424224179509,"Blastomere B"
"B2",0.495440821747861,"Blastomere B"
"B2",0.493084466924734,"Blastomere B"
"B2",0.495181787737768,"Blastomere B"
"B2",0.514415552468262,"Blastomere B"
"B2",0.497069310122807,"Blastomere B"
"B2",0.499791327172126,"Blastomere B"
"B2",0.506733105485647,"Blastomere B"
"B2",0.498350667392159,"Blastomere B"
"B2",0.496181146704769,"Blastomere B"
"B2",0.505902380408062,"Blastomere B"
"B2",0.492532616910397,"Blastomere B"
"B2",0.49237427528454,"Blastomere B"
"B2",0.500621803747702,"Blastomere B"
"B2",0.500593845561598,"Blastomere B"
"B2",0.488902312286491,"Blastomere B"
"B2",0.497379337155164,"Blastomere B"
"B2",0.503623894723707,"Blastomere B"
"B2",0.494858494576924,"Blastomere B"
"B2",0.495332261499384,"Blastomere B"
"B2",0.494639730834038,"Blastomere B"
"B2",0.492586406626805,"Blastomere B"
"B2",0.501839798616449,"Blastomere B"
"B2",0.490848708438156,"Blastomere B"
"B2",0.508182267889099,"Blastomere B"
"B2",0.491745254117775,"Blastomere B"
"B2",0.498578201498899,"Blastomere B"
"B2",0.50158328676455,"Blastomere B"
"B2",0.5033371147407,"Blastomere B"
"B2",0.49664466915181,"Blastomere B"
"B2",0.495833240660771,"Blastomere B"
"B2",0.489856288028455,"Blastomere B"
"B2",0.489717243534004,"Blastomere B"
"B2",0.489352775989376,"Blastomere B"
"B2",0.499294799967995,"Blastomere B"
"B2",0.489736831467321,"Blastomere B"
"B2",0.486292920200677,"Blastomere B"
"B2",0.492031529849495,"Blastomere B"
"B2",0.486388208608959,"Blastomere B"
"B2",0.502215572557858,"Blastomere B"
"B2",0.497742249870773,"Blastomere B"
"B2",0.498495441436157,"Blastomere B"
"B2",0.486346917227313,"Blastomere B"
"B2",0.50203553349168,"Blastomere B"
"B2",0.506849081826211,"Blastomere B"
"B2",0.494032694915254,"Blastomere B"
"B2",0.503849936910092,"Blastomere B"
"B2",0.502182081333692,"Blastomere B"
"B2",0.500359178949425,"Blastomere B"
"B2",0.498371017784887,"Blastomere B"
"B2",0.495430958488864,"Blastomere B"
"B2",0.496415919204841,"Blastomere B"
"B2",0.486192929576662,"Blastomere B"
"B2",0.493030595285864,"Blastomere B"
"B2",0.495086273680349,"Blastomere B"
"B2",0.500545939039694,"Blastomere B"
"B2",0.501698304969049,"Blastomere B"
"B2",0.50139138589703,"Blastomere B"
"B2",0.488478123288803,"Blastomere B"
"B2",0.501375525364874,"Blastomere B"
"B2",0.48566905932862,"Blastomere B"
"B2",0.502585851022942,"Blastomere B"
"B2",0.508629542141726,"Blastomere B"
"B2",0.485187138648975,"Blastomere B"
"B2",0.506706095654116,"Blastomere B"
"B2",0.488897472132531,"Blastomere B"
"B2",0.508282107894607,"Blastomere B"
"B2",0.508279984202352,"Blastomere B"
"B2",0.50803565630058,"Blastomere B"
"B2",0.49878437866596,"Blastomere B"
"B2",0.506163848032863,"Blastomere B"
"B2",0.485546933117216,"Blastomere B"
"B2",0.50706488837021,"Blastomere B"
"B2",0.505258361868322,"Blastomere B"
"B2",0.506024143804032,"Blastomere B"
"B2",0.499198363370672,"Blastomere B"
"B2",0.492471335394962,"Blastomere B"
"B2",0.508875293676403,"Blastomere B"
"B2",0.5000437922025,"Blastomere B"
"B2",0.488054445194236,"Blastomere B"
"B2",0.503380936896227,"Blastomere B"
"B2",0.489530678229354,"Blastomere B"
"B2",0.493624017002677,"Blastomere B"
"B2",0.507276440675758,"Blastomere B"
"B2",0.486037365923885,"Blastomere B"
"B2",0.494637906815662,"Blastomere B"
"B2",0.501315358067385,"Blastomere B"
"B2",0.491880115755878,"Blastomere B"
"B2",0.496394832730535,"Blastomere B"
"B2",0.489571599280459,"Blastomere B"
"B2",0.488876877498647,"Blastomere B"
"B2",0.497749683848914,"Blastomere B"
"B2",0.507454303680097,"Blastomere B"
"B2",0.494993150699848,"Blastomere B"
"B2",0.511164296130349,"Blastomere B"
"B2",0.491639373199423,"Blastomere B"
"B2",0.492823545038055,"Blastomere B"
"B2",0.493223062533204,"Blastomere B"
"B2",0.499418965835961,"Blastomere B"
"B2",0.501492006476291,"Blastomere B"
"B2",0.505480696022558,"Blastomere B"
"B2",0.501800934947636,"Blastomere B"
"B2",0.491364992995842,"Blastomere B"
"B2",0.494841201045385,"Blastomere B"
"B2",0.49046565926963,"Blastomere B"
"B2",0.496092689381529,"Blastomere B"
"B2",0.482673391195145,"Blastomere B"
"B2",0.495630838560596,"Blastomere B"
"B2",0.49395514921816,"Blastomere B"
"B2",0.498249910279883,"Blastomere B"
"B2",0.490541740395601,"Blastomere B"
"B2",0.514522313593829,"Blastomere B"
"B2",0.498557139493708,"Blastomere B"
"B2",0.50765528705533,"Blastomere B"
"B2",0.493871988839729,"Blastomere B"
"B2",0.499401380689593,"Blastomere B"
"B2",0.49308283589061,"Blastomere B"
"B2",0.500415817527738,"Blastomere B"
"B2",0.491080037981278,"Blastomere B"
"B2",0.504052798872714,"Blastomere B"
"B2",0.497615168771705,"Blastomere B"
"B2",0.50051015843979,"Blastomere B"
"B2",0.494824210876458,"Blastomere B"
"B2",0.503730581724601,"Blastomere B"
"B2",0.500521690995713,"Blastomere B"
"B2",0.506319892951256,"Blastomere B"
"B2",0.500296668374161,"Blastomere B"
"B2",0.503446604416202,"Blastomere B"
"B2",0.502400542340699,"Blastomere B"
"B2",0.500862329727585,"Blastomere B"
"B2",0.505541082141005,"Blastomere B"
"B2",0.505507237616747,"Blastomere B"
"B2",0.489654655334137,"Blastomere B"
"B2",0.499326822068878,"Blastomere B"
"B2",0.502590449536256,"Blastomere B"
"B2",0.502900982507922,"Blastomere B"
"B2",0.499681707400939,"Blastomere B"
"B2",0.497840065572291,"Blastomere B"
"B2",0.514625080702724,"Blastomere B"
"B2",0.482364725886769,"Blastomere B"
"B2",0.488971432049197,"Blastomere B"
"B2",0.496073239870322,"Blastomere B"
"B2",0.499329292527713,"Blastomere B"
"B2",0.51799769543763,"Blastomere B"
"B2",0.493371376649708,"Blastomere B"
"B2",0.493960488515595,"Blastomere B"
"B2",0.503901229607859,"Blastomere B"
"B2",0.501030832500314,"Blastomere B"
"B2",0.495968302983421,"Blastomere B"
"B2",0.496896792034077,"Blastomere B"
"B2",0.489642834277235,"Blastomere B"
"B2",0.509246017292946,"Blastomere B"
"B2",0.492176210783825,"Blastomere B"
"B2",0.489299967733656,"Blastomere B"
"B2",0.497852873811479,"Blastomere B"
"B2",0.495884602831704,"Blastomere B"
"B2",0.496914334492736,"Blastomere B"
"B2",0.499032219266198,"Blastomere B"
"B2",0.491782826986689,"Blastomere B"
"B2",0.507727248920356,"Blastomere B"
"B2",0.512320926922668,"Blastomere B"
"B2",0.499387778409882,"Blastomere B"
"B2",0.505514526222704,"Blastomere B"
"B2",0.496950395552593,"Blastomere B"
"B2",0.491867181518077,"Blastomere B"
"B2",0.497568934907116,"Blastomere B"
"B2",0.513736387886263,"Blastomere B"
"B2",0.498072424143452,"Blastomere B"
"B2",0.494079873334942,"Blastomere B"
"B2",0.493624634550496,"Blastomere B"
"B2",0.497260093980377,"Blastomere B"
"B2",0.503706410898023,"Blastomere B"
"B2",0.502365155216281,"Blastomere B"
"B2",0.500548562467763,"Blastomere B"
"B2",0.509896687066127,"Blastomere B"
"B2",0.497450223316649,"Blastomere B"
"B2",0.49127447719199,"Blastomere B"
"B2",0.501155328597054,"Blastomere B"
"B2",0.505670333578703,"Blastomere B"
"B2",0.494243506055237,"Blastomere B"
"B2",0.492740477517745,"Blastomere B"
"B2",0.488627151554877,"Blastomere B"
"B2",0.494913092361364,"Blastomere B"
"B2",0.503906732673137,"Blastomere B"
"B2",0.488974932168831,"Blastomere B"
"B2",0.495899663908937,"Blastomere B"
"B2",0.493741199754611,"Blastomere B"
"B2",0.502926681183603,"Blastomere B"
"B2",0.496332513702335,"Blastomere B"
"B2",0.489712762317509,"Blastomere B"
"B2",0.496050573964614,"Blastomere B"
"B2",0.497058832108918,"Blastomere B"
"B2",0.500189399547471,"Blastomere B"
"B2",0.497729334936709,"Blastomere B"
"B2",0.498782317912623,"Blastomere B"
"B2",0.5034703098698,"Blastomere B"
"B2",0.505824962578932,"Blastomere B"
"B2",0.490974447302914,"Blastomere B"
"B2",0.489855870158823,"Blastomere B"
"B2",0.499716772977401,"Blastomere B"
"B2",0.502073018814713,"Blastomere B"
"B2",0.49895705633616,"Blastomere B"
"B2",0.505887023804609,"Blastomere B"
"B2",0.48820024406274,"Blastomere B"
"B2",0.496947076230028,"Blastomere B"
"B2",0.491345597009379,"Blastomere B"
"B2",0.494606823587382,"Blastomere B"
"B2",0.497621847836406,"Blastomere B"
"B2",0.498716459775357,"Blastomere B"
"B2",0.488972863781631,"Blastomere B"
"B2",0.492626122097915,"Blastomere B"
"B2",0.49367921200284,"Blastomere B"
"B2",0.500807117697294,"Blastomere B"
"B2",0.491504056160262,"Blastomere B"
"B2",0.492716919303434,"Blastomere B"
"B2",0.489471777162739,"Blastomere B"
"B2",0.495535313022098,"Blastomere B"
"B2",0.499378851364421,"Blastomere B"
"B2",0.487898902070785,"Blastomere B"
"B2",0.49383121318184,"Blastomere B"
"B2",0.499332791320357,"Blastomere B"
"B2",0.494908762053621,"Blastomere B"
"B2",0.49845769543682,"Blastomere B"
"B2",0.490349011928417,"Blastomere B"
"B2",0.499178984433157,"Blastomere B"
"B2",0.498369381633339,"Blastomere B"
"B2",0.486018741184558,"Blastomere B"
"B2",0.495144180803582,"Blastomere B"
"B2",0.518132026335517,"Blastomere B"
"B2",0.474852387463511,"Blastomere B"
"B2",0.48653333657697,"Blastomere B"
"B2",0.491681386990621,"Blastomere B"
"B2",0.50076823080235,"Blastomere B"
"B2",0.49850364094913,"Blastomere B"
"B2",0.50201232926775,"Blastomere B"
"B2",0.500631673482689,"Blastomere B"
"B2",0.503575278901699,"Blastomere B"
"B2",0.50152037190345,"Blastomere B"
"B2",0.489737351002416,"Blastomere B"
"B2",0.488249689657823,"Blastomere B"
"B2",0.48015330552732,"Blastomere B"
"B2",0.499647580177585,"Blastomere B"
"B2",0.499631789277699,"Blastomere B"
"B2",0.512409001959241,"Blastomere B"
"B2",0.493954947968897,"Blastomere B"
"B2",0.50555279188854,"Blastomere B"
"B2",0.494248871507681,"Blastomere B"
"B2",0.492814673066894,"Blastomere B"
"B2",0.503756652685176,"Blastomere B"
"B2",0.490640849138195,"Blastomere B"
"B2",0.495547153571979,"Blastomere B"
"B2",0.491745566037675,"Blastomere B"
"B2",0.503647895470738,"Blastomere B"
"B2",0.495970567119782,"Blastomere B"
"B2",0.496057454405522,"Blastomere B"
"B2",0.491744754991733,"Blastomere B"
"B2",0.498875259105004,"Blastomere B"
"B2",0.495646098646886,"Blastomere B"
"B2",0.498976259890122,"Blastomere B"
"B2",0.498876137305997,"Blastomere B"
"B2",0.49958167362555,"Blastomere B"
"B2",0.494367074290055,"Blastomere B"
"B2",0.511643985979084,"Blastomere B"
"B2",0.498368479531332,"Blastomere B"
"B2",0.499305328742004,"Blastomere B"
"B2",0.504611644681706,"Blastomere B"
"B2",0.493891857873596,"Blastomere B"
"B2",0.499542209063736,"Blastomere B"
"B2",0.491844332372139,"Blastomere B"
"B2",0.493151093393252,"Blastomere B"
"B2",0.498543717098695,"Blastomere B"
"B2",0.494110461842772,"Blastomere B"
"B2",0.490779122097301,"Blastomere B"
"B2",0.498313276480244,"Blastomere B"
"B2",0.495410679098453,"Blastomere B"
"B2",0.498495659485719,"Blastomere B"
"B2",0.490550211801483,"Blastomere B"
"B2",0.498405182159343,"Blastomere B"
"B2",0.513423956856605,"Blastomere B"
"B2",0.496179533475373,"Blastomere B"
"B2",0.512824951914078,"Blastomere B"
"B2",0.499840207279482,"Blastomere B"
"B2",0.49596394539406,"Blastomere B"
"B2",0.496430894938559,"Blastomere B"
"B2",0.512436486197544,"Blastomere B"
"B2",0.50009269782961,"Blastomere B"
"B2",0.505542182813224,"Blastomere B"
"B2",0.490146355808609,"Blastomere B"
"B2",0.496055021729005,"Blastomere B"
"B2",0.497501317362203,"Blastomere B"
"B2",0.496194374206432,"Blastomere B"
"B2",0.485659559682947,"Blastomere B"
"B2",0.497869739610752,"Blastomere B"
"B2",0.504648497807877,"Blastomere B"
"B2",0.494539508331345,"Blastomere B"
"B2",0.491382681622983,"Blastomere B"
"B2",0.49138002565214,"Blastomere B"
"B2",0.511909119493482,"Blastomere B"
"B2",0.495636893099936,"Blastomere B"
"B2",0.498544164905418,"Blastomere B"
"B2",0.486152287619651,"Blastomere B"
"B2",0.502827625649106,"Blastomere B"
"B2",0.501664199271708,"Blastomere B"
"B2",0.49202661259833,"Blastomere B"
"B2",0.501615914603811,"Blastomere B"
"B2",0.500801663288328,"Blastomere B"
"B2",0.499420586972328,"Blastomere B"
"B2",0.512055119125451,"Blastomere B"
"B2",0.49399771420565,"Blastomere B"
"B2",0.497961557673907,"Blastomere B"
"B2",0.497782473873005,"Blastomere B"
"B2",0.486861603286155,"Blastomere B"
"B2",0.489969332141479,"Blastomere B"
"B2",0.507566771500075,"Blastomere B"
"B2",0.494144727840494,"Blastomere B"
"B2",0.501452415320054,"Blastomere B"
"B2",0.496404860326709,"Blastomere B"
"B2",0.497628005104689,"Blastomere B"
"B2",0.493672266681366,"Blastomere B"
"B2",0.500232944659735,"Blastomere B"
"B2",0.481707106437971,"Blastomere B"
"B2",0.491033395770002,"Blastomere B"
"B2",0.492792549118447,"Blastomere B"
"B2",0.506344113824025,"Blastomere B"
"B2",0.493027516339533,"Blastomere B"
"B2",0.493580875082099,"Blastomere B"
"B2",0.500945689737977,"Blastomere B"
"B2",0.493752721488835,"Blastomere B"
"B2",0.512858267995948,"Blastomere B"
"B2",0.499174953464684,"Blastomere B"
"B2",0.492842424868736,"Blastomere B"
"B2",0.492627603326313,"Blastomere B"
"B2",0.496332926295134,"Blastomere B"
"B2",0.49784753470741,"Blastomere B"
"B2",0.494262137693284,"Blastomere B"
"B2",0.495123549027307,"Blastomere B"
"B2",0.494244291555161,"Blastomere B"
"B2",0.486913798658857,"Blastomere B"
"B2",0.509034068070253,"Blastomere B"
"B2",0.493074683431429,"Blastomere B"
"B2",0.502372560150494,"Blastomere B"
"B2",0.487981877230308,"Blastomere B"
"B2",0.487433839613349,"Blastomere B"
"B2",0.490732393055321,"Blastomere B"
"B2",0.484314133384776,"Blastomere B"
"B2",0.502371391824985,"Blastomere B"
"B2",0.503153914065812,"Blastomere B"
"B2",0.496342670208245,"Blastomere B"
"B2",0.501755485448672,"Blastomere B"
"B2",0.497828454195586,"Blastomere B"
"B2",0.502464506943276,"Blastomere B"
"B2",0.503609992259822,"Blastomere B"
"B2",0.488157434613373,"Blastomere B"
"B2",0.487479309442979,"Blastomere B"
"B2",0.489409634144028,"Blastomere B"
"B2",0.494369568057539,"Blastomere B"
"B2",0.48682243831259,"Blastomere B"
"B2",0.500938113719293,"Blastomere B"
"B2",0.499576744797659,"Blastomere B"
"B2",0.497733171461343,"Blastomere B"
"B2",0.498181199096161,"Blastomere B"
"B2",0.50105815243418,"Blastomere B"
"B2",0.499440891579764,"Blastomere B"
"B2",0.503161181505021,"Blastomere B"
"B2",0.50974374417522,"Blastomere B"
"B2",0.502826466681845,"Blastomere B"
"B2",0.513025974768048,"Blastomere B"
"B2",0.492087179779251,"Blastomere B"
"B2",0.503998850735288,"Blastomere B"
"B2",0.493230602282725,"Blastomere B"
"B2",0.499779019671119,"Blastomere B"
"B2",0.503537687435233,"Blastomere B"
"B2",0.499615266222279,"Blastomere B"
"B2",0.486711793842539,"Blastomere B"
"B2",0.510261738378346,"Blastomere B"
"B2",0.490486582307215,"Blastomere B"
"B2",0.497089600369847,"Blastomere B"
"B2",0.496135699007731,"Blastomere B"
"B2",0.502240058586718,"Blastomere B"
"B2",0.494803688365203,"Blastomere B"
"B2",0.496339294842987,"Blastomere B"
"B2",0.500151700107981,"Blastomere B"
"B2",0.499569632841477,"Blastomere B"
"B2",0.49687823027505,"Blastomere B"
"B2",0.495298519145133,"Blastomere B"
"B2",0.498987770158073,"Blastomere B"
"B2",0.501972032177908,"Blastomere B"
"B2",0.496047988799095,"Blastomere B"
"B2",0.487991386777631,"Blastomere B"
"B2",0.501238239835283,"Blastomere B"
"B2",0.505209029529635,"Blastomere B"
"B2",0.494071168304477,"Blastomere B"
"B2",0.486604851178485,"Blastomere B"
"B2",0.5047991160639,"Blastomere B"
"B2",0.503264724356693,"Blastomere B"
"B2",0.49010809888601,"Blastomere B"
"B2",0.503181306188749,"Blastomere B"
"B2",0.491686342282817,"Blastomere B"
"B2",0.496998087908323,"Blastomere B"
"B2",0.503721384809635,"Blastomere B"
"B2",0.488480347850854,"Blastomere B"
"B2",0.494854904089286,"Blastomere B"
"B2",0.488816379117271,"Blastomere B"
"B2",0.499555620233975,"Blastomere B"
"B2",0.505444437633684,"Blastomere B"
"B2",0.501294416174998,"Blastomere B"
"B2",0.515991435910897,"Blastomere B"
"B2",0.504511535065394,"Blastomere B"
"B2",0.49649927101746,"Blastomere B"
"B2",0.500730275644411,"Blastomere B"
"B2",0.497480901411847,"Blastomere B"
"B2",0.49996998031476,"Blastomere B"
"B2",0.501790746749696,"Blastomere B"
"B2",0.491551566561784,"Blastomere B"
"B2",0.50000038692462,"Blastomere B"
"B2",0.507892522256978,"Blastomere B"
"B2",0.507971275243162,"Blastomere B"
"B2",0.496839530210814,"Blastomere B"
"B2",0.491209783767973,"Blastomere B"
"B2",0.495674035908823,"Blastomere B"
"B2",0.495523280562433,"Blastomere B"
"B2",0.49998888762999,"Blastomere B"
"B2",0.488492723276773,"Blastomere B"
"B2",0.494251752582996,"Blastomere B"
"B2",0.496311326991238,"Blastomere B"
"B2",0.510774222945566,"Blastomere B"
"B2",0.502873970672138,"Blastomere B"
"B2",0.496987995875676,"Blastomere B"
"B2",0.492642126902326,"Blastomere B"
"B2",0.493387518500797,"Blastomere B"
"B2",0.495476043315384,"Blastomere B"
"B2",0.490400784014175,"Blastomere B"
"B2",0.501612643555004,"Blastomere B"
"B2",0.504101335761813,"Blastomere B"
"B2",0.495312125184423,"Blastomere B"
"B2",0.490982809680606,"Blastomere B"
"B2",0.499524646424315,"Blastomere B"
"B2",0.500619709867759,"Blastomere B"
"B2",0.509504439361668,"Blastomere B"
"B2",0.492569404062484,"Blastomere B"
"B2",0.488747444600096,"Blastomere B"
"B2",0.494205303788958,"Blastomere B"
"B2",0.490500321967046,"Blastomere B"
"B2",0.515604041841093,"Blastomere B"
"B2",0.499836065122079,"Blastomere B"
"B2",0.497183860449686,"Blastomere B"
"B2",0.504304518974681,"Blastomere B"
"B2",0.493071195930196,"Blastomere B"
"B2",0.503251529076773,"Blastomere B"
"B2",0.507931856899428,"Blastomere B"
"B2",0.49370268137928,"Blastomere B"
"B2",0.505375146719967,"Blastomere B"
"B2",0.50056932935503,"Blastomere B"
"B2",0.498860764646312,"Blastomere B"
"B2",0.498568702820654,"Blastomere B"
"B2",0.493859880741432,"Blastomere B"
"B2",0.506900071622909,"Blastomere B"
"B2",0.486010933253387,"Blastomere B"
"B2",0.504569322239918,"Blastomere B"
"B2",0.50371592433089,"Blastomere B"
"B2",0.501170020484066,"Blastomere B"
"B2",0.50496771395492,"Blastomere B"
"B2",0.502119054069703,"Blastomere B"
"B2",0.499543318597151,"Blastomere B"
"B2",0.505403676431254,"Blastomere B"
"B2",0.497692167067239,"Blastomere B"
"B2",0.506376250925397,"Blastomere B"
"B2",0.48889902100091,"Blastomere B"
"B2",0.499418953339371,"Blastomere B"
"B2",0.501534430547082,"Blastomere B"
"B2",0.491093414791774,"Blastomere B"
"B2",0.504331740157505,"Blastomere B"
"B2",0.484615118529657,"Blastomere B"
"B2",0.493139580303083,"Blastomere B"
"B2",0.496265323488715,"Blastomere B"
"B2",0.501092946957764,"Blastomere B"
"B2",0.501772442237751,"Blastomere B"
"B2",0.497001203723039,"Blastomere B"
"B2",0.507979988938746,"Blastomere B"
"B2",0.503978190354812,"Blastomere B"
"B2",0.506707007387608,"Blastomere B"
"B2",0.505309268997783,"Blastomere B"
"B2",0.495373368152742,"Blastomere B"
"B2",0.498979876582168,"Blastomere B"
"B2",0.501813153096793,"Blastomere B"
"B2",0.498672574439668,"Blastomere B"
"B2",0.503972229596817,"Blastomere B"
"B2",0.487781536971438,"Blastomere B"
"B2",0.503074691159628,"Blastomere B"
"B2",0.488587695268058,"Blastomere B"
"B2",0.49212904809609,"Blastomere B"
"B2",0.502635947228492,"Blastomere B"
"B2",0.492695709967151,"Blastomere B"
"B2",0.502473629015609,"Blastomere B"
"B2",0.505148654484191,"Blastomere B"
"B2",0.486879178886753,"Blastomere B"
"B2",0.498432225112379,"Blastomere B"
"B2",0.512563522379761,"Blastomere B"
"B2",0.501814731015954,"Blastomere B"
"B2",0.499679459708425,"Blastomere B"
"B2",0.494060764865405,"Blastomere B"
"B2",0.490021682494988,"Blastomere B"
"B2",0.492568614337154,"Blastomere B"
"B2",0.49744809967104,"Blastomere B"
"B2",0.49766243268073,"Blastomere B"
"B2",0.503129338121975,"Blastomere B"
"B2",0.509723372339226,"Blastomere B"
"B2",0.495835894024333,"Blastomere B"
"B2",0.501795801768238,"Blastomere B"
"B2",0.498971704741641,"Blastomere B"
"B2",0.500421196161345,"Blastomere B"
"B2",0.499988171341863,"Blastomere B"
"B2",0.501836336480438,"Blastomere B"
"B2",0.499763480382366,"Blastomere B"
"B2",0.503982895134936,"Blastomere B"
"B2",0.501782088451678,"Blastomere B"
"B2",0.499149705079289,"Blastomere B"
"B2",0.497994745288807,"Blastomere B"
"B2",0.491919559889486,"Blastomere B"
"B2",0.478268604891248,"Blastomere B"
"B2",0.502072237127217,"Blastomere B"
"B2",0.507188235574401,"Blastomere B"
"B2",0.498821008594834,"Blastomere B"
"B2",0.502228448638938,"Blastomere B"
"B2",0.491350689801637,"Blastomere B"
"B2",0.504028464438255,"Blastomere B"
"B2",0.506780597401398,"Blastomere B"
"B2",0.502782740700083,"Blastomere B"
"B2",0.503776794483188,"Blastomere B"
"B2",0.496524640773674,"Blastomere B"
"B2",0.490750963995302,"Blastomere B"
"B2",0.503542809768738,"Blastomere B"
"B2",0.499985608670865,"Blastomere B"
"B2",0.489982055821454,"Blastomere B"
"B2",0.505378771371071,"Blastomere B"
"B2",0.496421559265006,"Blastomere B"
"B2",0.498981008583498,"Blastomere B"
"B2",0.489052635872914,"Blastomere B"
"B2",0.510836432743931,"Blastomere B"
"B2",0.501949018282074,"Blastomere B"
"B2",0.496861048648321,"Blastomere B"
"B2",0.489051904375673,"Blastomere B"
"B2",0.49353836079733,"Blastomere B"
"B2",0.492825733061736,"Blastomere B"
"B2",0.510077527526363,"Blastomere B"
"B2",0.496751436675698,"Blastomere B"
"B2",0.501167719612357,"Blastomere B"
"B2",0.499108403509296,"Blastomere B"
"B2",0.509025967801978,"Blastomere B"
"B2",0.498783521238834,"Blastomere B"
"B2",0.49446173696006,"Blastomere B"
"B2",0.504793504983438,"Blastomere B"
"B2",0.506157660878383,"Blastomere B"
"B2",0.499015225492525,"Blastomere B"
"B2",0.502519211337769,"Blastomere B"
"B2",0.504200267175847,"Blastomere B"
"B2",0.483124979497641,"Blastomere B"
"B2",0.494981771401974,"Blastomere B"
"B2",0.497318310859988,"Blastomere B"
"B2",0.505937458149529,"Blastomere B"
"B2",0.493058806149394,"Blastomere B"
"B2",0.500652354606056,"Blastomere B"
"B2",0.498216704153447,"Blastomere B"
"B2",0.48105863948967,"Blastomere B"
"B2",0.493792198729649,"Blastomere B"
"B2",0.499248333634889,"Blastomere B"
"B2",0.502736352220282,"Blastomere B"
"B2",0.490907494004427,"Blastomere B"
"B2",0.501062489248502,"Blastomere B"
"B2",0.497836153845808,"Blastomere B"
"B2",0.484482581783531,"Blastomere B"
"B2",0.495067084940704,"Blastomere B"
"B2",0.505176921469666,"Blastomere B"
"B2",0.503388638385247,"Blastomere B"
"B2",0.503700884025058,"Blastomere B"
"B2",0.511426976698962,"Blastomere B"
"B2",0.496996228752417,"Blastomere B"
"B2",0.500838453739011,"Blastomere B"
"B2",0.487513034995848,"Blastomere B"
"B2",0.488411253808924,"Blastomere B"
"B2",0.499956715878746,"Blastomere B"
"B2",0.502011027279193,"Blastomere B"
"B2",0.500970055549351,"Blastomere B"
"B2",0.501332304895164,"Blastomere B"
"B2",0.491881276348047,"Blastomere B"
"B2",0.515039970804552,"Blastomere B"
"B2",0.499659250857983,"Blastomere B"
"B2",0.501025529064424,"Blastomere B"
"B2",0.491482938167476,"Blastomere B"
"B2",0.495447636129099,"Blastomere B"
"B2",0.511782321031205,"Blastomere B"
"B2",0.501120776594248,"Blastomere B"
"B2",0.496569638330588,"Blastomere B"
"B2",0.499336727381672,"Blastomere B"
"B2",0.498841878620814,"Blastomere B"
"B2",0.501501640679978,"Blastomere B"
"B2",0.489745873200782,"Blastomere B"
"B2",0.510206922701251,"Blastomere B"
"B2",0.499812708088162,"Blastomere B"
"B2",0.508395038758118,"Blastomere B"
"B2",0.502957819716507,"Blastomere B"
"B2",0.503320501329091,"Blastomere B"
"B2",0.485472900877708,"Blastomere B"
"B2",0.500054431732645,"Blastomere B"
"B2",0.496081725761953,"Blastomere B"
"B2",0.480818570499644,"Blastomere B"
"B2",0.491972361939659,"Blastomere B"
"B2",0.498374020729581,"Blastomere B"
"B2",0.503950346252361,"Blastomere B"
"B2",0.494979315457543,"Blastomere B"
"B2",0.502527060924965,"Blastomere B"
"B2",0.509401717431399,"Blastomere B"
"B2",0.501601198043394,"Blastomere B"
"B2",0.494675823831812,"Blastomere B"
"B2",0.480255111832223,"Blastomere B"
"B2",0.500027176129997,"Blastomere B"
"B2",0.489259873824439,"Blastomere B"
"B2",0.487026889982028,"Blastomere B"
"B2",0.491226440364215,"Blastomere B"
"B2",0.506790586363121,"Blastomere B"
"B2",0.50120471443138,"Blastomere B"
"B2",0.486773956007352,"Blastomere B"
"B2",0.50994057258481,"Blastomere B"
"B2",0.491265350196945,"Blastomere B"
"B2",0.497773259754091,"Blastomere B"
"B2",0.496637416906975,"Blastomere B"
"B2",0.494781107912524,"Blastomere B"
"B2",0.499384365945901,"Blastomere B"
"B2",0.510599553013942,"Blastomere B"
"B2",0.501369731860654,"Blastomere B"
"B2",0.486888132319855,"Blastomere B"
"B2",0.50641368993256,"Blastomere B"
"B2",0.506301789823083,"Blastomere B"
"B2",0.495673646886326,"Blastomere B"
"B2",0.492311032438853,"Blastomere B"
"B2",0.502480652728997,"Blastomere B"
"B2",0.507597027368815,"Blastomere B"
"B2",0.499445108607774,"Blastomere B"
"B2",0.50826953848835,"Blastomere B"
"B2",0.482790129612278,"Blastomere B"
"B2",0.49966278968571,"Blastomere B"
"B2",0.491605711450702,"Blastomere B"
"B2",0.498371095018473,"Blastomere B"
"B2",0.504281890416826,"Blastomere B"
"B2",0.496549960938361,"Blastomere B"
"B2",0.504851838327021,"Blastomere B"
"B2",0.501659337629392,"Blastomere B"
"B2",0.496121909355507,"Blastomere B"
"B2",0.496908413218181,"Blastomere B"
"B2",0.503829245216721,"Blastomere B"
"B2",0.493271999298037,"Blastomere B"
"B2",0.4977186445111,"Blastomere B"
"B2",0.49295667268546,"Blastomere B"
"B2",0.513304878674151,"Blastomere B"
"B2",0.488034090620607,"Blastomere B"
"B2",0.502626302039662,"Blastomere B"
"B2",0.495820745369885,"Blastomere B"
"B2",0.50028697500717,"Blastomere B"
"B2",0.51349246010803,"Blastomere B"
"B2",0.508623623374377,"Blastomere B"
"B2",0.491024037256769,"Blastomere B"
"B2",0.48490044331807,"Blastomere B"
"B2",0.485254208322,"Blastomere B"
"B2",0.492692274154758,"Blastomere B"
"B2",0.494545831674559,"Blastomere B"
"B2",0.488421855978324,"Blastomere B"
"B2",0.501170103430485,"Blastomere B"
"B2",0.496091728429892,"Blastomere B"
"B2",0.481845318892859,"Blastomere B"
"B2",0.503901329414581,"Blastomere B"
"B2",0.504560967493329,"Blastomere B"
"B2",0.491175587775671,"Blastomere B"
"B2",0.493846494056562,"Blastomere B"
"B2",0.500383345208631,"Blastomere B"
"B2",0.500933896504061,"Blastomere B"
"B2",0.511446610788588,"Blastomere B"
"B2",0.503404873675816,"Blastomere B"
"B2",0.51131420036865,"Blastomere B"
"B2",0.505619137505664,"Blastomere B"
"B2",0.500630513777632,"Blastomere B"
"B2",0.497460067196149,"Blastomere B"
"B2",0.491208685306937,"Blastomere B"
"B2",0.496695237309498,"Blastomere B"
"B2",0.484164148453802,"Blastomere B"
"B2",0.50296792197979,"Blastomere B"
"B2",0.502553587891743,"Blastomere B"
"B2",0.488952931165609,"Blastomere B"
"B2",0.505940784471775,"Blastomere B"
"B2",0.510205334562636,"Blastomere B"
"B2",0.493532974539137,"Blastomere B"
"B2",0.490936817567824,"Blastomere B"
"B2",0.485093266204228,"Blastomere B"
"B2",0.498204247678282,"Blastomere B"
"B2",0.497967301553214,"Blastomere B"
"B2",0.500099736890603,"Blastomere B"
"B2",0.503447912358909,"Blastomere B"
"B2",0.488569336221332,"Blastomere B"
"B2",0.504191934135614,"Blastomere B"
"B2",0.496414504458722,"Blastomere B"
"B2",0.494099152674246,"Blastomere B"
"B2",0.492049337460468,"Blastomere B"
"B2",0.498196459181459,"Blastomere B"
"B2",0.495886070989332,"Blastomere B"
"B2",0.496929417837648,"Blastomere B"
"B2",0.502861247595036,"Blastomere B"
"B2",0.503769246092847,"Blastomere B"
"B2",0.489245264699826,"Blastomere B"
"B2",0.500243684291407,"Blastomere B"
"B2",0.501854877953037,"Blastomere B"
"B2",0.496395189414252,"Blastomere B"
"B2",0.501999190296013,"Blastomere B"
"B2",0.500868454036882,"Blastomere B"
"B2",0.513235301873313,"Blastomere B"
"B2",0.49583416584649,"Blastomere B"
"B2",0.496193350702872,"Blastomere B"
"B2",0.501345254165856,"Blastomere B"
"B2",0.496333563641746,"Blastomere B"
"B2",0.499339946907986,"Blastomere B"
"B2",0.490548412531173,"Blastomere B"
"B2",0.504870821994182,"Blastomere B"
"B2",0.496277299222385,"Blastomere B"
"B2",0.480155590372722,"Blastomere B"
"B2",0.486669641006902,"Blastomere B"
"B2",0.502909044002063,"Blastomere B"
"B2",0.512377144714448,"Blastomere B"
"B2",0.498576638922826,"Blastomere B"
"B2",0.497180582908669,"Blastomere B"
"B2",0.491006675494932,"Blastomere B"
"B2",0.501983629392903,"Blastomere B"
"B2",0.497657260581094,"Blastomere B"
"B2",0.49901903178142,"Blastomere B"
"B2",0.493506049842477,"Blastomere B"
"B2",0.496164829195101,"Blastomere B"
"B2",0.504468012947528,"Blastomere B"
"B2",0.49623137937281,"Blastomere B"
"B2",0.502581484325199,"Blastomere B"
"B2",0.49047152061198,"Blastomere B"
"B2",0.518142182062291,"Blastomere B"
"B2",0.506766967927209,"Blastomere B"
"B2",0.492270953600189,"Blastomere B"
"B2",0.50062577929399,"Blastomere B"
"B2",0.496428392018627,"Blastomere B"
"B2",0.50172809286066,"Blastomere B"
"B2",0.490121039080524,"Blastomere B"
"B2",0.503890813407041,"Blastomere B"
"B2",0.493076605947779,"Blastomere B"
"B2",0.487149101365489,"Blastomere B"
"B2",0.495774407275628,"Blastomere B"
"B2",0.486842013489061,"Blastomere B"
"B2",0.491413947627025,"Blastomere B"
"B2",0.504073430635988,"Blastomere B"
"B2",0.498938022861565,"Blastomere B"
"B2",0.500217682429812,"Blastomere B"
"B2",0.494247278779922,"Blastomere B"
"B2",0.490039594826427,"Blastomere B"
"B2",0.502723806672103,"Blastomere B"
"B2",0.500602527900555,"Blastomere B"
"B2",0.499760354697911,"Blastomere B"
"B2",0.496971889871865,"Blastomere B"
"B2",0.496934249256365,"Blastomere B"
"B2",0.497690949585418,"Blastomere B"
"B2",0.509518463510109,"Blastomere B"
"B2",0.506472355703442,"Blastomere B"
"B2",0.495752495752134,"Blastomere B"
"B2",0.506860526978146,"Blastomere B"
"B2",0.493375560935622,"Blastomere B"
"B2",0.487537229307257,"Blastomere B"
"B2",0.492434597349879,"Blastomere B"
"B2",0.497163645945624,"Blastomere B"
"B2",0.493948915234343,"Blastomere B"
"B2",0.486469883352763,"Blastomere B"
"B2",0.48921370590268,"Blastomere B"
"B2",0.486886939726108,"Blastomere B"
"B2",0.504488581128876,"Blastomere B"
"B2",0.483279713920732,"Blastomere B"
"B2",0.499836418236616,"Blastomere B"
"B2",0.494009818697785,"Blastomere B"
"B2",0.486114876208202,"Blastomere B"
"B2",0.489152061234584,"Blastomere B"
"B2",0.501170416565656,"Blastomere B"
"B2",0.496569690058343,"Blastomere B"
"B2",0.510516729669141,"Blastomere B"
"B2",0.488425498088646,"Blastomere B"
"B2",0.499936810858419,"Blastomere B"
"B2",0.499729098927291,"Blastomere B"
"B2",0.49829788926245,"Blastomere B"
"B2",0.50802250082283,"Blastomere B"
"B2",0.503442732981167,"Blastomere B"
"B2",0.502493754509637,"Blastomere B"
"B2",0.497183952884114,"Blastomere B"
"B2",0.489197347185591,"Blastomere B"
"B2",0.500653928559973,"Blastomere B"
"B2",0.504765451358254,"Blastomere B"
"B2",0.494839472751074,"Blastomere B"
"B2",0.489507206643814,"Blastomere B"
"B2",0.511601516275722,"Blastomere B"
"B2",0.493943232447779,"Blastomere B"
"B2",0.505574153641634,"Blastomere B"
"B2",0.497349497194335,"Blastomere B"
"B2",0.505494618469565,"Blastomere B"
"B2",0.491869572422786,"Blastomere B"
"B2",0.49139416438491,"Blastomere B"
"B2",0.500380844332124,"Blastomere B"
"B2",0.495125512542905,"Blastomere B"
"B2",0.504060676462307,"Blastomere B"
"B2",0.477208780784651,"Blastomere B"
"B2",0.487581372879769,"Blastomere B"
"B2",0.490433909893353,"Blastomere B"
"B2",0.491082104879647,"Blastomere B"
"B2",0.490010568555218,"Blastomere B"
"B2",0.499349519505916,"Blastomere B"
"B2",0.503127926776523,"Blastomere B"
"B2",0.485839794648,"Blastomere B"
"B2",0.500103606417864,"Blastomere B"
"B2",0.498246833326672,"Blastomere B"
"B2",0.487333430437558,"Blastomere B"
"B2",0.491189113385699,"Blastomere B"
"B2",0.489932267852572,"Blastomere B"
"B2",0.497210612017344,"Blastomere B"
"B2",0.501968829598999,"Blastomere B"
"B2",0.493270279202578,"Blastomere B"
"B2",0.494559033317249,"Blastomere B"
"B2",0.494797851880796,"Blastomere B"
"B2",0.503992765305106,"Blastomere B"
"B2",0.494802740338666,"Blastomere B"
"B2",0.488477161057724,"Blastomere B"
"B2",0.504668921894995,"Blastomere B"
"B2",0.509477789340136,"Blastomere B"
"B2",0.493803697679328,"Blastomere B"
"B2",0.508454557343969,"Blastomere B"
"B2",0.499408704886294,"Blastomere B"
"B2",0.501680422362507,"Blastomere B"
"B2",0.496287744582102,"Blastomere B"
"B2",0.504618926274238,"Blastomere B"
"B2",0.500194609122928,"Blastomere B"
"B2",0.497581169483487,"Blastomere B"
"B2",0.501176627616194,"Blastomere B"
"B2",0.498944456303998,"Blastomere B"
"B2",0.50752902158673,"Blastomere B"
"B2",0.490121841621809,"Blastomere B"
"B2",0.492343181185149,"Blastomere B"
"B2",0.497737965627544,"Blastomere B"
"B2",0.509986817597027,"Blastomere B"
"B2",0.493214799048451,"Blastomere B"
"B2",0.48913632209925,"Blastomere B"
"B2",0.498982927094727,"Blastomere B"
"B2",0.488362175915057,"Blastomere B"
"B2",0.49805077031124,"Blastomere B"
"B2",0.491127591152705,"Blastomere B"
"B2",0.497441187380122,"Blastomere B"
"B2",0.486134011463151,"Blastomere B"
"B2",0.498672472179281,"Blastomere B"
"B2",0.486058179066539,"Blastomere B"
"B2",0.505954710025869,"Blastomere B"
"B2",0.496093747123263,"Blastomere B"
"B2",0.499034773832167,"Blastomere B"
"B2",0.504589626886695,"Blastomere B"
"B2",0.498546297638188,"Blastomere B"
"B2",0.509598251537978,"Blastomere B"
"B2",0.496490403305688,"Blastomere B"
"B2",0.495212515179017,"Blastomere B"
"B2",0.502769486430992,"Blastomere B"
"B2",0.502951304174522,"Blastomere B"
"B2",0.491724141269544,"Blastomere B"
"B2",0.502702907562763,"Blastomere B"
"B2",0.499458759547339,"Blastomere B"
"B2",0.49437273628339,"Blastomere B"
"B2",0.503423769801806,"Blastomere B"
"B2",0.499160181980981,"Blastomere B"
"B2",0.498840980364436,"Blastomere B"
"B2",0.500333631768733,"Blastomere B"
"B2",0.501778523163339,"Blastomere B"
"B2",0.498036518607525,"Blastomere B"
"B2",0.514198212343388,"Blastomere B"
"B2",0.482582951175352,"Blastomere B"
"B2",0.50150116967812,"Blastomere B"
"B2",0.503641535178859,"Blastomere B"
"B2",0.507648970344136,"Blastomere B"
"B2",0.499081526348725,"Blastomere B"
"B2",0.49807617064265,"Blastomere B"
"B2",0.496673319645202,"Blastomere B"
"B2",0.508050840098854,"Blastomere B"
"B2",0.498033989384361,"Blastomere B"
"B2",0.507615821767321,"Blastomere B"
"B2",0.505669983630413,"Blastomere B"
"B2",0.499496661867455,"Blastomere B"
"B2",0.497388214016715,"Blastomere B"
"B2",0.507358654863753,"Blastomere B"
"B2",0.49632286896984,"Blastomere B"
"B2",0.49735747112811,"Blastomere B"
"B2",0.486101417084813,"Blastomere B"
"B2",0.492108587040121,"Blastomere B"
"B2",0.48613900667691,"Blastomere B"
"B2",0.499314951795508,"Blastomere B"
"B2",0.504438487361389,"Blastomere B"
"B2",0.49315330636836,"Blastomere B"
"B2",0.482450720931289,"Blastomere B"
"B2",0.492164621885265,"Blastomere B"
"B2",0.497778843420604,"Blastomere B"
"B2",0.500951452081189,"Blastomere B"
"B2",0.496941174882599,"Blastomere B"
"B2",0.505607322262088,"Blastomere B"
"B2",0.495880033120762,"Blastomere B"
"B2",0.493605077192706,"Blastomere B"
"B2",0.499527425837685,"Blastomere B"
"B2",0.498567856427615,"Blastomere B"
"B2",0.48774415024847,"Blastomere B"
"B2",0.504384130806182,"Blastomere B"
"B2",0.504600188929806,"Blastomere B"
"B2",0.497469698538749,"Blastomere B"
"B2",0.510065981340926,"Blastomere B"
"B2",0.503349146209102,"Blastomere B"
"B2",0.494147852579344,"Blastomere B"
"B2",0.499374146610982,"Blastomere B"
"B2",0.508587706216498,"Blastomere B"
"B2",0.495533525781382,"Blastomere B"
"B2",0.498569463790251,"Blastomere B"
"B2",0.496739606962973,"Blastomere B"
"B2",0.499709368126451,"Blastomere B"
"B2",0.497212014391214,"Blastomere B"
"B2",0.495276069122733,"Blastomere B"
"B2",0.493464746567343,"Blastomere B"
"B2",0.501168152400147,"Blastomere B"
"B2",0.488480779097059,"Blastomere B"
"B2",0.500716295185904,"Blastomere B"
"B2",0.50107045482995,"Blastomere B"
"B2",0.505012328037496,"Blastomere B"
"B2",0.498250775722435,"Blastomere B"
"B2",0.501326160319455,"Blastomere B"
"B2",0.497134761186605,"Blastomere B"
"B2",0.503859934900954,"Blastomere B"
"B2",0.505925373470507,"Blastomere B"
"B2",0.494260336726884,"Blastomere B"
"B2",0.501561622043503,"Blastomere B"
"B2",0.497657856040627,"Blastomere B"
"B2",0.501062235088603,"Blastomere B"
"B2",0.502008318522042,"Blastomere B"
"B2",0.491816807711456,"Blastomere B"
"B2",0.502145046539212,"Blastomere B"
"B2",0.506223589272049,"Blastomere B"
"B2",0.508667806352688,"Blastomere B"
"B2",0.495226694142444,"Blastomere B"
"B2",0.486699487162936,"Blastomere B"
"B2",0.487029868901638,"Blastomere B"
"B2",0.494298362953952,"Blastomere B"
"B2",0.507147232847181,"Blastomere B"
"B2",0.493776867986785,"Blastomere B"
"B2",0.495585669106056,"Blastomere B"
"B2",0.502195501290676,"Blastomere B"
"B2",0.50350559353879,"Blastomere B"
"B2",0.493810845075002,"Blastomere B"
"B2",0.50088122523315,"Blastomere B"
"B2",0.495268838201411,"Blastomere B"
"B2",0.49191682006147,"Blastomere B"
"B2",0.509963509959641,"Blastomere B"
"B2",0.498935127156971,"Blastomere B"
"B2",0.491499765613285,"Blastomere B"
"B2",0.499343565779438,"Blastomere B"
"B2",0.49588443148461,"Blastomere B"
"B2",0.50152779926491,"Blastomere B"
"B2",0.494534916549161,"Blastomere B"
"B2",0.506959720748448,"Blastomere B"
"B2",0.507046727214696,"Blastomere B"
"B2",0.495480844904135,"Blastomere B"
"B2",0.506859481372789,"Blastomere B"
"B2",0.487700899160154,"Blastomere B"
"B2",0.49072361321074,"Blastomere B"
"B2",0.497478410429269,"Blastomere B"
"B2",0.503164088405384,"Blastomere B"
"B2",0.498884190884856,"Blastomere B"
"B2",0.499993810945825,"Blastomere B"
"B2",0.497914922045518,"Blastomere B"
"B2",0.511508505912042,"Blastomere B"
"B2",0.4995720184067,"Blastomere B"
"B2",0.498218416717587,"Blastomere B"
"B2",0.491370521681168,"Blastomere B"
"B2",0.500979623425731,"Blastomere B"
"B2",0.4934484466052,"Blastomere B"
"B2",0.50142659903153,"Blastomere B"
"B2",0.506289795366969,"Blastomere B"
"B2",0.491455139340939,"Blastomere B"
"B2",0.492166480933719,"Blastomere B"
"B2",0.488221398239178,"Blastomere B"
"B2",0.486806549960737,"Blastomere B"
"B2",0.506316749611494,"Blastomere B"
"B2",0.49302084509785,"Blastomere B"
"B2",0.49041068474905,"Blastomere B"
"B2",0.494927813398097,"Blastomere B"
"B2",0.500347445600361,"Blastomere B"
"B2",0.499932952578579,"Blastomere B"
"B2",0.483619842113837,"Blastomere B"
"B2",0.498117404538157,"Blastomere B"
"B2",0.512411423635942,"Blastomere B"
"B2",0.506949991568007,"Blastomere B"
"B2",0.49320796275213,"Blastomere B"
"B2",0.493631157728089,"Blastomere B"
"B2",0.502299765744728,"Blastomere B"
"B2",0.501340227146404,"Blastomere B"
"B2",0.501790845919792,"Blastomere B"
"B2",0.508052738873417,"Blastomere B"
"B2",0.499338704947931,"Blastomere B"
"B2",0.496895356438354,"Blastomere B"
"B2",0.488315382122731,"Blastomere B"
"B2",0.496088948367143,"Blastomere B"
"B2",0.498700360148286,"Blastomere B"
"B2",0.501949763536642,"Blastomere B"
"B2",0.49164842125556,"Blastomere B"
"B2",0.501741450540025,"Blastomere B"
"B2",0.486381432475946,"Blastomere B"
"B2",0.504734680423108,"Blastomere B"
"B2",0.49308438440588,"Blastomere B"
"B2",0.506314508383847,"Blastomere B"
"B2",0.497597669344402,"Blastomere B"
"B2",0.499351738943185,"Blastomere B"
"B2",0.496652494500104,"Blastomere B"
"B2",0.486267935098611,"Blastomere B"
"B2",0.488535026074311,"Blastomere B"
"B2",0.504156911448114,"Blastomere B"
"B2",0.494593914665186,"Blastomere B"
"B2",0.484910790622017,"Blastomere B"
"B2",0.493401243109276,"Blastomere B"
"B2",0.499725922351548,"Blastomere B"
"B2",0.496068529936488,"Blastomere B"
"B2",0.498616971540811,"Blastomere B"
"B2",0.494149436085007,"Blastomere B"
"B2",0.489291674036393,"Blastomere B"
"B2",0.497182149033703,"Blastomere B"
"B2",0.498980172464138,"Blastomere B"
"B2",0.49053433516418,"Blastomere B"
"B2",0.490576870664392,"Blastomere B"
"B2",0.507495503165291,"Blastomere B"
"B2",0.499157586707315,"Blastomere B"
"B2",0.497550252181001,"Blastomere B"
"B2",0.503788808369004,"Blastomere B"
"B2",0.482930224963271,"Blastomere B"
"B2",0.507073756218374,"Blastomere B"
"B2",0.507087195482001,"Blastomere B"
"B2",0.495818851902327,"Blastomere B"
"B2",0.500998425023016,"Blastomere B"
"B2",0.499515085820289,"Blastomere B"
"B2",0.488916604208503,"Blastomere B"
"B2",0.511462568958046,"Blastomere B"
"B2",0.499007486989483,"Blastomere B"
"B2",0.488859044234351,"Blastomere B"
"B2",0.505953102126974,"Blastomere B"
"B2",0.494320194629356,"Blastomere B"
"B2",0.506101745793278,"Blastomere B"
"B2",0.50983825738471,"Blastomere B"
"B2",0.493910672596697,"Blastomere B"
"B2",0.498597164281578,"Blastomere B"
"B2",0.489802805397922,"Blastomere B"
"B2",0.50653533358394,"Blastomere B"
"B2",0.513838915369444,"Blastomere B"
"B2",0.496601878322044,"Blastomere B"
"B2",0.491570546934517,"Blastomere B"
"B2",0.491394340312779,"Blastomere B"
"B2",0.493292539213499,"Blastomere B"
"B2",0.505980061525473,"Blastomere B"
"B2",0.49911299517867,"Blastomere B"
"B2",0.48716784460993,"Blastomere B"
"B2",0.505974267483824,"Blastomere B"
"B2",0.493515281522954,"Blastomere B"
"B2",0.501511862084537,"Blastomere B"
"B2",0.497770527136696,"Blastomere B"
"B2",0.496687484225364,"Blastomere B"
"B2",0.501564303034887,"Blastomere B"
"B2",0.49672607431426,"Blastomere B"
"B2",0.50109822289737,"Blastomere B"
"B2",0.504538759278098,"Blastomere B"
"B2",0.497605939126544,"Blastomere B"
"B2",0.502710989588562,"Blastomere B"
"B2",0.506874471254906,"Blastomere B"
"B2",0.504688315934879,"Blastomere B"
"B2",0.505345542062941,"Blastomere B"
"B2",0.49261704289056,"Blastomere B"
"B2",0.496430811622165,"Blastomere B"
"B2",0.502772487921409,"Blastomere B"
"B2",0.490787390490428,"Blastomere B"
"B2",0.487689236078389,"Blastomere B"
"B2",0.505392111059926,"Blastomere B"
"B2",0.499233300075969,"Blastomere B"
"B2",0.499530130331819,"Blastomere B"
"B2",0.501357722590383,"Blastomere B"
"B2",0.491543416952469,"Blastomere B"
"B2",0.503488001528491,"Blastomere B"
"B2",0.498113319487062,"Blastomere B"
"B2",0.503203337738048,"Blastomere B"
"B2",0.497000265261856,"Blastomere B"
"B2",0.499696830957872,"Blastomere B"
"B2",0.500714608826442,"Blastomere B"
"B2",0.498925737071624,"Blastomere B"
"B2",0.509343165191695,"Blastomere B"
"B2",0.502410906634722,"Blastomere B"
"B2",0.492594338156568,"Blastomere B"
"B2",0.494624186391743,"Blastomere B"
"B2",0.488973571500078,"Blastomere B"
"B2",0.500946393885645,"Blastomere B"
"B2",0.498934393726877,"Blastomere B"
"B2",0.505797970944098,"Blastomere B"
"B2",0.492507014955849,"Blastomere B"
"B2",0.510366314108334,"Blastomere B"
"B2",0.501074971774484,"Blastomere B"
"B2",0.503226756138168,"Blastomere B"
"B2",0.498253088356473,"Blastomere B"
"B2",0.501447721668145,"Blastomere B"
"B2",0.48759539711163,"Blastomere B"
"B2",0.488819235068038,"Blastomere B"
"B2",0.499668175688584,"Blastomere B"
"B2",0.506609944278309,"Blastomere B"
"B2",0.492383989887667,"Blastomere B"
"B2",0.506246650171451,"Blastomere B"
"B2",0.504545975546221,"Blastomere B"
"B2",0.496491629234431,"Blastomere B"
"B2",0.493906183328632,"Blastomere B"
"B2",0.492083113121259,"Blastomere B"
"B2",0.486499657396399,"Blastomere B"
"B2",0.485387518778195,"Blastomere B"
"B2",0.501197368156118,"Blastomere B"
"B2",0.494875527641668,"Blastomere B"
"B2",0.497325846565164,"Blastomere B"
"B2",0.498774418573502,"Blastomere B"
"B2",0.501437632638139,"Blastomere B"
"B2",0.515436737986428,"Blastomere B"
"B2",0.496032240798372,"Blastomere B"
"B2",0.498441835318367,"Blastomere B"
"B2",0.495651599655511,"Blastomere B"
"B2",0.506734659969012,"Blastomere B"
"B2",0.496588760251059,"Blastomere B"
"B2",0.493348645312542,"Blastomere B"
"B2",0.497712011502605,"Blastomere B"
"B2",0.487164533048644,"Blastomere B"
"B2",0.490868315520526,"Blastomere B"
"B2",0.503897039942035,"Blastomere B"
"B2",0.497357895688868,"Blastomere B"
"B2",0.49793924061482,"Blastomere B"
"B2",0.494170352988469,"Blastomere B"
"B2",0.489864092233194,"Blastomere B"
"B2",0.506401872588154,"Blastomere B"
"B2",0.497997369540794,"Blastomere B"
"B2",0.489644564811037,"Blastomere B"
"B2",0.486358897329403,"Blastomere B"
"B2",0.499441257423323,"Blastomere B"
"B2",0.501325502405668,"Blastomere B"
"B2",0.501441708210314,"Blastomere B"
"B2",0.493938195712885,"Blastomere B"
"B2",0.505880069496418,"Blastomere B"
"B2",0.488477107439802,"Blastomere B"
"B2",0.488661054155979,"Blastomere B"
"B2",0.495992733535082,"Blastomere B"
"B2",0.497463598593216,"Blastomere B"
"B2",0.503755667506781,"Blastomere B"
"B2",0.508886123448064,"Blastomere B"
"B2",0.49612818953909,"Blastomere B"
"B2",0.493666906384522,"Blastomere B"
"B2",0.502035772260362,"Blastomere B"
"B2",0.503426317611463,"Blastomere B"
"B2",0.496360159977659,"Blastomere B"
"B2",0.497412320326238,"Blastomere B"
"B2",0.487296133725656,"Blastomere B"
"B2",0.498533468251342,"Blastomere B"
"B2",0.504995509417569,"Blastomere B"
"B2",0.501930320664033,"Blastomere B"
"B2",0.499182757096776,"Blastomere B"
"B2",0.502505245053788,"Blastomere B"
"B2",0.496658365955238,"Blastomere B"
"B2",0.507249096862348,"Blastomere B"
"B2",0.49103832269034,"Blastomere B"
"B2",0.499565226772575,"Blastomere B"
"B2",0.497944531442161,"Blastomere B"
"B2",0.497490662410457,"Blastomere B"
"B2",0.502327349682075,"Blastomere B"
"B2",0.50416374086949,"Blastomere B"
"B2",0.497152874487759,"Blastomere B"
"B2",0.501335200338238,"Blastomere B"
"B2",0.493983508577913,"Blastomere B"
"B2",0.500171929097862,"Blastomere B"
"B2",0.497781786093741,"Blastomere B"
"B2",0.49177129022923,"Blastomere B"
"B2",0.503460079171244,"Blastomere B"
"B2",0.482704841780594,"Blastomere B"
"B2",0.493996091007319,"Blastomere B"
"B2",0.491233258932644,"Blastomere B"
"B2",0.488305402448922,"Blastomere B"
"B2",0.500785438953416,"Blastomere B"
"B2",0.488087650454305,"Blastomere B"
"B2",0.50039644996227,"Blastomere B"
"B2",0.494227547317366,"Blastomere B"
"B2",0.494443170909623,"Blastomere B"
"B2",0.488596210313313,"Blastomere B"
"B2",0.495588511368103,"Blastomere B"
"B2",0.493025802472018,"Blastomere B"
"B2",0.489122879724591,"Blastomere B"
"B2",0.499972546582862,"Blastomere B"
"B2",0.506928475275124,"Blastomere B"
"B2",0.497894595279301,"Blastomere B"
"B2",0.500496981160131,"Blastomere B"
"B2",0.497487287138248,"Blastomere B"
"B2",0.50006775514605,"Blastomere B"
"B2",0.499398395315214,"Blastomere B"
"B2",0.504948601779579,"Blastomere B"
"B2",0.50281744001002,"Blastomere B"
"B2",0.504685045964044,"Blastomere B"
"B2",0.503239824065187,"Blastomere B"
"B2",0.49302114006483,"Blastomere B"
"B2",0.495526065728532,"Blastomere B"
"B2",0.492267292638539,"Blastomere B"
"B2",0.495435597615879,"Blastomere B"
"B2",0.504471582552454,"Blastomere B"
"B2",0.504581159494089,"Blastomere B"
"B2",0.504894240062772,"Blastomere B"
"B2",0.504006630432919,"Blastomere B"
"B2",0.488860863704061,"Blastomere B"
"B2",0.497012923712082,"Blastomere B"
"B2",0.486300067044879,"Blastomere B"
"B2",0.493423312803865,"Blastomere B"
"B2",0.49090616897349,"Blastomere B"
"B2",0.500217978520948,"Blastomere B"
"B2",0.488098291880401,"Blastomere B"
"B2",0.503916455753462,"Blastomere B"
"B2",0.500811319502309,"Blastomere B"
"B2",0.504241534561272,"Blastomere B"
"B2",0.490030754005945,"Blastomere B"
"B2",0.505158278867306,"Blastomere B"
"B2",0.498371773076564,"Blastomere B"
"B2",0.50364670008196,"Blastomere B"
"B2",0.498695192416958,"Blastomere B"
"B2",0.498802628878906,"Blastomere B"
"B2",0.48961040671032,"Blastomere B"
"B2",0.506980130213151,"Blastomere B"
"B2",0.48749995509028,"Blastomere B"
"B2",0.491827483952001,"Blastomere B"
"B2",0.495847510557563,"Blastomere B"
"B2",0.508919470856312,"Blastomere B"
"B2",0.491740965457806,"Blastomere B"
"B2",0.504591964696178,"Blastomere B"
"B2",0.497179611509956,"Blastomere B"
"B2",0.503147829195214,"Blastomere B"
"B2",0.50068505032767,"Blastomere B"
"B2",0.496351776570491,"Blastomere B"
"B2",0.511211329345493,"Blastomere B"
"B2",0.493505577450967,"Blastomere B"
"B2",0.498845237950552,"Blastomere B"
"B2",0.492797963355167,"Blastomere B"
"B2",0.491907687864153,"Blastomere B"
"B2",0.503571461709827,"Blastomere B"
"B2",0.49313908276869,"Blastomere B"
"B2",0.498440419223505,"Blastomere B"
"B2",0.498415148169992,"Blastomere B"
"B2",0.504602044582218,"Blastomere B"
"B2",0.492449508122174,"Blastomere B"
"B2",0.494771012796759,"Blastomere B"
"B2",0.505297445256747,"Blastomere B"
"B2",0.491045931436103,"Blastomere B"
"B2",0.496888944489639,"Blastomere B"
"B2",0.492188050332938,"Blastomere B"
"B2",0.507056505471091,"Blastomere B"
"B2",0.497244753813119,"Blastomere B"
"B2",0.501610061629149,"Blastomere B"
"B2",0.491280302403125,"Blastomere B"
"B2",0.499762612481933,"Blastomere B"
"B2",0.500812062120522,"Blastomere B"
"B2",0.494064490544472,"Blastomere B"
"B2",0.498735414991538,"Blastomere B"
"B2",0.500185367953648,"Blastomere B"
"B2",0.488826820156731,"Blastomere B"
"B2",0.495033906184056,"Blastomere B"
"B2",0.502195788510271,"Blastomere B"
"B2",0.487310091869237,"Blastomere B"
"B2",0.509706851562085,"Blastomere B"
"B2",0.503376113595664,"Blastomere B"
"B2",0.497833335106675,"Blastomere B"
"B2",0.506459518679883,"Blastomere B"
"B2",0.502045249606896,"Blastomere B"
"B2",0.486342985184244,"Blastomere B"
"B2",0.494805484745754,"Blastomere B"
"B2",0.502205659383056,"Blastomere B"
"B2",0.494575609653522,"Blastomere B"
"B2",0.491314525522448,"Blastomere B"
"B2",0.510861022042292,"Blastomere B"
"B2",0.504053440876691,"Blastomere B"
"B2",0.481304311265308,"Blastomere B"
"B2",0.49015454745487,"Blastomere B"
"B2",0.498793571274951,"Blastomere B"
"B2",0.500626185436205,"Blastomere B"
"B2",0.491463534519862,"Blastomere B"
"B2",0.497151327065844,"Blastomere B"
"B2",0.499910586810533,"Blastomere B"
"B2",0.505668692791113,"Blastomere B"
"B2",0.503837722658146,"Blastomere B"
"B2",0.490663378845519,"Blastomere B"
"B2",0.499563794498489,"Blastomere B"
"B2",0.50336340146446,"Blastomere B"
"B2",0.493848773464897,"Blastomere B"
"B2",0.498871715969835,"Blastomere B"
"B2",0.49681421212955,"Blastomere B"
"B2",0.481269192010284,"Blastomere B"
"B2",0.491585177587621,"Blastomere B"
"B2",0.491231697907895,"Blastomere B"
"B2",0.494469751870022,"Blastomere B"
"B2",0.496713613021361,"Blastomere B"
"B2",0.48996354619708,"Blastomere B"
"B2",0.496051524263414,"Blastomere B"
"B2",0.494884038731702,"Blastomere B"
"B2",0.498680601336575,"Blastomere B"
"B2",0.497035045919855,"Blastomere B"
"B2",0.498587645806131,"Blastomere B"
"B2",0.494555253635718,"Blastomere B"
"B2",0.500783666281495,"Blastomere B"
"B2",0.505309433724345,"Blastomere B"
"B2",0.501085512921392,"Blastomere B"
"B2",0.496274250590384,"Blastomere B"
"B2",0.491911816587553,"Blastomere B"
"B2",0.498645589731694,"Blastomere B"
"B2",0.50834449758091,"Blastomere B"
"B2",0.501906892656137,"Blastomere B"
"B2",0.509226141942663,"Blastomere B"
"B2",0.486649136398604,"Blastomere B"
"B2",0.502180422344583,"Blastomere B"
"B2",0.486701459642986,"Blastomere B"
"B2",0.490163947091328,"Blastomere B"
"B2",0.500065776026165,"Blastomere B"
"B2",0.498022374637119,"Blastomere B"
"B2",0.489213170600061,"Blastomere B"
"B2",0.497070306819579,"Blastomere B"
"B2",0.504736643807826,"Blastomere B"
"B2",0.499281219420377,"Blastomere B"
"B2",0.497062149175572,"Blastomere B"
"B2",0.494710582878078,"Blastomere B"
"B2",0.509184410801557,"Blastomere B"
"B2",0.491788754466534,"Blastomere B"
"B2",0.487837900736344,"Blastomere B"
"B2",0.49460255865055,"Blastomere B"
"B2",0.488246734735324,"Blastomere B"
"B2",0.491568727733983,"Blastomere B"
"B2",0.504228871502723,"Blastomere B"
"B2",0.498684163665604,"Blastomere B"
"B2",0.496748803581105,"Blastomere B"
"B2",0.507003737428153,"Blastomere B"
"B2",0.494070626403606,"Blastomere B"
"B2",0.506174204082315,"Blastomere B"
"B2",0.489309905371765,"Blastomere B"
"B2",0.494650321991243,"Blastomere B"
"B2",0.497804512690945,"Blastomere B"
"B2",0.493582704196821,"Blastomere B"
"B2",0.487060257111131,"Blastomere B"
"B2",0.502505977260486,"Blastomere B"
"B2",0.494051635997531,"Blastomere B"
"B2",0.501455548517072,"Blastomere B"
"B2",0.490171375120813,"Blastomere B"
"B2",0.500812436441494,"Blastomere B"
"B2",0.489722239476169,"Blastomere B"
"B2",0.502160312687375,"Blastomere B"
"B2",0.499218109950906,"Blastomere B"
"B2",0.49846406835691,"Blastomere B"
"B2",0.501279791502919,"Blastomere B"
"B2",0.491261262157554,"Blastomere B"
"B2",0.491581206466412,"Blastomere B"
"B2",0.500210958099109,"Blastomere B"
"B2",0.484625862892085,"Blastomere B"
"B2",0.495258812723679,"Blastomere B"
"B2",0.489418827051465,"Blastomere B"
"B2",0.496254384913087,"Blastomere B"
"B2",0.495730893702239,"Blastomere B"
"B2",0.502310910403447,"Blastomere B"
"B2",0.494902089615361,"Blastomere B"
"B2",0.49285173022388,"Blastomere B"
"B2",0.492907828818077,"Blastomere B"
"B2",0.503821463854064,"Blastomere B"
"B2",0.491301054605668,"Blastomere B"
"B2",0.484631908030397,"Blastomere B"
"B2",0.491621837812771,"Blastomere B"
"B2",0.495271296965721,"Blastomere B"
"B2",0.499976346078721,"Blastomere B"
"B2",0.50610814108782,"Blastomere B"
"B2",0.49693991194707,"Blastomere B"
"B2",0.483686758969285,"Blastomere B"
"B2",0.491922114654664,"Blastomere B"
"B2",0.502584078596996,"Blastomere B"
"B2",0.47974345817641,"Blastomere B"
"B2",0.505207285274607,"Blastomere B"
"B2",0.48940987115377,"Blastomere B"
"B2",0.494556723422405,"Blastomere B"
"B2",0.500161602386614,"Blastomere B"
"B2",0.499521295672099,"Blastomere B"
"B2",0.503585331370964,"Blastomere B"
"B2",0.507633982879532,"Blastomere B"
"B2",0.497681235688872,"Blastomere B"
"B2",0.497915407655417,"Blastomere B"
"B2",0.494610474441263,"Blastomere B"
"B2",0.500828608574486,"Blastomere B"
"B2",0.499371746570773,"Blastomere B"
"B2",0.491378062247056,"Blastomere B"
"B2",0.50730149160876,"Blastomere B"
"B2",0.50437548585329,"Blastomere B"
"B2",0.499210857772217,"Blastomere B"
"B2",0.500554267693133,"Blastomere B"
"B2",0.496984839032234,"Blastomere B"
"B2",0.501774954972857,"Blastomere B"
"B2",0.492430362214069,"Blastomere B"
"B2",0.501489126239197,"Blastomere B"
"B2",0.496891893629107,"Blastomere B"
"B2",0.499436942900269,"Blastomere B"
"B2",0.491190653302009,"Blastomere B"
"B2",0.495223110253879,"Blastomere B"
"B2",0.497235228006809,"Blastomere B"
"B2",0.504767240105402,"Blastomere B"
"B2",0.500674923962714,"Blastomere B"
"B2",0.503459774120995,"Blastomere B"
"B2",0.508525195792565,"Blastomere B"
"B2",0.490946565191996,"Blastomere B"
"B2",0.497154421706002,"Blastomere B"
"B2",0.511216981633374,"Blastomere B"
"B2",0.503702300359828,"Blastomere B"
"B2",0.500598910379467,"Blastomere B"
"B2",0.493388839926119,"Blastomere B"
"B2",0.493970049746587,"Blastomere B"
"B2",0.501805973759574,"Blastomere B"
"B2",0.490622911542927,"Blastomere B"
"B2",0.495248702732786,"Blastomere B"
"B2",0.492782526197965,"Blastomere B"
"B2",0.493940432030245,"Blastomere B"
"B2",0.502758907476427,"Blastomere B"
"B2",0.493891346970747,"Blastomere B"
"B2",0.499298308686313,"Blastomere B"
"B2",0.487931050845045,"Blastomere B"
"B2",0.492523414513248,"Blastomere B"
"B2",0.49047770341728,"Blastomere B"
"B2",0.491378462026369,"Blastomere B"
"B2",0.496275872330951,"Blastomere B"
"B2",0.495196890530269,"Blastomere B"
"B2",0.496794074892502,"Blastomere B"
"B2",0.494765462135049,"Blastomere B"
"B2",0.496134406860598,"Blastomere B"
"B2",0.50145783981817,"Blastomere B"
"B2",0.507009595698203,"Blastomere B"
"B2",0.493077285589223,"Blastomere B"
"B2",0.498049511802136,"Blastomere B"
"B2",0.501838834697879,"Blastomere B"
"B2",0.500767569993882,"Blastomere B"
"B2",0.495833851732371,"Blastomere B"
"B2",0.504989296823493,"Blastomere B"
"B2",0.492483546767676,"Blastomere B"
"B2",0.496574276465736,"Blastomere B"
"B2",0.498597013001317,"Blastomere B"
"B2",0.506345047174717,"Blastomere B"
"B2",0.497565562733057,"Blastomere B"
"B2",0.491407731549339,"Blastomere B"
"B2",0.492839882330432,"Blastomere B"
"B2",0.503982899391625,"Blastomere B"
"B2",0.493876218441061,"Blastomere B"
"B2",0.494801791681868,"Blastomere B"
"B2",0.505330184750122,"Blastomere B"
"B2",0.502224879503594,"Blastomere B"
"B2",0.49542225814147,"Blastomere B"
"B2",0.492707324863412,"Blastomere B"
"B2",0.502829213888535,"Blastomere B"
"B2",0.493759746557713,"Blastomere B"
"B2",0.494713779698189,"Blastomere B"
"B2",0.508790297310877,"Blastomere B"
"B2",0.497037242415381,"Blastomere B"
"B2",0.510271981720991,"Blastomere B"
"B2",0.50260932261108,"Blastomere B"
"B2",0.499966948881389,"Blastomere B"
"B2",0.494217311980182,"Blastomere B"
"B2",0.498940212521346,"Blastomere B"
"B2",0.497988567552609,"Blastomere B"
"B2",0.497122355513326,"Blastomere B"
"B2",0.499761457590326,"Blastomere B"
"B2",0.495253920844656,"Blastomere B"
"B2",0.508531511716042,"Blastomere B"
"B2",0.489542818482147,"Blastomere B"
"B2",0.506109622605067,"Blastomere B"
"B2",0.506910397600254,"Blastomere B"
"B2",0.490207837294084,"Blastomere B"
"B2",0.500139892650006,"Blastomere B"
"B2",0.480749480933094,"Blastomere B"
"B2",0.494513383825402,"Blastomere B"
"B2",0.495566497673957,"Blastomere B"
"B2",0.491537267442646,"Blastomere B"
"B2",0.4955073524856,"Blastomere B"
"B2",0.492900750018253,"Blastomere B"
"B2",0.491569066618703,"Blastomere B"
"B2",0.506265875626267,"Blastomere B"
"B2",0.507134596150749,"Blastomere B"
"B2",0.500807937997538,"Blastomere B"
"B2",0.504809541155534,"Blastomere B"
"B2",0.488977917061672,"Blastomere B"
"B2",0.490709734448119,"Blastomere B"
"B2",0.492454012903827,"Blastomere B"
"B2",0.507681636061962,"Blastomere B"
"B2",0.488303359123915,"Blastomere B"
"B2",0.498125412748556,"Blastomere B"
"B2",0.499485998416371,"Blastomere B"
"B2",0.499638523214014,"Blastomere B"
"B2",0.489116725727751,"Blastomere B"
"B2",0.502591288168214,"Blastomere B"
"B2",0.499638740420082,"Blastomere B"
"B2",0.487087669166331,"Blastomere B"
"B2",0.493067302307795,"Blastomere B"
"B2",0.502138642309073,"Blastomere B"
"B2",0.492046209353807,"Blastomere B"
"B2",0.498876208102221,"Blastomere B"
"B2",0.509992790155859,"Blastomere B"
"B2",0.500527120526272,"Blastomere B"
"B2",0.491242848253157,"Blastomere B"
"B2",0.502129448289619,"Blastomere B"
"B2",0.488308911494581,"Blastomere B"
"B2",0.496293158376699,"Blastomere B"
"B2",0.494675265005749,"Blastomere B"
"B2",0.50611262806992,"Blastomere B"
"B2",0.497367187381748,"Blastomere B"
"B2",0.506609891985297,"Blastomere B"
"B2",0.486365802115544,"Blastomere B"
"B2",0.499906654641343,"Blastomere B"
"B2",0.506981806319363,"Blastomere B"
"B2",0.494152749371798,"Blastomere B"
"B2",0.492486625439323,"Blastomere B"
"B2",0.502591122547196,"Blastomere B"
"B2",0.49919500344769,"Blastomere B"
"B2",0.505942890966947,"Blastomere B"
"B2",0.500405773983533,"Blastomere B"
"B2",0.500445444779435,"Blastomere B"
"B2",0.493094269265842,"Blastomere B"
"B2",0.49245031713713,"Blastomere B"
"B2",0.499430353051325,"Blastomere B"
"B2",0.485502727268301,"Blastomere B"
"B2",0.504522642028184,"Blastomere B"
"B2",0.505877549995219,"Blastomere B"
"B2",0.497791872925075,"Blastomere B"
"B2",0.497556954483617,"Blastomere B"
"B2",0.495776152462128,"Blastomere B"
"B2",0.478768452055234,"Blastomere B"
"B2",0.483223139227725,"Blastomere B"
"B2",0.507703355020702,"Blastomere B"
"B2",0.507680507728402,"Blastomere B"
"B2",0.514238921190611,"Blastomere B"
"B2",0.50482119510787,"Blastomere B"
"B2",0.502082351100971,"Blastomere B"
"B2",0.497092704991428,"Blastomere B"
"B2",0.512296862420644,"Blastomere B"
"B2",0.507376495128456,"Blastomere B"
"B2",0.494264741547859,"Blastomere B"
"B2",0.510449987480557,"Blastomere B"
"B2",0.508194904495037,"Blastomere B"
"B2",0.508102290383627,"Blastomere B"
"B2",0.507018330811776,"Blastomere B"
"B2",0.496717280911434,"Blastomere B"
"B2",0.496510015478262,"Blastomere B"
"B2",0.49559887634561,"Blastomere B"
"B2",0.498505567000911,"Blastomere B"
"B2",0.496951677535355,"Blastomere B"
"B2",0.492977649869627,"Blastomere B"
"B2",0.492521347316812,"Blastomere B"
"B2",0.482549565695508,"Blastomere B"
"B2",0.48627014459792,"Blastomere B"
"B2",0.496889212785223,"Blastomere B"
"B2",0.497164201743635,"Blastomere B"
"B2",0.501274451560153,"Blastomere B"
"B2",0.489953465621547,"Blastomere B"
"B2",0.493388769176944,"Blastomere B"
"B2",0.50478370960833,"Blastomere B"
"B2",0.510975307022901,"Blastomere B"
"B2",0.489040367702979,"Blastomere B"
"B2",0.498481328770062,"Blastomere B"
"B2",0.49332178964407,"Blastomere B"
"B2",0.495511743035872,"Blastomere B"
"B2",0.500849644432139,"Blastomere B"
"B2",0.502508936882677,"Blastomere B"
"B2",0.498154087900518,"Blastomere B"
"B2",0.493833165054983,"Blastomere B"
"B2",0.494436949782728,"Blastomere B"
"B2",0.497686516586654,"Blastomere B"
"B2",0.505738541730835,"Blastomere B"
"B2",0.500257244139478,"Blastomere B"
"B2",0.504055035532975,"Blastomere B"
"B2",0.496192502948454,"Blastomere B"
"B2",0.503691625646349,"Blastomere B"
"B2",0.505793885531658,"Blastomere B"
"B2",0.488000778648288,"Blastomere B"
"B2",0.499001984368947,"Blastomere B"
"B2",0.494439653439691,"Blastomere B"
"B2",0.485013044725191,"Blastomere B"
"B2",0.499398621292221,"Blastomere B"
"B2",0.500542481786848,"Blastomere B"
"B2",0.506400826466729,"Blastomere B"
"B2",0.492307287179936,"Blastomere B"
"B2",0.496116102306284,"Blastomere B"
"B2",0.490372780165712,"Blastomere B"
"B2",0.504685340472877,"Blastomere B"
"B2",0.505437772796056,"Blastomere B"
"B2",0.503602755293341,"Blastomere B"
"B2",0.491026424462055,"Blastomere B"
"B2",0.501049102612809,"Blastomere B"
"B2",0.496247551080543,"Blastomere B"
"B2",0.504459113581391,"Blastomere B"
"B2",0.504699997213165,"Blastomere B"
"B2",0.501571777225622,"Blastomere B"
"B2",0.492257084108139,"Blastomere B"
"B2",0.504597994286536,"Blastomere B"
"B2",0.487917172258096,"Blastomere B"
"B2",0.498622902330839,"Blastomere B"
"B2",0.517812888045919,"Blastomere B"
"B2",0.496821308921878,"Blastomere B"
"B2",0.484047897614801,"Blastomere B"
"B2",0.488618505558846,"Blastomere B"
"B2",0.496325263196744,"Blastomere B"
"B2",0.50651107549441,"Blastomere B"
"B2",0.506135245579699,"Blastomere B"
"B2",0.500475846093855,"Blastomere B"
"B2",0.494340898730528,"Blastomere B"
"B2",0.501896855296373,"Blastomere B"
"B2",0.49809900720234,"Blastomere B"
"B2",0.497095667197752,"Blastomere B"
"B2",0.496342902828514,"Blastomere B"
"B2",0.489054013881057,"Blastomere B"
"B2",0.493202559061826,"Blastomere B"
"B2",0.499222569465485,"Blastomere B"
"B2",0.507604901052747,"Blastomere B"
"B2",0.483892157639607,"Blastomere B"
"B2",0.498524128324821,"Blastomere B"
"B2",0.490496068544006,"Blastomere B"
"B2",0.498816870988589,"Blastomere B"
"B2",0.491080237721719,"Blastomere B"
"B2",0.491953239310151,"Blastomere B"
"B2",0.496611656025621,"Blastomere B"
"B2",0.49425340106075,"Blastomere B"
"B2",0.491508032462997,"Blastomere B"
"B2",0.489850852712886,"Blastomere B"
"B2",0.488788476099394,"Blastomere B"
"B2",0.488288903199827,"Blastomere B"
"B2",0.502105090363778,"Blastomere B"
"B2",0.491410467471327,"Blastomere B"
"B2",0.500220699180392,"Blastomere B"
"B2",0.491462099721633,"Blastomere B"
"B2",0.489400008702623,"Blastomere B"
"B2",0.501547281812045,"Blastomere B"
"B2",0.497415943009086,"Blastomere B"
"B2",0.508422490653049,"Blastomere B"
"B2",0.502613303513284,"Blastomere B"
"B2",0.509144432116735,"Blastomere B"
"B2",0.497379725297586,"Blastomere B"
"B2",0.497938357147714,"Blastomere B"
"B2",0.489808588154301,"Blastomere B"
"B2",0.510751229787261,"Blastomere B"
"B2",0.4930850213046,"Blastomere B"
"B2",0.510665993673118,"Blastomere B"
"B2",0.498896276564198,"Blastomere B"
"B2",0.480875739577445,"Blastomere B"
"B2",0.496369584832002,"Blastomere B"
"B2",0.498443513670584,"Blastomere B"
"B2",0.497787833350338,"Blastomere B"
"B2",0.501361744702712,"Blastomere B"
"B2",0.506662586487566,"Blastomere B"
"B2",0.497681826007,"Blastomere B"
"B2",0.499810495583337,"Blastomere B"
"B2",0.498056358855353,"Blastomere B"
"B2",0.497939019551256,"Blastomere B"
"B2",0.506684467881615,"Blastomere B"
"B2",0.497472526837527,"Blastomere B"
"B2",0.497272083560675,"Blastomere B"
"B2",0.499487949195986,"Blastomere B"
"B2",0.496249635476288,"Blastomere B"
"B2",0.501252434591938,"Blastomere B"
"B2",0.508974905861281,"Blastomere B"
"B2",0.490194123485172,"Blastomere B"
"B2",0.502199023281679,"Blastomere B"
"B2",0.498482642210996,"Blastomere B"
"B2",0.500390510306405,"Blastomere B"
"B2",0.492149176849579,"Blastomere B"
"B2",0.509328453905741,"Blastomere B"
"B2",0.482932749898808,"Blastomere B"
"B2",0.48489497266066,"Blastomere B"
"B2",0.498505220898435,"Blastomere B"
"B2",0.491747744901203,"Blastomere B"
"B2",0.487733691945523,"Blastomere B"
"B2",0.490952626919021,"Blastomere B"
"B2",0.501932622744986,"Blastomere B"
"B2",0.497881586479319,"Blastomere B"
"B2",0.503710213844802,"Blastomere B"
"B2",0.491201647399713,"Blastomere B"
"B2",0.487981374103342,"Blastomere B"
"B2",0.495501426498725,"Blastomere B"
"B2",0.501816277165994,"Blastomere B"
"B2",0.499998953270765,"Blastomere B"
"B2",0.487334212167503,"Blastomere B"
"B2",0.49808845880213,"Blastomere B"
"B2",0.492875848451981,"Blastomere B"
"B2",0.485645652371107,"Blastomere B"
"B2",0.498149962523985,"Blastomere B"
"B2",0.495784462723878,"Blastomere B"
"B2",0.501794662573771,"Blastomere B"
"B2",0.510151547696757,"Blastomere B"
"B2",0.502617409982083,"Blastomere B"
"B2",0.495082139234702,"Blastomere B"
"B2",0.491291007448544,"Blastomere B"
"B2",0.502003722391397,"Blastomere B"
"B2",0.495139943359947,"Blastomere B"
"B2",0.504291834396009,"Blastomere B"
"B2",0.495582210332581,"Blastomere B"
"B2",0.504142116735783,"Blastomere B"
"B2",0.493318508611778,"Blastomere B"
"B2",0.493516301828658,"Blastomere B"
"B2",0.503256148604405,"Blastomere B"
"B2",0.473811550004253,"Blastomere B"
"B2",0.492581950938151,"Blastomere B"
"B2",0.498767409057638,"Blastomere B"
"B2",0.496233834982469,"Blastomere B"
"B2",0.492830464826301,"Blastomere B"
"B2",0.488022892922183,"Blastomere B"
"B2",0.489207920013023,"Blastomere B"
"B2",0.496777958745902,"Blastomere B"
"B2",0.500329397604562,"Blastomere B"
"B2",0.495346834154542,"Blastomere B"
"B2",0.497159506868073,"Blastomere B"
"B2",0.498479837394455,"Blastomere B"
"B2",0.501858719455309,"Blastomere B"
"B2",0.493737144330711,"Blastomere B"
"B2",0.496822303970341,"Blastomere B"
"B2",0.49864117965854,"Blastomere B"
"B2",0.500659090519507,"Blastomere B"
"B2",0.501992646599534,"Blastomere B"
"B2",0.494841785571078,"Blastomere B"
"B2",0.500552062438072,"Blastomere B"
"B2",0.501983241517505,"Blastomere B"
"B2",0.500585490610594,"Blastomere B"
"B2",0.491356891794944,"Blastomere B"
"B2",0.490050174779157,"Blastomere B"
"B2",0.490551084189885,"Blastomere B"
"B2",0.509861912349567,"Blastomere B"
"B2",0.497135463007376,"Blastomere B"
"B2",0.501544568255927,"Blastomere B"
"B2",0.498748976605588,"Blastomere B"
"B2",0.494025250065624,"Blastomere B"
"B2",0.488757014014948,"Blastomere B"
"B2",0.502306925966058,"Blastomere B"
"B2",0.497901949576471,"Blastomere B"
"B2",0.517550659021525,"Blastomere B"
"B2",0.493613599691815,"Blastomere B"
"B2",0.491322835735625,"Blastomere B"
"B2",0.486259244447812,"Blastomere B"
"B2",0.497663560097868,"Blastomere B"
"B2",0.489839400769981,"Blastomere B"
"B2",0.500694762994008,"Blastomere B"
"B2",0.496124876916277,"Blastomere B"
"B2",0.489905317018711,"Blastomere B"
"B2",0.502630970676666,"Blastomere B"
"B2",0.484238208752044,"Blastomere B"
"B2",0.483006044331297,"Blastomere B"
"B2",0.493452134388453,"Blastomere B"
"B2",0.494670094664816,"Blastomere B"
"B2",0.498675238133518,"Blastomere B"
"B2",0.504143447510272,"Blastomere B"
"B2",0.49304243183278,"Blastomere B"
"B2",0.485624026030374,"Blastomere B"
"B2",0.50279406646769,"Blastomere B"
"B2",0.499848910742921,"Blastomere B"
"B2",0.502443183719339,"Blastomere B"
"B2",0.499385759086562,"Blastomere B"
"B2",0.500838115671165,"Blastomere B"
"B2",0.509203285956658,"Blastomere B"
"B2",0.499829337516621,"Blastomere B"
"B2",0.503393774062183,"Blastomere B"
"B2",0.495197045848257,"Blastomere B"
"B2",0.499427072226085,"Blastomere B"
"B2",0.503712869487975,"Blastomere B"
"B2",0.49826514178825,"Blastomere B"
"B2",0.505261422437377,"Blastomere B"
"B2",0.489329978277256,"Blastomere B"
"B2",0.497396126349593,"Blastomere B"
"B2",0.497305368889167,"Blastomere B"
"B2",0.498373628682333,"Blastomere B"
"B2",0.503008939148954,"Blastomere B"
"B2",0.508900872516715,"Blastomere B"
"B2",0.502311406510211,"Blastomere B"
"B2",0.487916728636906,"Blastomere B"
"B2",0.508668848334338,"Blastomere B"
"B2",0.50601611231794,"Blastomere B"
"B2",0.491483477314398,"Blastomere B"
"B2",0.498372253713084,"Blastomere B"
"B2",0.506063636138242,"Blastomere B"
"B2",0.507912362857026,"Blastomere B"
"B2",0.499521060919428,"Blastomere B"
"B2",0.499744675631643,"Blastomere B"
"B2",0.498893731393661,"Blastomere B"
"B2",0.501861922323391,"Blastomere B"
"B2",0.492019578360021,"Blastomere B"
"B2",0.507897372970156,"Blastomere B"
"B2",0.505910777025148,"Blastomere B"
"B2",0.484559723937958,"Blastomere B"
"B2",0.507368592042274,"Blastomere B"
"B2",0.501113854850441,"Blastomere B"
"B2",0.4934133593736,"Blastomere B"
"B2",0.509157254558617,"Blastomere B"
"B2",0.506857387903131,"Blastomere B"
"B2",0.494621426665527,"Blastomere B"
"B2",0.498982540412063,"Blastomere B"
"B2",0.496236240912375,"Blastomere B"
"B2",0.497244745211256,"Blastomere B"
"B2",0.489186984209519,"Blastomere B"
"B2",0.49574449848371,"Blastomere B"
"B2",0.49732962676166,"Blastomere B"
"B2",0.500554330702816,"Blastomere B"
"B2",0.494754583131298,"Blastomere B"
"B2",0.49691612068787,"Blastomere B"
"B2",0.494589946995405,"Blastomere B"
"B2",0.497499373288262,"Blastomere B"
"B2",0.513981748206888,"Blastomere B"
"B2",0.498170010097674,"Blastomere B"
"B2",0.496393373587969,"Blastomere B"
"B2",0.496516903870374,"Blastomere B"
"B2",0.501807748944793,"Blastomere B"
"B2",0.499034963965557,"Blastomere B"
"B2",0.503868375772179,"Blastomere B"
"B2",0.51249946843582,"Blastomere B"
"B2",0.500287918753106,"Blastomere B"
"B2",0.492148669399223,"Blastomere B"
"B2",0.488399240569798,"Blastomere B"
"B2",0.506323098958918,"Blastomere B"
"B2",0.506244797330836,"Blastomere B"
"B2",0.491252070636874,"Blastomere B"
"B2",0.500424774033365,"Blastomere B"
"B2",0.501546982247044,"Blastomere B"
"B2",0.495630556995359,"Blastomere B"
"B2",0.496529787034622,"Blastomere B"
"B2",0.49523713395951,"Blastomere B"
"B2",0.49496086368897,"Blastomere B"
"B2",0.492973156280048,"Blastomere B"
"B2",0.511683287711006,"Blastomere B"
"B2",0.494413366260934,"Blastomere B"
"B2",0.492154356189271,"Blastomere B"
"B2",0.508827125718659,"Blastomere B"
"B2",0.506647824180987,"Blastomere B"
"B2",0.50994381399242,"Blastomere B"
"B2",0.500578870915848,"Blastomere B"
"B2",0.496163598529098,"Blastomere B"
"B2",0.490176293656396,"Blastomere B"
"B2",0.50502656503084,"Blastomere B"
"B2",0.492559211201076,"Blastomere B"
"B2",0.489574674881231,"Blastomere B"
"B2",0.504259072405336,"Blastomere B"
"B2",0.506628340288164,"Blastomere B"
"B2",0.500738509072575,"Blastomere B"
"B2",0.501398611483884,"Blastomere B"
"B2",0.503387580806757,"Blastomere B"
"B2",0.502405915454385,"Blastomere B"
"B2",0.490459000933779,"Blastomere B"
"B2",0.501401632628465,"Blastomere B"
"B2",0.496738663098935,"Blastomere B"
"B2",0.504804563676435,"Blastomere B"
"B2",0.493166183799497,"Blastomere B"
"B2",0.506989712234125,"Blastomere B"
"B2",0.498783731613709,"Blastomere B"
"B2",0.500226699817618,"Blastomere B"
"B2",0.494768722033949,"Blastomere B"
"B2",0.49431524863229,"Blastomere B"
"B2",0.505854146412224,"Blastomere B"
"B2",0.503000444210906,"Blastomere B"
"B2",0.497410482160246,"Blastomere B"
"B2",0.503903324303303,"Blastomere B"
"B2",0.495605207810327,"Blastomere B"
"B2",0.493655617228918,"Blastomere B"
"B2",0.500607434473029,"Blastomere B"
"B2",0.495159227703346,"Blastomere B"
"B2",0.502179822598717,"Blastomere B"
"B2",0.509791387181398,"Blastomere B"
"B2",0.477763710013417,"Blastomere B"
"B2",0.48806699578553,"Blastomere B"
"B2",0.497911623446445,"Blastomere B"
"B2",0.501926570483201,"Blastomere B"
"B2",0.499777910578725,"Blastomere B"
"B2",0.49431649809007,"Blastomere B"
"B2",0.497042884204585,"Blastomere B"
"B2",0.50436579089765,"Blastomere B"
"B2",0.502219463779482,"Blastomere B"
"B2",0.499216845305258,"Blastomere B"
"B2",0.49484751444122,"Blastomere B"
"B2",0.504004641432775,"Blastomere B"
"B2",0.484987623326218,"Blastomere B"
"B2",0.497809514665404,"Blastomere B"
"B2",0.4956826199962,"Blastomere B"
"B2",0.499986364512936,"Blastomere B"
"B2",0.505254862462041,"Blastomere B"
"B2",0.495914657901423,"Blastomere B"
"B2",0.507003412199965,"Blastomere B"
"B2",0.479320851612128,"Blastomere B"
"B2",0.493752567493417,"Blastomere B"
"B2",0.501814301113546,"Blastomere B"
"B2",0.513448352246406,"Blastomere B"
"B2",0.501927844892885,"Blastomere B"
"B2",0.502231828687968,"Blastomere B"
"B2",0.497920122165894,"Blastomere B"
"B2",0.492162721640856,"Blastomere B"
"B2",0.502588028585842,"Blastomere B"
"B2",0.49498794083566,"Blastomere B"
"B2",0.487680130196144,"Blastomere B"
"B2",0.496570060203899,"Blastomere B"
"B2",0.499432959676551,"Blastomere B"
"B2",0.487954951110942,"Blastomere B"
"B2",0.50888426512248,"Blastomere B"
"B2",0.503388708392037,"Blastomere B"
"B2",0.49172144097727,"Blastomere B"
"B2",0.498367715555656,"Blastomere B"
"B2",0.501710658906194,"Blastomere B"
"B2",0.491019979205387,"Blastomere B"
"B2",0.496647145414903,"Blastomere B"
"B2",0.49779768087809,"Blastomere B"
"B2",0.488978321446404,"Blastomere B"
"B2",0.489672551979836,"Blastomere B"
"B2",0.487377231188771,"Blastomere B"
"B2",0.498804512738731,"Blastomere B"
"B2",0.491365790000677,"Blastomere B"
"B2",0.499882382061606,"Blastomere B"
"B2",0.492923323794772,"Blastomere B"
"B2",0.499915543066156,"Blastomere B"
"B2",0.489815326957793,"Blastomere B"
"B2",0.489353806941091,"Blastomere B"
"B2",0.501896254750377,"Blastomere B"
"B2",0.50268585705863,"Blastomere B"
"B2",0.495945433554317,"Blastomere B"
"B2",0.500418674499089,"Blastomere B"
"B2",0.501831824710719,"Blastomere B"
"B2",0.496816540861342,"Blastomere B"
"B2",0.498049279889064,"Blastomere B"
"B2",0.511676706218187,"Blastomere B"
"B2",0.499954282338819,"Blastomere B"
"B2",0.497411236411083,"Blastomere B"
"B2",0.508495301857749,"Blastomere B"
"B2",0.494487355634143,"Blastomere B"
"B2",0.507789459185395,"Blastomere B"
"B2",0.487686642434954,"Blastomere B"
"B2",0.487684751795847,"Blastomere B"
"B2",0.501942531542428,"Blastomere B"
"B2",0.488971177693561,"Blastomere B"
"B2",0.482864153481054,"Blastomere B"
"B2",0.519587582685364,"Blastomere B"
"B2",0.489830954109162,"Blastomere B"
"B2",0.489783227860028,"Blastomere B"
"B2",0.506025293976326,"Blastomere B"
"B2",0.494105086697573,"Blastomere B"
"B2",0.489184960634581,"Blastomere B"
"B2",0.49780432677249,"Blastomere B"
"B2",0.509685353942432,"Blastomere B"
"B2",0.503573384159571,"Blastomere B"
"B2",0.493274632716548,"Blastomere B"
"B2",0.499723333899411,"Blastomere B"
"B2",0.487813464355008,"Blastomere B"
"B2",0.489757022661734,"Blastomere B"
"B2",0.489602620005099,"Blastomere B"
"B2",0.496232703711829,"Blastomere B"
"B2",0.496856298391323,"Blastomere B"
"B2",0.51262840337009,"Blastomere B"
"B2",0.496805522722521,"Blastomere B"
"B2",0.511866774770519,"Blastomere B"
"B2",0.494598594779029,"Blastomere B"
"B2",0.490817640231341,"Blastomere B"
"B2",0.500371701527338,"Blastomere B"
"B2",0.503965620742466,"Blastomere B"
"B2",0.49380566005772,"Blastomere B"
"B2",0.502071651031351,"Blastomere B"
"B2",0.502136139448149,"Blastomere B"
"B2",0.50145792196831,"Blastomere B"
"B2",0.502153342482869,"Blastomere B"
"B2",0.508064335966762,"Blastomere B"
"B2",0.498144611218888,"Blastomere B"
"B2",0.49248543164865,"Blastomere B"
"B2",0.498750345633259,"Blastomere B"
"B2",0.494065834598942,"Blastomere B"
"B2",0.514574297134945,"Blastomere B"
"B2",0.504356040812696,"Blastomere B"
"B2",0.501372609655042,"Blastomere B"
"B2",0.500536318937096,"Blastomere B"
"B2",0.486993326722079,"Blastomere B"
"B2",0.510091147240809,"Blastomere B"
"B2",0.499659882626165,"Blastomere B"
"B2",0.50140460904613,"Blastomere B"
"B2",0.502265006284918,"Blastomere B"
"B2",0.502777113090906,"Blastomere B"
"B2",0.490712457039239,"Blastomere B"
"B2",0.494851021047758,"Blastomere B"
"B2",0.508403795412879,"Blastomere B"
"B2",0.498313467262455,"Blastomere B"
"B2",0.504311084518207,"Blastomere B"
"B2",0.479707365529658,"Blastomere B"
"B2",0.503634145235761,"Blastomere B"
"B2",0.503152338608114,"Blastomere B"
"B2",0.48352870317585,"Blastomere B"
"B2",0.500659905236456,"Blastomere B"
"B2",0.497590059167735,"Blastomere B"
"B2",0.496273436311785,"Blastomere B"
"B2",0.502455645749207,"Blastomere B"
"B2",0.488032121226106,"Blastomere B"
"B2",0.50363725008637,"Blastomere B"
"B2",0.498178540866644,"Blastomere B"
"B2",0.496772151348803,"Blastomere B"
"B2",0.503282999191826,"Blastomere B"
"B2",0.475519367832539,"Blastomere B"
"B2",0.500260092517288,"Blastomere B"
"B2",0.495586859510853,"Blastomere B"
"B2",0.491821690003075,"Blastomere B"
"B2",0.489940879875746,"Blastomere B"
"B2",0.505925285173851,"Blastomere B"
"B2",0.510753242581586,"Blastomere B"
"B2",0.499080846894165,"Blastomere B"
"B2",0.496209391514723,"Blastomere B"
"B2",0.501104023362262,"Blastomere B"
"B2",0.500730981231376,"Blastomere B"
"B2",0.48810177772234,"Blastomere B"
"B2",0.508471589608531,"Blastomere B"
"B2",0.498951456032005,"Blastomere B"
"B2",0.496171887689718,"Blastomere B"
"B2",0.514107387890713,"Blastomere B"
"B2",0.494716568445248,"Blastomere B"
"B2",0.497704515517536,"Blastomere B"
"B2",0.497793380595561,"Blastomere B"
"B2",0.498838862939406,"Blastomere B"
"B2",0.492565491086628,"Blastomere B"
"B2",0.493676490085933,"Blastomere B"
"B2",0.490896087608368,"Blastomere B"
"B2",0.505503998488814,"Blastomere B"
"B2",0.513364620494643,"Blastomere B"
"B2",0.49739152143652,"Blastomere B"
"B2",0.512314888724843,"Blastomere B"
"B2",0.507672304781078,"Blastomere B"
"B2",0.499395597619452,"Blastomere B"
"B2",0.504941856118863,"Blastomere B"
"B2",0.49722459024103,"Blastomere B"
"B2",0.497352641855832,"Blastomere B"
"B2",0.50719076740745,"Blastomere B"
"B2",0.494992414094659,"Blastomere B"
"B2",0.495278246172494,"Blastomere B"
"B2",0.499345149249976,"Blastomere B"
"B2",0.492407951656804,"Blastomere B"
"B2",0.486102311600362,"Blastomere B"
"B2",0.497893268891649,"Blastomere B"
"B2",0.495394196011845,"Blastomere B"
"B2",0.487603146878364,"Blastomere B"
"B2",0.503764266240517,"Blastomere B"
"B2",0.506853851095897,"Blastomere B"
"B2",0.49925441008073,"Blastomere B"
"B2",0.492344354560037,"Blastomere B"
"B2",0.493967992043965,"Blastomere B"
"B2",0.489061070100999,"Blastomere B"
"B2",0.50194315363559,"Blastomere B"
"B2",0.497041232439868,"Blastomere B"
"B2",0.511978371293772,"Blastomere B"
"B2",0.488470431508457,"Blastomere B"
"B2",0.492083549170914,"Blastomere B"
"B2",0.486471811520266,"Blastomere B"
"B2",0.487486811304832,"Blastomere B"
"B2",0.499469412230343,"Blastomere B"
"B2",0.489249283338439,"Blastomere B"
"B2",0.494905725249092,"Blastomere B"
"B2",0.509335310686464,"Blastomere B"
"B2",0.493412086995005,"Blastomere B"
"B2",0.501981978265738,"Blastomere B"
"B2",0.494894682922293,"Blastomere B"
"B2",0.504116881195688,"Blastomere B"
"B2",0.487019193600242,"Blastomere B"
"B2",0.502619675240024,"Blastomere B"
"B2",0.499120620021845,"Blastomere B"
"B2",0.504059001374574,"Blastomere B"
"B2",0.495589975945296,"Blastomere B"
"B2",0.498828513461978,"Blastomere B"
"B2",0.494474235354477,"Blastomere B"
"B2",0.504375417768066,"Blastomere B"
"B2",0.503049535822214,"Blastomere B"
"B2",0.507713975432045,"Blastomere B"
"B2",0.48945451612317,"Blastomere B"
"B2",0.497985692297888,"Blastomere B"
"B2",0.482814764836742,"Blastomere B"
"B2",0.498473985056337,"Blastomere B"
"B2",0.494777637053263,"Blastomere B"
"B2",0.499944549517954,"Blastomere B"
"B2",0.50005085722387,"Blastomere B"
"B2",0.50380100739103,"Blastomere B"
"B2",0.494950135578815,"Blastomere B"
"B2",0.504824625475204,"Blastomere B"
"B2",0.495379723845823,"Blastomere B"
"B2",0.493224808993342,"Blastomere B"
"B2",0.507741088645387,"Blastomere B"
"B2",0.510604764213202,"Blastomere B"
"B2",0.488364383744929,"Blastomere B"
"B2",0.514370229341555,"Blastomere B"
"B2",0.496741972461187,"Blastomere B"
"B2",0.499651810940331,"Blastomere B"
"B2",0.50994993665337,"Blastomere B"
"B2",0.494446522315172,"Blastomere B"
"B2",0.489192322412674,"Blastomere B"
"B2",0.496660523782341,"Blastomere B"
"B2",0.492621458097507,"Blastomere B"
"B2",0.501383347804538,"Blastomere B"
"B2",0.506520504939634,"Blastomere B"
"B2",0.502928526966989,"Blastomere B"
"B2",0.494962636937385,"Blastomere B"
"B2",0.497131877344831,"Blastomere B"
"B2",0.499122593965804,"Blastomere B"
"B2",0.49473599464729,"Blastomere B"
"B2",0.503939308921273,"Blastomere B"
"B2",0.487026831432459,"Blastomere B"
"B2",0.505849258972044,"Blastomere B"
"B2",0.490604185343006,"Blastomere B"
"B2",0.496498242588338,"Blastomere B"
"B2",0.476846641542128,"Blastomere B"
"B2",0.487500410562143,"Blastomere B"
"B2",0.495233549402233,"Blastomere B"
"B2",0.501729907258431,"Blastomere B"
"B2",0.498323694831422,"Blastomere B"
"B2",0.485713306631677,"Blastomere B"
"B2",0.512007673506572,"Blastomere B"
"B2",0.500551563553218,"Blastomere B"
"B2",0.49859299421463,"Blastomere B"
"B2",0.493010438133722,"Blastomere B"
"B2",0.493599649015167,"Blastomere B"
"B2",0.492480734956624,"Blastomere B"
"B2",0.496162851325138,"Blastomere B"
"B2",0.496677686382321,"Blastomere B"
"B2",0.497080579055108,"Blastomere B"
"B2",0.486205162830386,"Blastomere B"
"B2",0.495412258195481,"Blastomere B"
"B2",0.496047680463948,"Blastomere B"
"B2",0.497977886713964,"Blastomere B"
"B2",0.497579544033332,"Blastomere B"
"B2",0.50439250214346,"Blastomere B"
"B2",0.514652157849166,"Blastomere B"
"B2",0.504138114594585,"Blastomere B"
"B2",0.502509813708658,"Blastomere B"
"B2",0.501362103732639,"Blastomere B"
"B2",0.480131857374944,"Blastomere B"
"B2",0.49626493172089,"Blastomere B"
"B2",0.509302624048299,"Blastomere B"
"B2",0.493145894198798,"Blastomere B"
"B2",0.493163758878532,"Blastomere B"
"B2",0.497605474738183,"Blastomere B"
"B2",0.510168188759088,"Blastomere B"
"B2",0.50587542891863,"Blastomere B"
"B2",0.49731815946378,"Blastomere B"
"B2",0.502466706546709,"Blastomere B"
"B2",0.496055327630423,"Blastomere B"
"B2",0.499999952302547,"Blastomere B"
"B2",0.50304943982211,"Blastomere B"
"B2",0.488501153815109,"Blastomere B"
"B2",0.499079110741804,"Blastomere B"
"B2",0.501910131595483,"Blastomere B"
"B2",0.506662948899845,"Blastomere B"
"B2",0.490317085922351,"Blastomere B"
"B2",0.501023289942966,"Blastomere B"
"B2",0.493441512693114,"Blastomere B"
"B2",0.493890745536999,"Blastomere B"
"B2",0.496993066123537,"Blastomere B"
"B2",0.500261398591148,"Blastomere B"
"B2",0.50258867954017,"Blastomere B"
"B2",0.504675607908191,"Blastomere B"
"B2",0.497886267807255,"Blastomere B"
"B2",0.487546958246337,"Blastomere B"
"B2",0.498741092660476,"Blastomere B"
"B2",0.498128513316374,"Blastomere B"
"B2",0.495937567755434,"Blastomere B"
"B2",0.500381201375509,"Blastomere B"
"B2",0.488034411786558,"Blastomere B"
"B2",0.498191437400564,"Blastomere B"
"B2",0.487491046254919,"Blastomere B"
"B2",0.489786119109403,"Blastomere B"
"B2",0.486311291583063,"Blastomere B"
"B2",0.500567767551556,"Blastomere B"
"B2",0.494400500671233,"Blastomere B"
"B2",0.493663158854734,"Blastomere B"
"B2",0.480224132436016,"Blastomere B"
"B2",0.494505880149576,"Blastomere B"
"B2",0.507820705076932,"Blastomere B"
"B2",0.484473942676318,"Blastomere B"
"B2",0.489387706178508,"Blastomere B"
"B2",0.493025063965657,"Blastomere B"
"B2",0.503125895281146,"Blastomere B"
"B2",0.507039026044079,"Blastomere B"
"B2",0.501501482657277,"Blastomere B"
"B2",0.499553654896694,"Blastomere B"
"B2",0.504798471616438,"Blastomere B"
"B2",0.509934342459631,"Blastomere B"
"B2",0.488233218267568,"Blastomere B"
"B2",0.496475267628732,"Blastomere B"
"B2",0.494792511242156,"Blastomere B"
"B2",0.496181832848774,"Blastomere B"
"B2",0.501760598709969,"Blastomere B"
"B2",0.482868470889623,"Blastomere B"
"B2",0.502584545644605,"Blastomere B"
"B2",0.497408756824257,"Blastomere B"
"B2",0.503379116043164,"Blastomere B"
"B2",0.490557544680919,"Blastomere B"
"B2",0.497971678139774,"Blastomere B"
"B2",0.488341447872062,"Blastomere B"
"B2",0.489325432844783,"Blastomere B"
"B2",0.501340668415746,"Blastomere B"
"B2",0.497122722807984,"Blastomere B"
"B2",0.504756498108262,"Blastomere B"
"B2",0.494282338304433,"Blastomere B"
"B2",0.495864661455017,"Blastomere B"
"B2",0.495904638674832,"Blastomere B"
"B2",0.49618932364348,"Blastomere B"
"B2",0.498439506008176,"Blastomere B"
"B2",0.500596113533013,"Blastomere B"
"B2",0.491928166087932,"Blastomere B"
"B2",0.505918858506351,"Blastomere B"
"B2",0.498399182139038,"Blastomere B"
"B2",0.495250744718532,"Blastomere B"
"B2",0.494125280219103,"Blastomere B"
"B2",0.493229292798032,"Blastomere B"
"B2",0.495135847999276,"Blastomere B"
"B2",0.509844500684531,"Blastomere B"
"B2",0.497552818453762,"Blastomere B"
"B2",0.501859048443542,"Blastomere B"
"B2",0.509687648774018,"Blastomere B"
"B2",0.495452511714645,"Blastomere B"
"B2",0.50464394733282,"Blastomere B"
"B2",0.490033723121916,"Blastomere B"
"B2",0.498280171063701,"Blastomere B"
"B2",0.495767881886302,"Blastomere B"
"B2",0.497960344099344,"Blastomere B"
"B2",0.511793951288967,"Blastomere B"
"B2",0.50003765826034,"Blastomere B"
"B2",0.500118987459792,"Blastomere B"
"B2",0.500555989341858,"Blastomere B"
"B2",0.515106007036302,"Blastomere B"
"B2",0.490852866410201,"Blastomere B"
"B2",0.488542294362633,"Blastomere B"
"B2",0.492574024463448,"Blastomere B"
"B2",0.495693238495378,"Blastomere B"
"B2",0.494162146982374,"Blastomere B"
"B2",0.500688417068301,"Blastomere B"
"B2",0.498066248059818,"Blastomere B"
"B2",0.498475206853224,"Blastomere B"
"B2",0.496279303377865,"Blastomere B"
"B2",0.479721485705699,"Blastomere B"
"B2",0.495229896678931,"Blastomere B"
"B2",0.508824674668022,"Blastomere B"
"B2",0.504777473619994,"Blastomere B"
"B2",0.506412046219999,"Blastomere B"
"B2",0.502688145196284,"Blastomere B"
"B2",0.50237458523802,"Blastomere B"
"B2",0.488429879584883,"Blastomere B"
"B2",0.493229890776375,"Blastomere B"
"B2",0.496165452897497,"Blastomere B"
"B2",0.496535498990451,"Blastomere B"
"B2",0.492624352409669,"Blastomere B"
"B2",0.493150627212357,"Blastomere B"
"B2",0.513214861754045,"Blastomere B"
"B2",0.4949441091539,"Blastomere B"
"B2",0.495336714454202,"Blastomere B"
"B2",0.497239181194183,"Blastomere B"
"B2",0.498944161982183,"Blastomere B"
"B2",0.500714453772942,"Blastomere B"
"B2",0.495391954431089,"Blastomere B"
"B2",0.488060084607623,"Blastomere B"
"B2",0.49330806762638,"Blastomere B"
"B2",0.487577357380698,"Blastomere B"
"B2",0.489985787275706,"Blastomere B"
"B2",0.494731373934839,"Blastomere B"
"B2",0.493909338997217,"Blastomere B"
"B2",0.504056051866489,"Blastomere B"
"B2",0.498975779932071,"Blastomere B"
"B2",0.4897862981222,"Blastomere B"
"B2",0.496032610415921,"Blastomere B"
"B2",0.495161964697623,"Blastomere B"
"B2",0.504988509388866,"Blastomere B"
"B2",0.497073486713275,"Blastomere B"
"B2",0.495359431074764,"Blastomere B"
"B2",0.50179769253757,"Blastomere B"
"B2",0.50497720957296,"Blastomere B"
"B2",0.494862302787466,"Blastomere B"
"B2",0.501815509534011,"Blastomere B"
"B2",0.507034049657382,"Blastomere B"
"B2",0.500745970626911,"Blastomere B"
"B2",0.488084398194372,"Blastomere B"
"B2",0.498772049979016,"Blastomere B"
"B2",0.502818480801626,"Blastomere B"
"B2",0.497660721682574,"Blastomere B"
"B2",0.501572115406312,"Blastomere B"
"B2",0.504400590413159,"Blastomere B"
"B2",0.492713457463139,"Blastomere B"
"B2",0.492719175806552,"Blastomere B"
"B2",0.491224972809985,"Blastomere B"
"B2",0.493614336345719,"Blastomere B"
"B2",0.494693528530038,"Blastomere B"
"B2",0.500106145210434,"Blastomere B"
"B2",0.505116313668846,"Blastomere B"
"B2",0.500839594190911,"Blastomere B"
"B2",0.503376602946375,"Blastomere B"
"B2",0.501407737319371,"Blastomere B"
"B2",0.490708076298511,"Blastomere B"
"B2",0.499204052296998,"Blastomere B"
"B2",0.497210922073531,"Blastomere B"
"B2",0.491991974560672,"Blastomere B"
"B2",0.493204568320286,"Blastomere B"
"B2",0.492296978209902,"Blastomere B"
"B2",0.494541484631685,"Blastomere B"
"B2",0.491607531719154,"Blastomere B"
"B2",0.504973014262453,"Blastomere B"
"B2",0.504105962049049,"Blastomere B"
"B2",0.503672901371545,"Blastomere B"
"B2",0.501057486576489,"Blastomere B"
"B2",0.492170642940671,"Blastomere B"
"B2",0.515974860772666,"Blastomere B"
"B2",0.48851998359032,"Blastomere B"
"B2",0.507650622406494,"Blastomere B"
"B2",0.493631699758836,"Blastomere B"
"B2",0.497781066088198,"Blastomere B"
"B2",0.487537645592055,"Blastomere B"
"B2",0.492864528819674,"Blastomere B"
"B2",0.491747830903999,"Blastomere B"
"B2",0.494295439609997,"Blastomere B"
"B2",0.505610135053097,"Blastomere B"
"B2",0.497995601220669,"Blastomere B"
"B2",0.500473673397117,"Blastomere B"
"B2",0.482346555087558,"Blastomere B"
"B2",0.501775040607075,"Blastomere B"
"B2",0.492562173837962,"Blastomere B"
"B2",0.507572363580587,"Blastomere B"
"B2",0.499305105898208,"Blastomere B"
"B2",0.497125308438774,"Blastomere B"
"B2",0.50706589290051,"Blastomere B"
"B2",0.493930906773606,"Blastomere B"
"B2",0.493662519307907,"Blastomere B"
"B2",0.495296898122713,"Blastomere B"
"B2",0.495054542976525,"Blastomere B"
"B2",0.507049231012437,"Blastomere B"
"B2",0.503370503709963,"Blastomere B"
"B2",0.500599047861579,"Blastomere B"
"B2",0.50225729255264,"Blastomere B"
"B2",0.50364411014365,"Blastomere B"
"B2",0.49187059069953,"Blastomere B"
"B2",0.4909873798519,"Blastomere B"
"B2",0.502783908721524,"Blastomere B"
"B2",0.494688425860433,"Blastomere B"
"B2",0.497207818082473,"Blastomere B"
"B2",0.501959964064268,"Blastomere B"
"B2",0.51081286212911,"Blastomere B"
"B2",0.50025086074525,"Blastomere B"
"B2",0.483711047335194,"Blastomere B"
"B2",0.497405210474521,"Blastomere B"
"B2",0.514680891008465,"Blastomere B"
"B2",0.493290786149847,"Blastomere B"
"B2",0.515748671306621,"Blastomere B"
"B2",0.504149912961069,"Blastomere B"
"B2",0.505489425754624,"Blastomere B"
"B2",0.502467508295191,"Blastomere B"
"B2",0.492746751844591,"Blastomere B"
"B2",0.492368005614933,"Blastomere B"
"B2",0.499889632489937,"Blastomere B"
"B2",0.496463137418474,"Blastomere B"
"B2",0.510959440898909,"Blastomere B"
"B2",0.493537968914699,"Blastomere B"
"B2",0.498880202293434,"Blastomere B"
"B2",0.500317185022033,"Blastomere B"
"B2",0.500338828547134,"Blastomere B"
"B2",0.493878507362705,"Blastomere B"
"B2",0.497822003158409,"Blastomere B"
"B2",0.497192756190746,"Blastomere B"
"B2",0.50127180604533,"Blastomere B"
"B2",0.492327283950056,"Blastomere B"
"B2",0.503929438200033,"Blastomere B"
"B2",0.497753782299286,"Blastomere B"
"B2",0.507252065467567,"Blastomere B"
"B2",0.509770304932256,"Blastomere B"
"B2",0.491020302612072,"Blastomere B"
"B2",0.494900505849618,"Blastomere B"
"B2",0.501553632922897,"Blastomere B"
"B2",0.495850949449925,"Blastomere B"
"B2",0.493915624516631,"Blastomere B"
"B2",0.499385171682064,"Blastomere B"
"B2",0.490267410677974,"Blastomere B"
"B2",0.498639622027528,"Blastomere B"
"B2",0.48615114319549,"Blastomere B"
"B2",0.497072620648359,"Blastomere B"
"B2",0.501084737659566,"Blastomere B"
"B2",0.484189650841751,"Blastomere B"
"B2",0.49709192515983,"Blastomere B"
"B2",0.500706890907642,"Blastomere B"
"B2",0.490345074603878,"Blastomere B"
"B2",0.505358407407332,"Blastomere B"
"B2",0.503113034994946,"Blastomere B"
"B2",0.499292642715657,"Blastomere B"
"B2",0.498894189424268,"Blastomere B"
"B2",0.488926604293658,"Blastomere B"
"B2",0.492656043779482,"Blastomere B"
"B2",0.493401924580302,"Blastomere B"
"B2",0.497482847495366,"Blastomere B"
"B2",0.497810637084307,"Blastomere B"
"B2",0.496326352741289,"Blastomere B"
"B2",0.500344294066982,"Blastomere B"
"B2",0.511384003933764,"Blastomere B"
"B2",0.494180318934347,"Blastomere B"
"B2",0.507587634835472,"Blastomere B"
"B2",0.496088837141642,"Blastomere B"
"B2",0.499419715832827,"Blastomere B"
"B2",0.487759720434203,"Blastomere B"
"B2",0.495445668500223,"Blastomere B"
"B2",0.503650475483197,"Blastomere B"
"B2",0.492321566447135,"Blastomere B"
"B2",0.507760058780375,"Blastomere B"
"B2",0.489054524963024,"Blastomere B"
"B2",0.503861809160811,"Blastomere B"
"B2",0.484214184291905,"Blastomere B"
"B2",0.488238499099903,"Blastomere B"
"B2",0.492510974237929,"Blastomere B"
"B2",0.491354297941339,"Blastomere B"
"B2",0.492913959281734,"Blastomere B"
"B2",0.500717635764746,"Blastomere B"
"B2",0.498386682494036,"Blastomere B"
"B2",0.490873240697861,"Blastomere B"
"B2",0.490465416413839,"Blastomere B"
"B2",0.506148393728765,"Blastomere B"
"B2",0.505387992055518,"Blastomere B"
"B2",0.501495145923646,"Blastomere B"
"B2",0.500629689278069,"Blastomere B"
"B2",0.495248958891688,"Blastomere B"
"B2",0.507599523748581,"Blastomere B"
"B2",0.483826808464819,"Blastomere B"
"B2",0.498835758241873,"Blastomere B"
"B2",0.498369006338215,"Blastomere B"
"B2",0.500168870796644,"Blastomere B"
"B2",0.495246703722522,"Blastomere B"
"B2",0.50528459183657,"Blastomere B"
"B2",0.502904445837039,"Blastomere B"
"B2",0.495156322762309,"Blastomere B"
"B2",0.488530619142148,"Blastomere B"
"B2",0.497637917600825,"Blastomere B"
"B2",0.500269435916628,"Blastomere B"
"B2",0.499605738617084,"Blastomere B"
"B2",0.48952595104547,"Blastomere B"
"B2",0.494558099480482,"Blastomere B"
"B2",0.497245852803554,"Blastomere B"
"B2",0.493614584384805,"Blastomere B"
"B2",0.503208432065411,"Blastomere B"
"B2",0.494198853593605,"Blastomere B"
"B2",0.500124139141444,"Blastomere B"
"B2",0.49061975398101,"Blastomere B"
"B2",0.496108084933386,"Blastomere B"
"B2",0.510563039049444,"Blastomere B"
"B2",0.503682302445917,"Blastomere B"
"B2",0.500725922691584,"Blastomere B"
"B2",0.491896005695133,"Blastomere B"
"B2",0.49828096691204,"Blastomere B"
"B2",0.499928706714058,"Blastomere B"
"B2",0.503855575544827,"Blastomere B"
"B2",0.497171794885996,"Blastomere B"
"B2",0.510192572280635,"Blastomere B"
"B2",0.498498843837648,"Blastomere B"
"B2",0.48928093126329,"Blastomere B"
"B2",0.491555197541873,"Blastomere B"
"B2",0.497342230923662,"Blastomere B"
"B2",0.486648404186796,"Blastomere B"
"B2",0.489906719268321,"Blastomere B"
"B2",0.488817309044618,"Blastomere B"
"B2",0.489246500843561,"Blastomere B"
"B2",0.494365408833746,"Blastomere B"
"B2",0.484055411021076,"Blastomere B"
"B2",0.498223598693535,"Blastomere B"
"B2",0.493789055847643,"Blastomere B"
"B2",0.502561193874991,"Blastomere B"
"B2",0.493237688029087,"Blastomere B"
"B2",0.49670378269927,"Blastomere B"
"B2",0.498629551603851,"Blastomere B"
"B2",0.486447720279453,"Blastomere B"
"B2",0.506182181767928,"Blastomere B"
"B2",0.492757542442021,"Blastomere B"
"B2",0.500841396822544,"Blastomere B"
"B2",0.48278648365957,"Blastomere B"
"B2",0.49307176084663,"Blastomere B"
"B2",0.498634918083575,"Blastomere B"
"B2",0.50208703484485,"Blastomere B"
"B2",0.508201213153196,"Blastomere B"
"B2",0.491505337940332,"Blastomere B"
"B2",0.495411923291799,"Blastomere B"
"B2",0.488718942612664,"Blastomere B"
"B2",0.50725812860735,"Blastomere B"
"B2",0.48182522865797,"Blastomere B"
"B2",0.506282029420296,"Blastomere B"
"B2",0.491763663143255,"Blastomere B"
"B2",0.495377687672598,"Blastomere B"
"B2",0.492939245283394,"Blastomere B"
"B2",0.513825503599797,"Blastomere B"
"B2",0.499299791060793,"Blastomere B"
"B2",0.495111598327292,"Blastomere B"
"B2",0.499620473860264,"Blastomere B"
"B2",0.484302590337322,"Blastomere B"
"B2",0.492157768061068,"Blastomere B"
"B2",0.493294912319226,"Blastomere B"
"B2",0.499336134560524,"Blastomere B"
"B2",0.499226050850848,"Blastomere B"
"B2",0.493758084431209,"Blastomere B"
"B2",0.487144436432037,"Blastomere B"
"B2",0.490657895960571,"Blastomere B"
"B2",0.504119082102801,"Blastomere B"
"B2",0.49503591253971,"Blastomere B"
"B2",0.499646563002055,"Blastomere B"
"B2",0.491672277321355,"Blastomere B"
"B2",0.503666612348849,"Blastomere B"
"B2",0.496818512240236,"Blastomere B"
"B2",0.501808902190974,"Blastomere B"
"B2",0.50521906101564,"Blastomere B"
"B2",0.483596923577738,"Blastomere B"
"B2",0.484784094632768,"Blastomere B"
"B2",0.49342480068748,"Blastomere B"
"B2",0.501603748637419,"Blastomere B"
"B2",0.502835964264938,"Blastomere B"
"B2",0.498854670797033,"Blastomere B"
"B2",0.495268903034505,"Blastomere B"
"B2",0.497344539774429,"Blastomere B"
"B2",0.50697506503256,"Blastomere B"
"B2",0.500100411498547,"Blastomere B"
"B2",0.487100369814926,"Blastomere B"
"B2",0.496023327436441,"Blastomere B"
"B2",0.503170336701595,"Blastomere B"
"B2",0.502035386692467,"Blastomere B"
"B2",0.49078809734261,"Blastomere B"
"B2",0.482471597802955,"Blastomere B"
"B2",0.497918631670351,"Blastomere B"
"B2",0.503495058847605,"Blastomere B"
"B2",0.495757810447411,"Blastomere B"
"B2",0.505829343610986,"Blastomere B"
"B2",0.507410739697357,"Blastomere B"
"B2",0.485546724281167,"Blastomere B"
"B2",0.503892465934675,"Blastomere B"
"B2",0.502873338764461,"Blastomere B"
"B2",0.495022227002337,"Blastomere B"
"B2",0.5049975501234,"Blastomere B"
"B2",0.506043583209777,"Blastomere B"
"B2",0.487648389890329,"Blastomere B"
"B2",0.499010725333223,"Blastomere B"
"B2",0.49425962062764,"Blastomere B"
"B2",0.497694729468367,"Blastomere B"
"B2",0.493138402056468,"Blastomere B"
"B2",0.49629874707434,"Blastomere B"
"B2",0.491297496376181,"Blastomere B"
"B2",0.497954686201848,"Blastomere B"
"B2",0.483811724550781,"Blastomere B"
"B2",0.496452981940147,"Blastomere B"
"B2",0.498762069375981,"Blastomere B"
"B2",0.50928921787533,"Blastomere B"
"B2",0.504259253270886,"Blastomere B"
"B2",0.494523130104872,"Blastomere B"
"B2",0.490030668941584,"Blastomere B"
"B2",0.505034282042891,"Blastomere B"
"B2",0.488308223207958,"Blastomere B"
"B2",0.495089391914602,"Blastomere B"
"B2",0.491852841611361,"Blastomere B"
"B2",0.488460585214818,"Blastomere B"
"B2",0.500732329487679,"Blastomere B"
"B2",0.509551237632804,"Blastomere B"
"B2",0.486600280343666,"Blastomere B"
"B2",0.508230608450892,"Blastomere B"
"B2",0.493717981139542,"Blastomere B"
"B2",0.497373647510165,"Blastomere B"
"B2",0.502939703588585,"Blastomere B"
"B2",0.497595712432001,"Blastomere B"
"B2",0.490688181167623,"Blastomere B"
"B2",0.482405009596872,"Blastomere B"
"B2",0.499176532265962,"Blastomere B"
"B2",0.494721538821241,"Blastomere B"
"B2",0.492746456240313,"Blastomere B"
"B2",0.50533856907761,"Blastomere B"
"B2",0.493847021272076,"Blastomere B"
"B2",0.492032202725653,"Blastomere B"
"B2",0.48014326109773,"Blastomere B"
"B2",0.493007051505468,"Blastomere B"
"B2",0.505052455192592,"Blastomere B"
"B2",0.496846318071553,"Blastomere B"
"B2",0.509930042722158,"Blastomere B"
"B2",0.498925468129198,"Blastomere B"
"B2",0.508153184285194,"Blastomere B"
"B2",0.505942991731284,"Blastomere B"
"B2",0.492651210516497,"Blastomere B"
"B2",0.490892518832784,"Blastomere B"
"B2",0.4936554864827,"Blastomere B"
"B2",0.489465183223747,"Blastomere B"
"B2",0.492953576191595,"Blastomere B"
"B2",0.499834671670014,"Blastomere B"
"B2",0.492039335968997,"Blastomere B"
"B2",0.49447175964717,"Blastomere B"
"B2",0.495241672106175,"Blastomere B"
"B2",0.496635359186142,"Blastomere B"
"B2",0.486455676734181,"Blastomere B"
"B2",0.499149202032757,"Blastomere B"
"B2",0.499826955710799,"Blastomere B"
"B2",0.490569177122308,"Blastomere B"
"B2",0.497322506153789,"Blastomere B"
"B2",0.488410998032518,"Blastomere B"
"B2",0.501560287097563,"Blastomere B"
"B2",0.500713273397054,"Blastomere B"
"B2",0.495039834700475,"Blastomere B"
"B2",0.504821259570735,"Blastomere B"
"B2",0.492601393337172,"Blastomere B"
"B2",0.51181766423478,"Blastomere B"
"B2",0.487885592049187,"Blastomere B"
"B2",0.492020645949913,"Blastomere B"
"B2",0.489564487358005,"Blastomere B"
"B2",0.495398331671035,"Blastomere B"
"B2",0.496235217313911,"Blastomere B"
"B2",0.495082932067575,"Blastomere B"
"B2",0.492140610136252,"Blastomere B"
"B2",0.502360767719495,"Blastomere B"
"B2",0.497947398573723,"Blastomere B"
"B2",0.494023566290962,"Blastomere B"
"B2",0.499724758565031,"Blastomere B"
"B2",0.499672439668283,"Blastomere B"
"B2",0.49343617392359,"Blastomere B"
"B2",0.495829384584796,"Blastomere B"
"B2",0.502284608107044,"Blastomere B"
"B2",0.499071481900939,"Blastomere B"
"B2",0.499136459840492,"Blastomere B"
"B2",0.501798590048699,"Blastomere B"
"B2",0.491260092350201,"Blastomere B"
"B2",0.490161832094084,"Blastomere B"
"B2",0.489671063617184,"Blastomere B"
"B2",0.496043436866173,"Blastomere B"
"B2",0.508077345119813,"Blastomere B"
"B2",0.498316472098972,"Blastomere B"
"B2",0.499885397792247,"Blastomere B"
"B2",0.497697879967598,"Blastomere B"
"B2",0.500471945661362,"Blastomere B"
"B2",0.502664347806304,"Blastomere B"
"B2",0.496345378163595,"Blastomere B"
"B2",0.502507861188065,"Blastomere B"
"B2",0.493119818426849,"Blastomere B"
"B2",0.489289962604595,"Blastomere B"
"B2",0.492348218345243,"Blastomere B"
"B2",0.498955048732501,"Blastomere B"
"B2",0.497525774651643,"Blastomere B"
"B2",0.505156072842271,"Blastomere B"
"B2",0.504726715200434,"Blastomere B"
"B2",0.511862065206315,"Blastomere B"
"B2",0.487789576112685,"Blastomere B"
"B2",0.50350180212244,"Blastomere B"
"B2",0.501438453500935,"Blastomere B"
"B2",0.490637253498242,"Blastomere B"
"B2",0.502301300268265,"Blastomere B"
"B2",0.495805235470237,"Blastomere B"
"B2",0.50195772834633,"Blastomere B"
"B2",0.499365731145136,"Blastomere B"
"B2",0.502544760834363,"Blastomere B"
"B2",0.482632237379914,"Blastomere B"
"B2",0.489231933067156,"Blastomere B"
"B2",0.483283875559536,"Blastomere B"
"B2",0.503144747391954,"Blastomere B"
"B2",0.508505330355703,"Blastomere B"
"B2",0.496558371240417,"Blastomere B"
"B2",0.496309063008403,"Blastomere B"
"B2",0.501715376053764,"Blastomere B"
"B2",0.498534352772162,"Blastomere B"
"B2",0.492665244108803,"Blastomere B"
"B2",0.49812626954949,"Blastomere B"
"B2",0.484243039920434,"Blastomere B"
"B2",0.487516536739674,"Blastomere B"
"B2",0.491834600079388,"Blastomere B"
"B2",0.499242653859603,"Blastomere B"
"B2",0.495428090332879,"Blastomere B"
"B2",0.490902844913812,"Blastomere B"
"B2",0.504918182019246,"Blastomere B"
"B2",0.501440429657426,"Blastomere B"
"B2",0.513052883459485,"Blastomere B"
"B2",0.495229806647034,"Blastomere B"
"B2",0.510932343527308,"Blastomere B"
"B2",0.501775151894327,"Blastomere B"
"B2",0.500332564152612,"Blastomere B"
"B2",0.490603758937941,"Blastomere B"
"B2",0.496250806325277,"Blastomere B"
"B2",0.500422514921253,"Blastomere B"
"B2",0.493207323098866,"Blastomere B"
"B2",0.507134398873806,"Blastomere B"
"B2",0.501176421663289,"Blastomere B"
"B2",0.496728762265546,"Blastomere B"
"B2",0.490995849467342,"Blastomere B"
"B2",0.498664054988176,"Blastomere B"
"B2",0.500083215767526,"Blastomere B"
"B2",0.50892891367167,"Blastomere B"
"B2",0.496947410512127,"Blastomere B"
"B2",0.504768653615894,"Blastomere B"
"B2",0.497767279204101,"Blastomere B"
"B2",0.511430022593387,"Blastomere B"
"B2",0.490083038790336,"Blastomere B"
"B2",0.492850998924897,"Blastomere B"
"B2",0.498913931094515,"Blastomere B"
"B2",0.504874240022988,"Blastomere B"
"B2",0.491881676883419,"Blastomere B"
"B2",0.506155303962897,"Blastomere B"
"B2",0.500718913558105,"Blastomere B"
"B2",0.501581464539762,"Blastomere B"
"B2",0.49462017107836,"Blastomere B"
"B2",0.500359673875312,"Blastomere B"
"B2",0.497807348454948,"Blastomere B"
"B2",0.50545816881339,"Blastomere B"
"B2",0.507455226017647,"Blastomere B"
"B2",0.499974585155062,"Blastomere B"
"B2",0.500144653938611,"Blastomere B"
"B2",0.494585726607346,"Blastomere B"
"B2",0.498165573750778,"Blastomere B"
"B2",0.500880487392249,"Blastomere B"
"B2",0.4947834057218,"Blastomere B"
"B2",0.489458697383492,"Blastomere B"
"B2",0.502237220183882,"Blastomere B"
"B2",0.498404131667408,"Blastomere B"
"B2",0.489718696532494,"Blastomere B"
"B2",0.49777408078076,"Blastomere B"
"B2",0.491506028713695,"Blastomere B"
"B2",0.494205357520897,"Blastomere B"
"B2",0.501313080317519,"Blastomere B"
"B2",0.496074317479135,"Blastomere B"
"B2",0.50824763138639,"Blastomere B"
"B2",0.494958383528826,"Blastomere B"
"B2",0.498222942216404,"Blastomere B"
"B2",0.500612880991138,"Blastomere B"
"B2",0.499499849082776,"Blastomere B"
"B2",0.496024957004103,"Blastomere B"
"B2",0.492626286497703,"Blastomere B"
"B2",0.498000458950961,"Blastomere B"
"B2",0.506474224670788,"Blastomere B"
"B2",0.496334598164434,"Blastomere B"
"B2",0.494773557986885,"Blastomere B"
"B2",0.497441298135928,"Blastomere B"
"B2",0.492931902085523,"Blastomere B"
"B2",0.496713371603624,"Blastomere B"
"B2",0.514675112729666,"Blastomere B"
"B2",0.498694030384346,"Blastomere B"
"B2",0.506830286115165,"Blastomere B"
"B2",0.498358295259443,"Blastomere B"
"B2",0.493313357113631,"Blastomere B"
"B2",0.50480562419219,"Blastomere B"
"B2",0.507887688266474,"Blastomere B"
"B2",0.494678384146698,"Blastomere B"
"B2",0.488722984113971,"Blastomere B"
"B2",0.495180782171345,"Blastomere B"
"B2",0.49552157809769,"Blastomere B"
"B2",0.490457483102792,"Blastomere B"
"B2",0.512478127247646,"Blastomere B"
"B2",0.491607543448362,"Blastomere B"
"B2",0.507890491891842,"Blastomere B"
"B2",0.492623628630279,"Blastomere B"
"B2",0.49604309635939,"Blastomere B"
"B2",0.496188256133394,"Blastomere B"
"B2",0.504571414492222,"Blastomere B"
"B2",0.507204531574763,"Blastomere B"
"B2",0.492859483657136,"Blastomere B"
"B2",0.501251438622938,"Blastomere B"
"B2",0.493449891201895,"Blastomere B"
"B2",0.487003466512664,"Blastomere B"
"B2",0.506205740944117,"Blastomere B"
"B2",0.501228531983713,"Blastomere B"
"B2",0.504301391276483,"Blastomere B"
"B2",0.498665526839689,"Blastomere B"
"B2",0.499102562686421,"Blastomere B"
"B2",0.49768730282153,"Blastomere B"
"B2",0.494860507308381,"Blastomere B"
"B2",0.501543283353085,"Blastomere B"
"B2",0.500580115237884,"Blastomere B"
"B2",0.497745880876598,"Blastomere B"
"B2",0.493200637267702,"Blastomere B"
"B2",0.487608908417303,"Blastomere B"
"B2",0.499756680805177,"Blastomere B"
"B2",0.516180892046148,"Blastomere B"
"B2",0.498383837469906,"Blastomere B"
"B2",0.507689880052352,"Blastomere B"
"B2",0.50947819891304,"Blastomere B"
"B2",0.492880557866146,"Blastomere B"
"B2",0.491946662613683,"Blastomere B"
"B2",0.503080295834277,"Blastomere B"
"B2",0.4947315238853,"Blastomere B"
"B2",0.477766168380161,"Blastomere B"
"B2",0.494873127165622,"Blastomere B"
"B2",0.502527521245155,"Blastomere B"
"B2",0.50547731925708,"Blastomere B"
"B2",0.491924927251071,"Blastomere B"
"B2",0.495870167435244,"Blastomere B"
"B2",0.503500080414565,"Blastomere B"
"B2",0.499633193056191,"Blastomere B"
"B2",0.499041600413988,"Blastomere B"
"B2",0.499261386788283,"Blastomere B"
"B2",0.502837556500254,"Blastomere B"
"B2",0.49789727103076,"Blastomere B"
"B2",0.487858471260633,"Blastomere B"
"B2",0.496314553892857,"Blastomere B"
"B2",0.489737786817629,"Blastomere B"
"B2",0.492630306749139,"Blastomere B"
"B2",0.49568968486755,"Blastomere B"
"B2",0.492594332649419,"Blastomere B"
"B2",0.508130860998929,"Blastomere B"
"B2",0.501776150048096,"Blastomere B"
"B2",0.49128285142372,"Blastomere B"
"B2",0.492154663974427,"Blastomere B"
"B2",0.486666432162912,"Blastomere B"
"B2",0.496632462933594,"Blastomere B"
"B2",0.493394595173106,"Blastomere B"
"B2",0.50219962422585,"Blastomere B"
"B2",0.509045528864641,"Blastomere B"
"B2",0.5048936068473,"Blastomere B"
"B2",0.506704866558758,"Blastomere B"
"B2",0.495694478280525,"Blastomere B"
"B2",0.49010601784145,"Blastomere B"
"B2",0.496150371327557,"Blastomere B"
"B2",0.507453567091738,"Blastomere B"
"B2",0.49750181459235,"Blastomere B"
"B2",0.498343166647787,"Blastomere B"
"B2",0.490051718509397,"Blastomere B"
"B2",0.498115834832636,"Blastomere B"
"B2",0.495970297642714,"Blastomere B"
"B2",0.486755029669995,"Blastomere B"
"B2",0.499411485741684,"Blastomere B"
"B2",0.501616154095225,"Blastomere B"
"B2",0.492080832714849,"Blastomere B"
"B2",0.502419552457641,"Blastomere B"
"B2",0.508068066381663,"Blastomere B"
"B2",0.498852674436493,"Blastomere B"
"B2",0.505414993899697,"Blastomere B"
"B2",0.50556689361335,"Blastomere B"
"B2",0.491897395717052,"Blastomere B"
"B2",0.504433109968811,"Blastomere B"
"B2",0.501586330176319,"Blastomere B"
"B2",0.504121959112078,"Blastomere B"
"B2",0.500836069556458,"Blastomere B"
"B2",0.496584244628633,"Blastomere B"
"B2",0.497695959145153,"Blastomere B"
"B2",0.487213899544847,"Blastomere B"
"B2",0.499335441614352,"Blastomere B"
"B2",0.500266612450157,"Blastomere B"
"B2",0.490790125244119,"Blastomere B"
"B2",0.499623128934619,"Blastomere B"
"B2",0.483294019872433,"Blastomere B"
"B2",0.489241932757416,"Blastomere B"
"B2",0.498647450987383,"Blastomere B"
"B2",0.506085885952456,"Blastomere B"
"B2",0.508964246124214,"Blastomere B"
"B2",0.498375865909016,"Blastomere B"
"B2",0.484018482720872,"Blastomere B"
"B2",0.50689703302532,"Blastomere B"
"B2",0.497529198926921,"Blastomere B"
"B2",0.505067499792293,"Blastomere B"
"B2",0.51508004438543,"Blastomere B"
"B2",0.498412288865706,"Blastomere B"
"B2",0.50066215035535,"Blastomere B"
"B2",0.480874839907907,"Blastomere B"
"B2",0.497613349472293,"Blastomere B"
"B2",0.500619057173917,"Blastomere B"
"B2",0.501670592177752,"Blastomere B"
"B2",0.507682290985639,"Blastomere B"
"B2",0.492869770435686,"Blastomere B"
"B2",0.493035143942309,"Blastomere B"
"B2",0.511106460736503,"Blastomere B"
"B2",0.48729908682686,"Blastomere B"
"B2",0.500873840316646,"Blastomere B"
"B2",0.495721841810236,"Blastomere B"
"B2",0.498726927533618,"Blastomere B"
"B2",0.503944646347373,"Blastomere B"
"B2",0.510159891853115,"Blastomere B"
"B2",0.491953620345117,"Blastomere B"
"B2",0.490076853043935,"Blastomere B"
"B2",0.49707068431264,"Blastomere B"
"B2",0.489660793943689,"Blastomere B"
"B2",0.493859834948323,"Blastomere B"
"B2",0.496043975307424,"Blastomere B"
"B2",0.494338263737416,"Blastomere B"
"B2",0.499175382134945,"Blastomere B"
"B2",0.505357460848135,"Blastomere B"
"B2",0.495474350524328,"Blastomere B"
"B2",0.498451636487305,"Blastomere B"
"B2",0.498384325043242,"Blastomere B"
"B2",0.49534705512817,"Blastomere B"
"B2",0.505042642644596,"Blastomere B"
"B2",0.496637230263875,"Blastomere B"
"B2",0.503808636971961,"Blastomere B"
"B2",0.497181844444183,"Blastomere B"
"B2",0.492841018230437,"Blastomere B"
"B2",0.489155205774938,"Blastomere B"
"B2",0.487434987527193,"Blastomere B"
"B2",0.509190531583979,"Blastomere B"
"B2",0.500342089000983,"Blastomere B"
"B2",0.505885995251634,"Blastomere B"
"B2",0.508041607741229,"Blastomere B"
"B2",0.491382550980504,"Blastomere B"
"B2",0.492135352194004,"Blastomere B"
"B2",0.49629580502263,"Blastomere B"
"B2",0.498217450774207,"Blastomere B"
"B2",0.49001256300284,"Blastomere B"
"B2",0.504901441274398,"Blastomere B"
"B2",0.500114675804222,"Blastomere B"
"B2",0.498315928677579,"Blastomere B"
"B2",0.496514395338851,"Blastomere B"
"B2",0.501682553537862,"Blastomere B"
"B2",0.496006806367796,"Blastomere B"
"B2",0.497189014470127,"Blastomere B"
