embryo,sample,tapebc,cells_sampled,expected_lineages,region
embryo #2,DTTz_2_S2,CGAAGAAAAGTG,1,1.0,observed
embryo #2,DTTz_2_S2,CGAAGAAAAGTG,29,7.56,observed
embryo #2,DTTz_2_S2,CGAAGAAAAGTG,58,10.36,observed
embryo #2,DTTz_2_S2,CGAAGAAAAGTG,87,12.21,observed
embryo #2,DTTz_2_S2,CGAAGAAAAGTG,115,13.56,observed
embryo #2,DTTz_2_S2,CGAAGAAAAGTG,144,14.71,observed
embryo #2,DTTz_2_S2,CGAAGAAAAGTG,173,15.7,observed
embryo #2,DTTz_2_S2,CGAAGAAAAGTG,201,16.56,observed
embryo #2,DTTz_2_S2,CGAAGAAAAGTG,230,17.36,observed
embryo #2,DTTz_2_S2,CGAAGAAAAGTG,259,18.1,observed
embryo #2,DTTz_2_S2,CGAAGAAAAGTG,287,18.77,observed
embryo #2,DTTz_2_S2,CGAAGAAAAGTG,316,19.42,observed
embryo #2,DTTz_2_S2,CGAAGAAAAGTG,345,20.04,observed
embryo #2,DTTz_2_S2,CGAAGAAAAGTG,373,20.6,observed
embryo #2,DTTz_2_S2,CGAAGAAAAGTG,402,21.16,observed
embryo #2,DTTz_2_S2,CGAAGAAAAGTG,431,21.7,observed
embryo #2,DTTz_2_S2,CGAAGAAAAGTG,459,22.2,observed
embryo #2,DTTz_2_S2,CGAAGAAAAGTG,488,22.7,observed
embryo #2,DTTz_2_S2,CGAAGAAAAGTG,517,23.18,observed
embryo #2,DTTz_2_S2,CGAAGAAAAGTG,545,23.63,observed
embryo #2,DTTz_2_S2,CGAAGAAAAGTG,574,24.08,observed
embryo #2,DTTz_2_S2,CGAAGAAAAGTG,603,24.53,observed
embryo #2,DTTz_2_S2,CGAAGAAAAGTG,631,24.94,observed
embryo #2,DTTz_2_S2,CGAAGAAAAGTG,660,25.36,observed
embryo #2,DTTz_2_S2,CGAAGAAAAGTG,689,25.77,observed
embryo #2,DTTz_2_S2,CGAAGAAAAGTG,717,26.16,observed
embryo #2,DTTz_2_S2,CGAAGAAAAGTG,746,26.56,observed
embryo #2,DTTz_2_S2,CGAAGAAAAGTG,775,26.94,observed
embryo #2,DTTz_2_S2,CGAAGAAAAGTG,803,27.31,observed
embryo #2,DTTz_2_S2,CGAAGAAAAGTG,832,27.68,observed
embryo #2,DTTz_2_S2,CGAAGAAAAGTG,861,28.04,observed
embryo #2,DTTz_2_S2,CGAAGAAAAGTG,889,28.38,observed
embryo #2,DTTz_2_S2,CGAAGAAAAGTG,918,28.73,observed
embryo #2,DTTz_2_S2,CGAAGAAAAGTG,947,29.07,observed
embryo #2,DTTz_2_S2,CGAAGAAAAGTG,975,29.4,observed
embryo #2,DTTz_2_S2,CGAAGAAAAGTG,1004,29.73,observed
embryo #2,DTTz_2_S2,CGAAGAAAAGTG,1033,30.06,observed
embryo #2,DTTz_2_S2,CGAAGAAAAGTG,1061,30.37,observed
embryo #2,DTTz_2_S2,CGAAGAAAAGTG,1090,30.69,observed
embryo #2,DTTz_2_S2,CGAAGAAAAGTG,1119,31.0,observed
embryo #2,DTTz_2_S2,CGAAGAAAAGTG,1194,31.79,extrapolated
embryo #2,DTTz_2_S2,CGAAGAAAAGTG,1270,32.57,extrapolated
embryo #2,DTTz_2_S2,CGAAGAAAAGTG,1346,33.31,extrapolated
embryo #2,DTTz_2_S2,CGAAGAAAAGTG,1422,34.04,extrapolated
embryo #2,DTTz_2_S2,CGAAGAAAAGTG,1498,34.74,extrapolated
embryo #2,DTTz_2_S2,CGAAGAAAAGTG,1574,35.41,extrapolated
embryo #2,DTTz_2_S2,CGAAGAAAAGTG,1650,36.07,extrapolated
embryo #2,DTTz_2_S2,CGAAGAAAAGTG,1725,36.69,extrapolated
embryo #2,DTTz_2_S2,CGAAGAAAAGTG,1801,37.3,extrapolated
embryo #2,DTTz_2_S2,CGAAGAAAAGTG,1877,37.89,extrapolated
embryo #2,DTTz_2_S2,CGAAGAAAAGTG,1953,38.46,extrapolated
embryo #2,DTTz_2_S2,CGAAGAAAAGTG,2029,39.02,extrapolated
embryo #2,DTTz_2_S2,CGAAGAAAAGTG,2105,39.55,extrapolated
embryo #2,DTTz_2_S2,CGAAGAAAAGTG,2181,40.06,extrapolated
embryo #2,DTTz_2_S2,CGAAGAAAAGTG,2256,40.56,extrapolated
embryo #2,DTTz_2_S2,CGAAGAAAAGTG,2332,41.04,extrapolated
embryo #2,DTTz_2_S2,CGAAGAAAAGTG,2408,41.5,extrapolated
embryo #2,DTTz_2_S2,CGAAGAAAAGTG,2484,41.95,extrapolated
embryo #2,DTTz_2_S2,CGAAGAAAAGTG,2560,42.39,extrapolated
embryo #2,DTTz_2_S2,CGAAGAAAAGTG,2636,42.81,extrapolated
embryo #2,DTTz_2_S2,CGAAGAAAAGTG,2712,43.22,extrapolated
embryo #2,DTTz_2_S2,CGAAGAAAAGTG,2788,43.61,extrapolated
embryo #2,DTTz_2_S2,CGAAGAAAAGTG,2863,43.98,extrapolated
embryo #2,DTTz_2_S2,CGAAGAAAAGTG,2939,44.35,extrapolated
embryo #2,DTTz_2_S2,CGAAGAAAAGTG,3015,44.71,extrapolated
embryo #2,DTTz_2_S2,CGAAGAAAAGTG,3091,45.05,extrapolated
embryo #2,DTTz_2_S2,CGAAGAAAAGTG,3167,45.38,extrapolated
embryo #2,DTTz_2_S2,CGAAGAAAAGTG,3243,45.7,extrapolated
embryo #2,DTTz_2_S2,CGAAGAAAAGTG,3319,46.01,extrapolated
embryo #2,DTTz_2_S2,CGAAGAAAAGTG,3394,46.31,extrapolated
embryo #2,DTTz_2_S2,CGAAGAAAAGTG,3470,46.6,extrapolated
embryo #2,DTTz_2_S2,CGAAGAAAAGTG,3546,46.88,extrapolated
embryo #2,DTTz_2_S2,CGAAGAAAAGTG,3622,47.15,extrapolated
embryo #2,DTTz_2_S2,CGAAGAAAAGTG,3698,47.41,extrapolated
embryo #2,DTTz_2_S2,CGAAGAAAAGTG,3774,47.66,extrapolated
embryo #2,DTTz_2_S2,CGAAGAAAAGTG,3850,47.91,extrapolated
embryo #2,DTTz_2_S2,CGAAGAAAAGTG,3925,48.14,extrapolated
embryo #2,DTTz_2_S2,CGAAGAAAAGTG,4001,48.37,extrapolated
embryo #2,DTTz_2_S2,CGAAGAAAAGTG,4077,48.59,extrapolated
embryo #2,DTTz_2_S2,CGAAGAAAAGTG,4153,48.8,extrapolated
embryo #2,DTTz_2_S2,CGAAGAAAAGTG,4229,49.01,extrapolated
embryo #2,DTTz_2_S2,CGAAGAAAAGTG,4305,49.21,extrapolated
embryo #2,DTTz_2_S2,CGAAGAAAAGTG,4381,49.4,extrapolated
embryo #2,DTTz_2_S2,CGAAGAAAAGTG,4457,49.59,extrapolated
embryo #2,DTTz_2_S2,CGAAGAAAAGTG,4532,49.77,extrapolated
embryo #2,DTTz_2_S2,CGAAGAAAAGTG,4608,49.94,extrapolated
embryo #2,DTTz_2_S2,CGAAGAAAAGTG,4684,50.11,extrapolated
embryo #2,DTTz_2_S2,CGAAGAAAAGTG,4760,50.27,extrapolated
embryo #2,DTTz_2_S2,CGAAGAAAAGTG,4836,50.43,extrapolated
embryo #2,DTTz_2_S2,CGAAGAAAAGTG,4912,50.58,extrapolated
embryo #2,DTTz_2_S2,CGAAGAAAAGTG,4988,50.73,extrapolated
embryo #2,DTTz_2_S2,CGAAGAAAAGTG,5063,50.87,extrapolated
embryo #2,DTTz_2_S2,CGAAGAAAAGTG,5139,51.0,extrapolated
embryo #2,DTTz_2_S2,CGAAGAAAAGTG,5215,51.14,extrapolated
embryo #2,DTTz_2_S2,CGAAGAAAAGTG,5291,51.27,extrapolated
embryo #2,DTTz_2_S2,CGAAGAAAAGTG,5367,51.39,extrapolated
embryo #2,DTTz_2_S2,CGAAGAAAAGTG,5443,51.51,extrapolated
embryo #2,DTTz_2_S2,CGAAGAAAAGTG,5519,51.63,extrapolated
embryo #2,DTTz_2_S2,CGAAGAAAAGTG,5595,51.74,extrapolated
embryo #2,DTTz_2_S2,TAGGAAAAGTGG,1,1.0,observed
embryo #2,DTTz_2_S2,TAGGAAAAGTGG,13,4.71,observed
embryo #2,DTTz_2_S2,TAGGAAAAGTGG,25,6.27,observed
embryo #2,DTTz_2_S2,TAGGAAAAGTGG,38,7.42,observed
embryo #2,DTTz_2_S2,TAGGAAAAGTGG,50,8.23,observed
embryo #2,DTTz_2_S2,TAGGAAAAGTGG,62,8.89,observed
embryo #2,DTTz_2_S2,TAGGAAAAGTGG,75,9.47,observed
embryo #2,DTTz_2_S2,TAGGAAAAGTGG,87,9.93,observed
embryo #2,DTTz_2_S2,TAGGAAAAGTGG,99,10.33,observed
embryo #2,DTTz_2_S2,TAGGAAAAGTGG,112,10.71,observed
embryo #2,DTTz_2_S2,TAGGAAAAGTGG,124,11.02,observed
embryo #2,DTTz_2_S2,TAGGAAAAGTGG,136,11.31,observed
embryo #2,DTTz_2_S2,TAGGAAAAGTGG,149,11.59,observed
embryo #2,DTTz_2_S2,TAGGAAAAGTGG,161,11.83,observed
embryo #2,DTTz_2_S2,TAGGAAAAGTGG,173,12.06,observed
embryo #2,DTTz_2_S2,TAGGAAAAGTGG,186,12.29,observed
embryo #2,DTTz_2_S2,TAGGAAAAGTGG,198,12.49,observed
embryo #2,DTTz_2_S2,TAGGAAAAGTGG,210,12.69,observed
embryo #2,DTTz_2_S2,TAGGAAAAGTGG,223,12.89,observed
embryo #2,DTTz_2_S2,TAGGAAAAGTGG,235,13.07,observed
embryo #2,DTTz_2_S2,TAGGAAAAGTGG,247,13.24,observed
embryo #2,DTTz_2_S2,TAGGAAAAGTGG,260,13.42,observed
embryo #2,DTTz_2_S2,TAGGAAAAGTGG,272,13.58,observed
embryo #2,DTTz_2_S2,TAGGAAAAGTGG,284,13.74,observed
embryo #2,DTTz_2_S2,TAGGAAAAGTGG,297,13.9,observed
embryo #2,DTTz_2_S2,TAGGAAAAGTGG,309,14.05,observed
embryo #2,DTTz_2_S2,TAGGAAAAGTGG,321,14.2,observed
embryo #2,DTTz_2_S2,TAGGAAAAGTGG,334,14.36,observed
embryo #2,DTTz_2_S2,TAGGAAAAGTGG,346,14.5,observed
embryo #2,DTTz_2_S2,TAGGAAAAGTGG,358,14.64,observed
embryo #2,DTTz_2_S2,TAGGAAAAGTGG,371,14.79,observed
embryo #2,DTTz_2_S2,TAGGAAAAGTGG,383,14.93,observed
embryo #2,DTTz_2_S2,TAGGAAAAGTGG,395,15.06,observed
embryo #2,DTTz_2_S2,TAGGAAAAGTGG,408,15.21,observed
embryo #2,DTTz_2_S2,TAGGAAAAGTGG,420,15.34,observed
embryo #2,DTTz_2_S2,TAGGAAAAGTGG,432,15.47,observed
embryo #2,DTTz_2_S2,TAGGAAAAGTGG,445,15.61,observed
embryo #2,DTTz_2_S2,TAGGAAAAGTGG,457,15.74,observed
embryo #2,DTTz_2_S2,TAGGAAAAGTGG,469,15.86,observed
embryo #2,DTTz_2_S2,TAGGAAAAGTGG,482,16.0,observed
embryo #2,DTTz_2_S2,TAGGAAAAGTGG,514,16.33,extrapolated
embryo #2,DTTz_2_S2,TAGGAAAAGTGG,547,16.66,extrapolated
embryo #2,DTTz_2_S2,TAGGAAAAGTGG,580,16.98,extrapolated
embryo #2,DTTz_2_S2,TAGGAAAAGTGG,612,17.28,extrapolated
embryo #2,DTTz_2_S2,TAGGAAAAGTGG,645,17.58,extrapolated
embryo #2,DTTz_2_S2,TAGGAAAAGTGG,678,17.88,extrapolated
embryo #2,DTTz_2_S2,TAGGAAAAGTGG,710,18.15,extrapolated
embryo #2,DTTz_2_S2,TAGGAAAAGTGG,743,18.43,extrapolated
embryo #2,DTTz_2_S2,TAGGAAAAGTGG,776,18.7,extrapolated
embryo #2,DTTz_2_S2,TAGGAAAAGTGG,808,18.96,extrapolated
embryo #2,DTTz_2_S2,TAGGAAAAGTGG,841,19.22,extrapolated
embryo #2,DTTz_2_S2,TAGGAAAAGTGG,874,19.47,extrapolated
embryo #2,DTTz_2_S2,TAGGAAAAGTGG,906,19.71,extrapolated
embryo #2,DTTz_2_S2,TAGGAAAAGTGG,939,19.94,extrapolated
embryo #2,DTTz_2_S2,TAGGAAAAGTGG,972,20.17,extrapolated
embryo #2,DTTz_2_S2,TAGGAAAAGTGG,1004,20.39,extrapolated
embryo #2,DTTz_2_S2,TAGGAAAAGTGG,1037,20.61,extrapolated
embryo #2,DTTz_2_S2,TAGGAAAAGTGG,1070,20.82,extrapolated
embryo #2,DTTz_2_S2,TAGGAAAAGTGG,1102,21.02,extrapolated
embryo #2,DTTz_2_S2,TAGGAAAAGTGG,1135,21.23,extrapolated
embryo #2,DTTz_2_S2,TAGGAAAAGTGG,1168,21.42,extrapolated
embryo #2,DTTz_2_S2,TAGGAAAAGTGG,1200,21.61,extrapolated
embryo #2,DTTz_2_S2,TAGGAAAAGTGG,1233,21.79,extrapolated
embryo #2,DTTz_2_S2,TAGGAAAAGTGG,1266,21.97,extrapolated
embryo #2,DTTz_2_S2,TAGGAAAAGTGG,1298,22.14,extrapolated
embryo #2,DTTz_2_S2,TAGGAAAAGTGG,1331,22.32,extrapolated
embryo #2,DTTz_2_S2,TAGGAAAAGTGG,1364,22.48,extrapolated
embryo #2,DTTz_2_S2,TAGGAAAAGTGG,1396,22.64,extrapolated
embryo #2,DTTz_2_S2,TAGGAAAAGTGG,1429,22.8,extrapolated
embryo #2,DTTz_2_S2,TAGGAAAAGTGG,1462,22.95,extrapolated
embryo #2,DTTz_2_S2,TAGGAAAAGTGG,1495,23.1,extrapolated
embryo #2,DTTz_2_S2,TAGGAAAAGTGG,1527,23.24,extrapolated
embryo #2,DTTz_2_S2,TAGGAAAAGTGG,1560,23.38,extrapolated
embryo #2,DTTz_2_S2,TAGGAAAAGTGG,1593,23.52,extrapolated
embryo #2,DTTz_2_S2,TAGGAAAAGTGG,1625,23.65,extrapolated
embryo #2,DTTz_2_S2,TAGGAAAAGTGG,1658,23.78,extrapolated
embryo #2,DTTz_2_S2,TAGGAAAAGTGG,1691,23.91,extrapolated
embryo #2,DTTz_2_S2,TAGGAAAAGTGG,1723,24.03,extrapolated
embryo #2,DTTz_2_S2,TAGGAAAAGTGG,1756,24.15,extrapolated
embryo #2,DTTz_2_S2,TAGGAAAAGTGG,1789,24.27,extrapolated
embryo #2,DTTz_2_S2,TAGGAAAAGTGG,1821,24.38,extrapolated
embryo #2,DTTz_2_S2,TAGGAAAAGTGG,1854,24.49,extrapolated
embryo #2,DTTz_2_S2,TAGGAAAAGTGG,1887,24.59,extrapolated
embryo #2,DTTz_2_S2,TAGGAAAAGTGG,1919,24.7,extrapolated
embryo #2,DTTz_2_S2,TAGGAAAAGTGG,1952,24.8,extrapolated
embryo #2,DTTz_2_S2,TAGGAAAAGTGG,1985,24.9,extrapolated
embryo #2,DTTz_2_S2,TAGGAAAAGTGG,2017,24.99,extrapolated
embryo #2,DTTz_2_S2,TAGGAAAAGTGG,2050,25.09,extrapolated
embryo #2,DTTz_2_S2,TAGGAAAAGTGG,2083,25.18,extrapolated
embryo #2,DTTz_2_S2,TAGGAAAAGTGG,2115,25.26,extrapolated
embryo #2,DTTz_2_S2,TAGGAAAAGTGG,2148,25.35,extrapolated
embryo #2,DTTz_2_S2,TAGGAAAAGTGG,2181,25.44,extrapolated
embryo #2,DTTz_2_S2,TAGGAAAAGTGG,2213,25.52,extrapolated
embryo #2,DTTz_2_S2,TAGGAAAAGTGG,2246,25.6,extrapolated
embryo #2,DTTz_2_S2,TAGGAAAAGTGG,2279,25.67,extrapolated
embryo #2,DTTz_2_S2,TAGGAAAAGTGG,2311,25.75,extrapolated
embryo #2,DTTz_2_S2,TAGGAAAAGTGG,2344,25.82,extrapolated
embryo #2,DTTz_2_S2,TAGGAAAAGTGG,2377,25.89,extrapolated
embryo #2,DTTz_2_S2,TAGGAAAAGTGG,2410,25.96,extrapolated
embryo #2,DTTz_2_S2,TGGCGAAAAAAC,1,1.0,observed
embryo #2,DTTz_2_S2,TGGCGAAAAAAC,24,9.48,observed
embryo #2,DTTz_2_S2,TGGCGAAAAAAC,48,13.32,observed
embryo #2,DTTz_2_S2,TGGCGAAAAAAC,71,15.98,observed
embryo #2,DTTz_2_S2,TGGCGAAAAAAC,95,18.26,observed
embryo #2,DTTz_2_S2,TGGCGAAAAAAC,118,20.14,observed
embryo #2,DTTz_2_S2,TGGCGAAAAAAC,142,21.91,observed
embryo #2,DTTz_2_S2,TGGCGAAAAAAC,165,23.45,observed
embryo #2,DTTz_2_S2,TGGCGAAAAAAC,189,24.94,observed
embryo #2,DTTz_2_S2,TGGCGAAAAAAC,213,26.33,observed
embryo #2,DTTz_2_S2,TGGCGAAAAAAC,236,27.6,observed
embryo #2,DTTz_2_S2,TGGCGAAAAAAC,260,28.85,observed
embryo #2,DTTz_2_S2,TGGCGAAAAAAC,283,29.99,observed
embryo #2,DTTz_2_S2,TGGCGAAAAAAC,307,31.14,observed
embryo #2,DTTz_2_S2,TGGCGAAAAAAC,330,32.2,observed
embryo #2,DTTz_2_S2,TGGCGAAAAAAC,354,33.27,observed
embryo #2,DTTz_2_S2,TGGCGAAAAAAC,378,34.31,observed
embryo #2,DTTz_2_S2,TGGCGAAAAAAC,401,35.28,observed
embryo #2,DTTz_2_S2,TGGCGAAAAAAC,425,36.26,observed
embryo #2,DTTz_2_S2,TGGCGAAAAAAC,448,37.18,observed
embryo #2,DTTz_2_S2,TGGCGAAAAAAC,472,38.12,observed
embryo #2,DTTz_2_S2,TGGCGAAAAAAC,495,39.0,observed
embryo #2,DTTz_2_S2,TGGCGAAAAAAC,519,39.9,observed
embryo #2,DTTz_2_S2,TGGCGAAAAAAC,542,40.75,observed
embryo #2,DTTz_2_S2,TGGCGAAAAAAC,566,41.62,observed
embryo #2,DTTz_2_S2,TGGCGAAAAAAC,590,42.47,observed
embryo #2,DTTz_2_S2,TGGCGAAAAAAC,613,43.27,observed
embryo #2,DTTz_2_S2,TGGCGAAAAAAC,637,44.1,observed
embryo #2,DTTz_2_S2,TGGCGAAAAAAC,660,44.87,observed
embryo #2,DTTz_2_S2,TGGCGAAAAAAC,684,45.67,observed
embryo #2,DTTz_2_S2,TGGCGAAAAAAC,707,46.43,observed
embryo #2,DTTz_2_S2,TGGCGAAAAAAC,731,47.21,observed
embryo #2,DTTz_2_S2,TGGCGAAAAAAC,755,47.97,observed
embryo #2,DTTz_2_S2,TGGCGAAAAAAC,778,48.7,observed
embryo #2,DTTz_2_S2,TGGCGAAAAAAC,802,49.45,observed
embryo #2,DTTz_2_S2,TGGCGAAAAAAC,825,50.15,observed
embryo #2,DTTz_2_S2,TGGCGAAAAAAC,849,50.89,observed
embryo #2,DTTz_2_S2,TGGCGAAAAAAC,872,51.58,observed
embryo #2,DTTz_2_S2,TGGCGAAAAAAC,896,52.29,observed
embryo #2,DTTz_2_S2,TGGCGAAAAAAC,920,53.0,observed
embryo #2,DTTz_2_S2,TGGCGAAAAAAC,982,54.8,extrapolated
embryo #2,DTTz_2_S2,TGGCGAAAAAAC,1044,56.55,extrapolated
embryo #2,DTTz_2_S2,TGGCGAAAAAAC,1107,58.29,extrapolated
embryo #2,DTTz_2_S2,TGGCGAAAAAAC,1169,59.95,extrapolated
embryo #2,DTTz_2_S2,TGGCGAAAAAAC,1231,61.58,extrapolated
embryo #2,DTTz_2_S2,TGGCGAAAAAAC,1294,63.19,extrapolated
embryo #2,DTTz_2_S2,TGGCGAAAAAAC,1356,64.73,extrapolated
embryo #2,DTTz_2_S2,TGGCGAAAAAAC,1418,66.24,extrapolated
embryo #2,DTTz_2_S2,TGGCGAAAAAAC,1481,67.73,extrapolated
embryo #2,DTTz_2_S2,TGGCGAAAAAAC,1543,69.17,extrapolated
embryo #2,DTTz_2_S2,TGGCGAAAAAAC,1606,70.59,extrapolated
embryo #2,DTTz_2_S2,TGGCGAAAAAAC,1668,71.95,extrapolated
embryo #2,DTTz_2_S2,TGGCGAAAAAAC,1730,73.28,extrapolated
embryo #2,DTTz_2_S2,TGGCGAAAAAAC,1793,74.6,extrapolated
embryo #2,DTTz_2_S2,TGGCGAAAAAAC,1855,75.86,extrapolated
embryo #2,DTTz_2_S2,TGGCGAAAAAAC,1917,77.09,extrapolated
embryo #2,DTTz_2_S2,TGGCGAAAAAAC,1980,78.31,extrapolated
embryo #2,DTTz_2_S2,TGGCGAAAAAAC,2042,79.49,extrapolated
embryo #2,DTTz_2_S2,TGGCGAAAAAAC,2105,80.65,extrapolated
embryo #2,DTTz_2_S2,TGGCGAAAAAAC,2167,81.76,extrapolated
embryo #2,DTTz_2_S2,TGGCGAAAAAAC,2229,82.85,extrapolated
embryo #2,DTTz_2_S2,TGGCGAAAAAAC,2292,83.93,extrapolated
embryo #2,DTTz_2_S2,TGGCGAAAAAAC,2354,84.96,extrapolated
embryo #2,DTTz_2_S2,TGGCGAAAAAAC,2416,85.97,extrapolated
embryo #2,DTTz_2_S2,TGGCGAAAAAAC,2479,86.97,extrapolated
embryo #2,DTTz_2_S2,TGGCGAAAAAAC,2541,87.92,extrapolated
embryo #2,DTTz_2_S2,TGGCGAAAAAAC,2604,88.87,extrapolated
embryo #2,DTTz_2_S2,TGGCGAAAAAAC,2666,89.79,extrapolated
embryo #2,DTTz_2_S2,TGGCGAAAAAAC,2728,90.68,extrapolated
embryo #2,DTTz_2_S2,TGGCGAAAAAAC,2791,91.56,extrapolated
embryo #2,DTTz_2_S2,TGGCGAAAAAAC,2853,92.4,extrapolated
embryo #2,DTTz_2_S2,TGGCGAAAAAAC,2915,93.23,extrapolated
embryo #2,DTTz_2_S2,TGGCGAAAAAAC,2978,94.04,extrapolated
embryo #2,DTTz_2_S2,TGGCGAAAAAAC,3040,94.83,extrapolated
embryo #2,DTTz_2_S2,TGGCGAAAAAAC,3103,95.6,extrapolated
embryo #2,DTTz_2_S2,TGGCGAAAAAAC,3165,96.35,extrapolated
embryo #2,DTTz_2_S2,TGGCGAAAAAAC,3227,97.08,extrapolated
embryo #2,DTTz_2_S2,TGGCGAAAAAAC,3290,97.8,extrapolated
embryo #2,DTTz_2_S2,TGGCGAAAAAAC,3352,98.49,extrapolated
embryo #2,DTTz_2_S2,TGGCGAAAAAAC,3414,99.16,extrapolated
embryo #2,DTTz_2_S2,TGGCGAAAAAAC,3477,99.83,extrapolated
embryo #2,DTTz_2_S2,TGGCGAAAAAAC,3539,100.47,extrapolated
embryo #2,DTTz_2_S2,TGGCGAAAAAAC,3602,101.11,extrapolated
embryo #2,DTTz_2_S2,TGGCGAAAAAAC,3664,101.72,extrapolated
embryo #2,DTTz_2_S2,TGGCGAAAAAAC,3726,102.31,extrapolated
embryo #2,DTTz_2_S2,TGGCGAAAAAAC,3789,102.9,extrapolated
embryo #2,DTTz_2_S2,TGGCGAAAAAAC,3851,103.47,extrapolated
embryo #2,DTTz_2_S2,TGGCGAAAAAAC,3913,104.02,extrapolated
embryo #2,DTTz_2_S2,TGGCGAAAAAAC,3976,104.56,extrapolated
embryo #2,DTTz_2_S2,TGGCGAAAAAAC,4038,105.09,extrapolated
embryo #2,DTTz_2_S2,TGGCGAAAAAAC,4101,105.61,extrapolated
embryo #2,DTTz_2_S2,TGGCGAAAAAAC,4163,106.11,extrapolated
embryo #2,DTTz_2_S2,TGGCGAAAAAAC,4225,106.59,extrapolated
embryo #2,DTTz_2_S2,TGGCGAAAAAAC,4288,107.08,extrapolated
embryo #2,DTTz_2_S2,TGGCGAAAAAAC,4350,107.54,extrapolated
embryo #2,DTTz_2_S2,TGGCGAAAAAAC,4412,107.99,extrapolated
embryo #2,DTTz_2_S2,TGGCGAAAAAAC,4475,108.44,extrapolated
embryo #2,DTTz_2_S2,TGGCGAAAAAAC,4537,108.87,extrapolated
embryo #2,DTTz_2_S2,TGGCGAAAAAAC,4600,109.29,extrapolated
embryo #2,DTTz_2_S2,TTGGTAACCCCA,1,1.0,observed
embryo #2,DTTz_2_S2,TTGGTAACCCCA,3,1.05,observed
embryo #2,DTTz_2_S2,TTGGTAACCCCA,6,1.11,observed
embryo #2,DTTz_2_S2,TTGGTAACCCCA,9,1.16,observed
embryo #2,DTTz_2_S2,TTGGTAACCCCA,12,1.21,observed
embryo #2,DTTz_2_S2,TTGGTAACCCCA,15,1.27,observed
embryo #2,DTTz_2_S2,TTGGTAACCCCA,18,1.32,observed
embryo #2,DTTz_2_S2,TTGGTAACCCCA,20,1.36,observed
embryo #2,DTTz_2_S2,TTGGTAACCCCA,23,1.41,observed
embryo #2,DTTz_2_S2,TTGGTAACCCCA,26,1.46,observed
embryo #2,DTTz_2_S2,TTGGTAACCCCA,29,1.52,observed
embryo #2,DTTz_2_S2,TTGGTAACCCCA,32,1.57,observed
embryo #2,DTTz_2_S2,TTGGTAACCCCA,35,1.63,observed
embryo #2,DTTz_2_S2,TTGGTAACCCCA,38,1.68,observed
embryo #2,DTTz_2_S2,TTGGTAACCCCA,40,1.71,observed
embryo #2,DTTz_2_S2,TTGGTAACCCCA,43,1.77,observed
embryo #2,DTTz_2_S2,TTGGTAACCCCA,46,1.82,observed
embryo #2,DTTz_2_S2,TTGGTAACCCCA,49,1.88,observed
embryo #2,DTTz_2_S2,TTGGTAACCCCA,52,1.93,observed
embryo #2,DTTz_2_S2,TTGGTAACCCCA,55,1.98,observed
embryo #2,DTTz_2_S2,TTGGTAACCCCA,57,2.02,observed
embryo #2,DTTz_2_S2,TTGGTAACCCCA,60,2.07,observed
embryo #2,DTTz_2_S2,TTGGTAACCCCA,63,2.13,observed
embryo #2,DTTz_2_S2,TTGGTAACCCCA,66,2.18,observed
embryo #2,DTTz_2_S2,TTGGTAACCCCA,69,2.23,observed
embryo #2,DTTz_2_S2,TTGGTAACCCCA,72,2.29,observed
embryo #2,DTTz_2_S2,TTGGTAACCCCA,75,2.34,observed
embryo #2,DTTz_2_S2,TTGGTAACCCCA,77,2.38,observed
embryo #2,DTTz_2_S2,TTGGTAACCCCA,80,2.43,observed
embryo #2,DTTz_2_S2,TTGGTAACCCCA,83,2.48,observed
embryo #2,DTTz_2_S2,TTGGTAACCCCA,86,2.54,observed
embryo #2,DTTz_2_S2,TTGGTAACCCCA,89,2.59,observed
embryo #2,DTTz_2_S2,TTGGTAACCCCA,92,2.64,observed
embryo #2,DTTz_2_S2,TTGGTAACCCCA,94,2.68,observed
embryo #2,DTTz_2_S2,TTGGTAACCCCA,97,2.73,observed
embryo #2,DTTz_2_S2,TTGGTAACCCCA,100,2.79,observed
embryo #2,DTTz_2_S2,TTGGTAACCCCA,103,2.84,observed
embryo #2,DTTz_2_S2,TTGGTAACCCCA,106,2.89,observed
embryo #2,DTTz_2_S2,TTGGTAACCCCA,109,2.95,observed
embryo #2,DTTz_2_S2,TTGGTAACCCCA,112,3.0,observed
embryo #2,DTTz_2_S2,TTGGTAACCCCA,119,3.12,extrapolated
embryo #2,DTTz_2_S2,TTGGTAACCCCA,127,3.23,extrapolated
embryo #2,DTTz_2_S2,TTGGTAACCCCA,134,3.32,extrapolated
embryo #2,DTTz_2_S2,TTGGTAACCCCA,142,3.41,extrapolated
embryo #2,DTTz_2_S2,TTGGTAACCCCA,149,3.48,extrapolated
embryo #2,DTTz_2_S2,TTGGTAACCCCA,157,3.55,extrapolated
embryo #2,DTTz_2_S2,TTGGTAACCCCA,165,3.61,extrapolated
embryo #2,DTTz_2_S2,TTGGTAACCCCA,172,3.65,extrapolated
embryo #2,DTTz_2_S2,TTGGTAACCCCA,180,3.7,extrapolated
embryo #2,DTTz_2_S2,TTGGTAACCCCA,187,3.73,extrapolated
embryo #2,DTTz_2_S2,TTGGTAACCCCA,195,3.77,extrapolated
embryo #2,DTTz_2_S2,TTGGTAACCCCA,203,3.8,extrapolated
embryo #2,DTTz_2_S2,TTGGTAACCCCA,210,3.82,extrapolated
embryo #2,DTTz_2_S2,TTGGTAACCCCA,218,3.84,extrapolated
embryo #2,DTTz_2_S2,TTGGTAACCCCA,225,3.86,extrapolated
embryo #2,DTTz_2_S2,TTGGTAACCCCA,233,3.88,extrapolated
embryo #2,DTTz_2_S2,TTGGTAACCCCA,241,3.89,extrapolated
embryo #2,DTTz_2_S2,TTGGTAACCCCA,248,3.9,extrapolated
embryo #2,DTTz_2_S2,TTGGTAACCCCA,256,3.92,extrapolated
embryo #2,DTTz_2_S2,TTGGTAACCCCA,263,3.92,extrapolated
embryo #2,DTTz_2_S2,TTGGTAACCCCA,271,3.93,extrapolated
embryo #2,DTTz_2_S2,TTGGTAACCCCA,279,3.94,extrapolated
embryo #2,DTTz_2_S2,TTGGTAACCCCA,286,3.95,extrapolated
embryo #2,DTTz_2_S2,TTGGTAACCCCA,294,3.95,extrapolated
embryo #2,DTTz_2_S2,TTGGTAACCCCA,301,3.96,extrapolated
embryo #2,DTTz_2_S2,TTGGTAACCCCA,309,3.96,extrapolated
embryo #2,DTTz_2_S2,TTGGTAACCCCA,317,3.97,extrapolated
embryo #2,DTTz_2_S2,TTGGTAACCCCA,324,3.97,extrapolated
embryo #2,DTTz_2_S2,TTGGTAACCCCA,332,3.97,extrapolated
embryo #2,DTTz_2_S2,TTGGTAACCCCA,339,3.97,extrapolated
embryo #2,DTTz_2_S2,TTGGTAACCCCA,347,3.98,extrapolated
embryo #2,DTTz_2_S2,TTGGTAACCCCA,354,3.98,extrapolated
embryo #2,DTTz_2_S2,TTGGTAACCCCA,362,3.98,extrapolated
embryo #2,DTTz_2_S2,TTGGTAACCCCA,370,3.98,extrapolated
embryo #2,DTTz_2_S2,TTGGTAACCCCA,377,3.98,extrapolated
embryo #2,DTTz_2_S2,TTGGTAACCCCA,385,3.98,extrapolated
embryo #2,DTTz_2_S2,TTGGTAACCCCA,392,3.98,extrapolated
embryo #2,DTTz_2_S2,TTGGTAACCCCA,400,3.99,extrapolated
embryo #2,DTTz_2_S2,TTGGTAACCCCA,408,3.99,extrapolated
embryo #2,DTTz_2_S2,TTGGTAACCCCA,415,3.99,extrapolated
embryo #2,DTTz_2_S2,TTGGTAACCCCA,423,3.99,extrapolated
embryo #2,DTTz_2_S2,TTGGTAACCCCA,430,3.99,extrapolated
embryo #2,DTTz_2_S2,TTGGTAACCCCA,438,3.99,extrapolated
embryo #2,DTTz_2_S2,TTGGTAACCCCA,446,3.99,extrapolated
embryo #2,DTTz_2_S2,TTGGTAACCCCA,453,3.99,extrapolated
embryo #2,DTTz_2_S2,TTGGTAACCCCA,461,3.99,extrapolated
embryo #2,DTTz_2_S2,TTGGTAACCCCA,468,3.99,extrapolated
embryo #2,DTTz_2_S2,TTGGTAACCCCA,476,3.99,extrapolated
embryo #2,DTTz_2_S2,TTGGTAACCCCA,484,3.99,extrapolated
embryo #2,DTTz_2_S2,TTGGTAACCCCA,491,3.99,extrapolated
embryo #2,DTTz_2_S2,TTGGTAACCCCA,499,3.99,extrapolated
embryo #2,DTTz_2_S2,TTGGTAACCCCA,506,3.99,extrapolated
embryo #2,DTTz_2_S2,TTGGTAACCCCA,514,3.99,extrapolated
embryo #2,DTTz_2_S2,TTGGTAACCCCA,522,3.99,extrapolated
embryo #2,DTTz_2_S2,TTGGTAACCCCA,529,3.99,extrapolated
embryo #2,DTTz_2_S2,TTGGTAACCCCA,537,3.99,extrapolated
embryo #2,DTTz_2_S2,TTGGTAACCCCA,544,3.99,extrapolated
embryo #2,DTTz_2_S2,TTGGTAACCCCA,552,3.99,extrapolated
embryo #2,DTTz_2_S2,TTGGTAACCCCA,560,3.99,extrapolated
embryo #2,DTTz_2_S2,GTCCCAATTTTT,1,1.0,observed
embryo #2,DTTz_2_S2,GTCCCAATTTTT,5,3.15,observed
embryo #2,DTTz_2_S2,GTCCCAATTTTT,10,4.93,observed
embryo #2,DTTz_2_S2,GTCCCAATTTTT,15,6.46,observed
embryo #2,DTTz_2_S2,GTCCCAATTTTT,20,7.85,observed
embryo #2,DTTz_2_S2,GTCCCAATTTTT,25,9.14,observed
embryo #2,DTTz_2_S2,GTCCCAATTTTT,30,10.35,observed
embryo #2,DTTz_2_S2,GTCCCAATTTTT,35,11.51,observed
embryo #2,DTTz_2_S2,GTCCCAATTTTT,40,12.61,observed
embryo #2,DTTz_2_S2,GTCCCAATTTTT,45,13.68,observed
embryo #2,DTTz_2_S2,GTCCCAATTTTT,49,14.5,observed
embryo #2,DTTz_2_S2,GTCCCAATTTTT,54,15.5,observed
embryo #2,DTTz_2_S2,GTCCCAATTTTT,59,16.46,observed
embryo #2,DTTz_2_S2,GTCCCAATTTTT,64,17.4,observed
embryo #2,DTTz_2_S2,GTCCCAATTTTT,69,18.32,observed
embryo #2,DTTz_2_S2,GTCCCAATTTTT,74,19.21,observed
embryo #2,DTTz_2_S2,GTCCCAATTTTT,79,20.07,observed
embryo #2,DTTz_2_S2,GTCCCAATTTTT,84,20.92,observed
embryo #2,DTTz_2_S2,GTCCCAATTTTT,89,21.75,observed
embryo #2,DTTz_2_S2,GTCCCAATTTTT,94,22.56,observed
embryo #2,DTTz_2_S2,GTCCCAATTTTT,98,23.2,observed
embryo #2,DTTz_2_S2,GTCCCAATTTTT,103,23.98,observed
embryo #2,DTTz_2_S2,GTCCCAATTTTT,108,24.75,observed
embryo #2,DTTz_2_S2,GTCCCAATTTTT,113,25.5,observed
embryo #2,DTTz_2_S2,GTCCCAATTTTT,118,26.24,observed
embryo #2,DTTz_2_S2,GTCCCAATTTTT,123,26.97,observed
embryo #2,DTTz_2_S2,GTCCCAATTTTT,128,27.69,observed
embryo #2,DTTz_2_S2,GTCCCAATTTTT,133,28.39,observed
embryo #2,DTTz_2_S2,GTCCCAATTTTT,138,29.09,observed
embryo #2,DTTz_2_S2,GTCCCAATTTTT,143,29.77,observed
embryo #2,DTTz_2_S2,GTCCCAATTTTT,147,30.31,observed
embryo #2,DTTz_2_S2,GTCCCAATTTTT,152,30.98,observed
embryo #2,DTTz_2_S2,GTCCCAATTTTT,157,31.63,observed
embryo #2,DTTz_2_S2,GTCCCAATTTTT,162,32.28,observed
embryo #2,DTTz_2_S2,GTCCCAATTTTT,167,32.92,observed
embryo #2,DTTz_2_S2,GTCCCAATTTTT,172,33.55,observed
embryo #2,DTTz_2_S2,GTCCCAATTTTT,177,34.17,observed
embryo #2,DTTz_2_S2,GTCCCAATTTTT,182,34.79,observed
embryo #2,DTTz_2_S2,GTCCCAATTTTT,187,35.4,observed
embryo #2,DTTz_2_S2,GTCCCAATTTTT,192,36.0,observed
embryo #2,DTTz_2_S2,GTCCCAATTTTT,205,37.53,extrapolated
embryo #2,DTTz_2_S2,GTCCCAATTTTT,218,39.02,extrapolated
embryo #2,DTTz_2_S2,GTCCCAATTTTT,231,40.47,extrapolated
embryo #2,DTTz_2_S2,GTCCCAATTTTT,244,41.87,extrapolated
embryo #2,DTTz_2_S2,GTCCCAATTTTT,257,43.23,extrapolated
embryo #2,DTTz_2_S2,GTCCCAATTTTT,270,44.55,extrapolated
embryo #2,DTTz_2_S2,GTCCCAATTTTT,283,45.84,extrapolated
embryo #2,DTTz_2_S2,GTCCCAATTTTT,296,47.08,extrapolated
embryo #2,DTTz_2_S2,GTCCCAATTTTT,309,48.29,extrapolated
embryo #2,DTTz_2_S2,GTCCCAATTTTT,322,49.47,extrapolated
embryo #2,DTTz_2_S2,GTCCCAATTTTT,335,50.61,extrapolated
embryo #2,DTTz_2_S2,GTCCCAATTTTT,348,51.71,extrapolated
embryo #2,DTTz_2_S2,GTCCCAATTTTT,361,52.79,extrapolated
embryo #2,DTTz_2_S2,GTCCCAATTTTT,374,53.83,extrapolated
embryo #2,DTTz_2_S2,GTCCCAATTTTT,387,54.85,extrapolated
embryo #2,DTTz_2_S2,GTCCCAATTTTT,400,55.83,extrapolated
embryo #2,DTTz_2_S2,GTCCCAATTTTT,413,56.79,extrapolated
embryo #2,DTTz_2_S2,GTCCCAATTTTT,426,57.71,extrapolated
embryo #2,DTTz_2_S2,GTCCCAATTTTT,439,58.61,extrapolated
embryo #2,DTTz_2_S2,GTCCCAATTTTT,452,59.49,extrapolated
embryo #2,DTTz_2_S2,GTCCCAATTTTT,465,60.34,extrapolated
embryo #2,DTTz_2_S2,GTCCCAATTTTT,478,61.16,extrapolated
embryo #2,DTTz_2_S2,GTCCCAATTTTT,491,61.96,extrapolated
embryo #2,DTTz_2_S2,GTCCCAATTTTT,504,62.74,extrapolated
embryo #2,DTTz_2_S2,GTCCCAATTTTT,517,63.49,extrapolated
embryo #2,DTTz_2_S2,GTCCCAATTTTT,530,64.22,extrapolated
embryo #2,DTTz_2_S2,GTCCCAATTTTT,543,64.93,extrapolated
embryo #2,DTTz_2_S2,GTCCCAATTTTT,556,65.62,extrapolated
embryo #2,DTTz_2_S2,GTCCCAATTTTT,569,66.29,extrapolated
embryo #2,DTTz_2_S2,GTCCCAATTTTT,582,66.94,extrapolated
embryo #2,DTTz_2_S2,GTCCCAATTTTT,595,67.58,extrapolated
embryo #2,DTTz_2_S2,GTCCCAATTTTT,608,68.19,extrapolated
embryo #2,DTTz_2_S2,GTCCCAATTTTT,621,68.78,extrapolated
embryo #2,DTTz_2_S2,GTCCCAATTTTT,634,69.36,extrapolated
embryo #2,DTTz_2_S2,GTCCCAATTTTT,647,69.92,extrapolated
embryo #2,DTTz_2_S2,GTCCCAATTTTT,660,70.47,extrapolated
embryo #2,DTTz_2_S2,GTCCCAATTTTT,673,71.0,extrapolated
embryo #2,DTTz_2_S2,GTCCCAATTTTT,686,71.51,extrapolated
embryo #2,DTTz_2_S2,GTCCCAATTTTT,699,72.01,extrapolated
embryo #2,DTTz_2_S2,GTCCCAATTTTT,712,72.49,extrapolated
embryo #2,DTTz_2_S2,GTCCCAATTTTT,725,72.96,extrapolated
embryo #2,DTTz_2_S2,GTCCCAATTTTT,738,73.42,extrapolated
embryo #2,DTTz_2_S2,GTCCCAATTTTT,751,73.86,extrapolated
embryo #2,DTTz_2_S2,GTCCCAATTTTT,764,74.29,extrapolated
embryo #2,DTTz_2_S2,GTCCCAATTTTT,777,74.71,extrapolated
embryo #2,DTTz_2_S2,GTCCCAATTTTT,790,75.11,extrapolated
embryo #2,DTTz_2_S2,GTCCCAATTTTT,803,75.51,extrapolated
embryo #2,DTTz_2_S2,GTCCCAATTTTT,816,75.89,extrapolated
embryo #2,DTTz_2_S2,GTCCCAATTTTT,829,76.26,extrapolated
embryo #2,DTTz_2_S2,GTCCCAATTTTT,842,76.62,extrapolated
embryo #2,DTTz_2_S2,GTCCCAATTTTT,855,76.97,extrapolated
embryo #2,DTTz_2_S2,GTCCCAATTTTT,868,77.31,extrapolated
embryo #2,DTTz_2_S2,GTCCCAATTTTT,881,77.64,extrapolated
embryo #2,DTTz_2_S2,GTCCCAATTTTT,894,77.96,extrapolated
embryo #2,DTTz_2_S2,GTCCCAATTTTT,907,78.27,extrapolated
embryo #2,DTTz_2_S2,GTCCCAATTTTT,920,78.57,extrapolated
embryo #2,DTTz_2_S2,GTCCCAATTTTT,933,78.86,extrapolated
embryo #2,DTTz_2_S2,GTCCCAATTTTT,946,79.15,extrapolated
embryo #2,DTTz_2_S2,GTCCCAATTTTT,960,79.45,extrapolated
embryo #2,DTTz_2_S2,TGGTGAAAGTAA,1,1.0,observed
embryo #2,DTTz_2_S2,TGGTGAAAGTAA,5,3.35,observed
embryo #2,DTTz_2_S2,TGGTGAAAGTAA,9,5.1,observed
embryo #2,DTTz_2_S2,TGGTGAAAGTAA,13,6.69,observed
embryo #2,DTTz_2_S2,TGGTGAAAGTAA,18,8.52,observed
embryo #2,DTTz_2_S2,TGGTGAAAGTAA,22,9.87,observed
embryo #2,DTTz_2_S2,TGGTGAAAGTAA,26,11.13,observed
embryo #2,DTTz_2_S2,TGGTGAAAGTAA,31,12.6,observed
embryo #2,DTTz_2_S2,TGGTGAAAGTAA,35,13.7,observed
embryo #2,DTTz_2_S2,TGGTGAAAGTAA,39,14.75,observed
embryo #2,DTTz_2_S2,TGGTGAAAGTAA,44,15.98,observed
embryo #2,DTTz_2_S2,TGGTGAAAGTAA,48,16.91,observed
embryo #2,DTTz_2_S2,TGGTGAAAGTAA,52,17.8,observed
embryo #2,DTTz_2_S2,TGGTGAAAGTAA,57,18.87,observed
embryo #2,DTTz_2_S2,TGGTGAAAGTAA,61,19.68,observed
embryo #2,DTTz_2_S2,TGGTGAAAGTAA,65,20.46,observed
embryo #2,DTTz_2_S2,TGGTGAAAGTAA,69,21.22,observed
embryo #2,DTTz_2_S2,TGGTGAAAGTAA,74,22.14,observed
embryo #2,DTTz_2_S2,TGGTGAAAGTAA,78,22.84,observed
embryo #2,DTTz_2_S2,TGGTGAAAGTAA,82,23.53,observed
embryo #2,DTTz_2_S2,TGGTGAAAGTAA,87,24.37,observed
embryo #2,DTTz_2_S2,TGGTGAAAGTAA,91,25.02,observed
embryo #2,DTTz_2_S2,TGGTGAAAGTAA,95,25.65,observed
embryo #2,DTTz_2_S2,TGGTGAAAGTAA,100,26.43,observed
embryo #2,DTTz_2_S2,TGGTGAAAGTAA,104,27.04,observed
embryo #2,DTTz_2_S2,TGGTGAAAGTAA,108,27.64,observed
embryo #2,DTTz_2_S2,TGGTGAAAGTAA,113,28.37,observed
embryo #2,DTTz_2_S2,TGGTGAAAGTAA,117,28.95,observed
embryo #2,DTTz_2_S2,TGGTGAAAGTAA,121,29.52,observed
embryo #2,DTTz_2_S2,TGGTGAAAGTAA,125,30.09,observed
embryo #2,DTTz_2_S2,TGGTGAAAGTAA,130,30.78,observed
embryo #2,DTTz_2_S2,TGGTGAAAGTAA,134,31.34,observed
embryo #2,DTTz_2_S2,TGGTGAAAGTAA,138,31.88,observed
embryo #2,DTTz_2_S2,TGGTGAAAGTAA,143,32.56,observed
embryo #2,DTTz_2_S2,TGGTGAAAGTAA,147,33.1,observed
embryo #2,DTTz_2_S2,TGGTGAAAGTAA,151,33.63,observed
embryo #2,DTTz_2_S2,TGGTGAAAGTAA,156,34.3,observed
embryo #2,DTTz_2_S2,TGGTGAAAGTAA,160,34.82,observed
embryo #2,DTTz_2_S2,TGGTGAAAGTAA,164,35.35,observed
embryo #2,DTTz_2_S2,TGGTGAAAGTAA,169,36.0,observed
embryo #2,DTTz_2_S2,TGGTGAAAGTAA,180,37.42,extrapolated
embryo #2,DTTz_2_S2,TGGTGAAAGTAA,191,38.83,extrapolated
embryo #2,DTTz_2_S2,TGGTGAAAGTAA,203,40.34,extrapolated
embryo #2,DTTz_2_S2,TGGTGAAAGTAA,214,41.71,extrapolated
embryo #2,DTTz_2_S2,TGGTGAAAGTAA,226,43.19,extrapolated
embryo #2,DTTz_2_S2,TGGTGAAAGTAA,237,44.53,extrapolated
embryo #2,DTTz_2_S2,TGGTGAAAGTAA,249,45.97,extrapolated
embryo #2,DTTz_2_S2,TGGTGAAAGTAA,260,47.28,extrapolated
embryo #2,DTTz_2_S2,TGGTGAAAGTAA,272,48.68,extrapolated
embryo #2,DTTz_2_S2,TGGTGAAAGTAA,283,49.95,extrapolated
embryo #2,DTTz_2_S2,TGGTGAAAGTAA,295,51.33,extrapolated
embryo #2,DTTz_2_S2,TGGTGAAAGTAA,306,52.57,extrapolated
embryo #2,DTTz_2_S2,TGGTGAAAGTAA,317,53.79,extrapolated
embryo #2,DTTz_2_S2,TGGTGAAAGTAA,329,55.12,extrapolated
embryo #2,DTTz_2_S2,TGGTGAAAGTAA,340,56.31,extrapolated
embryo #2,DTTz_2_S2,TGGTGAAAGTAA,352,57.6,extrapolated
embryo #2,DTTz_2_S2,TGGTGAAAGTAA,363,58.77,extrapolated
embryo #2,DTTz_2_S2,TGGTGAAAGTAA,375,60.03,extrapolated
embryo #2,DTTz_2_S2,TGGTGAAAGTAA,386,61.16,extrapolated
embryo #2,DTTz_2_S2,TGGTGAAAGTAA,398,62.39,extrapolated
embryo #2,DTTz_2_S2,TGGTGAAAGTAA,409,63.5,extrapolated
embryo #2,DTTz_2_S2,TGGTGAAAGTAA,421,64.7,extrapolated
embryo #2,DTTz_2_S2,TGGTGAAAGTAA,432,65.78,extrapolated
embryo #2,DTTz_2_S2,TGGTGAAAGTAA,443,66.85,extrapolated
embryo #2,DTTz_2_S2,TGGTGAAAGTAA,455,68.01,extrapolated
embryo #2,DTTz_2_S2,TGGTGAAAGTAA,466,69.05,extrapolated
embryo #2,DTTz_2_S2,TGGTGAAAGTAA,478,70.17,extrapolated
embryo #2,DTTz_2_S2,TGGTGAAAGTAA,489,71.19,extrapolated
embryo #2,DTTz_2_S2,TGGTGAAAGTAA,501,72.29,extrapolated
embryo #2,DTTz_2_S2,TGGTGAAAGTAA,512,73.28,extrapolated
embryo #2,DTTz_2_S2,TGGTGAAAGTAA,524,74.35,extrapolated
embryo #2,DTTz_2_S2,TGGTGAAAGTAA,535,75.32,extrapolated
embryo #2,DTTz_2_S2,TGGTGAAAGTAA,547,76.37,extrapolated
embryo #2,DTTz_2_S2,TGGTGAAAGTAA,558,77.31,extrapolated
embryo #2,DTTz_2_S2,TGGTGAAAGTAA,570,78.33,extrapolated
embryo #2,DTTz_2_S2,TGGTGAAAGTAA,581,79.25,extrapolated
embryo #2,DTTz_2_S2,TGGTGAAAGTAA,592,80.16,extrapolated
embryo #2,DTTz_2_S2,TGGTGAAAGTAA,604,81.15,extrapolated
embryo #2,DTTz_2_S2,TGGTGAAAGTAA,615,82.03,extrapolated
embryo #2,DTTz_2_S2,TGGTGAAAGTAA,627,82.99,extrapolated
embryo #2,DTTz_2_S2,TGGTGAAAGTAA,638,83.86,extrapolated
embryo #2,DTTz_2_S2,TGGTGAAAGTAA,650,84.79,extrapolated
embryo #2,DTTz_2_S2,TGGTGAAAGTAA,661,85.64,extrapolated
embryo #2,DTTz_2_S2,TGGTGAAAGTAA,673,86.55,extrapolated
embryo #2,DTTz_2_S2,TGGTGAAAGTAA,684,87.37,extrapolated
embryo #2,DTTz_2_S2,TGGTGAAAGTAA,696,88.26,extrapolated
embryo #2,DTTz_2_S2,TGGTGAAAGTAA,707,89.07,extrapolated
embryo #2,DTTz_2_S2,TGGTGAAAGTAA,718,89.86,extrapolated
embryo #2,DTTz_2_S2,TGGTGAAAGTAA,730,90.72,extrapolated
embryo #2,DTTz_2_S2,TGGTGAAAGTAA,741,91.49,extrapolated
embryo #2,DTTz_2_S2,TGGTGAAAGTAA,753,92.33,extrapolated
embryo #2,DTTz_2_S2,TGGTGAAAGTAA,764,93.09,extrapolated
embryo #2,DTTz_2_S2,TGGTGAAAGTAA,776,93.9,extrapolated
embryo #2,DTTz_2_S2,TGGTGAAAGTAA,787,94.64,extrapolated
embryo #2,DTTz_2_S2,TGGTGAAAGTAA,799,95.43,extrapolated
embryo #2,DTTz_2_S2,TGGTGAAAGTAA,810,96.15,extrapolated
embryo #2,DTTz_2_S2,TGGTGAAAGTAA,822,96.93,extrapolated
embryo #2,DTTz_2_S2,TGGTGAAAGTAA,833,97.63,extrapolated
embryo #2,DTTz_2_S2,TGGTGAAAGTAA,845,98.39,extrapolated
embryo #2,DTTz_2_S2,CTATGAAGCCTG,1,1.0,observed
embryo #2,DTTz_2_S2,CTATGAAGCCTG,5,3.63,observed
embryo #2,DTTz_2_S2,CTATGAAGCCTG,10,5.94,observed
embryo #2,DTTz_2_S2,CTATGAAGCCTG,14,7.53,observed
embryo #2,DTTz_2_S2,CTATGAAGCCTG,19,9.31,observed
embryo #2,DTTz_2_S2,CTATGAAGCCTG,24,10.92,observed
embryo #2,DTTz_2_S2,CTATGAAGCCTG,28,12.12,observed
embryo #2,DTTz_2_S2,CTATGAAGCCTG,33,13.53,observed
embryo #2,DTTz_2_S2,CTATGAAGCCTG,38,14.86,observed
embryo #2,DTTz_2_S2,CTATGAAGCCTG,42,15.87,observed
embryo #2,DTTz_2_S2,CTATGAAGCCTG,47,17.08,observed
embryo #2,DTTz_2_S2,CTATGAAGCCTG,52,18.24,observed
embryo #2,DTTz_2_S2,CTATGAAGCCTG,56,19.13,observed
embryo #2,DTTz_2_S2,CTATGAAGCCTG,61,20.22,observed
embryo #2,DTTz_2_S2,CTATGAAGCCTG,65,21.06,observed
embryo #2,DTTz_2_S2,CTATGAAGCCTG,70,22.09,observed
embryo #2,DTTz_2_S2,CTATGAAGCCTG,75,23.09,observed
embryo #2,DTTz_2_S2,CTATGAAGCCTG,79,23.88,observed
embryo #2,DTTz_2_S2,CTATGAAGCCTG,84,24.84,observed
embryo #2,DTTz_2_S2,CTATGAAGCCTG,89,25.78,observed
embryo #2,DTTz_2_S2,CTATGAAGCCTG,93,26.51,observed
embryo #2,DTTz_2_S2,CTATGAAGCCTG,98,27.42,observed
embryo #2,DTTz_2_S2,CTATGAAGCCTG,103,28.31,observed
embryo #2,DTTz_2_S2,CTATGAAGCCTG,107,29.02,observed
embryo #2,DTTz_2_S2,CTATGAAGCCTG,112,29.89,observed
embryo #2,DTTz_2_S2,CTATGAAGCCTG,117,30.74,observed
embryo #2,DTTz_2_S2,CTATGAAGCCTG,121,31.42,observed
embryo #2,DTTz_2_S2,CTATGAAGCCTG,126,32.25,observed
embryo #2,DTTz_2_S2,CTATGAAGCCTG,130,32.91,observed
embryo #2,DTTz_2_S2,CTATGAAGCCTG,135,33.73,observed
embryo #2,DTTz_2_S2,CTATGAAGCCTG,140,34.53,observed
embryo #2,DTTz_2_S2,CTATGAAGCCTG,144,35.17,observed
embryo #2,DTTz_2_S2,CTATGAAGCCTG,149,35.96,observed
embryo #2,DTTz_2_S2,CTATGAAGCCTG,154,36.75,observed
embryo #2,DTTz_2_S2,CTATGAAGCCTG,158,37.37,observed
embryo #2,DTTz_2_S2,CTATGAAGCCTG,163,38.14,observed
embryo #2,DTTz_2_S2,CTATGAAGCCTG,168,38.9,observed
embryo #2,DTTz_2_S2,CTATGAAGCCTG,172,39.51,observed
embryo #2,DTTz_2_S2,CTATGAAGCCTG,177,40.26,observed
embryo #2,DTTz_2_S2,CTATGAAGCCTG,182,41.0,observed
embryo #2,DTTz_2_S2,CTATGAAGCCTG,194,42.76,extrapolated
embryo #2,DTTz_2_S2,CTATGAAGCCTG,206,44.49,extrapolated
embryo #2,DTTz_2_S2,CTATGAAGCCTG,219,46.32,extrapolated
embryo #2,DTTz_2_S2,CTATGAAGCCTG,231,47.98,extrapolated
embryo #2,DTTz_2_S2,CTATGAAGCCTG,243,49.61,extrapolated
embryo #2,DTTz_2_S2,CTATGAAGCCTG,256,51.33,extrapolated
embryo #2,DTTz_2_S2,CTATGAAGCCTG,268,52.89,extrapolated
embryo #2,DTTz_2_S2,CTATGAAGCCTG,280,54.42,extrapolated
embryo #2,DTTz_2_S2,CTATGAAGCCTG,293,56.05,extrapolated
embryo #2,DTTz_2_S2,CTATGAAGCCTG,305,57.52,extrapolated
embryo #2,DTTz_2_S2,CTATGAAGCCTG,317,58.96,extrapolated
embryo #2,DTTz_2_S2,CTATGAAGCCTG,330,60.48,extrapolated
embryo #2,DTTz_2_S2,CTATGAAGCCTG,342,61.87,extrapolated
embryo #2,DTTz_2_S2,CTATGAAGCCTG,354,63.22,extrapolated
embryo #2,DTTz_2_S2,CTATGAAGCCTG,367,64.66,extrapolated
embryo #2,DTTz_2_S2,CTATGAAGCCTG,379,65.96,extrapolated
embryo #2,DTTz_2_S2,CTATGAAGCCTG,391,67.24,extrapolated
embryo #2,DTTz_2_S2,CTATGAAGCCTG,404,68.59,extrapolated
embryo #2,DTTz_2_S2,CTATGAAGCCTG,416,69.82,extrapolated
embryo #2,DTTz_2_S2,CTATGAAGCCTG,428,71.02,extrapolated
embryo #2,DTTz_2_S2,CTATGAAGCCTG,441,72.3,extrapolated
embryo #2,DTTz_2_S2,CTATGAAGCCTG,453,73.45,extrapolated
embryo #2,DTTz_2_S2,CTATGAAGCCTG,465,74.58,extrapolated
embryo #2,DTTz_2_S2,CTATGAAGCCTG,478,75.78,extrapolated
embryo #2,DTTz_2_S2,CTATGAAGCCTG,490,76.87,extrapolated
embryo #2,DTTz_2_S2,CTATGAAGCCTG,502,77.93,extrapolated
embryo #2,DTTz_2_S2,CTATGAAGCCTG,515,79.06,extrapolated
embryo #2,DTTz_2_S2,CTATGAAGCCTG,527,80.08,extrapolated
embryo #2,DTTz_2_S2,CTATGAAGCCTG,539,81.08,extrapolated
embryo #2,DTTz_2_S2,CTATGAAGCCTG,552,82.15,extrapolated
embryo #2,DTTz_2_S2,CTATGAAGCCTG,564,83.11,extrapolated
embryo #2,DTTz_2_S2,CTATGAAGCCTG,576,84.05,extrapolated
embryo #2,DTTz_2_S2,CTATGAAGCCTG,589,85.05,extrapolated
embryo #2,DTTz_2_S2,CTATGAAGCCTG,601,85.96,extrapolated
embryo #2,DTTz_2_S2,CTATGAAGCCTG,613,86.84,extrapolated
embryo #2,DTTz_2_S2,CTATGAAGCCTG,626,87.79,extrapolated
embryo #2,DTTz_2_S2,CTATGAAGCCTG,638,88.64,extrapolated
embryo #2,DTTz_2_S2,CTATGAAGCCTG,650,89.47,extrapolated
embryo #2,DTTz_2_S2,CTATGAAGCCTG,663,90.36,extrapolated
embryo #2,DTTz_2_S2,CTATGAAGCCTG,675,91.16,extrapolated
embryo #2,DTTz_2_S2,CTATGAAGCCTG,687,91.95,extrapolated
embryo #2,DTTz_2_S2,CTATGAAGCCTG,700,92.78,extrapolated
embryo #2,DTTz_2_S2,CTATGAAGCCTG,712,93.54,extrapolated
embryo #2,DTTz_2_S2,CTATGAAGCCTG,724,94.28,extrapolated
embryo #2,DTTz_2_S2,CTATGAAGCCTG,737,95.07,extrapolated
embryo #2,DTTz_2_S2,CTATGAAGCCTG,749,95.78,extrapolated
embryo #2,DTTz_2_S2,CTATGAAGCCTG,761,96.47,extrapolated
embryo #2,DTTz_2_S2,CTATGAAGCCTG,774,97.21,extrapolated
embryo #2,DTTz_2_S2,CTATGAAGCCTG,786,97.88,extrapolated
embryo #2,DTTz_2_S2,CTATGAAGCCTG,798,98.54,extrapolated
embryo #2,DTTz_2_S2,CTATGAAGCCTG,811,99.23,extrapolated
embryo #2,DTTz_2_S2,CTATGAAGCCTG,823,99.86,extrapolated
embryo #2,DTTz_2_S2,CTATGAAGCCTG,835,100.48,extrapolated
embryo #2,DTTz_2_S2,CTATGAAGCCTG,848,101.14,extrapolated
embryo #2,DTTz_2_S2,CTATGAAGCCTG,860,101.73,extrapolated
embryo #2,DTTz_2_S2,CTATGAAGCCTG,872,102.31,extrapolated
embryo #2,DTTz_2_S2,CTATGAAGCCTG,885,102.93,extrapolated
embryo #2,DTTz_2_S2,CTATGAAGCCTG,897,103.48,extrapolated
embryo #2,DTTz_2_S2,CTATGAAGCCTG,910,104.08,extrapolated
embryo #2,DTTz_2_S2,GGGGCAAGGGGA,1,1.0,observed
embryo #2,DTTz_2_S2,GGGGCAAGGGGA,4,2.85,observed
embryo #2,DTTz_2_S2,GGGGCAAGGGGA,8,4.53,observed
embryo #2,DTTz_2_S2,GGGGCAAGGGGA,12,5.95,observed
embryo #2,DTTz_2_S2,GGGGCAAGGGGA,16,7.2,observed
embryo #2,DTTz_2_S2,GGGGCAAGGGGA,20,8.34,observed
embryo #2,DTTz_2_S2,GGGGCAAGGGGA,24,9.4,observed
embryo #2,DTTz_2_S2,GGGGCAAGGGGA,28,10.39,observed
embryo #2,DTTz_2_S2,GGGGCAAGGGGA,31,11.1,observed
embryo #2,DTTz_2_S2,GGGGCAAGGGGA,35,12.01,observed
embryo #2,DTTz_2_S2,GGGGCAAGGGGA,39,12.88,observed
embryo #2,DTTz_2_S2,GGGGCAAGGGGA,43,13.71,observed
embryo #2,DTTz_2_S2,GGGGCAAGGGGA,47,14.52,observed
embryo #2,DTTz_2_S2,GGGGCAAGGGGA,51,15.3,observed
embryo #2,DTTz_2_S2,GGGGCAAGGGGA,55,16.06,observed
embryo #2,DTTz_2_S2,GGGGCAAGGGGA,59,16.8,observed
embryo #2,DTTz_2_S2,GGGGCAAGGGGA,62,17.34,observed
embryo #2,DTTz_2_S2,GGGGCAAGGGGA,66,18.04,observed
embryo #2,DTTz_2_S2,GGGGCAAGGGGA,70,18.73,observed
embryo #2,DTTz_2_S2,GGGGCAAGGGGA,74,19.4,observed
embryo #2,DTTz_2_S2,GGGGCAAGGGGA,78,20.05,observed
embryo #2,DTTz_2_S2,GGGGCAAGGGGA,82,20.69,observed
embryo #2,DTTz_2_S2,GGGGCAAGGGGA,86,21.32,observed
embryo #2,DTTz_2_S2,GGGGCAAGGGGA,90,21.93,observed
embryo #2,DTTz_2_S2,GGGGCAAGGGGA,93,22.38,observed
embryo #2,DTTz_2_S2,GGGGCAAGGGGA,97,22.97,observed
embryo #2,DTTz_2_S2,GGGGCAAGGGGA,101,23.55,observed
embryo #2,DTTz_2_S2,GGGGCAAGGGGA,105,24.12,observed
embryo #2,DTTz_2_S2,GGGGCAAGGGGA,109,24.67,observed
embryo #2,DTTz_2_S2,GGGGCAAGGGGA,113,25.22,observed
embryo #2,DTTz_2_S2,GGGGCAAGGGGA,117,25.75,observed
embryo #2,DTTz_2_S2,GGGGCAAGGGGA,121,26.27,observed
embryo #2,DTTz_2_S2,GGGGCAAGGGGA,124,26.66,observed
embryo #2,DTTz_2_S2,GGGGCAAGGGGA,128,27.16,observed
embryo #2,DTTz_2_S2,GGGGCAAGGGGA,132,27.66,observed
embryo #2,DTTz_2_S2,GGGGCAAGGGGA,136,28.15,observed
embryo #2,DTTz_2_S2,GGGGCAAGGGGA,140,28.62,observed
embryo #2,DTTz_2_S2,GGGGCAAGGGGA,144,29.09,observed
embryo #2,DTTz_2_S2,GGGGCAAGGGGA,148,29.55,observed
embryo #2,DTTz_2_S2,GGGGCAAGGGGA,152,30.0,observed
embryo #2,DTTz_2_S2,GGGGCAAGGGGA,162,31.09,extrapolated
embryo #2,DTTz_2_S2,GGGGCAAGGGGA,172,32.13,extrapolated
embryo #2,DTTz_2_S2,GGGGCAAGGGGA,182,33.12,extrapolated
embryo #2,DTTz_2_S2,GGGGCAAGGGGA,193,34.16,extrapolated
embryo #2,DTTz_2_S2,GGGGCAAGGGGA,203,35.06,extrapolated
embryo #2,DTTz_2_S2,GGGGCAAGGGGA,213,35.92,extrapolated
embryo #2,DTTz_2_S2,GGGGCAAGGGGA,224,36.82,extrapolated
embryo #2,DTTz_2_S2,GGGGCAAGGGGA,234,37.6,extrapolated
embryo #2,DTTz_2_S2,GGGGCAAGGGGA,244,38.35,extrapolated
embryo #2,DTTz_2_S2,GGGGCAAGGGGA,255,39.13,extrapolated
embryo #2,DTTz_2_S2,GGGGCAAGGGGA,265,39.8,extrapolated
embryo #2,DTTz_2_S2,GGGGCAAGGGGA,275,40.44,extrapolated
embryo #2,DTTz_2_S2,GGGGCAAGGGGA,285,41.06,extrapolated
embryo #2,DTTz_2_S2,GGGGCAAGGGGA,296,41.7,extrapolated
embryo #2,DTTz_2_S2,GGGGCAAGGGGA,306,42.26,extrapolated
embryo #2,DTTz_2_S2,GGGGCAAGGGGA,316,42.79,extrapolated
embryo #2,DTTz_2_S2,GGGGCAAGGGGA,327,43.35,extrapolated
embryo #2,DTTz_2_S2,GGGGCAAGGGGA,337,43.83,extrapolated
embryo #2,DTTz_2_S2,GGGGCAAGGGGA,347,44.29,extrapolated
embryo #2,DTTz_2_S2,GGGGCAAGGGGA,358,44.77,extrapolated
embryo #2,DTTz_2_S2,GGGGCAAGGGGA,368,45.19,extrapolated
embryo #2,DTTz_2_S2,GGGGCAAGGGGA,378,45.59,extrapolated
embryo #2,DTTz_2_S2,GGGGCAAGGGGA,389,46.0,extrapolated
embryo #2,DTTz_2_S2,GGGGCAAGGGGA,399,46.36,extrapolated
embryo #2,DTTz_2_S2,GGGGCAAGGGGA,409,46.71,extrapolated
embryo #2,DTTz_2_S2,GGGGCAAGGGGA,419,47.04,extrapolated
embryo #2,DTTz_2_S2,GGGGCAAGGGGA,430,47.38,extrapolated
embryo #2,DTTz_2_S2,GGGGCAAGGGGA,440,47.68,extrapolated
embryo #2,DTTz_2_S2,GGGGCAAGGGGA,450,47.96,extrapolated
embryo #2,DTTz_2_S2,GGGGCAAGGGGA,461,48.26,extrapolated
embryo #2,DTTz_2_S2,GGGGCAAGGGGA,471,48.52,extrapolated
embryo #2,DTTz_2_S2,GGGGCAAGGGGA,481,48.77,extrapolated
embryo #2,DTTz_2_S2,GGGGCAAGGGGA,492,49.02,extrapolated
embryo #2,DTTz_2_S2,GGGGCAAGGGGA,502,49.25,extrapolated
embryo #2,DTTz_2_S2,GGGGCAAGGGGA,512,49.46,extrapolated
embryo #2,DTTz_2_S2,GGGGCAAGGGGA,522,49.66,extrapolated
embryo #2,DTTz_2_S2,GGGGCAAGGGGA,533,49.88,extrapolated
embryo #2,DTTz_2_S2,GGGGCAAGGGGA,543,50.06,extrapolated
embryo #2,DTTz_2_S2,GGGGCAAGGGGA,553,50.24,extrapolated
embryo #2,DTTz_2_S2,GGGGCAAGGGGA,564,50.42,extrapolated
embryo #2,DTTz_2_S2,GGGGCAAGGGGA,574,50.58,extrapolated
embryo #2,DTTz_2_S2,GGGGCAAGGGGA,584,50.73,extrapolated
embryo #2,DTTz_2_S2,GGGGCAAGGGGA,595,50.89,extrapolated
embryo #2,DTTz_2_S2,GGGGCAAGGGGA,605,51.03,extrapolated
embryo #2,DTTz_2_S2,GGGGCAAGGGGA,615,51.16,extrapolated
embryo #2,DTTz_2_S2,GGGGCAAGGGGA,626,51.3,extrapolated
embryo #2,DTTz_2_S2,GGGGCAAGGGGA,636,51.42,extrapolated
embryo #2,DTTz_2_S2,GGGGCAAGGGGA,646,51.54,extrapolated
embryo #2,DTTz_2_S2,GGGGCAAGGGGA,656,51.64,extrapolated
embryo #2,DTTz_2_S2,GGGGCAAGGGGA,667,51.76,extrapolated
embryo #2,DTTz_2_S2,GGGGCAAGGGGA,677,51.86,extrapolated
embryo #2,DTTz_2_S2,GGGGCAAGGGGA,687,51.95,extrapolated
embryo #2,DTTz_2_S2,GGGGCAAGGGGA,698,52.05,extrapolated
embryo #2,DTTz_2_S2,GGGGCAAGGGGA,708,52.14,extrapolated
embryo #2,DTTz_2_S2,GGGGCAAGGGGA,718,52.22,extrapolated
embryo #2,DTTz_2_S2,GGGGCAAGGGGA,729,52.3,extrapolated
embryo #2,DTTz_2_S2,GGGGCAAGGGGA,739,52.38,extrapolated
embryo #2,DTTz_2_S2,GGGGCAAGGGGA,749,52.45,extrapolated
embryo #2,DTTz_2_S2,GGGGCAAGGGGA,760,52.52,extrapolated
embryo #2,DTTz_2_S2,CACTTAAGGTTG,1,1.0,observed
embryo #2,DTTz_2_S2,CACTTAAGGTTG,4,3.28,observed
embryo #2,DTTz_2_S2,CACTTAAGGTTG,7,5.0,observed
embryo #2,DTTz_2_S2,CACTTAAGGTTG,10,6.44,observed
embryo #2,DTTz_2_S2,CACTTAAGGTTG,13,7.73,observed
embryo #2,DTTz_2_S2,CACTTAAGGTTG,17,9.29,observed
embryo #2,DTTz_2_S2,CACTTAAGGTTG,20,10.37,observed
embryo #2,DTTz_2_S2,CACTTAAGGTTG,23,11.39,observed
embryo #2,DTTz_2_S2,CACTTAAGGTTG,26,12.36,observed
embryo #2,DTTz_2_S2,CACTTAAGGTTG,29,13.29,observed
embryo #2,DTTz_2_S2,CACTTAAGGTTG,33,14.47,observed
embryo #2,DTTz_2_S2,CACTTAAGGTTG,36,15.32,observed
embryo #2,DTTz_2_S2,CACTTAAGGTTG,39,16.14,observed
embryo #2,DTTz_2_S2,CACTTAAGGTTG,42,16.94,observed
embryo #2,DTTz_2_S2,CACTTAAGGTTG,45,17.72,observed
embryo #2,DTTz_2_S2,CACTTAAGGTTG,49,18.73,observed
embryo #2,DTTz_2_S2,CACTTAAGGTTG,52,19.47,observed
embryo #2,DTTz_2_S2,CACTTAAGGTTG,55,20.19,observed
embryo #2,DTTz_2_S2,CACTTAAGGTTG,58,20.9,observed
embryo #2,DTTz_2_S2,CACTTAAGGTTG,61,21.6,observed
embryo #2,DTTz_2_S2,CACTTAAGGTTG,65,22.51,observed
embryo #2,DTTz_2_S2,CACTTAAGGTTG,68,23.18,observed
embryo #2,DTTz_2_S2,CACTTAAGGTTG,71,23.85,observed
embryo #2,DTTz_2_S2,CACTTAAGGTTG,74,24.5,observed
embryo #2,DTTz_2_S2,CACTTAAGGTTG,77,25.15,observed
embryo #2,DTTz_2_S2,CACTTAAGGTTG,81,26.0,observed
embryo #2,DTTz_2_S2,CACTTAAGGTTG,84,26.64,observed
embryo #2,DTTz_2_S2,CACTTAAGGTTG,87,27.26,observed
embryo #2,DTTz_2_S2,CACTTAAGGTTG,90,27.88,observed
embryo #2,DTTz_2_S2,CACTTAAGGTTG,93,28.5,observed
embryo #2,DTTz_2_S2,CACTTAAGGTTG,97,29.31,observed
embryo #2,DTTz_2_S2,CACTTAAGGTTG,100,29.92,observed
embryo #2,DTTz_2_S2,CACTTAAGGTTG,103,30.52,observed
embryo #2,DTTz_2_S2,CACTTAAGGTTG,106,31.12,observed
embryo #2,DTTz_2_S2,CACTTAAGGTTG,109,31.71,observed
embryo #2,DTTz_2_S2,CACTTAAGGTTG,113,32.49,observed
embryo #2,DTTz_2_S2,CACTTAAGGTTG,116,33.08,observed
embryo #2,DTTz_2_S2,CACTTAAGGTTG,119,33.66,observed
embryo #2,DTTz_2_S2,CACTTAAGGTTG,122,34.24,observed
embryo #2,DTTz_2_S2,CACTTAAGGTTG,126,35.0,observed
embryo #2,DTTz_2_S2,CACTTAAGGTTG,134,36.51,extrapolated
embryo #2,DTTz_2_S2,CACTTAAGGTTG,143,38.18,extrapolated
embryo #2,DTTz_2_S2,CACTTAAGGTTG,151,39.64,extrapolated
embryo #2,DTTz_2_S2,CACTTAAGGTTG,160,41.25,extrapolated
embryo #2,DTTz_2_S2,CACTTAAGGTTG,168,42.67,extrapolated
embryo #2,DTTz_2_S2,CACTTAAGGTTG,177,44.23,extrapolated
embryo #2,DTTz_2_S2,CACTTAAGGTTG,185,45.59,extrapolated
embryo #2,DTTz_2_S2,CACTTAAGGTTG,194,47.1,extrapolated
embryo #2,DTTz_2_S2,CACTTAAGGTTG,202,48.42,extrapolated
embryo #2,DTTz_2_S2,CACTTAAGGTTG,211,49.88,extrapolated
embryo #2,DTTz_2_S2,CACTTAAGGTTG,219,51.15,extrapolated
embryo #2,DTTz_2_S2,CACTTAAGGTTG,228,52.56,extrapolated
embryo #2,DTTz_2_S2,CACTTAAGGTTG,237,53.94,extrapolated
embryo #2,DTTz_2_S2,CACTTAAGGTTG,245,55.15,extrapolated
embryo #2,DTTz_2_S2,CACTTAAGGTTG,254,56.49,extrapolated
embryo #2,DTTz_2_S2,CACTTAAGGTTG,262,57.66,extrapolated
embryo #2,DTTz_2_S2,CACTTAAGGTTG,271,58.95,extrapolated
embryo #2,DTTz_2_S2,CACTTAAGGTTG,279,60.08,extrapolated
embryo #2,DTTz_2_S2,CACTTAAGGTTG,288,61.33,extrapolated
embryo #2,DTTz_2_S2,CACTTAAGGTTG,296,62.43,extrapolated
embryo #2,DTTz_2_S2,CACTTAAGGTTG,305,63.64,extrapolated
embryo #2,DTTz_2_S2,CACTTAAGGTTG,313,64.69,extrapolated
embryo #2,DTTz_2_S2,CACTTAAGGTTG,322,65.86,extrapolated
embryo #2,DTTz_2_S2,CACTTAAGGTTG,331,67.01,extrapolated
embryo #2,DTTz_2_S2,CACTTAAGGTTG,339,68.01,extrapolated
embryo #2,DTTz_2_S2,CACTTAAGGTTG,348,69.12,extrapolated
embryo #2,DTTz_2_S2,CACTTAAGGTTG,356,70.09,extrapolated
embryo #2,DTTz_2_S2,CACTTAAGGTTG,365,71.16,extrapolated
embryo #2,DTTz_2_S2,CACTTAAGGTTG,373,72.1,extrapolated
embryo #2,DTTz_2_S2,CACTTAAGGTTG,382,73.13,extrapolated
embryo #2,DTTz_2_S2,CACTTAAGGTTG,390,74.04,extrapolated
embryo #2,DTTz_2_S2,CACTTAAGGTTG,399,75.04,extrapolated
embryo #2,DTTz_2_S2,CACTTAAGGTTG,407,75.92,extrapolated
embryo #2,DTTz_2_S2,CACTTAAGGTTG,416,76.88,extrapolated
embryo #2,DTTz_2_S2,CACTTAAGGTTG,424,77.73,extrapolated
embryo #2,DTTz_2_S2,CACTTAAGGTTG,433,78.67,extrapolated
embryo #2,DTTz_2_S2,CACTTAAGGTTG,442,79.58,extrapolated
embryo #2,DTTz_2_S2,CACTTAAGGTTG,450,80.39,extrapolated
embryo #2,DTTz_2_S2,CACTTAAGGTTG,459,81.28,extrapolated
embryo #2,DTTz_2_S2,CACTTAAGGTTG,467,82.05,extrapolated
embryo #2,DTTz_2_S2,CACTTAAGGTTG,476,82.91,extrapolated
embryo #2,DTTz_2_S2,CACTTAAGGTTG,484,83.66,extrapolated
embryo #2,DTTz_2_S2,CACTTAAGGTTG,493,84.49,extrapolated
embryo #2,DTTz_2_S2,CACTTAAGGTTG,501,85.22,extrapolated
embryo #2,DTTz_2_S2,CACTTAAGGTTG,510,86.02,extrapolated
embryo #2,DTTz_2_S2,CACTTAAGGTTG,518,86.72,extrapolated
embryo #2,DTTz_2_S2,CACTTAAGGTTG,527,87.5,extrapolated
embryo #2,DTTz_2_S2,CACTTAAGGTTG,536,88.26,extrapolated
embryo #2,DTTz_2_S2,CACTTAAGGTTG,544,88.92,extrapolated
embryo #2,DTTz_2_S2,CACTTAAGGTTG,553,89.66,extrapolated
embryo #2,DTTz_2_S2,CACTTAAGGTTG,561,90.3,extrapolated
embryo #2,DTTz_2_S2,CACTTAAGGTTG,570,91.01,extrapolated
embryo #2,DTTz_2_S2,CACTTAAGGTTG,578,91.64,extrapolated
embryo #2,DTTz_2_S2,CACTTAAGGTTG,587,92.32,extrapolated
embryo #2,DTTz_2_S2,CACTTAAGGTTG,595,92.93,extrapolated
embryo #2,DTTz_2_S2,CACTTAAGGTTG,604,93.59,extrapolated
embryo #2,DTTz_2_S2,CACTTAAGGTTG,612,94.17,extrapolated
embryo #2,DTTz_2_S2,CACTTAAGGTTG,621,94.81,extrapolated
embryo #2,DTTz_2_S2,CACTTAAGGTTG,630,95.45,extrapolated
embryo #2,DTTz_2_S2,GTCGAAAAGGGA,1,1.0,observed
embryo #2,DTTz_2_S2,GTCGAAAAGGGA,5,3.71,observed
embryo #2,DTTz_2_S2,GTCGAAAAGGGA,10,6.14,observed
embryo #2,DTTz_2_S2,GTCGAAAAGGGA,15,8.16,observed
embryo #2,DTTz_2_S2,GTCGAAAAGGGA,20,9.93,observed
embryo #2,DTTz_2_S2,GTCGAAAAGGGA,25,11.49,observed
embryo #2,DTTz_2_S2,GTCGAAAAGGGA,30,12.9,observed
embryo #2,DTTz_2_S2,GTCGAAAAGGGA,35,14.18,observed
embryo #2,DTTz_2_S2,GTCGAAAAGGGA,40,15.35,observed
embryo #2,DTTz_2_S2,GTCGAAAAGGGA,45,16.44,observed
embryo #2,DTTz_2_S2,GTCGAAAAGGGA,50,17.46,observed
embryo #2,DTTz_2_S2,GTCGAAAAGGGA,55,18.42,observed
embryo #2,DTTz_2_S2,GTCGAAAAGGGA,60,19.33,observed
embryo #2,DTTz_2_S2,GTCGAAAAGGGA,65,20.2,observed
embryo #2,DTTz_2_S2,GTCGAAAAGGGA,70,21.04,observed
embryo #2,DTTz_2_S2,GTCGAAAAGGGA,75,21.84,observed
embryo #2,DTTz_2_S2,GTCGAAAAGGGA,80,22.62,observed
embryo #2,DTTz_2_S2,GTCGAAAAGGGA,85,23.38,observed
embryo #2,DTTz_2_S2,GTCGAAAAGGGA,90,24.12,observed
embryo #2,DTTz_2_S2,GTCGAAAAGGGA,95,24.84,observed
embryo #2,DTTz_2_S2,GTCGAAAAGGGA,99,25.4,observed
embryo #2,DTTz_2_S2,GTCGAAAAGGGA,104,26.1,observed
embryo #2,DTTz_2_S2,GTCGAAAAGGGA,109,26.78,observed
embryo #2,DTTz_2_S2,GTCGAAAAGGGA,114,27.45,observed
embryo #2,DTTz_2_S2,GTCGAAAAGGGA,119,28.1,observed
embryo #2,DTTz_2_S2,GTCGAAAAGGGA,124,28.75,observed
embryo #2,DTTz_2_S2,GTCGAAAAGGGA,129,29.39,observed
embryo #2,DTTz_2_S2,GTCGAAAAGGGA,134,30.02,observed
embryo #2,DTTz_2_S2,GTCGAAAAGGGA,139,30.64,observed
embryo #2,DTTz_2_S2,GTCGAAAAGGGA,144,31.25,observed
embryo #2,DTTz_2_S2,GTCGAAAAGGGA,149,31.86,observed
embryo #2,DTTz_2_S2,GTCGAAAAGGGA,154,32.46,observed
embryo #2,DTTz_2_S2,GTCGAAAAGGGA,159,33.05,observed
embryo #2,DTTz_2_S2,GTCGAAAAGGGA,164,33.64,observed
embryo #2,DTTz_2_S2,GTCGAAAAGGGA,169,34.21,observed
embryo #2,DTTz_2_S2,GTCGAAAAGGGA,174,34.78,observed
embryo #2,DTTz_2_S2,GTCGAAAAGGGA,179,35.35,observed
embryo #2,DTTz_2_S2,GTCGAAAAGGGA,184,35.91,observed
embryo #2,DTTz_2_S2,GTCGAAAAGGGA,189,36.46,observed
embryo #2,DTTz_2_S2,GTCGAAAAGGGA,194,37.0,observed
embryo #2,DTTz_2_S2,GTCGAAAAGGGA,207,38.38,extrapolated
embryo #2,DTTz_2_S2,GTCGAAAAGGGA,220,39.72,extrapolated
embryo #2,DTTz_2_S2,GTCGAAAAGGGA,233,41.02,extrapolated
embryo #2,DTTz_2_S2,GTCGAAAAGGGA,246,42.28,extrapolated
embryo #2,DTTz_2_S2,GTCGAAAAGGGA,259,43.49,extrapolated
embryo #2,DTTz_2_S2,GTCGAAAAGGGA,272,44.67,extrapolated
embryo #2,DTTz_2_S2,GTCGAAAAGGGA,286,45.9,extrapolated
embryo #2,DTTz_2_S2,GTCGAAAAGGGA,299,47.0,extrapolated
embryo #2,DTTz_2_S2,GTCGAAAAGGGA,312,48.07,extrapolated
embryo #2,DTTz_2_S2,GTCGAAAAGGGA,325,49.1,extrapolated
embryo #2,DTTz_2_S2,GTCGAAAAGGGA,338,50.11,extrapolated
embryo #2,DTTz_2_S2,GTCGAAAAGGGA,351,51.08,extrapolated
embryo #2,DTTz_2_S2,GTCGAAAAGGGA,364,52.02,extrapolated
embryo #2,DTTz_2_S2,GTCGAAAAGGGA,378,52.99,extrapolated
embryo #2,DTTz_2_S2,GTCGAAAAGGGA,391,53.87,extrapolated
embryo #2,DTTz_2_S2,GTCGAAAAGGGA,404,54.72,extrapolated
embryo #2,DTTz_2_S2,GTCGAAAAGGGA,417,55.55,extrapolated
embryo #2,DTTz_2_S2,GTCGAAAAGGGA,430,56.35,extrapolated
embryo #2,DTTz_2_S2,GTCGAAAAGGGA,443,57.12,extrapolated
embryo #2,DTTz_2_S2,GTCGAAAAGGGA,457,57.93,extrapolated
embryo #2,DTTz_2_S2,GTCGAAAAGGGA,470,58.65,extrapolated
embryo #2,DTTz_2_S2,GTCGAAAAGGGA,483,59.35,extrapolated
embryo #2,DTTz_2_S2,GTCGAAAAGGGA,496,60.03,extrapolated
embryo #2,DTTz_2_S2,GTCGAAAAGGGA,509,60.69,extrapolated
embryo #2,DTTz_2_S2,GTCGAAAAGGGA,522,61.32,extrapolated
embryo #2,DTTz_2_S2,GTCGAAAAGGGA,535,61.94,extrapolated
embryo #2,DTTz_2_S2,GTCGAAAAGGGA,549,62.58,extrapolated
embryo #2,DTTz_2_S2,GTCGAAAAGGGA,562,63.16,extrapolated
embryo #2,DTTz_2_S2,GTCGAAAAGGGA,575,63.72,extrapolated
embryo #2,DTTz_2_S2,GTCGAAAAGGGA,588,64.26,extrapolated
embryo #2,DTTz_2_S2,GTCGAAAAGGGA,601,64.78,extrapolated
embryo #2,DTTz_2_S2,GTCGAAAAGGGA,614,65.29,extrapolated
embryo #2,DTTz_2_S2,GTCGAAAAGGGA,628,65.82,extrapolated
embryo #2,DTTz_2_S2,GTCGAAAAGGGA,641,66.29,extrapolated
embryo #2,DTTz_2_S2,GTCGAAAAGGGA,654,66.75,extrapolated
embryo #2,DTTz_2_S2,GTCGAAAAGGGA,667,67.2,extrapolated
embryo #2,DTTz_2_S2,GTCGAAAAGGGA,680,67.63,extrapolated
embryo #2,DTTz_2_S2,GTCGAAAAGGGA,693,68.04,extrapolated
embryo #2,DTTz_2_S2,GTCGAAAAGGGA,706,68.45,extrapolated
embryo #2,DTTz_2_S2,GTCGAAAAGGGA,720,68.87,extrapolated
embryo #2,DTTz_2_S2,GTCGAAAAGGGA,733,69.25,extrapolated
embryo #2,DTTz_2_S2,GTCGAAAAGGGA,746,69.62,extrapolated
embryo #2,DTTz_2_S2,GTCGAAAAGGGA,759,69.97,extrapolated
embryo #2,DTTz_2_S2,GTCGAAAAGGGA,772,70.31,extrapolated
embryo #2,DTTz_2_S2,GTCGAAAAGGGA,785,70.65,extrapolated
embryo #2,DTTz_2_S2,GTCGAAAAGGGA,799,70.99,extrapolated
embryo #2,DTTz_2_S2,GTCGAAAAGGGA,812,71.31,extrapolated
embryo #2,DTTz_2_S2,GTCGAAAAGGGA,825,71.61,extrapolated
embryo #2,DTTz_2_S2,GTCGAAAAGGGA,838,71.9,extrapolated
embryo #2,DTTz_2_S2,GTCGAAAAGGGA,851,72.18,extrapolated
embryo #2,DTTz_2_S2,GTCGAAAAGGGA,864,72.46,extrapolated
embryo #2,DTTz_2_S2,GTCGAAAAGGGA,877,72.72,extrapolated
embryo #2,DTTz_2_S2,GTCGAAAAGGGA,891,73.0,extrapolated
embryo #2,DTTz_2_S2,GTCGAAAAGGGA,904,73.25,extrapolated
embryo #2,DTTz_2_S2,GTCGAAAAGGGA,917,73.49,extrapolated
embryo #2,DTTz_2_S2,GTCGAAAAGGGA,930,73.72,extrapolated
embryo #2,DTTz_2_S2,GTCGAAAAGGGA,943,73.94,extrapolated
embryo #2,DTTz_2_S2,GTCGAAAAGGGA,956,74.16,extrapolated
embryo #2,DTTz_2_S2,GTCGAAAAGGGA,970,74.39,extrapolated
embryo #2,DTTz_2_S2,CCCTGAAGGGTG,1,1.0,observed
embryo #2,DTTz_2_S2,CCCTGAAGGGTG,5,3.83,observed
embryo #2,DTTz_2_S2,CCCTGAAGGGTG,10,6.09,observed
embryo #2,DTTz_2_S2,CCCTGAAGGGTG,15,7.81,observed
embryo #2,DTTz_2_S2,CCCTGAAGGGTG,19,9.03,observed
embryo #2,DTTz_2_S2,CCCTGAAGGGTG,24,10.45,observed
embryo #2,DTTz_2_S2,CCCTGAAGGGTG,29,11.79,observed
embryo #2,DTTz_2_S2,CCCTGAAGGGTG,33,12.81,observed
embryo #2,DTTz_2_S2,CCCTGAAGGGTG,38,14.03,observed
embryo #2,DTTz_2_S2,CCCTGAAGGGTG,43,15.2,observed
embryo #2,DTTz_2_S2,CCCTGAAGGGTG,47,16.1,observed
embryo #2,DTTz_2_S2,CCCTGAAGGGTG,52,17.19,observed
embryo #2,DTTz_2_S2,CCCTGAAGGGTG,57,18.24,observed
embryo #2,DTTz_2_S2,CCCTGAAGGGTG,62,19.26,observed
embryo #2,DTTz_2_S2,CCCTGAAGGGTG,66,20.04,observed
embryo #2,DTTz_2_S2,CCCTGAAGGGTG,71,21.0,observed
embryo #2,DTTz_2_S2,CCCTGAAGGGTG,76,21.93,observed
embryo #2,DTTz_2_S2,CCCTGAAGGGTG,80,22.66,observed
embryo #2,DTTz_2_S2,CCCTGAAGGGTG,85,23.54,observed
embryo #2,DTTz_2_S2,CCCTGAAGGGTG,90,24.4,observed
embryo #2,DTTz_2_S2,CCCTGAAGGGTG,94,25.08,observed
embryo #2,DTTz_2_S2,CCCTGAAGGGTG,99,25.91,observed
embryo #2,DTTz_2_S2,CCCTGAAGGGTG,104,26.72,observed
embryo #2,DTTz_2_S2,CCCTGAAGGGTG,108,27.36,observed
embryo #2,DTTz_2_S2,CCCTGAAGGGTG,113,28.14,observed
embryo #2,DTTz_2_S2,CCCTGAAGGGTG,118,28.91,observed
embryo #2,DTTz_2_S2,CCCTGAAGGGTG,123,29.67,observed
embryo #2,DTTz_2_S2,CCCTGAAGGGTG,127,30.26,observed
embryo #2,DTTz_2_S2,CCCTGAAGGGTG,132,31.0,observed
embryo #2,DTTz_2_S2,CCCTGAAGGGTG,137,31.72,observed
embryo #2,DTTz_2_S2,CCCTGAAGGGTG,141,32.29,observed
embryo #2,DTTz_2_S2,CCCTGAAGGGTG,146,32.99,observed
embryo #2,DTTz_2_S2,CCCTGAAGGGTG,151,33.68,observed
embryo #2,DTTz_2_S2,CCCTGAAGGGTG,155,34.23,observed
embryo #2,DTTz_2_S2,CCCTGAAGGGTG,160,34.9,observed
embryo #2,DTTz_2_S2,CCCTGAAGGGTG,165,35.56,observed
embryo #2,DTTz_2_S2,CCCTGAAGGGTG,169,36.09,observed
embryo #2,DTTz_2_S2,CCCTGAAGGGTG,174,36.73,observed
embryo #2,DTTz_2_S2,CCCTGAAGGGTG,179,37.37,observed
embryo #2,DTTz_2_S2,CCCTGAAGGGTG,184,38.0,observed
embryo #2,DTTz_2_S2,CCCTGAAGGGTG,196,39.47,extrapolated
embryo #2,DTTz_2_S2,CCCTGAAGGGTG,208,40.9,extrapolated
embryo #2,DTTz_2_S2,CCCTGAAGGGTG,221,42.38,extrapolated
embryo #2,DTTz_2_S2,CCCTGAAGGGTG,233,43.71,extrapolated
embryo #2,DTTz_2_S2,CCCTGAAGGGTG,246,45.09,extrapolated
embryo #2,DTTz_2_S2,CCCTGAAGGGTG,258,46.33,extrapolated
embryo #2,DTTz_2_S2,CCCTGAAGGGTG,271,47.62,extrapolated
embryo #2,DTTz_2_S2,CCCTGAAGGGTG,283,48.77,extrapolated
embryo #2,DTTz_2_S2,CCCTGAAGGGTG,296,49.97,extrapolated
embryo #2,DTTz_2_S2,CCCTGAAGGGTG,308,51.04,extrapolated
embryo #2,DTTz_2_S2,CCCTGAAGGGTG,321,52.16,extrapolated
embryo #2,DTTz_2_S2,CCCTGAAGGGTG,333,53.16,extrapolated
embryo #2,DTTz_2_S2,CCCTGAAGGGTG,346,54.2,extrapolated
embryo #2,DTTz_2_S2,CCCTGAAGGGTG,358,55.13,extrapolated
embryo #2,DTTz_2_S2,CCCTGAAGGGTG,371,56.1,extrapolated
embryo #2,DTTz_2_S2,CCCTGAAGGGTG,383,56.96,extrapolated
embryo #2,DTTz_2_S2,CCCTGAAGGGTG,396,57.87,extrapolated
embryo #2,DTTz_2_S2,CCCTGAAGGGTG,408,58.67,extrapolated
embryo #2,DTTz_2_S2,CCCTGAAGGGTG,421,59.51,extrapolated
embryo #2,DTTz_2_S2,CCCTGAAGGGTG,433,60.26,extrapolated
embryo #2,DTTz_2_S2,CCCTGAAGGGTG,445,60.99,extrapolated
embryo #2,DTTz_2_S2,CCCTGAAGGGTG,458,61.75,extrapolated
embryo #2,DTTz_2_S2,CCCTGAAGGGTG,470,62.42,extrapolated
embryo #2,DTTz_2_S2,CCCTGAAGGGTG,483,63.13,extrapolated
embryo #2,DTTz_2_S2,CCCTGAAGGGTG,495,63.76,extrapolated
embryo #2,DTTz_2_S2,CCCTGAAGGGTG,508,64.41,extrapolated
embryo #2,DTTz_2_S2,CCCTGAAGGGTG,520,65.0,extrapolated
embryo #2,DTTz_2_S2,CCCTGAAGGGTG,533,65.61,extrapolated
embryo #2,DTTz_2_S2,CCCTGAAGGGTG,545,66.16,extrapolated
embryo #2,DTTz_2_S2,CCCTGAAGGGTG,558,66.73,extrapolated
embryo #2,DTTz_2_S2,CCCTGAAGGGTG,570,67.23,extrapolated
embryo #2,DTTz_2_S2,CCCTGAAGGGTG,583,67.76,extrapolated
embryo #2,DTTz_2_S2,CCCTGAAGGGTG,595,68.24,extrapolated
embryo #2,DTTz_2_S2,CCCTGAAGGGTG,608,68.73,extrapolated
embryo #2,DTTz_2_S2,CCCTGAAGGGTG,620,69.17,extrapolated
embryo #2,DTTz_2_S2,CCCTGAAGGGTG,633,69.63,extrapolated
embryo #2,DTTz_2_S2,CCCTGAAGGGTG,645,70.04,extrapolated
embryo #2,DTTz_2_S2,CCCTGAAGGGTG,658,70.47,extrapolated
embryo #2,DTTz_2_S2,CCCTGAAGGGTG,670,70.85,extrapolated
embryo #2,DTTz_2_S2,CCCTGAAGGGTG,682,71.22,extrapolated
embryo #2,DTTz_2_S2,CCCTGAAGGGTG,695,71.61,extrapolated
embryo #2,DTTz_2_S2,CCCTGAAGGGTG,707,71.95,extrapolated
embryo #2,DTTz_2_S2,CCCTGAAGGGTG,720,72.31,extrapolated
embryo #2,DTTz_2_S2,CCCTGAAGGGTG,732,72.63,extrapolated
embryo #2,DTTz_2_S2,CCCTGAAGGGTG,745,72.97,extrapolated
embryo #2,DTTz_2_S2,CCCTGAAGGGTG,757,73.26,extrapolated
embryo #2,DTTz_2_S2,CCCTGAAGGGTG,770,73.58,extrapolated
embryo #2,DTTz_2_S2,CCCTGAAGGGTG,782,73.85,extrapolated
embryo #2,DTTz_2_S2,CCCTGAAGGGTG,795,74.14,extrapolated
embryo #2,DTTz_2_S2,CCCTGAAGGGTG,807,74.4,extrapolated
embryo #2,DTTz_2_S2,CCCTGAAGGGTG,820,74.67,extrapolated
embryo #2,DTTz_2_S2,CCCTGAAGGGTG,832,74.91,extrapolated
embryo #2,DTTz_2_S2,CCCTGAAGGGTG,845,75.17,extrapolated
embryo #2,DTTz_2_S2,CCCTGAAGGGTG,857,75.39,extrapolated
embryo #2,DTTz_2_S2,CCCTGAAGGGTG,870,75.62,extrapolated
embryo #2,DTTz_2_S2,CCCTGAAGGGTG,882,75.83,extrapolated
embryo #2,DTTz_2_S2,CCCTGAAGGGTG,895,76.05,extrapolated
embryo #2,DTTz_2_S2,CCCTGAAGGGTG,907,76.25,extrapolated
embryo #2,DTTz_2_S2,CCCTGAAGGGTG,920,76.45,extrapolated
embryo #2,DTTz_2_S2,CAGAGAAGATAG,1,1.0,observed
embryo #2,DTTz_2_S2,CAGAGAAGATAG,4,2.72,observed
embryo #2,DTTz_2_S2,CAGAGAAGATAG,7,3.91,observed
embryo #2,DTTz_2_S2,CAGAGAAGATAG,10,4.95,observed
embryo #2,DTTz_2_S2,CAGAGAAGATAG,13,5.89,observed
embryo #2,DTTz_2_S2,CAGAGAAGATAG,16,6.76,observed
embryo #2,DTTz_2_S2,CAGAGAAGATAG,19,7.56,observed
embryo #2,DTTz_2_S2,CAGAGAAGATAG,22,8.32,observed
embryo #2,DTTz_2_S2,CAGAGAAGATAG,25,9.03,observed
embryo #2,DTTz_2_S2,CAGAGAAGATAG,28,9.71,observed
embryo #2,DTTz_2_S2,CAGAGAAGATAG,31,10.35,observed
embryo #2,DTTz_2_S2,CAGAGAAGATAG,34,10.97,observed
embryo #2,DTTz_2_S2,CAGAGAAGATAG,37,11.56,observed
embryo #2,DTTz_2_S2,CAGAGAAGATAG,41,12.31,observed
embryo #2,DTTz_2_S2,CAGAGAAGATAG,44,12.84,observed
embryo #2,DTTz_2_S2,CAGAGAAGATAG,47,13.36,observed
embryo #2,DTTz_2_S2,CAGAGAAGATAG,50,13.86,observed
embryo #2,DTTz_2_S2,CAGAGAAGATAG,53,14.35,observed
embryo #2,DTTz_2_S2,CAGAGAAGATAG,56,14.82,observed
embryo #2,DTTz_2_S2,CAGAGAAGATAG,59,15.28,observed
embryo #2,DTTz_2_S2,CAGAGAAGATAG,62,15.73,observed
embryo #2,DTTz_2_S2,CAGAGAAGATAG,65,16.16,observed
embryo #2,DTTz_2_S2,CAGAGAAGATAG,68,16.59,observed
embryo #2,DTTz_2_S2,CAGAGAAGATAG,71,17.0,observed
embryo #2,DTTz_2_S2,CAGAGAAGATAG,74,17.41,observed
embryo #2,DTTz_2_S2,CAGAGAAGATAG,77,17.81,observed
embryo #2,DTTz_2_S2,CAGAGAAGATAG,81,18.33,observed
embryo #2,DTTz_2_S2,CAGAGAAGATAG,84,18.71,observed
embryo #2,DTTz_2_S2,CAGAGAAGATAG,87,19.09,observed
embryo #2,DTTz_2_S2,CAGAGAAGATAG,90,19.46,observed
embryo #2,DTTz_2_S2,CAGAGAAGATAG,93,19.82,observed
embryo #2,DTTz_2_S2,CAGAGAAGATAG,96,20.18,observed
embryo #2,DTTz_2_S2,CAGAGAAGATAG,99,20.53,observed
embryo #2,DTTz_2_S2,CAGAGAAGATAG,102,20.88,observed
embryo #2,DTTz_2_S2,CAGAGAAGATAG,105,21.23,observed
embryo #2,DTTz_2_S2,CAGAGAAGATAG,108,21.57,observed
embryo #2,DTTz_2_S2,CAGAGAAGATAG,111,21.91,observed
embryo #2,DTTz_2_S2,CAGAGAAGATAG,114,22.24,observed
embryo #2,DTTz_2_S2,CAGAGAAGATAG,117,22.57,observed
embryo #2,DTTz_2_S2,CAGAGAAGATAG,121,23.0,observed
embryo #2,DTTz_2_S2,CAGAGAAGATAG,129,23.84,extrapolated
embryo #2,DTTz_2_S2,CAGAGAAGATAG,137,24.66,extrapolated
embryo #2,DTTz_2_S2,CAGAGAAGATAG,145,25.46,extrapolated
embryo #2,DTTz_2_S2,CAGAGAAGATAG,153,26.23,extrapolated
embryo #2,DTTz_2_S2,CAGAGAAGATAG,162,27.07,extrapolated
embryo #2,DTTz_2_S2,CAGAGAAGATAG,170,27.79,extrapolated
embryo #2,DTTz_2_S2,CAGAGAAGATAG,178,28.49,extrapolated
embryo #2,DTTz_2_S2,CAGAGAAGATAG,186,29.17,extrapolated
embryo #2,DTTz_2_S2,CAGAGAAGATAG,194,29.83,extrapolated
embryo #2,DTTz_2_S2,CAGAGAAGATAG,203,30.54,extrapolated
embryo #2,DTTz_2_S2,CAGAGAAGATAG,211,31.16,extrapolated
embryo #2,DTTz_2_S2,CAGAGAAGATAG,219,31.76,extrapolated
embryo #2,DTTz_2_S2,CAGAGAAGATAG,227,32.34,extrapolated
embryo #2,DTTz_2_S2,CAGAGAAGATAG,235,32.9,extrapolated
embryo #2,DTTz_2_S2,CAGAGAAGATAG,244,33.51,extrapolated
embryo #2,DTTz_2_S2,CAGAGAAGATAG,252,34.04,extrapolated
embryo #2,DTTz_2_S2,CAGAGAAGATAG,260,34.55,extrapolated
embryo #2,DTTz_2_S2,CAGAGAAGATAG,268,35.05,extrapolated
embryo #2,DTTz_2_S2,CAGAGAAGATAG,276,35.53,extrapolated
embryo #2,DTTz_2_S2,CAGAGAAGATAG,285,36.05,extrapolated
embryo #2,DTTz_2_S2,CAGAGAAGATAG,293,36.5,extrapolated
embryo #2,DTTz_2_S2,CAGAGAAGATAG,301,36.94,extrapolated
embryo #2,DTTz_2_S2,CAGAGAAGATAG,309,37.36,extrapolated
embryo #2,DTTz_2_S2,CAGAGAAGATAG,317,37.77,extrapolated
embryo #2,DTTz_2_S2,CAGAGAAGATAG,326,38.22,extrapolated
embryo #2,DTTz_2_S2,CAGAGAAGATAG,334,38.6,extrapolated
embryo #2,DTTz_2_S2,CAGAGAAGATAG,342,38.98,extrapolated
embryo #2,DTTz_2_S2,CAGAGAAGATAG,350,39.34,extrapolated
embryo #2,DTTz_2_S2,CAGAGAAGATAG,358,39.69,extrapolated
embryo #2,DTTz_2_S2,CAGAGAAGATAG,367,40.07,extrapolated
embryo #2,DTTz_2_S2,CAGAGAAGATAG,375,40.4,extrapolated
embryo #2,DTTz_2_S2,CAGAGAAGATAG,383,40.72,extrapolated
embryo #2,DTTz_2_S2,CAGAGAAGATAG,391,41.03,extrapolated
embryo #2,DTTz_2_S2,CAGAGAAGATAG,399,41.33,extrapolated
embryo #2,DTTz_2_S2,CAGAGAAGATAG,408,41.65,extrapolated
embryo #2,DTTz_2_S2,CAGAGAAGATAG,416,41.93,extrapolated
embryo #2,DTTz_2_S2,CAGAGAAGATAG,424,42.2,extrapolated
embryo #2,DTTz_2_S2,CAGAGAAGATAG,432,42.47,extrapolated
embryo #2,DTTz_2_S2,CAGAGAAGATAG,440,42.72,extrapolated
embryo #2,DTTz_2_S2,CAGAGAAGATAG,449,43.0,extrapolated
embryo #2,DTTz_2_S2,CAGAGAAGATAG,457,43.24,extrapolated
embryo #2,DTTz_2_S2,CAGAGAAGATAG,465,43.48,extrapolated
embryo #2,DTTz_2_S2,CAGAGAAGATAG,473,43.7,extrapolated
embryo #2,DTTz_2_S2,CAGAGAAGATAG,481,43.92,extrapolated
embryo #2,DTTz_2_S2,CAGAGAAGATAG,490,44.16,extrapolated
embryo #2,DTTz_2_S2,CAGAGAAGATAG,498,44.36,extrapolated
embryo #2,DTTz_2_S2,CAGAGAAGATAG,506,44.56,extrapolated
embryo #2,DTTz_2_S2,CAGAGAAGATAG,514,44.75,extrapolated
embryo #2,DTTz_2_S2,CAGAGAAGATAG,522,44.94,extrapolated
embryo #2,DTTz_2_S2,CAGAGAAGATAG,531,45.14,extrapolated
embryo #2,DTTz_2_S2,CAGAGAAGATAG,539,45.32,extrapolated
embryo #2,DTTz_2_S2,CAGAGAAGATAG,547,45.49,extrapolated
embryo #2,DTTz_2_S2,CAGAGAAGATAG,555,45.65,extrapolated
embryo #2,DTTz_2_S2,CAGAGAAGATAG,563,45.81,extrapolated
embryo #2,DTTz_2_S2,CAGAGAAGATAG,572,45.99,extrapolated
embryo #2,DTTz_2_S2,CAGAGAAGATAG,580,46.14,extrapolated
embryo #2,DTTz_2_S2,CAGAGAAGATAG,588,46.28,extrapolated
embryo #2,DTTz_2_S2,CAGAGAAGATAG,596,46.42,extrapolated
embryo #2,DTTz_2_S2,CAGAGAAGATAG,605,46.58,extrapolated
embryo #2,DTTz_2_S2,GCAATAATCATA,1,1.0,observed
embryo #2,DTTz_2_S2,GCAATAATCATA,6,4.53,observed
embryo #2,DTTz_2_S2,GCAATAATCATA,11,7.02,observed
embryo #2,DTTz_2_S2,GCAATAATCATA,17,9.48,observed
embryo #2,DTTz_2_S2,GCAATAATCATA,22,11.27,observed
embryo #2,DTTz_2_S2,GCAATAATCATA,27,12.91,observed
embryo #2,DTTz_2_S2,GCAATAATCATA,33,14.72,observed
embryo #2,DTTz_2_S2,GCAATAATCATA,38,16.12,observed
embryo #2,DTTz_2_S2,GCAATAATCATA,44,17.7,observed
embryo #2,DTTz_2_S2,GCAATAATCATA,49,18.95,observed
embryo #2,DTTz_2_S2,GCAATAATCATA,54,20.14,observed
embryo #2,DTTz_2_S2,GCAATAATCATA,60,21.51,observed
embryo #2,DTTz_2_S2,GCAATAATCATA,65,22.6,observed
embryo #2,DTTz_2_S2,GCAATAATCATA,71,23.86,observed
embryo #2,DTTz_2_S2,GCAATAATCATA,76,24.87,observed
embryo #2,DTTz_2_S2,GCAATAATCATA,81,25.85,observed
embryo #2,DTTz_2_S2,GCAATAATCATA,87,26.97,observed
embryo #2,DTTz_2_S2,GCAATAATCATA,92,27.88,observed
embryo #2,DTTz_2_S2,GCAATAATCATA,97,28.77,observed
embryo #2,DTTz_2_S2,GCAATAATCATA,103,29.79,observed
embryo #2,DTTz_2_S2,GCAATAATCATA,108,30.62,observed
embryo #2,DTTz_2_S2,GCAATAATCATA,114,31.59,observed
embryo #2,DTTz_2_S2,GCAATAATCATA,119,32.37,observed
embryo #2,DTTz_2_S2,GCAATAATCATA,124,33.13,observed
embryo #2,DTTz_2_S2,GCAATAATCATA,130,34.02,observed
embryo #2,DTTz_2_S2,GCAATAATCATA,135,34.74,observed
embryo #2,DTTz_2_S2,GCAATAATCATA,141,35.59,observed
embryo #2,DTTz_2_S2,GCAATAATCATA,146,36.27,observed
embryo #2,DTTz_2_S2,GCAATAATCATA,151,36.95,observed
embryo #2,DTTz_2_S2,GCAATAATCATA,157,37.73,observed
embryo #2,DTTz_2_S2,GCAATAATCATA,162,38.37,observed
embryo #2,DTTz_2_S2,GCAATAATCATA,167,39.0,observed
embryo #2,DTTz_2_S2,GCAATAATCATA,173,39.73,observed
embryo #2,DTTz_2_S2,GCAATAATCATA,178,40.33,observed
embryo #2,DTTz_2_S2,GCAATAATCATA,184,41.04,observed
embryo #2,DTTz_2_S2,GCAATAATCATA,189,41.61,observed
embryo #2,DTTz_2_S2,GCAATAATCATA,194,42.17,observed
embryo #2,DTTz_2_S2,GCAATAATCATA,200,42.83,observed
embryo #2,DTTz_2_S2,GCAATAATCATA,205,43.37,observed
embryo #2,DTTz_2_S2,GCAATAATCATA,211,44.0,observed
embryo #2,DTTz_2_S2,GCAATAATCATA,225,45.42,extrapolated
embryo #2,DTTz_2_S2,GCAATAATCATA,239,46.76,extrapolated
embryo #2,DTTz_2_S2,GCAATAATCATA,253,48.03,extrapolated
embryo #2,DTTz_2_S2,GCAATAATCATA,268,49.32,extrapolated
embryo #2,DTTz_2_S2,GCAATAATCATA,282,50.46,extrapolated
embryo #2,DTTz_2_S2,GCAATAATCATA,296,51.53,extrapolated
embryo #2,DTTz_2_S2,GCAATAATCATA,311,52.62,extrapolated
embryo #2,DTTz_2_S2,GCAATAATCATA,325,53.58,extrapolated
embryo #2,DTTz_2_S2,GCAATAATCATA,339,54.49,extrapolated
embryo #2,DTTz_2_S2,GCAATAATCATA,354,55.41,extrapolated
embryo #2,DTTz_2_S2,GCAATAATCATA,368,56.23,extrapolated
embryo #2,DTTz_2_S2,GCAATAATCATA,382,57.0,extrapolated
embryo #2,DTTz_2_S2,GCAATAATCATA,396,57.73,extrapolated
embryo #2,DTTz_2_S2,GCAATAATCATA,411,58.47,extrapolated
embryo #2,DTTz_2_S2,GCAATAATCATA,425,59.12,extrapolated
embryo #2,DTTz_2_S2,GCAATAATCATA,439,59.73,extrapolated
embryo #2,DTTz_2_S2,GCAATAATCATA,454,60.36,extrapolated
embryo #2,DTTz_2_S2,GCAATAATCATA,468,60.91,extrapolated
embryo #2,DTTz_2_S2,GCAATAATCATA,482,61.43,extrapolated
embryo #2,DTTz_2_S2,GCAATAATCATA,497,61.96,extrapolated
embryo #2,DTTz_2_S2,GCAATAATCATA,511,62.43,extrapolated
embryo #2,DTTz_2_S2,GCAATAATCATA,525,62.87,extrapolated
embryo #2,DTTz_2_S2,GCAATAATCATA,540,63.32,extrapolated
embryo #2,DTTz_2_S2,GCAATAATCATA,554,63.71,extrapolated
embryo #2,DTTz_2_S2,GCAATAATCATA,568,64.08,extrapolated
embryo #2,DTTz_2_S2,GCAATAATCATA,582,64.44,extrapolated
embryo #2,DTTz_2_S2,GCAATAATCATA,597,64.8,extrapolated
embryo #2,DTTz_2_S2,GCAATAATCATA,611,65.11,extrapolated
embryo #2,DTTz_2_S2,GCAATAATCATA,625,65.41,extrapolated
embryo #2,DTTz_2_S2,GCAATAATCATA,640,65.71,extrapolated
embryo #2,DTTz_2_S2,GCAATAATCATA,654,65.98,extrapolated
embryo #2,DTTz_2_S2,GCAATAATCATA,668,66.24,extrapolated
embryo #2,DTTz_2_S2,GCAATAATCATA,683,66.49,extrapolated
embryo #2,DTTz_2_S2,GCAATAATCATA,697,66.72,extrapolated
embryo #2,DTTz_2_S2,GCAATAATCATA,711,66.93,extrapolated
embryo #2,DTTz_2_S2,GCAATAATCATA,725,67.13,extrapolated
embryo #2,DTTz_2_S2,GCAATAATCATA,740,67.34,extrapolated
embryo #2,DTTz_2_S2,GCAATAATCATA,754,67.52,extrapolated
embryo #2,DTTz_2_S2,GCAATAATCATA,768,67.69,extrapolated
embryo #2,DTTz_2_S2,GCAATAATCATA,783,67.87,extrapolated
embryo #2,DTTz_2_S2,GCAATAATCATA,797,68.02,extrapolated
embryo #2,DTTz_2_S2,GCAATAATCATA,811,68.17,extrapolated
embryo #2,DTTz_2_S2,GCAATAATCATA,826,68.31,extrapolated
embryo #2,DTTz_2_S2,GCAATAATCATA,840,68.44,extrapolated
embryo #2,DTTz_2_S2,GCAATAATCATA,854,68.57,extrapolated
embryo #2,DTTz_2_S2,GCAATAATCATA,869,68.69,extrapolated
embryo #2,DTTz_2_S2,GCAATAATCATA,883,68.8,extrapolated
embryo #2,DTTz_2_S2,GCAATAATCATA,897,68.9,extrapolated
embryo #2,DTTz_2_S2,GCAATAATCATA,911,69.0,extrapolated
embryo #2,DTTz_2_S2,GCAATAATCATA,926,69.1,extrapolated
embryo #2,DTTz_2_S2,GCAATAATCATA,940,69.19,extrapolated
embryo #2,DTTz_2_S2,GCAATAATCATA,954,69.27,extrapolated
embryo #2,DTTz_2_S2,GCAATAATCATA,969,69.36,extrapolated
embryo #2,DTTz_2_S2,GCAATAATCATA,983,69.43,extrapolated
embryo #2,DTTz_2_S2,GCAATAATCATA,997,69.5,extrapolated
embryo #2,DTTz_2_S2,GCAATAATCATA,1012,69.57,extrapolated
embryo #2,DTTz_2_S2,GCAATAATCATA,1026,69.64,extrapolated
embryo #2,DTTz_2_S2,GCAATAATCATA,1040,69.7,extrapolated
embryo #2,DTTz_2_S2,GCAATAATCATA,1055,69.76,extrapolated
embryo #2,DTTz_2_S2,TTACGAAGTCTC,1,1.0,observed
embryo #2,DTTz_2_S2,TTACGAAGTCTC,4,3.49,observed
embryo #2,DTTz_2_S2,TTACGAAGTCTC,7,5.47,observed
embryo #2,DTTz_2_S2,TTACGAAGTCTC,11,7.61,observed
embryo #2,DTTz_2_S2,TTACGAAGTCTC,14,8.98,observed
embryo #2,DTTz_2_S2,TTACGAAGTCTC,18,10.61,observed
embryo #2,DTTz_2_S2,TTACGAAGTCTC,21,11.72,observed
embryo #2,DTTz_2_S2,TTACGAAGTCTC,24,12.76,observed
embryo #2,DTTz_2_S2,TTACGAAGTCTC,28,14.07,observed
embryo #2,DTTz_2_S2,TTACGAAGTCTC,31,15.0,observed
embryo #2,DTTz_2_S2,TTACGAAGTCTC,35,16.19,observed
embryo #2,DTTz_2_S2,TTACGAAGTCTC,38,17.04,observed
embryo #2,DTTz_2_S2,TTACGAAGTCTC,41,17.87,observed
embryo #2,DTTz_2_S2,TTACGAAGTCTC,45,18.93,observed
embryo #2,DTTz_2_S2,TTACGAAGTCTC,48,19.7,observed
embryo #2,DTTz_2_S2,TTACGAAGTCTC,52,20.7,observed
embryo #2,DTTz_2_S2,TTACGAAGTCTC,55,21.43,observed
embryo #2,DTTz_2_S2,TTACGAAGTCTC,58,22.14,observed
embryo #2,DTTz_2_S2,TTACGAAGTCTC,62,23.06,observed
embryo #2,DTTz_2_S2,TTACGAAGTCTC,65,23.74,observed
embryo #2,DTTz_2_S2,TTACGAAGTCTC,69,24.61,observed
embryo #2,DTTz_2_S2,TTACGAAGTCTC,72,25.25,observed
embryo #2,DTTz_2_S2,TTACGAAGTCTC,76,26.09,observed
embryo #2,DTTz_2_S2,TTACGAAGTCTC,79,26.7,observed
embryo #2,DTTz_2_S2,TTACGAAGTCTC,82,27.29,observed
embryo #2,DTTz_2_S2,TTACGAAGTCTC,86,28.07,observed
embryo #2,DTTz_2_S2,TTACGAAGTCTC,89,28.64,observed
embryo #2,DTTz_2_S2,TTACGAAGTCTC,93,29.39,observed
embryo #2,DTTz_2_S2,TTACGAAGTCTC,96,29.93,observed
embryo #2,DTTz_2_S2,TTACGAAGTCTC,99,30.46,observed
embryo #2,DTTz_2_S2,TTACGAAGTCTC,103,31.16,observed
embryo #2,DTTz_2_S2,TTACGAAGTCTC,106,31.67,observed
embryo #2,DTTz_2_S2,TTACGAAGTCTC,110,32.34,observed
embryo #2,DTTz_2_S2,TTACGAAGTCTC,113,32.83,observed
embryo #2,DTTz_2_S2,TTACGAAGTCTC,116,33.31,observed
embryo #2,DTTz_2_S2,TTACGAAGTCTC,120,33.93,observed
embryo #2,DTTz_2_S2,TTACGAAGTCTC,123,34.39,observed
embryo #2,DTTz_2_S2,TTACGAAGTCTC,127,34.99,observed
embryo #2,DTTz_2_S2,TTACGAAGTCTC,130,35.43,observed
embryo #2,DTTz_2_S2,TTACGAAGTCTC,134,36.0,observed
embryo #2,DTTz_2_S2,TTACGAAGTCTC,143,37.24,extrapolated
embryo #2,DTTz_2_S2,TTACGAAGTCTC,152,38.4,extrapolated
embryo #2,DTTz_2_S2,TTACGAAGTCTC,161,39.51,extrapolated
embryo #2,DTTz_2_S2,TTACGAAGTCTC,170,40.55,extrapolated
embryo #2,DTTz_2_S2,TTACGAAGTCTC,179,41.54,extrapolated
embryo #2,DTTz_2_S2,TTACGAAGTCTC,188,42.47,extrapolated
embryo #2,DTTz_2_S2,TTACGAAGTCTC,197,43.35,extrapolated
embryo #2,DTTz_2_S2,TTACGAAGTCTC,206,44.18,extrapolated
embryo #2,DTTz_2_S2,TTACGAAGTCTC,215,44.96,extrapolated
embryo #2,DTTz_2_S2,TTACGAAGTCTC,224,45.7,extrapolated
embryo #2,DTTz_2_S2,TTACGAAGTCTC,233,46.41,extrapolated
embryo #2,DTTz_2_S2,TTACGAAGTCTC,243,47.14,extrapolated
embryo #2,DTTz_2_S2,TTACGAAGTCTC,252,47.76,extrapolated
embryo #2,DTTz_2_S2,TTACGAAGTCTC,261,48.35,extrapolated
embryo #2,DTTz_2_S2,TTACGAAGTCTC,270,48.9,extrapolated
embryo #2,DTTz_2_S2,TTACGAAGTCTC,279,49.43,extrapolated
embryo #2,DTTz_2_S2,TTACGAAGTCTC,288,49.92,extrapolated
embryo #2,DTTz_2_S2,TTACGAAGTCTC,297,50.39,extrapolated
embryo #2,DTTz_2_S2,TTACGAAGTCTC,306,50.83,extrapolated
embryo #2,DTTz_2_S2,TTACGAAGTCTC,315,51.25,extrapolated
embryo #2,DTTz_2_S2,TTACGAAGTCTC,324,51.64,extrapolated
embryo #2,DTTz_2_S2,TTACGAAGTCTC,333,52.02,extrapolated
embryo #2,DTTz_2_S2,TTACGAAGTCTC,342,52.37,extrapolated
embryo #2,DTTz_2_S2,TTACGAAGTCTC,352,52.74,extrapolated
embryo #2,DTTz_2_S2,TTACGAAGTCTC,361,53.05,extrapolated
embryo #2,DTTz_2_S2,TTACGAAGTCTC,370,53.34,extrapolated
embryo #2,DTTz_2_S2,TTACGAAGTCTC,379,53.62,extrapolated
embryo #2,DTTz_2_S2,TTACGAAGTCTC,388,53.89,extrapolated
embryo #2,DTTz_2_S2,TTACGAAGTCTC,397,54.14,extrapolated
embryo #2,DTTz_2_S2,TTACGAAGTCTC,406,54.37,extrapolated
embryo #2,DTTz_2_S2,TTACGAAGTCTC,415,54.59,extrapolated
embryo #2,DTTz_2_S2,TTACGAAGTCTC,424,54.8,extrapolated
embryo #2,DTTz_2_S2,TTACGAAGTCTC,433,55.0,extrapolated
embryo #2,DTTz_2_S2,TTACGAAGTCTC,442,55.19,extrapolated
embryo #2,DTTz_2_S2,TTACGAAGTCTC,451,55.37,extrapolated
embryo #2,DTTz_2_S2,TTACGAAGTCTC,461,55.55,extrapolated
embryo #2,DTTz_2_S2,TTACGAAGTCTC,470,55.71,extrapolated
embryo #2,DTTz_2_S2,TTACGAAGTCTC,479,55.86,extrapolated
embryo #2,DTTz_2_S2,TTACGAAGTCTC,488,56.0,extrapolated
embryo #2,DTTz_2_S2,TTACGAAGTCTC,497,56.13,extrapolated
embryo #2,DTTz_2_S2,TTACGAAGTCTC,506,56.25,extrapolated
embryo #2,DTTz_2_S2,TTACGAAGTCTC,515,56.37,extrapolated
embryo #2,DTTz_2_S2,TTACGAAGTCTC,524,56.48,extrapolated
embryo #2,DTTz_2_S2,TTACGAAGTCTC,533,56.59,extrapolated
embryo #2,DTTz_2_S2,TTACGAAGTCTC,542,56.69,extrapolated
embryo #2,DTTz_2_S2,TTACGAAGTCTC,551,56.78,extrapolated
embryo #2,DTTz_2_S2,TTACGAAGTCTC,560,56.87,extrapolated
embryo #2,DTTz_2_S2,TTACGAAGTCTC,570,56.97,extrapolated
embryo #2,DTTz_2_S2,TTACGAAGTCTC,579,57.04,extrapolated
embryo #2,DTTz_2_S2,TTACGAAGTCTC,588,57.12,extrapolated
embryo #2,DTTz_2_S2,TTACGAAGTCTC,597,57.19,extrapolated
embryo #2,DTTz_2_S2,TTACGAAGTCTC,606,57.26,extrapolated
embryo #2,DTTz_2_S2,TTACGAAGTCTC,615,57.32,extrapolated
embryo #2,DTTz_2_S2,TTACGAAGTCTC,624,57.38,extrapolated
embryo #2,DTTz_2_S2,TTACGAAGTCTC,633,57.43,extrapolated
embryo #2,DTTz_2_S2,TTACGAAGTCTC,642,57.49,extrapolated
embryo #2,DTTz_2_S2,TTACGAAGTCTC,651,57.54,extrapolated
embryo #2,DTTz_2_S2,TTACGAAGTCTC,660,57.58,extrapolated
embryo #2,DTTz_2_S2,TTACGAAGTCTC,670,57.63,extrapolated
embryo #2,DTTz_2_S2,TGGGAAAGGAGT,1,1.0,observed
embryo #2,DTTz_2_S2,TGGGAAAGGAGT,5,3.15,observed
embryo #2,DTTz_2_S2,TGGGAAAGGAGT,10,5.09,observed
embryo #2,DTTz_2_S2,TGGGAAAGGAGT,14,6.48,observed
embryo #2,DTTz_2_S2,TGGGAAAGGAGT,19,8.06,observed
embryo #2,DTTz_2_S2,TGGGAAAGGAGT,23,9.21,observed
embryo #2,DTTz_2_S2,TGGGAAAGGAGT,28,10.53,observed
embryo #2,DTTz_2_S2,TGGGAAAGGAGT,33,11.75,observed
embryo #2,DTTz_2_S2,TGGGAAAGGAGT,37,12.66,observed
embryo #2,DTTz_2_S2,TGGGAAAGGAGT,42,13.71,observed
embryo #2,DTTz_2_S2,TGGGAAAGGAGT,46,14.51,observed
embryo #2,DTTz_2_S2,TGGGAAAGGAGT,51,15.45,observed
embryo #2,DTTz_2_S2,TGGGAAAGGAGT,56,16.34,observed
embryo #2,DTTz_2_S2,TGGGAAAGGAGT,60,17.01,observed
embryo #2,DTTz_2_S2,TGGGAAAGGAGT,65,17.82,observed
embryo #2,DTTz_2_S2,TGGGAAAGGAGT,69,18.44,observed
embryo #2,DTTz_2_S2,TGGGAAAGGAGT,74,19.19,observed
embryo #2,DTTz_2_S2,TGGGAAAGGAGT,79,19.91,observed
embryo #2,DTTz_2_S2,TGGGAAAGGAGT,83,20.47,observed
embryo #2,DTTz_2_S2,TGGGAAAGGAGT,88,21.14,observed
embryo #2,DTTz_2_S2,TGGGAAAGGAGT,92,21.67,observed
embryo #2,DTTz_2_S2,TGGGAAAGGAGT,97,22.3,observed
embryo #2,DTTz_2_S2,TGGGAAAGGAGT,101,22.8,observed
embryo #2,DTTz_2_S2,TGGGAAAGGAGT,106,23.41,observed
embryo #2,DTTz_2_S2,TGGGAAAGGAGT,111,24.0,observed
embryo #2,DTTz_2_S2,TGGGAAAGGAGT,115,24.46,observed
embryo #2,DTTz_2_S2,TGGGAAAGGAGT,120,25.03,observed
embryo #2,DTTz_2_S2,TGGGAAAGGAGT,124,25.48,observed
embryo #2,DTTz_2_S2,TGGGAAAGGAGT,129,26.02,observed
embryo #2,DTTz_2_S2,TGGGAAAGGAGT,134,26.55,observed
embryo #2,DTTz_2_S2,TGGGAAAGGAGT,138,26.97,observed
embryo #2,DTTz_2_S2,TGGGAAAGGAGT,143,27.49,observed
embryo #2,DTTz_2_S2,TGGGAAAGGAGT,147,27.89,observed
embryo #2,DTTz_2_S2,TGGGAAAGGAGT,152,28.39,observed
embryo #2,DTTz_2_S2,TGGGAAAGGAGT,157,28.87,observed
embryo #2,DTTz_2_S2,TGGGAAAGGAGT,161,29.26,observed
embryo #2,DTTz_2_S2,TGGGAAAGGAGT,166,29.73,observed
embryo #2,DTTz_2_S2,TGGGAAAGGAGT,170,30.1,observed
embryo #2,DTTz_2_S2,TGGGAAAGGAGT,175,30.55,observed
embryo #2,DTTz_2_S2,TGGGAAAGGAGT,180,31.0,observed
embryo #2,DTTz_2_S2,TGGGAAAGGAGT,192,32.04,extrapolated
embryo #2,DTTz_2_S2,TGGGAAAGGAGT,204,33.04,extrapolated
embryo #2,DTTz_2_S2,TGGGAAAGGAGT,216,34.0,extrapolated
embryo #2,DTTz_2_S2,TGGGAAAGGAGT,228,34.92,extrapolated
embryo #2,DTTz_2_S2,TGGGAAAGGAGT,241,35.88,extrapolated
embryo #2,DTTz_2_S2,TGGGAAAGGAGT,253,36.72,extrapolated
embryo #2,DTTz_2_S2,TGGGAAAGGAGT,265,37.53,extrapolated
embryo #2,DTTz_2_S2,TGGGAAAGGAGT,277,38.3,extrapolated
embryo #2,DTTz_2_S2,TGGGAAAGGAGT,289,39.05,extrapolated
embryo #2,DTTz_2_S2,TGGGAAAGGAGT,302,39.82,extrapolated
embryo #2,DTTz_2_S2,TGGGAAAGGAGT,314,40.5,extrapolated
embryo #2,DTTz_2_S2,TGGGAAAGGAGT,326,41.15,extrapolated
embryo #2,DTTz_2_S2,TGGGAAAGGAGT,338,41.78,extrapolated
embryo #2,DTTz_2_S2,TGGGAAAGGAGT,350,42.38,extrapolated
embryo #2,DTTz_2_S2,TGGGAAAGGAGT,363,43.01,extrapolated
embryo #2,DTTz_2_S2,TGGGAAAGGAGT,375,43.56,extrapolated
embryo #2,DTTz_2_S2,TGGGAAAGGAGT,387,44.08,extrapolated
embryo #2,DTTz_2_S2,TGGGAAAGGAGT,399,44.59,extrapolated
embryo #2,DTTz_2_S2,TGGGAAAGGAGT,411,45.08,extrapolated
embryo #2,DTTz_2_S2,TGGGAAAGGAGT,424,45.58,extrapolated
embryo #2,DTTz_2_S2,TGGGAAAGGAGT,436,46.03,extrapolated
embryo #2,DTTz_2_S2,TGGGAAAGGAGT,448,46.45,extrapolated
embryo #2,DTTz_2_S2,TGGGAAAGGAGT,460,46.86,extrapolated
embryo #2,DTTz_2_S2,TGGGAAAGGAGT,472,47.26,extrapolated
embryo #2,DTTz_2_S2,TGGGAAAGGAGT,485,47.66,extrapolated
embryo #2,DTTz_2_S2,TGGGAAAGGAGT,497,48.03,extrapolated
embryo #2,DTTz_2_S2,TGGGAAAGGAGT,509,48.37,extrapolated
embryo #2,DTTz_2_S2,TGGGAAAGGAGT,521,48.7,extrapolated
embryo #2,DTTz_2_S2,TGGGAAAGGAGT,533,49.02,extrapolated
embryo #2,DTTz_2_S2,TGGGAAAGGAGT,546,49.35,extrapolated
embryo #2,DTTz_2_S2,TGGGAAAGGAGT,558,49.64,extrapolated
embryo #2,DTTz_2_S2,TGGGAAAGGAGT,570,49.92,extrapolated
embryo #2,DTTz_2_S2,TGGGAAAGGAGT,582,50.19,extrapolated
embryo #2,DTTz_2_S2,TGGGAAAGGAGT,594,50.44,extrapolated
embryo #2,DTTz_2_S2,TGGGAAAGGAGT,607,50.71,extrapolated
embryo #2,DTTz_2_S2,TGGGAAAGGAGT,619,50.95,extrapolated
embryo #2,DTTz_2_S2,TGGGAAAGGAGT,631,51.17,extrapolated
embryo #2,DTTz_2_S2,TGGGAAAGGAGT,643,51.39,extrapolated
embryo #2,DTTz_2_S2,TGGGAAAGGAGT,655,51.6,extrapolated
embryo #2,DTTz_2_S2,TGGGAAAGGAGT,668,51.81,extrapolated
embryo #2,DTTz_2_S2,TGGGAAAGGAGT,680,52.0,extrapolated
embryo #2,DTTz_2_S2,TGGGAAAGGAGT,692,52.18,extrapolated
embryo #2,DTTz_2_S2,TGGGAAAGGAGT,704,52.36,extrapolated
embryo #2,DTTz_2_S2,TGGGAAAGGAGT,716,52.53,extrapolated
embryo #2,DTTz_2_S2,TGGGAAAGGAGT,729,52.7,extrapolated
embryo #2,DTTz_2_S2,TGGGAAAGGAGT,741,52.86,extrapolated
embryo #2,DTTz_2_S2,TGGGAAAGGAGT,753,53.0,extrapolated
embryo #2,DTTz_2_S2,TGGGAAAGGAGT,765,53.14,extrapolated
embryo #2,DTTz_2_S2,TGGGAAAGGAGT,777,53.28,extrapolated
embryo #2,DTTz_2_S2,TGGGAAAGGAGT,790,53.42,extrapolated
embryo #2,DTTz_2_S2,TGGGAAAGGAGT,802,53.55,extrapolated
embryo #2,DTTz_2_S2,TGGGAAAGGAGT,814,53.66,extrapolated
embryo #2,DTTz_2_S2,TGGGAAAGGAGT,826,53.78,extrapolated
embryo #2,DTTz_2_S2,TGGGAAAGGAGT,838,53.89,extrapolated
embryo #2,DTTz_2_S2,TGGGAAAGGAGT,851,54.0,extrapolated
embryo #2,DTTz_2_S2,TGGGAAAGGAGT,863,54.1,extrapolated
embryo #2,DTTz_2_S2,TGGGAAAGGAGT,875,54.2,extrapolated
embryo #2,DTTz_2_S2,TGGGAAAGGAGT,887,54.29,extrapolated
embryo #2,DTTz_2_S2,TGGGAAAGGAGT,900,54.39,extrapolated
embryo #2,DTTz_2_S2,CCACCAAGTTAC,1,1.0,observed
embryo #2,DTTz_2_S2,CCACCAAGTTAC,4,3.21,observed
embryo #2,DTTz_2_S2,CCACCAAGTTAC,8,5.42,observed
embryo #2,DTTz_2_S2,CCACCAAGTTAC,12,7.31,observed
embryo #2,DTTz_2_S2,CCACCAAGTTAC,16,9.0,observed
embryo #2,DTTz_2_S2,CCACCAAGTTAC,19,10.16,observed
embryo #2,DTTz_2_S2,CCACCAAGTTAC,23,11.59,observed
embryo #2,DTTz_2_S2,CCACCAAGTTAC,27,12.89,observed
embryo #2,DTTz_2_S2,CCACCAAGTTAC,31,14.09,observed
embryo #2,DTTz_2_S2,CCACCAAGTTAC,35,15.2,observed
embryo #2,DTTz_2_S2,CCACCAAGTTAC,38,15.97,observed
embryo #2,DTTz_2_S2,CCACCAAGTTAC,42,16.95,observed
embryo #2,DTTz_2_S2,CCACCAAGTTAC,46,17.86,observed
embryo #2,DTTz_2_S2,CCACCAAGTTAC,50,18.72,observed
embryo #2,DTTz_2_S2,CCACCAAGTTAC,54,19.53,observed
embryo #2,DTTz_2_S2,CCACCAAGTTAC,57,20.12,observed
embryo #2,DTTz_2_S2,CCACCAAGTTAC,61,20.86,observed
embryo #2,DTTz_2_S2,CCACCAAGTTAC,65,21.58,observed
embryo #2,DTTz_2_S2,CCACCAAGTTAC,69,22.26,observed
embryo #2,DTTz_2_S2,CCACCAAGTTAC,73,22.93,observed
embryo #2,DTTz_2_S2,CCACCAAGTTAC,76,23.41,observed
embryo #2,DTTz_2_S2,CCACCAAGTTAC,80,24.03,observed
embryo #2,DTTz_2_S2,CCACCAAGTTAC,84,24.64,observed
embryo #2,DTTz_2_S2,CCACCAAGTTAC,88,25.23,observed
embryo #2,DTTz_2_S2,CCACCAAGTTAC,92,25.81,observed
embryo #2,DTTz_2_S2,CCACCAAGTTAC,95,26.23,observed
embryo #2,DTTz_2_S2,CCACCAAGTTAC,99,26.78,observed
embryo #2,DTTz_2_S2,CCACCAAGTTAC,103,27.33,observed
embryo #2,DTTz_2_S2,CCACCAAGTTAC,107,27.86,observed
embryo #2,DTTz_2_S2,CCACCAAGTTAC,111,28.39,observed
embryo #2,DTTz_2_S2,CCACCAAGTTAC,114,28.77,observed
embryo #2,DTTz_2_S2,CCACCAAGTTAC,118,29.28,observed
embryo #2,DTTz_2_S2,CCACCAAGTTAC,122,29.79,observed
embryo #2,DTTz_2_S2,CCACCAAGTTAC,126,30.28,observed
embryo #2,DTTz_2_S2,CCACCAAGTTAC,130,30.77,observed
embryo #2,DTTz_2_S2,CCACCAAGTTAC,133,31.13,observed
embryo #2,DTTz_2_S2,CCACCAAGTTAC,137,31.61,observed
embryo #2,DTTz_2_S2,CCACCAAGTTAC,141,32.08,observed
embryo #2,DTTz_2_S2,CCACCAAGTTAC,145,32.54,observed
embryo #2,DTTz_2_S2,CCACCAAGTTAC,149,33.0,observed
embryo #2,DTTz_2_S2,CCACCAAGTTAC,159,34.12,extrapolated
embryo #2,DTTz_2_S2,CCACCAAGTTAC,169,35.21,extrapolated
embryo #2,DTTz_2_S2,CCACCAAGTTAC,179,36.26,extrapolated
embryo #2,DTTz_2_S2,CCACCAAGTTAC,189,37.28,extrapolated
embryo #2,DTTz_2_S2,CCACCAAGTTAC,199,38.27,extrapolated
embryo #2,DTTz_2_S2,CCACCAAGTTAC,209,39.22,extrapolated
embryo #2,DTTz_2_S2,CCACCAAGTTAC,219,40.15,extrapolated
embryo #2,DTTz_2_S2,CCACCAAGTTAC,229,41.05,extrapolated
embryo #2,DTTz_2_S2,CCACCAAGTTAC,239,41.92,extrapolated
embryo #2,DTTz_2_S2,CCACCAAGTTAC,250,42.84,extrapolated
embryo #2,DTTz_2_S2,CCACCAAGTTAC,260,43.66,extrapolated
embryo #2,DTTz_2_S2,CCACCAAGTTAC,270,44.44,extrapolated
embryo #2,DTTz_2_S2,CCACCAAGTTAC,280,45.21,extrapolated
embryo #2,DTTz_2_S2,CCACCAAGTTAC,290,45.95,extrapolated
embryo #2,DTTz_2_S2,CCACCAAGTTAC,300,46.66,extrapolated
embryo #2,DTTz_2_S2,CCACCAAGTTAC,310,47.36,extrapolated
embryo #2,DTTz_2_S2,CCACCAAGTTAC,320,48.03,extrapolated
embryo #2,DTTz_2_S2,CCACCAAGTTAC,330,48.68,extrapolated
embryo #2,DTTz_2_S2,CCACCAAGTTAC,340,49.31,extrapolated
embryo #2,DTTz_2_S2,CCACCAAGTTAC,351,49.99,extrapolated
embryo #2,DTTz_2_S2,CCACCAAGTTAC,361,50.58,extrapolated
embryo #2,DTTz_2_S2,CCACCAAGTTAC,371,51.15,extrapolated
embryo #2,DTTz_2_S2,CCACCAAGTTAC,381,51.7,extrapolated
embryo #2,DTTz_2_S2,CCACCAAGTTAC,391,52.24,extrapolated
embryo #2,DTTz_2_S2,CCACCAAGTTAC,401,52.76,extrapolated
embryo #2,DTTz_2_S2,CCACCAAGTTAC,411,53.26,extrapolated
embryo #2,DTTz_2_S2,CCACCAAGTTAC,421,53.75,extrapolated
embryo #2,DTTz_2_S2,CCACCAAGTTAC,431,54.22,extrapolated
embryo #2,DTTz_2_S2,CCACCAAGTTAC,441,54.68,extrapolated
embryo #2,DTTz_2_S2,CCACCAAGTTAC,452,55.17,extrapolated
embryo #2,DTTz_2_S2,CCACCAAGTTAC,462,55.6,extrapolated
embryo #2,DTTz_2_S2,CCACCAAGTTAC,472,56.01,extrapolated
embryo #2,DTTz_2_S2,CCACCAAGTTAC,482,56.42,extrapolated
embryo #2,DTTz_2_S2,CCACCAAGTTAC,492,56.8,extrapolated
embryo #2,DTTz_2_S2,CCACCAAGTTAC,502,57.18,extrapolated
embryo #2,DTTz_2_S2,CCACCAAGTTAC,512,57.55,extrapolated
embryo #2,DTTz_2_S2,CCACCAAGTTAC,522,57.9,extrapolated
embryo #2,DTTz_2_S2,CCACCAAGTTAC,532,58.25,extrapolated
embryo #2,DTTz_2_S2,CCACCAAGTTAC,542,58.58,extrapolated
embryo #2,DTTz_2_S2,CCACCAAGTTAC,553,58.93,extrapolated
embryo #2,DTTz_2_S2,CCACCAAGTTAC,563,59.24,extrapolated
embryo #2,DTTz_2_S2,CCACCAAGTTAC,573,59.54,extrapolated
embryo #2,DTTz_2_S2,CCACCAAGTTAC,583,59.84,extrapolated
embryo #2,DTTz_2_S2,CCACCAAGTTAC,593,60.12,extrapolated
embryo #2,DTTz_2_S2,CCACCAAGTTAC,603,60.39,extrapolated
embryo #2,DTTz_2_S2,CCACCAAGTTAC,613,60.66,extrapolated
embryo #2,DTTz_2_S2,CCACCAAGTTAC,623,60.91,extrapolated
embryo #2,DTTz_2_S2,CCACCAAGTTAC,633,61.16,extrapolated
embryo #2,DTTz_2_S2,CCACCAAGTTAC,643,61.4,extrapolated
embryo #2,DTTz_2_S2,CCACCAAGTTAC,654,61.66,extrapolated
embryo #2,DTTz_2_S2,CCACCAAGTTAC,664,61.89,extrapolated
embryo #2,DTTz_2_S2,CCACCAAGTTAC,674,62.11,extrapolated
embryo #2,DTTz_2_S2,CCACCAAGTTAC,684,62.32,extrapolated
embryo #2,DTTz_2_S2,CCACCAAGTTAC,694,62.52,extrapolated
embryo #2,DTTz_2_S2,CCACCAAGTTAC,704,62.72,extrapolated
embryo #2,DTTz_2_S2,CCACCAAGTTAC,714,62.91,extrapolated
embryo #2,DTTz_2_S2,CCACCAAGTTAC,724,63.1,extrapolated
embryo #2,DTTz_2_S2,CCACCAAGTTAC,734,63.28,extrapolated
embryo #2,DTTz_2_S2,CCACCAAGTTAC,745,63.47,extrapolated
embryo #2,DTTz_2_S2,GGGCAAAGGCTA,1,1.0,observed
embryo #2,DTTz_2_S2,GGGCAAAGGCTA,3,2.46,observed
embryo #2,DTTz_2_S2,GGGCAAAGGCTA,5,3.55,observed
embryo #2,DTTz_2_S2,GGGCAAAGGCTA,7,4.45,observed
embryo #2,DTTz_2_S2,GGGCAAAGGCTA,10,5.64,observed
embryo #2,DTTz_2_S2,GGGCAAAGGCTA,12,6.35,observed
embryo #2,DTTz_2_S2,GGGCAAAGGCTA,14,7.03,observed
embryo #2,DTTz_2_S2,GGGCAAAGGCTA,16,7.68,observed
embryo #2,DTTz_2_S2,GGGCAAAGGCTA,19,8.6,observed
embryo #2,DTTz_2_S2,GGGCAAAGGCTA,21,9.19,observed
embryo #2,DTTz_2_S2,GGGCAAAGGCTA,23,9.77,observed
embryo #2,DTTz_2_S2,GGGCAAAGGCTA,26,10.61,observed
embryo #2,DTTz_2_S2,GGGCAAAGGCTA,28,11.15,observed
embryo #2,DTTz_2_S2,GGGCAAAGGCTA,30,11.69,observed
embryo #2,DTTz_2_S2,GGGCAAAGGCTA,32,12.21,observed
embryo #2,DTTz_2_S2,GGGCAAAGGCTA,35,12.99,observed
embryo #2,DTTz_2_S2,GGGCAAAGGCTA,37,13.49,observed
embryo #2,DTTz_2_S2,GGGCAAAGGCTA,39,13.99,observed
embryo #2,DTTz_2_S2,GGGCAAAGGCTA,42,14.73,observed
embryo #2,DTTz_2_S2,GGGCAAAGGCTA,44,15.21,observed
embryo #2,DTTz_2_S2,GGGCAAAGGCTA,46,15.69,observed
embryo #2,DTTz_2_S2,GGGCAAAGGCTA,48,16.16,observed
embryo #2,DTTz_2_S2,GGGCAAAGGCTA,51,16.86,observed
embryo #2,DTTz_2_S2,GGGCAAAGGCTA,53,17.32,observed
embryo #2,DTTz_2_S2,GGGCAAAGGCTA,55,17.77,observed
embryo #2,DTTz_2_S2,GGGCAAAGGCTA,58,18.45,observed
embryo #2,DTTz_2_S2,GGGCAAAGGCTA,60,18.89,observed
embryo #2,DTTz_2_S2,GGGCAAAGGCTA,62,19.33,observed
embryo #2,DTTz_2_S2,GGGCAAAGGCTA,64,19.76,observed
embryo #2,DTTz_2_S2,GGGCAAAGGCTA,67,20.4,observed
embryo #2,DTTz_2_S2,GGGCAAAGGCTA,69,20.82,observed
embryo #2,DTTz_2_S2,GGGCAAAGGCTA,71,21.24,observed
embryo #2,DTTz_2_S2,GGGCAAAGGCTA,74,21.86,observed
embryo #2,DTTz_2_S2,GGGCAAAGGCTA,76,22.26,observed
embryo #2,DTTz_2_S2,GGGCAAAGGCTA,78,22.67,observed
embryo #2,DTTz_2_S2,GGGCAAAGGCTA,80,23.07,observed
embryo #2,DTTz_2_S2,GGGCAAAGGCTA,83,23.66,observed
embryo #2,DTTz_2_S2,GGGCAAAGGCTA,85,24.05,observed
embryo #2,DTTz_2_S2,GGGCAAAGGCTA,87,24.43,observed
embryo #2,DTTz_2_S2,GGGCAAAGGCTA,90,25.0,observed
embryo #2,DTTz_2_S2,GGGCAAAGGCTA,96,26.11,extrapolated
embryo #2,DTTz_2_S2,GGGCAAAGGCTA,102,27.19,extrapolated
embryo #2,DTTz_2_S2,GGGCAAAGGCTA,108,28.24,extrapolated
embryo #2,DTTz_2_S2,GGGCAAAGGCTA,114,29.25,extrapolated
embryo #2,DTTz_2_S2,GGGCAAAGGCTA,120,30.23,extrapolated
embryo #2,DTTz_2_S2,GGGCAAAGGCTA,126,31.18,extrapolated
embryo #2,DTTz_2_S2,GGGCAAAGGCTA,132,32.1,extrapolated
embryo #2,DTTz_2_S2,GGGCAAAGGCTA,138,32.99,extrapolated
embryo #2,DTTz_2_S2,GGGCAAAGGCTA,144,33.85,extrapolated
embryo #2,DTTz_2_S2,GGGCAAAGGCTA,151,34.83,extrapolated
embryo #2,DTTz_2_S2,GGGCAAAGGCTA,157,35.63,extrapolated
embryo #2,DTTz_2_S2,GGGCAAAGGCTA,163,36.41,extrapolated
embryo #2,DTTz_2_S2,GGGCAAAGGCTA,169,37.17,extrapolated
embryo #2,DTTz_2_S2,GGGCAAAGGCTA,175,37.91,extrapolated
embryo #2,DTTz_2_S2,GGGCAAAGGCTA,181,38.62,extrapolated
embryo #2,DTTz_2_S2,GGGCAAAGGCTA,187,39.3,extrapolated
embryo #2,DTTz_2_S2,GGGCAAAGGCTA,193,39.97,extrapolated
embryo #2,DTTz_2_S2,GGGCAAAGGCTA,199,40.62,extrapolated
embryo #2,DTTz_2_S2,GGGCAAAGGCTA,205,41.24,extrapolated
embryo #2,DTTz_2_S2,GGGCAAAGGCTA,212,41.95,extrapolated
embryo #2,DTTz_2_S2,GGGCAAAGGCTA,218,42.54,extrapolated
embryo #2,DTTz_2_S2,GGGCAAAGGCTA,224,43.1,extrapolated
embryo #2,DTTz_2_S2,GGGCAAAGGCTA,230,43.65,extrapolated
embryo #2,DTTz_2_S2,GGGCAAAGGCTA,236,44.18,extrapolated
embryo #2,DTTz_2_S2,GGGCAAAGGCTA,242,44.7,extrapolated
embryo #2,DTTz_2_S2,GGGCAAAGGCTA,248,45.2,extrapolated
embryo #2,DTTz_2_S2,GGGCAAAGGCTA,254,45.68,extrapolated
embryo #2,DTTz_2_S2,GGGCAAAGGCTA,260,46.15,extrapolated
embryo #2,DTTz_2_S2,GGGCAAAGGCTA,266,46.6,extrapolated
embryo #2,DTTz_2_S2,GGGCAAAGGCTA,273,47.11,extrapolated
embryo #2,DTTz_2_S2,GGGCAAAGGCTA,279,47.54,extrapolated
embryo #2,DTTz_2_S2,GGGCAAAGGCTA,285,47.95,extrapolated
embryo #2,DTTz_2_S2,GGGCAAAGGCTA,291,48.35,extrapolated
embryo #2,DTTz_2_S2,GGGCAAAGGCTA,297,48.73,extrapolated
embryo #2,DTTz_2_S2,GGGCAAAGGCTA,303,49.11,extrapolated
embryo #2,DTTz_2_S2,GGGCAAAGGCTA,309,49.47,extrapolated
embryo #2,DTTz_2_S2,GGGCAAAGGCTA,315,49.82,extrapolated
embryo #2,DTTz_2_S2,GGGCAAAGGCTA,321,50.16,extrapolated
embryo #2,DTTz_2_S2,GGGCAAAGGCTA,327,50.49,extrapolated
embryo #2,DTTz_2_S2,GGGCAAAGGCTA,334,50.86,extrapolated
embryo #2,DTTz_2_S2,GGGCAAAGGCTA,340,51.17,extrapolated
embryo #2,DTTz_2_S2,GGGCAAAGGCTA,346,51.46,extrapolated
embryo #2,DTTz_2_S2,GGGCAAAGGCTA,352,51.75,extrapolated
embryo #2,DTTz_2_S2,GGGCAAAGGCTA,358,52.03,extrapolated
embryo #2,DTTz_2_S2,GGGCAAAGGCTA,364,52.3,extrapolated
embryo #2,DTTz_2_S2,GGGCAAAGGCTA,370,52.56,extrapolated
embryo #2,DTTz_2_S2,GGGCAAAGGCTA,376,52.82,extrapolated
embryo #2,DTTz_2_S2,GGGCAAAGGCTA,382,53.06,extrapolated
embryo #2,DTTz_2_S2,GGGCAAAGGCTA,388,53.3,extrapolated
embryo #2,DTTz_2_S2,GGGCAAAGGCTA,395,53.57,extrapolated
embryo #2,DTTz_2_S2,GGGCAAAGGCTA,401,53.79,extrapolated
embryo #2,DTTz_2_S2,GGGCAAAGGCTA,407,54.01,extrapolated
embryo #2,DTTz_2_S2,GGGCAAAGGCTA,413,54.22,extrapolated
embryo #2,DTTz_2_S2,GGGCAAAGGCTA,419,54.42,extrapolated
embryo #2,DTTz_2_S2,GGGCAAAGGCTA,425,54.62,extrapolated
embryo #2,DTTz_2_S2,GGGCAAAGGCTA,431,54.81,extrapolated
embryo #2,DTTz_2_S2,GGGCAAAGGCTA,437,54.99,extrapolated
embryo #2,DTTz_2_S2,GGGCAAAGGCTA,443,55.17,extrapolated
embryo #2,DTTz_2_S2,GGGCAAAGGCTA,450,55.37,extrapolated
embryo #3,DTTz_3_S3,ATATCAAATTGA,1,1.0,observed
embryo #3,DTTz_3_S3,ATATCAAATTGA,9,4.25,observed
embryo #3,DTTz_3_S3,ATATCAAATTGA,18,7.29,observed
embryo #3,DTTz_3_S3,ATATCAAATTGA,26,9.84,observed
embryo #3,DTTz_3_S3,ATATCAAATTGA,35,12.57,observed
embryo #3,DTTz_3_S3,ATATCAAATTGA,43,14.88,observed
embryo #3,DTTz_3_S3,ATATCAAATTGA,52,17.39,observed
embryo #3,DTTz_3_S3,ATATCAAATTGA,60,19.53,observed
embryo #3,DTTz_3_S3,ATATCAAATTGA,69,21.86,observed
embryo #3,DTTz_3_S3,ATATCAAATTGA,78,24.13,observed
embryo #3,DTTz_3_S3,ATATCAAATTGA,86,26.09,observed
embryo #3,DTTz_3_S3,ATATCAAATTGA,95,28.25,observed
embryo #3,DTTz_3_S3,ATATCAAATTGA,103,30.13,observed
embryo #3,DTTz_3_S3,ATATCAAATTGA,112,32.2,observed
embryo #3,DTTz_3_S3,ATATCAAATTGA,120,34.01,observed
embryo #3,DTTz_3_S3,ATATCAAATTGA,129,36.02,observed
embryo #3,DTTz_3_S3,ATATCAAATTGA,138,37.99,observed
embryo #3,DTTz_3_S3,ATATCAAATTGA,146,39.72,observed
embryo #3,DTTz_3_S3,ATATCAAATTGA,155,41.64,observed
embryo #3,DTTz_3_S3,ATATCAAATTGA,163,43.33,observed
embryo #3,DTTz_3_S3,ATATCAAATTGA,172,45.21,observed
embryo #3,DTTz_3_S3,ATATCAAATTGA,180,46.86,observed
embryo #3,DTTz_3_S3,ATATCAAATTGA,189,48.69,observed
embryo #3,DTTz_3_S3,ATATCAAATTGA,197,50.3,observed
embryo #3,DTTz_3_S3,ATATCAAATTGA,206,52.1,observed
embryo #3,DTTz_3_S3,ATATCAAATTGA,215,53.88,observed
embryo #3,DTTz_3_S3,ATATCAAATTGA,223,55.44,observed
embryo #3,DTTz_3_S3,ATATCAAATTGA,232,57.19,observed
embryo #3,DTTz_3_S3,ATATCAAATTGA,240,58.72,observed
embryo #3,DTTz_3_S3,ATATCAAATTGA,249,60.44,observed
embryo #3,DTTz_3_S3,ATATCAAATTGA,257,61.94,observed
embryo #3,DTTz_3_S3,ATATCAAATTGA,266,63.62,observed
embryo #3,DTTz_3_S3,ATATCAAATTGA,275,65.29,observed
embryo #3,DTTz_3_S3,ATATCAAATTGA,283,66.76,observed
embryo #3,DTTz_3_S3,ATATCAAATTGA,292,68.39,observed
embryo #3,DTTz_3_S3,ATATCAAATTGA,300,69.83,observed
embryo #3,DTTz_3_S3,ATATCAAATTGA,309,71.44,observed
embryo #3,DTTz_3_S3,ATATCAAATTGA,317,72.86,observed
embryo #3,DTTz_3_S3,ATATCAAATTGA,326,74.44,observed
embryo #3,DTTz_3_S3,ATATCAAATTGA,335,76.0,observed
embryo #3,DTTz_3_S3,ATATCAAATTGA,357,79.76,extrapolated
embryo #3,DTTz_3_S3,ATATCAAATTGA,380,83.61,extrapolated
embryo #3,DTTz_3_S3,ATATCAAATTGA,403,87.36,extrapolated
embryo #3,DTTz_3_S3,ATATCAAATTGA,425,90.87,extrapolated
embryo #3,DTTz_3_S3,ATATCAAATTGA,448,94.46,extrapolated
embryo #3,DTTz_3_S3,ATATCAAATTGA,471,97.96,extrapolated
embryo #3,DTTz_3_S3,ATATCAAATTGA,493,101.23,extrapolated
embryo #3,DTTz_3_S3,ATATCAAATTGA,516,104.57,extrapolated
embryo #3,DTTz_3_S3,ATATCAAATTGA,539,107.83,extrapolated
embryo #3,DTTz_3_S3,ATATCAAATTGA,562,111.02,extrapolated
embryo #3,DTTz_3_S3,ATATCAAATTGA,584,114.0,extrapolated
embryo #3,DTTz_3_S3,ATATCAAATTGA,607,117.04,extrapolated
embryo #3,DTTz_3_S3,ATATCAAATTGA,630,120.01,extrapolated
embryo #3,DTTz_3_S3,ATATCAAATTGA,652,122.79,extrapolated
embryo #3,DTTz_3_S3,ATATCAAATTGA,675,125.62,extrapolated
embryo #3,DTTz_3_S3,ATATCAAATTGA,698,128.39,extrapolated
embryo #3,DTTz_3_S3,ATATCAAATTGA,721,131.1,extrapolated
embryo #3,DTTz_3_S3,ATATCAAATTGA,743,133.62,extrapolated
embryo #3,DTTz_3_S3,ATATCAAATTGA,766,136.21,extrapolated
embryo #3,DTTz_3_S3,ATATCAAATTGA,789,138.73,extrapolated
embryo #3,DTTz_3_S3,ATATCAAATTGA,811,141.08,extrapolated
embryo #3,DTTz_3_S3,ATATCAAATTGA,834,143.49,extrapolated
embryo #3,DTTz_3_S3,ATATCAAATTGA,857,145.84,extrapolated
embryo #3,DTTz_3_S3,ATATCAAATTGA,880,148.13,extrapolated
embryo #3,DTTz_3_S3,ATATCAAATTGA,902,150.28,extrapolated
embryo #3,DTTz_3_S3,ATATCAAATTGA,925,152.47,extrapolated
embryo #3,DTTz_3_S3,ATATCAAATTGA,948,154.61,extrapolated
embryo #3,DTTz_3_S3,ATATCAAATTGA,970,156.61,extrapolated
embryo #3,DTTz_3_S3,ATATCAAATTGA,993,158.65,extrapolated
embryo #3,DTTz_3_S3,ATATCAAATTGA,1016,160.65,extrapolated
embryo #3,DTTz_3_S3,ATATCAAATTGA,1039,162.6,extrapolated
embryo #3,DTTz_3_S3,ATATCAAATTGA,1061,164.42,extrapolated
embryo #3,DTTz_3_S3,ATATCAAATTGA,1084,166.28,extrapolated
embryo #3,DTTz_3_S3,ATATCAAATTGA,1107,168.09,extrapolated
embryo #3,DTTz_3_S3,ATATCAAATTGA,1129,169.79,extrapolated
embryo #3,DTTz_3_S3,ATATCAAATTGA,1152,171.52,extrapolated
embryo #3,DTTz_3_S3,ATATCAAATTGA,1175,173.21,extrapolated
embryo #3,DTTz_3_S3,ATATCAAATTGA,1198,174.87,extrapolated
embryo #3,DTTz_3_S3,ATATCAAATTGA,1220,176.41,extrapolated
embryo #3,DTTz_3_S3,ATATCAAATTGA,1243,177.99,extrapolated
embryo #3,DTTz_3_S3,ATATCAAATTGA,1266,179.53,extrapolated
embryo #3,DTTz_3_S3,ATATCAAATTGA,1288,180.97,extrapolated
embryo #3,DTTz_3_S3,ATATCAAATTGA,1311,182.44,extrapolated
embryo #3,DTTz_3_S3,ATATCAAATTGA,1334,183.88,extrapolated
embryo #3,DTTz_3_S3,ATATCAAATTGA,1357,185.28,extrapolated
embryo #3,DTTz_3_S3,ATATCAAATTGA,1379,186.59,extrapolated
embryo #3,DTTz_3_S3,ATATCAAATTGA,1402,187.93,extrapolated
embryo #3,DTTz_3_S3,ATATCAAATTGA,1425,189.24,extrapolated
embryo #3,DTTz_3_S3,ATATCAAATTGA,1447,190.46,extrapolated
embryo #3,DTTz_3_S3,ATATCAAATTGA,1470,191.71,extrapolated
embryo #3,DTTz_3_S3,ATATCAAATTGA,1493,192.93,extrapolated
embryo #3,DTTz_3_S3,ATATCAAATTGA,1516,194.12,extrapolated
embryo #3,DTTz_3_S3,ATATCAAATTGA,1538,195.23,extrapolated
embryo #3,DTTz_3_S3,ATATCAAATTGA,1561,196.37,extrapolated
embryo #3,DTTz_3_S3,ATATCAAATTGA,1584,197.48,extrapolated
embryo #3,DTTz_3_S3,ATATCAAATTGA,1606,198.52,extrapolated
embryo #3,DTTz_3_S3,ATATCAAATTGA,1629,199.58,extrapolated
embryo #3,DTTz_3_S3,ATATCAAATTGA,1652,200.61,extrapolated
embryo #3,DTTz_3_S3,ATATCAAATTGA,1675,201.62,extrapolated
embryo #3,DTTz_3_S3,AATAGAAAACGA,1,1.0,observed
embryo #3,DTTz_3_S3,AATAGAAAACGA,10,9.24,observed
embryo #3,DTTz_3_S3,AATAGAAAACGA,19,16.43,observed
embryo #3,DTTz_3_S3,AATAGAAAACGA,29,23.58,observed
embryo #3,DTTz_3_S3,AATAGAAAACGA,38,29.47,observed
embryo #3,DTTz_3_S3,AATAGAAAACGA,47,35.0,observed
embryo #3,DTTz_3_S3,AATAGAAAACGA,57,40.8,observed
embryo #3,DTTz_3_S3,AATAGAAAACGA,66,45.78,observed
embryo #3,DTTz_3_S3,AATAGAAAACGA,75,50.58,observed
embryo #3,DTTz_3_S3,AATAGAAAACGA,85,55.72,observed
embryo #3,DTTz_3_S3,AATAGAAAACGA,94,60.21,observed
embryo #3,DTTz_3_S3,AATAGAAAACGA,103,64.58,observed
embryo #3,DTTz_3_S3,AATAGAAAACGA,113,69.32,observed
embryo #3,DTTz_3_S3,AATAGAAAACGA,122,73.48,observed
embryo #3,DTTz_3_S3,AATAGAAAACGA,132,78.0,observed
embryo #3,DTTz_3_S3,AATAGAAAACGA,141,81.98,observed
embryo #3,DTTz_3_S3,AATAGAAAACGA,150,85.89,observed
embryo #3,DTTz_3_S3,AATAGAAAACGA,160,90.16,observed
embryo #3,DTTz_3_S3,AATAGAAAACGA,169,93.93,observed
embryo #3,DTTz_3_S3,AATAGAAAACGA,178,97.64,observed
embryo #3,DTTz_3_S3,AATAGAAAACGA,188,101.69,observed
embryo #3,DTTz_3_S3,AATAGAAAACGA,197,105.28,observed
embryo #3,DTTz_3_S3,AATAGAAAACGA,206,108.81,observed
embryo #3,DTTz_3_S3,AATAGAAAACGA,216,112.68,observed
embryo #3,DTTz_3_S3,AATAGAAAACGA,225,116.11,observed
embryo #3,DTTz_3_S3,AATAGAAAACGA,234,119.49,observed
embryo #3,DTTz_3_S3,AATAGAAAACGA,244,123.2,observed
embryo #3,DTTz_3_S3,AATAGAAAACGA,253,126.5,observed
embryo #3,DTTz_3_S3,AATAGAAAACGA,263,130.11,observed
embryo #3,DTTz_3_S3,AATAGAAAACGA,272,133.32,observed
embryo #3,DTTz_3_S3,AATAGAAAACGA,281,136.5,observed
embryo #3,DTTz_3_S3,AATAGAAAACGA,291,139.98,observed
embryo #3,DTTz_3_S3,AATAGAAAACGA,300,143.09,observed
embryo #3,DTTz_3_S3,AATAGAAAACGA,309,146.16,observed
embryo #3,DTTz_3_S3,AATAGAAAACGA,319,149.54,observed
embryo #3,DTTz_3_S3,AATAGAAAACGA,328,152.55,observed
embryo #3,DTTz_3_S3,AATAGAAAACGA,337,155.54,observed
embryo #3,DTTz_3_S3,AATAGAAAACGA,347,158.83,observed
embryo #3,DTTz_3_S3,AATAGAAAACGA,356,161.76,observed
embryo #3,DTTz_3_S3,AATAGAAAACGA,366,165.0,observed
embryo #3,DTTz_3_S3,AATAGAAAACGA,390,172.66,extrapolated
embryo #3,DTTz_3_S3,AATAGAAAACGA,415,180.49,extrapolated
embryo #3,DTTz_3_S3,AATAGAAAACGA,440,188.17,extrapolated
embryo #3,DTTz_3_S3,AATAGAAAACGA,465,195.69,extrapolated
embryo #3,DTTz_3_S3,AATAGAAAACGA,490,203.07,extrapolated
embryo #3,DTTz_3_S3,AATAGAAAACGA,514,210.02,extrapolated
embryo #3,DTTz_3_S3,AATAGAAAACGA,539,217.12,extrapolated
embryo #3,DTTz_3_S3,AATAGAAAACGA,564,224.08,extrapolated
embryo #3,DTTz_3_S3,AATAGAAAACGA,589,230.9,extrapolated
embryo #3,DTTz_3_S3,AATAGAAAACGA,614,237.59,extrapolated
embryo #3,DTTz_3_S3,AATAGAAAACGA,638,243.89,extrapolated
embryo #3,DTTz_3_S3,AATAGAAAACGA,663,250.33,extrapolated
embryo #3,DTTz_3_S3,AATAGAAAACGA,688,256.64,extrapolated
embryo #3,DTTz_3_S3,AATAGAAAACGA,713,262.83,extrapolated
embryo #3,DTTz_3_S3,AATAGAAAACGA,738,268.89,extrapolated
embryo #3,DTTz_3_S3,AATAGAAAACGA,763,274.84,extrapolated
embryo #3,DTTz_3_S3,AATAGAAAACGA,787,280.44,extrapolated
embryo #3,DTTz_3_S3,AATAGAAAACGA,812,286.17,extrapolated
embryo #3,DTTz_3_S3,AATAGAAAACGA,837,291.78,extrapolated
embryo #3,DTTz_3_S3,AATAGAAAACGA,862,297.28,extrapolated
embryo #3,DTTz_3_S3,AATAGAAAACGA,887,302.67,extrapolated
embryo #3,DTTz_3_S3,AATAGAAAACGA,911,307.75,extrapolated
embryo #3,DTTz_3_S3,AATAGAAAACGA,936,312.94,extrapolated
embryo #3,DTTz_3_S3,AATAGAAAACGA,961,318.03,extrapolated
embryo #3,DTTz_3_S3,AATAGAAAACGA,986,323.02,extrapolated
embryo #3,DTTz_3_S3,AATAGAAAACGA,1011,327.91,extrapolated
embryo #3,DTTz_3_S3,AATAGAAAACGA,1035,332.51,extrapolated
embryo #3,DTTz_3_S3,AATAGAAAACGA,1060,337.22,extrapolated
embryo #3,DTTz_3_S3,AATAGAAAACGA,1085,341.83,extrapolated
embryo #3,DTTz_3_S3,AATAGAAAACGA,1110,346.36,extrapolated
embryo #3,DTTz_3_S3,AATAGAAAACGA,1135,350.79,extrapolated
embryo #3,DTTz_3_S3,AATAGAAAACGA,1160,355.14,extrapolated
embryo #3,DTTz_3_S3,AATAGAAAACGA,1184,359.24,extrapolated
embryo #3,DTTz_3_S3,AATAGAAAACGA,1209,363.42,extrapolated
embryo #3,DTTz_3_S3,AATAGAAAACGA,1234,367.52,extrapolated
embryo #3,DTTz_3_S3,AATAGAAAACGA,1259,371.54,extrapolated
embryo #3,DTTz_3_S3,AATAGAAAACGA,1284,375.49,extrapolated
embryo #3,DTTz_3_S3,AATAGAAAACGA,1308,379.2,extrapolated
embryo #3,DTTz_3_S3,AATAGAAAACGA,1333,382.99,extrapolated
embryo #3,DTTz_3_S3,AATAGAAAACGA,1358,386.71,extrapolated
embryo #3,DTTz_3_S3,AATAGAAAACGA,1383,390.36,extrapolated
embryo #3,DTTz_3_S3,AATAGAAAACGA,1408,393.94,extrapolated
embryo #3,DTTz_3_S3,AATAGAAAACGA,1432,397.3,extrapolated
embryo #3,DTTz_3_S3,AATAGAAAACGA,1457,400.74,extrapolated
embryo #3,DTTz_3_S3,AATAGAAAACGA,1482,404.12,extrapolated
embryo #3,DTTz_3_S3,AATAGAAAACGA,1507,407.42,extrapolated
embryo #3,DTTz_3_S3,AATAGAAAACGA,1532,410.67,extrapolated
embryo #3,DTTz_3_S3,AATAGAAAACGA,1557,413.85,extrapolated
embryo #3,DTTz_3_S3,AATAGAAAACGA,1581,416.84,extrapolated
embryo #3,DTTz_3_S3,AATAGAAAACGA,1606,419.9,extrapolated
embryo #3,DTTz_3_S3,AATAGAAAACGA,1631,422.9,extrapolated
embryo #3,DTTz_3_S3,AATAGAAAACGA,1656,425.84,extrapolated
embryo #3,DTTz_3_S3,AATAGAAAACGA,1681,428.72,extrapolated
embryo #3,DTTz_3_S3,AATAGAAAACGA,1705,431.43,extrapolated
embryo #3,DTTz_3_S3,AATAGAAAACGA,1730,434.21,extrapolated
embryo #3,DTTz_3_S3,AATAGAAAACGA,1755,436.93,extrapolated
embryo #3,DTTz_3_S3,AATAGAAAACGA,1780,439.59,extrapolated
embryo #3,DTTz_3_S3,AATAGAAAACGA,1805,442.21,extrapolated
embryo #3,DTTz_3_S3,AATAGAAAACGA,1830,444.77,extrapolated
embryo #3,DTTz_3_S3,GTGTAAATCGGC,1,1.0,observed
embryo #3,DTTz_3_S3,GTGTAAATCGGC,9,8.42,observed
embryo #3,DTTz_3_S3,GTGTAAATCGGC,17,14.97,observed
embryo #3,DTTz_3_S3,GTGTAAATCGGC,25,20.87,observed
embryo #3,DTTz_3_S3,GTGTAAATCGGC,34,26.9,observed
embryo #3,DTTz_3_S3,GTGTAAATCGGC,42,31.84,observed
embryo #3,DTTz_3_S3,GTGTAAATCGGC,50,36.47,observed
embryo #3,DTTz_3_S3,GTGTAAATCGGC,59,41.36,observed
embryo #3,DTTz_3_S3,GTGTAAATCGGC,67,45.49,observed
embryo #3,DTTz_3_S3,GTGTAAATCGGC,75,49.44,observed
embryo #3,DTTz_3_S3,GTGTAAATCGGC,84,53.7,observed
embryo #3,DTTz_3_S3,GTGTAAATCGGC,92,57.34,observed
embryo #3,DTTz_3_S3,GTGTAAATCGGC,100,60.87,observed
embryo #3,DTTz_3_S3,GTGTAAATCGGC,109,64.73,observed
embryo #3,DTTz_3_S3,GTGTAAATCGGC,117,68.05,observed
embryo #3,DTTz_3_S3,GTGTAAATCGGC,125,71.3,observed
embryo #3,DTTz_3_S3,GTGTAAATCGGC,133,74.46,observed
embryo #3,DTTz_3_S3,GTGTAAATCGGC,142,77.95,observed
embryo #3,DTTz_3_S3,GTGTAAATCGGC,150,80.97,observed
embryo #3,DTTz_3_S3,GTGTAAATCGGC,158,83.94,observed
embryo #3,DTTz_3_S3,GTGTAAATCGGC,167,87.2,observed
embryo #3,DTTz_3_S3,GTGTAAATCGGC,175,90.05,observed
embryo #3,DTTz_3_S3,GTGTAAATCGGC,183,92.85,observed
embryo #3,DTTz_3_S3,GTGTAAATCGGC,192,95.94,observed
embryo #3,DTTz_3_S3,GTGTAAATCGGC,200,98.64,observed
embryo #3,DTTz_3_S3,GTGTAAATCGGC,208,101.3,observed
embryo #3,DTTz_3_S3,GTGTAAATCGGC,217,104.24,observed
embryo #3,DTTz_3_S3,GTGTAAATCGGC,225,106.81,observed
embryo #3,DTTz_3_S3,GTGTAAATCGGC,233,109.34,observed
embryo #3,DTTz_3_S3,GTGTAAATCGGC,241,111.83,observed
embryo #3,DTTz_3_S3,GTGTAAATCGGC,250,114.6,observed
embryo #3,DTTz_3_S3,GTGTAAATCGGC,258,117.01,observed
embryo #3,DTTz_3_S3,GTGTAAATCGGC,266,119.4,observed
embryo #3,DTTz_3_S3,GTGTAAATCGGC,275,122.04,observed
embryo #3,DTTz_3_S3,GTGTAAATCGGC,283,124.36,observed
embryo #3,DTTz_3_S3,GTGTAAATCGGC,291,126.64,observed
embryo #3,DTTz_3_S3,GTGTAAATCGGC,300,129.17,observed
embryo #3,DTTz_3_S3,GTGTAAATCGGC,308,131.39,observed
embryo #3,DTTz_3_S3,GTGTAAATCGGC,316,133.57,observed
embryo #3,DTTz_3_S3,GTGTAAATCGGC,325,136.0,observed
embryo #3,DTTz_3_S3,GTGTAAATCGGC,347,141.78,extrapolated
embryo #3,DTTz_3_S3,GTGTAAATCGGC,369,147.34,extrapolated
embryo #3,DTTz_3_S3,GTGTAAATCGGC,391,152.7,extrapolated
embryo #3,DTTz_3_S3,GTGTAAATCGGC,413,157.86,extrapolated
embryo #3,DTTz_3_S3,GTGTAAATCGGC,435,162.83,extrapolated
embryo #3,DTTz_3_S3,GTGTAAATCGGC,457,167.62,extrapolated
embryo #3,DTTz_3_S3,GTGTAAATCGGC,479,172.24,extrapolated
embryo #3,DTTz_3_S3,GTGTAAATCGGC,501,176.68,extrapolated
embryo #3,DTTz_3_S3,GTGTAAATCGGC,523,180.96,extrapolated
embryo #3,DTTz_3_S3,GTGTAAATCGGC,545,185.08,extrapolated
embryo #3,DTTz_3_S3,GTGTAAATCGGC,567,189.06,extrapolated
embryo #3,DTTz_3_S3,GTGTAAATCGGC,589,192.88,extrapolated
embryo #3,DTTz_3_S3,GTGTAAATCGGC,611,196.57,extrapolated
embryo #3,DTTz_3_S3,GTGTAAATCGGC,633,200.12,extrapolated
embryo #3,DTTz_3_S3,GTGTAAATCGGC,655,203.54,extrapolated
embryo #3,DTTz_3_S3,GTGTAAATCGGC,677,206.83,extrapolated
embryo #3,DTTz_3_S3,GTGTAAATCGGC,699,210.01,extrapolated
embryo #3,DTTz_3_S3,GTGTAAATCGGC,721,213.06,extrapolated
embryo #3,DTTz_3_S3,GTGTAAATCGGC,743,216.01,extrapolated
embryo #3,DTTz_3_S3,GTGTAAATCGGC,765,218.84,extrapolated
embryo #3,DTTz_3_S3,GTGTAAATCGGC,787,221.57,extrapolated
embryo #3,DTTz_3_S3,GTGTAAATCGGC,809,224.21,extrapolated
embryo #3,DTTz_3_S3,GTGTAAATCGGC,831,226.74,extrapolated
embryo #3,DTTz_3_S3,GTGTAAATCGGC,853,229.18,extrapolated
embryo #3,DTTz_3_S3,GTGTAAATCGGC,875,231.53,extrapolated
embryo #3,DTTz_3_S3,GTGTAAATCGGC,897,233.8,extrapolated
embryo #3,DTTz_3_S3,GTGTAAATCGGC,919,235.98,extrapolated
embryo #3,DTTz_3_S3,GTGTAAATCGGC,941,238.08,extrapolated
embryo #3,DTTz_3_S3,GTGTAAATCGGC,963,240.11,extrapolated
embryo #3,DTTz_3_S3,GTGTAAATCGGC,986,242.15,extrapolated
embryo #3,DTTz_3_S3,GTGTAAATCGGC,1008,244.02,extrapolated
embryo #3,DTTz_3_S3,GTGTAAATCGGC,1030,245.83,extrapolated
embryo #3,DTTz_3_S3,GTGTAAATCGGC,1052,247.57,extrapolated
embryo #3,DTTz_3_S3,GTGTAAATCGGC,1074,249.25,extrapolated
embryo #3,DTTz_3_S3,GTGTAAATCGGC,1096,250.86,extrapolated
embryo #3,DTTz_3_S3,GTGTAAATCGGC,1118,252.42,extrapolated
embryo #3,DTTz_3_S3,GTGTAAATCGGC,1140,253.92,extrapolated
embryo #3,DTTz_3_S3,GTGTAAATCGGC,1162,255.36,extrapolated
embryo #3,DTTz_3_S3,GTGTAAATCGGC,1184,256.75,extrapolated
embryo #3,DTTz_3_S3,GTGTAAATCGGC,1206,258.09,extrapolated
embryo #3,DTTz_3_S3,GTGTAAATCGGC,1228,259.38,extrapolated
embryo #3,DTTz_3_S3,GTGTAAATCGGC,1250,260.62,extrapolated
embryo #3,DTTz_3_S3,GTGTAAATCGGC,1272,261.82,extrapolated
embryo #3,DTTz_3_S3,GTGTAAATCGGC,1294,262.97,extrapolated
embryo #3,DTTz_3_S3,GTGTAAATCGGC,1316,264.08,extrapolated
embryo #3,DTTz_3_S3,GTGTAAATCGGC,1338,265.15,extrapolated
embryo #3,DTTz_3_S3,GTGTAAATCGGC,1360,266.18,extrapolated
embryo #3,DTTz_3_S3,GTGTAAATCGGC,1382,267.17,extrapolated
embryo #3,DTTz_3_S3,GTGTAAATCGGC,1404,268.13,extrapolated
embryo #3,DTTz_3_S3,GTGTAAATCGGC,1426,269.05,extrapolated
embryo #3,DTTz_3_S3,GTGTAAATCGGC,1448,269.94,extrapolated
embryo #3,DTTz_3_S3,GTGTAAATCGGC,1470,270.79,extrapolated
embryo #3,DTTz_3_S3,GTGTAAATCGGC,1492,271.62,extrapolated
embryo #3,DTTz_3_S3,GTGTAAATCGGC,1514,272.41,extrapolated
embryo #3,DTTz_3_S3,GTGTAAATCGGC,1536,273.17,extrapolated
embryo #3,DTTz_3_S3,GTGTAAATCGGC,1558,273.91,extrapolated
embryo #3,DTTz_3_S3,GTGTAAATCGGC,1580,274.62,extrapolated
embryo #3,DTTz_3_S3,GTGTAAATCGGC,1602,275.3,extrapolated
embryo #3,DTTz_3_S3,GTGTAAATCGGC,1625,275.99,extrapolated
embryo #3,DTTz_3_S3,CGGGGAATTGTA,1,1.0,observed
embryo #3,DTTz_3_S3,CGGGGAATTGTA,8,7.32,observed
embryo #3,DTTz_3_S3,CGGGGAATTGTA,16,13.48,observed
embryo #3,DTTz_3_S3,CGGGGAATTGTA,24,18.9,observed
embryo #3,DTTz_3_S3,CGGGGAATTGTA,31,23.22,observed
embryo #3,DTTz_3_S3,CGGGGAATTGTA,39,27.82,observed
embryo #3,DTTz_3_S3,CGGGGAATTGTA,47,32.13,observed
embryo #3,DTTz_3_S3,CGGGGAATTGTA,54,35.7,observed
embryo #3,DTTz_3_S3,CGGGGAATTGTA,62,39.61,observed
embryo #3,DTTz_3_S3,CGGGGAATTGTA,70,43.34,observed
embryo #3,DTTz_3_S3,CGGGGAATTGTA,77,46.49,observed
embryo #3,DTTz_3_S3,CGGGGAATTGTA,85,49.97,observed
embryo #3,DTTz_3_S3,CGGGGAATTGTA,93,53.33,observed
embryo #3,DTTz_3_S3,CGGGGAATTGTA,100,56.19,observed
embryo #3,DTTz_3_S3,CGGGGAATTGTA,108,59.37,observed
embryo #3,DTTz_3_S3,CGGGGAATTGTA,116,62.46,observed
embryo #3,DTTz_3_S3,CGGGGAATTGTA,123,65.1,observed
embryo #3,DTTz_3_S3,CGGGGAATTGTA,131,68.04,observed
embryo #3,DTTz_3_S3,CGGGGAATTGTA,139,70.93,observed
embryo #3,DTTz_3_S3,CGGGGAATTGTA,146,73.4,observed
embryo #3,DTTz_3_S3,CGGGGAATTGTA,154,76.17,observed
embryo #3,DTTz_3_S3,CGGGGAATTGTA,162,78.88,observed
embryo #3,DTTz_3_S3,CGGGGAATTGTA,169,81.22,observed
embryo #3,DTTz_3_S3,CGGGGAATTGTA,177,83.84,observed
embryo #3,DTTz_3_S3,CGGGGAATTGTA,185,86.42,observed
embryo #3,DTTz_3_S3,CGGGGAATTGTA,192,88.65,observed
embryo #3,DTTz_3_S3,CGGGGAATTGTA,200,91.16,observed
embryo #3,DTTz_3_S3,CGGGGAATTGTA,208,93.63,observed
embryo #3,DTTz_3_S3,CGGGGAATTGTA,215,95.76,observed
embryo #3,DTTz_3_S3,CGGGGAATTGTA,223,98.17,observed
embryo #3,DTTz_3_S3,CGGGGAATTGTA,231,100.55,observed
embryo #3,DTTz_3_S3,CGGGGAATTGTA,238,102.61,observed
embryo #3,DTTz_3_S3,CGGGGAATTGTA,246,104.93,observed
embryo #3,DTTz_3_S3,CGGGGAATTGTA,254,107.23,observed
embryo #3,DTTz_3_S3,CGGGGAATTGTA,261,109.22,observed
embryo #3,DTTz_3_S3,CGGGGAATTGTA,269,111.48,observed
embryo #3,DTTz_3_S3,CGGGGAATTGTA,277,113.71,observed
embryo #3,DTTz_3_S3,CGGGGAATTGTA,284,115.64,observed
embryo #3,DTTz_3_S3,CGGGGAATTGTA,292,117.83,observed
embryo #3,DTTz_3_S3,CGGGGAATTGTA,300,120.0,observed
embryo #3,DTTz_3_S3,CGGGGAATTGTA,320,125.34,extrapolated
embryo #3,DTTz_3_S3,CGGGGAATTGTA,340,130.55,extrapolated
embryo #3,DTTz_3_S3,CGGGGAATTGTA,361,135.89,extrapolated
embryo #3,DTTz_3_S3,CGGGGAATTGTA,381,140.87,extrapolated
embryo #3,DTTz_3_S3,CGGGGAATTGTA,401,145.72,extrapolated
embryo #3,DTTz_3_S3,CGGGGAATTGTA,422,150.71,extrapolated
embryo #3,DTTz_3_S3,CGGGGAATTGTA,442,155.34,extrapolated
embryo #3,DTTz_3_S3,CGGGGAATTGTA,462,159.87,extrapolated
embryo #3,DTTz_3_S3,CGGGGAATTGTA,483,164.51,extrapolated
embryo #3,DTTz_3_S3,CGGGGAATTGTA,503,168.83,extrapolated
embryo #3,DTTz_3_S3,CGGGGAATTGTA,523,173.05,extrapolated
embryo #3,DTTz_3_S3,CGGGGAATTGTA,544,177.37,extrapolated
embryo #3,DTTz_3_S3,CGGGGAATTGTA,564,181.4,extrapolated
embryo #3,DTTz_3_S3,CGGGGAATTGTA,584,185.33,extrapolated
embryo #3,DTTz_3_S3,CGGGGAATTGTA,605,189.36,extrapolated
embryo #3,DTTz_3_S3,CGGGGAATTGTA,625,193.11,extrapolated
embryo #3,DTTz_3_S3,CGGGGAATTGTA,645,196.78,extrapolated
embryo #3,DTTz_3_S3,CGGGGAATTGTA,666,200.54,extrapolated
embryo #3,DTTz_3_S3,CGGGGAATTGTA,686,204.03,extrapolated
embryo #3,DTTz_3_S3,CGGGGAATTGTA,706,207.45,extrapolated
embryo #3,DTTz_3_S3,CGGGGAATTGTA,727,210.95,extrapolated
embryo #3,DTTz_3_S3,CGGGGAATTGTA,747,214.21,extrapolated
embryo #3,DTTz_3_S3,CGGGGAATTGTA,767,217.39,extrapolated
embryo #3,DTTz_3_S3,CGGGGAATTGTA,788,220.65,extrapolated
embryo #3,DTTz_3_S3,CGGGGAATTGTA,808,223.69,extrapolated
embryo #3,DTTz_3_S3,CGGGGAATTGTA,828,226.66,extrapolated
embryo #3,DTTz_3_S3,CGGGGAATTGTA,849,229.7,extrapolated
embryo #3,DTTz_3_S3,CGGGGAATTGTA,869,232.53,extrapolated
embryo #3,DTTz_3_S3,CGGGGAATTGTA,889,235.29,extrapolated
embryo #3,DTTz_3_S3,CGGGGAATTGTA,910,238.13,extrapolated
embryo #3,DTTz_3_S3,CGGGGAATTGTA,930,240.76,extrapolated
embryo #3,DTTz_3_S3,CGGGGAATTGTA,950,243.34,extrapolated
embryo #3,DTTz_3_S3,CGGGGAATTGTA,971,245.98,extrapolated
embryo #3,DTTz_3_S3,CGGGGAATTGTA,991,248.44,extrapolated
embryo #3,DTTz_3_S3,CGGGGAATTGTA,1011,250.84,extrapolated
embryo #3,DTTz_3_S3,CGGGGAATTGTA,1032,253.3,extrapolated
embryo #3,DTTz_3_S3,CGGGGAATTGTA,1052,255.59,extrapolated
embryo #3,DTTz_3_S3,CGGGGAATTGTA,1072,257.83,extrapolated
embryo #3,DTTz_3_S3,CGGGGAATTGTA,1093,260.12,extrapolated
embryo #3,DTTz_3_S3,CGGGGAATTGTA,1113,262.26,extrapolated
embryo #3,DTTz_3_S3,CGGGGAATTGTA,1133,264.34,extrapolated
embryo #3,DTTz_3_S3,CGGGGAATTGTA,1154,266.48,extrapolated
embryo #3,DTTz_3_S3,CGGGGAATTGTA,1174,268.47,extrapolated
embryo #3,DTTz_3_S3,CGGGGAATTGTA,1194,270.41,extrapolated
embryo #3,DTTz_3_S3,CGGGGAATTGTA,1215,272.41,extrapolated
embryo #3,DTTz_3_S3,CGGGGAATTGTA,1235,274.26,extrapolated
embryo #3,DTTz_3_S3,CGGGGAATTGTA,1255,276.07,extrapolated
embryo #3,DTTz_3_S3,CGGGGAATTGTA,1276,277.93,extrapolated
embryo #3,DTTz_3_S3,CGGGGAATTGTA,1296,279.65,extrapolated
embryo #3,DTTz_3_S3,CGGGGAATTGTA,1316,281.34,extrapolated
embryo #3,DTTz_3_S3,CGGGGAATTGTA,1337,283.07,extrapolated
embryo #3,DTTz_3_S3,CGGGGAATTGTA,1357,284.68,extrapolated
embryo #3,DTTz_3_S3,CGGGGAATTGTA,1377,286.26,extrapolated
embryo #3,DTTz_3_S3,CGGGGAATTGTA,1398,287.87,extrapolated
embryo #3,DTTz_3_S3,CGGGGAATTGTA,1418,289.37,extrapolated
embryo #3,DTTz_3_S3,CGGGGAATTGTA,1438,290.83,extrapolated
embryo #3,DTTz_3_S3,CGGGGAATTGTA,1459,292.34,extrapolated
embryo #3,DTTz_3_S3,CGGGGAATTGTA,1479,293.74,extrapolated
embryo #3,DTTz_3_S3,CGGGGAATTGTA,1500,295.17,extrapolated
embryo #3,DTTz_3_S3,CATATAATCGCA,1,1.0,observed
embryo #3,DTTz_3_S3,CATATAATCGCA,8,7.6,observed
embryo #3,DTTz_3_S3,CATATAATCGCA,15,13.6,observed
embryo #3,DTTz_3_S3,CATATAATCGCA,23,19.87,observed
embryo #3,DTTz_3_S3,CATATAATCGCA,30,24.93,observed
embryo #3,DTTz_3_S3,CATATAATCGCA,37,29.66,observed
embryo #3,DTTz_3_S3,CATATAATCGCA,45,34.72,observed
embryo #3,DTTz_3_S3,CATATAATCGCA,52,38.9,observed
embryo #3,DTTz_3_S3,CATATAATCGCA,60,43.43,observed
embryo #3,DTTz_3_S3,CATATAATCGCA,67,47.2,observed
embryo #3,DTTz_3_S3,CATATAATCGCA,74,50.81,observed
embryo #3,DTTz_3_S3,CATATAATCGCA,82,54.77,observed
embryo #3,DTTz_3_S3,CATATAATCGCA,89,58.1,observed
embryo #3,DTTz_3_S3,CATATAATCGCA,97,61.76,observed
embryo #3,DTTz_3_S3,CATATAATCGCA,104,64.86,observed
embryo #3,DTTz_3_S3,CATATAATCGCA,111,67.86,observed
embryo #3,DTTz_3_S3,CATATAATCGCA,119,71.18,observed
embryo #3,DTTz_3_S3,CATATAATCGCA,126,73.99,observed
embryo #3,DTTz_3_S3,CATATAATCGCA,133,76.74,observed
embryo #3,DTTz_3_S3,CATATAATCGCA,141,79.78,observed
embryo #3,DTTz_3_S3,CATATAATCGCA,148,82.38,observed
embryo #3,DTTz_3_S3,CATATAATCGCA,156,85.27,observed
embryo #3,DTTz_3_S3,CATATAATCGCA,163,87.74,observed
embryo #3,DTTz_3_S3,CATATAATCGCA,170,90.15,observed
embryo #3,DTTz_3_S3,CATATAATCGCA,178,92.84,observed
embryo #3,DTTz_3_S3,CATATAATCGCA,185,95.15,observed
embryo #3,DTTz_3_S3,CATATAATCGCA,193,97.73,observed
embryo #3,DTTz_3_S3,CATATAATCGCA,200,99.94,observed
embryo #3,DTTz_3_S3,CATATAATCGCA,207,102.11,observed
embryo #3,DTTz_3_S3,CATATAATCGCA,215,104.54,observed
embryo #3,DTTz_3_S3,CATATAATCGCA,222,106.62,observed
embryo #3,DTTz_3_S3,CATATAATCGCA,229,108.67,observed
embryo #3,DTTz_3_S3,CATATAATCGCA,237,110.98,observed
embryo #3,DTTz_3_S3,CATATAATCGCA,244,112.96,observed
embryo #3,DTTz_3_S3,CATATAATCGCA,252,115.18,observed
embryo #3,DTTz_3_S3,CATATAATCGCA,259,117.1,observed
embryo #3,DTTz_3_S3,CATATAATCGCA,266,118.98,observed
embryo #3,DTTz_3_S3,CATATAATCGCA,274,121.11,observed
embryo #3,DTTz_3_S3,CATATAATCGCA,281,122.94,observed
embryo #3,DTTz_3_S3,CATATAATCGCA,289,125.0,observed
embryo #3,DTTz_3_S3,CATATAATCGCA,308,129.77,extrapolated
embryo #3,DTTz_3_S3,CATATAATCGCA,328,134.62,extrapolated
embryo #3,DTTz_3_S3,CATATAATCGCA,347,139.06,extrapolated
embryo #3,DTTz_3_S3,CATATAATCGCA,367,143.56,extrapolated
embryo #3,DTTz_3_S3,CATATAATCGCA,386,147.69,extrapolated
embryo #3,DTTz_3_S3,CATATAATCGCA,406,151.87,extrapolated
embryo #3,DTTz_3_S3,CATATAATCGCA,426,155.91,extrapolated
embryo #3,DTTz_3_S3,CATATAATCGCA,445,159.6,extrapolated
embryo #3,DTTz_3_S3,CATATAATCGCA,465,163.35,extrapolated
embryo #3,DTTz_3_S3,CATATAATCGCA,484,166.78,extrapolated
embryo #3,DTTz_3_S3,CATATAATCGCA,504,170.26,extrapolated
embryo #3,DTTz_3_S3,CATATAATCGCA,524,173.62,extrapolated
embryo #3,DTTz_3_S3,CATATAATCGCA,543,176.69,extrapolated
embryo #3,DTTz_3_S3,CATATAATCGCA,563,179.81,extrapolated
embryo #3,DTTz_3_S3,CATATAATCGCA,582,182.67,extrapolated
embryo #3,DTTz_3_S3,CATATAATCGCA,602,185.57,extrapolated
embryo #3,DTTz_3_S3,CATATAATCGCA,622,188.36,extrapolated
embryo #3,DTTz_3_S3,CATATAATCGCA,641,190.92,extrapolated
embryo #3,DTTz_3_S3,CATATAATCGCA,661,193.51,extrapolated
embryo #3,DTTz_3_S3,CATATAATCGCA,680,195.89,extrapolated
embryo #3,DTTz_3_S3,CATATAATCGCA,700,198.3,extrapolated
embryo #3,DTTz_3_S3,CATATAATCGCA,720,200.63,extrapolated
embryo #3,DTTz_3_S3,CATATAATCGCA,739,202.75,extrapolated
embryo #3,DTTz_3_S3,CATATAATCGCA,759,204.91,extrapolated
embryo #3,DTTz_3_S3,CATATAATCGCA,778,206.89,extrapolated
embryo #3,DTTz_3_S3,CATATAATCGCA,798,208.9,extrapolated
embryo #3,DTTz_3_S3,CATATAATCGCA,818,210.83,extrapolated
embryo #3,DTTz_3_S3,CATATAATCGCA,837,212.6,extrapolated
embryo #3,DTTz_3_S3,CATATAATCGCA,857,214.4,extrapolated
embryo #3,DTTz_3_S3,CATATAATCGCA,876,216.05,extrapolated
embryo #3,DTTz_3_S3,CATATAATCGCA,896,217.72,extrapolated
embryo #3,DTTz_3_S3,CATATAATCGCA,915,219.25,extrapolated
embryo #3,DTTz_3_S3,CATATAATCGCA,935,220.8,extrapolated
embryo #3,DTTz_3_S3,CATATAATCGCA,955,222.29,extrapolated
embryo #3,DTTz_3_S3,CATATAATCGCA,974,223.66,extrapolated
embryo #3,DTTz_3_S3,CATATAATCGCA,994,225.05,extrapolated
embryo #3,DTTz_3_S3,CATATAATCGCA,1013,226.33,extrapolated
embryo #3,DTTz_3_S3,CATATAATCGCA,1033,227.62,extrapolated
embryo #3,DTTz_3_S3,CATATAATCGCA,1053,228.86,extrapolated
embryo #3,DTTz_3_S3,CATATAATCGCA,1072,230.0,extrapolated
embryo #3,DTTz_3_S3,CATATAATCGCA,1092,231.16,extrapolated
embryo #3,DTTz_3_S3,CATATAATCGCA,1111,232.22,extrapolated
embryo #3,DTTz_3_S3,CATATAATCGCA,1131,233.29,extrapolated
embryo #3,DTTz_3_S3,CATATAATCGCA,1151,234.33,extrapolated
embryo #3,DTTz_3_S3,CATATAATCGCA,1170,235.28,extrapolated
embryo #3,DTTz_3_S3,CATATAATCGCA,1190,236.24,extrapolated
embryo #3,DTTz_3_S3,CATATAATCGCA,1209,237.12,extrapolated
embryo #3,DTTz_3_S3,CATATAATCGCA,1229,238.02,extrapolated
embryo #3,DTTz_3_S3,CATATAATCGCA,1249,238.88,extrapolated
embryo #3,DTTz_3_S3,CATATAATCGCA,1268,239.67,extrapolated
embryo #3,DTTz_3_S3,CATATAATCGCA,1288,240.47,extrapolated
embryo #3,DTTz_3_S3,CATATAATCGCA,1307,241.2,extrapolated
embryo #3,DTTz_3_S3,CATATAATCGCA,1327,241.95,extrapolated
embryo #3,DTTz_3_S3,CATATAATCGCA,1347,242.66,extrapolated
embryo #3,DTTz_3_S3,CATATAATCGCA,1366,243.32,extrapolated
embryo #3,DTTz_3_S3,CATATAATCGCA,1386,243.99,extrapolated
embryo #3,DTTz_3_S3,CATATAATCGCA,1405,244.6,extrapolated
embryo #3,DTTz_3_S3,CATATAATCGCA,1425,245.22,extrapolated
embryo #3,DTTz_3_S3,CATATAATCGCA,1445,245.81,extrapolated
embryo #3,DTTz_3_S3,TGACTAAAGCGG,1,1.0,observed
embryo #3,DTTz_3_S3,TGACTAAAGCGG,8,6.44,observed
embryo #3,DTTz_3_S3,TGACTAAAGCGG,15,10.77,observed
embryo #3,DTTz_3_S3,TGACTAAAGCGG,22,14.66,observed
embryo #3,DTTz_3_S3,TGACTAAAGCGG,29,18.25,observed
embryo #3,DTTz_3_S3,TGACTAAAGCGG,36,21.6,observed
embryo #3,DTTz_3_S3,TGACTAAAGCGG,43,24.77,observed
embryo #3,DTTz_3_S3,TGACTAAAGCGG,51,28.2,observed
embryo #3,DTTz_3_S3,TGACTAAAGCGG,58,31.05,observed
embryo #3,DTTz_3_S3,TGACTAAAGCGG,65,33.78,observed
embryo #3,DTTz_3_S3,TGACTAAAGCGG,72,36.4,observed
embryo #3,DTTz_3_S3,TGACTAAAGCGG,79,38.91,observed
embryo #3,DTTz_3_S3,TGACTAAAGCGG,86,41.34,observed
embryo #3,DTTz_3_S3,TGACTAAAGCGG,94,44.0,observed
embryo #3,DTTz_3_S3,TGACTAAAGCGG,101,46.25,observed
embryo #3,DTTz_3_S3,TGACTAAAGCGG,108,48.43,observed
embryo #3,DTTz_3_S3,TGACTAAAGCGG,115,50.54,observed
embryo #3,DTTz_3_S3,TGACTAAAGCGG,122,52.6,observed
embryo #3,DTTz_3_S3,TGACTAAAGCGG,129,54.6,observed
embryo #3,DTTz_3_S3,TGACTAAAGCGG,136,56.54,observed
embryo #3,DTTz_3_S3,TGACTAAAGCGG,144,58.71,observed
embryo #3,DTTz_3_S3,TGACTAAAGCGG,151,60.56,observed
embryo #3,DTTz_3_S3,TGACTAAAGCGG,158,62.37,observed
embryo #3,DTTz_3_S3,TGACTAAAGCGG,165,64.15,observed
embryo #3,DTTz_3_S3,TGACTAAAGCGG,172,65.89,observed
embryo #3,DTTz_3_S3,TGACTAAAGCGG,179,67.61,observed
embryo #3,DTTz_3_S3,TGACTAAAGCGG,187,69.53,observed
embryo #3,DTTz_3_S3,TGACTAAAGCGG,194,71.18,observed
embryo #3,DTTz_3_S3,TGACTAAAGCGG,201,72.81,observed
embryo #3,DTTz_3_S3,TGACTAAAGCGG,208,74.42,observed
embryo #3,DTTz_3_S3,TGACTAAAGCGG,215,76.01,observed
embryo #3,DTTz_3_S3,TGACTAAAGCGG,222,77.58,observed
embryo #3,DTTz_3_S3,TGACTAAAGCGG,229,79.13,observed
embryo #3,DTTz_3_S3,TGACTAAAGCGG,237,80.88,observed
embryo #3,DTTz_3_S3,TGACTAAAGCGG,244,82.4,observed
embryo #3,DTTz_3_S3,TGACTAAAGCGG,251,83.9,observed
embryo #3,DTTz_3_S3,TGACTAAAGCGG,258,85.39,observed
embryo #3,DTTz_3_S3,TGACTAAAGCGG,265,86.87,observed
embryo #3,DTTz_3_S3,TGACTAAAGCGG,272,88.34,observed
embryo #3,DTTz_3_S3,TGACTAAAGCGG,280,90.0,observed
embryo #3,DTTz_3_S3,TGACTAAAGCGG,298,93.69,extrapolated
embryo #3,DTTz_3_S3,TGACTAAAGCGG,317,97.52,extrapolated
embryo #3,DTTz_3_S3,TGACTAAAGCGG,336,101.28,extrapolated
embryo #3,DTTz_3_S3,TGACTAAAGCGG,355,104.97,extrapolated
embryo #3,DTTz_3_S3,TGACTAAAGCGG,374,108.59,extrapolated
embryo #3,DTTz_3_S3,TGACTAAAGCGG,393,112.14,extrapolated
embryo #3,DTTz_3_S3,TGACTAAAGCGG,412,115.62,extrapolated
embryo #3,DTTz_3_S3,TGACTAAAGCGG,431,119.04,extrapolated
embryo #3,DTTz_3_S3,TGACTAAAGCGG,450,122.4,extrapolated
embryo #3,DTTz_3_S3,TGACTAAAGCGG,469,125.69,extrapolated
embryo #3,DTTz_3_S3,TGACTAAAGCGG,488,128.93,extrapolated
embryo #3,DTTz_3_S3,TGACTAAAGCGG,507,132.1,extrapolated
embryo #3,DTTz_3_S3,TGACTAAAGCGG,526,135.21,extrapolated
embryo #3,DTTz_3_S3,TGACTAAAGCGG,545,138.27,extrapolated
embryo #3,DTTz_3_S3,TGACTAAAGCGG,564,141.27,extrapolated
embryo #3,DTTz_3_S3,TGACTAAAGCGG,583,144.21,extrapolated
embryo #3,DTTz_3_S3,TGACTAAAGCGG,602,147.1,extrapolated
embryo #3,DTTz_3_S3,TGACTAAAGCGG,621,149.94,extrapolated
embryo #3,DTTz_3_S3,TGACTAAAGCGG,640,152.72,extrapolated
embryo #3,DTTz_3_S3,TGACTAAAGCGG,659,155.45,extrapolated
embryo #3,DTTz_3_S3,TGACTAAAGCGG,678,158.13,extrapolated
embryo #3,DTTz_3_S3,TGACTAAAGCGG,697,160.76,extrapolated
embryo #3,DTTz_3_S3,TGACTAAAGCGG,716,163.34,extrapolated
embryo #3,DTTz_3_S3,TGACTAAAGCGG,735,165.87,extrapolated
embryo #3,DTTz_3_S3,TGACTAAAGCGG,754,168.36,extrapolated
embryo #3,DTTz_3_S3,TGACTAAAGCGG,773,170.8,extrapolated
embryo #3,DTTz_3_S3,TGACTAAAGCGG,792,173.19,extrapolated
embryo #3,DTTz_3_S3,TGACTAAAGCGG,811,175.54,extrapolated
embryo #3,DTTz_3_S3,TGACTAAAGCGG,830,177.85,extrapolated
embryo #3,DTTz_3_S3,TGACTAAAGCGG,849,180.11,extrapolated
embryo #3,DTTz_3_S3,TGACTAAAGCGG,868,182.33,extrapolated
embryo #3,DTTz_3_S3,TGACTAAAGCGG,887,184.51,extrapolated
embryo #3,DTTz_3_S3,TGACTAAAGCGG,906,186.65,extrapolated
embryo #3,DTTz_3_S3,TGACTAAAGCGG,925,188.75,extrapolated
embryo #3,DTTz_3_S3,TGACTAAAGCGG,944,190.81,extrapolated
embryo #3,DTTz_3_S3,TGACTAAAGCGG,963,192.83,extrapolated
embryo #3,DTTz_3_S3,TGACTAAAGCGG,982,194.81,extrapolated
embryo #3,DTTz_3_S3,TGACTAAAGCGG,1001,196.76,extrapolated
embryo #3,DTTz_3_S3,TGACTAAAGCGG,1020,198.67,extrapolated
embryo #3,DTTz_3_S3,TGACTAAAGCGG,1039,200.55,extrapolated
embryo #3,DTTz_3_S3,TGACTAAAGCGG,1058,202.39,extrapolated
embryo #3,DTTz_3_S3,TGACTAAAGCGG,1077,204.2,extrapolated
embryo #3,DTTz_3_S3,TGACTAAAGCGG,1096,205.97,extrapolated
embryo #3,DTTz_3_S3,TGACTAAAGCGG,1115,207.71,extrapolated
embryo #3,DTTz_3_S3,TGACTAAAGCGG,1134,209.42,extrapolated
embryo #3,DTTz_3_S3,TGACTAAAGCGG,1153,211.09,extrapolated
embryo #3,DTTz_3_S3,TGACTAAAGCGG,1172,212.74,extrapolated
embryo #3,DTTz_3_S3,TGACTAAAGCGG,1191,214.35,extrapolated
embryo #3,DTTz_3_S3,TGACTAAAGCGG,1210,215.93,extrapolated
embryo #3,DTTz_3_S3,TGACTAAAGCGG,1229,217.49,extrapolated
embryo #3,DTTz_3_S3,TGACTAAAGCGG,1248,219.01,extrapolated
embryo #3,DTTz_3_S3,TGACTAAAGCGG,1267,220.51,extrapolated
embryo #3,DTTz_3_S3,TGACTAAAGCGG,1286,221.98,extrapolated
embryo #3,DTTz_3_S3,TGACTAAAGCGG,1305,223.42,extrapolated
embryo #3,DTTz_3_S3,TGACTAAAGCGG,1324,224.84,extrapolated
embryo #3,DTTz_3_S3,TGACTAAAGCGG,1343,226.23,extrapolated
embryo #3,DTTz_3_S3,TGACTAAAGCGG,1362,227.59,extrapolated
embryo #3,DTTz_3_S3,TGACTAAAGCGG,1381,228.93,extrapolated
embryo #3,DTTz_3_S3,TGACTAAAGCGG,1400,230.24,extrapolated
embryo #3,DTTz_3_S3,TCCGGAAGACCC,1,1.0,observed
embryo #3,DTTz_3_S3,TCCGGAAGACCC,7,6.73,observed
embryo #3,DTTz_3_S3,TCCGGAAGACCC,13,12.06,observed
embryo #3,DTTz_3_S3,TCCGGAAGACCC,20,17.89,observed
embryo #3,DTTz_3_S3,TCCGGAAGACCC,26,22.62,observed
embryo #3,DTTz_3_S3,TCCGGAAGACCC,33,27.88,observed
embryo #3,DTTz_3_S3,TCCGGAAGACCC,39,32.22,observed
embryo #3,DTTz_3_S3,TCCGGAAGACCC,46,37.1,observed
embryo #3,DTTz_3_S3,TCCGGAAGACCC,52,41.16,observed
embryo #3,DTTz_3_S3,TCCGGAAGACCC,59,45.75,observed
embryo #3,DTTz_3_S3,TCCGGAAGACCC,65,49.59,observed
embryo #3,DTTz_3_S3,TCCGGAAGACCC,72,53.95,observed
embryo #3,DTTz_3_S3,TCCGGAAGACCC,78,57.6,observed
embryo #3,DTTz_3_S3,TCCGGAAGACCC,85,61.77,observed
embryo #3,DTTz_3_S3,TCCGGAAGACCC,91,65.26,observed
embryo #3,DTTz_3_S3,TCCGGAAGACCC,97,68.69,observed
embryo #3,DTTz_3_S3,TCCGGAAGACCC,104,72.61,observed
embryo #3,DTTz_3_S3,TCCGGAAGACCC,110,75.9,observed
embryo #3,DTTz_3_S3,TCCGGAAGACCC,117,79.67,observed
embryo #3,DTTz_3_S3,TCCGGAAGACCC,123,82.85,observed
embryo #3,DTTz_3_S3,TCCGGAAGACCC,130,86.49,observed
embryo #3,DTTz_3_S3,TCCGGAAGACCC,136,89.55,observed
embryo #3,DTTz_3_S3,TCCGGAAGACCC,143,93.07,observed
embryo #3,DTTz_3_S3,TCCGGAAGACCC,149,96.04,observed
embryo #3,DTTz_3_S3,TCCGGAAGACCC,156,99.45,observed
embryo #3,DTTz_3_S3,TCCGGAAGACCC,162,102.33,observed
embryo #3,DTTz_3_S3,TCCGGAAGACCC,169,105.64,observed
embryo #3,DTTz_3_S3,TCCGGAAGACCC,175,108.43,observed
embryo #3,DTTz_3_S3,TCCGGAAGACCC,181,111.19,observed
embryo #3,DTTz_3_S3,TCCGGAAGACCC,188,114.37,observed
embryo #3,DTTz_3_S3,TCCGGAAGACCC,194,117.06,observed
embryo #3,DTTz_3_S3,TCCGGAAGACCC,201,120.15,observed
embryo #3,DTTz_3_S3,TCCGGAAGACCC,207,122.78,observed
embryo #3,DTTz_3_S3,TCCGGAAGACCC,214,125.8,observed
embryo #3,DTTz_3_S3,TCCGGAAGACCC,220,128.36,observed
embryo #3,DTTz_3_S3,TCCGGAAGACCC,227,131.31,observed
embryo #3,DTTz_3_S3,TCCGGAAGACCC,233,133.82,observed
embryo #3,DTTz_3_S3,TCCGGAAGACCC,240,136.71,observed
embryo #3,DTTz_3_S3,TCCGGAAGACCC,246,139.17,observed
embryo #3,DTTz_3_S3,TCCGGAAGACCC,253,142.0,observed
embryo #3,DTTz_3_S3,TCCGGAAGACCC,270,148.76,extrapolated
embryo #3,DTTz_3_S3,TCCGGAAGACCC,287,155.36,extrapolated
embryo #3,DTTz_3_S3,TCCGGAAGACCC,304,161.79,extrapolated
embryo #3,DTTz_3_S3,TCCGGAAGACCC,321,168.06,extrapolated
embryo #3,DTTz_3_S3,TCCGGAAGACCC,338,174.18,extrapolated
embryo #3,DTTz_3_S3,TCCGGAAGACCC,355,180.15,extrapolated
embryo #3,DTTz_3_S3,TCCGGAAGACCC,373,186.3,extrapolated
embryo #3,DTTz_3_S3,TCCGGAAGACCC,390,191.97,extrapolated
embryo #3,DTTz_3_S3,TCCGGAAGACCC,407,197.49,extrapolated
embryo #3,DTTz_3_S3,TCCGGAAGACCC,424,202.88,extrapolated
embryo #3,DTTz_3_S3,TCCGGAAGACCC,441,208.13,extrapolated
embryo #3,DTTz_3_S3,TCCGGAAGACCC,458,213.25,extrapolated
embryo #3,DTTz_3_S3,TCCGGAAGACCC,475,218.25,extrapolated
embryo #3,DTTz_3_S3,TCCGGAAGACCC,493,223.41,extrapolated
embryo #3,DTTz_3_S3,TCCGGAAGACCC,510,228.15,extrapolated
embryo #3,DTTz_3_S3,TCCGGAAGACCC,527,232.78,extrapolated
embryo #3,DTTz_3_S3,TCCGGAAGACCC,544,237.29,extrapolated
embryo #3,DTTz_3_S3,TCCGGAAGACCC,561,241.69,extrapolated
embryo #3,DTTz_3_S3,TCCGGAAGACCC,578,245.98,extrapolated
embryo #3,DTTz_3_S3,TCCGGAAGACCC,596,250.41,extrapolated
embryo #3,DTTz_3_S3,TCCGGAAGACCC,613,254.48,extrapolated
embryo #3,DTTz_3_S3,TCCGGAAGACCC,630,258.46,extrapolated
embryo #3,DTTz_3_S3,TCCGGAAGACCC,647,262.33,extrapolated
embryo #3,DTTz_3_S3,TCCGGAAGACCC,664,266.11,extrapolated
embryo #3,DTTz_3_S3,TCCGGAAGACCC,681,269.8,extrapolated
embryo #3,DTTz_3_S3,TCCGGAAGACCC,698,273.39,extrapolated
embryo #3,DTTz_3_S3,TCCGGAAGACCC,716,277.1,extrapolated
embryo #3,DTTz_3_S3,TCCGGAAGACCC,733,280.51,extrapolated
embryo #3,DTTz_3_S3,TCCGGAAGACCC,750,283.84,extrapolated
embryo #3,DTTz_3_S3,TCCGGAAGACCC,767,287.08,extrapolated
embryo #3,DTTz_3_S3,TCCGGAAGACCC,784,290.25,extrapolated
embryo #3,DTTz_3_S3,TCCGGAAGACCC,801,293.34,extrapolated
embryo #3,DTTz_3_S3,TCCGGAAGACCC,819,296.52,extrapolated
embryo #3,DTTz_3_S3,TCCGGAAGACCC,836,299.45,extrapolated
embryo #3,DTTz_3_S3,TCCGGAAGACCC,853,302.31,extrapolated
embryo #3,DTTz_3_S3,TCCGGAAGACCC,870,305.1,extrapolated
embryo #3,DTTz_3_S3,TCCGGAAGACCC,887,307.82,extrapolated
embryo #3,DTTz_3_S3,TCCGGAAGACCC,904,310.47,extrapolated
embryo #3,DTTz_3_S3,TCCGGAAGACCC,921,313.05,extrapolated
embryo #3,DTTz_3_S3,TCCGGAAGACCC,939,315.72,extrapolated
embryo #3,DTTz_3_S3,TCCGGAAGACCC,956,318.18,extrapolated
embryo #3,DTTz_3_S3,TCCGGAAGACCC,973,320.57,extrapolated
embryo #3,DTTz_3_S3,TCCGGAAGACCC,990,322.9,extrapolated
embryo #3,DTTz_3_S3,TCCGGAAGACCC,1007,325.18,extrapolated
embryo #3,DTTz_3_S3,TCCGGAAGACCC,1024,327.4,extrapolated
embryo #3,DTTz_3_S3,TCCGGAAGACCC,1042,329.69,extrapolated
embryo #3,DTTz_3_S3,TCCGGAAGACCC,1059,331.8,extrapolated
embryo #3,DTTz_3_S3,TCCGGAAGACCC,1076,333.86,extrapolated
embryo #3,DTTz_3_S3,TCCGGAAGACCC,1093,335.86,extrapolated
embryo #3,DTTz_3_S3,TCCGGAAGACCC,1110,337.82,extrapolated
embryo #3,DTTz_3_S3,TCCGGAAGACCC,1127,339.72,extrapolated
embryo #3,DTTz_3_S3,TCCGGAAGACCC,1144,341.58,extrapolated
embryo #3,DTTz_3_S3,TCCGGAAGACCC,1162,343.5,extrapolated
embryo #3,DTTz_3_S3,TCCGGAAGACCC,1179,345.27,extrapolated
embryo #3,DTTz_3_S3,TCCGGAAGACCC,1196,346.99,extrapolated
embryo #3,DTTz_3_S3,TCCGGAAGACCC,1213,348.67,extrapolated
embryo #3,DTTz_3_S3,TCCGGAAGACCC,1230,350.31,extrapolated
embryo #3,DTTz_3_S3,TCCGGAAGACCC,1247,351.91,extrapolated
embryo #3,DTTz_3_S3,TCCGGAAGACCC,1265,353.55,extrapolated
embryo #3,DTTz_3_S3,CGGCGAAAAGGT,1,1.0,observed
embryo #3,DTTz_3_S3,CGGCGAAAAGGT,6,5.79,observed
embryo #3,DTTz_3_S3,CGGCGAAAAGGT,11,10.26,observed
embryo #3,DTTz_3_S3,CGGCGAAAAGGT,17,15.3,observed
embryo #3,DTTz_3_S3,CGGCGAAAAGGT,22,19.27,observed
embryo #3,DTTz_3_S3,CGGCGAAAAGGT,28,23.8,observed
embryo #3,DTTz_3_S3,CGGCGAAAAGGT,33,27.42,observed
embryo #3,DTTz_3_S3,CGGCGAAAAGGT,39,31.59,observed
embryo #3,DTTz_3_S3,CGGCGAAAAGGT,44,34.94,observed
embryo #3,DTTz_3_S3,CGGCGAAAAGGT,49,38.19,observed
embryo #3,DTTz_3_S3,CGGCGAAAAGGT,55,41.97,observed
embryo #3,DTTz_3_S3,CGGCGAAAAGGT,60,45.04,observed
embryo #3,DTTz_3_S3,CGGCGAAAAGGT,66,48.61,observed
embryo #3,DTTz_3_S3,CGGCGAAAAGGT,71,51.52,observed
embryo #3,DTTz_3_S3,CGGCGAAAAGGT,77,54.92,observed
embryo #3,DTTz_3_S3,CGGCGAAAAGGT,82,57.69,observed
embryo #3,DTTz_3_S3,CGGCGAAAAGGT,87,60.4,observed
embryo #3,DTTz_3_S3,CGGCGAAAAGGT,93,63.58,observed
embryo #3,DTTz_3_S3,CGGCGAAAAGGT,98,66.17,observed
embryo #3,DTTz_3_S3,CGGCGAAAAGGT,104,69.22,observed
embryo #3,DTTz_3_S3,CGGCGAAAAGGT,109,71.72,observed
embryo #3,DTTz_3_S3,CGGCGAAAAGGT,115,74.65,observed
embryo #3,DTTz_3_S3,CGGCGAAAAGGT,120,77.05,observed
embryo #3,DTTz_3_S3,CGGCGAAAAGGT,126,79.88,observed
embryo #3,DTTz_3_S3,CGGCGAAAAGGT,131,82.19,observed
embryo #3,DTTz_3_S3,CGGCGAAAAGGT,136,84.47,observed
embryo #3,DTTz_3_S3,CGGCGAAAAGGT,142,87.16,observed
embryo #3,DTTz_3_S3,CGGCGAAAAGGT,147,89.36,observed
embryo #3,DTTz_3_S3,CGGCGAAAAGGT,153,91.97,observed
embryo #3,DTTz_3_S3,CGGCGAAAAGGT,158,94.11,observed
embryo #3,DTTz_3_S3,CGGCGAAAAGGT,164,96.64,observed
embryo #3,DTTz_3_S3,CGGCGAAAAGGT,169,98.71,observed
embryo #3,DTTz_3_S3,CGGCGAAAAGGT,174,100.77,observed
embryo #3,DTTz_3_S3,CGGCGAAAAGGT,180,103.2,observed
embryo #3,DTTz_3_S3,CGGCGAAAAGGT,185,105.19,observed
embryo #3,DTTz_3_S3,CGGCGAAAAGGT,191,107.56,observed
embryo #3,DTTz_3_S3,CGGCGAAAAGGT,196,109.51,observed
embryo #3,DTTz_3_S3,CGGCGAAAAGGT,202,111.83,observed
embryo #3,DTTz_3_S3,CGGCGAAAAGGT,207,113.74,observed
embryo #3,DTTz_3_S3,CGGCGAAAAGGT,213,116.0,observed
embryo #3,DTTz_3_S3,CGGCGAAAAGGT,227,121.18,extrapolated
embryo #3,DTTz_3_S3,CGGCGAAAAGGT,241,126.23,extrapolated
embryo #3,DTTz_3_S3,CGGCGAAAAGGT,256,131.5,extrapolated
embryo #3,DTTz_3_S3,CGGCGAAAAGGT,270,136.28,extrapolated
embryo #3,DTTz_3_S3,CGGCGAAAAGGT,285,141.26,extrapolated
embryo #3,DTTz_3_S3,CGGCGAAAAGGT,299,145.79,extrapolated
embryo #3,DTTz_3_S3,CGGCGAAAAGGT,314,150.51,extrapolated
embryo #3,DTTz_3_S3,CGGCGAAAAGGT,328,154.8,extrapolated
embryo #3,DTTz_3_S3,CGGCGAAAAGGT,342,158.97,extrapolated
embryo #3,DTTz_3_S3,CGGCGAAAAGGT,357,163.32,extrapolated
embryo #3,DTTz_3_S3,CGGCGAAAAGGT,371,167.27,extrapolated
embryo #3,DTTz_3_S3,CGGCGAAAAGGT,386,171.39,extrapolated
embryo #3,DTTz_3_S3,CGGCGAAAAGGT,400,175.14,extrapolated
embryo #3,DTTz_3_S3,CGGCGAAAAGGT,415,179.04,extrapolated
embryo #3,DTTz_3_S3,CGGCGAAAAGGT,429,182.58,extrapolated
embryo #3,DTTz_3_S3,CGGCGAAAAGGT,444,186.27,extrapolated
embryo #3,DTTz_3_S3,CGGCGAAAAGGT,458,189.63,extrapolated
embryo #3,DTTz_3_S3,CGGCGAAAAGGT,472,192.89,extrapolated
embryo #3,DTTz_3_S3,CGGCGAAAAGGT,487,196.3,extrapolated
embryo #3,DTTz_3_S3,CGGCGAAAAGGT,501,199.39,extrapolated
embryo #3,DTTz_3_S3,CGGCGAAAAGGT,516,202.62,extrapolated
embryo #3,DTTz_3_S3,CGGCGAAAAGGT,530,205.55,extrapolated
embryo #3,DTTz_3_S3,CGGCGAAAAGGT,545,208.6,extrapolated
embryo #3,DTTz_3_S3,CGGCGAAAAGGT,559,211.37,extrapolated
embryo #3,DTTz_3_S3,CGGCGAAAAGGT,574,214.26,extrapolated
embryo #3,DTTz_3_S3,CGGCGAAAAGGT,588,216.89,extrapolated
embryo #3,DTTz_3_S3,CGGCGAAAAGGT,602,219.44,extrapolated
embryo #3,DTTz_3_S3,CGGCGAAAAGGT,617,222.11,extrapolated
embryo #3,DTTz_3_S3,CGGCGAAAAGGT,631,224.53,extrapolated
embryo #3,DTTz_3_S3,CGGCGAAAAGGT,646,227.06,extrapolated
embryo #3,DTTz_3_S3,CGGCGAAAAGGT,660,229.35,extrapolated
embryo #3,DTTz_3_S3,CGGCGAAAAGGT,675,231.74,extrapolated
embryo #3,DTTz_3_S3,CGGCGAAAAGGT,689,233.91,extrapolated
embryo #3,DTTz_3_S3,CGGCGAAAAGGT,703,236.02,extrapolated
embryo #3,DTTz_3_S3,CGGCGAAAAGGT,718,238.22,extrapolated
embryo #3,DTTz_3_S3,CGGCGAAAAGGT,732,240.23,extrapolated
embryo #3,DTTz_3_S3,CGGCGAAAAGGT,747,242.31,extrapolated
embryo #3,DTTz_3_S3,CGGCGAAAAGGT,761,244.21,extrapolated
embryo #3,DTTz_3_S3,CGGCGAAAAGGT,776,246.18,extrapolated
embryo #3,DTTz_3_S3,CGGCGAAAAGGT,790,247.98,extrapolated
embryo #3,DTTz_3_S3,CGGCGAAAAGGT,805,249.85,extrapolated
embryo #3,DTTz_3_S3,CGGCGAAAAGGT,819,251.54,extrapolated
embryo #3,DTTz_3_S3,CGGCGAAAAGGT,833,253.2,extrapolated
embryo #3,DTTz_3_S3,CGGCGAAAAGGT,848,254.92,extrapolated
embryo #3,DTTz_3_S3,CGGCGAAAAGGT,862,256.49,extrapolated
embryo #3,DTTz_3_S3,CGGCGAAAAGGT,877,258.12,extrapolated
embryo #3,DTTz_3_S3,CGGCGAAAAGGT,891,259.61,extrapolated
embryo #3,DTTz_3_S3,CGGCGAAAAGGT,906,261.15,extrapolated
embryo #3,DTTz_3_S3,CGGCGAAAAGGT,920,262.56,extrapolated
embryo #3,DTTz_3_S3,CGGCGAAAAGGT,935,264.02,extrapolated
embryo #3,DTTz_3_S3,CGGCGAAAAGGT,949,265.35,extrapolated
embryo #3,DTTz_3_S3,CGGCGAAAAGGT,963,266.64,extrapolated
embryo #3,DTTz_3_S3,CGGCGAAAAGGT,978,267.99,extrapolated
embryo #3,DTTz_3_S3,CGGCGAAAAGGT,992,269.22,extrapolated
embryo #3,DTTz_3_S3,CGGCGAAAAGGT,1007,270.5,extrapolated
embryo #3,DTTz_3_S3,CGGCGAAAAGGT,1021,271.66,extrapolated
embryo #3,DTTz_3_S3,CGGCGAAAAGGT,1036,272.87,extrapolated
embryo #3,DTTz_3_S3,CGGCGAAAAGGT,1050,273.97,extrapolated
embryo #3,DTTz_3_S3,CGGCGAAAAGGT,1065,275.11,extrapolated
embryo #3,DTTz_3_S3,TGGGGAACATAT,1,1.0,observed
embryo #3,DTTz_3_S3,TGGGGAACATAT,7,6.36,observed
embryo #3,DTTz_3_S3,TGGGGAACATAT,13,10.9,observed
embryo #3,DTTz_3_S3,TGGGGAACATAT,20,15.5,observed
embryo #3,DTTz_3_S3,TGGGGAACATAT,26,19.04,observed
embryo #3,DTTz_3_S3,TGGGGAACATAT,33,22.83,observed
embryo #3,DTTz_3_S3,TGGGGAACATAT,39,25.84,observed
embryo #3,DTTz_3_S3,TGGGGAACATAT,46,29.16,observed
embryo #3,DTTz_3_S3,TGGGGAACATAT,52,31.87,observed
embryo #3,DTTz_3_S3,TGGGGAACATAT,58,34.47,observed
embryo #3,DTTz_3_S3,TGGGGAACATAT,65,37.38,observed
embryo #3,DTTz_3_S3,TGGGGAACATAT,71,39.8,observed
embryo #3,DTTz_3_S3,TGGGGAACATAT,78,42.53,observed
embryo #3,DTTz_3_S3,TGGGGAACATAT,84,44.8,observed
embryo #3,DTTz_3_S3,TGGGGAACATAT,91,47.38,observed
embryo #3,DTTz_3_S3,TGGGGAACATAT,97,49.54,observed
embryo #3,DTTz_3_S3,TGGGGAACATAT,103,51.66,observed
embryo #3,DTTz_3_S3,TGGGGAACATAT,110,54.07,observed
embryo #3,DTTz_3_S3,TGGGGAACATAT,116,56.1,observed
embryo #3,DTTz_3_S3,TGGGGAACATAT,123,58.43,observed
embryo #3,DTTz_3_S3,TGGGGAACATAT,129,60.38,observed
embryo #3,DTTz_3_S3,TGGGGAACATAT,136,62.63,observed
embryo #3,DTTz_3_S3,TGGGGAACATAT,142,64.53,observed
embryo #3,DTTz_3_S3,TGGGGAACATAT,149,66.71,observed
embryo #3,DTTz_3_S3,TGGGGAACATAT,155,68.55,observed
embryo #3,DTTz_3_S3,TGGGGAACATAT,161,70.37,observed
embryo #3,DTTz_3_S3,TGGGGAACATAT,168,72.47,observed
embryo #3,DTTz_3_S3,TGGGGAACATAT,174,74.25,observed
embryo #3,DTTz_3_S3,TGGGGAACATAT,181,76.3,observed
embryo #3,DTTz_3_S3,TGGGGAACATAT,187,78.04,observed
embryo #3,DTTz_3_S3,TGGGGAACATAT,194,80.05,observed
embryo #3,DTTz_3_S3,TGGGGAACATAT,200,81.76,observed
embryo #3,DTTz_3_S3,TGGGGAACATAT,206,83.45,observed
embryo #3,DTTz_3_S3,TGGGGAACATAT,213,85.4,observed
embryo #3,DTTz_3_S3,TGGGGAACATAT,219,87.07,observed
embryo #3,DTTz_3_S3,TGGGGAACATAT,226,88.99,observed
embryo #3,DTTz_3_S3,TGGGGAACATAT,232,90.63,observed
embryo #3,DTTz_3_S3,TGGGGAACATAT,239,92.52,observed
embryo #3,DTTz_3_S3,TGGGGAACATAT,245,94.13,observed
embryo #3,DTTz_3_S3,TGGGGAACATAT,252,96.0,observed
embryo #3,DTTz_3_S3,TGGGGAACATAT,269,100.48,extrapolated
embryo #3,DTTz_3_S3,TGGGGAACATAT,286,104.87,extrapolated
embryo #3,DTTz_3_S3,TGGGGAACATAT,303,109.19,extrapolated
embryo #3,DTTz_3_S3,TGGGGAACATAT,320,113.43,extrapolated
embryo #3,DTTz_3_S3,TGGGGAACATAT,337,117.59,extrapolated
embryo #3,DTTz_3_S3,TGGGGAACATAT,354,121.68,extrapolated
embryo #3,DTTz_3_S3,TGGGGAACATAT,371,125.69,extrapolated
embryo #3,DTTz_3_S3,TGGGGAACATAT,388,129.63,extrapolated
embryo #3,DTTz_3_S3,TGGGGAACATAT,405,133.5,extrapolated
embryo #3,DTTz_3_S3,TGGGGAACATAT,422,137.3,extrapolated
embryo #3,DTTz_3_S3,TGGGGAACATAT,439,141.04,extrapolated
embryo #3,DTTz_3_S3,TGGGGAACATAT,457,144.92,extrapolated
embryo #3,DTTz_3_S3,TGGGGAACATAT,474,148.51,extrapolated
embryo #3,DTTz_3_S3,TGGGGAACATAT,491,152.04,extrapolated
embryo #3,DTTz_3_S3,TGGGGAACATAT,508,155.51,extrapolated
embryo #3,DTTz_3_S3,TGGGGAACATAT,525,158.91,extrapolated
embryo #3,DTTz_3_S3,TGGGGAACATAT,542,162.25,extrapolated
embryo #3,DTTz_3_S3,TGGGGAACATAT,559,165.54,extrapolated
embryo #3,DTTz_3_S3,TGGGGAACATAT,576,168.76,extrapolated
embryo #3,DTTz_3_S3,TGGGGAACATAT,593,171.93,extrapolated
embryo #3,DTTz_3_S3,TGGGGAACATAT,610,175.03,extrapolated
embryo #3,DTTz_3_S3,TGGGGAACATAT,627,178.09,extrapolated
embryo #3,DTTz_3_S3,TGGGGAACATAT,644,181.08,extrapolated
embryo #3,DTTz_3_S3,TGGGGAACATAT,662,184.2,extrapolated
embryo #3,DTTz_3_S3,TGGGGAACATAT,679,187.09,extrapolated
embryo #3,DTTz_3_S3,TGGGGAACATAT,696,189.92,extrapolated
embryo #3,DTTz_3_S3,TGGGGAACATAT,713,192.7,extrapolated
embryo #3,DTTz_3_S3,TGGGGAACATAT,730,195.44,extrapolated
embryo #3,DTTz_3_S3,TGGGGAACATAT,747,198.12,extrapolated
embryo #3,DTTz_3_S3,TGGGGAACATAT,764,200.76,extrapolated
embryo #3,DTTz_3_S3,TGGGGAACATAT,781,203.35,extrapolated
embryo #3,DTTz_3_S3,TGGGGAACATAT,798,205.89,extrapolated
embryo #3,DTTz_3_S3,TGGGGAACATAT,815,208.39,extrapolated
embryo #3,DTTz_3_S3,TGGGGAACATAT,832,210.84,extrapolated
embryo #3,DTTz_3_S3,TGGGGAACATAT,849,213.24,extrapolated
embryo #3,DTTz_3_S3,TGGGGAACATAT,867,215.75,extrapolated
embryo #3,DTTz_3_S3,TGGGGAACATAT,884,218.06,extrapolated
embryo #3,DTTz_3_S3,TGGGGAACATAT,901,220.34,extrapolated
embryo #3,DTTz_3_S3,TGGGGAACATAT,918,222.58,extrapolated
embryo #3,DTTz_3_S3,TGGGGAACATAT,935,224.77,extrapolated
embryo #3,DTTz_3_S3,TGGGGAACATAT,952,226.93,extrapolated
embryo #3,DTTz_3_S3,TGGGGAACATAT,969,229.04,extrapolated
embryo #3,DTTz_3_S3,TGGGGAACATAT,986,231.12,extrapolated
embryo #3,DTTz_3_S3,TGGGGAACATAT,1003,233.17,extrapolated
embryo #3,DTTz_3_S3,TGGGGAACATAT,1020,235.17,extrapolated
embryo #3,DTTz_3_S3,TGGGGAACATAT,1037,237.14,extrapolated
embryo #3,DTTz_3_S3,TGGGGAACATAT,1054,239.07,extrapolated
embryo #3,DTTz_3_S3,TGGGGAACATAT,1072,241.08,extrapolated
embryo #3,DTTz_3_S3,TGGGGAACATAT,1089,242.94,extrapolated
embryo #3,DTTz_3_S3,TGGGGAACATAT,1106,244.77,extrapolated
embryo #3,DTTz_3_S3,TGGGGAACATAT,1123,246.57,extrapolated
embryo #3,DTTz_3_S3,TGGGGAACATAT,1140,248.33,extrapolated
embryo #3,DTTz_3_S3,TGGGGAACATAT,1157,250.06,extrapolated
embryo #3,DTTz_3_S3,TGGGGAACATAT,1174,251.76,extrapolated
embryo #3,DTTz_3_S3,TGGGGAACATAT,1191,253.43,extrapolated
embryo #3,DTTz_3_S3,TGGGGAACATAT,1208,255.07,extrapolated
embryo #3,DTTz_3_S3,TGGGGAACATAT,1225,256.68,extrapolated
embryo #3,DTTz_3_S3,TGGGGAACATAT,1242,258.26,extrapolated
embryo #3,DTTz_3_S3,TGGGGAACATAT,1260,259.9,extrapolated
embryo #3,DTTz_3_S3,CAGCTAACGCCT,1,1.0,observed
embryo #3,DTTz_3_S3,CAGCTAACGCCT,7,6.83,observed
embryo #3,DTTz_3_S3,CAGCTAACGCCT,13,12.37,observed
embryo #3,DTTz_3_S3,CAGCTAACGCCT,19,17.67,observed
embryo #3,DTTz_3_S3,CAGCTAACGCCT,25,22.75,observed
embryo #3,DTTz_3_S3,CAGCTAACGCCT,32,28.42,observed
embryo #3,DTTz_3_S3,CAGCTAACGCCT,38,33.09,observed
embryo #3,DTTz_3_S3,CAGCTAACGCCT,44,37.59,observed
embryo #3,DTTz_3_S3,CAGCTAACGCCT,50,41.95,observed
embryo #3,DTTz_3_S3,CAGCTAACGCCT,56,46.17,observed
embryo #3,DTTz_3_S3,CAGCTAACGCCT,63,50.93,observed
embryo #3,DTTz_3_S3,CAGCTAACGCCT,69,54.9,observed
embryo #3,DTTz_3_S3,CAGCTAACGCCT,75,58.76,observed
embryo #3,DTTz_3_S3,CAGCTAACGCCT,81,62.53,observed
embryo #3,DTTz_3_S3,CAGCTAACGCCT,87,66.21,observed
embryo #3,DTTz_3_S3,CAGCTAACGCCT,94,70.4,observed
embryo #3,DTTz_3_S3,CAGCTAACGCCT,100,73.91,observed
embryo #3,DTTz_3_S3,CAGCTAACGCCT,106,77.35,observed
embryo #3,DTTz_3_S3,CAGCTAACGCCT,112,80.72,observed
embryo #3,DTTz_3_S3,CAGCTAACGCCT,118,84.03,observed
embryo #3,DTTz_3_S3,CAGCTAACGCCT,125,87.82,observed
embryo #3,DTTz_3_S3,CAGCTAACGCCT,131,91.0,observed
embryo #3,DTTz_3_S3,CAGCTAACGCCT,137,94.14,observed
embryo #3,DTTz_3_S3,CAGCTAACGCCT,143,97.22,observed
embryo #3,DTTz_3_S3,CAGCTAACGCCT,149,100.26,observed
embryo #3,DTTz_3_S3,CAGCTAACGCCT,156,103.74,observed
embryo #3,DTTz_3_S3,CAGCTAACGCCT,162,106.68,observed
embryo #3,DTTz_3_S3,CAGCTAACGCCT,168,109.59,observed
embryo #3,DTTz_3_S3,CAGCTAACGCCT,174,112.45,observed
embryo #3,DTTz_3_S3,CAGCTAACGCCT,180,115.27,observed
embryo #3,DTTz_3_S3,CAGCTAACGCCT,187,118.53,observed
embryo #3,DTTz_3_S3,CAGCTAACGCCT,193,121.27,observed
embryo #3,DTTz_3_S3,CAGCTAACGCCT,199,123.99,observed
embryo #3,DTTz_3_S3,CAGCTAACGCCT,205,126.68,observed
embryo #3,DTTz_3_S3,CAGCTAACGCCT,211,129.33,observed
embryo #3,DTTz_3_S3,CAGCTAACGCCT,218,132.39,observed
embryo #3,DTTz_3_S3,CAGCTAACGCCT,224,134.98,observed
embryo #3,DTTz_3_S3,CAGCTAACGCCT,230,137.54,observed
embryo #3,DTTz_3_S3,CAGCTAACGCCT,236,140.08,observed
embryo #3,DTTz_3_S3,CAGCTAACGCCT,243,143.0,observed
embryo #3,DTTz_3_S3,CAGCTAACGCCT,259,149.55,extrapolated
embryo #3,DTTz_3_S3,CAGCTAACGCCT,275,155.93,extrapolated
embryo #3,DTTz_3_S3,CAGCTAACGCCT,292,162.52,extrapolated
embryo #3,DTTz_3_S3,CAGCTAACGCCT,308,168.54,extrapolated
embryo #3,DTTz_3_S3,CAGCTAACGCCT,325,174.76,extrapolated
embryo #3,DTTz_3_S3,CAGCTAACGCCT,341,180.46,extrapolated
embryo #3,DTTz_3_S3,CAGCTAACGCCT,358,186.34,extrapolated
embryo #3,DTTz_3_S3,CAGCTAACGCCT,374,191.72,extrapolated
embryo #3,DTTz_3_S3,CAGCTAACGCCT,391,197.27,extrapolated
embryo #3,DTTz_3_S3,CAGCTAACGCCT,407,202.36,extrapolated
embryo #3,DTTz_3_S3,CAGCTAACGCCT,424,207.61,extrapolated
embryo #3,DTTz_3_S3,CAGCTAACGCCT,440,212.41,extrapolated
embryo #3,DTTz_3_S3,CAGCTAACGCCT,457,217.37,extrapolated
embryo #3,DTTz_3_S3,CAGCTAACGCCT,473,221.91,extrapolated
embryo #3,DTTz_3_S3,CAGCTAACGCCT,490,226.6,extrapolated
embryo #3,DTTz_3_S3,CAGCTAACGCCT,506,230.89,extrapolated
embryo #3,DTTz_3_S3,CAGCTAACGCCT,523,235.32,extrapolated
embryo #3,DTTz_3_S3,CAGCTAACGCCT,539,239.37,extrapolated
embryo #3,DTTz_3_S3,CAGCTAACGCCT,556,243.56,extrapolated
embryo #3,DTTz_3_S3,CAGCTAACGCCT,572,247.39,extrapolated
embryo #3,DTTz_3_S3,CAGCTAACGCCT,588,251.11,extrapolated
embryo #3,DTTz_3_S3,CAGCTAACGCCT,605,254.96,extrapolated
embryo #3,DTTz_3_S3,CAGCTAACGCCT,621,258.48,extrapolated
embryo #3,DTTz_3_S3,CAGCTAACGCCT,638,262.12,extrapolated
embryo #3,DTTz_3_S3,CAGCTAACGCCT,654,265.44,extrapolated
embryo #3,DTTz_3_S3,CAGCTAACGCCT,671,268.88,extrapolated
embryo #3,DTTz_3_S3,CAGCTAACGCCT,687,272.02,extrapolated
embryo #3,DTTz_3_S3,CAGCTAACGCCT,704,275.27,extrapolated
embryo #3,DTTz_3_S3,CAGCTAACGCCT,720,278.24,extrapolated
embryo #3,DTTz_3_S3,CAGCTAACGCCT,737,281.31,extrapolated
embryo #3,DTTz_3_S3,CAGCTAACGCCT,753,284.11,extrapolated
embryo #3,DTTz_3_S3,CAGCTAACGCCT,770,287.01,extrapolated
embryo #3,DTTz_3_S3,CAGCTAACGCCT,786,289.66,extrapolated
embryo #3,DTTz_3_S3,CAGCTAACGCCT,803,292.4,extrapolated
embryo #3,DTTz_3_S3,CAGCTAACGCCT,819,294.91,extrapolated
embryo #3,DTTz_3_S3,CAGCTAACGCCT,836,297.5,extrapolated
embryo #3,DTTz_3_S3,CAGCTAACGCCT,852,299.86,extrapolated
embryo #3,DTTz_3_S3,CAGCTAACGCCT,869,302.31,extrapolated
embryo #3,DTTz_3_S3,CAGCTAACGCCT,885,304.55,extrapolated
embryo #3,DTTz_3_S3,CAGCTAACGCCT,901,306.72,extrapolated
embryo #3,DTTz_3_S3,CAGCTAACGCCT,918,308.97,extrapolated
embryo #3,DTTz_3_S3,CAGCTAACGCCT,934,311.03,extrapolated
embryo #3,DTTz_3_S3,CAGCTAACGCCT,951,313.15,extrapolated
embryo #3,DTTz_3_S3,CAGCTAACGCCT,967,315.1,extrapolated
embryo #3,DTTz_3_S3,CAGCTAACGCCT,984,317.1,extrapolated
embryo #3,DTTz_3_S3,CAGCTAACGCCT,1000,318.94,extrapolated
embryo #3,DTTz_3_S3,CAGCTAACGCCT,1017,320.84,extrapolated
embryo #3,DTTz_3_S3,CAGCTAACGCCT,1033,322.57,extrapolated
embryo #3,DTTz_3_S3,CAGCTAACGCCT,1050,324.36,extrapolated
embryo #3,DTTz_3_S3,CAGCTAACGCCT,1066,326.0,extrapolated
embryo #3,DTTz_3_S3,CAGCTAACGCCT,1083,327.7,extrapolated
embryo #3,DTTz_3_S3,CAGCTAACGCCT,1099,329.25,extrapolated
embryo #3,DTTz_3_S3,CAGCTAACGCCT,1116,330.85,extrapolated
embryo #3,DTTz_3_S3,CAGCTAACGCCT,1132,332.31,extrapolated
embryo #3,DTTz_3_S3,CAGCTAACGCCT,1149,333.82,extrapolated
embryo #3,DTTz_3_S3,CAGCTAACGCCT,1165,335.21,extrapolated
embryo #3,DTTz_3_S3,CAGCTAACGCCT,1182,336.64,extrapolated
embryo #3,DTTz_3_S3,CAGCTAACGCCT,1198,337.94,extrapolated
embryo #3,DTTz_3_S3,CAGCTAACGCCT,1215,339.29,extrapolated
embryo #3,DTTz_3_S3,TAACGAATGCCG,1,1.0,observed
embryo #3,DTTz_3_S3,TAACGAATGCCG,5,4.87,observed
embryo #3,DTTz_3_S3,TAACGAATGCCG,10,9.44,observed
embryo #3,DTTz_3_S3,TAACGAATGCCG,14,12.91,observed
embryo #3,DTTz_3_S3,TAACGAATGCCG,19,17.02,observed
embryo #3,DTTz_3_S3,TAACGAATGCCG,23,20.15,observed
embryo #3,DTTz_3_S3,TAACGAATGCCG,28,23.88,observed
embryo #3,DTTz_3_S3,TAACGAATGCCG,32,26.73,observed
embryo #3,DTTz_3_S3,TAACGAATGCCG,37,30.15,observed
embryo #3,DTTz_3_S3,TAACGAATGCCG,42,33.42,observed
embryo #3,DTTz_3_S3,TAACGAATGCCG,46,35.94,observed
embryo #3,DTTz_3_S3,TAACGAATGCCG,51,38.97,observed
embryo #3,DTTz_3_S3,TAACGAATGCCG,55,41.31,observed
embryo #3,DTTz_3_S3,TAACGAATGCCG,60,44.15,observed
embryo #3,DTTz_3_S3,TAACGAATGCCG,64,46.35,observed
embryo #3,DTTz_3_S3,TAACGAATGCCG,69,49.02,observed
embryo #3,DTTz_3_S3,TAACGAATGCCG,74,51.61,observed
embryo #3,DTTz_3_S3,TAACGAATGCCG,78,53.62,observed
embryo #3,DTTz_3_S3,TAACGAATGCCG,83,56.08,observed
embryo #3,DTTz_3_S3,TAACGAATGCCG,87,58.0,observed
embryo #3,DTTz_3_S3,TAACGAATGCCG,92,60.35,observed
embryo #3,DTTz_3_S3,TAACGAATGCCG,96,62.19,observed
embryo #3,DTTz_3_S3,TAACGAATGCCG,101,64.44,observed
embryo #3,DTTz_3_S3,TAACGAATGCCG,105,66.21,observed
embryo #3,DTTz_3_S3,TAACGAATGCCG,110,68.38,observed
embryo #3,DTTz_3_S3,TAACGAATGCCG,115,70.5,observed
embryo #3,DTTz_3_S3,TAACGAATGCCG,119,72.18,observed
embryo #3,DTTz_3_S3,TAACGAATGCCG,124,74.24,observed
embryo #3,DTTz_3_S3,TAACGAATGCCG,128,75.86,observed
embryo #3,DTTz_3_S3,TAACGAATGCCG,133,77.86,observed
embryo #3,DTTz_3_S3,TAACGAATGCCG,137,79.44,observed
embryo #3,DTTz_3_S3,TAACGAATGCCG,142,81.38,observed
embryo #3,DTTz_3_S3,TAACGAATGCCG,147,83.3,observed
embryo #3,DTTz_3_S3,TAACGAATGCCG,151,84.82,observed
embryo #3,DTTz_3_S3,TAACGAATGCCG,156,86.69,observed
embryo #3,DTTz_3_S3,TAACGAATGCCG,160,88.17,observed
embryo #3,DTTz_3_S3,TAACGAATGCCG,165,90.0,observed
embryo #3,DTTz_3_S3,TAACGAATGCCG,169,91.44,observed
embryo #3,DTTz_3_S3,TAACGAATGCCG,174,93.23,observed
embryo #3,DTTz_3_S3,TAACGAATGCCG,179,95.0,observed
embryo #3,DTTz_3_S3,TAACGAATGCCG,191,99.16,extrapolated
embryo #3,DTTz_3_S3,TAACGAATGCCG,203,103.21,extrapolated
embryo #3,DTTz_3_S3,TAACGAATGCCG,215,107.14,extrapolated
embryo #3,DTTz_3_S3,TAACGAATGCCG,227,110.97,extrapolated
embryo #3,DTTz_3_S3,TAACGAATGCCG,239,114.69,extrapolated
embryo #3,DTTz_3_S3,TAACGAATGCCG,251,118.31,extrapolated
embryo #3,DTTz_3_S3,TAACGAATGCCG,263,121.84,extrapolated
embryo #3,DTTz_3_S3,TAACGAATGCCG,276,125.54,extrapolated
embryo #3,DTTz_3_S3,TAACGAATGCCG,288,128.86,extrapolated
embryo #3,DTTz_3_S3,TAACGAATGCCG,300,132.1,extrapolated
embryo #3,DTTz_3_S3,TAACGAATGCCG,312,135.24,extrapolated
embryo #3,DTTz_3_S3,TAACGAATGCCG,324,138.3,extrapolated
embryo #3,DTTz_3_S3,TAACGAATGCCG,336,141.27,extrapolated
embryo #3,DTTz_3_S3,TAACGAATGCCG,348,144.16,extrapolated
embryo #3,DTTz_3_S3,TAACGAATGCCG,361,147.21,extrapolated
embryo #3,DTTz_3_S3,TAACGAATGCCG,373,149.94,extrapolated
embryo #3,DTTz_3_S3,TAACGAATGCCG,385,152.59,extrapolated
embryo #3,DTTz_3_S3,TAACGAATGCCG,397,155.17,extrapolated
embryo #3,DTTz_3_S3,TAACGAATGCCG,409,157.69,extrapolated
embryo #3,DTTz_3_S3,TAACGAATGCCG,421,160.13,extrapolated
embryo #3,DTTz_3_S3,TAACGAATGCCG,433,162.5,extrapolated
embryo #3,DTTz_3_S3,TAACGAATGCCG,445,164.81,extrapolated
embryo #3,DTTz_3_S3,TAACGAATGCCG,458,167.25,extrapolated
embryo #3,DTTz_3_S3,TAACGAATGCCG,470,169.43,extrapolated
embryo #3,DTTz_3_S3,TAACGAATGCCG,482,171.55,extrapolated
embryo #3,DTTz_3_S3,TAACGAATGCCG,494,173.61,extrapolated
embryo #3,DTTz_3_S3,TAACGAATGCCG,506,175.62,extrapolated
embryo #3,DTTz_3_S3,TAACGAATGCCG,518,177.57,extrapolated
embryo #3,DTTz_3_S3,TAACGAATGCCG,530,179.46,extrapolated
embryo #3,DTTz_3_S3,TAACGAATGCCG,543,181.46,extrapolated
embryo #3,DTTz_3_S3,TAACGAATGCCG,555,183.25,extrapolated
embryo #3,DTTz_3_S3,TAACGAATGCCG,567,184.99,extrapolated
embryo #3,DTTz_3_S3,TAACGAATGCCG,579,186.69,extrapolated
embryo #3,DTTz_3_S3,TAACGAATGCCG,591,188.34,extrapolated
embryo #3,DTTz_3_S3,TAACGAATGCCG,603,189.94,extrapolated
embryo #3,DTTz_3_S3,TAACGAATGCCG,615,191.5,extrapolated
embryo #3,DTTz_3_S3,TAACGAATGCCG,628,193.14,extrapolated
embryo #3,DTTz_3_S3,TAACGAATGCCG,640,194.61,extrapolated
embryo #3,DTTz_3_S3,TAACGAATGCCG,652,196.04,extrapolated
embryo #3,DTTz_3_S3,TAACGAATGCCG,664,197.43,extrapolated
embryo #3,DTTz_3_S3,TAACGAATGCCG,676,198.78,extrapolated
embryo #3,DTTz_3_S3,TAACGAATGCCG,688,200.1,extrapolated
embryo #3,DTTz_3_S3,TAACGAATGCCG,700,201.38,extrapolated
embryo #3,DTTz_3_S3,TAACGAATGCCG,712,202.62,extrapolated
embryo #3,DTTz_3_S3,TAACGAATGCCG,725,203.93,extrapolated
embryo #3,DTTz_3_S3,TAACGAATGCCG,737,205.11,extrapolated
embryo #3,DTTz_3_S3,TAACGAATGCCG,749,206.25,extrapolated
embryo #3,DTTz_3_S3,TAACGAATGCCG,761,207.36,extrapolated
embryo #3,DTTz_3_S3,TAACGAATGCCG,773,208.44,extrapolated
embryo #3,DTTz_3_S3,TAACGAATGCCG,785,209.49,extrapolated
embryo #3,DTTz_3_S3,TAACGAATGCCG,797,210.52,extrapolated
embryo #3,DTTz_3_S3,TAACGAATGCCG,810,211.59,extrapolated
embryo #3,DTTz_3_S3,TAACGAATGCCG,822,212.56,extrapolated
embryo #3,DTTz_3_S3,TAACGAATGCCG,834,213.5,extrapolated
embryo #3,DTTz_3_S3,TAACGAATGCCG,846,214.41,extrapolated
embryo #3,DTTz_3_S3,TAACGAATGCCG,858,215.3,extrapolated
embryo #3,DTTz_3_S3,TAACGAATGCCG,870,216.16,extrapolated
embryo #3,DTTz_3_S3,TAACGAATGCCG,882,217.0,extrapolated
embryo #3,DTTz_3_S3,TAACGAATGCCG,895,217.88,extrapolated
E14.5,E14_5_S1,CCCTGAATGTTA,1,1.0,observed
E14.5,E14_5_S1,CCCTGAATGTTA,63,10.37,observed
E14.5,E14_5_S1,CCCTGAATGTTA,125,12.86,observed
E14.5,E14_5_S1,CCCTGAATGTTA,187,14.59,observed
E14.5,E14_5_S1,CCCTGAATGTTA,249,16.02,observed
E14.5,E14_5_S1,CCCTGAATGTTA,311,17.3,observed
E14.5,E14_5_S1,CCCTGAATGTTA,373,18.47,observed
E14.5,E14_5_S1,CCCTGAATGTTA,435,19.57,observed
E14.5,E14_5_S1,CCCTGAATGTTA,497,20.61,observed
E14.5,E14_5_S1,CCCTGAATGTTA,559,21.6,observed
E14.5,E14_5_S1,CCCTGAATGTTA,621,22.55,observed
E14.5,E14_5_S1,CCCTGAATGTTA,683,23.46,observed
E14.5,E14_5_S1,CCCTGAATGTTA,745,24.33,observed
E14.5,E14_5_S1,CCCTGAATGTTA,807,25.18,observed
E14.5,E14_5_S1,CCCTGAATGTTA,869,26.01,observed
E14.5,E14_5_S1,CCCTGAATGTTA,931,26.81,observed
E14.5,E14_5_S1,CCCTGAATGTTA,993,27.59,observed
E14.5,E14_5_S1,CCCTGAATGTTA,1055,28.35,observed
E14.5,E14_5_S1,CCCTGAATGTTA,1117,29.09,observed
E14.5,E14_5_S1,CCCTGAATGTTA,1179,29.81,observed
E14.5,E14_5_S1,CCCTGAATGTTA,1242,30.54,observed
E14.5,E14_5_S1,CCCTGAATGTTA,1304,31.23,observed
E14.5,E14_5_S1,CCCTGAATGTTA,1366,31.91,observed
E14.5,E14_5_S1,CCCTGAATGTTA,1428,32.58,observed
E14.5,E14_5_S1,CCCTGAATGTTA,1490,33.23,observed
E14.5,E14_5_S1,CCCTGAATGTTA,1552,33.87,observed
E14.5,E14_5_S1,CCCTGAATGTTA,1614,34.51,observed
E14.5,E14_5_S1,CCCTGAATGTTA,1676,35.13,observed
E14.5,E14_5_S1,CCCTGAATGTTA,1738,35.74,observed
E14.5,E14_5_S1,CCCTGAATGTTA,1800,36.34,observed
E14.5,E14_5_S1,CCCTGAATGTTA,1862,36.94,observed
E14.5,E14_5_S1,CCCTGAATGTTA,1924,37.53,observed
E14.5,E14_5_S1,CCCTGAATGTTA,1986,38.11,observed
E14.5,E14_5_S1,CCCTGAATGTTA,2048,38.68,observed
E14.5,E14_5_S1,CCCTGAATGTTA,2110,39.24,observed
E14.5,E14_5_S1,CCCTGAATGTTA,2172,39.8,observed
E14.5,E14_5_S1,CCCTGAATGTTA,2234,40.36,observed
E14.5,E14_5_S1,CCCTGAATGTTA,2296,40.91,observed
E14.5,E14_5_S1,CCCTGAATGTTA,2358,41.45,observed
E14.5,E14_5_S1,CCCTGAATGTTA,2421,42.0,observed
E14.5,E14_5_S1,CCCTGAATGTTA,2585,43.41,extrapolated
E14.5,E14_5_S1,CCCTGAATGTTA,2749,44.79,extrapolated
E14.5,E14_5_S1,CCCTGAATGTTA,2913,46.15,extrapolated
E14.5,E14_5_S1,CCCTGAATGTTA,3077,47.48,extrapolated
E14.5,E14_5_S1,CCCTGAATGTTA,3241,48.78,extrapolated
E14.5,E14_5_S1,CCCTGAATGTTA,3405,50.06,extrapolated
E14.5,E14_5_S1,CCCTGAATGTTA,3569,51.31,extrapolated
E14.5,E14_5_S1,CCCTGAATGTTA,3734,52.55,extrapolated
E14.5,E14_5_S1,CCCTGAATGTTA,3898,53.76,extrapolated
E14.5,E14_5_S1,CCCTGAATGTTA,4062,54.94,extrapolated
E14.5,E14_5_S1,CCCTGAATGTTA,4226,56.1,extrapolated
E14.5,E14_5_S1,CCCTGAATGTTA,4390,57.24,extrapolated
E14.5,E14_5_S1,CCCTGAATGTTA,4554,58.36,extrapolated
E14.5,E14_5_S1,CCCTGAATGTTA,4718,59.45,extrapolated
E14.5,E14_5_S1,CCCTGAATGTTA,4883,60.53,extrapolated
E14.5,E14_5_S1,CCCTGAATGTTA,5047,61.58,extrapolated
E14.5,E14_5_S1,CCCTGAATGTTA,5211,62.62,extrapolated
E14.5,E14_5_S1,CCCTGAATGTTA,5375,63.63,extrapolated
E14.5,E14_5_S1,CCCTGAATGTTA,5539,64.63,extrapolated
E14.5,E14_5_S1,CCCTGAATGTTA,5703,65.6,extrapolated
E14.5,E14_5_S1,CCCTGAATGTTA,5867,66.56,extrapolated
E14.5,E14_5_S1,CCCTGAATGTTA,6031,67.49,extrapolated
E14.5,E14_5_S1,CCCTGAATGTTA,6196,68.42,extrapolated
E14.5,E14_5_S1,CCCTGAATGTTA,6360,69.32,extrapolated
E14.5,E14_5_S1,CCCTGAATGTTA,6524,70.21,extrapolated
E14.5,E14_5_S1,CCCTGAATGTTA,6688,71.07,extrapolated
E14.5,E14_5_S1,CCCTGAATGTTA,6852,71.93,extrapolated
E14.5,E14_5_S1,CCCTGAATGTTA,7016,72.76,extrapolated
E14.5,E14_5_S1,CCCTGAATGTTA,7180,73.58,extrapolated
E14.5,E14_5_S1,CCCTGAATGTTA,7345,74.39,extrapolated
E14.5,E14_5_S1,CCCTGAATGTTA,7509,75.18,extrapolated
E14.5,E14_5_S1,CCCTGAATGTTA,7673,75.95,extrapolated
E14.5,E14_5_S1,CCCTGAATGTTA,7837,76.71,extrapolated
E14.5,E14_5_S1,CCCTGAATGTTA,8001,77.45,extrapolated
E14.5,E14_5_S1,CCCTGAATGTTA,8165,78.18,extrapolated
E14.5,E14_5_S1,CCCTGAATGTTA,8329,78.89,extrapolated
E14.5,E14_5_S1,CCCTGAATGTTA,8494,79.6,extrapolated
E14.5,E14_5_S1,CCCTGAATGTTA,8658,80.29,extrapolated
E14.5,E14_5_S1,CCCTGAATGTTA,8822,80.96,extrapolated
E14.5,E14_5_S1,CCCTGAATGTTA,8986,81.62,extrapolated
E14.5,E14_5_S1,CCCTGAATGTTA,9150,82.27,extrapolated
E14.5,E14_5_S1,CCCTGAATGTTA,9314,82.91,extrapolated
E14.5,E14_5_S1,CCCTGAATGTTA,9478,83.53,extrapolated
E14.5,E14_5_S1,CCCTGAATGTTA,9642,84.15,extrapolated
E14.5,E14_5_S1,CCCTGAATGTTA,9807,84.75,extrapolated
E14.5,E14_5_S1,CCCTGAATGTTA,9971,85.34,extrapolated
E14.5,E14_5_S1,CCCTGAATGTTA,10135,85.92,extrapolated
E14.5,E14_5_S1,CCCTGAATGTTA,10299,86.48,extrapolated
E14.5,E14_5_S1,CCCTGAATGTTA,10463,87.04,extrapolated
E14.5,E14_5_S1,CCCTGAATGTTA,10627,87.58,extrapolated
E14.5,E14_5_S1,CCCTGAATGTTA,10791,88.12,extrapolated
E14.5,E14_5_S1,CCCTGAATGTTA,10956,88.65,extrapolated
E14.5,E14_5_S1,CCCTGAATGTTA,11120,89.16,extrapolated
E14.5,E14_5_S1,CCCTGAATGTTA,11284,89.67,extrapolated
E14.5,E14_5_S1,CCCTGAATGTTA,11448,90.16,extrapolated
E14.5,E14_5_S1,CCCTGAATGTTA,11612,90.65,extrapolated
E14.5,E14_5_S1,CCCTGAATGTTA,11776,91.12,extrapolated
E14.5,E14_5_S1,CCCTGAATGTTA,11940,91.59,extrapolated
E14.5,E14_5_S1,CCCTGAATGTTA,12105,92.05,extrapolated
E14.5,E14_5_S1,TGGATAATCGGG,1,1.0,observed
E14.5,E14_5_S1,TGGATAATCGGG,61,18.6,observed
E14.5,E14_5_S1,TGGATAATCGGG,122,27.58,observed
E14.5,E14_5_S1,TGGATAATCGGG,183,34.72,observed
E14.5,E14_5_S1,TGGATAATCGGG,244,40.9,observed
E14.5,E14_5_S1,TGGATAATCGGG,305,46.44,observed
E14.5,E14_5_S1,TGGATAATCGGG,365,51.45,observed
E14.5,E14_5_S1,TGGATAATCGGG,426,56.2,observed
E14.5,E14_5_S1,TGGATAATCGGG,487,60.66,observed
E14.5,E14_5_S1,TGGATAATCGGG,548,64.89,observed
E14.5,E14_5_S1,TGGATAATCGGG,609,68.92,observed
E14.5,E14_5_S1,TGGATAATCGGG,670,72.78,observed
E14.5,E14_5_S1,TGGATAATCGGG,730,76.43,observed
E14.5,E14_5_S1,TGGATAATCGGG,791,80.0,observed
E14.5,E14_5_S1,TGGATAATCGGG,852,83.45,observed
E14.5,E14_5_S1,TGGATAATCGGG,913,86.79,observed
E14.5,E14_5_S1,TGGATAATCGGG,974,90.02,observed
E14.5,E14_5_S1,TGGATAATCGGG,1034,93.12,observed
E14.5,E14_5_S1,TGGATAATCGGG,1095,96.18,observed
E14.5,E14_5_S1,TGGATAATCGGG,1156,99.15,observed
E14.5,E14_5_S1,TGGATAATCGGG,1217,102.05,observed
E14.5,E14_5_S1,TGGATAATCGGG,1278,104.88,observed
E14.5,E14_5_S1,TGGATAATCGGG,1339,107.65,observed
E14.5,E14_5_S1,TGGATAATCGGG,1399,110.3,observed
E14.5,E14_5_S1,TGGATAATCGGG,1460,112.95,observed
E14.5,E14_5_S1,TGGATAATCGGG,1521,115.53,observed
E14.5,E14_5_S1,TGGATAATCGGG,1582,118.06,observed
E14.5,E14_5_S1,TGGATAATCGGG,1643,120.54,observed
E14.5,E14_5_S1,TGGATAATCGGG,1703,122.93,observed
E14.5,E14_5_S1,TGGATAATCGGG,1764,125.32,observed
E14.5,E14_5_S1,TGGATAATCGGG,1825,127.66,observed
E14.5,E14_5_S1,TGGATAATCGGG,1886,129.96,observed
E14.5,E14_5_S1,TGGATAATCGGG,1947,132.22,observed
E14.5,E14_5_S1,TGGATAATCGGG,2008,134.44,observed
E14.5,E14_5_S1,TGGATAATCGGG,2068,136.59,observed
E14.5,E14_5_S1,TGGATAATCGGG,2129,138.74,observed
E14.5,E14_5_S1,TGGATAATCGGG,2190,140.85,observed
E14.5,E14_5_S1,TGGATAATCGGG,2251,142.93,observed
E14.5,E14_5_S1,TGGATAATCGGG,2312,144.98,observed
E14.5,E14_5_S1,TGGATAATCGGG,2373,147.0,observed
E14.5,E14_5_S1,TGGATAATCGGG,2533,152.16,extrapolated
E14.5,E14_5_S1,TGGATAATCGGG,2694,157.16,extrapolated
E14.5,E14_5_S1,TGGATAATCGGG,2855,161.97,extrapolated
E14.5,E14_5_S1,TGGATAATCGGG,3016,166.6,extrapolated
E14.5,E14_5_S1,TGGATAATCGGG,3177,171.05,extrapolated
E14.5,E14_5_S1,TGGATAATCGGG,3338,175.34,extrapolated
E14.5,E14_5_S1,TGGATAATCGGG,3499,179.47,extrapolated
E14.5,E14_5_S1,TGGATAATCGGG,3660,183.44,extrapolated
E14.5,E14_5_S1,TGGATAATCGGG,3820,187.24,extrapolated
E14.5,E14_5_S1,TGGATAATCGGG,3981,190.92,extrapolated
E14.5,E14_5_S1,TGGATAATCGGG,4142,194.46,extrapolated
E14.5,E14_5_S1,TGGATAATCGGG,4303,197.87,extrapolated
E14.5,E14_5_S1,TGGATAATCGGG,4464,201.15,extrapolated
E14.5,E14_5_S1,TGGATAATCGGG,4625,204.31,extrapolated
E14.5,E14_5_S1,TGGATAATCGGG,4786,207.35,extrapolated
E14.5,E14_5_S1,TGGATAATCGGG,4947,210.27,extrapolated
E14.5,E14_5_S1,TGGATAATCGGG,5107,213.07,extrapolated
E14.5,E14_5_S1,TGGATAATCGGG,5268,215.78,extrapolated
E14.5,E14_5_S1,TGGATAATCGGG,5429,218.39,extrapolated
E14.5,E14_5_S1,TGGATAATCGGG,5590,220.9,extrapolated
E14.5,E14_5_S1,TGGATAATCGGG,5751,223.31,extrapolated
E14.5,E14_5_S1,TGGATAATCGGG,5912,225.64,extrapolated
E14.5,E14_5_S1,TGGATAATCGGG,6073,227.88,extrapolated
E14.5,E14_5_S1,TGGATAATCGGG,6234,230.03,extrapolated
E14.5,E14_5_S1,TGGATAATCGGG,6395,232.1,extrapolated
E14.5,E14_5_S1,TGGATAATCGGG,6555,234.08,extrapolated
E14.5,E14_5_S1,TGGATAATCGGG,6716,236.0,extrapolated
E14.5,E14_5_S1,TGGATAATCGGG,6877,237.85,extrapolated
E14.5,E14_5_S1,TGGATAATCGGG,7038,239.63,extrapolated
E14.5,E14_5_S1,TGGATAATCGGG,7199,241.34,extrapolated
E14.5,E14_5_S1,TGGATAATCGGG,7360,242.99,extrapolated
E14.5,E14_5_S1,TGGATAATCGGG,7521,244.58,extrapolated
E14.5,E14_5_S1,TGGATAATCGGG,7682,246.1,extrapolated
E14.5,E14_5_S1,TGGATAATCGGG,7842,247.56,extrapolated
E14.5,E14_5_S1,TGGATAATCGGG,8003,248.98,extrapolated
E14.5,E14_5_S1,TGGATAATCGGG,8164,250.34,extrapolated
E14.5,E14_5_S1,TGGATAATCGGG,8325,251.65,extrapolated
E14.5,E14_5_S1,TGGATAATCGGG,8486,252.91,extrapolated
E14.5,E14_5_S1,TGGATAATCGGG,8647,254.12,extrapolated
E14.5,E14_5_S1,TGGATAATCGGG,8808,255.29,extrapolated
E14.5,E14_5_S1,TGGATAATCGGG,8969,256.42,extrapolated
E14.5,E14_5_S1,TGGATAATCGGG,9130,257.5,extrapolated
E14.5,E14_5_S1,TGGATAATCGGG,9290,258.53,extrapolated
E14.5,E14_5_S1,TGGATAATCGGG,9451,259.53,extrapolated
E14.5,E14_5_S1,TGGATAATCGGG,9612,260.5,extrapolated
E14.5,E14_5_S1,TGGATAATCGGG,9773,261.43,extrapolated
E14.5,E14_5_S1,TGGATAATCGGG,9934,262.32,extrapolated
E14.5,E14_5_S1,TGGATAATCGGG,10095,263.18,extrapolated
E14.5,E14_5_S1,TGGATAATCGGG,10256,264.01,extrapolated
E14.5,E14_5_S1,TGGATAATCGGG,10417,264.8,extrapolated
E14.5,E14_5_S1,TGGATAATCGGG,10577,265.57,extrapolated
E14.5,E14_5_S1,TGGATAATCGGG,10738,266.3,extrapolated
E14.5,E14_5_S1,TGGATAATCGGG,10899,267.01,extrapolated
E14.5,E14_5_S1,TGGATAATCGGG,11060,267.7,extrapolated
E14.5,E14_5_S1,TGGATAATCGGG,11221,268.36,extrapolated
E14.5,E14_5_S1,TGGATAATCGGG,11382,268.99,extrapolated
E14.5,E14_5_S1,TGGATAATCGGG,11543,269.6,extrapolated
E14.5,E14_5_S1,TGGATAATCGGG,11704,270.19,extrapolated
E14.5,E14_5_S1,TGGATAATCGGG,11865,270.75,extrapolated
E14.5,E14_5_S1,GGGTAAACTTGG,1,1.0,observed
E14.5,E14_5_S1,GGGTAAACTTGG,41,23.77,observed
E14.5,E14_5_S1,GGGTAAACTTGG,82,36.51,observed
E14.5,E14_5_S1,GGGTAAACTTGG,123,45.67,observed
E14.5,E14_5_S1,GGGTAAACTTGG,163,52.73,observed
E14.5,E14_5_S1,GGGTAAACTTGG,204,58.77,observed
E14.5,E14_5_S1,GGGTAAACTTGG,245,63.96,observed
E14.5,E14_5_S1,GGGTAAACTTGG,286,68.54,observed
E14.5,E14_5_S1,GGGTAAACTTGG,326,72.56,observed
E14.5,E14_5_S1,GGGTAAACTTGG,367,76.32,observed
E14.5,E14_5_S1,GGGTAAACTTGG,408,79.8,observed
E14.5,E14_5_S1,GGGTAAACTTGG,448,82.95,observed
E14.5,E14_5_S1,GGGTAAACTTGG,489,85.99,observed
E14.5,E14_5_S1,GGGTAAACTTGG,530,88.86,observed
E14.5,E14_5_S1,GGGTAAACTTGG,571,91.57,observed
E14.5,E14_5_S1,GGGTAAACTTGG,611,94.1,observed
E14.5,E14_5_S1,GGGTAAACTTGG,652,96.57,observed
E14.5,E14_5_S1,GGGTAAACTTGG,693,98.94,observed
E14.5,E14_5_S1,GGGTAAACTTGG,733,101.17,observed
E14.5,E14_5_S1,GGGTAAACTTGG,774,103.36,observed
E14.5,E14_5_S1,GGGTAAACTTGG,815,105.48,observed
E14.5,E14_5_S1,GGGTAAACTTGG,856,107.53,observed
E14.5,E14_5_S1,GGGTAAACTTGG,896,109.47,observed
E14.5,E14_5_S1,GGGTAAACTTGG,937,111.39,observed
E14.5,E14_5_S1,GGGTAAACTTGG,978,113.26,observed
E14.5,E14_5_S1,GGGTAAACTTGG,1018,115.03,observed
E14.5,E14_5_S1,GGGTAAACTTGG,1059,116.8,observed
E14.5,E14_5_S1,GGGTAAACTTGG,1100,118.52,observed
E14.5,E14_5_S1,GGGTAAACTTGG,1141,120.19,observed
E14.5,E14_5_S1,GGGTAAACTTGG,1181,121.78,observed
E14.5,E14_5_S1,GGGTAAACTTGG,1222,123.37,observed
E14.5,E14_5_S1,GGGTAAACTTGG,1263,124.92,observed
E14.5,E14_5_S1,GGGTAAACTTGG,1303,126.4,observed
E14.5,E14_5_S1,GGGTAAACTTGG,1344,127.88,observed
E14.5,E14_5_S1,GGGTAAACTTGG,1385,129.32,observed
E14.5,E14_5_S1,GGGTAAACTTGG,1426,130.73,observed
E14.5,E14_5_S1,GGGTAAACTTGG,1466,132.07,observed
E14.5,E14_5_S1,GGGTAAACTTGG,1507,133.41,observed
E14.5,E14_5_S1,GGGTAAACTTGG,1548,134.72,observed
E14.5,E14_5_S1,GGGTAAACTTGG,1589,136.0,observed
E14.5,E14_5_S1,GGGTAAACTTGG,1696,139.2,extrapolated
E14.5,E14_5_S1,GGGTAAACTTGG,1804,142.22,extrapolated
E14.5,E14_5_S1,GGGTAAACTTGG,1912,145.06,extrapolated
E14.5,E14_5_S1,GGGTAAACTTGG,2019,147.71,extrapolated
E14.5,E14_5_S1,GGGTAAACTTGG,2127,150.21,extrapolated
E14.5,E14_5_S1,GGGTAAACTTGG,2235,152.55,extrapolated
E14.5,E14_5_S1,GGGTAAACTTGG,2343,154.76,extrapolated
E14.5,E14_5_S1,GGGTAAACTTGG,2450,156.8,extrapolated
E14.5,E14_5_S1,GGGTAAACTTGG,2558,158.74,extrapolated
E14.5,E14_5_S1,GGGTAAACTTGG,2666,160.56,extrapolated
E14.5,E14_5_S1,GGGTAAACTTGG,2774,162.27,extrapolated
E14.5,E14_5_S1,GGGTAAACTTGG,2881,163.85,extrapolated
E14.5,E14_5_S1,GGGTAAACTTGG,2989,165.36,extrapolated
E14.5,E14_5_S1,GGGTAAACTTGG,3097,166.77,extrapolated
E14.5,E14_5_S1,GGGTAAACTTGG,3204,168.08,extrapolated
E14.5,E14_5_S1,GGGTAAACTTGG,3312,169.32,extrapolated
E14.5,E14_5_S1,GGGTAAACTTGG,3420,170.49,extrapolated
E14.5,E14_5_S1,GGGTAAACTTGG,3528,171.58,extrapolated
E14.5,E14_5_S1,GGGTAAACTTGG,3635,172.6,extrapolated
E14.5,E14_5_S1,GGGTAAACTTGG,3743,173.56,extrapolated
E14.5,E14_5_S1,GGGTAAACTTGG,3851,174.46,extrapolated
E14.5,E14_5_S1,GGGTAAACTTGG,3959,175.31,extrapolated
E14.5,E14_5_S1,GGGTAAACTTGG,4066,176.1,extrapolated
E14.5,E14_5_S1,GGGTAAACTTGG,4174,176.84,extrapolated
E14.5,E14_5_S1,GGGTAAACTTGG,4282,177.54,extrapolated
E14.5,E14_5_S1,GGGTAAACTTGG,4389,178.19,extrapolated
E14.5,E14_5_S1,GGGTAAACTTGG,4497,178.81,extrapolated
E14.5,E14_5_S1,GGGTAAACTTGG,4605,179.39,extrapolated
E14.5,E14_5_S1,GGGTAAACTTGG,4713,179.93,extrapolated
E14.5,E14_5_S1,GGGTAAACTTGG,4820,180.43,extrapolated
E14.5,E14_5_S1,GGGTAAACTTGG,4928,180.91,extrapolated
E14.5,E14_5_S1,GGGTAAACTTGG,5036,181.36,extrapolated
E14.5,E14_5_S1,GGGTAAACTTGG,5144,181.78,extrapolated
E14.5,E14_5_S1,GGGTAAACTTGG,5251,182.17,extrapolated
E14.5,E14_5_S1,GGGTAAACTTGG,5359,182.54,extrapolated
E14.5,E14_5_S1,GGGTAAACTTGG,5467,182.89,extrapolated
E14.5,E14_5_S1,GGGTAAACTTGG,5574,183.21,extrapolated
E14.5,E14_5_S1,GGGTAAACTTGG,5682,183.52,extrapolated
E14.5,E14_5_S1,GGGTAAACTTGG,5790,183.81,extrapolated
E14.5,E14_5_S1,GGGTAAACTTGG,5898,184.08,extrapolated
E14.5,E14_5_S1,GGGTAAACTTGG,6005,184.33,extrapolated
E14.5,E14_5_S1,GGGTAAACTTGG,6113,184.56,extrapolated
E14.5,E14_5_S1,GGGTAAACTTGG,6221,184.79,extrapolated
E14.5,E14_5_S1,GGGTAAACTTGG,6329,184.99,extrapolated
E14.5,E14_5_S1,GGGTAAACTTGG,6436,185.19,extrapolated
E14.5,E14_5_S1,GGGTAAACTTGG,6544,185.37,extrapolated
E14.5,E14_5_S1,GGGTAAACTTGG,6652,185.55,extrapolated
E14.5,E14_5_S1,GGGTAAACTTGG,6759,185.71,extrapolated
E14.5,E14_5_S1,GGGTAAACTTGG,6867,185.86,extrapolated
E14.5,E14_5_S1,GGGTAAACTTGG,6975,186.0,extrapolated
E14.5,E14_5_S1,GGGTAAACTTGG,7083,186.13,extrapolated
E14.5,E14_5_S1,GGGTAAACTTGG,7190,186.26,extrapolated
E14.5,E14_5_S1,GGGTAAACTTGG,7298,186.38,extrapolated
E14.5,E14_5_S1,GGGTAAACTTGG,7406,186.49,extrapolated
E14.5,E14_5_S1,GGGTAAACTTGG,7514,186.59,extrapolated
E14.5,E14_5_S1,GGGTAAACTTGG,7621,186.69,extrapolated
E14.5,E14_5_S1,GGGTAAACTTGG,7729,186.78,extrapolated
E14.5,E14_5_S1,GGGTAAACTTGG,7837,186.86,extrapolated
E14.5,E14_5_S1,GGGTAAACTTGG,7945,186.94,extrapolated
E14.5,E14_5_S1,TAAGGAAAAGCT,1,1.0,observed
E14.5,E14_5_S1,TAAGGAAAAGCT,42,9.44,observed
E14.5,E14_5_S1,TAAGGAAAAGCT,83,11.79,observed
E14.5,E14_5_S1,TAAGGAAAAGCT,124,13.36,observed
E14.5,E14_5_S1,TAAGGAAAAGCT,165,14.63,observed
E14.5,E14_5_S1,TAAGGAAAAGCT,206,15.75,observed
E14.5,E14_5_S1,TAAGGAAAAGCT,247,16.76,observed
E14.5,E14_5_S1,TAAGGAAAAGCT,288,17.71,observed
E14.5,E14_5_S1,TAAGGAAAAGCT,329,18.61,observed
E14.5,E14_5_S1,TAAGGAAAAGCT,370,19.45,observed
E14.5,E14_5_S1,TAAGGAAAAGCT,412,20.27,observed
E14.5,E14_5_S1,TAAGGAAAAGCT,453,21.04,observed
E14.5,E14_5_S1,TAAGGAAAAGCT,494,21.78,observed
E14.5,E14_5_S1,TAAGGAAAAGCT,535,22.49,observed
E14.5,E14_5_S1,TAAGGAAAAGCT,576,23.17,observed
E14.5,E14_5_S1,TAAGGAAAAGCT,617,23.83,observed
E14.5,E14_5_S1,TAAGGAAAAGCT,658,24.48,observed
E14.5,E14_5_S1,TAAGGAAAAGCT,699,25.1,observed
E14.5,E14_5_S1,TAAGGAAAAGCT,740,25.7,observed
E14.5,E14_5_S1,TAAGGAAAAGCT,781,26.29,observed
E14.5,E14_5_S1,TAAGGAAAAGCT,823,26.88,observed
E14.5,E14_5_S1,TAAGGAAAAGCT,864,27.44,observed
E14.5,E14_5_S1,TAAGGAAAAGCT,905,27.99,observed
E14.5,E14_5_S1,TAAGGAAAAGCT,946,28.53,observed
E14.5,E14_5_S1,TAAGGAAAAGCT,987,29.06,observed
E14.5,E14_5_S1,TAAGGAAAAGCT,1028,29.57,observed
E14.5,E14_5_S1,TAAGGAAAAGCT,1069,30.08,observed
E14.5,E14_5_S1,TAAGGAAAAGCT,1110,30.58,observed
E14.5,E14_5_S1,TAAGGAAAAGCT,1151,31.07,observed
E14.5,E14_5_S1,TAAGGAAAAGCT,1192,31.55,observed
E14.5,E14_5_S1,TAAGGAAAAGCT,1234,32.04,observed
E14.5,E14_5_S1,TAAGGAAAAGCT,1275,32.5,observed
E14.5,E14_5_S1,TAAGGAAAAGCT,1316,32.96,observed
E14.5,E14_5_S1,TAAGGAAAAGCT,1357,33.42,observed
E14.5,E14_5_S1,TAAGGAAAAGCT,1398,33.86,observed
E14.5,E14_5_S1,TAAGGAAAAGCT,1439,34.3,observed
E14.5,E14_5_S1,TAAGGAAAAGCT,1480,34.73,observed
E14.5,E14_5_S1,TAAGGAAAAGCT,1521,35.16,observed
E14.5,E14_5_S1,TAAGGAAAAGCT,1562,35.58,observed
E14.5,E14_5_S1,TAAGGAAAAGCT,1604,36.0,observed
E14.5,E14_5_S1,TAAGGAAAAGCT,1712,37.05,extrapolated
E14.5,E14_5_S1,TAAGGAAAAGCT,1821,38.08,extrapolated
E14.5,E14_5_S1,TAAGGAAAAGCT,1930,39.05,extrapolated
E14.5,E14_5_S1,TAAGGAAAAGCT,2038,39.98,extrapolated
E14.5,E14_5_S1,TAAGGAAAAGCT,2147,40.88,extrapolated
E14.5,E14_5_S1,TAAGGAAAAGCT,2256,41.74,extrapolated
E14.5,E14_5_S1,TAAGGAAAAGCT,2365,42.57,extrapolated
E14.5,E14_5_S1,TAAGGAAAAGCT,2473,43.35,extrapolated
E14.5,E14_5_S1,TAAGGAAAAGCT,2582,44.11,extrapolated
E14.5,E14_5_S1,TAAGGAAAAGCT,2691,44.84,extrapolated
E14.5,E14_5_S1,TAAGGAAAAGCT,2800,45.53,extrapolated
E14.5,E14_5_S1,TAAGGAAAAGCT,2908,46.2,extrapolated
E14.5,E14_5_S1,TAAGGAAAAGCT,3017,46.84,extrapolated
E14.5,E14_5_S1,TAAGGAAAAGCT,3126,47.45,extrapolated
E14.5,E14_5_S1,TAAGGAAAAGCT,3235,48.04,extrapolated
E14.5,E14_5_S1,TAAGGAAAAGCT,3343,48.6,extrapolated
E14.5,E14_5_S1,TAAGGAAAAGCT,3452,49.14,extrapolated
E14.5,E14_5_S1,TAAGGAAAAGCT,3561,49.65,extrapolated
E14.5,E14_5_S1,TAAGGAAAAGCT,3670,50.15,extrapolated
E14.5,E14_5_S1,TAAGGAAAAGCT,3778,50.62,extrapolated
E14.5,E14_5_S1,TAAGGAAAAGCT,3887,51.08,extrapolated
E14.5,E14_5_S1,TAAGGAAAAGCT,3996,51.51,extrapolated
E14.5,E14_5_S1,TAAGGAAAAGCT,4105,51.93,extrapolated
E14.5,E14_5_S1,TAAGGAAAAGCT,4213,52.33,extrapolated
E14.5,E14_5_S1,TAAGGAAAAGCT,4322,52.72,extrapolated
E14.5,E14_5_S1,TAAGGAAAAGCT,4431,53.08,extrapolated
E14.5,E14_5_S1,TAAGGAAAAGCT,4540,53.44,extrapolated
E14.5,E14_5_S1,TAAGGAAAAGCT,4648,53.77,extrapolated
E14.5,E14_5_S1,TAAGGAAAAGCT,4757,54.1,extrapolated
E14.5,E14_5_S1,TAAGGAAAAGCT,4866,54.41,extrapolated
E14.5,E14_5_S1,TAAGGAAAAGCT,4975,54.71,extrapolated
E14.5,E14_5_S1,TAAGGAAAAGCT,5083,54.99,extrapolated
E14.5,E14_5_S1,TAAGGAAAAGCT,5192,55.27,extrapolated
E14.5,E14_5_S1,TAAGGAAAAGCT,5301,55.53,extrapolated
E14.5,E14_5_S1,TAAGGAAAAGCT,5410,55.78,extrapolated
E14.5,E14_5_S1,TAAGGAAAAGCT,5518,56.02,extrapolated
E14.5,E14_5_S1,TAAGGAAAAGCT,5627,56.25,extrapolated
E14.5,E14_5_S1,TAAGGAAAAGCT,5736,56.47,extrapolated
E14.5,E14_5_S1,TAAGGAAAAGCT,5845,56.69,extrapolated
E14.5,E14_5_S1,TAAGGAAAAGCT,5953,56.89,extrapolated
E14.5,E14_5_S1,TAAGGAAAAGCT,6062,57.08,extrapolated
E14.5,E14_5_S1,TAAGGAAAAGCT,6171,57.27,extrapolated
E14.5,E14_5_S1,TAAGGAAAAGCT,6280,57.45,extrapolated
E14.5,E14_5_S1,TAAGGAAAAGCT,6388,57.62,extrapolated
E14.5,E14_5_S1,TAAGGAAAAGCT,6497,57.79,extrapolated
E14.5,E14_5_S1,TAAGGAAAAGCT,6606,57.94,extrapolated
E14.5,E14_5_S1,TAAGGAAAAGCT,6715,58.1,extrapolated
E14.5,E14_5_S1,TAAGGAAAAGCT,6823,58.24,extrapolated
E14.5,E14_5_S1,TAAGGAAAAGCT,6932,58.38,extrapolated
E14.5,E14_5_S1,TAAGGAAAAGCT,7041,58.51,extrapolated
E14.5,E14_5_S1,TAAGGAAAAGCT,7150,58.64,extrapolated
E14.5,E14_5_S1,TAAGGAAAAGCT,7258,58.76,extrapolated
E14.5,E14_5_S1,TAAGGAAAAGCT,7367,58.88,extrapolated
E14.5,E14_5_S1,TAAGGAAAAGCT,7476,58.99,extrapolated
E14.5,E14_5_S1,TAAGGAAAAGCT,7585,59.1,extrapolated
E14.5,E14_5_S1,TAAGGAAAAGCT,7693,59.2,extrapolated
E14.5,E14_5_S1,TAAGGAAAAGCT,7802,59.3,extrapolated
E14.5,E14_5_S1,TAAGGAAAAGCT,7911,59.4,extrapolated
E14.5,E14_5_S1,TAAGGAAAAGCT,8020,59.49,extrapolated
E14.5,E14_5_S1,GTCATAAGGCGC,1,1.0,observed
E14.5,E14_5_S1,GTCATAAGGCGC,54,26.69,observed
E14.5,E14_5_S1,GTCATAAGGCGC,107,38.98,observed
E14.5,E14_5_S1,GTCATAAGGCGC,160,47.47,observed
E14.5,E14_5_S1,GTCATAAGGCGC,213,54.1,observed
E14.5,E14_5_S1,GTCATAAGGCGC,266,59.68,observed
E14.5,E14_5_S1,GTCATAAGGCGC,320,64.7,observed
E14.5,E14_5_S1,GTCATAAGGCGC,373,69.19,observed
E14.5,E14_5_S1,GTCATAAGGCGC,426,73.36,observed
E14.5,E14_5_S1,GTCATAAGGCGC,479,77.28,observed
E14.5,E14_5_S1,GTCATAAGGCGC,532,81.0,observed
E14.5,E14_5_S1,GTCATAAGGCGC,585,84.56,observed
E14.5,E14_5_S1,GTCATAAGGCGC,639,88.05,observed
E14.5,E14_5_S1,GTCATAAGGCGC,692,91.36,observed
E14.5,E14_5_S1,GTCATAAGGCGC,745,94.57,observed
E14.5,E14_5_S1,GTCATAAGGCGC,798,97.7,observed
E14.5,E14_5_S1,GTCATAAGGCGC,851,100.74,observed
E14.5,E14_5_S1,GTCATAAGGCGC,905,103.78,observed
E14.5,E14_5_S1,GTCATAAGGCGC,958,106.7,observed
E14.5,E14_5_S1,GTCATAAGGCGC,1011,109.56,observed
E14.5,E14_5_S1,GTCATAAGGCGC,1064,112.37,observed
E14.5,E14_5_S1,GTCATAAGGCGC,1117,115.14,observed
E14.5,E14_5_S1,GTCATAAGGCGC,1170,117.86,observed
E14.5,E14_5_S1,GTCATAAGGCGC,1224,120.59,observed
E14.5,E14_5_S1,GTCATAAGGCGC,1277,123.24,observed
E14.5,E14_5_S1,GTCATAAGGCGC,1330,125.86,observed
E14.5,E14_5_S1,GTCATAAGGCGC,1383,128.44,observed
E14.5,E14_5_S1,GTCATAAGGCGC,1436,130.99,observed
E14.5,E14_5_S1,GTCATAAGGCGC,1490,133.57,observed
E14.5,E14_5_S1,GTCATAAGGCGC,1543,136.06,observed
E14.5,E14_5_S1,GTCATAAGGCGC,1596,138.54,observed
E14.5,E14_5_S1,GTCATAAGGCGC,1649,140.99,observed
E14.5,E14_5_S1,GTCATAAGGCGC,1702,143.42,observed
E14.5,E14_5_S1,GTCATAAGGCGC,1755,145.83,observed
E14.5,E14_5_S1,GTCATAAGGCGC,1809,148.27,observed
E14.5,E14_5_S1,GTCATAAGGCGC,1862,150.64,observed
E14.5,E14_5_S1,GTCATAAGGCGC,1915,152.99,observed
E14.5,E14_5_S1,GTCATAAGGCGC,1968,155.33,observed
E14.5,E14_5_S1,GTCATAAGGCGC,2021,157.65,observed
E14.5,E14_5_S1,GTCATAAGGCGC,2075,160.0,observed
E14.5,E14_5_S1,GTCATAAGGCGC,2215,166.02,extrapolated
E14.5,E14_5_S1,GTCATAAGGCGC,2356,171.99,extrapolated
E14.5,E14_5_S1,GTCATAAGGCGC,2497,177.85,extrapolated
E14.5,E14_5_S1,GTCATAAGGCGC,2637,183.58,extrapolated
E14.5,E14_5_S1,GTCATAAGGCGC,2778,189.26,extrapolated
E14.5,E14_5_S1,GTCATAAGGCGC,2919,194.84,extrapolated
E14.5,E14_5_S1,GTCATAAGGCGC,3059,200.3,extrapolated
E14.5,E14_5_S1,GTCATAAGGCGC,3200,205.7,extrapolated
E14.5,E14_5_S1,GTCATAAGGCGC,3341,211.01,extrapolated
E14.5,E14_5_S1,GTCATAAGGCGC,3481,216.2,extrapolated
E14.5,E14_5_S1,GTCATAAGGCGC,3622,221.33,extrapolated
E14.5,E14_5_S1,GTCATAAGGCGC,3763,226.39,extrapolated
E14.5,E14_5_S1,GTCATAAGGCGC,3903,231.32,extrapolated
E14.5,E14_5_S1,GTCATAAGGCGC,4044,236.21,extrapolated
E14.5,E14_5_S1,GTCATAAGGCGC,4185,241.02,extrapolated
E14.5,E14_5_S1,GTCATAAGGCGC,4325,245.72,extrapolated
E14.5,E14_5_S1,GTCATAAGGCGC,4466,250.37,extrapolated
E14.5,E14_5_S1,GTCATAAGGCGC,4607,254.95,extrapolated
E14.5,E14_5_S1,GTCATAAGGCGC,4747,259.41,extrapolated
E14.5,E14_5_S1,GTCATAAGGCGC,4888,263.84,extrapolated
E14.5,E14_5_S1,GTCATAAGGCGC,5029,268.19,extrapolated
E14.5,E14_5_S1,GTCATAAGGCGC,5169,272.45,extrapolated
E14.5,E14_5_S1,GTCATAAGGCGC,5310,276.66,extrapolated
E14.5,E14_5_S1,GTCATAAGGCGC,5451,280.8,extrapolated
E14.5,E14_5_S1,GTCATAAGGCGC,5591,284.84,extrapolated
E14.5,E14_5_S1,GTCATAAGGCGC,5732,288.85,extrapolated
E14.5,E14_5_S1,GTCATAAGGCGC,5873,292.79,extrapolated
E14.5,E14_5_S1,GTCATAAGGCGC,6013,296.64,extrapolated
E14.5,E14_5_S1,GTCATAAGGCGC,6154,300.46,extrapolated
E14.5,E14_5_S1,GTCATAAGGCGC,6295,304.21,extrapolated
E14.5,E14_5_S1,GTCATAAGGCGC,6436,307.89,extrapolated
E14.5,E14_5_S1,GTCATAAGGCGC,6576,311.5,extrapolated
E14.5,E14_5_S1,GTCATAAGGCGC,6717,315.06,extrapolated
E14.5,E14_5_S1,GTCATAAGGCGC,6858,318.57,extrapolated
E14.5,E14_5_S1,GTCATAAGGCGC,6998,322.0,extrapolated
E14.5,E14_5_S1,GTCATAAGGCGC,7139,325.39,extrapolated
E14.5,E14_5_S1,GTCATAAGGCGC,7280,328.73,extrapolated
E14.5,E14_5_S1,GTCATAAGGCGC,7420,331.99,extrapolated
E14.5,E14_5_S1,GTCATAAGGCGC,7561,335.23,extrapolated
E14.5,E14_5_S1,GTCATAAGGCGC,7702,338.4,extrapolated
E14.5,E14_5_S1,GTCATAAGGCGC,7842,341.5,extrapolated
E14.5,E14_5_S1,GTCATAAGGCGC,7983,344.58,extrapolated
E14.5,E14_5_S1,GTCATAAGGCGC,8124,347.6,extrapolated
E14.5,E14_5_S1,GTCATAAGGCGC,8264,350.55,extrapolated
E14.5,E14_5_S1,GTCATAAGGCGC,8405,353.48,extrapolated
E14.5,E14_5_S1,GTCATAAGGCGC,8546,356.35,extrapolated
E14.5,E14_5_S1,GTCATAAGGCGC,8686,359.16,extrapolated
E14.5,E14_5_S1,GTCATAAGGCGC,8827,361.95,extrapolated
E14.5,E14_5_S1,GTCATAAGGCGC,8968,364.68,extrapolated
E14.5,E14_5_S1,GTCATAAGGCGC,9108,367.35,extrapolated
E14.5,E14_5_S1,GTCATAAGGCGC,9249,370.0,extrapolated
E14.5,E14_5_S1,GTCATAAGGCGC,9390,372.61,extrapolated
E14.5,E14_5_S1,GTCATAAGGCGC,9530,375.15,extrapolated
E14.5,E14_5_S1,GTCATAAGGCGC,9671,377.67,extrapolated
E14.5,E14_5_S1,GTCATAAGGCGC,9812,380.15,extrapolated
E14.5,E14_5_S1,GTCATAAGGCGC,9952,382.57,extrapolated
E14.5,E14_5_S1,GTCATAAGGCGC,10093,384.96,extrapolated
E14.5,E14_5_S1,GTCATAAGGCGC,10234,387.32,extrapolated
E14.5,E14_5_S1,GTCATAAGGCGC,10375,389.64,extrapolated
E14.5,E14_5_S1,CTGGTAATGTAT,1,1.0,observed
E14.5,E14_5_S1,CTGGTAATGTAT,44,21.58,observed
E14.5,E14_5_S1,CTGGTAATGTAT,88,33.01,observed
E14.5,E14_5_S1,CTGGTAATGTAT,132,41.56,observed
E14.5,E14_5_S1,CTGGTAATGTAT,176,48.61,observed
E14.5,E14_5_S1,CTGGTAATGTAT,220,54.68,observed
E14.5,E14_5_S1,CTGGTAATGTAT,264,60.06,observed
E14.5,E14_5_S1,CTGGTAATGTAT,308,64.93,observed
E14.5,E14_5_S1,CTGGTAATGTAT,352,69.39,observed
E14.5,E14_5_S1,CTGGTAATGTAT,396,73.53,observed
E14.5,E14_5_S1,CTGGTAATGTAT,440,77.4,observed
E14.5,E14_5_S1,CTGGTAATGTAT,484,81.04,observed
E14.5,E14_5_S1,CTGGTAATGTAT,528,84.48,observed
E14.5,E14_5_S1,CTGGTAATGTAT,572,87.75,observed
E14.5,E14_5_S1,CTGGTAATGTAT,616,90.86,observed
E14.5,E14_5_S1,CTGGTAATGTAT,660,93.84,observed
E14.5,E14_5_S1,CTGGTAATGTAT,704,96.7,observed
E14.5,E14_5_S1,CTGGTAATGTAT,748,99.44,observed
E14.5,E14_5_S1,CTGGTAATGTAT,792,102.08,observed
E14.5,E14_5_S1,CTGGTAATGTAT,836,104.63,observed
E14.5,E14_5_S1,CTGGTAATGTAT,879,107.04,observed
E14.5,E14_5_S1,CTGGTAATGTAT,923,109.42,observed
E14.5,E14_5_S1,CTGGTAATGTAT,967,111.72,observed
E14.5,E14_5_S1,CTGGTAATGTAT,1011,113.96,observed
E14.5,E14_5_S1,CTGGTAATGTAT,1055,116.13,observed
E14.5,E14_5_S1,CTGGTAATGTAT,1099,118.23,observed
E14.5,E14_5_S1,CTGGTAATGTAT,1143,120.28,observed
E14.5,E14_5_S1,CTGGTAATGTAT,1187,122.28,observed
E14.5,E14_5_S1,CTGGTAATGTAT,1231,124.22,observed
E14.5,E14_5_S1,CTGGTAATGTAT,1275,126.12,observed
E14.5,E14_5_S1,CTGGTAATGTAT,1319,127.97,observed
E14.5,E14_5_S1,CTGGTAATGTAT,1363,129.78,observed
E14.5,E14_5_S1,CTGGTAATGTAT,1407,131.54,observed
E14.5,E14_5_S1,CTGGTAATGTAT,1451,133.28,observed
E14.5,E14_5_S1,CTGGTAATGTAT,1495,134.97,observed
E14.5,E14_5_S1,CTGGTAATGTAT,1539,136.64,observed
E14.5,E14_5_S1,CTGGTAATGTAT,1583,138.27,observed
E14.5,E14_5_S1,CTGGTAATGTAT,1627,139.87,observed
E14.5,E14_5_S1,CTGGTAATGTAT,1671,141.45,observed
E14.5,E14_5_S1,CTGGTAATGTAT,1715,143.0,observed
E14.5,E14_5_S1,CTGGTAATGTAT,1831,146.98,extrapolated
E14.5,E14_5_S1,CTGGTAATGTAT,1947,150.79,extrapolated
E14.5,E14_5_S1,CTGGTAATGTAT,2063,154.46,extrapolated
E14.5,E14_5_S1,CTGGTAATGTAT,2180,158.01,extrapolated
E14.5,E14_5_S1,CTGGTAATGTAT,2296,161.39,extrapolated
E14.5,E14_5_S1,CTGGTAATGTAT,2412,164.63,extrapolated
E14.5,E14_5_S1,CTGGTAATGTAT,2528,167.75,extrapolated
E14.5,E14_5_S1,CTGGTAATGTAT,2645,170.77,extrapolated
E14.5,E14_5_S1,CTGGTAATGTAT,2761,173.64,extrapolated
E14.5,E14_5_S1,CTGGTAATGTAT,2877,176.4,extrapolated
E14.5,E14_5_S1,CTGGTAATGTAT,2993,179.04,extrapolated
E14.5,E14_5_S1,CTGGTAATGTAT,3110,181.61,extrapolated
E14.5,E14_5_S1,CTGGTAATGTAT,3226,184.05,extrapolated
E14.5,E14_5_S1,CTGGTAATGTAT,3342,186.39,extrapolated
E14.5,E14_5_S1,CTGGTAATGTAT,3459,188.66,extrapolated
E14.5,E14_5_S1,CTGGTAATGTAT,3575,190.82,extrapolated
E14.5,E14_5_S1,CTGGTAATGTAT,3691,192.89,extrapolated
E14.5,E14_5_S1,CTGGTAATGTAT,3807,194.88,extrapolated
E14.5,E14_5_S1,CTGGTAATGTAT,3924,196.81,extrapolated
E14.5,E14_5_S1,CTGGTAATGTAT,4040,198.65,extrapolated
E14.5,E14_5_S1,CTGGTAATGTAT,4156,200.41,extrapolated
E14.5,E14_5_S1,CTGGTAATGTAT,4272,202.1,extrapolated
E14.5,E14_5_S1,CTGGTAATGTAT,4389,203.74,extrapolated
E14.5,E14_5_S1,CTGGTAATGTAT,4505,205.3,extrapolated
E14.5,E14_5_S1,CTGGTAATGTAT,4621,206.8,extrapolated
E14.5,E14_5_S1,CTGGTAATGTAT,4738,208.25,extrapolated
E14.5,E14_5_S1,CTGGTAATGTAT,4854,209.63,extrapolated
E14.5,E14_5_S1,CTGGTAATGTAT,4970,210.95,extrapolated
E14.5,E14_5_S1,CTGGTAATGTAT,5086,212.23,extrapolated
E14.5,E14_5_S1,CTGGTAATGTAT,5203,213.46,extrapolated
E14.5,E14_5_S1,CTGGTAATGTAT,5319,214.63,extrapolated
E14.5,E14_5_S1,CTGGTAATGTAT,5435,215.76,extrapolated
E14.5,E14_5_S1,CTGGTAATGTAT,5551,216.84,extrapolated
E14.5,E14_5_S1,CTGGTAATGTAT,5668,217.89,extrapolated
E14.5,E14_5_S1,CTGGTAATGTAT,5784,218.88,extrapolated
E14.5,E14_5_S1,CTGGTAATGTAT,5900,219.84,extrapolated
E14.5,E14_5_S1,CTGGTAATGTAT,6017,220.77,extrapolated
E14.5,E14_5_S1,CTGGTAATGTAT,6133,221.65,extrapolated
E14.5,E14_5_S1,CTGGTAATGTAT,6249,222.5,extrapolated
E14.5,E14_5_S1,CTGGTAATGTAT,6365,223.31,extrapolated
E14.5,E14_5_S1,CTGGTAATGTAT,6482,224.1,extrapolated
E14.5,E14_5_S1,CTGGTAATGTAT,6598,224.85,extrapolated
E14.5,E14_5_S1,CTGGTAATGTAT,6714,225.57,extrapolated
E14.5,E14_5_S1,CTGGTAATGTAT,6830,226.26,extrapolated
E14.5,E14_5_S1,CTGGTAATGTAT,6947,226.93,extrapolated
E14.5,E14_5_S1,CTGGTAATGTAT,7063,227.57,extrapolated
E14.5,E14_5_S1,CTGGTAATGTAT,7179,228.18,extrapolated
E14.5,E14_5_S1,CTGGTAATGTAT,7296,228.77,extrapolated
E14.5,E14_5_S1,CTGGTAATGTAT,7412,229.33,extrapolated
E14.5,E14_5_S1,CTGGTAATGTAT,7528,229.88,extrapolated
E14.5,E14_5_S1,CTGGTAATGTAT,7644,230.4,extrapolated
E14.5,E14_5_S1,CTGGTAATGTAT,7761,230.9,extrapolated
E14.5,E14_5_S1,CTGGTAATGTAT,7877,231.38,extrapolated
E14.5,E14_5_S1,CTGGTAATGTAT,7993,231.84,extrapolated
E14.5,E14_5_S1,CTGGTAATGTAT,8109,232.28,extrapolated
E14.5,E14_5_S1,CTGGTAATGTAT,8226,232.71,extrapolated
E14.5,E14_5_S1,CTGGTAATGTAT,8342,233.11,extrapolated
E14.5,E14_5_S1,CTGGTAATGTAT,8458,233.51,extrapolated
E14.5,E14_5_S1,CTGGTAATGTAT,8575,233.88,extrapolated
E14.5,E14_5_S1,CTCCAAAAGGGC,1,1.0,observed
E14.5,E14_5_S1,CTCCAAAAGGGC,34,19.48,observed
E14.5,E14_5_S1,CTCCAAAAGGGC,68,28.3,observed
E14.5,E14_5_S1,CTCCAAAAGGGC,102,33.86,observed
E14.5,E14_5_S1,CTCCAAAAGGGC,136,37.87,observed
E14.5,E14_5_S1,CTCCAAAAGGGC,170,40.99,observed
E14.5,E14_5_S1,CTCCAAAAGGGC,204,43.55,observed
E14.5,E14_5_S1,CTCCAAAAGGGC,238,45.74,observed
E14.5,E14_5_S1,CTCCAAAAGGGC,272,47.67,observed
E14.5,E14_5_S1,CTCCAAAAGGGC,306,49.4,observed
E14.5,E14_5_S1,CTCCAAAAGGGC,340,50.99,observed
E14.5,E14_5_S1,CTCCAAAAGGGC,374,52.47,observed
E14.5,E14_5_S1,CTCCAAAAGGGC,408,53.87,observed
E14.5,E14_5_S1,CTCCAAAAGGGC,442,55.19,observed
E14.5,E14_5_S1,CTCCAAAAGGGC,476,56.45,observed
E14.5,E14_5_S1,CTCCAAAAGGGC,510,57.66,observed
E14.5,E14_5_S1,CTCCAAAAGGGC,544,58.83,observed
E14.5,E14_5_S1,CTCCAAAAGGGC,578,59.96,observed
E14.5,E14_5_S1,CTCCAAAAGGGC,612,61.06,observed
E14.5,E14_5_S1,CTCCAAAAGGGC,646,62.13,observed
E14.5,E14_5_S1,CTCCAAAAGGGC,679,63.14,observed
E14.5,E14_5_S1,CTCCAAAAGGGC,713,64.15,observed
E14.5,E14_5_S1,CTCCAAAAGGGC,747,65.15,observed
E14.5,E14_5_S1,CTCCAAAAGGGC,781,66.13,observed
E14.5,E14_5_S1,CTCCAAAAGGGC,815,67.09,observed
E14.5,E14_5_S1,CTCCAAAAGGGC,849,68.03,observed
E14.5,E14_5_S1,CTCCAAAAGGGC,883,68.96,observed
E14.5,E14_5_S1,CTCCAAAAGGGC,917,69.87,observed
E14.5,E14_5_S1,CTCCAAAAGGGC,951,70.77,observed
E14.5,E14_5_S1,CTCCAAAAGGGC,985,71.65,observed
E14.5,E14_5_S1,CTCCAAAAGGGC,1019,72.53,observed
E14.5,E14_5_S1,CTCCAAAAGGGC,1053,73.4,observed
E14.5,E14_5_S1,CTCCAAAAGGGC,1087,74.25,observed
E14.5,E14_5_S1,CTCCAAAAGGGC,1121,75.1,observed
E14.5,E14_5_S1,CTCCAAAAGGGC,1155,75.93,observed
E14.5,E14_5_S1,CTCCAAAAGGGC,1189,76.76,observed
E14.5,E14_5_S1,CTCCAAAAGGGC,1223,77.58,observed
E14.5,E14_5_S1,CTCCAAAAGGGC,1257,78.4,observed
E14.5,E14_5_S1,CTCCAAAAGGGC,1291,79.2,observed
E14.5,E14_5_S1,CTCCAAAAGGGC,1325,80.0,observed
E14.5,E14_5_S1,CTCCAAAAGGGC,1414,82.06,extrapolated
E14.5,E14_5_S1,CTCCAAAAGGGC,1504,84.1,extrapolated
E14.5,E14_5_S1,CTCCAAAAGGGC,1594,86.09,extrapolated
E14.5,E14_5_S1,CTCCAAAAGGGC,1684,88.04,extrapolated
E14.5,E14_5_S1,CTCCAAAAGGGC,1774,89.95,extrapolated
E14.5,E14_5_S1,CTCCAAAAGGGC,1863,91.8,extrapolated
E14.5,E14_5_S1,CTCCAAAAGGGC,1953,93.62,extrapolated
E14.5,E14_5_S1,CTCCAAAAGGGC,2043,95.41,extrapolated
E14.5,E14_5_S1,CTCCAAAAGGGC,2133,97.16,extrapolated
E14.5,E14_5_S1,CTCCAAAAGGGC,2223,98.87,extrapolated
E14.5,E14_5_S1,CTCCAAAAGGGC,2313,100.54,extrapolated
E14.5,E14_5_S1,CTCCAAAAGGGC,2402,102.16,extrapolated
E14.5,E14_5_S1,CTCCAAAAGGGC,2492,103.76,extrapolated
E14.5,E14_5_S1,CTCCAAAAGGGC,2582,105.33,extrapolated
E14.5,E14_5_S1,CTCCAAAAGGGC,2672,106.86,extrapolated
E14.5,E14_5_S1,CTCCAAAAGGGC,2762,108.36,extrapolated
E14.5,E14_5_S1,CTCCAAAAGGGC,2852,109.83,extrapolated
E14.5,E14_5_S1,CTCCAAAAGGGC,2941,111.25,extrapolated
E14.5,E14_5_S1,CTCCAAAAGGGC,3031,112.65,extrapolated
E14.5,E14_5_S1,CTCCAAAAGGGC,3121,114.03,extrapolated
E14.5,E14_5_S1,CTCCAAAAGGGC,3211,115.37,extrapolated
E14.5,E14_5_S1,CTCCAAAAGGGC,3301,116.69,extrapolated
E14.5,E14_5_S1,CTCCAAAAGGGC,3391,117.98,extrapolated
E14.5,E14_5_S1,CTCCAAAAGGGC,3480,119.22,extrapolated
E14.5,E14_5_S1,CTCCAAAAGGGC,3570,120.45,extrapolated
E14.5,E14_5_S1,CTCCAAAAGGGC,3660,121.66,extrapolated
E14.5,E14_5_S1,CTCCAAAAGGGC,3750,122.84,extrapolated
E14.5,E14_5_S1,CTCCAAAAGGGC,3840,123.99,extrapolated
E14.5,E14_5_S1,CTCCAAAAGGGC,3930,125.12,extrapolated
E14.5,E14_5_S1,CTCCAAAAGGGC,4019,126.21,extrapolated
E14.5,E14_5_S1,CTCCAAAAGGGC,4109,127.29,extrapolated
E14.5,E14_5_S1,CTCCAAAAGGGC,4199,128.35,extrapolated
E14.5,E14_5_S1,CTCCAAAAGGGC,4289,129.38,extrapolated
E14.5,E14_5_S1,CTCCAAAAGGGC,4379,130.39,extrapolated
E14.5,E14_5_S1,CTCCAAAAGGGC,4469,131.38,extrapolated
E14.5,E14_5_S1,CTCCAAAAGGGC,4558,132.34,extrapolated
E14.5,E14_5_S1,CTCCAAAAGGGC,4648,133.29,extrapolated
E14.5,E14_5_S1,CTCCAAAAGGGC,4738,134.22,extrapolated
E14.5,E14_5_S1,CTCCAAAAGGGC,4828,135.12,extrapolated
E14.5,E14_5_S1,CTCCAAAAGGGC,4918,136.01,extrapolated
E14.5,E14_5_S1,CTCCAAAAGGGC,5008,136.88,extrapolated
E14.5,E14_5_S1,CTCCAAAAGGGC,5097,137.72,extrapolated
E14.5,E14_5_S1,CTCCAAAAGGGC,5187,138.55,extrapolated
E14.5,E14_5_S1,CTCCAAAAGGGC,5277,139.36,extrapolated
E14.5,E14_5_S1,CTCCAAAAGGGC,5367,140.16,extrapolated
E14.5,E14_5_S1,CTCCAAAAGGGC,5457,140.93,extrapolated
E14.5,E14_5_S1,CTCCAAAAGGGC,5547,141.69,extrapolated
E14.5,E14_5_S1,CTCCAAAAGGGC,5636,142.43,extrapolated
E14.5,E14_5_S1,CTCCAAAAGGGC,5726,143.16,extrapolated
E14.5,E14_5_S1,CTCCAAAAGGGC,5816,143.87,extrapolated
E14.5,E14_5_S1,CTCCAAAAGGGC,5906,144.57,extrapolated
E14.5,E14_5_S1,CTCCAAAAGGGC,5996,145.25,extrapolated
E14.5,E14_5_S1,CTCCAAAAGGGC,6086,145.92,extrapolated
E14.5,E14_5_S1,CTCCAAAAGGGC,6175,146.56,extrapolated
E14.5,E14_5_S1,CTCCAAAAGGGC,6265,147.2,extrapolated
E14.5,E14_5_S1,CTCCAAAAGGGC,6355,147.83,extrapolated
E14.5,E14_5_S1,CTCCAAAAGGGC,6445,148.44,extrapolated
E14.5,E14_5_S1,CTCCAAAAGGGC,6535,149.04,extrapolated
E14.5,E14_5_S1,CTCCAAAAGGGC,6625,149.62,extrapolated
E14.5,E14_5_S1,AGCTTAACTTCA,1,1.0,observed
E14.5,E14_5_S1,AGCTTAACTTCA,40,9.83,observed
E14.5,E14_5_S1,AGCTTAACTTCA,80,11.75,observed
E14.5,E14_5_S1,AGCTTAACTTCA,120,12.91,observed
E14.5,E14_5_S1,AGCTTAACTTCA,159,13.8,observed
E14.5,E14_5_S1,AGCTTAACTTCA,199,14.6,observed
E14.5,E14_5_S1,AGCTTAACTTCA,239,15.33,observed
E14.5,E14_5_S1,AGCTTAACTTCA,278,15.98,observed
E14.5,E14_5_S1,AGCTTAACTTCA,318,16.62,observed
E14.5,E14_5_S1,AGCTTAACTTCA,358,17.22,observed
E14.5,E14_5_S1,AGCTTAACTTCA,397,17.79,observed
E14.5,E14_5_S1,AGCTTAACTTCA,437,18.34,observed
E14.5,E14_5_S1,AGCTTAACTTCA,477,18.88,observed
E14.5,E14_5_S1,AGCTTAACTTCA,517,19.4,observed
E14.5,E14_5_S1,AGCTTAACTTCA,556,19.89,observed
E14.5,E14_5_S1,AGCTTAACTTCA,596,20.38,observed
E14.5,E14_5_S1,AGCTTAACTTCA,636,20.86,observed
E14.5,E14_5_S1,AGCTTAACTTCA,675,21.31,observed
E14.5,E14_5_S1,AGCTTAACTTCA,715,21.77,observed
E14.5,E14_5_S1,AGCTTAACTTCA,755,22.22,observed
E14.5,E14_5_S1,AGCTTAACTTCA,794,22.65,observed
E14.5,E14_5_S1,AGCTTAACTTCA,834,23.08,observed
E14.5,E14_5_S1,AGCTTAACTTCA,874,23.51,observed
E14.5,E14_5_S1,AGCTTAACTTCA,913,23.92,observed
E14.5,E14_5_S1,AGCTTAACTTCA,953,24.33,observed
E14.5,E14_5_S1,AGCTTAACTTCA,993,24.74,observed
E14.5,E14_5_S1,AGCTTAACTTCA,1033,25.14,observed
E14.5,E14_5_S1,AGCTTAACTTCA,1072,25.53,observed
E14.5,E14_5_S1,AGCTTAACTTCA,1112,25.92,observed
E14.5,E14_5_S1,AGCTTAACTTCA,1152,26.31,observed
E14.5,E14_5_S1,AGCTTAACTTCA,1191,26.68,observed
E14.5,E14_5_S1,AGCTTAACTTCA,1231,27.06,observed
E14.5,E14_5_S1,AGCTTAACTTCA,1271,27.44,observed
E14.5,E14_5_S1,AGCTTAACTTCA,1310,27.81,observed
E14.5,E14_5_S1,AGCTTAACTTCA,1350,28.18,observed
E14.5,E14_5_S1,AGCTTAACTTCA,1390,28.55,observed
E14.5,E14_5_S1,AGCTTAACTTCA,1429,28.91,observed
E14.5,E14_5_S1,AGCTTAACTTCA,1469,29.27,observed
E14.5,E14_5_S1,AGCTTAACTTCA,1509,29.64,observed
E14.5,E14_5_S1,AGCTTAACTTCA,1549,30.0,observed
E14.5,E14_5_S1,AGCTTAACTTCA,1654,30.94,extrapolated
E14.5,E14_5_S1,AGCTTAACTTCA,1759,31.88,extrapolated
E14.5,E14_5_S1,AGCTTAACTTCA,1864,32.81,extrapolated
E14.5,E14_5_S1,AGCTTAACTTCA,1969,33.72,extrapolated
E14.5,E14_5_S1,AGCTTAACTTCA,2074,34.63,extrapolated
E14.5,E14_5_S1,AGCTTAACTTCA,2179,35.53,extrapolated
E14.5,E14_5_S1,AGCTTAACTTCA,2284,36.42,extrapolated
E14.5,E14_5_S1,AGCTTAACTTCA,2389,37.3,extrapolated
E14.5,E14_5_S1,AGCTTAACTTCA,2494,38.18,extrapolated
E14.5,E14_5_S1,AGCTTAACTTCA,2599,39.04,extrapolated
E14.5,E14_5_S1,AGCTTAACTTCA,2704,39.9,extrapolated
E14.5,E14_5_S1,AGCTTAACTTCA,2809,40.75,extrapolated
E14.5,E14_5_S1,AGCTTAACTTCA,2914,41.59,extrapolated
E14.5,E14_5_S1,AGCTTAACTTCA,3019,42.42,extrapolated
E14.5,E14_5_S1,AGCTTAACTTCA,3124,43.25,extrapolated
E14.5,E14_5_S1,AGCTTAACTTCA,3229,44.06,extrapolated
E14.5,E14_5_S1,AGCTTAACTTCA,3334,44.87,extrapolated
E14.5,E14_5_S1,AGCTTAACTTCA,3439,45.67,extrapolated
E14.5,E14_5_S1,AGCTTAACTTCA,3544,46.47,extrapolated
E14.5,E14_5_S1,AGCTTAACTTCA,3649,47.25,extrapolated
E14.5,E14_5_S1,AGCTTAACTTCA,3754,48.03,extrapolated
E14.5,E14_5_S1,AGCTTAACTTCA,3859,48.8,extrapolated
E14.5,E14_5_S1,AGCTTAACTTCA,3964,49.56,extrapolated
E14.5,E14_5_S1,AGCTTAACTTCA,4069,50.32,extrapolated
E14.5,E14_5_S1,AGCTTAACTTCA,4174,51.07,extrapolated
E14.5,E14_5_S1,AGCTTAACTTCA,4279,51.81,extrapolated
E14.5,E14_5_S1,AGCTTAACTTCA,4384,52.54,extrapolated
E14.5,E14_5_S1,AGCTTAACTTCA,4489,53.27,extrapolated
E14.5,E14_5_S1,AGCTTAACTTCA,4594,53.99,extrapolated
E14.5,E14_5_S1,AGCTTAACTTCA,4699,54.7,extrapolated
E14.5,E14_5_S1,AGCTTAACTTCA,4804,55.41,extrapolated
E14.5,E14_5_S1,AGCTTAACTTCA,4909,56.11,extrapolated
E14.5,E14_5_S1,AGCTTAACTTCA,5014,56.8,extrapolated
E14.5,E14_5_S1,AGCTTAACTTCA,5119,57.49,extrapolated
E14.5,E14_5_S1,AGCTTAACTTCA,5224,58.17,extrapolated
E14.5,E14_5_S1,AGCTTAACTTCA,5329,58.84,extrapolated
E14.5,E14_5_S1,AGCTTAACTTCA,5434,59.51,extrapolated
E14.5,E14_5_S1,AGCTTAACTTCA,5539,60.17,extrapolated
E14.5,E14_5_S1,AGCTTAACTTCA,5644,60.82,extrapolated
E14.5,E14_5_S1,AGCTTAACTTCA,5749,61.47,extrapolated
E14.5,E14_5_S1,AGCTTAACTTCA,5854,62.11,extrapolated
E14.5,E14_5_S1,AGCTTAACTTCA,5959,62.74,extrapolated
E14.5,E14_5_S1,AGCTTAACTTCA,6064,63.37,extrapolated
E14.5,E14_5_S1,AGCTTAACTTCA,6169,63.99,extrapolated
E14.5,E14_5_S1,AGCTTAACTTCA,6274,64.61,extrapolated
E14.5,E14_5_S1,AGCTTAACTTCA,6379,65.22,extrapolated
E14.5,E14_5_S1,AGCTTAACTTCA,6484,65.83,extrapolated
E14.5,E14_5_S1,AGCTTAACTTCA,6589,66.43,extrapolated
E14.5,E14_5_S1,AGCTTAACTTCA,6694,67.02,extrapolated
E14.5,E14_5_S1,AGCTTAACTTCA,6799,67.61,extrapolated
E14.5,E14_5_S1,AGCTTAACTTCA,6904,68.19,extrapolated
E14.5,E14_5_S1,AGCTTAACTTCA,7009,68.76,extrapolated
E14.5,E14_5_S1,AGCTTAACTTCA,7114,69.33,extrapolated
E14.5,E14_5_S1,AGCTTAACTTCA,7219,69.9,extrapolated
E14.5,E14_5_S1,AGCTTAACTTCA,7324,70.46,extrapolated
E14.5,E14_5_S1,AGCTTAACTTCA,7429,71.01,extrapolated
E14.5,E14_5_S1,AGCTTAACTTCA,7534,71.56,extrapolated
E14.5,E14_5_S1,AGCTTAACTTCA,7639,72.11,extrapolated
E14.5,E14_5_S1,AGCTTAACTTCA,7745,72.65,extrapolated
E14.5,E14_5_S1,TGTAGAACGCGT,1,1.0,observed
E14.5,E14_5_S1,TGTAGAACGCGT,43,30.33,observed
E14.5,E14_5_S1,TGTAGAACGCGT,85,47.48,observed
E14.5,E14_5_S1,TGTAGAACGCGT,128,59.98,observed
E14.5,E14_5_S1,TGTAGAACGCGT,170,69.6,observed
E14.5,E14_5_S1,TGTAGAACGCGT,213,77.82,observed
E14.5,E14_5_S1,TGTAGAACGCGT,255,84.81,observed
E14.5,E14_5_S1,TGTAGAACGCGT,297,91.07,observed
E14.5,E14_5_S1,TGTAGAACGCGT,340,96.9,observed
E14.5,E14_5_S1,TGTAGAACGCGT,382,102.17,observed
E14.5,E14_5_S1,TGTAGAACGCGT,425,107.2,observed
E14.5,E14_5_S1,TGTAGAACGCGT,467,111.82,observed
E14.5,E14_5_S1,TGTAGAACGCGT,509,116.19,observed
E14.5,E14_5_S1,TGTAGAACGCGT,552,120.44,observed
E14.5,E14_5_S1,TGTAGAACGCGT,594,124.41,observed
E14.5,E14_5_S1,TGTAGAACGCGT,637,128.29,observed
E14.5,E14_5_S1,TGTAGAACGCGT,679,131.93,observed
E14.5,E14_5_S1,TGTAGAACGCGT,721,135.43,observed
E14.5,E14_5_S1,TGTAGAACGCGT,764,138.88,observed
E14.5,E14_5_S1,TGTAGAACGCGT,806,142.14,observed
E14.5,E14_5_S1,TGTAGAACGCGT,849,145.37,observed
E14.5,E14_5_S1,TGTAGAACGCGT,891,148.43,observed
E14.5,E14_5_S1,TGTAGAACGCGT,934,151.47,observed
E14.5,E14_5_S1,TGTAGAACGCGT,976,154.35,observed
E14.5,E14_5_S1,TGTAGAACGCGT,1018,157.16,observed
E14.5,E14_5_S1,TGTAGAACGCGT,1061,159.96,observed
E14.5,E14_5_S1,TGTAGAACGCGT,1103,162.62,observed
E14.5,E14_5_S1,TGTAGAACGCGT,1146,165.29,observed
E14.5,E14_5_S1,TGTAGAACGCGT,1188,167.83,observed
E14.5,E14_5_S1,TGTAGAACGCGT,1230,170.32,observed
E14.5,E14_5_S1,TGTAGAACGCGT,1273,172.82,observed
E14.5,E14_5_S1,TGTAGAACGCGT,1315,175.2,observed
E14.5,E14_5_S1,TGTAGAACGCGT,1358,177.6,observed
E14.5,E14_5_S1,TGTAGAACGCGT,1400,179.89,observed
E14.5,E14_5_S1,TGTAGAACGCGT,1442,182.15,observed
E14.5,E14_5_S1,TGTAGAACGCGT,1485,184.41,observed
E14.5,E14_5_S1,TGTAGAACGCGT,1527,186.59,observed
E14.5,E14_5_S1,TGTAGAACGCGT,1570,188.78,observed
E14.5,E14_5_S1,TGTAGAACGCGT,1612,190.88,observed
E14.5,E14_5_S1,TGTAGAACGCGT,1655,193.0,observed
E14.5,E14_5_S1,TGTAGAACGCGT,1767,198.37,extrapolated
E14.5,E14_5_S1,TGTAGAACGCGT,1879,203.53,extrapolated
E14.5,E14_5_S1,TGTAGAACGCGT,1991,208.49,extrapolated
E14.5,E14_5_S1,TGTAGAACGCGT,2103,213.25,extrapolated
E14.5,E14_5_S1,TGTAGAACGCGT,2216,217.87,extrapolated
E14.5,E14_5_S1,TGTAGAACGCGT,2328,222.26,extrapolated
E14.5,E14_5_S1,TGTAGAACGCGT,2440,226.48,extrapolated
E14.5,E14_5_S1,TGTAGAACGCGT,2552,230.54,extrapolated
E14.5,E14_5_S1,TGTAGAACGCGT,2664,234.44,extrapolated
E14.5,E14_5_S1,TGTAGAACGCGT,2777,238.21,extrapolated
E14.5,E14_5_S1,TGTAGAACGCGT,2889,241.81,extrapolated
E14.5,E14_5_S1,TGTAGAACGCGT,3001,245.26,extrapolated
E14.5,E14_5_S1,TGTAGAACGCGT,3113,248.58,extrapolated
E14.5,E14_5_S1,TGTAGAACGCGT,3225,251.76,extrapolated
E14.5,E14_5_S1,TGTAGAACGCGT,3338,254.85,extrapolated
E14.5,E14_5_S1,TGTAGAACGCGT,3450,257.79,extrapolated
E14.5,E14_5_S1,TGTAGAACGCGT,3562,260.61,extrapolated
E14.5,E14_5_S1,TGTAGAACGCGT,3674,263.33,extrapolated
E14.5,E14_5_S1,TGTAGAACGCGT,3786,265.93,extrapolated
E14.5,E14_5_S1,TGTAGAACGCGT,3899,268.46,extrapolated
E14.5,E14_5_S1,TGTAGAACGCGT,4011,270.86,extrapolated
E14.5,E14_5_S1,TGTAGAACGCGT,4123,273.17,extrapolated
E14.5,E14_5_S1,TGTAGAACGCGT,4235,275.39,extrapolated
E14.5,E14_5_S1,TGTAGAACGCGT,4347,277.52,extrapolated
E14.5,E14_5_S1,TGTAGAACGCGT,4460,279.59,extrapolated
E14.5,E14_5_S1,TGTAGAACGCGT,4572,281.56,extrapolated
E14.5,E14_5_S1,TGTAGAACGCGT,4684,283.45,extrapolated
E14.5,E14_5_S1,TGTAGAACGCGT,4796,285.26,extrapolated
E14.5,E14_5_S1,TGTAGAACGCGT,4908,287.01,extrapolated
E14.5,E14_5_S1,TGTAGAACGCGT,5021,288.7,extrapolated
E14.5,E14_5_S1,TGTAGAACGCGT,5133,290.3,extrapolated
E14.5,E14_5_S1,TGTAGAACGCGT,5245,291.85,extrapolated
E14.5,E14_5_S1,TGTAGAACGCGT,5357,293.34,extrapolated
E14.5,E14_5_S1,TGTAGAACGCGT,5469,294.76,extrapolated
E14.5,E14_5_S1,TGTAGAACGCGT,5582,296.14,extrapolated
E14.5,E14_5_S1,TGTAGAACGCGT,5694,297.46,extrapolated
E14.5,E14_5_S1,TGTAGAACGCGT,5806,298.72,extrapolated
E14.5,E14_5_S1,TGTAGAACGCGT,5918,299.94,extrapolated
E14.5,E14_5_S1,TGTAGAACGCGT,6030,301.1,extrapolated
E14.5,E14_5_S1,TGTAGAACGCGT,6143,302.24,extrapolated
E14.5,E14_5_S1,TGTAGAACGCGT,6255,303.31,extrapolated
E14.5,E14_5_S1,TGTAGAACGCGT,6367,304.35,extrapolated
E14.5,E14_5_S1,TGTAGAACGCGT,6479,305.34,extrapolated
E14.5,E14_5_S1,TGTAGAACGCGT,6591,306.29,extrapolated
E14.5,E14_5_S1,TGTAGAACGCGT,6704,307.22,extrapolated
E14.5,E14_5_S1,TGTAGAACGCGT,6816,308.1,extrapolated
E14.5,E14_5_S1,TGTAGAACGCGT,6928,308.94,extrapolated
E14.5,E14_5_S1,TGTAGAACGCGT,7040,309.76,extrapolated
E14.5,E14_5_S1,TGTAGAACGCGT,7152,310.54,extrapolated
E14.5,E14_5_S1,TGTAGAACGCGT,7265,311.29,extrapolated
E14.5,E14_5_S1,TGTAGAACGCGT,7377,312.01,extrapolated
E14.5,E14_5_S1,TGTAGAACGCGT,7489,312.71,extrapolated
E14.5,E14_5_S1,TGTAGAACGCGT,7601,313.37,extrapolated
E14.5,E14_5_S1,TGTAGAACGCGT,7713,314.01,extrapolated
E14.5,E14_5_S1,TGTAGAACGCGT,7826,314.63,extrapolated
E14.5,E14_5_S1,TGTAGAACGCGT,7938,315.22,extrapolated
E14.5,E14_5_S1,TGTAGAACGCGT,8050,315.78,extrapolated
E14.5,E14_5_S1,TGTAGAACGCGT,8162,316.33,extrapolated
E14.5,E14_5_S1,TGTAGAACGCGT,8275,316.85,extrapolated
E14.5,E14_5_S1,AAGGTAAACCTC,1,1.0,observed
E14.5,E14_5_S1,AAGGTAAACCTC,44,25.94,observed
E14.5,E14_5_S1,AAGGTAAACCTC,87,39.62,observed
E14.5,E14_5_S1,AAGGTAAACCTC,131,49.74,observed
E14.5,E14_5_S1,AAGGTAAACCTC,174,57.58,observed
E14.5,E14_5_S1,AAGGTAAACCTC,217,64.18,observed
E14.5,E14_5_S1,AAGGTAAACCTC,261,70.03,observed
E14.5,E14_5_S1,AAGGTAAACCTC,304,75.14,observed
E14.5,E14_5_S1,AAGGTAAACCTC,347,79.78,observed
E14.5,E14_5_S1,AAGGTAAACCTC,391,84.17,observed
E14.5,E14_5_S1,AAGGTAAACCTC,434,88.16,observed
E14.5,E14_5_S1,AAGGTAAACCTC,477,91.93,observed
E14.5,E14_5_S1,AAGGTAAACCTC,521,95.59,observed
E14.5,E14_5_S1,AAGGTAAACCTC,564,99.0,observed
E14.5,E14_5_S1,AAGGTAAACCTC,608,102.35,observed
E14.5,E14_5_S1,AAGGTAAACCTC,651,105.5,observed
E14.5,E14_5_S1,AAGGTAAACCTC,694,108.56,observed
E14.5,E14_5_S1,AAGGTAAACCTC,738,111.58,observed
E14.5,E14_5_S1,AAGGTAAACCTC,781,114.46,observed
E14.5,E14_5_S1,AAGGTAAACCTC,824,117.27,observed
E14.5,E14_5_S1,AAGGTAAACCTC,868,120.07,observed
E14.5,E14_5_S1,AAGGTAAACCTC,911,122.75,observed
E14.5,E14_5_S1,AAGGTAAACCTC,954,125.37,observed
E14.5,E14_5_S1,AAGGTAAACCTC,998,128.0,observed
E14.5,E14_5_S1,AAGGTAAACCTC,1041,130.53,observed
E14.5,E14_5_S1,AAGGTAAACCTC,1084,133.01,observed
E14.5,E14_5_S1,AAGGTAAACCTC,1128,135.52,observed
E14.5,E14_5_S1,AAGGTAAACCTC,1171,137.93,observed
E14.5,E14_5_S1,AAGGTAAACCTC,1215,140.36,observed
E14.5,E14_5_S1,AAGGTAAACCTC,1258,142.7,observed
E14.5,E14_5_S1,AAGGTAAACCTC,1301,145.02,observed
E14.5,E14_5_S1,AAGGTAAACCTC,1345,147.36,observed
E14.5,E14_5_S1,AAGGTAAACCTC,1388,149.62,observed
E14.5,E14_5_S1,AAGGTAAACCTC,1431,151.86,observed
E14.5,E14_5_S1,AAGGTAAACCTC,1475,154.13,observed
E14.5,E14_5_S1,AAGGTAAACCTC,1518,156.32,observed
E14.5,E14_5_S1,AAGGTAAACCTC,1561,158.49,observed
E14.5,E14_5_S1,AAGGTAAACCTC,1605,160.7,observed
E14.5,E14_5_S1,AAGGTAAACCTC,1648,162.83,observed
E14.5,E14_5_S1,AAGGTAAACCTC,1692,165.0,observed
E14.5,E14_5_S1,AAGGTAAACCTC,1806,170.53,extrapolated
E14.5,E14_5_S1,AAGGTAAACCTC,1921,176.0,extrapolated
E14.5,E14_5_S1,AAGGTAAACCTC,2036,181.35,extrapolated
E14.5,E14_5_S1,AAGGTAAACCTC,2150,186.54,extrapolated
E14.5,E14_5_S1,AAGGTAAACCTC,2265,191.67,extrapolated
E14.5,E14_5_S1,AAGGTAAACCTC,2380,196.68,extrapolated
E14.5,E14_5_S1,AAGGTAAACCTC,2494,201.56,extrapolated
E14.5,E14_5_S1,AAGGTAAACCTC,2609,206.37,extrapolated
E14.5,E14_5_S1,AAGGTAAACCTC,2724,211.08,extrapolated
E14.5,E14_5_S1,AAGGTAAACCTC,2839,215.69,extrapolated
E14.5,E14_5_S1,AAGGTAAACCTC,2953,220.16,extrapolated
E14.5,E14_5_S1,AAGGTAAACCTC,3068,224.58,extrapolated
E14.5,E14_5_S1,AAGGTAAACCTC,3183,228.9,extrapolated
E14.5,E14_5_S1,AAGGTAAACCTC,3297,233.1,extrapolated
E14.5,E14_5_S1,AAGGTAAACCTC,3412,237.25,extrapolated
E14.5,E14_5_S1,AAGGTAAACCTC,3527,241.31,extrapolated
E14.5,E14_5_S1,AAGGTAAACCTC,3642,245.28,extrapolated
E14.5,E14_5_S1,AAGGTAAACCTC,3756,249.13,extrapolated
E14.5,E14_5_S1,AAGGTAAACCTC,3871,252.94,extrapolated
E14.5,E14_5_S1,AAGGTAAACCTC,3986,256.67,extrapolated
E14.5,E14_5_S1,AAGGTAAACCTC,4100,260.29,extrapolated
E14.5,E14_5_S1,AAGGTAAACCTC,4215,263.86,extrapolated
E14.5,E14_5_S1,AAGGTAAACCTC,4330,267.36,extrapolated
E14.5,E14_5_S1,AAGGTAAACCTC,4445,270.78,extrapolated
E14.5,E14_5_S1,AAGGTAAACCTC,4559,274.1,extrapolated
E14.5,E14_5_S1,AAGGTAAACCTC,4674,277.39,extrapolated
E14.5,E14_5_S1,AAGGTAAACCTC,4789,280.6,extrapolated
E14.5,E14_5_S1,AAGGTAAACCTC,4903,283.72,extrapolated
E14.5,E14_5_S1,AAGGTAAACCTC,5018,286.79,extrapolated
E14.5,E14_5_S1,AAGGTAAACCTC,5133,289.81,extrapolated
E14.5,E14_5_S1,AAGGTAAACCTC,5248,292.76,extrapolated
E14.5,E14_5_S1,AAGGTAAACCTC,5362,295.62,extrapolated
E14.5,E14_5_S1,AAGGTAAACCTC,5477,298.45,extrapolated
E14.5,E14_5_S1,AAGGTAAACCTC,5592,301.22,extrapolated
E14.5,E14_5_S1,AAGGTAAACCTC,5706,303.91,extrapolated
E14.5,E14_5_S1,AAGGTAAACCTC,5821,306.56,extrapolated
E14.5,E14_5_S1,AAGGTAAACCTC,5936,309.16,extrapolated
E14.5,E14_5_S1,AAGGTAAACCTC,6051,311.7,extrapolated
E14.5,E14_5_S1,AAGGTAAACCTC,6165,314.17,extrapolated
E14.5,E14_5_S1,AAGGTAAACCTC,6280,316.6,extrapolated
E14.5,E14_5_S1,AAGGTAAACCTC,6395,318.99,extrapolated
E14.5,E14_5_S1,AAGGTAAACCTC,6509,321.31,extrapolated
E14.5,E14_5_S1,AAGGTAAACCTC,6624,323.59,extrapolated
E14.5,E14_5_S1,AAGGTAAACCTC,6739,325.83,extrapolated
E14.5,E14_5_S1,AAGGTAAACCTC,6854,328.02,extrapolated
E14.5,E14_5_S1,AAGGTAAACCTC,6968,330.15,extrapolated
E14.5,E14_5_S1,AAGGTAAACCTC,7083,332.25,extrapolated
E14.5,E14_5_S1,AAGGTAAACCTC,7198,334.31,extrapolated
E14.5,E14_5_S1,AAGGTAAACCTC,7312,336.3,extrapolated
E14.5,E14_5_S1,AAGGTAAACCTC,7427,338.27,extrapolated
E14.5,E14_5_S1,AAGGTAAACCTC,7542,340.2,extrapolated
E14.5,E14_5_S1,AAGGTAAACCTC,7657,342.09,extrapolated
E14.5,E14_5_S1,AAGGTAAACCTC,7771,343.92,extrapolated
E14.5,E14_5_S1,AAGGTAAACCTC,7886,345.73,extrapolated
E14.5,E14_5_S1,AAGGTAAACCTC,8001,347.5,extrapolated
E14.5,E14_5_S1,AAGGTAAACCTC,8115,349.22,extrapolated
E14.5,E14_5_S1,AAGGTAAACCTC,8230,350.92,extrapolated
E14.5,E14_5_S1,AAGGTAAACCTC,8345,352.58,extrapolated
E14.5,E14_5_S1,AAGGTAAACCTC,8460,354.21,extrapolated
E14.5,E14_5_S1,GTTCAAACGTGA,1,1.0,observed
E14.5,E14_5_S1,GTTCAAACGTGA,35,19.94,observed
E14.5,E14_5_S1,GTTCAAACGTGA,69,29.22,observed
E14.5,E14_5_S1,GTTCAAACGTGA,103,35.21,observed
E14.5,E14_5_S1,GTTCAAACGTGA,137,39.63,observed
E14.5,E14_5_S1,GTTCAAACGTGA,171,43.18,observed
E14.5,E14_5_S1,GTTCAAACGTGA,205,46.19,observed
E14.5,E14_5_S1,GTTCAAACGTGA,240,48.9,observed
E14.5,E14_5_S1,GTTCAAACGTGA,274,51.27,observed
E14.5,E14_5_S1,GTTCAAACGTGA,308,53.44,observed
E14.5,E14_5_S1,GTTCAAACGTGA,342,55.45,observed
E14.5,E14_5_S1,GTTCAAACGTGA,376,57.33,observed
E14.5,E14_5_S1,GTTCAAACGTGA,410,59.11,observed
E14.5,E14_5_S1,GTTCAAACGTGA,445,60.85,observed
E14.5,E14_5_S1,GTTCAAACGTGA,479,62.46,observed
E14.5,E14_5_S1,GTTCAAACGTGA,513,64.01,observed
E14.5,E14_5_S1,GTTCAAACGTGA,547,65.51,observed
E14.5,E14_5_S1,GTTCAAACGTGA,581,66.95,observed
E14.5,E14_5_S1,GTTCAAACGTGA,615,68.35,observed
E14.5,E14_5_S1,GTTCAAACGTGA,649,69.71,observed
E14.5,E14_5_S1,GTTCAAACGTGA,684,71.07,observed
E14.5,E14_5_S1,GTTCAAACGTGA,718,72.36,observed
E14.5,E14_5_S1,GTTCAAACGTGA,752,73.62,observed
E14.5,E14_5_S1,GTTCAAACGTGA,786,74.85,observed
E14.5,E14_5_S1,GTTCAAACGTGA,820,76.06,observed
E14.5,E14_5_S1,GTTCAAACGTGA,854,77.24,observed
E14.5,E14_5_S1,GTTCAAACGTGA,889,78.44,observed
E14.5,E14_5_S1,GTTCAAACGTGA,923,79.58,observed
E14.5,E14_5_S1,GTTCAAACGTGA,957,80.7,observed
E14.5,E14_5_S1,GTTCAAACGTGA,991,81.8,observed
E14.5,E14_5_S1,GTTCAAACGTGA,1025,82.88,observed
E14.5,E14_5_S1,GTTCAAACGTGA,1059,83.95,observed
E14.5,E14_5_S1,GTTCAAACGTGA,1093,85.0,observed
E14.5,E14_5_S1,GTTCAAACGTGA,1128,86.06,observed
E14.5,E14_5_S1,GTTCAAACGTGA,1162,87.08,observed
E14.5,E14_5_S1,GTTCAAACGTGA,1196,88.09,observed
E14.5,E14_5_S1,GTTCAAACGTGA,1230,89.08,observed
E14.5,E14_5_S1,GTTCAAACGTGA,1264,90.06,observed
E14.5,E14_5_S1,GTTCAAACGTGA,1298,91.02,observed
E14.5,E14_5_S1,GTTCAAACGTGA,1333,92.0,observed
E14.5,E14_5_S1,GTTCAAACGTGA,1423,94.45,extrapolated
E14.5,E14_5_S1,GTTCAAACGTGA,1513,96.82,extrapolated
E14.5,E14_5_S1,GTTCAAACGTGA,1604,99.12,extrapolated
E14.5,E14_5_S1,GTTCAAACGTGA,1694,101.32,extrapolated
E14.5,E14_5_S1,GTTCAAACGTGA,1784,103.44,extrapolated
E14.5,E14_5_S1,GTTCAAACGTGA,1875,105.5,extrapolated
E14.5,E14_5_S1,GTTCAAACGTGA,1965,107.47,extrapolated
E14.5,E14_5_S1,GTTCAAACGTGA,2055,109.37,extrapolated
E14.5,E14_5_S1,GTTCAAACGTGA,2146,111.22,extrapolated
E14.5,E14_5_S1,GTTCAAACGTGA,2236,112.98,extrapolated
E14.5,E14_5_S1,GTTCAAACGTGA,2327,114.7,extrapolated
E14.5,E14_5_S1,GTTCAAACGTGA,2417,116.34,extrapolated
E14.5,E14_5_S1,GTTCAAACGTGA,2507,117.92,extrapolated
E14.5,E14_5_S1,GTTCAAACGTGA,2598,119.46,extrapolated
E14.5,E14_5_S1,GTTCAAACGTGA,2688,120.93,extrapolated
E14.5,E14_5_S1,GTTCAAACGTGA,2778,122.34,extrapolated
E14.5,E14_5_S1,GTTCAAACGTGA,2869,123.72,extrapolated
E14.5,E14_5_S1,GTTCAAACGTGA,2959,125.04,extrapolated
E14.5,E14_5_S1,GTTCAAACGTGA,3050,126.32,extrapolated
E14.5,E14_5_S1,GTTCAAACGTGA,3140,127.54,extrapolated
E14.5,E14_5_S1,GTTCAAACGTGA,3230,128.72,extrapolated
E14.5,E14_5_S1,GTTCAAACGTGA,3321,129.87,extrapolated
E14.5,E14_5_S1,GTTCAAACGTGA,3411,130.96,extrapolated
E14.5,E14_5_S1,GTTCAAACGTGA,3501,132.02,extrapolated
E14.5,E14_5_S1,GTTCAAACGTGA,3592,133.05,extrapolated
E14.5,E14_5_S1,GTTCAAACGTGA,3682,134.03,extrapolated
E14.5,E14_5_S1,GTTCAAACGTGA,3773,134.98,extrapolated
E14.5,E14_5_S1,GTTCAAACGTGA,3863,135.89,extrapolated
E14.5,E14_5_S1,GTTCAAACGTGA,3953,136.77,extrapolated
E14.5,E14_5_S1,GTTCAAACGTGA,4044,137.63,extrapolated
E14.5,E14_5_S1,GTTCAAACGTGA,4134,138.45,extrapolated
E14.5,E14_5_S1,GTTCAAACGTGA,4224,139.23,extrapolated
E14.5,E14_5_S1,GTTCAAACGTGA,4315,140.0,extrapolated
E14.5,E14_5_S1,GTTCAAACGTGA,4405,140.73,extrapolated
E14.5,E14_5_S1,GTTCAAACGTGA,4496,141.44,extrapolated
E14.5,E14_5_S1,GTTCAAACGTGA,4586,142.12,extrapolated
E14.5,E14_5_S1,GTTCAAACGTGA,4676,142.78,extrapolated
E14.5,E14_5_S1,GTTCAAACGTGA,4767,143.42,extrapolated
E14.5,E14_5_S1,GTTCAAACGTGA,4857,144.03,extrapolated
E14.5,E14_5_S1,GTTCAAACGTGA,4947,144.61,extrapolated
E14.5,E14_5_S1,GTTCAAACGTGA,5038,145.19,extrapolated
E14.5,E14_5_S1,GTTCAAACGTGA,5128,145.73,extrapolated
E14.5,E14_5_S1,GTTCAAACGTGA,5219,146.26,extrapolated
E14.5,E14_5_S1,GTTCAAACGTGA,5309,146.77,extrapolated
E14.5,E14_5_S1,GTTCAAACGTGA,5399,147.26,extrapolated
E14.5,E14_5_S1,GTTCAAACGTGA,5490,147.73,extrapolated
E14.5,E14_5_S1,GTTCAAACGTGA,5580,148.19,extrapolated
E14.5,E14_5_S1,GTTCAAACGTGA,5670,148.63,extrapolated
E14.5,E14_5_S1,GTTCAAACGTGA,5761,149.05,extrapolated
E14.5,E14_5_S1,GTTCAAACGTGA,5851,149.46,extrapolated
E14.5,E14_5_S1,GTTCAAACGTGA,5942,149.86,extrapolated
E14.5,E14_5_S1,GTTCAAACGTGA,6032,150.23,extrapolated
E14.5,E14_5_S1,GTTCAAACGTGA,6122,150.6,extrapolated
E14.5,E14_5_S1,GTTCAAACGTGA,6213,150.95,extrapolated
E14.5,E14_5_S1,GTTCAAACGTGA,6303,151.29,extrapolated
E14.5,E14_5_S1,GTTCAAACGTGA,6393,151.62,extrapolated
E14.5,E14_5_S1,GTTCAAACGTGA,6484,151.94,extrapolated
E14.5,E14_5_S1,GTTCAAACGTGA,6574,152.24,extrapolated
E14.5,E14_5_S1,GTTCAAACGTGA,6665,152.54,extrapolated
E14.5,E14_5_S1,GCCACAATTCGG,1,1.0,observed
E14.5,E14_5_S1,GCCACAATTCGG,28,22.7,observed
E14.5,E14_5_S1,GCCACAATTCGG,56,38.71,observed
E14.5,E14_5_S1,GCCACAATTCGG,83,50.93,observed
E14.5,E14_5_S1,GCCACAATTCGG,111,61.61,observed
E14.5,E14_5_S1,GCCACAATTCGG,138,70.62,observed
E14.5,E14_5_S1,GCCACAATTCGG,166,78.98,observed
E14.5,E14_5_S1,GCCACAATTCGG,193,86.31,observed
E14.5,E14_5_S1,GCCACAATTCGG,221,93.32,observed
E14.5,E14_5_S1,GCCACAATTCGG,248,99.6,observed
E14.5,E14_5_S1,GCCACAATTCGG,276,105.69,observed
E14.5,E14_5_S1,GCCACAATTCGG,303,111.22,observed
E14.5,E14_5_S1,GCCACAATTCGG,331,116.64,observed
E14.5,E14_5_S1,GCCACAATTCGG,358,121.6,observed
E14.5,E14_5_S1,GCCACAATTCGG,386,126.5,observed
E14.5,E14_5_S1,GCCACAATTCGG,413,131.02,observed
E14.5,E14_5_S1,GCCACAATTCGG,441,135.51,observed
E14.5,E14_5_S1,GCCACAATTCGG,468,139.66,observed
E14.5,E14_5_S1,GCCACAATTCGG,496,143.8,observed
E14.5,E14_5_S1,GCCACAATTCGG,523,147.65,observed
E14.5,E14_5_S1,GCCACAATTCGG,551,151.5,observed
E14.5,E14_5_S1,GCCACAATTCGG,578,155.08,observed
E14.5,E14_5_S1,GCCACAATTCGG,606,158.68,observed
E14.5,E14_5_S1,GCCACAATTCGG,633,162.04,observed
E14.5,E14_5_S1,GCCACAATTCGG,661,165.42,observed
E14.5,E14_5_S1,GCCACAATTCGG,688,168.59,observed
E14.5,E14_5_S1,GCCACAATTCGG,716,171.78,observed
E14.5,E14_5_S1,GCCACAATTCGG,743,174.76,observed
E14.5,E14_5_S1,GCCACAATTCGG,771,177.78,observed
E14.5,E14_5_S1,GCCACAATTCGG,798,180.61,observed
E14.5,E14_5_S1,GCCACAATTCGG,826,183.48,observed
E14.5,E14_5_S1,GCCACAATTCGG,853,186.17,observed
E14.5,E14_5_S1,GCCACAATTCGG,881,188.89,observed
E14.5,E14_5_S1,GCCACAATTCGG,908,191.45,observed
E14.5,E14_5_S1,GCCACAATTCGG,936,194.05,observed
E14.5,E14_5_S1,GCCACAATTCGG,963,196.49,observed
E14.5,E14_5_S1,GCCACAATTCGG,991,198.97,observed
E14.5,E14_5_S1,GCCACAATTCGG,1018,201.31,observed
E14.5,E14_5_S1,GCCACAATTCGG,1046,203.68,observed
E14.5,E14_5_S1,GCCACAATTCGG,1074,206.0,observed
E14.5,E14_5_S1,GCCACAATTCGG,1146,211.73,extrapolated
E14.5,E14_5_S1,GCCACAATTCGG,1219,217.23,extrapolated
E14.5,E14_5_S1,GCCACAATTCGG,1292,222.41,extrapolated
E14.5,E14_5_S1,GCCACAATTCGG,1365,227.31,extrapolated
E14.5,E14_5_S1,GCCACAATTCGG,1438,231.94,extrapolated
E14.5,E14_5_S1,GCCACAATTCGG,1510,236.25,extrapolated
E14.5,E14_5_S1,GCCACAATTCGG,1583,240.38,extrapolated
E14.5,E14_5_S1,GCCACAATTCGG,1656,244.28,extrapolated
E14.5,E14_5_S1,GCCACAATTCGG,1729,247.96,extrapolated
E14.5,E14_5_S1,GCCACAATTCGG,1802,251.44,extrapolated
E14.5,E14_5_S1,GCCACAATTCGG,1874,254.68,extrapolated
E14.5,E14_5_S1,GCCACAATTCGG,1947,257.79,extrapolated
E14.5,E14_5_S1,GCCACAATTCGG,2020,260.72,extrapolated
E14.5,E14_5_S1,GCCACAATTCGG,2093,263.49,extrapolated
E14.5,E14_5_S1,GCCACAATTCGG,2166,266.11,extrapolated
E14.5,E14_5_S1,GCCACAATTCGG,2239,268.58,extrapolated
E14.5,E14_5_S1,GCCACAATTCGG,2311,270.88,extrapolated
E14.5,E14_5_S1,GCCACAATTCGG,2384,273.09,extrapolated
E14.5,E14_5_S1,GCCACAATTCGG,2457,275.17,extrapolated
E14.5,E14_5_S1,GCCACAATTCGG,2530,277.13,extrapolated
E14.5,E14_5_S1,GCCACAATTCGG,2603,278.99,extrapolated
E14.5,E14_5_S1,GCCACAATTCGG,2675,280.72,extrapolated
E14.5,E14_5_S1,GCCACAATTCGG,2748,282.38,extrapolated
E14.5,E14_5_S1,GCCACAATTCGG,2821,283.95,extrapolated
E14.5,E14_5_S1,GCCACAATTCGG,2894,285.43,extrapolated
E14.5,E14_5_S1,GCCACAATTCGG,2967,286.82,extrapolated
E14.5,E14_5_S1,GCCACAATTCGG,3039,288.12,extrapolated
E14.5,E14_5_S1,GCCACAATTCGG,3112,289.37,extrapolated
E14.5,E14_5_S1,GCCACAATTCGG,3185,290.55,extrapolated
E14.5,E14_5_S1,GCCACAATTCGG,3258,291.66,extrapolated
E14.5,E14_5_S1,GCCACAATTCGG,3331,292.71,extrapolated
E14.5,E14_5_S1,GCCACAATTCGG,3404,293.7,extrapolated
E14.5,E14_5_S1,GCCACAATTCGG,3476,294.62,extrapolated
E14.5,E14_5_S1,GCCACAATTCGG,3549,295.51,extrapolated
E14.5,E14_5_S1,GCCACAATTCGG,3622,296.35,extrapolated
E14.5,E14_5_S1,GCCACAATTCGG,3695,297.14,extrapolated
E14.5,E14_5_S1,GCCACAATTCGG,3768,297.88,extrapolated
E14.5,E14_5_S1,GCCACAATTCGG,3840,298.58,extrapolated
E14.5,E14_5_S1,GCCACAATTCGG,3913,299.24,extrapolated
E14.5,E14_5_S1,GCCACAATTCGG,3986,299.87,extrapolated
E14.5,E14_5_S1,GCCACAATTCGG,4059,300.46,extrapolated
E14.5,E14_5_S1,GCCACAATTCGG,4132,301.02,extrapolated
E14.5,E14_5_S1,GCCACAATTCGG,4204,301.55,extrapolated
E14.5,E14_5_S1,GCCACAATTCGG,4277,302.05,extrapolated
E14.5,E14_5_S1,GCCACAATTCGG,4350,302.52,extrapolated
E14.5,E14_5_S1,GCCACAATTCGG,4423,302.97,extrapolated
E14.5,E14_5_S1,GCCACAATTCGG,4496,303.39,extrapolated
E14.5,E14_5_S1,GCCACAATTCGG,4569,303.79,extrapolated
E14.5,E14_5_S1,GCCACAATTCGG,4641,304.16,extrapolated
E14.5,E14_5_S1,GCCACAATTCGG,4714,304.51,extrapolated
E14.5,E14_5_S1,GCCACAATTCGG,4787,304.85,extrapolated
E14.5,E14_5_S1,GCCACAATTCGG,4860,305.17,extrapolated
E14.5,E14_5_S1,GCCACAATTCGG,4933,305.46,extrapolated
E14.5,E14_5_S1,GCCACAATTCGG,5005,305.74,extrapolated
E14.5,E14_5_S1,GCCACAATTCGG,5078,306.01,extrapolated
E14.5,E14_5_S1,GCCACAATTCGG,5151,306.26,extrapolated
E14.5,E14_5_S1,GCCACAATTCGG,5224,306.5,extrapolated
E14.5,E14_5_S1,GCCACAATTCGG,5297,306.73,extrapolated
E14.5,E14_5_S1,GCCACAATTCGG,5370,306.94,extrapolated
E14.5,E14_5_S1,CTTCCAAAAACT,1,1.0,observed
E14.5,E14_5_S1,CTTCCAAAAACT,29,22.35,observed
E14.5,E14_5_S1,CTTCCAAAAACT,57,36.55,observed
E14.5,E14_5_S1,CTTCCAAAAACT,85,47.42,observed
E14.5,E14_5_S1,CTTCCAAAAACT,114,56.69,observed
E14.5,E14_5_S1,CTTCCAAAAACT,142,64.39,observed
E14.5,E14_5_S1,CTTCCAAAAACT,170,71.2,observed
E14.5,E14_5_S1,CTTCCAAAAACT,199,77.55,observed
E14.5,E14_5_S1,CTTCCAAAAACT,227,83.15,observed
E14.5,E14_5_S1,CTTCCAAAAACT,255,88.32,observed
E14.5,E14_5_S1,CTTCCAAAAACT,284,93.31,observed
E14.5,E14_5_S1,CTTCCAAAAACT,312,97.81,observed
E14.5,E14_5_S1,CTTCCAAAAACT,340,102.06,observed
E14.5,E14_5_S1,CTTCCAAAAACT,369,106.24,observed
E14.5,E14_5_S1,CTTCCAAAAACT,397,110.07,observed
E14.5,E14_5_S1,CTTCCAAAAACT,425,113.73,observed
E14.5,E14_5_S1,CTTCCAAAAACT,453,117.24,observed
E14.5,E14_5_S1,CTTCCAAAAACT,482,120.73,observed
E14.5,E14_5_S1,CTTCCAAAAACT,510,123.98,observed
E14.5,E14_5_S1,CTTCCAAAAACT,538,127.13,observed
E14.5,E14_5_S1,CTTCCAAAAACT,567,130.27,observed
E14.5,E14_5_S1,CTTCCAAAAACT,595,133.22,observed
E14.5,E14_5_S1,CTTCCAAAAACT,623,136.08,observed
E14.5,E14_5_S1,CTTCCAAAAACT,652,138.97,observed
E14.5,E14_5_S1,CTTCCAAAAACT,680,141.68,observed
E14.5,E14_5_S1,CTTCCAAAAACT,708,144.33,observed
E14.5,E14_5_S1,CTTCCAAAAACT,737,147.01,observed
E14.5,E14_5_S1,CTTCCAAAAACT,765,149.55,observed
E14.5,E14_5_S1,CTTCCAAAAACT,793,152.02,observed
E14.5,E14_5_S1,CTTCCAAAAACT,821,154.45,observed
E14.5,E14_5_S1,CTTCCAAAAACT,850,156.92,observed
E14.5,E14_5_S1,CTTCCAAAAACT,878,159.27,observed
E14.5,E14_5_S1,CTTCCAAAAACT,906,161.57,observed
E14.5,E14_5_S1,CTTCCAAAAACT,935,163.91,observed
E14.5,E14_5_S1,CTTCCAAAAACT,963,166.14,observed
E14.5,E14_5_S1,CTTCCAAAAACT,991,168.34,observed
E14.5,E14_5_S1,CTTCCAAAAACT,1020,170.58,observed
E14.5,E14_5_S1,CTTCCAAAAACT,1048,172.72,observed
E14.5,E14_5_S1,CTTCCAAAAACT,1076,174.84,observed
E14.5,E14_5_S1,CTTCCAAAAACT,1105,177.0,observed
E14.5,E14_5_S1,CTTCCAAAAACT,1179,182.41,extrapolated
E14.5,E14_5_S1,CTTCCAAAAACT,1254,187.75,extrapolated
E14.5,E14_5_S1,CTTCCAAAAACT,1329,192.94,extrapolated
E14.5,E14_5_S1,CTTCCAAAAACT,1404,197.98,extrapolated
E14.5,E14_5_S1,CTTCCAAAAACT,1479,202.89,extrapolated
E14.5,E14_5_S1,CTTCCAAAAACT,1554,207.66,extrapolated
E14.5,E14_5_S1,CTTCCAAAAACT,1629,212.29,extrapolated
E14.5,E14_5_S1,CTTCCAAAAACT,1704,216.8,extrapolated
E14.5,E14_5_S1,CTTCCAAAAACT,1779,221.18,extrapolated
E14.5,E14_5_S1,CTTCCAAAAACT,1854,225.44,extrapolated
E14.5,E14_5_S1,CTTCCAAAAACT,1929,229.58,extrapolated
E14.5,E14_5_S1,CTTCCAAAAACT,2003,233.56,extrapolated
E14.5,E14_5_S1,CTTCCAAAAACT,2078,237.47,extrapolated
E14.5,E14_5_S1,CTTCCAAAAACT,2153,241.28,extrapolated
E14.5,E14_5_S1,CTTCCAAAAACT,2228,244.98,extrapolated
E14.5,E14_5_S1,CTTCCAAAAACT,2303,248.58,extrapolated
E14.5,E14_5_S1,CTTCCAAAAACT,2378,252.08,extrapolated
E14.5,E14_5_S1,CTTCCAAAAACT,2453,255.48,extrapolated
E14.5,E14_5_S1,CTTCCAAAAACT,2528,258.79,extrapolated
E14.5,E14_5_S1,CTTCCAAAAACT,2603,262.01,extrapolated
E14.5,E14_5_S1,CTTCCAAAAACT,2678,265.13,extrapolated
E14.5,E14_5_S1,CTTCCAAAAACT,2753,268.17,extrapolated
E14.5,E14_5_S1,CTTCCAAAAACT,2828,271.13,extrapolated
E14.5,E14_5_S1,CTTCCAAAAACT,2902,273.96,extrapolated
E14.5,E14_5_S1,CTTCCAAAAACT,2977,276.76,extrapolated
E14.5,E14_5_S1,CTTCCAAAAACT,3052,279.47,extrapolated
E14.5,E14_5_S1,CTTCCAAAAACT,3127,282.11,extrapolated
E14.5,E14_5_S1,CTTCCAAAAACT,3202,284.68,extrapolated
E14.5,E14_5_S1,CTTCCAAAAACT,3277,287.18,extrapolated
E14.5,E14_5_S1,CTTCCAAAAACT,3352,289.61,extrapolated
E14.5,E14_5_S1,CTTCCAAAAACT,3427,291.97,extrapolated
E14.5,E14_5_S1,CTTCCAAAAACT,3502,294.26,extrapolated
E14.5,E14_5_S1,CTTCCAAAAACT,3577,296.49,extrapolated
E14.5,E14_5_S1,CTTCCAAAAACT,3652,298.66,extrapolated
E14.5,E14_5_S1,CTTCCAAAAACT,3727,300.77,extrapolated
E14.5,E14_5_S1,CTTCCAAAAACT,3801,302.79,extrapolated
E14.5,E14_5_S1,CTTCCAAAAACT,3876,304.78,extrapolated
E14.5,E14_5_S1,CTTCCAAAAACT,3951,306.72,extrapolated
E14.5,E14_5_S1,CTTCCAAAAACT,4026,308.61,extrapolated
E14.5,E14_5_S1,CTTCCAAAAACT,4101,310.44,extrapolated
E14.5,E14_5_S1,CTTCCAAAAACT,4176,312.22,extrapolated
E14.5,E14_5_S1,CTTCCAAAAACT,4251,313.95,extrapolated
E14.5,E14_5_S1,CTTCCAAAAACT,4326,315.64,extrapolated
E14.5,E14_5_S1,CTTCCAAAAACT,4401,317.27,extrapolated
E14.5,E14_5_S1,CTTCCAAAAACT,4476,318.87,extrapolated
E14.5,E14_5_S1,CTTCCAAAAACT,4551,320.41,extrapolated
E14.5,E14_5_S1,CTTCCAAAAACT,4626,321.92,extrapolated
E14.5,E14_5_S1,CTTCCAAAAACT,4700,323.36,extrapolated
E14.5,E14_5_S1,CTTCCAAAAACT,4775,324.78,extrapolated
E14.5,E14_5_S1,CTTCCAAAAACT,4850,326.17,extrapolated
E14.5,E14_5_S1,CTTCCAAAAACT,4925,327.51,extrapolated
E14.5,E14_5_S1,CTTCCAAAAACT,5000,328.82,extrapolated
E14.5,E14_5_S1,CTTCCAAAAACT,5075,330.09,extrapolated
E14.5,E14_5_S1,CTTCCAAAAACT,5150,331.32,extrapolated
E14.5,E14_5_S1,CTTCCAAAAACT,5225,332.53,extrapolated
E14.5,E14_5_S1,CTTCCAAAAACT,5300,333.69,extrapolated
E14.5,E14_5_S1,CTTCCAAAAACT,5375,334.83,extrapolated
E14.5,E14_5_S1,CTTCCAAAAACT,5450,335.93,extrapolated
E14.5,E14_5_S1,CTTCCAAAAACT,5525,337.01,extrapolated
E14.5,E14_5_S1,CATCTAAGCTGA,1,1.0,observed
E14.5,E14_5_S1,CATCTAAGCTGA,30,14.85,observed
E14.5,E14_5_S1,CATCTAAGCTGA,60,21.26,observed
E14.5,E14_5_S1,CATCTAAGCTGA,90,25.2,observed
E14.5,E14_5_S1,CATCTAAGCTGA,119,27.91,observed
E14.5,E14_5_S1,CATCTAAGCTGA,149,30.09,observed
E14.5,E14_5_S1,CATCTAAGCTGA,179,31.88,observed
E14.5,E14_5_S1,CATCTAAGCTGA,208,33.36,observed
E14.5,E14_5_S1,CATCTAAGCTGA,238,34.7,observed
E14.5,E14_5_S1,CATCTAAGCTGA,268,35.9,observed
E14.5,E14_5_S1,CATCTAAGCTGA,297,36.96,observed
E14.5,E14_5_S1,CATCTAAGCTGA,327,37.98,observed
E14.5,E14_5_S1,CATCTAAGCTGA,357,38.92,observed
E14.5,E14_5_S1,CATCTAAGCTGA,387,39.81,observed
E14.5,E14_5_S1,CATCTAAGCTGA,416,40.62,observed
E14.5,E14_5_S1,CATCTAAGCTGA,446,41.42,observed
E14.5,E14_5_S1,CATCTAAGCTGA,476,42.19,observed
E14.5,E14_5_S1,CATCTAAGCTGA,505,42.9,observed
E14.5,E14_5_S1,CATCTAAGCTGA,535,43.61,observed
E14.5,E14_5_S1,CATCTAAGCTGA,565,44.3,observed
E14.5,E14_5_S1,CATCTAAGCTGA,594,44.95,observed
E14.5,E14_5_S1,CATCTAAGCTGA,624,45.59,observed
E14.5,E14_5_S1,CATCTAAGCTGA,654,46.23,observed
E14.5,E14_5_S1,CATCTAAGCTGA,683,46.82,observed
E14.5,E14_5_S1,CATCTAAGCTGA,713,47.42,observed
E14.5,E14_5_S1,CATCTAAGCTGA,743,48.01,observed
E14.5,E14_5_S1,CATCTAAGCTGA,773,48.58,observed
E14.5,E14_5_S1,CATCTAAGCTGA,802,49.12,observed
E14.5,E14_5_S1,CATCTAAGCTGA,832,49.67,observed
E14.5,E14_5_S1,CATCTAAGCTGA,862,50.21,observed
E14.5,E14_5_S1,CATCTAAGCTGA,891,50.72,observed
E14.5,E14_5_S1,CATCTAAGCTGA,921,51.24,observed
E14.5,E14_5_S1,CATCTAAGCTGA,951,51.74,observed
E14.5,E14_5_S1,CATCTAAGCTGA,980,52.22,observed
E14.5,E14_5_S1,CATCTAAGCTGA,1010,52.71,observed
E14.5,E14_5_S1,CATCTAAGCTGA,1040,53.19,observed
E14.5,E14_5_S1,CATCTAAGCTGA,1069,53.64,observed
E14.5,E14_5_S1,CATCTAAGCTGA,1099,54.1,observed
E14.5,E14_5_S1,CATCTAAGCTGA,1129,54.56,observed
E14.5,E14_5_S1,CATCTAAGCTGA,1159,55.0,observed
E14.5,E14_5_S1,CATCTAAGCTGA,1237,56.12,extrapolated
E14.5,E14_5_S1,CATCTAAGCTGA,1316,57.2,extrapolated
E14.5,E14_5_S1,CATCTAAGCTGA,1394,58.21,extrapolated
E14.5,E14_5_S1,CATCTAAGCTGA,1473,59.19,extrapolated
E14.5,E14_5_S1,CATCTAAGCTGA,1551,60.11,extrapolated
E14.5,E14_5_S1,CATCTAAGCTGA,1630,61.0,extrapolated
E14.5,E14_5_S1,CATCTAAGCTGA,1709,61.85,extrapolated
E14.5,E14_5_S1,CATCTAAGCTGA,1787,62.65,extrapolated
E14.5,E14_5_S1,CATCTAAGCTGA,1866,63.42,extrapolated
E14.5,E14_5_S1,CATCTAAGCTGA,1944,64.15,extrapolated
E14.5,E14_5_S1,CATCTAAGCTGA,2023,64.85,extrapolated
E14.5,E14_5_S1,CATCTAAGCTGA,2101,65.51,extrapolated
E14.5,E14_5_S1,CATCTAAGCTGA,2180,66.15,extrapolated
E14.5,E14_5_S1,CATCTAAGCTGA,2259,66.75,extrapolated
E14.5,E14_5_S1,CATCTAAGCTGA,2337,67.32,extrapolated
E14.5,E14_5_S1,CATCTAAGCTGA,2416,67.88,extrapolated
E14.5,E14_5_S1,CATCTAAGCTGA,2494,68.4,extrapolated
E14.5,E14_5_S1,CATCTAAGCTGA,2573,68.9,extrapolated
E14.5,E14_5_S1,CATCTAAGCTGA,2651,69.37,extrapolated
E14.5,E14_5_S1,CATCTAAGCTGA,2730,69.82,extrapolated
E14.5,E14_5_S1,CATCTAAGCTGA,2809,70.26,extrapolated
E14.5,E14_5_S1,CATCTAAGCTGA,2887,70.67,extrapolated
E14.5,E14_5_S1,CATCTAAGCTGA,2966,71.06,extrapolated
E14.5,E14_5_S1,CATCTAAGCTGA,3044,71.43,extrapolated
E14.5,E14_5_S1,CATCTAAGCTGA,3123,71.79,extrapolated
E14.5,E14_5_S1,CATCTAAGCTGA,3201,72.13,extrapolated
E14.5,E14_5_S1,CATCTAAGCTGA,3280,72.46,extrapolated
E14.5,E14_5_S1,CATCTAAGCTGA,3359,72.77,extrapolated
E14.5,E14_5_S1,CATCTAAGCTGA,3437,73.06,extrapolated
E14.5,E14_5_S1,CATCTAAGCTGA,3516,73.34,extrapolated
E14.5,E14_5_S1,CATCTAAGCTGA,3594,73.61,extrapolated
E14.5,E14_5_S1,CATCTAAGCTGA,3673,73.86,extrapolated
E14.5,E14_5_S1,CATCTAAGCTGA,3752,74.11,extrapolated
E14.5,E14_5_S1,CATCTAAGCTGA,3830,74.34,extrapolated
E14.5,E14_5_S1,CATCTAAGCTGA,3909,74.56,extrapolated
E14.5,E14_5_S1,CATCTAAGCTGA,3987,74.77,extrapolated
E14.5,E14_5_S1,CATCTAAGCTGA,4066,74.97,extrapolated
E14.5,E14_5_S1,CATCTAAGCTGA,4144,75.16,extrapolated
E14.5,E14_5_S1,CATCTAAGCTGA,4223,75.34,extrapolated
E14.5,E14_5_S1,CATCTAAGCTGA,4302,75.52,extrapolated
E14.5,E14_5_S1,CATCTAAGCTGA,4380,75.68,extrapolated
E14.5,E14_5_S1,CATCTAAGCTGA,4459,75.84,extrapolated
E14.5,E14_5_S1,CATCTAAGCTGA,4537,75.99,extrapolated
E14.5,E14_5_S1,CATCTAAGCTGA,4616,76.14,extrapolated
E14.5,E14_5_S1,CATCTAAGCTGA,4694,76.27,extrapolated
E14.5,E14_5_S1,CATCTAAGCTGA,4773,76.4,extrapolated
E14.5,E14_5_S1,CATCTAAGCTGA,4852,76.53,extrapolated
E14.5,E14_5_S1,CATCTAAGCTGA,4930,76.65,extrapolated
E14.5,E14_5_S1,CATCTAAGCTGA,5009,76.76,extrapolated
E14.5,E14_5_S1,CATCTAAGCTGA,5087,76.87,extrapolated
E14.5,E14_5_S1,CATCTAAGCTGA,5166,76.97,extrapolated
E14.5,E14_5_S1,CATCTAAGCTGA,5244,77.07,extrapolated
E14.5,E14_5_S1,CATCTAAGCTGA,5323,77.16,extrapolated
E14.5,E14_5_S1,CATCTAAGCTGA,5402,77.25,extrapolated
E14.5,E14_5_S1,CATCTAAGCTGA,5480,77.33,extrapolated
E14.5,E14_5_S1,CATCTAAGCTGA,5559,77.41,extrapolated
E14.5,E14_5_S1,CATCTAAGCTGA,5637,77.49,extrapolated
E14.5,E14_5_S1,CATCTAAGCTGA,5716,77.57,extrapolated
E14.5,E14_5_S1,CATCTAAGCTGA,5795,77.64,extrapolated
E14.5,E14_5_S1,GGTTTAACAGTG,1,1.0,observed
E14.5,E14_5_S1,GGTTTAACAGTG,24,16.98,observed
E14.5,E14_5_S1,GGTTTAACAGTG,48,26.98,observed
E14.5,E14_5_S1,GGTTTAACAGTG,72,34.31,observed
E14.5,E14_5_S1,GGTTTAACAGTG,96,40.25,observed
E14.5,E14_5_S1,GGTTTAACAGTG,120,45.35,observed
E14.5,E14_5_S1,GGTTTAACAGTG,144,49.89,observed
E14.5,E14_5_S1,GGTTTAACAGTG,168,54.04,observed
E14.5,E14_5_S1,GGTTTAACAGTG,192,57.89,observed
E14.5,E14_5_S1,GGTTTAACAGTG,216,61.5,observed
E14.5,E14_5_S1,GGTTTAACAGTG,240,64.91,observed
E14.5,E14_5_S1,GGTTTAACAGTG,264,68.16,observed
E14.5,E14_5_S1,GGTTTAACAGTG,288,71.26,observed
E14.5,E14_5_S1,GGTTTAACAGTG,312,74.23,observed
E14.5,E14_5_S1,GGTTTAACAGTG,336,77.09,observed
E14.5,E14_5_S1,GGTTTAACAGTG,360,79.84,observed
E14.5,E14_5_S1,GGTTTAACAGTG,384,82.49,observed
E14.5,E14_5_S1,GGTTTAACAGTG,408,85.05,observed
E14.5,E14_5_S1,GGTTTAACAGTG,432,87.53,observed
E14.5,E14_5_S1,GGTTTAACAGTG,456,89.93,observed
E14.5,E14_5_S1,GGTTTAACAGTG,480,92.26,observed
E14.5,E14_5_S1,GGTTTAACAGTG,504,94.52,observed
E14.5,E14_5_S1,GGTTTAACAGTG,528,96.72,observed
E14.5,E14_5_S1,GGTTTAACAGTG,552,98.85,observed
E14.5,E14_5_S1,GGTTTAACAGTG,576,100.94,observed
E14.5,E14_5_S1,GGTTTAACAGTG,600,102.96,observed
E14.5,E14_5_S1,GGTTTAACAGTG,624,104.94,observed
E14.5,E14_5_S1,GGTTTAACAGTG,648,106.87,observed
E14.5,E14_5_S1,GGTTTAACAGTG,672,108.76,observed
E14.5,E14_5_S1,GGTTTAACAGTG,696,110.6,observed
E14.5,E14_5_S1,GGTTTAACAGTG,720,112.39,observed
E14.5,E14_5_S1,GGTTTAACAGTG,744,114.15,observed
E14.5,E14_5_S1,GGTTTAACAGTG,768,115.88,observed
E14.5,E14_5_S1,GGTTTAACAGTG,792,117.56,observed
E14.5,E14_5_S1,GGTTTAACAGTG,816,119.21,observed
E14.5,E14_5_S1,GGTTTAACAGTG,840,120.83,observed
E14.5,E14_5_S1,GGTTTAACAGTG,864,122.42,observed
E14.5,E14_5_S1,GGTTTAACAGTG,888,123.97,observed
E14.5,E14_5_S1,GGTTTAACAGTG,912,125.5,observed
E14.5,E14_5_S1,GGTTTAACAGTG,936,127.0,observed
E14.5,E14_5_S1,GGTTTAACAGTG,999,130.81,extrapolated
E14.5,E14_5_S1,GGTTTAACAGTG,1062,134.45,extrapolated
E14.5,E14_5_S1,GGTTTAACAGTG,1126,137.98,extrapolated
E14.5,E14_5_S1,GGTTTAACAGTG,1189,141.3,extrapolated
E14.5,E14_5_S1,GGTTTAACAGTG,1253,144.51,extrapolated
E14.5,E14_5_S1,GGTTTAACAGTG,1316,147.53,extrapolated
E14.5,E14_5_S1,GGTTTAACAGTG,1380,150.45,extrapolated
E14.5,E14_5_S1,GGTTTAACAGTG,1443,153.2,extrapolated
E14.5,E14_5_S1,GGTTTAACAGTG,1507,155.87,extrapolated
E14.5,E14_5_S1,GGTTTAACAGTG,1570,158.37,extrapolated
E14.5,E14_5_S1,GGTTTAACAGTG,1634,160.8,extrapolated
E14.5,E14_5_S1,GGTTTAACAGTG,1697,163.08,extrapolated
E14.5,E14_5_S1,GGTTTAACAGTG,1760,165.25,extrapolated
E14.5,E14_5_S1,GGTTTAACAGTG,1824,167.36,extrapolated
E14.5,E14_5_S1,GGTTTAACAGTG,1887,169.34,extrapolated
E14.5,E14_5_S1,GGTTTAACAGTG,1951,171.26,extrapolated
E14.5,E14_5_S1,GGTTTAACAGTG,2014,173.07,extrapolated
E14.5,E14_5_S1,GGTTTAACAGTG,2078,174.82,extrapolated
E14.5,E14_5_S1,GGTTTAACAGTG,2141,176.46,extrapolated
E14.5,E14_5_S1,GGTTTAACAGTG,2205,178.05,extrapolated
E14.5,E14_5_S1,GGTTTAACAGTG,2268,179.55,extrapolated
E14.5,E14_5_S1,GGTTTAACAGTG,2332,181.0,extrapolated
E14.5,E14_5_S1,GGTTTAACAGTG,2395,182.36,extrapolated
E14.5,E14_5_S1,GGTTTAACAGTG,2458,183.66,extrapolated
E14.5,E14_5_S1,GGTTTAACAGTG,2522,184.92,extrapolated
E14.5,E14_5_S1,GGTTTAACAGTG,2585,186.1,extrapolated
E14.5,E14_5_S1,GGTTTAACAGTG,2649,187.25,extrapolated
E14.5,E14_5_S1,GGTTTAACAGTG,2712,188.33,extrapolated
E14.5,E14_5_S1,GGTTTAACAGTG,2776,189.38,extrapolated
E14.5,E14_5_S1,GGTTTAACAGTG,2839,190.36,extrapolated
E14.5,E14_5_S1,GGTTTAACAGTG,2903,191.31,extrapolated
E14.5,E14_5_S1,GGTTTAACAGTG,2966,192.2,extrapolated
E14.5,E14_5_S1,GGTTTAACAGTG,3030,193.07,extrapolated
E14.5,E14_5_S1,GGTTTAACAGTG,3093,193.89,extrapolated
E14.5,E14_5_S1,GGTTTAACAGTG,3157,194.67,extrapolated
E14.5,E14_5_S1,GGTTTAACAGTG,3220,195.42,extrapolated
E14.5,E14_5_S1,GGTTTAACAGTG,3283,196.12,extrapolated
E14.5,E14_5_S1,GGTTTAACAGTG,3347,196.81,extrapolated
E14.5,E14_5_S1,GGTTTAACAGTG,3410,197.45,extrapolated
E14.5,E14_5_S1,GGTTTAACAGTG,3474,198.08,extrapolated
E14.5,E14_5_S1,GGTTTAACAGTG,3537,198.67,extrapolated
E14.5,E14_5_S1,GGTTTAACAGTG,3601,199.24,extrapolated
E14.5,E14_5_S1,GGTTTAACAGTG,3664,199.77,extrapolated
E14.5,E14_5_S1,GGTTTAACAGTG,3728,200.29,extrapolated
E14.5,E14_5_S1,GGTTTAACAGTG,3791,200.77,extrapolated
E14.5,E14_5_S1,GGTTTAACAGTG,3855,201.25,extrapolated
E14.5,E14_5_S1,GGTTTAACAGTG,3918,201.69,extrapolated
E14.5,E14_5_S1,GGTTTAACAGTG,3981,202.11,extrapolated
E14.5,E14_5_S1,GGTTTAACAGTG,4045,202.52,extrapolated
E14.5,E14_5_S1,GGTTTAACAGTG,4108,202.91,extrapolated
E14.5,E14_5_S1,GGTTTAACAGTG,4172,203.28,extrapolated
E14.5,E14_5_S1,GGTTTAACAGTG,4235,203.63,extrapolated
E14.5,E14_5_S1,GGTTTAACAGTG,4299,203.97,extrapolated
E14.5,E14_5_S1,GGTTTAACAGTG,4362,204.29,extrapolated
E14.5,E14_5_S1,GGTTTAACAGTG,4426,204.6,extrapolated
E14.5,E14_5_S1,GGTTTAACAGTG,4489,204.89,extrapolated
E14.5,E14_5_S1,GGTTTAACAGTG,4553,205.17,extrapolated
E14.5,E14_5_S1,GGTTTAACAGTG,4616,205.44,extrapolated
E14.5,E14_5_S1,GGTTTAACAGTG,4680,205.7,extrapolated
E14.5,E14_5_S1,CACACAATTGGC,1,1.0,observed
E14.5,E14_5_S1,CACACAATTGGC,31,26.22,observed
E14.5,E14_5_S1,CACACAATTGGC,62,45.88,observed
E14.5,E14_5_S1,CACACAATTGGC,92,61.36,observed
E14.5,E14_5_S1,CACACAATTGGC,123,75.0,observed
E14.5,E14_5_S1,CACACAATTGGC,153,86.61,observed
E14.5,E14_5_S1,CACACAATTGGC,184,97.38,observed
E14.5,E14_5_S1,CACACAATTGGC,215,107.18,observed
E14.5,E14_5_S1,CACACAATTGGC,245,115.92,observed
E14.5,E14_5_S1,CACACAATTGGC,276,124.3,observed
E14.5,E14_5_S1,CACACAATTGGC,306,131.89,observed
E14.5,E14_5_S1,CACACAATTGGC,337,139.27,observed
E14.5,E14_5_S1,CACACAATTGGC,368,146.23,observed
E14.5,E14_5_S1,CACACAATTGGC,398,152.62,observed
E14.5,E14_5_S1,CACACAATTGGC,429,158.91,observed
E14.5,E14_5_S1,CACACAATTGGC,459,164.72,observed
E14.5,E14_5_S1,CACACAATTGGC,490,170.46,observed
E14.5,E14_5_S1,CACACAATTGGC,521,175.97,observed
E14.5,E14_5_S1,CACACAATTGGC,551,181.1,observed
E14.5,E14_5_S1,CACACAATTGGC,582,186.2,observed
E14.5,E14_5_S1,CACACAATTGGC,612,190.97,observed
E14.5,E14_5_S1,CACACAATTGGC,643,195.74,observed
E14.5,E14_5_S1,CACACAATTGGC,673,200.21,observed
E14.5,E14_5_S1,CACACAATTGGC,704,204.68,observed
E14.5,E14_5_S1,CACACAATTGGC,735,209.03,observed
E14.5,E14_5_S1,CACACAATTGGC,765,213.12,observed
E14.5,E14_5_S1,CACACAATTGGC,796,217.24,observed
E14.5,E14_5_S1,CACACAATTGGC,826,221.13,observed
E14.5,E14_5_S1,CACACAATTGGC,857,225.05,observed
E14.5,E14_5_S1,CACACAATTGGC,888,228.88,observed
E14.5,E14_5_S1,CACACAATTGGC,918,232.51,observed
E14.5,E14_5_S1,CACACAATTGGC,949,236.18,observed
E14.5,E14_5_S1,CACACAATTGGC,979,239.67,observed
E14.5,E14_5_S1,CACACAATTGGC,1010,243.2,observed
E14.5,E14_5_S1,CACACAATTGGC,1041,246.67,observed
E14.5,E14_5_S1,CACACAATTGGC,1071,249.97,observed
E14.5,E14_5_S1,CACACAATTGGC,1102,253.33,observed
E14.5,E14_5_S1,CACACAATTGGC,1132,256.53,observed
E14.5,E14_5_S1,CACACAATTGGC,1163,259.79,observed
E14.5,E14_5_S1,CACACAATTGGC,1194,263.0,observed
E14.5,E14_5_S1,CACACAATTGGC,1274,271.1,extrapolated
E14.5,E14_5_S1,CACACAATTGGC,1355,279.03,extrapolated
E14.5,E14_5_S1,CACACAATTGGC,1436,286.69,extrapolated
E14.5,E14_5_S1,CACACAATTGGC,1517,294.1,extrapolated
E14.5,E14_5_S1,CACACAATTGGC,1598,301.25,extrapolated
E14.5,E14_5_S1,CACACAATTGGC,1679,308.17,extrapolated
E14.5,E14_5_S1,CACACAATTGGC,1760,314.85,extrapolated
E14.5,E14_5_S1,CACACAATTGGC,1841,321.31,extrapolated
E14.5,E14_5_S1,CACACAATTGGC,1922,327.55,extrapolated
E14.5,E14_5_S1,CACACAATTGGC,2003,333.58,extrapolated
E14.5,E14_5_S1,CACACAATTGGC,2084,339.4,extrapolated
E14.5,E14_5_S1,CACACAATTGGC,2165,345.04,extrapolated
E14.5,E14_5_S1,CACACAATTGGC,2246,350.48,extrapolated
E14.5,E14_5_S1,CACACAATTGGC,2327,355.74,extrapolated
E14.5,E14_5_S1,CACACAATTGGC,2408,360.82,extrapolated
E14.5,E14_5_S1,CACACAATTGGC,2489,365.73,extrapolated
E14.5,E14_5_S1,CACACAATTGGC,2570,370.47,extrapolated
E14.5,E14_5_S1,CACACAATTGGC,2651,375.06,extrapolated
E14.5,E14_5_S1,CACACAATTGGC,2732,379.49,extrapolated
E14.5,E14_5_S1,CACACAATTGGC,2812,383.72,extrapolated
E14.5,E14_5_S1,CACACAATTGGC,2893,387.86,extrapolated
E14.5,E14_5_S1,CACACAATTGGC,2974,391.86,extrapolated
E14.5,E14_5_S1,CACACAATTGGC,3055,395.73,extrapolated
E14.5,E14_5_S1,CACACAATTGGC,3136,399.47,extrapolated
E14.5,E14_5_S1,CACACAATTGGC,3217,403.08,extrapolated
E14.5,E14_5_S1,CACACAATTGGC,3298,406.57,extrapolated
E14.5,E14_5_S1,CACACAATTGGC,3379,409.94,extrapolated
E14.5,E14_5_S1,CACACAATTGGC,3460,413.2,extrapolated
E14.5,E14_5_S1,CACACAATTGGC,3541,416.35,extrapolated
E14.5,E14_5_S1,CACACAATTGGC,3622,419.39,extrapolated
E14.5,E14_5_S1,CACACAATTGGC,3703,422.33,extrapolated
E14.5,E14_5_S1,CACACAATTGGC,3784,425.17,extrapolated
E14.5,E14_5_S1,CACACAATTGGC,3865,427.92,extrapolated
E14.5,E14_5_S1,CACACAATTGGC,3946,430.57,extrapolated
E14.5,E14_5_S1,CACACAATTGGC,4027,433.14,extrapolated
E14.5,E14_5_S1,CACACAATTGGC,4108,435.62,extrapolated
E14.5,E14_5_S1,CACACAATTGGC,4189,438.01,extrapolated
E14.5,E14_5_S1,CACACAATTGGC,4270,440.33,extrapolated
E14.5,E14_5_S1,CACACAATTGGC,4351,442.56,extrapolated
E14.5,E14_5_S1,CACACAATTGGC,4431,444.7,extrapolated
E14.5,E14_5_S1,CACACAATTGGC,4512,446.79,extrapolated
E14.5,E14_5_S1,CACACAATTGGC,4593,448.81,extrapolated
E14.5,E14_5_S1,CACACAATTGGC,4674,450.76,extrapolated
E14.5,E14_5_S1,CACACAATTGGC,4755,452.64,extrapolated
E14.5,E14_5_S1,CACACAATTGGC,4836,454.46,extrapolated
E14.5,E14_5_S1,CACACAATTGGC,4917,456.22,extrapolated
E14.5,E14_5_S1,CACACAATTGGC,4998,457.93,extrapolated
E14.5,E14_5_S1,CACACAATTGGC,5079,459.57,extrapolated
E14.5,E14_5_S1,CACACAATTGGC,5160,461.16,extrapolated
E14.5,E14_5_S1,CACACAATTGGC,5241,462.7,extrapolated
E14.5,E14_5_S1,CACACAATTGGC,5322,464.18,extrapolated
E14.5,E14_5_S1,CACACAATTGGC,5403,465.61,extrapolated
E14.5,E14_5_S1,CACACAATTGGC,5484,467.0,extrapolated
E14.5,E14_5_S1,CACACAATTGGC,5565,468.34,extrapolated
E14.5,E14_5_S1,CACACAATTGGC,5646,469.63,extrapolated
E14.5,E14_5_S1,CACACAATTGGC,5727,470.88,extrapolated
E14.5,E14_5_S1,CACACAATTGGC,5808,472.09,extrapolated
E14.5,E14_5_S1,CACACAATTGGC,5889,473.26,extrapolated
E14.5,E14_5_S1,CACACAATTGGC,5970,474.39,extrapolated
E18.5 #1,E18_5_e1_S3,CTCTTAAGCAGC,1,1.0,observed
E18.5 #1,E18_5_e1_S3,CTCTTAAGCAGC,61,21.69,observed
E18.5 #1,E18_5_e1_S3,CTCTTAAGCAGC,122,29.7,observed
E18.5 #1,E18_5_e1_S3,CTCTTAAGCAGC,182,35.15,observed
E18.5 #1,E18_5_e1_S3,CTCTTAAGCAGC,243,39.44,observed
E18.5 #1,E18_5_e1_S3,CTCTTAAGCAGC,303,42.94,observed
E18.5 #1,E18_5_e1_S3,CTCTTAAGCAGC,364,46.01,observed
E18.5 #1,E18_5_e1_S3,CTCTTAAGCAGC,424,48.68,observed
E18.5 #1,E18_5_e1_S3,CTCTTAAGCAGC,485,51.13,observed
E18.5 #1,E18_5_e1_S3,CTCTTAAGCAGC,545,53.35,observed
E18.5 #1,E18_5_e1_S3,CTCTTAAGCAGC,606,55.43,observed
E18.5 #1,E18_5_e1_S3,CTCTTAAGCAGC,666,57.34,observed
E18.5 #1,E18_5_e1_S3,CTCTTAAGCAGC,727,59.16,observed
E18.5 #1,E18_5_e1_S3,CTCTTAAGCAGC,788,60.87,observed
E18.5 #1,E18_5_e1_S3,CTCTTAAGCAGC,848,62.47,observed
E18.5 #1,E18_5_e1_S3,CTCTTAAGCAGC,909,64.02,observed
E18.5 #1,E18_5_e1_S3,CTCTTAAGCAGC,969,65.47,observed
E18.5 #1,E18_5_e1_S3,CTCTTAAGCAGC,1030,66.87,observed
E18.5 #1,E18_5_e1_S3,CTCTTAAGCAGC,1090,68.2,observed
E18.5 #1,E18_5_e1_S3,CTCTTAAGCAGC,1151,69.5,observed
E18.5 #1,E18_5_e1_S3,CTCTTAAGCAGC,1211,70.73,observed
E18.5 #1,E18_5_e1_S3,CTCTTAAGCAGC,1272,71.94,observed
E18.5 #1,E18_5_e1_S3,CTCTTAAGCAGC,1332,73.09,observed
E18.5 #1,E18_5_e1_S3,CTCTTAAGCAGC,1393,74.22,observed
E18.5 #1,E18_5_e1_S3,CTCTTAAGCAGC,1453,75.3,observed
E18.5 #1,E18_5_e1_S3,CTCTTAAGCAGC,1514,76.37,observed
E18.5 #1,E18_5_e1_S3,CTCTTAAGCAGC,1575,77.41,observed
E18.5 #1,E18_5_e1_S3,CTCTTAAGCAGC,1635,78.4,observed
E18.5 #1,E18_5_e1_S3,CTCTTAAGCAGC,1696,79.39,observed
E18.5 #1,E18_5_e1_S3,CTCTTAAGCAGC,1756,80.34,observed
E18.5 #1,E18_5_e1_S3,CTCTTAAGCAGC,1817,81.29,observed
E18.5 #1,E18_5_e1_S3,CTCTTAAGCAGC,1877,82.2,observed
E18.5 #1,E18_5_e1_S3,CTCTTAAGCAGC,1938,83.11,observed
E18.5 #1,E18_5_e1_S3,CTCTTAAGCAGC,1998,83.99,observed
E18.5 #1,E18_5_e1_S3,CTCTTAAGCAGC,2059,84.86,observed
E18.5 #1,E18_5_e1_S3,CTCTTAAGCAGC,2119,85.71,observed
E18.5 #1,E18_5_e1_S3,CTCTTAAGCAGC,2180,86.56,observed
E18.5 #1,E18_5_e1_S3,CTCTTAAGCAGC,2240,87.37,observed
E18.5 #1,E18_5_e1_S3,CTCTTAAGCAGC,2301,88.19,observed
E18.5 #1,E18_5_e1_S3,CTCTTAAGCAGC,2362,89.0,observed
E18.5 #1,E18_5_e1_S3,CTCTTAAGCAGC,2522,91.06,extrapolated
E18.5 #1,E18_5_e1_S3,CTCTTAAGCAGC,2682,93.04,extrapolated
E18.5 #1,E18_5_e1_S3,CTCTTAAGCAGC,2842,94.94,extrapolated
E18.5 #1,E18_5_e1_S3,CTCTTAAGCAGC,3002,96.77,extrapolated
E18.5 #1,E18_5_e1_S3,CTCTTAAGCAGC,3162,98.53,extrapolated
E18.5 #1,E18_5_e1_S3,CTCTTAAGCAGC,3322,100.22,extrapolated
E18.5 #1,E18_5_e1_S3,CTCTTAAGCAGC,3482,101.85,extrapolated
E18.5 #1,E18_5_e1_S3,CTCTTAAGCAGC,3643,103.42,extrapolated
E18.5 #1,E18_5_e1_S3,CTCTTAAGCAGC,3803,104.92,extrapolated
E18.5 #1,E18_5_e1_S3,CTCTTAAGCAGC,3963,106.37,extrapolated
E18.5 #1,E18_5_e1_S3,CTCTTAAGCAGC,4123,107.76,extrapolated
E18.5 #1,E18_5_e1_S3,CTCTTAAGCAGC,4283,109.09,extrapolated
E18.5 #1,E18_5_e1_S3,CTCTTAAGCAGC,4443,110.38,extrapolated
E18.5 #1,E18_5_e1_S3,CTCTTAAGCAGC,4603,111.61,extrapolated
E18.5 #1,E18_5_e1_S3,CTCTTAAGCAGC,4764,112.8,extrapolated
E18.5 #1,E18_5_e1_S3,CTCTTAAGCAGC,4924,113.94,extrapolated
E18.5 #1,E18_5_e1_S3,CTCTTAAGCAGC,5084,115.04,extrapolated
E18.5 #1,E18_5_e1_S3,CTCTTAAGCAGC,5244,116.09,extrapolated
E18.5 #1,E18_5_e1_S3,CTCTTAAGCAGC,5404,117.11,extrapolated
E18.5 #1,E18_5_e1_S3,CTCTTAAGCAGC,5564,118.08,extrapolated
E18.5 #1,E18_5_e1_S3,CTCTTAAGCAGC,5724,119.02,extrapolated
E18.5 #1,E18_5_e1_S3,CTCTTAAGCAGC,5884,119.92,extrapolated
E18.5 #1,E18_5_e1_S3,CTCTTAAGCAGC,6045,120.79,extrapolated
E18.5 #1,E18_5_e1_S3,CTCTTAAGCAGC,6205,121.62,extrapolated
E18.5 #1,E18_5_e1_S3,CTCTTAAGCAGC,6365,122.42,extrapolated
E18.5 #1,E18_5_e1_S3,CTCTTAAGCAGC,6525,123.19,extrapolated
E18.5 #1,E18_5_e1_S3,CTCTTAAGCAGC,6685,123.93,extrapolated
E18.5 #1,E18_5_e1_S3,CTCTTAAGCAGC,6845,124.64,extrapolated
E18.5 #1,E18_5_e1_S3,CTCTTAAGCAGC,7005,125.33,extrapolated
E18.5 #1,E18_5_e1_S3,CTCTTAAGCAGC,7166,125.99,extrapolated
E18.5 #1,E18_5_e1_S3,CTCTTAAGCAGC,7326,126.62,extrapolated
E18.5 #1,E18_5_e1_S3,CTCTTAAGCAGC,7486,127.23,extrapolated
E18.5 #1,E18_5_e1_S3,CTCTTAAGCAGC,7646,127.81,extrapolated
E18.5 #1,E18_5_e1_S3,CTCTTAAGCAGC,7806,128.37,extrapolated
E18.5 #1,E18_5_e1_S3,CTCTTAAGCAGC,7966,128.91,extrapolated
E18.5 #1,E18_5_e1_S3,CTCTTAAGCAGC,8126,129.43,extrapolated
E18.5 #1,E18_5_e1_S3,CTCTTAAGCAGC,8287,129.94,extrapolated
E18.5 #1,E18_5_e1_S3,CTCTTAAGCAGC,8447,130.41,extrapolated
E18.5 #1,E18_5_e1_S3,CTCTTAAGCAGC,8607,130.88,extrapolated
E18.5 #1,E18_5_e1_S3,CTCTTAAGCAGC,8767,131.32,extrapolated
E18.5 #1,E18_5_e1_S3,CTCTTAAGCAGC,8927,131.75,extrapolated
E18.5 #1,E18_5_e1_S3,CTCTTAAGCAGC,9087,132.16,extrapolated
E18.5 #1,E18_5_e1_S3,CTCTTAAGCAGC,9247,132.55,extrapolated
E18.5 #1,E18_5_e1_S3,CTCTTAAGCAGC,9407,132.93,extrapolated
E18.5 #1,E18_5_e1_S3,CTCTTAAGCAGC,9568,133.29,extrapolated
E18.5 #1,E18_5_e1_S3,CTCTTAAGCAGC,9728,133.64,extrapolated
E18.5 #1,E18_5_e1_S3,CTCTTAAGCAGC,9888,133.98,extrapolated
E18.5 #1,E18_5_e1_S3,CTCTTAAGCAGC,10048,134.3,extrapolated
E18.5 #1,E18_5_e1_S3,CTCTTAAGCAGC,10208,134.62,extrapolated
E18.5 #1,E18_5_e1_S3,CTCTTAAGCAGC,10368,134.91,extrapolated
E18.5 #1,E18_5_e1_S3,CTCTTAAGCAGC,10528,135.2,extrapolated
E18.5 #1,E18_5_e1_S3,CTCTTAAGCAGC,10689,135.48,extrapolated
E18.5 #1,E18_5_e1_S3,CTCTTAAGCAGC,10849,135.75,extrapolated
E18.5 #1,E18_5_e1_S3,CTCTTAAGCAGC,11009,136.0,extrapolated
E18.5 #1,E18_5_e1_S3,CTCTTAAGCAGC,11169,136.25,extrapolated
E18.5 #1,E18_5_e1_S3,CTCTTAAGCAGC,11329,136.48,extrapolated
E18.5 #1,E18_5_e1_S3,CTCTTAAGCAGC,11489,136.71,extrapolated
E18.5 #1,E18_5_e1_S3,CTCTTAAGCAGC,11649,136.93,extrapolated
E18.5 #1,E18_5_e1_S3,CTCTTAAGCAGC,11810,137.14,extrapolated
E18.5 #1,E18_5_e1_S3,TCCATAAACTGG,1,1.0,observed
E18.5 #1,E18_5_e1_S3,TCCATAAACTGG,103,11.02,observed
E18.5 #1,E18_5_e1_S3,TCCATAAACTGG,205,14.14,observed
E18.5 #1,E18_5_e1_S3,TCCATAAACTGG,307,16.57,observed
E18.5 #1,E18_5_e1_S3,TCCATAAACTGG,410,18.67,observed
E18.5 #1,E18_5_e1_S3,TCCATAAACTGG,512,20.53,observed
E18.5 #1,E18_5_e1_S3,TCCATAAACTGG,614,22.22,observed
E18.5 #1,E18_5_e1_S3,TCCATAAACTGG,716,23.78,observed
E18.5 #1,E18_5_e1_S3,TCCATAAACTGG,819,25.24,observed
E18.5 #1,E18_5_e1_S3,TCCATAAACTGG,921,26.59,observed
E18.5 #1,E18_5_e1_S3,TCCATAAACTGG,1023,27.86,observed
E18.5 #1,E18_5_e1_S3,TCCATAAACTGG,1125,29.06,observed
E18.5 #1,E18_5_e1_S3,TCCATAAACTGG,1228,30.21,observed
E18.5 #1,E18_5_e1_S3,TCCATAAACTGG,1330,31.3,observed
E18.5 #1,E18_5_e1_S3,TCCATAAACTGG,1432,32.34,observed
E18.5 #1,E18_5_e1_S3,TCCATAAACTGG,1534,33.33,observed
E18.5 #1,E18_5_e1_S3,TCCATAAACTGG,1637,34.3,observed
E18.5 #1,E18_5_e1_S3,TCCATAAACTGG,1739,35.22,observed
E18.5 #1,E18_5_e1_S3,TCCATAAACTGG,1841,36.1,observed
E18.5 #1,E18_5_e1_S3,TCCATAAACTGG,1943,36.96,observed
E18.5 #1,E18_5_e1_S3,TCCATAAACTGG,2046,37.8,observed
E18.5 #1,E18_5_e1_S3,TCCATAAACTGG,2148,38.6,observed
E18.5 #1,E18_5_e1_S3,TCCATAAACTGG,2250,39.38,observed
E18.5 #1,E18_5_e1_S3,TCCATAAACTGG,2352,40.14,observed
E18.5 #1,E18_5_e1_S3,TCCATAAACTGG,2455,40.88,observed
E18.5 #1,E18_5_e1_S3,TCCATAAACTGG,2557,41.59,observed
E18.5 #1,E18_5_e1_S3,TCCATAAACTGG,2659,42.29,observed
E18.5 #1,E18_5_e1_S3,TCCATAAACTGG,2761,42.97,observed
E18.5 #1,E18_5_e1_S3,TCCATAAACTGG,2864,43.64,observed
E18.5 #1,E18_5_e1_S3,TCCATAAACTGG,2966,44.28,observed
E18.5 #1,E18_5_e1_S3,TCCATAAACTGG,3068,44.91,observed
E18.5 #1,E18_5_e1_S3,TCCATAAACTGG,3170,45.53,observed
E18.5 #1,E18_5_e1_S3,TCCATAAACTGG,3273,46.13,observed
E18.5 #1,E18_5_e1_S3,TCCATAAACTGG,3375,46.72,observed
E18.5 #1,E18_5_e1_S3,TCCATAAACTGG,3477,47.29,observed
E18.5 #1,E18_5_e1_S3,TCCATAAACTGG,3579,47.86,observed
E18.5 #1,E18_5_e1_S3,TCCATAAACTGG,3682,48.41,observed
E18.5 #1,E18_5_e1_S3,TCCATAAACTGG,3784,48.95,observed
E18.5 #1,E18_5_e1_S3,TCCATAAACTGG,3886,49.48,observed
E18.5 #1,E18_5_e1_S3,TCCATAAACTGG,3989,50.0,observed
E18.5 #1,E18_5_e1_S3,TCCATAAACTGG,4259,51.32,extrapolated
E18.5 #1,E18_5_e1_S3,TCCATAAACTGG,4529,52.57,extrapolated
E18.5 #1,E18_5_e1_S3,TCCATAAACTGG,4800,53.75,extrapolated
E18.5 #1,E18_5_e1_S3,TCCATAAACTGG,5070,54.87,extrapolated
E18.5 #1,E18_5_e1_S3,TCCATAAACTGG,5341,55.94,extrapolated
E18.5 #1,E18_5_e1_S3,TCCATAAACTGG,5611,56.94,extrapolated
E18.5 #1,E18_5_e1_S3,TCCATAAACTGG,5882,57.9,extrapolated
E18.5 #1,E18_5_e1_S3,TCCATAAACTGG,6152,58.8,extrapolated
E18.5 #1,E18_5_e1_S3,TCCATAAACTGG,6422,59.65,extrapolated
E18.5 #1,E18_5_e1_S3,TCCATAAACTGG,6693,60.46,extrapolated
E18.5 #1,E18_5_e1_S3,TCCATAAACTGG,6963,61.23,extrapolated
E18.5 #1,E18_5_e1_S3,TCCATAAACTGG,7234,61.96,extrapolated
E18.5 #1,E18_5_e1_S3,TCCATAAACTGG,7504,62.64,extrapolated
E18.5 #1,E18_5_e1_S3,TCCATAAACTGG,7775,63.3,extrapolated
E18.5 #1,E18_5_e1_S3,TCCATAAACTGG,8045,63.91,extrapolated
E18.5 #1,E18_5_e1_S3,TCCATAAACTGG,8316,64.5,extrapolated
E18.5 #1,E18_5_e1_S3,TCCATAAACTGG,8586,65.05,extrapolated
E18.5 #1,E18_5_e1_S3,TCCATAAACTGG,8856,65.58,extrapolated
E18.5 #1,E18_5_e1_S3,TCCATAAACTGG,9127,66.08,extrapolated
E18.5 #1,E18_5_e1_S3,TCCATAAACTGG,9397,66.55,extrapolated
E18.5 #1,E18_5_e1_S3,TCCATAAACTGG,9668,66.99,extrapolated
E18.5 #1,E18_5_e1_S3,TCCATAAACTGG,9938,67.41,extrapolated
E18.5 #1,E18_5_e1_S3,TCCATAAACTGG,10209,67.82,extrapolated
E18.5 #1,E18_5_e1_S3,TCCATAAACTGG,10479,68.19,extrapolated
E18.5 #1,E18_5_e1_S3,TCCATAAACTGG,10750,68.55,extrapolated
E18.5 #1,E18_5_e1_S3,TCCATAAACTGG,11020,68.89,extrapolated
E18.5 #1,E18_5_e1_S3,TCCATAAACTGG,11290,69.22,extrapolated
E18.5 #1,E18_5_e1_S3,TCCATAAACTGG,11561,69.52,extrapolated
E18.5 #1,E18_5_e1_S3,TCCATAAACTGG,11831,69.81,extrapolated
E18.5 #1,E18_5_e1_S3,TCCATAAACTGG,12102,70.08,extrapolated
E18.5 #1,E18_5_e1_S3,TCCATAAACTGG,12372,70.34,extrapolated
E18.5 #1,E18_5_e1_S3,TCCATAAACTGG,12643,70.59,extrapolated
E18.5 #1,E18_5_e1_S3,TCCATAAACTGG,12913,70.82,extrapolated
E18.5 #1,E18_5_e1_S3,TCCATAAACTGG,13183,71.04,extrapolated
E18.5 #1,E18_5_e1_S3,TCCATAAACTGG,13454,71.25,extrapolated
E18.5 #1,E18_5_e1_S3,TCCATAAACTGG,13724,71.45,extrapolated
E18.5 #1,E18_5_e1_S3,TCCATAAACTGG,13995,71.63,extrapolated
E18.5 #1,E18_5_e1_S3,TCCATAAACTGG,14265,71.81,extrapolated
E18.5 #1,E18_5_e1_S3,TCCATAAACTGG,14536,71.98,extrapolated
E18.5 #1,E18_5_e1_S3,TCCATAAACTGG,14806,72.14,extrapolated
E18.5 #1,E18_5_e1_S3,TCCATAAACTGG,15077,72.29,extrapolated
E18.5 #1,E18_5_e1_S3,TCCATAAACTGG,15347,72.43,extrapolated
E18.5 #1,E18_5_e1_S3,TCCATAAACTGG,15617,72.57,extrapolated
E18.5 #1,E18_5_e1_S3,TCCATAAACTGG,15888,72.7,extrapolated
E18.5 #1,E18_5_e1_S3,TCCATAAACTGG,16158,72.82,extrapolated
E18.5 #1,E18_5_e1_S3,TCCATAAACTGG,16429,72.93,extrapolated
E18.5 #1,E18_5_e1_S3,TCCATAAACTGG,16699,73.04,extrapolated
E18.5 #1,E18_5_e1_S3,TCCATAAACTGG,16970,73.14,extrapolated
E18.5 #1,E18_5_e1_S3,TCCATAAACTGG,17240,73.24,extrapolated
E18.5 #1,E18_5_e1_S3,TCCATAAACTGG,17511,73.33,extrapolated
E18.5 #1,E18_5_e1_S3,TCCATAAACTGG,17781,73.42,extrapolated
E18.5 #1,E18_5_e1_S3,TCCATAAACTGG,18051,73.5,extrapolated
E18.5 #1,E18_5_e1_S3,TCCATAAACTGG,18322,73.58,extrapolated
E18.5 #1,E18_5_e1_S3,TCCATAAACTGG,18592,73.66,extrapolated
E18.5 #1,E18_5_e1_S3,TCCATAAACTGG,18863,73.73,extrapolated
E18.5 #1,E18_5_e1_S3,TCCATAAACTGG,19133,73.8,extrapolated
E18.5 #1,E18_5_e1_S3,TCCATAAACTGG,19404,73.86,extrapolated
E18.5 #1,E18_5_e1_S3,TCCATAAACTGG,19674,73.92,extrapolated
E18.5 #1,E18_5_e1_S3,TCCATAAACTGG,19945,73.98,extrapolated
E18.5 #1,E18_5_e1_S3,CTAGTAAGTTGG,1,1.0,observed
E18.5 #1,E18_5_e1_S3,CTAGTAAGTTGG,79,3.19,observed
E18.5 #1,E18_5_e1_S3,CTAGTAAGTTGG,158,4.45,observed
E18.5 #1,E18_5_e1_S3,CTAGTAAGTTGG,237,5.52,observed
E18.5 #1,E18_5_e1_S3,CTAGTAAGTTGG,315,6.48,observed
E18.5 #1,E18_5_e1_S3,CTAGTAAGTTGG,394,7.37,observed
E18.5 #1,E18_5_e1_S3,CTAGTAAGTTGG,473,8.21,observed
E18.5 #1,E18_5_e1_S3,CTAGTAAGTTGG,552,8.98,observed
E18.5 #1,E18_5_e1_S3,CTAGTAAGTTGG,630,9.71,observed
E18.5 #1,E18_5_e1_S3,CTAGTAAGTTGG,709,10.4,observed
E18.5 #1,E18_5_e1_S3,CTAGTAAGTTGG,788,11.06,observed
E18.5 #1,E18_5_e1_S3,CTAGTAAGTTGG,866,11.68,observed
E18.5 #1,E18_5_e1_S3,CTAGTAAGTTGG,945,12.28,observed
E18.5 #1,E18_5_e1_S3,CTAGTAAGTTGG,1024,12.85,observed
E18.5 #1,E18_5_e1_S3,CTAGTAAGTTGG,1103,13.4,observed
E18.5 #1,E18_5_e1_S3,CTAGTAAGTTGG,1181,13.93,observed
E18.5 #1,E18_5_e1_S3,CTAGTAAGTTGG,1260,14.44,observed
E18.5 #1,E18_5_e1_S3,CTAGTAAGTTGG,1339,14.94,observed
E18.5 #1,E18_5_e1_S3,CTAGTAAGTTGG,1417,15.41,observed
E18.5 #1,E18_5_e1_S3,CTAGTAAGTTGG,1496,15.87,observed
E18.5 #1,E18_5_e1_S3,CTAGTAAGTTGG,1575,16.33,observed
E18.5 #1,E18_5_e1_S3,CTAGTAAGTTGG,1654,16.76,observed
E18.5 #1,E18_5_e1_S3,CTAGTAAGTTGG,1732,17.19,observed
E18.5 #1,E18_5_e1_S3,CTAGTAAGTTGG,1811,17.6,observed
E18.5 #1,E18_5_e1_S3,CTAGTAAGTTGG,1890,18.0,observed
E18.5 #1,E18_5_e1_S3,CTAGTAAGTTGG,1968,18.39,observed
E18.5 #1,E18_5_e1_S3,CTAGTAAGTTGG,2047,18.77,observed
E18.5 #1,E18_5_e1_S3,CTAGTAAGTTGG,2126,19.15,observed
E18.5 #1,E18_5_e1_S3,CTAGTAAGTTGG,2205,19.51,observed
E18.5 #1,E18_5_e1_S3,CTAGTAAGTTGG,2283,19.86,observed
E18.5 #1,E18_5_e1_S3,CTAGTAAGTTGG,2362,20.21,observed
E18.5 #1,E18_5_e1_S3,CTAGTAAGTTGG,2441,20.55,observed
E18.5 #1,E18_5_e1_S3,CTAGTAAGTTGG,2519,20.88,observed
E18.5 #1,E18_5_e1_S3,CTAGTAAGTTGG,2598,21.2,observed
E18.5 #1,E18_5_e1_S3,CTAGTAAGTTGG,2677,21.52,observed
E18.5 #1,E18_5_e1_S3,CTAGTAAGTTGG,2756,21.83,observed
E18.5 #1,E18_5_e1_S3,CTAGTAAGTTGG,2834,22.13,observed
E18.5 #1,E18_5_e1_S3,CTAGTAAGTTGG,2913,22.42,observed
E18.5 #1,E18_5_e1_S3,CTAGTAAGTTGG,2992,22.71,observed
E18.5 #1,E18_5_e1_S3,CTAGTAAGTTGG,3071,23.0,observed
E18.5 #1,E18_5_e1_S3,CTAGTAAGTTGG,3279,23.73,extrapolated
E18.5 #1,E18_5_e1_S3,CTAGTAAGTTGG,3487,24.42,extrapolated
E18.5 #1,E18_5_e1_S3,CTAGTAAGTTGG,3695,25.08,extrapolated
E18.5 #1,E18_5_e1_S3,CTAGTAAGTTGG,3903,25.7,extrapolated
E18.5 #1,E18_5_e1_S3,CTAGTAAGTTGG,4112,26.3,extrapolated
E18.5 #1,E18_5_e1_S3,CTAGTAAGTTGG,4320,26.87,extrapolated
E18.5 #1,E18_5_e1_S3,CTAGTAAGTTGG,4528,27.41,extrapolated
E18.5 #1,E18_5_e1_S3,CTAGTAAGTTGG,4736,27.93,extrapolated
E18.5 #1,E18_5_e1_S3,CTAGTAAGTTGG,4944,28.42,extrapolated
E18.5 #1,E18_5_e1_S3,CTAGTAAGTTGG,5153,28.89,extrapolated
E18.5 #1,E18_5_e1_S3,CTAGTAAGTTGG,5361,29.33,extrapolated
E18.5 #1,E18_5_e1_S3,CTAGTAAGTTGG,5569,29.75,extrapolated
E18.5 #1,E18_5_e1_S3,CTAGTAAGTTGG,5777,30.16,extrapolated
E18.5 #1,E18_5_e1_S3,CTAGTAAGTTGG,5985,30.54,extrapolated
E18.5 #1,E18_5_e1_S3,CTAGTAAGTTGG,6194,30.9,extrapolated
E18.5 #1,E18_5_e1_S3,CTAGTAAGTTGG,6402,31.25,extrapolated
E18.5 #1,E18_5_e1_S3,CTAGTAAGTTGG,6610,31.58,extrapolated
E18.5 #1,E18_5_e1_S3,CTAGTAAGTTGG,6818,31.9,extrapolated
E18.5 #1,E18_5_e1_S3,CTAGTAAGTTGG,7026,32.19,extrapolated
E18.5 #1,E18_5_e1_S3,CTAGTAAGTTGG,7235,32.48,extrapolated
E18.5 #1,E18_5_e1_S3,CTAGTAAGTTGG,7443,32.75,extrapolated
E18.5 #1,E18_5_e1_S3,CTAGTAAGTTGG,7651,33.01,extrapolated
E18.5 #1,E18_5_e1_S3,CTAGTAAGTTGG,7859,33.26,extrapolated
E18.5 #1,E18_5_e1_S3,CTAGTAAGTTGG,8067,33.49,extrapolated
E18.5 #1,E18_5_e1_S3,CTAGTAAGTTGG,8276,33.71,extrapolated
E18.5 #1,E18_5_e1_S3,CTAGTAAGTTGG,8484,33.93,extrapolated
E18.5 #1,E18_5_e1_S3,CTAGTAAGTTGG,8692,34.13,extrapolated
E18.5 #1,E18_5_e1_S3,CTAGTAAGTTGG,8900,34.32,extrapolated
E18.5 #1,E18_5_e1_S3,CTAGTAAGTTGG,9108,34.5,extrapolated
E18.5 #1,E18_5_e1_S3,CTAGTAAGTTGG,9317,34.68,extrapolated
E18.5 #1,E18_5_e1_S3,CTAGTAAGTTGG,9525,34.84,extrapolated
E18.5 #1,E18_5_e1_S3,CTAGTAAGTTGG,9733,35.0,extrapolated
E18.5 #1,E18_5_e1_S3,CTAGTAAGTTGG,9941,35.15,extrapolated
E18.5 #1,E18_5_e1_S3,CTAGTAAGTTGG,10149,35.29,extrapolated
E18.5 #1,E18_5_e1_S3,CTAGTAAGTTGG,10358,35.43,extrapolated
E18.5 #1,E18_5_e1_S3,CTAGTAAGTTGG,10566,35.56,extrapolated
E18.5 #1,E18_5_e1_S3,CTAGTAAGTTGG,10774,35.68,extrapolated
E18.5 #1,E18_5_e1_S3,CTAGTAAGTTGG,10982,35.8,extrapolated
E18.5 #1,E18_5_e1_S3,CTAGTAAGTTGG,11190,35.91,extrapolated
E18.5 #1,E18_5_e1_S3,CTAGTAAGTTGG,11399,36.02,extrapolated
E18.5 #1,E18_5_e1_S3,CTAGTAAGTTGG,11607,36.12,extrapolated
E18.5 #1,E18_5_e1_S3,CTAGTAAGTTGG,11815,36.21,extrapolated
E18.5 #1,E18_5_e1_S3,CTAGTAAGTTGG,12023,36.31,extrapolated
E18.5 #1,E18_5_e1_S3,CTAGTAAGTTGG,12231,36.39,extrapolated
E18.5 #1,E18_5_e1_S3,CTAGTAAGTTGG,12440,36.48,extrapolated
E18.5 #1,E18_5_e1_S3,CTAGTAAGTTGG,12648,36.56,extrapolated
E18.5 #1,E18_5_e1_S3,CTAGTAAGTTGG,12856,36.63,extrapolated
E18.5 #1,E18_5_e1_S3,CTAGTAAGTTGG,13064,36.7,extrapolated
E18.5 #1,E18_5_e1_S3,CTAGTAAGTTGG,13272,36.77,extrapolated
E18.5 #1,E18_5_e1_S3,CTAGTAAGTTGG,13481,36.84,extrapolated
E18.5 #1,E18_5_e1_S3,CTAGTAAGTTGG,13689,36.9,extrapolated
E18.5 #1,E18_5_e1_S3,CTAGTAAGTTGG,13897,36.96,extrapolated
E18.5 #1,E18_5_e1_S3,CTAGTAAGTTGG,14105,37.01,extrapolated
E18.5 #1,E18_5_e1_S3,CTAGTAAGTTGG,14313,37.07,extrapolated
E18.5 #1,E18_5_e1_S3,CTAGTAAGTTGG,14522,37.12,extrapolated
E18.5 #1,E18_5_e1_S3,CTAGTAAGTTGG,14730,37.16,extrapolated
E18.5 #1,E18_5_e1_S3,CTAGTAAGTTGG,14938,37.21,extrapolated
E18.5 #1,E18_5_e1_S3,CTAGTAAGTTGG,15146,37.25,extrapolated
E18.5 #1,E18_5_e1_S3,CTAGTAAGTTGG,15355,37.3,extrapolated
E18.5 #1,E18_5_e1_S3,GTCTGAAGTGAA,1,1.0,observed
E18.5 #1,E18_5_e1_S3,GTCTGAAGTGAA,56,26.34,observed
E18.5 #1,E18_5_e1_S3,GTCTGAAGTGAA,112,39.53,observed
E18.5 #1,E18_5_e1_S3,GTCTGAAGTGAA,168,48.67,observed
E18.5 #1,E18_5_e1_S3,GTCTGAAGTGAA,224,55.68,observed
E18.5 #1,E18_5_e1_S3,GTCTGAAGTGAA,280,61.43,observed
E18.5 #1,E18_5_e1_S3,GTCTGAAGTGAA,336,66.36,observed
E18.5 #1,E18_5_e1_S3,GTCTGAAGTGAA,392,70.72,observed
E18.5 #1,E18_5_e1_S3,GTCTGAAGTGAA,448,74.65,observed
E18.5 #1,E18_5_e1_S3,GTCTGAAGTGAA,504,78.26,observed
E18.5 #1,E18_5_e1_S3,GTCTGAAGTGAA,559,81.56,observed
E18.5 #1,E18_5_e1_S3,GTCTGAAGTGAA,615,84.71,observed
E18.5 #1,E18_5_e1_S3,GTCTGAAGTGAA,671,87.69,observed
E18.5 #1,E18_5_e1_S3,GTCTGAAGTGAA,727,90.51,observed
E18.5 #1,E18_5_e1_S3,GTCTGAAGTGAA,783,93.21,observed
E18.5 #1,E18_5_e1_S3,GTCTGAAGTGAA,839,95.79,observed
E18.5 #1,E18_5_e1_S3,GTCTGAAGTGAA,895,98.28,observed
E18.5 #1,E18_5_e1_S3,GTCTGAAGTGAA,951,100.67,observed
E18.5 #1,E18_5_e1_S3,GTCTGAAGTGAA,1007,102.98,observed
E18.5 #1,E18_5_e1_S3,GTCTGAAGTGAA,1063,105.22,observed
E18.5 #1,E18_5_e1_S3,GTCTGAAGTGAA,1118,107.35,observed
E18.5 #1,E18_5_e1_S3,GTCTGAAGTGAA,1174,109.46,observed
E18.5 #1,E18_5_e1_S3,GTCTGAAGTGAA,1230,111.51,observed
E18.5 #1,E18_5_e1_S3,GTCTGAAGTGAA,1286,113.5,observed
E18.5 #1,E18_5_e1_S3,GTCTGAAGTGAA,1342,115.44,observed
E18.5 #1,E18_5_e1_S3,GTCTGAAGTGAA,1398,117.34,observed
E18.5 #1,E18_5_e1_S3,GTCTGAAGTGAA,1454,119.19,observed
E18.5 #1,E18_5_e1_S3,GTCTGAAGTGAA,1510,121.0,observed
E18.5 #1,E18_5_e1_S3,GTCTGAAGTGAA,1566,122.77,observed
E18.5 #1,E18_5_e1_S3,GTCTGAAGTGAA,1622,124.5,observed
E18.5 #1,E18_5_e1_S3,GTCTGAAGTGAA,1677,126.17,observed
E18.5 #1,E18_5_e1_S3,GTCTGAAGTGAA,1733,127.83,observed
E18.5 #1,E18_5_e1_S3,GTCTGAAGTGAA,1789,129.45,observed
E18.5 #1,E18_5_e1_S3,GTCTGAAGTGAA,1845,131.05,observed
E18.5 #1,E18_5_e1_S3,GTCTGAAGTGAA,1901,132.61,observed
E18.5 #1,E18_5_e1_S3,GTCTGAAGTGAA,1957,134.14,observed
E18.5 #1,E18_5_e1_S3,GTCTGAAGTGAA,2013,135.65,observed
E18.5 #1,E18_5_e1_S3,GTCTGAAGTGAA,2069,137.12,observed
E18.5 #1,E18_5_e1_S3,GTCTGAAGTGAA,2125,138.58,observed
E18.5 #1,E18_5_e1_S3,GTCTGAAGTGAA,2181,140.0,observed
E18.5 #1,E18_5_e1_S3,GTCTGAAGTGAA,2328,143.62,extrapolated
E18.5 #1,E18_5_e1_S3,GTCTGAAGTGAA,2476,147.1,extrapolated
E18.5 #1,E18_5_e1_S3,GTCTGAAGTGAA,2624,150.42,extrapolated
E18.5 #1,E18_5_e1_S3,GTCTGAAGTGAA,2772,153.59,extrapolated
E18.5 #1,E18_5_e1_S3,GTCTGAAGTGAA,2920,156.61,extrapolated
E18.5 #1,E18_5_e1_S3,GTCTGAAGTGAA,3068,159.5,extrapolated
E18.5 #1,E18_5_e1_S3,GTCTGAAGTGAA,3216,162.25,extrapolated
E18.5 #1,E18_5_e1_S3,GTCTGAAGTGAA,3363,164.86,extrapolated
E18.5 #1,E18_5_e1_S3,GTCTGAAGTGAA,3511,167.36,extrapolated
E18.5 #1,E18_5_e1_S3,GTCTGAAGTGAA,3659,169.76,extrapolated
E18.5 #1,E18_5_e1_S3,GTCTGAAGTGAA,3807,172.04,extrapolated
E18.5 #1,E18_5_e1_S3,GTCTGAAGTGAA,3955,174.22,extrapolated
E18.5 #1,E18_5_e1_S3,GTCTGAAGTGAA,4103,176.29,extrapolated
E18.5 #1,E18_5_e1_S3,GTCTGAAGTGAA,4251,178.28,extrapolated
E18.5 #1,E18_5_e1_S3,GTCTGAAGTGAA,4398,180.16,extrapolated
E18.5 #1,E18_5_e1_S3,GTCTGAAGTGAA,4546,181.96,extrapolated
E18.5 #1,E18_5_e1_S3,GTCTGAAGTGAA,4694,183.68,extrapolated
E18.5 #1,E18_5_e1_S3,GTCTGAAGTGAA,4842,185.33,extrapolated
E18.5 #1,E18_5_e1_S3,GTCTGAAGTGAA,4990,186.9,extrapolated
E18.5 #1,E18_5_e1_S3,GTCTGAAGTGAA,5138,188.39,extrapolated
E18.5 #1,E18_5_e1_S3,GTCTGAAGTGAA,5286,189.82,extrapolated
E18.5 #1,E18_5_e1_S3,GTCTGAAGTGAA,5434,191.19,extrapolated
E18.5 #1,E18_5_e1_S3,GTCTGAAGTGAA,5581,192.48,extrapolated
E18.5 #1,E18_5_e1_S3,GTCTGAAGTGAA,5729,193.72,extrapolated
E18.5 #1,E18_5_e1_S3,GTCTGAAGTGAA,5877,194.9,extrapolated
E18.5 #1,E18_5_e1_S3,GTCTGAAGTGAA,6025,196.03,extrapolated
E18.5 #1,E18_5_e1_S3,GTCTGAAGTGAA,6173,197.11,extrapolated
E18.5 #1,E18_5_e1_S3,GTCTGAAGTGAA,6321,198.14,extrapolated
E18.5 #1,E18_5_e1_S3,GTCTGAAGTGAA,6469,199.12,extrapolated
E18.5 #1,E18_5_e1_S3,GTCTGAAGTGAA,6616,200.05,extrapolated
E18.5 #1,E18_5_e1_S3,GTCTGAAGTGAA,6764,200.95,extrapolated
E18.5 #1,E18_5_e1_S3,GTCTGAAGTGAA,6912,201.8,extrapolated
E18.5 #1,E18_5_e1_S3,GTCTGAAGTGAA,7060,202.61,extrapolated
E18.5 #1,E18_5_e1_S3,GTCTGAAGTGAA,7208,203.39,extrapolated
E18.5 #1,E18_5_e1_S3,GTCTGAAGTGAA,7356,204.13,extrapolated
E18.5 #1,E18_5_e1_S3,GTCTGAAGTGAA,7504,204.84,extrapolated
E18.5 #1,E18_5_e1_S3,GTCTGAAGTGAA,7651,205.51,extrapolated
E18.5 #1,E18_5_e1_S3,GTCTGAAGTGAA,7799,206.15,extrapolated
E18.5 #1,E18_5_e1_S3,GTCTGAAGTGAA,7947,206.77,extrapolated
E18.5 #1,E18_5_e1_S3,GTCTGAAGTGAA,8095,207.35,extrapolated
E18.5 #1,E18_5_e1_S3,GTCTGAAGTGAA,8243,207.91,extrapolated
E18.5 #1,E18_5_e1_S3,GTCTGAAGTGAA,8391,208.45,extrapolated
E18.5 #1,E18_5_e1_S3,GTCTGAAGTGAA,8539,208.96,extrapolated
E18.5 #1,E18_5_e1_S3,GTCTGAAGTGAA,8687,209.44,extrapolated
E18.5 #1,E18_5_e1_S3,GTCTGAAGTGAA,8834,209.9,extrapolated
E18.5 #1,E18_5_e1_S3,GTCTGAAGTGAA,8982,210.35,extrapolated
E18.5 #1,E18_5_e1_S3,GTCTGAAGTGAA,9130,210.77,extrapolated
E18.5 #1,E18_5_e1_S3,GTCTGAAGTGAA,9278,211.17,extrapolated
E18.5 #1,E18_5_e1_S3,GTCTGAAGTGAA,9426,211.56,extrapolated
E18.5 #1,E18_5_e1_S3,GTCTGAAGTGAA,9574,211.92,extrapolated
E18.5 #1,E18_5_e1_S3,GTCTGAAGTGAA,9722,212.27,extrapolated
E18.5 #1,E18_5_e1_S3,GTCTGAAGTGAA,9869,212.61,extrapolated
E18.5 #1,E18_5_e1_S3,GTCTGAAGTGAA,10017,212.93,extrapolated
E18.5 #1,E18_5_e1_S3,GTCTGAAGTGAA,10165,213.23,extrapolated
E18.5 #1,E18_5_e1_S3,GTCTGAAGTGAA,10313,213.52,extrapolated
E18.5 #1,E18_5_e1_S3,GTCTGAAGTGAA,10461,213.8,extrapolated
E18.5 #1,E18_5_e1_S3,GTCTGAAGTGAA,10609,214.06,extrapolated
E18.5 #1,E18_5_e1_S3,GTCTGAAGTGAA,10757,214.31,extrapolated
E18.5 #1,E18_5_e1_S3,GTCTGAAGTGAA,10905,214.56,extrapolated
E18.5 #1,E18_5_e1_S3,AGAGAAAGTCCT,1,1.0,observed
E18.5 #1,E18_5_e1_S3,AGAGAAAGTCCT,39,19.62,observed
E18.5 #1,E18_5_e1_S3,AGAGAAAGTCCT,77,29.68,observed
E18.5 #1,E18_5_e1_S3,AGAGAAAGTCCT,115,37.15,observed
E18.5 #1,E18_5_e1_S3,AGAGAAAGTCCT,153,43.12,observed
E18.5 #1,E18_5_e1_S3,AGAGAAAGTCCT,191,48.07,observed
E18.5 #1,E18_5_e1_S3,AGAGAAAGTCCT,229,52.31,observed
E18.5 #1,E18_5_e1_S3,AGAGAAAGTCCT,267,56.03,observed
E18.5 #1,E18_5_e1_S3,AGAGAAAGTCCT,305,59.33,observed
E18.5 #1,E18_5_e1_S3,AGAGAAAGTCCT,343,62.33,observed
E18.5 #1,E18_5_e1_S3,AGAGAAAGTCCT,381,65.08,observed
E18.5 #1,E18_5_e1_S3,AGAGAAAGTCCT,419,67.62,observed
E18.5 #1,E18_5_e1_S3,AGAGAAAGTCCT,457,70.0,observed
E18.5 #1,E18_5_e1_S3,AGAGAAAGTCCT,495,72.24,observed
E18.5 #1,E18_5_e1_S3,AGAGAAAGTCCT,533,74.36,observed
E18.5 #1,E18_5_e1_S3,AGAGAAAGTCCT,571,76.38,observed
E18.5 #1,E18_5_e1_S3,AGAGAAAGTCCT,609,78.32,observed
E18.5 #1,E18_5_e1_S3,AGAGAAAGTCCT,647,80.18,observed
E18.5 #1,E18_5_e1_S3,AGAGAAAGTCCT,685,81.97,observed
E18.5 #1,E18_5_e1_S3,AGAGAAAGTCCT,723,83.7,observed
E18.5 #1,E18_5_e1_S3,AGAGAAAGTCCT,762,85.42,observed
E18.5 #1,E18_5_e1_S3,AGAGAAAGTCCT,800,87.05,observed
E18.5 #1,E18_5_e1_S3,AGAGAAAGTCCT,838,88.63,observed
E18.5 #1,E18_5_e1_S3,AGAGAAAGTCCT,876,90.17,observed
E18.5 #1,E18_5_e1_S3,AGAGAAAGTCCT,914,91.68,observed
E18.5 #1,E18_5_e1_S3,AGAGAAAGTCCT,952,93.15,observed
E18.5 #1,E18_5_e1_S3,AGAGAAAGTCCT,990,94.58,observed
E18.5 #1,E18_5_e1_S3,AGAGAAAGTCCT,1028,95.99,observed
E18.5 #1,E18_5_e1_S3,AGAGAAAGTCCT,1066,97.37,observed
E18.5 #1,E18_5_e1_S3,AGAGAAAGTCCT,1104,98.72,observed
E18.5 #1,E18_5_e1_S3,AGAGAAAGTCCT,1142,100.04,observed
E18.5 #1,E18_5_e1_S3,AGAGAAAGTCCT,1180,101.34,observed
E18.5 #1,E18_5_e1_S3,AGAGAAAGTCCT,1218,102.62,observed
E18.5 #1,E18_5_e1_S3,AGAGAAAGTCCT,1256,103.87,observed
E18.5 #1,E18_5_e1_S3,AGAGAAAGTCCT,1294,105.1,observed
E18.5 #1,E18_5_e1_S3,AGAGAAAGTCCT,1332,106.32,observed
E18.5 #1,E18_5_e1_S3,AGAGAAAGTCCT,1370,107.51,observed
E18.5 #1,E18_5_e1_S3,AGAGAAAGTCCT,1408,108.68,observed
E18.5 #1,E18_5_e1_S3,AGAGAAAGTCCT,1446,109.83,observed
E18.5 #1,E18_5_e1_S3,AGAGAAAGTCCT,1485,111.0,observed
E18.5 #1,E18_5_e1_S3,AGAGAAAGTCCT,1585,113.9,extrapolated
E18.5 #1,E18_5_e1_S3,AGAGAAAGTCCT,1686,116.7,extrapolated
E18.5 #1,E18_5_e1_S3,AGAGAAAGTCCT,1787,119.39,extrapolated
E18.5 #1,E18_5_e1_S3,AGAGAAAGTCCT,1887,121.94,extrapolated
E18.5 #1,E18_5_e1_S3,AGAGAAAGTCCT,1988,124.4,extrapolated
E18.5 #1,E18_5_e1_S3,AGAGAAAGTCCT,2089,126.76,extrapolated
E18.5 #1,E18_5_e1_S3,AGAGAAAGTCCT,2189,129.0,extrapolated
E18.5 #1,E18_5_e1_S3,AGAGAAAGTCCT,2290,131.17,extrapolated
E18.5 #1,E18_5_e1_S3,AGAGAAAGTCCT,2391,133.24,extrapolated
E18.5 #1,E18_5_e1_S3,AGAGAAAGTCCT,2491,135.21,extrapolated
E18.5 #1,E18_5_e1_S3,AGAGAAAGTCCT,2592,137.11,extrapolated
E18.5 #1,E18_5_e1_S3,AGAGAAAGTCCT,2693,138.93,extrapolated
E18.5 #1,E18_5_e1_S3,AGAGAAAGTCCT,2793,140.66,extrapolated
E18.5 #1,E18_5_e1_S3,AGAGAAAGTCCT,2894,142.33,extrapolated
E18.5 #1,E18_5_e1_S3,AGAGAAAGTCCT,2995,143.93,extrapolated
E18.5 #1,E18_5_e1_S3,AGAGAAAGTCCT,3095,145.45,extrapolated
E18.5 #1,E18_5_e1_S3,AGAGAAAGTCCT,3196,146.92,extrapolated
E18.5 #1,E18_5_e1_S3,AGAGAAAGTCCT,3297,148.32,extrapolated
E18.5 #1,E18_5_e1_S3,AGAGAAAGTCCT,3397,149.66,extrapolated
E18.5 #1,E18_5_e1_S3,AGAGAAAGTCCT,3498,150.95,extrapolated
E18.5 #1,E18_5_e1_S3,AGAGAAAGTCCT,3599,152.18,extrapolated
E18.5 #1,E18_5_e1_S3,AGAGAAAGTCCT,3699,153.35,extrapolated
E18.5 #1,E18_5_e1_S3,AGAGAAAGTCCT,3800,154.49,extrapolated
E18.5 #1,E18_5_e1_S3,AGAGAAAGTCCT,3901,155.57,extrapolated
E18.5 #1,E18_5_e1_S3,AGAGAAAGTCCT,4001,156.6,extrapolated
E18.5 #1,E18_5_e1_S3,AGAGAAAGTCCT,4102,157.6,extrapolated
E18.5 #1,E18_5_e1_S3,AGAGAAAGTCCT,4203,158.55,extrapolated
E18.5 #1,E18_5_e1_S3,AGAGAAAGTCCT,4303,159.45,extrapolated
E18.5 #1,E18_5_e1_S3,AGAGAAAGTCCT,4404,160.33,extrapolated
E18.5 #1,E18_5_e1_S3,AGAGAAAGTCCT,4505,161.17,extrapolated
E18.5 #1,E18_5_e1_S3,AGAGAAAGTCCT,4606,161.97,extrapolated
E18.5 #1,E18_5_e1_S3,AGAGAAAGTCCT,4706,162.73,extrapolated
E18.5 #1,E18_5_e1_S3,AGAGAAAGTCCT,4807,163.47,extrapolated
E18.5 #1,E18_5_e1_S3,AGAGAAAGTCCT,4908,164.17,extrapolated
E18.5 #1,E18_5_e1_S3,AGAGAAAGTCCT,5008,164.84,extrapolated
E18.5 #1,E18_5_e1_S3,AGAGAAAGTCCT,5109,165.48,extrapolated
E18.5 #1,E18_5_e1_S3,AGAGAAAGTCCT,5210,166.1,extrapolated
E18.5 #1,E18_5_e1_S3,AGAGAAAGTCCT,5310,166.69,extrapolated
E18.5 #1,E18_5_e1_S3,AGAGAAAGTCCT,5411,167.26,extrapolated
E18.5 #1,E18_5_e1_S3,AGAGAAAGTCCT,5512,167.8,extrapolated
E18.5 #1,E18_5_e1_S3,AGAGAAAGTCCT,5612,168.32,extrapolated
E18.5 #1,E18_5_e1_S3,AGAGAAAGTCCT,5713,168.82,extrapolated
E18.5 #1,E18_5_e1_S3,AGAGAAAGTCCT,5814,169.3,extrapolated
E18.5 #1,E18_5_e1_S3,AGAGAAAGTCCT,5914,169.75,extrapolated
E18.5 #1,E18_5_e1_S3,AGAGAAAGTCCT,6015,170.19,extrapolated
E18.5 #1,E18_5_e1_S3,AGAGAAAGTCCT,6116,170.61,extrapolated
E18.5 #1,E18_5_e1_S3,AGAGAAAGTCCT,6216,171.01,extrapolated
E18.5 #1,E18_5_e1_S3,AGAGAAAGTCCT,6317,171.39,extrapolated
E18.5 #1,E18_5_e1_S3,AGAGAAAGTCCT,6418,171.76,extrapolated
E18.5 #1,E18_5_e1_S3,AGAGAAAGTCCT,6518,172.11,extrapolated
E18.5 #1,E18_5_e1_S3,AGAGAAAGTCCT,6619,172.45,extrapolated
E18.5 #1,E18_5_e1_S3,AGAGAAAGTCCT,6720,172.77,extrapolated
E18.5 #1,E18_5_e1_S3,AGAGAAAGTCCT,6820,173.08,extrapolated
E18.5 #1,E18_5_e1_S3,AGAGAAAGTCCT,6921,173.38,extrapolated
E18.5 #1,E18_5_e1_S3,AGAGAAAGTCCT,7022,173.66,extrapolated
E18.5 #1,E18_5_e1_S3,AGAGAAAGTCCT,7122,173.93,extrapolated
E18.5 #1,E18_5_e1_S3,AGAGAAAGTCCT,7223,174.19,extrapolated
E18.5 #1,E18_5_e1_S3,AGAGAAAGTCCT,7324,174.44,extrapolated
E18.5 #1,E18_5_e1_S3,AGAGAAAGTCCT,7425,174.68,extrapolated
E18.5 #1,E18_5_e1_S3,ATGGGAACGGTG,1,1.0,observed
E18.5 #1,E18_5_e1_S3,ATGGGAACGGTG,64,43.84,observed
E18.5 #1,E18_5_e1_S3,ATGGGAACGGTG,127,74.37,observed
E18.5 #1,E18_5_e1_S3,ATGGGAACGGTG,190,99.56,observed
E18.5 #1,E18_5_e1_S3,ATGGGAACGGTG,254,121.54,observed
E18.5 #1,E18_5_e1_S3,ATGGGAACGGTG,317,140.65,observed
E18.5 #1,E18_5_e1_S3,ATGGGAACGGTG,380,157.86,observed
E18.5 #1,E18_5_e1_S3,ATGGGAACGGTG,443,173.59,observed
E18.5 #1,E18_5_e1_S3,ATGGGAACGGTG,507,188.32,observed
E18.5 #1,E18_5_e1_S3,ATGGGAACGGTG,570,201.82,observed
E18.5 #1,E18_5_e1_S3,ATGGGAACGGTG,633,214.47,observed
E18.5 #1,E18_5_e1_S3,ATGGGAACGGTG,697,226.57,observed
E18.5 #1,E18_5_e1_S3,ATGGGAACGGTG,760,237.86,observed
E18.5 #1,E18_5_e1_S3,ATGGGAACGGTG,823,248.59,observed
E18.5 #1,E18_5_e1_S3,ATGGGAACGGTG,886,258.82,observed
E18.5 #1,E18_5_e1_S3,ATGGGAACGGTG,950,268.78,observed
E18.5 #1,E18_5_e1_S3,ATGGGAACGGTG,1013,278.18,observed
E18.5 #1,E18_5_e1_S3,ATGGGAACGGTG,1076,287.22,observed
E18.5 #1,E18_5_e1_S3,ATGGGAACGGTG,1140,296.08,observed
E18.5 #1,E18_5_e1_S3,ATGGGAACGGTG,1203,304.5,observed
E18.5 #1,E18_5_e1_S3,ATGGGAACGGTG,1266,312.65,observed
E18.5 #1,E18_5_e1_S3,ATGGGAACGGTG,1329,320.54,observed
E18.5 #1,E18_5_e1_S3,ATGGGAACGGTG,1393,328.33,observed
E18.5 #1,E18_5_e1_S3,ATGGGAACGGTG,1456,335.77,observed
E18.5 #1,E18_5_e1_S3,ATGGGAACGGTG,1519,343.01,observed
E18.5 #1,E18_5_e1_S3,ATGGGAACGGTG,1583,350.17,observed
E18.5 #1,E18_5_e1_S3,ATGGGAACGGTG,1646,357.04,observed
E18.5 #1,E18_5_e1_S3,ATGGGAACGGTG,1709,363.75,observed
E18.5 #1,E18_5_e1_S3,ATGGGAACGGTG,1772,370.29,observed
E18.5 #1,E18_5_e1_S3,ATGGGAACGGTG,1836,376.78,observed
E18.5 #1,E18_5_e1_S3,ATGGGAACGGTG,1899,383.03,observed
E18.5 #1,E18_5_e1_S3,ATGGGAACGGTG,1962,389.14,observed
E18.5 #1,E18_5_e1_S3,ATGGGAACGGTG,2026,395.21,observed
E18.5 #1,E18_5_e1_S3,ATGGGAACGGTG,2089,401.07,observed
E18.5 #1,E18_5_e1_S3,ATGGGAACGGTG,2152,406.8,observed
E18.5 #1,E18_5_e1_S3,ATGGGAACGGTG,2215,412.42,observed
E18.5 #1,E18_5_e1_S3,ATGGGAACGGTG,2279,418.01,observed
E18.5 #1,E18_5_e1_S3,ATGGGAACGGTG,2342,423.42,observed
E18.5 #1,E18_5_e1_S3,ATGGGAACGGTG,2405,428.72,observed
E18.5 #1,E18_5_e1_S3,ATGGGAACGGTG,2469,434.0,observed
E18.5 #1,E18_5_e1_S3,ATGGGAACGGTG,2636,447.34,extrapolated
E18.5 #1,E18_5_e1_S3,ATGGGAACGGTG,2803,460.05,extrapolated
E18.5 #1,E18_5_e1_S3,ATGGGAACGGTG,2971,472.23,extrapolated
E18.5 #1,E18_5_e1_S3,ATGGGAACGGTG,3138,483.76,extrapolated
E18.5 #1,E18_5_e1_S3,ATGGGAACGGTG,3305,494.76,extrapolated
E18.5 #1,E18_5_e1_S3,ATGGGAACGGTG,3473,505.29,extrapolated
E18.5 #1,E18_5_e1_S3,ATGGGAACGGTG,3640,515.27,extrapolated
E18.5 #1,E18_5_e1_S3,ATGGGAACGGTG,3808,524.84,extrapolated
E18.5 #1,E18_5_e1_S3,ATGGGAACGGTG,3975,533.9,extrapolated
E18.5 #1,E18_5_e1_S3,ATGGGAACGGTG,4142,542.53,extrapolated
E18.5 #1,E18_5_e1_S3,ATGGGAACGGTG,4310,550.81,extrapolated
E18.5 #1,E18_5_e1_S3,ATGGGAACGGTG,4477,558.64,extrapolated
E18.5 #1,E18_5_e1_S3,ATGGGAACGGTG,4645,566.16,extrapolated
E18.5 #1,E18_5_e1_S3,ATGGGAACGGTG,4812,573.27,extrapolated
E18.5 #1,E18_5_e1_S3,ATGGGAACGGTG,4979,580.05,extrapolated
E18.5 #1,E18_5_e1_S3,ATGGGAACGGTG,5147,586.55,extrapolated
E18.5 #1,E18_5_e1_S3,ATGGGAACGGTG,5314,592.7,extrapolated
E18.5 #1,E18_5_e1_S3,ATGGGAACGGTG,5482,598.6,extrapolated
E18.5 #1,E18_5_e1_S3,ATGGGAACGGTG,5649,604.19,extrapolated
E18.5 #1,E18_5_e1_S3,ATGGGAACGGTG,5816,609.51,extrapolated
E18.5 #1,E18_5_e1_S3,ATGGGAACGGTG,5984,614.61,extrapolated
E18.5 #1,E18_5_e1_S3,ATGGGAACGGTG,6151,619.44,extrapolated
E18.5 #1,E18_5_e1_S3,ATGGGAACGGTG,6318,624.05,extrapolated
E18.5 #1,E18_5_e1_S3,ATGGGAACGGTG,6486,628.46,extrapolated
E18.5 #1,E18_5_e1_S3,ATGGGAACGGTG,6653,632.64,extrapolated
E18.5 #1,E18_5_e1_S3,ATGGGAACGGTG,6821,636.65,extrapolated
E18.5 #1,E18_5_e1_S3,ATGGGAACGGTG,6988,640.45,extrapolated
E18.5 #1,E18_5_e1_S3,ATGGGAACGGTG,7155,644.06,extrapolated
E18.5 #1,E18_5_e1_S3,ATGGGAACGGTG,7323,647.53,extrapolated
E18.5 #1,E18_5_e1_S3,ATGGGAACGGTG,7490,650.81,extrapolated
E18.5 #1,E18_5_e1_S3,ATGGGAACGGTG,7658,653.96,extrapolated
E18.5 #1,E18_5_e1_S3,ATGGGAACGGTG,7825,656.94,extrapolated
E18.5 #1,E18_5_e1_S3,ATGGGAACGGTG,7992,659.78,extrapolated
E18.5 #1,E18_5_e1_S3,ATGGGAACGGTG,8160,662.5,extrapolated
E18.5 #1,E18_5_e1_S3,ATGGGAACGGTG,8327,665.08,extrapolated
E18.5 #1,E18_5_e1_S3,ATGGGAACGGTG,8495,667.55,extrapolated
E18.5 #1,E18_5_e1_S3,ATGGGAACGGTG,8662,669.89,extrapolated
E18.5 #1,E18_5_e1_S3,ATGGGAACGGTG,8829,672.12,extrapolated
E18.5 #1,E18_5_e1_S3,ATGGGAACGGTG,8997,674.25,extrapolated
E18.5 #1,E18_5_e1_S3,ATGGGAACGGTG,9164,676.28,extrapolated
E18.5 #1,E18_5_e1_S3,ATGGGAACGGTG,9331,678.21,extrapolated
E18.5 #1,E18_5_e1_S3,ATGGGAACGGTG,9499,680.06,extrapolated
E18.5 #1,E18_5_e1_S3,ATGGGAACGGTG,9666,681.81,extrapolated
E18.5 #1,E18_5_e1_S3,ATGGGAACGGTG,9834,683.49,extrapolated
E18.5 #1,E18_5_e1_S3,ATGGGAACGGTG,10001,685.08,extrapolated
E18.5 #1,E18_5_e1_S3,ATGGGAACGGTG,10168,686.59,extrapolated
E18.5 #1,E18_5_e1_S3,ATGGGAACGGTG,10336,688.04,extrapolated
E18.5 #1,E18_5_e1_S3,ATGGGAACGGTG,10503,689.42,extrapolated
E18.5 #1,E18_5_e1_S3,ATGGGAACGGTG,10671,690.74,extrapolated
E18.5 #1,E18_5_e1_S3,ATGGGAACGGTG,10838,691.98,extrapolated
E18.5 #1,E18_5_e1_S3,ATGGGAACGGTG,11005,693.17,extrapolated
E18.5 #1,E18_5_e1_S3,ATGGGAACGGTG,11173,694.31,extrapolated
E18.5 #1,E18_5_e1_S3,ATGGGAACGGTG,11340,695.39,extrapolated
E18.5 #1,E18_5_e1_S3,ATGGGAACGGTG,11508,696.43,extrapolated
E18.5 #1,E18_5_e1_S3,ATGGGAACGGTG,11675,697.41,extrapolated
E18.5 #1,E18_5_e1_S3,ATGGGAACGGTG,11842,698.34,extrapolated
E18.5 #1,E18_5_e1_S3,ATGGGAACGGTG,12010,699.24,extrapolated
E18.5 #1,E18_5_e1_S3,ATGGGAACGGTG,12177,700.09,extrapolated
E18.5 #1,E18_5_e1_S3,ATGGGAACGGTG,12345,700.9,extrapolated
E18.5 #1,E18_5_e1_S3,CTGATAAGCTAT,1,1.0,observed
E18.5 #1,E18_5_e1_S3,CTGATAAGCTAT,5,4.55,observed
E18.5 #1,E18_5_e1_S3,CTGATAAGCTAT,9,7.53,observed
E18.5 #1,E18_5_e1_S3,CTGATAAGCTAT,14,10.69,observed
E18.5 #1,E18_5_e1_S3,CTGATAAGCTAT,18,12.89,observed
E18.5 #1,E18_5_e1_S3,CTGATAAGCTAT,22,14.87,observed
E18.5 #1,E18_5_e1_S3,CTGATAAGCTAT,27,17.12,observed
E18.5 #1,E18_5_e1_S3,CTGATAAGCTAT,31,18.78,observed
E18.5 #1,E18_5_e1_S3,CTGATAAGCTAT,35,20.34,observed
E18.5 #1,E18_5_e1_S3,CTGATAAGCTAT,40,22.17,observed
E18.5 #1,E18_5_e1_S3,CTGATAAGCTAT,44,23.56,observed
E18.5 #1,E18_5_e1_S3,CTGATAAGCTAT,48,24.89,observed
E18.5 #1,E18_5_e1_S3,CTGATAAGCTAT,53,26.47,observed
E18.5 #1,E18_5_e1_S3,CTGATAAGCTAT,57,27.69,observed
E18.5 #1,E18_5_e1_S3,CTGATAAGCTAT,61,28.86,observed
E18.5 #1,E18_5_e1_S3,CTGATAAGCTAT,66,30.28,observed
E18.5 #1,E18_5_e1_S3,CTGATAAGCTAT,70,31.37,observed
E18.5 #1,E18_5_e1_S3,CTGATAAGCTAT,74,32.42,observed
E18.5 #1,E18_5_e1_S3,CTGATAAGCTAT,79,33.7,observed
E18.5 #1,E18_5_e1_S3,CTGATAAGCTAT,83,34.7,observed
E18.5 #1,E18_5_e1_S3,CTGATAAGCTAT,87,35.67,observed
E18.5 #1,E18_5_e1_S3,CTGATAAGCTAT,92,36.84,observed
E18.5 #1,E18_5_e1_S3,CTGATAAGCTAT,96,37.76,observed
E18.5 #1,E18_5_e1_S3,CTGATAAGCTAT,100,38.65,observed
E18.5 #1,E18_5_e1_S3,CTGATAAGCTAT,105,39.74,observed
E18.5 #1,E18_5_e1_S3,CTGATAAGCTAT,109,40.59,observed
E18.5 #1,E18_5_e1_S3,CTGATAAGCTAT,113,41.43,observed
E18.5 #1,E18_5_e1_S3,CTGATAAGCTAT,117,42.25,observed
E18.5 #1,E18_5_e1_S3,CTGATAAGCTAT,122,43.25,observed
E18.5 #1,E18_5_e1_S3,CTGATAAGCTAT,126,44.04,observed
E18.5 #1,E18_5_e1_S3,CTGATAAGCTAT,131,45.0,observed
E18.5 #1,E18_5_e1_S3,CTGATAAGCTAT,135,45.76,observed
E18.5 #1,E18_5_e1_S3,CTGATAAGCTAT,139,46.51,observed
E18.5 #1,E18_5_e1_S3,CTGATAAGCTAT,144,47.43,observed
E18.5 #1,E18_5_e1_S3,CTGATAAGCTAT,148,48.15,observed
E18.5 #1,E18_5_e1_S3,CTGATAAGCTAT,152,48.87,observed
E18.5 #1,E18_5_e1_S3,CTGATAAGCTAT,157,49.75,observed
E18.5 #1,E18_5_e1_S3,CTGATAAGCTAT,161,50.45,observed
E18.5 #1,E18_5_e1_S3,CTGATAAGCTAT,165,51.14,observed
E18.5 #1,E18_5_e1_S3,CTGATAAGCTAT,170,52.0,observed
E18.5 #1,E18_5_e1_S3,CTGATAAGCTAT,181,53.85,extrapolated
E18.5 #1,E18_5_e1_S3,CTGATAAGCTAT,193,55.83,extrapolated
E18.5 #1,E18_5_e1_S3,CTGATAAGCTAT,204,57.6,extrapolated
E18.5 #1,E18_5_e1_S3,CTGATAAGCTAT,216,59.48,extrapolated
E18.5 #1,E18_5_e1_S3,CTGATAAGCTAT,227,61.17,extrapolated
E18.5 #1,E18_5_e1_S3,CTGATAAGCTAT,239,62.97,extrapolated
E18.5 #1,E18_5_e1_S3,CTGATAAGCTAT,250,64.58,extrapolated
E18.5 #1,E18_5_e1_S3,CTGATAAGCTAT,262,66.3,extrapolated
E18.5 #1,E18_5_e1_S3,CTGATAAGCTAT,273,67.83,extrapolated
E18.5 #1,E18_5_e1_S3,CTGATAAGCTAT,285,69.47,extrapolated
E18.5 #1,E18_5_e1_S3,CTGATAAGCTAT,296,70.94,extrapolated
E18.5 #1,E18_5_e1_S3,CTGATAAGCTAT,308,72.5,extrapolated
E18.5 #1,E18_5_e1_S3,CTGATAAGCTAT,319,73.9,extrapolated
E18.5 #1,E18_5_e1_S3,CTGATAAGCTAT,331,75.39,extrapolated
E18.5 #1,E18_5_e1_S3,CTGATAAGCTAT,342,76.72,extrapolated
E18.5 #1,E18_5_e1_S3,CTGATAAGCTAT,354,78.15,extrapolated
E18.5 #1,E18_5_e1_S3,CTGATAAGCTAT,365,79.42,extrapolated
E18.5 #1,E18_5_e1_S3,CTGATAAGCTAT,377,80.78,extrapolated
E18.5 #1,E18_5_e1_S3,CTGATAAGCTAT,388,81.99,extrapolated
E18.5 #1,E18_5_e1_S3,CTGATAAGCTAT,400,83.29,extrapolated
E18.5 #1,E18_5_e1_S3,CTGATAAGCTAT,412,84.55,extrapolated
E18.5 #1,E18_5_e1_S3,CTGATAAGCTAT,423,85.69,extrapolated
E18.5 #1,E18_5_e1_S3,CTGATAAGCTAT,435,86.89,extrapolated
E18.5 #1,E18_5_e1_S3,CTGATAAGCTAT,446,87.97,extrapolated
E18.5 #1,E18_5_e1_S3,CTGATAAGCTAT,458,89.12,extrapolated
E18.5 #1,E18_5_e1_S3,CTGATAAGCTAT,469,90.15,extrapolated
E18.5 #1,E18_5_e1_S3,CTGATAAGCTAT,481,91.25,extrapolated
E18.5 #1,E18_5_e1_S3,CTGATAAGCTAT,492,92.24,extrapolated
E18.5 #1,E18_5_e1_S3,CTGATAAGCTAT,504,93.28,extrapolated
E18.5 #1,E18_5_e1_S3,CTGATAAGCTAT,515,94.22,extrapolated
E18.5 #1,E18_5_e1_S3,CTGATAAGCTAT,527,95.22,extrapolated
E18.5 #1,E18_5_e1_S3,CTGATAAGCTAT,538,96.12,extrapolated
E18.5 #1,E18_5_e1_S3,CTGATAAGCTAT,550,97.07,extrapolated
E18.5 #1,E18_5_e1_S3,CTGATAAGCTAT,561,97.93,extrapolated
E18.5 #1,E18_5_e1_S3,CTGATAAGCTAT,573,98.84,extrapolated
E18.5 #1,E18_5_e1_S3,CTGATAAGCTAT,584,99.65,extrapolated
E18.5 #1,E18_5_e1_S3,CTGATAAGCTAT,596,100.52,extrapolated
E18.5 #1,E18_5_e1_S3,CTGATAAGCTAT,607,101.3,extrapolated
E18.5 #1,E18_5_e1_S3,CTGATAAGCTAT,619,102.13,extrapolated
E18.5 #1,E18_5_e1_S3,CTGATAAGCTAT,631,102.94,extrapolated
E18.5 #1,E18_5_e1_S3,CTGATAAGCTAT,642,103.66,extrapolated
E18.5 #1,E18_5_e1_S3,CTGATAAGCTAT,654,104.43,extrapolated
E18.5 #1,E18_5_e1_S3,CTGATAAGCTAT,665,105.12,extrapolated
E18.5 #1,E18_5_e1_S3,CTGATAAGCTAT,677,105.86,extrapolated
E18.5 #1,E18_5_e1_S3,CTGATAAGCTAT,688,106.52,extrapolated
E18.5 #1,E18_5_e1_S3,CTGATAAGCTAT,700,107.22,extrapolated
E18.5 #1,E18_5_e1_S3,CTGATAAGCTAT,711,107.85,extrapolated
E18.5 #1,E18_5_e1_S3,CTGATAAGCTAT,723,108.52,extrapolated
E18.5 #1,E18_5_e1_S3,CTGATAAGCTAT,734,109.12,extrapolated
E18.5 #1,E18_5_e1_S3,CTGATAAGCTAT,746,109.76,extrapolated
E18.5 #1,E18_5_e1_S3,CTGATAAGCTAT,757,110.34,extrapolated
E18.5 #1,E18_5_e1_S3,CTGATAAGCTAT,769,110.95,extrapolated
E18.5 #1,E18_5_e1_S3,CTGATAAGCTAT,780,111.49,extrapolated
E18.5 #1,E18_5_e1_S3,CTGATAAGCTAT,792,112.08,extrapolated
E18.5 #1,E18_5_e1_S3,CTGATAAGCTAT,803,112.6,extrapolated
E18.5 #1,E18_5_e1_S3,CTGATAAGCTAT,815,113.15,extrapolated
E18.5 #1,E18_5_e1_S3,CTGATAAGCTAT,826,113.65,extrapolated
E18.5 #1,E18_5_e1_S3,CTGATAAGCTAT,838,114.18,extrapolated
E18.5 #1,E18_5_e1_S3,CTGATAAGCTAT,850,114.7,extrapolated
E18.5 #1,E18_5_e1_S3,TAGGGAATAGGA,1,1.0,observed
E18.5 #1,E18_5_e1_S3,TAGGGAATAGGA,60,43.53,observed
E18.5 #1,E18_5_e1_S3,TAGGGAATAGGA,120,73.24,observed
E18.5 #1,E18_5_e1_S3,TAGGGAATAGGA,180,97.84,observed
E18.5 #1,E18_5_e1_S3,TAGGGAATAGGA,240,119.35,observed
E18.5 #1,E18_5_e1_S3,TAGGGAATAGGA,300,138.66,observed
E18.5 #1,E18_5_e1_S3,TAGGGAATAGGA,360,156.3,observed
E18.5 #1,E18_5_e1_S3,TAGGGAATAGGA,420,172.6,observed
E18.5 #1,E18_5_e1_S3,TAGGGAATAGGA,479,187.56,observed
E18.5 #1,E18_5_e1_S3,TAGGGAATAGGA,539,201.87,observed
E18.5 #1,E18_5_e1_S3,TAGGGAATAGGA,599,215.39,observed
E18.5 #1,E18_5_e1_S3,TAGGGAATAGGA,659,228.24,observed
E18.5 #1,E18_5_e1_S3,TAGGGAATAGGA,719,240.49,observed
E18.5 #1,E18_5_e1_S3,TAGGGAATAGGA,779,252.22,observed
E18.5 #1,E18_5_e1_S3,TAGGGAATAGGA,839,263.48,observed
E18.5 #1,E18_5_e1_S3,TAGGGAATAGGA,899,274.31,observed
E18.5 #1,E18_5_e1_S3,TAGGGAATAGGA,958,284.58,observed
E18.5 #1,E18_5_e1_S3,TAGGGAATAGGA,1018,294.68,observed
E18.5 #1,E18_5_e1_S3,TAGGGAATAGGA,1078,304.45,observed
E18.5 #1,E18_5_e1_S3,TAGGGAATAGGA,1138,313.91,observed
E18.5 #1,E18_5_e1_S3,TAGGGAATAGGA,1198,323.08,observed
E18.5 #1,E18_5_e1_S3,TAGGGAATAGGA,1258,332.0,observed
E18.5 #1,E18_5_e1_S3,TAGGGAATAGGA,1318,340.66,observed
E18.5 #1,E18_5_e1_S3,TAGGGAATAGGA,1378,349.08,observed
E18.5 #1,E18_5_e1_S3,TAGGGAATAGGA,1437,357.14,observed
E18.5 #1,E18_5_e1_S3,TAGGGAATAGGA,1497,365.13,observed
E18.5 #1,E18_5_e1_S3,TAGGGAATAGGA,1557,372.92,observed
E18.5 #1,E18_5_e1_S3,TAGGGAATAGGA,1617,380.51,observed
E18.5 #1,E18_5_e1_S3,TAGGGAATAGGA,1677,387.92,observed
E18.5 #1,E18_5_e1_S3,TAGGGAATAGGA,1737,395.15,observed
E18.5 #1,E18_5_e1_S3,TAGGGAATAGGA,1797,402.21,observed
E18.5 #1,E18_5_e1_S3,TAGGGAATAGGA,1857,409.11,observed
E18.5 #1,E18_5_e1_S3,TAGGGAATAGGA,1916,415.74,observed
E18.5 #1,E18_5_e1_S3,TAGGGAATAGGA,1976,422.34,observed
E18.5 #1,E18_5_e1_S3,TAGGGAATAGGA,2036,428.79,observed
E18.5 #1,E18_5_e1_S3,TAGGGAATAGGA,2096,435.09,observed
E18.5 #1,E18_5_e1_S3,TAGGGAATAGGA,2156,441.26,observed
E18.5 #1,E18_5_e1_S3,TAGGGAATAGGA,2216,447.3,observed
E18.5 #1,E18_5_e1_S3,TAGGGAATAGGA,2276,453.21,observed
E18.5 #1,E18_5_e1_S3,TAGGGAATAGGA,2336,459.0,observed
E18.5 #1,E18_5_e1_S3,TAGGGAATAGGA,2494,473.67,extrapolated
E18.5 #1,E18_5_e1_S3,TAGGGAATAGGA,2652,487.56,extrapolated
E18.5 #1,E18_5_e1_S3,TAGGGAATAGGA,2811,500.77,extrapolated
E18.5 #1,E18_5_e1_S3,TAGGGAATAGGA,2969,513.2,extrapolated
E18.5 #1,E18_5_e1_S3,TAGGGAATAGGA,3127,524.96,extrapolated
E18.5 #1,E18_5_e1_S3,TAGGGAATAGGA,3286,536.16,extrapolated
E18.5 #1,E18_5_e1_S3,TAGGGAATAGGA,3444,546.68,extrapolated
E18.5 #1,E18_5_e1_S3,TAGGGAATAGGA,3602,556.65,extrapolated
E18.5 #1,E18_5_e1_S3,TAGGGAATAGGA,3761,566.13,extrapolated
E18.5 #1,E18_5_e1_S3,TAGGGAATAGGA,3919,575.05,extrapolated
E18.5 #1,E18_5_e1_S3,TAGGGAATAGGA,4078,583.54,extrapolated
E18.5 #1,E18_5_e1_S3,TAGGGAATAGGA,4236,591.52,extrapolated
E18.5 #1,E18_5_e1_S3,TAGGGAATAGGA,4394,599.07,extrapolated
E18.5 #1,E18_5_e1_S3,TAGGGAATAGGA,4553,606.26,extrapolated
E18.5 #1,E18_5_e1_S3,TAGGGAATAGGA,4711,613.02,extrapolated
E18.5 #1,E18_5_e1_S3,TAGGGAATAGGA,4869,619.42,extrapolated
E18.5 #1,E18_5_e1_S3,TAGGGAATAGGA,5028,625.51,extrapolated
E18.5 #1,E18_5_e1_S3,TAGGGAATAGGA,5186,631.24,extrapolated
E18.5 #1,E18_5_e1_S3,TAGGGAATAGGA,5345,636.69,extrapolated
E18.5 #1,E18_5_e1_S3,TAGGGAATAGGA,5503,641.82,extrapolated
E18.5 #1,E18_5_e1_S3,TAGGGAATAGGA,5661,646.67,extrapolated
E18.5 #1,E18_5_e1_S3,TAGGGAATAGGA,5820,651.29,extrapolated
E18.5 #1,E18_5_e1_S3,TAGGGAATAGGA,5978,655.63,extrapolated
E18.5 #1,E18_5_e1_S3,TAGGGAATAGGA,6136,659.74,extrapolated
E18.5 #1,E18_5_e1_S3,TAGGGAATAGGA,6295,663.65,extrapolated
E18.5 #1,E18_5_e1_S3,TAGGGAATAGGA,6453,667.33,extrapolated
E18.5 #1,E18_5_e1_S3,TAGGGAATAGGA,6612,670.83,extrapolated
E18.5 #1,E18_5_e1_S3,TAGGGAATAGGA,6770,674.12,extrapolated
E18.5 #1,E18_5_e1_S3,TAGGGAATAGGA,6928,677.24,extrapolated
E18.5 #1,E18_5_e1_S3,TAGGGAATAGGA,7087,680.2,extrapolated
E18.5 #1,E18_5_e1_S3,TAGGGAATAGGA,7245,682.99,extrapolated
E18.5 #1,E18_5_e1_S3,TAGGGAATAGGA,7403,685.63,extrapolated
E18.5 #1,E18_5_e1_S3,TAGGGAATAGGA,7562,688.15,extrapolated
E18.5 #1,E18_5_e1_S3,TAGGGAATAGGA,7720,690.51,extrapolated
E18.5 #1,E18_5_e1_S3,TAGGGAATAGGA,7879,692.76,extrapolated
E18.5 #1,E18_5_e1_S3,TAGGGAATAGGA,8037,694.87,extrapolated
E18.5 #1,E18_5_e1_S3,TAGGGAATAGGA,8195,696.87,extrapolated
E18.5 #1,E18_5_e1_S3,TAGGGAATAGGA,8354,698.78,extrapolated
E18.5 #1,E18_5_e1_S3,TAGGGAATAGGA,8512,700.57,extrapolated
E18.5 #1,E18_5_e1_S3,TAGGGAATAGGA,8670,702.26,extrapolated
E18.5 #1,E18_5_e1_S3,TAGGGAATAGGA,8829,703.88,extrapolated
E18.5 #1,E18_5_e1_S3,TAGGGAATAGGA,8987,705.39,extrapolated
E18.5 #1,E18_5_e1_S3,TAGGGAATAGGA,9146,706.84,extrapolated
E18.5 #1,E18_5_e1_S3,TAGGGAATAGGA,9304,708.2,extrapolated
E18.5 #1,E18_5_e1_S3,TAGGGAATAGGA,9462,709.48,extrapolated
E18.5 #1,E18_5_e1_S3,TAGGGAATAGGA,9621,710.71,extrapolated
E18.5 #1,E18_5_e1_S3,TAGGGAATAGGA,9779,711.86,extrapolated
E18.5 #1,E18_5_e1_S3,TAGGGAATAGGA,9937,712.94,extrapolated
E18.5 #1,E18_5_e1_S3,TAGGGAATAGGA,10096,713.98,extrapolated
E18.5 #1,E18_5_e1_S3,TAGGGAATAGGA,10254,714.95,extrapolated
E18.5 #1,E18_5_e1_S3,TAGGGAATAGGA,10413,715.88,extrapolated
E18.5 #1,E18_5_e1_S3,TAGGGAATAGGA,10571,716.75,extrapolated
E18.5 #1,E18_5_e1_S3,TAGGGAATAGGA,10729,717.58,extrapolated
E18.5 #1,E18_5_e1_S3,TAGGGAATAGGA,10888,718.37,extrapolated
E18.5 #1,E18_5_e1_S3,TAGGGAATAGGA,11046,719.1,extrapolated
E18.5 #1,E18_5_e1_S3,TAGGGAATAGGA,11204,719.8,extrapolated
E18.5 #1,E18_5_e1_S3,TAGGGAATAGGA,11363,720.47,extrapolated
E18.5 #1,E18_5_e1_S3,TAGGGAATAGGA,11521,721.1,extrapolated
E18.5 #1,E18_5_e1_S3,TAGGGAATAGGA,11680,721.69,extrapolated
E18.5 #1,E18_5_e1_S3,CATGGAACCGTA,1,1.0,observed
E18.5 #1,E18_5_e1_S3,CATGGAACCGTA,60,45.49,observed
E18.5 #1,E18_5_e1_S3,CATGGAACCGTA,120,77.64,observed
E18.5 #1,E18_5_e1_S3,CATGGAACCGTA,180,104.14,observed
E18.5 #1,E18_5_e1_S3,CATGGAACCGTA,240,127.15,observed
E18.5 #1,E18_5_e1_S3,CATGGAACCGTA,300,147.67,observed
E18.5 #1,E18_5_e1_S3,CATGGAACCGTA,360,166.28,observed
E18.5 #1,E18_5_e1_S3,CATGGAACCGTA,420,183.35,observed
E18.5 #1,E18_5_e1_S3,CATGGAACCGTA,479,198.9,observed
E18.5 #1,E18_5_e1_S3,CATGGAACCGTA,539,213.64,observed
E18.5 #1,E18_5_e1_S3,CATGGAACCGTA,599,227.46,observed
E18.5 #1,E18_5_e1_S3,CATGGAACCGTA,659,240.48,observed
E18.5 #1,E18_5_e1_S3,CATGGAACCGTA,719,252.79,observed
E18.5 #1,E18_5_e1_S3,CATGGAACCGTA,779,264.48,observed
E18.5 #1,E18_5_e1_S3,CATGGAACCGTA,839,275.62,observed
E18.5 #1,E18_5_e1_S3,CATGGAACCGTA,899,286.27,observed
E18.5 #1,E18_5_e1_S3,CATGGAACCGTA,958,296.3,observed
E18.5 #1,E18_5_e1_S3,CATGGAACCGTA,1018,306.11,observed
E18.5 #1,E18_5_e1_S3,CATGGAACCGTA,1078,315.55,observed
E18.5 #1,E18_5_e1_S3,CATGGAACCGTA,1138,324.65,observed
E18.5 #1,E18_5_e1_S3,CATGGAACCGTA,1198,333.45,observed
E18.5 #1,E18_5_e1_S3,CATGGAACCGTA,1258,341.97,observed
E18.5 #1,E18_5_e1_S3,CATGGAACCGTA,1318,350.23,observed
E18.5 #1,E18_5_e1_S3,CATGGAACCGTA,1378,358.25,observed
E18.5 #1,E18_5_e1_S3,CATGGAACCGTA,1437,365.92,observed
E18.5 #1,E18_5_e1_S3,CATGGAACCGTA,1497,373.52,observed
E18.5 #1,E18_5_e1_S3,CATGGAACCGTA,1557,380.92,observed
E18.5 #1,E18_5_e1_S3,CATGGAACCGTA,1617,388.15,observed
E18.5 #1,E18_5_e1_S3,CATGGAACCGTA,1677,395.2,observed
E18.5 #1,E18_5_e1_S3,CATGGAACCGTA,1737,402.1,observed
E18.5 #1,E18_5_e1_S3,CATGGAACCGTA,1797,408.85,observed
E18.5 #1,E18_5_e1_S3,CATGGAACCGTA,1857,415.46,observed
E18.5 #1,E18_5_e1_S3,CATGGAACCGTA,1916,421.83,observed
E18.5 #1,E18_5_e1_S3,CATGGAACCGTA,1976,428.18,observed
E18.5 #1,E18_5_e1_S3,CATGGAACCGTA,2036,434.42,observed
E18.5 #1,E18_5_e1_S3,CATGGAACCGTA,2096,440.54,observed
E18.5 #1,E18_5_e1_S3,CATGGAACCGTA,2156,446.55,observed
E18.5 #1,E18_5_e1_S3,CATGGAACCGTA,2216,452.46,observed
E18.5 #1,E18_5_e1_S3,CATGGAACCGTA,2276,458.28,observed
E18.5 #1,E18_5_e1_S3,CATGGAACCGTA,2336,464.0,observed
E18.5 #1,E18_5_e1_S3,CATGGAACCGTA,2494,478.64,extrapolated
E18.5 #1,E18_5_e1_S3,CATGGAACCGTA,2652,492.68,extrapolated
E18.5 #1,E18_5_e1_S3,CATGGAACCGTA,2811,506.23,extrapolated
E18.5 #1,E18_5_e1_S3,CATGGAACCGTA,2969,519.15,extrapolated
E18.5 #1,E18_5_e1_S3,CATGGAACCGTA,3127,531.54,extrapolated
E18.5 #1,E18_5_e1_S3,CATGGAACCGTA,3286,543.5,extrapolated
E18.5 #1,E18_5_e1_S3,CATGGAACCGTA,3444,554.9,extrapolated
E18.5 #1,E18_5_e1_S3,CATGGAACCGTA,3602,565.83,extrapolated
E18.5 #1,E18_5_e1_S3,CATGGAACCGTA,3761,576.38,extrapolated
E18.5 #1,E18_5_e1_S3,CATGGAACCGTA,3919,586.44,extrapolated
E18.5 #1,E18_5_e1_S3,CATGGAACCGTA,4078,596.14,extrapolated
E18.5 #1,E18_5_e1_S3,CATGGAACCGTA,4236,605.39,extrapolated
E18.5 #1,E18_5_e1_S3,CATGGAACCGTA,4394,614.26,extrapolated
E18.5 #1,E18_5_e1_S3,CATGGAACCGTA,4553,622.83,extrapolated
E18.5 #1,E18_5_e1_S3,CATGGAACCGTA,4711,630.99,extrapolated
E18.5 #1,E18_5_e1_S3,CATGGAACCGTA,4869,638.82,extrapolated
E18.5 #1,E18_5_e1_S3,CATGGAACCGTA,5028,646.38,extrapolated
E18.5 #1,E18_5_e1_S3,CATGGAACCGTA,5186,653.58,extrapolated
E18.5 #1,E18_5_e1_S3,CATGGAACCGTA,5345,660.53,extrapolated
E18.5 #1,E18_5_e1_S3,CATGGAACCGTA,5503,667.15,extrapolated
E18.5 #1,E18_5_e1_S3,CATGGAACCGTA,5661,673.51,extrapolated
E18.5 #1,E18_5_e1_S3,CATGGAACCGTA,5820,679.64,extrapolated
E18.5 #1,E18_5_e1_S3,CATGGAACCGTA,5978,685.48,extrapolated
E18.5 #1,E18_5_e1_S3,CATGGAACCGTA,6136,691.09,extrapolated
E18.5 #1,E18_5_e1_S3,CATGGAACCGTA,6295,696.5,extrapolated
E18.5 #1,E18_5_e1_S3,CATGGAACCGTA,6453,701.66,extrapolated
E18.5 #1,E18_5_e1_S3,CATGGAACCGTA,6612,706.64,extrapolated
E18.5 #1,E18_5_e1_S3,CATGGAACCGTA,6770,711.38,extrapolated
E18.5 #1,E18_5_e1_S3,CATGGAACCGTA,6928,715.93,extrapolated
E18.5 #1,E18_5_e1_S3,CATGGAACCGTA,7087,720.32,extrapolated
E18.5 #1,E18_5_e1_S3,CATGGAACCGTA,7245,724.51,extrapolated
E18.5 #1,E18_5_e1_S3,CATGGAACCGTA,7403,728.53,extrapolated
E18.5 #1,E18_5_e1_S3,CATGGAACCGTA,7562,732.4,extrapolated
E18.5 #1,E18_5_e1_S3,CATGGAACCGTA,7720,736.09,extrapolated
E18.5 #1,E18_5_e1_S3,CATGGAACCGTA,7879,739.66,extrapolated
E18.5 #1,E18_5_e1_S3,CATGGAACCGTA,8037,743.06,extrapolated
E18.5 #1,E18_5_e1_S3,CATGGAACCGTA,8195,746.32,extrapolated
E18.5 #1,E18_5_e1_S3,CATGGAACCGTA,8354,749.46,extrapolated
E18.5 #1,E18_5_e1_S3,CATGGAACCGTA,8512,752.46,extrapolated
E18.5 #1,E18_5_e1_S3,CATGGAACCGTA,8670,755.33,extrapolated
E18.5 #1,E18_5_e1_S3,CATGGAACCGTA,8829,758.11,extrapolated
E18.5 #1,E18_5_e1_S3,CATGGAACCGTA,8987,760.76,extrapolated
E18.5 #1,E18_5_e1_S3,CATGGAACCGTA,9146,763.31,extrapolated
E18.5 #1,E18_5_e1_S3,CATGGAACCGTA,9304,765.74,extrapolated
E18.5 #1,E18_5_e1_S3,CATGGAACCGTA,9462,768.07,extrapolated
E18.5 #1,E18_5_e1_S3,CATGGAACCGTA,9621,770.33,extrapolated
E18.5 #1,E18_5_e1_S3,CATGGAACCGTA,9779,772.47,extrapolated
E18.5 #1,E18_5_e1_S3,CATGGAACCGTA,9937,774.53,extrapolated
E18.5 #1,E18_5_e1_S3,CATGGAACCGTA,10096,776.52,extrapolated
E18.5 #1,E18_5_e1_S3,CATGGAACCGTA,10254,778.42,extrapolated
E18.5 #1,E18_5_e1_S3,CATGGAACCGTA,10413,780.24,extrapolated
E18.5 #1,E18_5_e1_S3,CATGGAACCGTA,10571,781.99,extrapolated
E18.5 #1,E18_5_e1_S3,CATGGAACCGTA,10729,783.66,extrapolated
E18.5 #1,E18_5_e1_S3,CATGGAACCGTA,10888,785.27,extrapolated
E18.5 #1,E18_5_e1_S3,CATGGAACCGTA,11046,786.81,extrapolated
E18.5 #1,E18_5_e1_S3,CATGGAACCGTA,11204,788.28,extrapolated
E18.5 #1,E18_5_e1_S3,CATGGAACCGTA,11363,789.71,extrapolated
E18.5 #1,E18_5_e1_S3,CATGGAACCGTA,11521,791.06,extrapolated
E18.5 #1,E18_5_e1_S3,CATGGAACCGTA,11680,792.37,extrapolated
E18.5 #1,E18_5_e1_S3,TAGAGAATCCTA,1,1.0,observed
E18.5 #1,E18_5_e1_S3,TAGAGAATCCTA,32,27.76,observed
E18.5 #1,E18_5_e1_S3,TAGAGAATCCTA,63,48.77,observed
E18.5 #1,E18_5_e1_S3,TAGAGAATCCTA,94,66.21,observed
E18.5 #1,E18_5_e1_S3,TAGAGAATCCTA,125,81.19,observed
E18.5 #1,E18_5_e1_S3,TAGAGAATCCTA,156,94.39,observed
E18.5 #1,E18_5_e1_S3,TAGAGAATCCTA,187,106.22,observed
E18.5 #1,E18_5_e1_S3,TAGAGAATCCTA,218,116.98,observed
E18.5 #1,E18_5_e1_S3,TAGAGAATCCTA,249,126.86,observed
E18.5 #1,E18_5_e1_S3,TAGAGAATCCTA,280,136.03,observed
E18.5 #1,E18_5_e1_S3,TAGAGAATCCTA,311,144.6,observed
E18.5 #1,E18_5_e1_S3,TAGAGAATCCTA,342,152.65,observed
E18.5 #1,E18_5_e1_S3,TAGAGAATCCTA,373,160.26,observed
E18.5 #1,E18_5_e1_S3,TAGAGAATCCTA,405,167.71,observed
E18.5 #1,E18_5_e1_S3,TAGAGAATCCTA,436,174.58,observed
E18.5 #1,E18_5_e1_S3,TAGAGAATCCTA,467,181.15,observed
E18.5 #1,E18_5_e1_S3,TAGAGAATCCTA,498,187.44,observed
E18.5 #1,E18_5_e1_S3,TAGAGAATCCTA,529,193.5,observed
E18.5 #1,E18_5_e1_S3,TAGAGAATCCTA,560,199.32,observed
E18.5 #1,E18_5_e1_S3,TAGAGAATCCTA,591,204.95,observed
E18.5 #1,E18_5_e1_S3,TAGAGAATCCTA,622,210.38,observed
E18.5 #1,E18_5_e1_S3,TAGAGAATCCTA,653,215.65,observed
E18.5 #1,E18_5_e1_S3,TAGAGAATCCTA,684,220.75,observed
E18.5 #1,E18_5_e1_S3,TAGAGAATCCTA,715,225.7,observed
E18.5 #1,E18_5_e1_S3,TAGAGAATCCTA,746,230.52,observed
E18.5 #1,E18_5_e1_S3,TAGAGAATCCTA,777,235.21,observed
E18.5 #1,E18_5_e1_S3,TAGAGAATCCTA,809,239.92,observed
E18.5 #1,E18_5_e1_S3,TAGAGAATCCTA,840,244.37,observed
E18.5 #1,E18_5_e1_S3,TAGAGAATCCTA,871,248.71,observed
E18.5 #1,E18_5_e1_S3,TAGAGAATCCTA,902,252.95,observed
E18.5 #1,E18_5_e1_S3,TAGAGAATCCTA,933,257.1,observed
E18.5 #1,E18_5_e1_S3,TAGAGAATCCTA,964,261.16,observed
E18.5 #1,E18_5_e1_S3,TAGAGAATCCTA,995,265.13,observed
E18.5 #1,E18_5_e1_S3,TAGAGAATCCTA,1026,269.03,observed
E18.5 #1,E18_5_e1_S3,TAGAGAATCCTA,1057,272.84,observed
E18.5 #1,E18_5_e1_S3,TAGAGAATCCTA,1088,276.59,observed
E18.5 #1,E18_5_e1_S3,TAGAGAATCCTA,1119,280.26,observed
E18.5 #1,E18_5_e1_S3,TAGAGAATCCTA,1150,283.87,observed
E18.5 #1,E18_5_e1_S3,TAGAGAATCCTA,1181,287.41,observed
E18.5 #1,E18_5_e1_S3,TAGAGAATCCTA,1213,291.0,observed
E18.5 #1,E18_5_e1_S3,TAGAGAATCCTA,1295,299.92,extrapolated
E18.5 #1,E18_5_e1_S3,TAGAGAATCCTA,1377,308.45,extrapolated
E18.5 #1,E18_5_e1_S3,TAGAGAATCCTA,1459,316.6,extrapolated
E18.5 #1,E18_5_e1_S3,TAGAGAATCCTA,1541,324.39,extrapolated
E18.5 #1,E18_5_e1_S3,TAGAGAATCCTA,1624,331.93,extrapolated
E18.5 #1,E18_5_e1_S3,TAGAGAATCCTA,1706,339.05,extrapolated
E18.5 #1,E18_5_e1_S3,TAGAGAATCCTA,1788,345.85,extrapolated
E18.5 #1,E18_5_e1_S3,TAGAGAATCCTA,1870,352.35,extrapolated
E18.5 #1,E18_5_e1_S3,TAGAGAATCCTA,1953,358.64,extrapolated
E18.5 #1,E18_5_e1_S3,TAGAGAATCCTA,2035,364.58,extrapolated
E18.5 #1,E18_5_e1_S3,TAGAGAATCCTA,2117,370.26,extrapolated
E18.5 #1,E18_5_e1_S3,TAGAGAATCCTA,2199,375.68,extrapolated
E18.5 #1,E18_5_e1_S3,TAGAGAATCCTA,2282,380.93,extrapolated
E18.5 #1,E18_5_e1_S3,TAGAGAATCCTA,2364,385.89,extrapolated
E18.5 #1,E18_5_e1_S3,TAGAGAATCCTA,2446,390.63,extrapolated
E18.5 #1,E18_5_e1_S3,TAGAGAATCCTA,2528,395.15,extrapolated
E18.5 #1,E18_5_e1_S3,TAGAGAATCCTA,2611,399.53,extrapolated
E18.5 #1,E18_5_e1_S3,TAGAGAATCCTA,2693,403.67,extrapolated
E18.5 #1,E18_5_e1_S3,TAGAGAATCCTA,2775,407.62,extrapolated
E18.5 #1,E18_5_e1_S3,TAGAGAATCCTA,2857,411.4,extrapolated
E18.5 #1,E18_5_e1_S3,TAGAGAATCCTA,2939,415.01,extrapolated
E18.5 #1,E18_5_e1_S3,TAGAGAATCCTA,3022,418.51,extrapolated
E18.5 #1,E18_5_e1_S3,TAGAGAATCCTA,3104,421.81,extrapolated
E18.5 #1,E18_5_e1_S3,TAGAGAATCCTA,3186,424.96,extrapolated
E18.5 #1,E18_5_e1_S3,TAGAGAATCCTA,3268,427.98,extrapolated
E18.5 #1,E18_5_e1_S3,TAGAGAATCCTA,3351,430.89,extrapolated
E18.5 #1,E18_5_e1_S3,TAGAGAATCCTA,3433,433.65,extrapolated
E18.5 #1,E18_5_e1_S3,TAGAGAATCCTA,3515,436.28,extrapolated
E18.5 #1,E18_5_e1_S3,TAGAGAATCCTA,3597,438.79,extrapolated
E18.5 #1,E18_5_e1_S3,TAGAGAATCCTA,3680,441.23,extrapolated
E18.5 #1,E18_5_e1_S3,TAGAGAATCCTA,3762,443.52,extrapolated
E18.5 #1,E18_5_e1_S3,TAGAGAATCCTA,3844,445.72,extrapolated
E18.5 #1,E18_5_e1_S3,TAGAGAATCCTA,3926,447.82,extrapolated
E18.5 #1,E18_5_e1_S3,TAGAGAATCCTA,4009,449.85,extrapolated
E18.5 #1,E18_5_e1_S3,TAGAGAATCCTA,4091,451.77,extrapolated
E18.5 #1,E18_5_e1_S3,TAGAGAATCCTA,4173,453.6,extrapolated
E18.5 #1,E18_5_e1_S3,TAGAGAATCCTA,4255,455.35,extrapolated
E18.5 #1,E18_5_e1_S3,TAGAGAATCCTA,4338,457.05,extrapolated
E18.5 #1,E18_5_e1_S3,TAGAGAATCCTA,4420,458.65,extrapolated
E18.5 #1,E18_5_e1_S3,TAGAGAATCCTA,4502,460.18,extrapolated
E18.5 #1,E18_5_e1_S3,TAGAGAATCCTA,4584,461.64,extrapolated
E18.5 #1,E18_5_e1_S3,TAGAGAATCCTA,4666,463.03,extrapolated
E18.5 #1,E18_5_e1_S3,TAGAGAATCCTA,4749,464.39,extrapolated
E18.5 #1,E18_5_e1_S3,TAGAGAATCCTA,4831,465.66,extrapolated
E18.5 #1,E18_5_e1_S3,TAGAGAATCCTA,4913,466.88,extrapolated
E18.5 #1,E18_5_e1_S3,TAGAGAATCCTA,4995,468.05,extrapolated
E18.5 #1,E18_5_e1_S3,TAGAGAATCCTA,5078,469.18,extrapolated
E18.5 #1,E18_5_e1_S3,TAGAGAATCCTA,5160,470.24,extrapolated
E18.5 #1,E18_5_e1_S3,TAGAGAATCCTA,5242,471.26,extrapolated
E18.5 #1,E18_5_e1_S3,TAGAGAATCCTA,5324,472.23,extrapolated
E18.5 #1,E18_5_e1_S3,TAGAGAATCCTA,5407,473.17,extrapolated
E18.5 #1,E18_5_e1_S3,TAGAGAATCCTA,5489,474.06,extrapolated
E18.5 #1,E18_5_e1_S3,TAGAGAATCCTA,5571,474.91,extrapolated
E18.5 #1,E18_5_e1_S3,TAGAGAATCCTA,5653,475.73,extrapolated
E18.5 #1,E18_5_e1_S3,TAGAGAATCCTA,5736,476.51,extrapolated
E18.5 #1,E18_5_e1_S3,TAGAGAATCCTA,5818,477.25,extrapolated
E18.5 #1,E18_5_e1_S3,TAGAGAATCCTA,5900,477.96,extrapolated
E18.5 #1,E18_5_e1_S3,TAGAGAATCCTA,5982,478.64,extrapolated
E18.5 #1,E18_5_e1_S3,TAGAGAATCCTA,6065,479.29,extrapolated
E18.5 #1,E18_5_e1_S3,CCGAAAACACTA,1,1.0,observed
E18.5 #1,E18_5_e1_S3,CCGAAAACACTA,53,40.1,observed
E18.5 #1,E18_5_e1_S3,CCGAAAACACTA,106,69.28,observed
E18.5 #1,E18_5_e1_S3,CCGAAAACACTA,159,93.7,observed
E18.5 #1,E18_5_e1_S3,CCGAAAACACTA,211,114.67,observed
E18.5 #1,E18_5_e1_S3,CCGAAAACACTA,264,133.84,observed
E18.5 #1,E18_5_e1_S3,CCGAAAACACTA,317,151.28,observed
E18.5 #1,E18_5_e1_S3,CCGAAAACACTA,370,167.31,observed
E18.5 #1,E18_5_e1_S3,CCGAAAACACTA,422,181.91,observed
E18.5 #1,E18_5_e1_S3,CCGAAAACACTA,475,195.8,observed
E18.5 #1,E18_5_e1_S3,CCGAAAACACTA,528,208.85,observed
E18.5 #1,E18_5_e1_S3,CCGAAAACACTA,581,221.16,observed
E18.5 #1,E18_5_e1_S3,CCGAAAACACTA,633,232.61,observed
E18.5 #1,E18_5_e1_S3,CCGAAAACACTA,686,243.71,observed
E18.5 #1,E18_5_e1_S3,CCGAAAACACTA,739,254.3,observed
E18.5 #1,E18_5_e1_S3,CCGAAAACACTA,792,264.44,observed
E18.5 #1,E18_5_e1_S3,CCGAAAACACTA,844,273.99,observed
E18.5 #1,E18_5_e1_S3,CCGAAAACACTA,897,283.35,observed
E18.5 #1,E18_5_e1_S3,CCGAAAACACTA,950,292.37,observed
E18.5 #1,E18_5_e1_S3,CCGAAAACACTA,1003,301.08,observed
E18.5 #1,E18_5_e1_S3,CCGAAAACACTA,1055,309.35,observed
E18.5 #1,E18_5_e1_S3,CCGAAAACACTA,1108,317.51,observed
E18.5 #1,E18_5_e1_S3,CCGAAAACACTA,1161,325.42,observed
E18.5 #1,E18_5_e1_S3,CCGAAAACACTA,1214,333.11,observed
E18.5 #1,E18_5_e1_S3,CCGAAAACACTA,1266,340.44,observed
E18.5 #1,E18_5_e1_S3,CCGAAAACACTA,1319,347.71,observed
E18.5 #1,E18_5_e1_S3,CCGAAAACACTA,1372,354.79,observed
E18.5 #1,E18_5_e1_S3,CCGAAAACACTA,1425,361.7,observed
E18.5 #1,E18_5_e1_S3,CCGAAAACACTA,1477,368.31,observed
E18.5 #1,E18_5_e1_S3,CCGAAAACACTA,1530,374.88,observed
E18.5 #1,E18_5_e1_S3,CCGAAAACACTA,1583,381.3,observed
E18.5 #1,E18_5_e1_S3,CCGAAAACACTA,1636,387.58,observed
E18.5 #1,E18_5_e1_S3,CCGAAAACACTA,1688,393.6,observed
E18.5 #1,E18_5_e1_S3,CCGAAAACACTA,1741,399.6,observed
E18.5 #1,E18_5_e1_S3,CCGAAAACACTA,1794,405.48,observed
E18.5 #1,E18_5_e1_S3,CCGAAAACACTA,1847,411.23,observed
E18.5 #1,E18_5_e1_S3,CCGAAAACACTA,1899,416.76,observed
E18.5 #1,E18_5_e1_S3,CCGAAAACACTA,1952,422.28,observed
E18.5 #1,E18_5_e1_S3,CCGAAAACACTA,2005,427.7,observed
E18.5 #1,E18_5_e1_S3,CCGAAAACACTA,2058,433.0,observed
E18.5 #1,E18_5_e1_S3,CCGAAAACACTA,2197,446.43,extrapolated
E18.5 #1,E18_5_e1_S3,CCGAAAACACTA,2337,459.27,extrapolated
E18.5 #1,E18_5_e1_S3,CCGAAAACACTA,2476,471.37,extrapolated
E18.5 #1,E18_5_e1_S3,CCGAAAACACTA,2616,482.94,extrapolated
E18.5 #1,E18_5_e1_S3,CCGAAAACACTA,2755,493.85,extrapolated
E18.5 #1,E18_5_e1_S3,CCGAAAACACTA,2895,504.29,extrapolated
E18.5 #1,E18_5_e1_S3,CCGAAAACACTA,3034,514.13,extrapolated
E18.5 #1,E18_5_e1_S3,CCGAAAACACTA,3174,523.53,extrapolated
E18.5 #1,E18_5_e1_S3,CCGAAAACACTA,3313,532.4,extrapolated
E18.5 #1,E18_5_e1_S3,CCGAAAACACTA,3453,540.88,extrapolated
E18.5 #1,E18_5_e1_S3,CCGAAAACACTA,3592,548.87,extrapolated
E18.5 #1,E18_5_e1_S3,CCGAAAACACTA,3732,556.52,extrapolated
E18.5 #1,E18_5_e1_S3,CCGAAAACACTA,3871,563.73,extrapolated
E18.5 #1,E18_5_e1_S3,CCGAAAACACTA,4011,570.62,extrapolated
E18.5 #1,E18_5_e1_S3,CCGAAAACACTA,4150,577.11,extrapolated
E18.5 #1,E18_5_e1_S3,CCGAAAACACTA,4290,583.33,extrapolated
E18.5 #1,E18_5_e1_S3,CCGAAAACACTA,4429,589.18,extrapolated
E18.5 #1,E18_5_e1_S3,CCGAAAACACTA,4569,594.78,extrapolated
E18.5 #1,E18_5_e1_S3,CCGAAAACACTA,4708,600.06,extrapolated
E18.5 #1,E18_5_e1_S3,CCGAAAACACTA,4848,605.11,extrapolated
E18.5 #1,E18_5_e1_S3,CCGAAAACACTA,4988,609.91,extrapolated
E18.5 #1,E18_5_e1_S3,CCGAAAACACTA,5127,614.42,extrapolated
E18.5 #1,E18_5_e1_S3,CCGAAAACACTA,5267,618.74,extrapolated
E18.5 #1,E18_5_e1_S3,CCGAAAACACTA,5406,622.82,extrapolated
E18.5 #1,E18_5_e1_S3,CCGAAAACACTA,5546,626.71,extrapolated
E18.5 #1,E18_5_e1_S3,CCGAAAACACTA,5685,630.39,extrapolated
E18.5 #1,E18_5_e1_S3,CCGAAAACACTA,5825,633.9,extrapolated
E18.5 #1,E18_5_e1_S3,CCGAAAACACTA,5964,637.21,extrapolated
E18.5 #1,E18_5_e1_S3,CCGAAAACACTA,6104,640.37,extrapolated
E18.5 #1,E18_5_e1_S3,CCGAAAACACTA,6243,643.36,extrapolated
E18.5 #1,E18_5_e1_S3,CCGAAAACACTA,6383,646.21,extrapolated
E18.5 #1,E18_5_e1_S3,CCGAAAACACTA,6522,648.9,extrapolated
E18.5 #1,E18_5_e1_S3,CCGAAAACACTA,6662,651.47,extrapolated
E18.5 #1,E18_5_e1_S3,CCGAAAACACTA,6801,653.9,extrapolated
E18.5 #1,E18_5_e1_S3,CCGAAAACACTA,6941,656.22,extrapolated
E18.5 #1,E18_5_e1_S3,CCGAAAACACTA,7080,658.41,extrapolated
E18.5 #1,E18_5_e1_S3,CCGAAAACACTA,7220,660.5,extrapolated
E18.5 #1,E18_5_e1_S3,CCGAAAACACTA,7359,662.47,extrapolated
E18.5 #1,E18_5_e1_S3,CCGAAAACACTA,7499,664.35,extrapolated
E18.5 #1,E18_5_e1_S3,CCGAAAACACTA,7639,666.14,extrapolated
E18.5 #1,E18_5_e1_S3,CCGAAAACACTA,7778,667.83,extrapolated
E18.5 #1,E18_5_e1_S3,CCGAAAACACTA,7918,669.44,extrapolated
E18.5 #1,E18_5_e1_S3,CCGAAAACACTA,8057,670.96,extrapolated
E18.5 #1,E18_5_e1_S3,CCGAAAACACTA,8197,672.42,extrapolated
E18.5 #1,E18_5_e1_S3,CCGAAAACACTA,8336,673.79,extrapolated
E18.5 #1,E18_5_e1_S3,CCGAAAACACTA,8476,675.1,extrapolated
E18.5 #1,E18_5_e1_S3,CCGAAAACACTA,8615,676.33,extrapolated
E18.5 #1,E18_5_e1_S3,CCGAAAACACTA,8755,677.51,extrapolated
E18.5 #1,E18_5_e1_S3,CCGAAAACACTA,8894,678.63,extrapolated
E18.5 #1,E18_5_e1_S3,CCGAAAACACTA,9034,679.69,extrapolated
E18.5 #1,E18_5_e1_S3,CCGAAAACACTA,9173,680.7,extrapolated
E18.5 #1,E18_5_e1_S3,CCGAAAACACTA,9313,681.66,extrapolated
E18.5 #1,E18_5_e1_S3,CCGAAAACACTA,9452,682.56,extrapolated
E18.5 #1,E18_5_e1_S3,CCGAAAACACTA,9592,683.43,extrapolated
E18.5 #1,E18_5_e1_S3,CCGAAAACACTA,9731,684.25,extrapolated
E18.5 #1,E18_5_e1_S3,CCGAAAACACTA,9871,685.03,extrapolated
E18.5 #1,E18_5_e1_S3,CCGAAAACACTA,10010,685.76,extrapolated
E18.5 #1,E18_5_e1_S3,CCGAAAACACTA,10150,686.47,extrapolated
E18.5 #1,E18_5_e1_S3,CCGAAAACACTA,10290,687.13,extrapolated
E18.5 #1,E18_5_e1_S3,CGACAAATACTC,1,1.0,observed
E18.5 #1,E18_5_e1_S3,CGACAAATACTC,49,39.61,observed
E18.5 #1,E18_5_e1_S3,CGACAAATACTC,97,68.28,observed
E18.5 #1,E18_5_e1_S3,CGACAAATACTC,145,92.15,observed
E18.5 #1,E18_5_e1_S3,CGACAAATACTC,194,113.37,observed
E18.5 #1,E18_5_e1_S3,CGACAAATACTC,242,131.9,observed
E18.5 #1,E18_5_e1_S3,CGACAAATACTC,290,148.7,observed
E18.5 #1,E18_5_e1_S3,CGACAAATACTC,339,164.42,observed
E18.5 #1,E18_5_e1_S3,CGACAAATACTC,387,178.65,observed
E18.5 #1,E18_5_e1_S3,CGACAAATACTC,435,191.89,observed
E18.5 #1,E18_5_e1_S3,CGACAAATACTC,484,204.54,observed
E18.5 #1,E18_5_e1_S3,CGACAAATACTC,532,216.19,observed
E18.5 #1,E18_5_e1_S3,CGACAAATACTC,580,227.19,observed
E18.5 #1,E18_5_e1_S3,CGACAAATACTC,629,237.82,observed
E18.5 #1,E18_5_e1_S3,CGACAAATACTC,677,247.71,observed
E18.5 #1,E18_5_e1_S3,CGACAAATACTC,725,257.14,observed
E18.5 #1,E18_5_e1_S3,CGACAAATACTC,773,266.14,observed
E18.5 #1,E18_5_e1_S3,CGACAAATACTC,822,274.93,observed
E18.5 #1,E18_5_e1_S3,CGACAAATACTC,870,283.19,observed
E18.5 #1,E18_5_e1_S3,CGACAAATACTC,918,291.12,observed
E18.5 #1,E18_5_e1_S3,CGACAAATACTC,967,298.91,observed
E18.5 #1,E18_5_e1_S3,CGACAAATACTC,1015,306.26,observed
E18.5 #1,E18_5_e1_S3,CGACAAATACTC,1063,313.35,observed
E18.5 #1,E18_5_e1_S3,CGACAAATACTC,1112,320.34,observed
E18.5 #1,E18_5_e1_S3,CGACAAATACTC,1160,326.96,observed
E18.5 #1,E18_5_e1_S3,CGACAAATACTC,1208,333.37,observed
E18.5 #1,E18_5_e1_S3,CGACAAATACTC,1257,339.72,observed
E18.5 #1,E18_5_e1_S3,CGACAAATACTC,1305,345.74,observed
E18.5 #1,E18_5_e1_S3,CGACAAATACTC,1353,351.59,observed
E18.5 #1,E18_5_e1_S3,CGACAAATACTC,1401,357.28,observed
E18.5 #1,E18_5_e1_S3,CGACAAATACTC,1450,362.92,observed
E18.5 #1,E18_5_e1_S3,CGACAAATACTC,1498,368.3,observed
E18.5 #1,E18_5_e1_S3,CGACAAATACTC,1546,373.53,observed
E18.5 #1,E18_5_e1_S3,CGACAAATACTC,1595,378.74,observed
E18.5 #1,E18_5_e1_S3,CGACAAATACTC,1643,383.71,observed
E18.5 #1,E18_5_e1_S3,CGACAAATACTC,1691,388.55,observed
E18.5 #1,E18_5_e1_S3,CGACAAATACTC,1740,393.38,observed
E18.5 #1,E18_5_e1_S3,CGACAAATACTC,1788,398.0,observed
E18.5 #1,E18_5_e1_S3,CGACAAATACTC,1836,402.5,observed
E18.5 #1,E18_5_e1_S3,CGACAAATACTC,1885,407.0,observed
E18.5 #1,E18_5_e1_S3,CGACAAATACTC,2012,418.18,extrapolated
E18.5 #1,E18_5_e1_S3,CGACAAATACTC,2140,428.79,extrapolated
E18.5 #1,E18_5_e1_S3,CGACAAATACTC,2268,438.78,extrapolated
E18.5 #1,E18_5_e1_S3,CGACAAATACTC,2396,448.18,extrapolated
E18.5 #1,E18_5_e1_S3,CGACAAATACTC,2523,456.97,extrapolated
E18.5 #1,E18_5_e1_S3,CGACAAATACTC,2651,465.31,extrapolated
E18.5 #1,E18_5_e1_S3,CGACAAATACTC,2779,473.15,extrapolated
E18.5 #1,E18_5_e1_S3,CGACAAATACTC,2907,480.54,extrapolated
E18.5 #1,E18_5_e1_S3,CGACAAATACTC,3035,487.5,extrapolated
E18.5 #1,E18_5_e1_S3,CGACAAATACTC,3162,494.0,extrapolated
E18.5 #1,E18_5_e1_S3,CGACAAATACTC,3290,500.17,extrapolated
E18.5 #1,E18_5_e1_S3,CGACAAATACTC,3418,505.97,extrapolated
E18.5 #1,E18_5_e1_S3,CGACAAATACTC,3546,511.44,extrapolated
E18.5 #1,E18_5_e1_S3,CGACAAATACTC,3674,516.59,extrapolated
E18.5 #1,E18_5_e1_S3,CGACAAATACTC,3801,521.4,extrapolated
E18.5 #1,E18_5_e1_S3,CGACAAATACTC,3929,525.96,extrapolated
E18.5 #1,E18_5_e1_S3,CGACAAATACTC,4057,530.25,extrapolated
E18.5 #1,E18_5_e1_S3,CGACAAATACTC,4185,534.3,extrapolated
E18.5 #1,E18_5_e1_S3,CGACAAATACTC,4313,538.1,extrapolated
E18.5 #1,E18_5_e1_S3,CGACAAATACTC,4440,541.66,extrapolated
E18.5 #1,E18_5_e1_S3,CGACAAATACTC,4568,545.04,extrapolated
E18.5 #1,E18_5_e1_S3,CGACAAATACTC,4696,548.21,extrapolated
E18.5 #1,E18_5_e1_S3,CGACAAATACTC,4824,551.21,extrapolated
E18.5 #1,E18_5_e1_S3,CGACAAATACTC,4952,554.02,extrapolated
E18.5 #1,E18_5_e1_S3,CGACAAATACTC,5079,556.65,extrapolated
E18.5 #1,E18_5_e1_S3,CGACAAATACTC,5207,559.15,extrapolated
E18.5 #1,E18_5_e1_S3,CGACAAATACTC,5335,561.5,extrapolated
E18.5 #1,E18_5_e1_S3,CGACAAATACTC,5463,563.71,extrapolated
E18.5 #1,E18_5_e1_S3,CGACAAATACTC,5591,565.8,extrapolated
E18.5 #1,E18_5_e1_S3,CGACAAATACTC,5718,567.74,extrapolated
E18.5 #1,E18_5_e1_S3,CGACAAATACTC,5846,569.59,extrapolated
E18.5 #1,E18_5_e1_S3,CGACAAATACTC,5974,571.33,extrapolated
E18.5 #1,E18_5_e1_S3,CGACAAATACTC,6102,572.97,extrapolated
E18.5 #1,E18_5_e1_S3,CGACAAATACTC,6230,574.51,extrapolated
E18.5 #1,E18_5_e1_S3,CGACAAATACTC,6357,575.95,extrapolated
E18.5 #1,E18_5_e1_S3,CGACAAATACTC,6485,577.32,extrapolated
E18.5 #1,E18_5_e1_S3,CGACAAATACTC,6613,578.6,extrapolated
E18.5 #1,E18_5_e1_S3,CGACAAATACTC,6741,579.81,extrapolated
E18.5 #1,E18_5_e1_S3,CGACAAATACTC,6869,580.95,extrapolated
E18.5 #1,E18_5_e1_S3,CGACAAATACTC,6996,582.02,extrapolated
E18.5 #1,E18_5_e1_S3,CGACAAATACTC,7124,583.03,extrapolated
E18.5 #1,E18_5_e1_S3,CGACAAATACTC,7252,583.98,extrapolated
E18.5 #1,E18_5_e1_S3,CGACAAATACTC,7380,584.88,extrapolated
E18.5 #1,E18_5_e1_S3,CGACAAATACTC,7508,585.72,extrapolated
E18.5 #1,E18_5_e1_S3,CGACAAATACTC,7635,586.51,extrapolated
E18.5 #1,E18_5_e1_S3,CGACAAATACTC,7763,587.26,extrapolated
E18.5 #1,E18_5_e1_S3,CGACAAATACTC,7891,587.96,extrapolated
E18.5 #1,E18_5_e1_S3,CGACAAATACTC,8019,588.62,extrapolated
E18.5 #1,E18_5_e1_S3,CGACAAATACTC,8147,589.25,extrapolated
E18.5 #1,E18_5_e1_S3,CGACAAATACTC,8274,589.83,extrapolated
E18.5 #1,E18_5_e1_S3,CGACAAATACTC,8402,590.38,extrapolated
E18.5 #1,E18_5_e1_S3,CGACAAATACTC,8530,590.9,extrapolated
E18.5 #1,E18_5_e1_S3,CGACAAATACTC,8658,591.39,extrapolated
E18.5 #1,E18_5_e1_S3,CGACAAATACTC,8786,591.86,extrapolated
E18.5 #1,E18_5_e1_S3,CGACAAATACTC,8913,592.29,extrapolated
E18.5 #1,E18_5_e1_S3,CGACAAATACTC,9041,592.7,extrapolated
E18.5 #1,E18_5_e1_S3,CGACAAATACTC,9169,593.08,extrapolated
E18.5 #1,E18_5_e1_S3,CGACAAATACTC,9297,593.44,extrapolated
E18.5 #1,E18_5_e1_S3,CGACAAATACTC,9425,593.79,extrapolated
E18.5 #1,E18_5_e1_S3,GCCGTAACCCCG,1,1.0,observed
E18.5 #1,E18_5_e1_S3,GCCGTAACCCCG,57,43.09,observed
E18.5 #1,E18_5_e1_S3,GCCGTAACCCCG,113,71.83,observed
E18.5 #1,E18_5_e1_S3,GCCGTAACCCCG,170,95.06,observed
E18.5 #1,E18_5_e1_S3,GCCGTAACCCCG,226,114.37,observed
E18.5 #1,E18_5_e1_S3,GCCGTAACCCCG,283,131.57,observed
E18.5 #1,E18_5_e1_S3,GCCGTAACCCCG,339,146.64,observed
E18.5 #1,E18_5_e1_S3,GCCGTAACCCCG,396,160.52,observed
E18.5 #1,E18_5_e1_S3,GCCGTAACCCCG,452,172.97,observed
E18.5 #1,E18_5_e1_S3,GCCGTAACCCCG,508,184.45,observed
E18.5 #1,E18_5_e1_S3,GCCGTAACCCCG,565,195.29,observed
E18.5 #1,E18_5_e1_S3,GCCGTAACCCCG,621,205.21,observed
E18.5 #1,E18_5_e1_S3,GCCGTAACCCCG,678,214.68,observed
E18.5 #1,E18_5_e1_S3,GCCGTAACCCCG,734,223.44,observed
E18.5 #1,E18_5_e1_S3,GCCGTAACCCCG,791,231.86,observed
E18.5 #1,E18_5_e1_S3,GCCGTAACCCCG,847,239.71,observed
E18.5 #1,E18_5_e1_S3,GCCGTAACCCCG,903,247.18,observed
E18.5 #1,E18_5_e1_S3,GCCGTAACCCCG,960,254.44,observed
E18.5 #1,E18_5_e1_S3,GCCGTAACCCCG,1016,261.25,observed
E18.5 #1,E18_5_e1_S3,GCCGTAACCCCG,1073,267.91,observed
E18.5 #1,E18_5_e1_S3,GCCGTAACCCCG,1129,274.2,observed
E18.5 #1,E18_5_e1_S3,GCCGTAACCCCG,1186,280.36,observed
E18.5 #1,E18_5_e1_S3,GCCGTAACCCCG,1242,286.2,observed
E18.5 #1,E18_5_e1_S3,GCCGTAACCCCG,1299,291.95,observed
E18.5 #1,E18_5_e1_S3,GCCGTAACCCCG,1355,297.41,observed
E18.5 #1,E18_5_e1_S3,GCCGTAACCCCG,1411,302.71,observed
E18.5 #1,E18_5_e1_S3,GCCGTAACCCCG,1468,307.95,observed
E18.5 #1,E18_5_e1_S3,GCCGTAACCCCG,1524,312.96,observed
E18.5 #1,E18_5_e1_S3,GCCGTAACCCCG,1581,317.91,observed
E18.5 #1,E18_5_e1_S3,GCCGTAACCCCG,1637,322.65,observed
E18.5 #1,E18_5_e1_S3,GCCGTAACCCCG,1694,327.36,observed
E18.5 #1,E18_5_e1_S3,GCCGTAACCCCG,1750,331.88,observed
E18.5 #1,E18_5_e1_S3,GCCGTAACCCCG,1806,336.29,observed
E18.5 #1,E18_5_e1_S3,GCCGTAACCCCG,1863,340.69,observed
E18.5 #1,E18_5_e1_S3,GCCGTAACCCCG,1919,344.91,observed
E18.5 #1,E18_5_e1_S3,GCCGTAACCCCG,1976,349.12,observed
E18.5 #1,E18_5_e1_S3,GCCGTAACCCCG,2032,353.17,observed
E18.5 #1,E18_5_e1_S3,GCCGTAACCCCG,2089,357.21,observed
E18.5 #1,E18_5_e1_S3,GCCGTAACCCCG,2145,361.11,observed
E18.5 #1,E18_5_e1_S3,GCCGTAACCCCG,2202,365.0,observed
E18.5 #1,E18_5_e1_S3,GCCGTAACCCCG,2351,374.84,extrapolated
E18.5 #1,E18_5_e1_S3,GCCGTAACCCCG,2500,384.22,extrapolated
E18.5 #1,E18_5_e1_S3,GCCGTAACCCCG,2649,393.16,extrapolated
E18.5 #1,E18_5_e1_S3,GCCGTAACCCCG,2799,401.73,extrapolated
E18.5 #1,E18_5_e1_S3,GCCGTAACCCCG,2948,409.85,extrapolated
E18.5 #1,E18_5_e1_S3,GCCGTAACCCCG,3097,417.58,extrapolated
E18.5 #1,E18_5_e1_S3,GCCGTAACCCCG,3247,425.0,extrapolated
E18.5 #1,E18_5_e1_S3,GCCGTAACCCCG,3396,432.02,extrapolated
E18.5 #1,E18_5_e1_S3,GCCGTAACCCCG,3545,438.71,extrapolated
E18.5 #1,E18_5_e1_S3,GCCGTAACCCCG,3694,445.09,extrapolated
E18.5 #1,E18_5_e1_S3,GCCGTAACCCCG,3844,451.2,extrapolated
E18.5 #1,E18_5_e1_S3,GCCGTAACCCCG,3993,456.99,extrapolated
E18.5 #1,E18_5_e1_S3,GCCGTAACCCCG,4142,462.51,extrapolated
E18.5 #1,E18_5_e1_S3,GCCGTAACCCCG,4292,467.8,extrapolated
E18.5 #1,E18_5_e1_S3,GCCGTAACCCCG,4441,472.81,extrapolated
E18.5 #1,E18_5_e1_S3,GCCGTAACCCCG,4590,477.58,extrapolated
E18.5 #1,E18_5_e1_S3,GCCGTAACCCCG,4739,482.13,extrapolated
E18.5 #1,E18_5_e1_S3,GCCGTAACCCCG,4889,486.5,extrapolated
E18.5 #1,E18_5_e1_S3,GCCGTAACCCCG,5038,490.63,extrapolated
E18.5 #1,E18_5_e1_S3,GCCGTAACCCCG,5187,494.56,extrapolated
E18.5 #1,E18_5_e1_S3,GCCGTAACCCCG,5337,498.34,extrapolated
E18.5 #1,E18_5_e1_S3,GCCGTAACCCCG,5486,501.91,extrapolated
E18.5 #1,E18_5_e1_S3,GCCGTAACCCCG,5635,505.32,extrapolated
E18.5 #1,E18_5_e1_S3,GCCGTAACCCCG,5784,508.56,extrapolated
E18.5 #1,E18_5_e1_S3,GCCGTAACCCCG,5934,511.68,extrapolated
E18.5 #1,E18_5_e1_S3,GCCGTAACCCCG,6083,514.62,extrapolated
E18.5 #1,E18_5_e1_S3,GCCGTAACCCCG,6232,517.43,extrapolated
E18.5 #1,E18_5_e1_S3,GCCGTAACCCCG,6382,520.12,extrapolated
E18.5 #1,E18_5_e1_S3,GCCGTAACCCCG,6531,522.67,extrapolated
E18.5 #1,E18_5_e1_S3,GCCGTAACCCCG,6680,525.1,extrapolated
E18.5 #1,E18_5_e1_S3,GCCGTAACCCCG,6829,527.42,extrapolated
E18.5 #1,E18_5_e1_S3,GCCGTAACCCCG,6979,529.64,extrapolated
E18.5 #1,E18_5_e1_S3,GCCGTAACCCCG,7128,531.74,extrapolated
E18.5 #1,E18_5_e1_S3,GCCGTAACCCCG,7277,533.74,extrapolated
E18.5 #1,E18_5_e1_S3,GCCGTAACCCCG,7427,535.66,extrapolated
E18.5 #1,E18_5_e1_S3,GCCGTAACCCCG,7576,537.48,extrapolated
E18.5 #1,E18_5_e1_S3,GCCGTAACCCCG,7725,539.22,extrapolated
E18.5 #1,E18_5_e1_S3,GCCGTAACCCCG,7874,540.87,extrapolated
E18.5 #1,E18_5_e1_S3,GCCGTAACCCCG,8024,542.45,extrapolated
E18.5 #1,E18_5_e1_S3,GCCGTAACCCCG,8173,543.95,extrapolated
E18.5 #1,E18_5_e1_S3,GCCGTAACCCCG,8322,545.38,extrapolated
E18.5 #1,E18_5_e1_S3,GCCGTAACCCCG,8472,546.75,extrapolated
E18.5 #1,E18_5_e1_S3,GCCGTAACCCCG,8621,548.05,extrapolated
E18.5 #1,E18_5_e1_S3,GCCGTAACCCCG,8770,549.28,extrapolated
E18.5 #1,E18_5_e1_S3,GCCGTAACCCCG,8919,550.46,extrapolated
E18.5 #1,E18_5_e1_S3,GCCGTAACCCCG,9069,551.59,extrapolated
E18.5 #1,E18_5_e1_S3,GCCGTAACCCCG,9218,552.66,extrapolated
E18.5 #1,E18_5_e1_S3,GCCGTAACCCCG,9367,553.68,extrapolated
E18.5 #1,E18_5_e1_S3,GCCGTAACCCCG,9517,554.66,extrapolated
E18.5 #1,E18_5_e1_S3,GCCGTAACCCCG,9666,555.59,extrapolated
E18.5 #1,E18_5_e1_S3,GCCGTAACCCCG,9815,556.47,extrapolated
E18.5 #1,E18_5_e1_S3,GCCGTAACCCCG,9964,557.31,extrapolated
E18.5 #1,E18_5_e1_S3,GCCGTAACCCCG,10114,558.11,extrapolated
E18.5 #1,E18_5_e1_S3,GCCGTAACCCCG,10263,558.88,extrapolated
E18.5 #1,E18_5_e1_S3,GCCGTAACCCCG,10412,559.61,extrapolated
E18.5 #1,E18_5_e1_S3,GCCGTAACCCCG,10562,560.3,extrapolated
E18.5 #1,E18_5_e1_S3,GCCGTAACCCCG,10711,560.96,extrapolated
E18.5 #1,E18_5_e1_S3,GCCGTAACCCCG,10860,561.59,extrapolated
E18.5 #1,E18_5_e1_S3,GCCGTAACCCCG,11010,562.2,extrapolated
E18.5 #1,E18_5_e1_S3,GCTGGAATATGC,1,1.0,observed
E18.5 #1,E18_5_e1_S3,GCTGGAATATGC,41,17.14,observed
E18.5 #1,E18_5_e1_S3,GCTGGAATATGC,82,22.37,observed
E18.5 #1,E18_5_e1_S3,GCTGGAATATGC,123,25.5,observed
E18.5 #1,E18_5_e1_S3,GCTGGAATATGC,164,27.85,observed
E18.5 #1,E18_5_e1_S3,GCTGGAATATGC,204,29.75,observed
E18.5 #1,E18_5_e1_S3,GCTGGAATATGC,245,31.45,observed
E18.5 #1,E18_5_e1_S3,GCTGGAATATGC,286,32.98,observed
E18.5 #1,E18_5_e1_S3,GCTGGAATATGC,327,34.37,observed
E18.5 #1,E18_5_e1_S3,GCTGGAATATGC,367,35.63,observed
E18.5 #1,E18_5_e1_S3,GCTGGAATATGC,408,36.83,observed
E18.5 #1,E18_5_e1_S3,GCTGGAATATGC,449,37.95,observed
E18.5 #1,E18_5_e1_S3,GCTGGAATATGC,490,39.02,observed
E18.5 #1,E18_5_e1_S3,GCTGGAATATGC,531,40.03,observed
E18.5 #1,E18_5_e1_S3,GCTGGAATATGC,571,40.96,observed
E18.5 #1,E18_5_e1_S3,GCTGGAATATGC,612,41.88,observed
E18.5 #1,E18_5_e1_S3,GCTGGAATATGC,653,42.77,observed
E18.5 #1,E18_5_e1_S3,GCTGGAATATGC,694,43.61,observed
E18.5 #1,E18_5_e1_S3,GCTGGAATATGC,734,44.41,observed
E18.5 #1,E18_5_e1_S3,GCTGGAATATGC,775,45.2,observed
E18.5 #1,E18_5_e1_S3,GCTGGAATATGC,816,45.96,observed
E18.5 #1,E18_5_e1_S3,GCTGGAATATGC,857,46.7,observed
E18.5 #1,E18_5_e1_S3,GCTGGAATATGC,897,47.39,observed
E18.5 #1,E18_5_e1_S3,GCTGGAATATGC,938,48.09,observed
E18.5 #1,E18_5_e1_S3,GCTGGAATATGC,979,48.76,observed
E18.5 #1,E18_5_e1_S3,GCTGGAATATGC,1020,49.42,observed
E18.5 #1,E18_5_e1_S3,GCTGGAATATGC,1061,50.05,observed
E18.5 #1,E18_5_e1_S3,GCTGGAATATGC,1101,50.66,observed
E18.5 #1,E18_5_e1_S3,GCTGGAATATGC,1142,51.26,observed
E18.5 #1,E18_5_e1_S3,GCTGGAATATGC,1183,51.85,observed
E18.5 #1,E18_5_e1_S3,GCTGGAATATGC,1224,52.42,observed
E18.5 #1,E18_5_e1_S3,GCTGGAATATGC,1264,52.97,observed
E18.5 #1,E18_5_e1_S3,GCTGGAATATGC,1305,53.51,observed
E18.5 #1,E18_5_e1_S3,GCTGGAATATGC,1346,54.05,observed
E18.5 #1,E18_5_e1_S3,GCTGGAATATGC,1387,54.57,observed
E18.5 #1,E18_5_e1_S3,GCTGGAATATGC,1427,55.07,observed
E18.5 #1,E18_5_e1_S3,GCTGGAATATGC,1468,55.57,observed
E18.5 #1,E18_5_e1_S3,GCTGGAATATGC,1509,56.05,observed
E18.5 #1,E18_5_e1_S3,GCTGGAATATGC,1550,56.53,observed
E18.5 #1,E18_5_e1_S3,GCTGGAATATGC,1591,57.0,observed
E18.5 #1,E18_5_e1_S3,GCTGGAATATGC,1698,58.18,extrapolated
E18.5 #1,E18_5_e1_S3,GCTGGAATATGC,1806,59.31,extrapolated
E18.5 #1,E18_5_e1_S3,GCTGGAATATGC,1914,60.38,extrapolated
E18.5 #1,E18_5_e1_S3,GCTGGAATATGC,2022,61.4,extrapolated
E18.5 #1,E18_5_e1_S3,GCTGGAATATGC,2130,62.36,extrapolated
E18.5 #1,E18_5_e1_S3,GCTGGAATATGC,2238,63.27,extrapolated
E18.5 #1,E18_5_e1_S3,GCTGGAATATGC,2346,64.14,extrapolated
E18.5 #1,E18_5_e1_S3,GCTGGAATATGC,2453,64.96,extrapolated
E18.5 #1,E18_5_e1_S3,GCTGGAATATGC,2561,65.74,extrapolated
E18.5 #1,E18_5_e1_S3,GCTGGAATATGC,2669,66.48,extrapolated
E18.5 #1,E18_5_e1_S3,GCTGGAATATGC,2777,67.18,extrapolated
E18.5 #1,E18_5_e1_S3,GCTGGAATATGC,2885,67.85,extrapolated
E18.5 #1,E18_5_e1_S3,GCTGGAATATGC,2993,68.48,extrapolated
E18.5 #1,E18_5_e1_S3,GCTGGAATATGC,3101,69.08,extrapolated
E18.5 #1,E18_5_e1_S3,GCTGGAATATGC,3208,69.64,extrapolated
E18.5 #1,E18_5_e1_S3,GCTGGAATATGC,3316,70.18,extrapolated
E18.5 #1,E18_5_e1_S3,GCTGGAATATGC,3424,70.69,extrapolated
E18.5 #1,E18_5_e1_S3,GCTGGAATATGC,3532,71.18,extrapolated
E18.5 #1,E18_5_e1_S3,GCTGGAATATGC,3640,71.64,extrapolated
E18.5 #1,E18_5_e1_S3,GCTGGAATATGC,3748,72.07,extrapolated
E18.5 #1,E18_5_e1_S3,GCTGGAATATGC,3856,72.49,extrapolated
E18.5 #1,E18_5_e1_S3,GCTGGAATATGC,3964,72.88,extrapolated
E18.5 #1,E18_5_e1_S3,GCTGGAATATGC,4071,73.25,extrapolated
E18.5 #1,E18_5_e1_S3,GCTGGAATATGC,4179,73.6,extrapolated
E18.5 #1,E18_5_e1_S3,GCTGGAATATGC,4287,73.94,extrapolated
E18.5 #1,E18_5_e1_S3,GCTGGAATATGC,4395,74.26,extrapolated
E18.5 #1,E18_5_e1_S3,GCTGGAATATGC,4503,74.56,extrapolated
E18.5 #1,E18_5_e1_S3,GCTGGAATATGC,4611,74.85,extrapolated
E18.5 #1,E18_5_e1_S3,GCTGGAATATGC,4719,75.12,extrapolated
E18.5 #1,E18_5_e1_S3,GCTGGAATATGC,4826,75.37,extrapolated
E18.5 #1,E18_5_e1_S3,GCTGGAATATGC,4934,75.62,extrapolated
E18.5 #1,E18_5_e1_S3,GCTGGAATATGC,5042,75.85,extrapolated
E18.5 #1,E18_5_e1_S3,GCTGGAATATGC,5150,76.07,extrapolated
E18.5 #1,E18_5_e1_S3,GCTGGAATATGC,5258,76.28,extrapolated
E18.5 #1,E18_5_e1_S3,GCTGGAATATGC,5366,76.48,extrapolated
E18.5 #1,E18_5_e1_S3,GCTGGAATATGC,5474,76.67,extrapolated
E18.5 #1,E18_5_e1_S3,GCTGGAATATGC,5581,76.84,extrapolated
E18.5 #1,E18_5_e1_S3,GCTGGAATATGC,5689,77.01,extrapolated
E18.5 #1,E18_5_e1_S3,GCTGGAATATGC,5797,77.17,extrapolated
E18.5 #1,E18_5_e1_S3,GCTGGAATATGC,5905,77.32,extrapolated
E18.5 #1,E18_5_e1_S3,GCTGGAATATGC,6013,77.47,extrapolated
E18.5 #1,E18_5_e1_S3,GCTGGAATATGC,6121,77.6,extrapolated
E18.5 #1,E18_5_e1_S3,GCTGGAATATGC,6229,77.73,extrapolated
E18.5 #1,E18_5_e1_S3,GCTGGAATATGC,6337,77.86,extrapolated
E18.5 #1,E18_5_e1_S3,GCTGGAATATGC,6444,77.97,extrapolated
E18.5 #1,E18_5_e1_S3,GCTGGAATATGC,6552,78.08,extrapolated
E18.5 #1,E18_5_e1_S3,GCTGGAATATGC,6660,78.19,extrapolated
E18.5 #1,E18_5_e1_S3,GCTGGAATATGC,6768,78.29,extrapolated
E18.5 #1,E18_5_e1_S3,GCTGGAATATGC,6876,78.38,extrapolated
E18.5 #1,E18_5_e1_S3,GCTGGAATATGC,6984,78.47,extrapolated
E18.5 #1,E18_5_e1_S3,GCTGGAATATGC,7092,78.56,extrapolated
E18.5 #1,E18_5_e1_S3,GCTGGAATATGC,7199,78.64,extrapolated
E18.5 #1,E18_5_e1_S3,GCTGGAATATGC,7307,78.72,extrapolated
E18.5 #1,E18_5_e1_S3,GCTGGAATATGC,7415,78.79,extrapolated
E18.5 #1,E18_5_e1_S3,GCTGGAATATGC,7523,78.86,extrapolated
E18.5 #1,E18_5_e1_S3,GCTGGAATATGC,7631,78.92,extrapolated
E18.5 #1,E18_5_e1_S3,GCTGGAATATGC,7739,78.98,extrapolated
E18.5 #1,E18_5_e1_S3,GCTGGAATATGC,7847,79.04,extrapolated
E18.5 #1,E18_5_e1_S3,GCTGGAATATGC,7955,79.1,extrapolated
E18.5 #1,E18_5_e1_S3,GATACAATACTC,1,1.0,observed
E18.5 #1,E18_5_e1_S3,GATACAATACTC,56,33.94,observed
E18.5 #1,E18_5_e1_S3,GATACAATACTC,112,51.12,observed
E18.5 #1,E18_5_e1_S3,GATACAATACTC,168,62.98,observed
E18.5 #1,E18_5_e1_S3,GATACAATACTC,224,72.18,observed
E18.5 #1,E18_5_e1_S3,GATACAATACTC,279,79.64,observed
E18.5 #1,E18_5_e1_S3,GATACAATACTC,335,86.19,observed
E18.5 #1,E18_5_e1_S3,GATACAATACTC,391,91.97,observed
E18.5 #1,E18_5_e1_S3,GATACAATACTC,447,97.19,observed
E18.5 #1,E18_5_e1_S3,GATACAATACTC,503,101.97,observed
E18.5 #1,E18_5_e1_S3,GATACAATACTC,558,106.32,observed
E18.5 #1,E18_5_e1_S3,GATACAATACTC,614,110.47,observed
E18.5 #1,E18_5_e1_S3,GATACAATACTC,670,114.37,observed
E18.5 #1,E18_5_e1_S3,GATACAATACTC,726,118.05,observed
E18.5 #1,E18_5_e1_S3,GATACAATACTC,782,121.55,observed
E18.5 #1,E18_5_e1_S3,GATACAATACTC,837,124.83,observed
E18.5 #1,E18_5_e1_S3,GATACAATACTC,893,128.02,observed
E18.5 #1,E18_5_e1_S3,GATACAATACTC,949,131.08,observed
E18.5 #1,E18_5_e1_S3,GATACAATACTC,1005,134.02,observed
E18.5 #1,E18_5_e1_S3,GATACAATACTC,1061,136.85,observed
E18.5 #1,E18_5_e1_S3,GATACAATACTC,1116,139.53,observed
E18.5 #1,E18_5_e1_S3,GATACAATACTC,1172,142.16,observed
E18.5 #1,E18_5_e1_S3,GATACAATACTC,1228,144.7,observed
E18.5 #1,E18_5_e1_S3,GATACAATACTC,1284,147.17,observed
E18.5 #1,E18_5_e1_S3,GATACAATACTC,1340,149.56,observed
E18.5 #1,E18_5_e1_S3,GATACAATACTC,1395,151.83,observed
E18.5 #1,E18_5_e1_S3,GATACAATACTC,1451,154.09,observed
E18.5 #1,E18_5_e1_S3,GATACAATACTC,1507,156.28,observed
E18.5 #1,E18_5_e1_S3,GATACAATACTC,1563,158.41,observed
E18.5 #1,E18_5_e1_S3,GATACAATACTC,1619,160.5,observed
E18.5 #1,E18_5_e1_S3,GATACAATACTC,1674,162.49,observed
E18.5 #1,E18_5_e1_S3,GATACAATACTC,1730,164.48,observed
E18.5 #1,E18_5_e1_S3,GATACAATACTC,1786,166.42,observed
E18.5 #1,E18_5_e1_S3,GATACAATACTC,1842,168.33,observed
E18.5 #1,E18_5_e1_S3,GATACAATACTC,1898,170.19,observed
E18.5 #1,E18_5_e1_S3,GATACAATACTC,1953,171.99,observed
E18.5 #1,E18_5_e1_S3,GATACAATACTC,2009,173.79,observed
E18.5 #1,E18_5_e1_S3,GATACAATACTC,2065,175.55,observed
E18.5 #1,E18_5_e1_S3,GATACAATACTC,2121,177.29,observed
E18.5 #1,E18_5_e1_S3,GATACAATACTC,2177,179.0,observed
E18.5 #1,E18_5_e1_S3,GATACAATACTC,2324,183.37,extrapolated
E18.5 #1,E18_5_e1_S3,GATACAATACTC,2472,187.6,extrapolated
E18.5 #1,E18_5_e1_S3,GATACAATACTC,2619,191.64,extrapolated
E18.5 #1,E18_5_e1_S3,GATACAATACTC,2767,195.56,extrapolated
E18.5 #1,E18_5_e1_S3,GATACAATACTC,2914,199.3,extrapolated
E18.5 #1,E18_5_e1_S3,GATACAATACTC,3062,202.92,extrapolated
E18.5 #1,E18_5_e1_S3,GATACAATACTC,3210,206.4,extrapolated
E18.5 #1,E18_5_e1_S3,GATACAATACTC,3357,209.72,extrapolated
E18.5 #1,E18_5_e1_S3,GATACAATACTC,3505,212.94,extrapolated
E18.5 #1,E18_5_e1_S3,GATACAATACTC,3652,216.02,extrapolated
E18.5 #1,E18_5_e1_S3,GATACAATACTC,3800,219.0,extrapolated
E18.5 #1,E18_5_e1_S3,GATACAATACTC,3948,221.86,extrapolated
E18.5 #1,E18_5_e1_S3,GATACAATACTC,4095,224.6,extrapolated
E18.5 #1,E18_5_e1_S3,GATACAATACTC,4243,227.25,extrapolated
E18.5 #1,E18_5_e1_S3,GATACAATACTC,4390,229.78,extrapolated
E18.5 #1,E18_5_e1_S3,GATACAATACTC,4538,232.23,extrapolated
E18.5 #1,E18_5_e1_S3,GATACAATACTC,4686,234.58,extrapolated
E18.5 #1,E18_5_e1_S3,GATACAATACTC,4833,236.83,extrapolated
E18.5 #1,E18_5_e1_S3,GATACAATACTC,4981,239.01,extrapolated
E18.5 #1,E18_5_e1_S3,GATACAATACTC,5128,241.09,extrapolated
E18.5 #1,E18_5_e1_S3,GATACAATACTC,5276,243.11,extrapolated
E18.5 #1,E18_5_e1_S3,GATACAATACTC,5424,245.05,extrapolated
E18.5 #1,E18_5_e1_S3,GATACAATACTC,5571,246.9,extrapolated
E18.5 #1,E18_5_e1_S3,GATACAATACTC,5719,248.69,extrapolated
E18.5 #1,E18_5_e1_S3,GATACAATACTC,5866,250.4,extrapolated
E18.5 #1,E18_5_e1_S3,GATACAATACTC,6014,252.06,extrapolated
E18.5 #1,E18_5_e1_S3,GATACAATACTC,6162,253.65,extrapolated
E18.5 #1,E18_5_e1_S3,GATACAATACTC,6309,255.18,extrapolated
E18.5 #1,E18_5_e1_S3,GATACAATACTC,6457,256.65,extrapolated
E18.5 #1,E18_5_e1_S3,GATACAATACTC,6604,258.06,extrapolated
E18.5 #1,E18_5_e1_S3,GATACAATACTC,6752,259.42,extrapolated
E18.5 #1,E18_5_e1_S3,GATACAATACTC,6899,260.73,extrapolated
E18.5 #1,E18_5_e1_S3,GATACAATACTC,7047,261.99,extrapolated
E18.5 #1,E18_5_e1_S3,GATACAATACTC,7195,263.2,extrapolated
E18.5 #1,E18_5_e1_S3,GATACAATACTC,7342,264.36,extrapolated
E18.5 #1,E18_5_e1_S3,GATACAATACTC,7490,265.48,extrapolated
E18.5 #1,E18_5_e1_S3,GATACAATACTC,7637,266.55,extrapolated
E18.5 #1,E18_5_e1_S3,GATACAATACTC,7785,267.59,extrapolated
E18.5 #1,E18_5_e1_S3,GATACAATACTC,7933,268.59,extrapolated
E18.5 #1,E18_5_e1_S3,GATACAATACTC,8080,269.54,extrapolated
E18.5 #1,E18_5_e1_S3,GATACAATACTC,8228,270.47,extrapolated
E18.5 #1,E18_5_e1_S3,GATACAATACTC,8375,271.35,extrapolated
E18.5 #1,E18_5_e1_S3,GATACAATACTC,8523,272.2,extrapolated
E18.5 #1,E18_5_e1_S3,GATACAATACTC,8671,273.02,extrapolated
E18.5 #1,E18_5_e1_S3,GATACAATACTC,8818,273.81,extrapolated
E18.5 #1,E18_5_e1_S3,GATACAATACTC,8966,274.57,extrapolated
E18.5 #1,E18_5_e1_S3,GATACAATACTC,9113,275.29,extrapolated
E18.5 #1,E18_5_e1_S3,GATACAATACTC,9261,275.99,extrapolated
E18.5 #1,E18_5_e1_S3,GATACAATACTC,9409,276.67,extrapolated
E18.5 #1,E18_5_e1_S3,GATACAATACTC,9556,277.31,extrapolated
E18.5 #1,E18_5_e1_S3,GATACAATACTC,9704,277.94,extrapolated
E18.5 #1,E18_5_e1_S3,GATACAATACTC,9851,278.53,extrapolated
E18.5 #1,E18_5_e1_S3,GATACAATACTC,9999,279.11,extrapolated
E18.5 #1,E18_5_e1_S3,GATACAATACTC,10147,279.67,extrapolated
E18.5 #1,E18_5_e1_S3,GATACAATACTC,10294,280.2,extrapolated
E18.5 #1,E18_5_e1_S3,GATACAATACTC,10442,280.71,extrapolated
E18.5 #1,E18_5_e1_S3,GATACAATACTC,10589,281.2,extrapolated
E18.5 #1,E18_5_e1_S3,GATACAATACTC,10737,281.68,extrapolated
E18.5 #1,E18_5_e1_S3,GATACAATACTC,10885,282.13,extrapolated
E18.5 #1,E18_5_e1_S3,ATTAGAAGTGGG,1,1.0,observed
E18.5 #1,E18_5_e1_S3,ATTAGAAGTGGG,48,39.89,observed
E18.5 #1,E18_5_e1_S3,ATTAGAAGTGGG,96,69.44,observed
E18.5 #1,E18_5_e1_S3,ATTAGAAGTGGG,144,93.41,observed
E18.5 #1,E18_5_e1_S3,ATTAGAAGTGGG,192,113.84,observed
E18.5 #1,E18_5_e1_S3,ATTAGAAGTGGG,240,131.83,observed
E18.5 #1,E18_5_e1_S3,ATTAGAAGTGGG,288,147.98,observed
E18.5 #1,E18_5_e1_S3,ATTAGAAGTGGG,335,162.43,observed
E18.5 #1,E18_5_e1_S3,ATTAGAAGTGGG,383,176.06,observed
E18.5 #1,E18_5_e1_S3,ATTAGAAGTGGG,431,188.74,observed
E18.5 #1,E18_5_e1_S3,ATTAGAAGTGGG,479,200.62,observed
E18.5 #1,E18_5_e1_S3,ATTAGAAGTGGG,527,211.82,observed
E18.5 #1,E18_5_e1_S3,ATTAGAAGTGGG,575,222.42,observed
E18.5 #1,E18_5_e1_S3,ATTAGAAGTGGG,623,232.5,observed
E18.5 #1,E18_5_e1_S3,ATTAGAAGTGGG,670,241.91,observed
E18.5 #1,E18_5_e1_S3,ATTAGAAGTGGG,718,251.11,observed
E18.5 #1,E18_5_e1_S3,ATTAGAAGTGGG,766,259.93,observed
E18.5 #1,E18_5_e1_S3,ATTAGAAGTGGG,814,268.4,observed
E18.5 #1,E18_5_e1_S3,ATTAGAAGTGGG,862,276.55,observed
E18.5 #1,E18_5_e1_S3,ATTAGAAGTGGG,910,284.42,observed
E18.5 #1,E18_5_e1_S3,ATTAGAAGTGGG,957,291.87,observed
E18.5 #1,E18_5_e1_S3,ATTAGAAGTGGG,1005,299.22,observed
E18.5 #1,E18_5_e1_S3,ATTAGAAGTGGG,1053,306.35,observed
E18.5 #1,E18_5_e1_S3,ATTAGAAGTGGG,1101,313.26,observed
E18.5 #1,E18_5_e1_S3,ATTAGAAGTGGG,1149,319.98,observed
E18.5 #1,E18_5_e1_S3,ATTAGAAGTGGG,1197,326.5,observed
E18.5 #1,E18_5_e1_S3,ATTAGAAGTGGG,1245,332.85,observed
E18.5 #1,E18_5_e1_S3,ATTAGAAGTGGG,1292,338.91,observed
E18.5 #1,E18_5_e1_S3,ATTAGAAGTGGG,1340,344.95,observed
E18.5 #1,E18_5_e1_S3,ATTAGAAGTGGG,1388,350.83,observed
E18.5 #1,E18_5_e1_S3,ATTAGAAGTGGG,1436,356.58,observed
E18.5 #1,E18_5_e1_S3,ATTAGAAGTGGG,1484,362.19,observed
E18.5 #1,E18_5_e1_S3,ATTAGAAGTGGG,1532,367.68,observed
E18.5 #1,E18_5_e1_S3,ATTAGAAGTGGG,1579,372.94,observed
E18.5 #1,E18_5_e1_S3,ATTAGAAGTGGG,1627,378.21,observed
E18.5 #1,E18_5_e1_S3,ATTAGAAGTGGG,1675,383.36,observed
E18.5 #1,E18_5_e1_S3,ATTAGAAGTGGG,1723,388.41,observed
E18.5 #1,E18_5_e1_S3,ATTAGAAGTGGG,1771,393.37,observed
E18.5 #1,E18_5_e1_S3,ATTAGAAGTGGG,1819,398.23,observed
E18.5 #1,E18_5_e1_S3,ATTAGAAGTGGG,1867,403.0,observed
E18.5 #1,E18_5_e1_S3,ATTAGAAGTGGG,1993,415.13,extrapolated
E18.5 #1,E18_5_e1_S3,ATTAGAAGTGGG,2120,426.79,extrapolated
E18.5 #1,E18_5_e1_S3,ATTAGAAGTGGG,2246,437.83,extrapolated
E18.5 #1,E18_5_e1_S3,ATTAGAAGTGGG,2373,448.44,extrapolated
E18.5 #1,E18_5_e1_S3,ATTAGAAGTGGG,2499,458.48,extrapolated
E18.5 #1,E18_5_e1_S3,ATTAGAAGTGGG,2626,468.14,extrapolated
E18.5 #1,E18_5_e1_S3,ATTAGAAGTGGG,2753,477.35,extrapolated
E18.5 #1,E18_5_e1_S3,ATTAGAAGTGGG,2879,486.07,extrapolated
E18.5 #1,E18_5_e1_S3,ATTAGAAGTGGG,3006,494.45,extrapolated
E18.5 #1,E18_5_e1_S3,ATTAGAAGTGGG,3132,502.38,extrapolated
E18.5 #1,E18_5_e1_S3,ATTAGAAGTGGG,3259,510.01,extrapolated
E18.5 #1,E18_5_e1_S3,ATTAGAAGTGGG,3385,517.23,extrapolated
E18.5 #1,E18_5_e1_S3,ATTAGAAGTGGG,3512,524.17,extrapolated
E18.5 #1,E18_5_e1_S3,ATTAGAAGTGGG,3639,530.79,extrapolated
E18.5 #1,E18_5_e1_S3,ATTAGAAGTGGG,3765,537.06,extrapolated
E18.5 #1,E18_5_e1_S3,ATTAGAAGTGGG,3892,543.08,extrapolated
E18.5 #1,E18_5_e1_S3,ATTAGAAGTGGG,4018,548.78,extrapolated
E18.5 #1,E18_5_e1_S3,ATTAGAAGTGGG,4145,554.26,extrapolated
E18.5 #1,E18_5_e1_S3,ATTAGAAGTGGG,4271,559.45,extrapolated
E18.5 #1,E18_5_e1_S3,ATTAGAAGTGGG,4398,564.44,extrapolated
E18.5 #1,E18_5_e1_S3,ATTAGAAGTGGG,4525,569.2,extrapolated
E18.5 #1,E18_5_e1_S3,ATTAGAAGTGGG,4651,573.7,extrapolated
E18.5 #1,E18_5_e1_S3,ATTAGAAGTGGG,4778,578.03,extrapolated
E18.5 #1,E18_5_e1_S3,ATTAGAAGTGGG,4904,582.13,extrapolated
E18.5 #1,E18_5_e1_S3,ATTAGAAGTGGG,5031,586.07,extrapolated
E18.5 #1,E18_5_e1_S3,ATTAGAAGTGGG,5157,589.8,extrapolated
E18.5 #1,E18_5_e1_S3,ATTAGAAGTGGG,5284,593.39,extrapolated
E18.5 #1,E18_5_e1_S3,ATTAGAAGTGGG,5411,596.81,extrapolated
E18.5 #1,E18_5_e1_S3,ATTAGAAGTGGG,5537,600.04,extrapolated
E18.5 #1,E18_5_e1_S3,ATTAGAAGTGGG,5664,603.16,extrapolated
E18.5 #1,E18_5_e1_S3,ATTAGAAGTGGG,5790,606.1,extrapolated
E18.5 #1,E18_5_e1_S3,ATTAGAAGTGGG,5917,608.93,extrapolated
E18.5 #1,E18_5_e1_S3,ATTAGAAGTGGG,6044,611.64,extrapolated
E18.5 #1,E18_5_e1_S3,ATTAGAAGTGGG,6170,614.19,extrapolated
E18.5 #1,E18_5_e1_S3,ATTAGAAGTGGG,6297,616.65,extrapolated
E18.5 #1,E18_5_e1_S3,ATTAGAAGTGGG,6423,618.98,extrapolated
E18.5 #1,E18_5_e1_S3,ATTAGAAGTGGG,6550,621.21,extrapolated
E18.5 #1,E18_5_e1_S3,ATTAGAAGTGGG,6676,623.33,extrapolated
E18.5 #1,E18_5_e1_S3,ATTAGAAGTGGG,6803,625.37,extrapolated
E18.5 #1,E18_5_e1_S3,ATTAGAAGTGGG,6930,627.31,extrapolated
E18.5 #1,E18_5_e1_S3,ATTAGAAGTGGG,7056,629.14,extrapolated
E18.5 #1,E18_5_e1_S3,ATTAGAAGTGGG,7183,630.91,extrapolated
E18.5 #1,E18_5_e1_S3,ATTAGAAGTGGG,7309,632.58,extrapolated
E18.5 #1,E18_5_e1_S3,ATTAGAAGTGGG,7436,634.19,extrapolated
E18.5 #1,E18_5_e1_S3,ATTAGAAGTGGG,7562,635.71,extrapolated
E18.5 #1,E18_5_e1_S3,ATTAGAAGTGGG,7689,637.18,extrapolated
E18.5 #1,E18_5_e1_S3,ATTAGAAGTGGG,7816,638.57,extrapolated
E18.5 #1,E18_5_e1_S3,ATTAGAAGTGGG,7942,639.89,extrapolated
E18.5 #1,E18_5_e1_S3,ATTAGAAGTGGG,8069,641.16,extrapolated
E18.5 #1,E18_5_e1_S3,ATTAGAAGTGGG,8195,642.36,extrapolated
E18.5 #1,E18_5_e1_S3,ATTAGAAGTGGG,8322,643.52,extrapolated
E18.5 #1,E18_5_e1_S3,ATTAGAAGTGGG,8448,644.61,extrapolated
E18.5 #1,E18_5_e1_S3,ATTAGAAGTGGG,8575,645.67,extrapolated
E18.5 #1,E18_5_e1_S3,ATTAGAAGTGGG,8702,646.67,extrapolated
E18.5 #1,E18_5_e1_S3,ATTAGAAGTGGG,8828,647.62,extrapolated
E18.5 #1,E18_5_e1_S3,ATTAGAAGTGGG,8955,648.53,extrapolated
E18.5 #1,E18_5_e1_S3,ATTAGAAGTGGG,9081,649.39,extrapolated
E18.5 #1,E18_5_e1_S3,ATTAGAAGTGGG,9208,650.22,extrapolated
E18.5 #1,E18_5_e1_S3,ATTAGAAGTGGG,9335,651.02,extrapolated
E18.5 #1,E18_5_e1_S3,CGCCCAAAAATG,1,1.0,observed
E18.5 #1,E18_5_e1_S3,CGCCCAAAAATG,36,19.52,observed
E18.5 #1,E18_5_e1_S3,CGCCCAAAAATG,71,27.86,observed
E18.5 #1,E18_5_e1_S3,CGCCCAAAAATG,106,33.33,observed
E18.5 #1,E18_5_e1_S3,CGCCCAAAAATG,141,37.35,observed
E18.5 #1,E18_5_e1_S3,CGCCCAAAAATG,176,40.53,observed
E18.5 #1,E18_5_e1_S3,CGCCCAAAAATG,211,43.14,observed
E18.5 #1,E18_5_e1_S3,CGCCCAAAAATG,247,45.41,observed
E18.5 #1,E18_5_e1_S3,CGCCCAAAAATG,282,47.33,observed
E18.5 #1,E18_5_e1_S3,CGCCCAAAAATG,317,49.02,observed
E18.5 #1,E18_5_e1_S3,CGCCCAAAAATG,352,50.54,observed
E18.5 #1,E18_5_e1_S3,CGCCCAAAAATG,387,51.91,observed
E18.5 #1,E18_5_e1_S3,CGCCCAAAAATG,422,53.16,observed
E18.5 #1,E18_5_e1_S3,CGCCCAAAAATG,458,54.35,observed
E18.5 #1,E18_5_e1_S3,CGCCCAAAAATG,493,55.43,observed
E18.5 #1,E18_5_e1_S3,CGCCCAAAAATG,528,56.44,observed
E18.5 #1,E18_5_e1_S3,CGCCCAAAAATG,563,57.38,observed
E18.5 #1,E18_5_e1_S3,CGCCCAAAAATG,598,58.28,observed
E18.5 #1,E18_5_e1_S3,CGCCCAAAAATG,633,59.13,observed
E18.5 #1,E18_5_e1_S3,CGCCCAAAAATG,668,59.94,observed
E18.5 #1,E18_5_e1_S3,CGCCCAAAAATG,704,60.74,observed
E18.5 #1,E18_5_e1_S3,CGCCCAAAAATG,739,61.49,observed
E18.5 #1,E18_5_e1_S3,CGCCCAAAAATG,774,62.21,observed
E18.5 #1,E18_5_e1_S3,CGCCCAAAAATG,809,62.9,observed
E18.5 #1,E18_5_e1_S3,CGCCCAAAAATG,844,63.57,observed
E18.5 #1,E18_5_e1_S3,CGCCCAAAAATG,879,64.22,observed
E18.5 #1,E18_5_e1_S3,CGCCCAAAAATG,915,64.88,observed
E18.5 #1,E18_5_e1_S3,CGCCCAAAAATG,950,65.49,observed
E18.5 #1,E18_5_e1_S3,CGCCCAAAAATG,985,66.1,observed
E18.5 #1,E18_5_e1_S3,CGCCCAAAAATG,1020,66.68,observed
E18.5 #1,E18_5_e1_S3,CGCCCAAAAATG,1055,67.26,observed
E18.5 #1,E18_5_e1_S3,CGCCCAAAAATG,1090,67.82,observed
E18.5 #1,E18_5_e1_S3,CGCCCAAAAATG,1125,68.37,observed
E18.5 #1,E18_5_e1_S3,CGCCCAAAAATG,1161,68.93,observed
E18.5 #1,E18_5_e1_S3,CGCCCAAAAATG,1196,69.46,observed
E18.5 #1,E18_5_e1_S3,CGCCCAAAAATG,1231,69.98,observed
E18.5 #1,E18_5_e1_S3,CGCCCAAAAATG,1266,70.5,observed
E18.5 #1,E18_5_e1_S3,CGCCCAAAAATG,1301,71.0,observed
E18.5 #1,E18_5_e1_S3,CGCCCAAAAATG,1336,71.5,observed
E18.5 #1,E18_5_e1_S3,CGCCCAAAAATG,1372,72.0,observed
E18.5 #1,E18_5_e1_S3,CGCCCAAAAATG,1465,73.26,extrapolated
E18.5 #1,E18_5_e1_S3,CGCCCAAAAATG,1558,74.47,extrapolated
E18.5 #1,E18_5_e1_S3,CGCCCAAAAATG,1651,75.62,extrapolated
E18.5 #1,E18_5_e1_S3,CGCCCAAAAATG,1744,76.73,extrapolated
E18.5 #1,E18_5_e1_S3,CGCCCAAAAATG,1837,77.8,extrapolated
E18.5 #1,E18_5_e1_S3,CGCCCAAAAATG,1930,78.81,extrapolated
E18.5 #1,E18_5_e1_S3,CGCCCAAAAATG,2023,79.79,extrapolated
E18.5 #1,E18_5_e1_S3,CGCCCAAAAATG,2116,80.72,extrapolated
E18.5 #1,E18_5_e1_S3,CGCCCAAAAATG,2209,81.62,extrapolated
E18.5 #1,E18_5_e1_S3,CGCCCAAAAATG,2302,82.47,extrapolated
E18.5 #1,E18_5_e1_S3,CGCCCAAAAATG,2395,83.29,extrapolated
E18.5 #1,E18_5_e1_S3,CGCCCAAAAATG,2488,84.08,extrapolated
E18.5 #1,E18_5_e1_S3,CGCCCAAAAATG,2581,84.84,extrapolated
E18.5 #1,E18_5_e1_S3,CGCCCAAAAATG,2674,85.56,extrapolated
E18.5 #1,E18_5_e1_S3,CGCCCAAAAATG,2767,86.25,extrapolated
E18.5 #1,E18_5_e1_S3,CGCCCAAAAATG,2860,86.91,extrapolated
E18.5 #1,E18_5_e1_S3,CGCCCAAAAATG,2953,87.55,extrapolated
E18.5 #1,E18_5_e1_S3,CGCCCAAAAATG,3046,88.16,extrapolated
E18.5 #1,E18_5_e1_S3,CGCCCAAAAATG,3139,88.74,extrapolated
E18.5 #1,E18_5_e1_S3,CGCCCAAAAATG,3232,89.3,extrapolated
E18.5 #1,E18_5_e1_S3,CGCCCAAAAATG,3325,89.83,extrapolated
E18.5 #1,E18_5_e1_S3,CGCCCAAAAATG,3418,90.35,extrapolated
E18.5 #1,E18_5_e1_S3,CGCCCAAAAATG,3511,90.84,extrapolated
E18.5 #1,E18_5_e1_S3,CGCCCAAAAATG,3604,91.31,extrapolated
E18.5 #1,E18_5_e1_S3,CGCCCAAAAATG,3697,91.76,extrapolated
E18.5 #1,E18_5_e1_S3,CGCCCAAAAATG,3790,92.19,extrapolated
E18.5 #1,E18_5_e1_S3,CGCCCAAAAATG,3883,92.6,extrapolated
E18.5 #1,E18_5_e1_S3,CGCCCAAAAATG,3976,93.0,extrapolated
E18.5 #1,E18_5_e1_S3,CGCCCAAAAATG,4069,93.38,extrapolated
E18.5 #1,E18_5_e1_S3,CGCCCAAAAATG,4162,93.74,extrapolated
E18.5 #1,E18_5_e1_S3,CGCCCAAAAATG,4255,94.09,extrapolated
E18.5 #1,E18_5_e1_S3,CGCCCAAAAATG,4348,94.43,extrapolated
E18.5 #1,E18_5_e1_S3,CGCCCAAAAATG,4441,94.75,extrapolated
E18.5 #1,E18_5_e1_S3,CGCCCAAAAATG,4534,95.05,extrapolated
E18.5 #1,E18_5_e1_S3,CGCCCAAAAATG,4627,95.35,extrapolated
E18.5 #1,E18_5_e1_S3,CGCCCAAAAATG,4720,95.63,extrapolated
E18.5 #1,E18_5_e1_S3,CGCCCAAAAATG,4813,95.9,extrapolated
E18.5 #1,E18_5_e1_S3,CGCCCAAAAATG,4906,96.16,extrapolated
E18.5 #1,E18_5_e1_S3,CGCCCAAAAATG,4999,96.41,extrapolated
E18.5 #1,E18_5_e1_S3,CGCCCAAAAATG,5092,96.64,extrapolated
E18.5 #1,E18_5_e1_S3,CGCCCAAAAATG,5185,96.87,extrapolated
E18.5 #1,E18_5_e1_S3,CGCCCAAAAATG,5278,97.09,extrapolated
E18.5 #1,E18_5_e1_S3,CGCCCAAAAATG,5371,97.3,extrapolated
E18.5 #1,E18_5_e1_S3,CGCCCAAAAATG,5464,97.5,extrapolated
E18.5 #1,E18_5_e1_S3,CGCCCAAAAATG,5557,97.69,extrapolated
E18.5 #1,E18_5_e1_S3,CGCCCAAAAATG,5650,97.87,extrapolated
E18.5 #1,E18_5_e1_S3,CGCCCAAAAATG,5743,98.05,extrapolated
E18.5 #1,E18_5_e1_S3,CGCCCAAAAATG,5836,98.21,extrapolated
E18.5 #1,E18_5_e1_S3,CGCCCAAAAATG,5929,98.38,extrapolated
E18.5 #1,E18_5_e1_S3,CGCCCAAAAATG,6022,98.53,extrapolated
E18.5 #1,E18_5_e1_S3,CGCCCAAAAATG,6115,98.68,extrapolated
E18.5 #1,E18_5_e1_S3,CGCCCAAAAATG,6208,98.82,extrapolated
E18.5 #1,E18_5_e1_S3,CGCCCAAAAATG,6301,98.96,extrapolated
E18.5 #1,E18_5_e1_S3,CGCCCAAAAATG,6394,99.09,extrapolated
E18.5 #1,E18_5_e1_S3,CGCCCAAAAATG,6487,99.21,extrapolated
E18.5 #1,E18_5_e1_S3,CGCCCAAAAATG,6580,99.33,extrapolated
E18.5 #1,E18_5_e1_S3,CGCCCAAAAATG,6673,99.45,extrapolated
E18.5 #1,E18_5_e1_S3,CGCCCAAAAATG,6766,99.55,extrapolated
E18.5 #1,E18_5_e1_S3,CGCCCAAAAATG,6860,99.66,extrapolated
E18.5 #1,E18_5_e1_S3,CCCCCAAACTTC,1,1.0,observed
E18.5 #1,E18_5_e1_S3,CCCCCAAACTTC,47,30.57,observed
E18.5 #1,E18_5_e1_S3,CCCCCAAACTTC,94,47.22,observed
E18.5 #1,E18_5_e1_S3,CCCCCAAACTTC,140,58.96,observed
E18.5 #1,E18_5_e1_S3,CCCCCAAACTTC,187,68.5,observed
E18.5 #1,E18_5_e1_S3,CCCCCAAACTTC,234,76.46,observed
E18.5 #1,E18_5_e1_S3,CCCCCAAACTTC,280,83.17,observed
E18.5 #1,E18_5_e1_S3,CCCCCAAACTTC,327,89.2,observed
E18.5 #1,E18_5_e1_S3,CCCCCAAACTTC,373,94.48,observed
E18.5 #1,E18_5_e1_S3,CCCCCAAACTTC,420,99.37,observed
E18.5 #1,E18_5_e1_S3,CCCCCAAACTTC,467,103.84,observed
E18.5 #1,E18_5_e1_S3,CCCCCAAACTTC,513,107.88,observed
E18.5 #1,E18_5_e1_S3,CCCCCAAACTTC,560,111.72,observed
E18.5 #1,E18_5_e1_S3,CCCCCAAACTTC,607,115.32,observed
E18.5 #1,E18_5_e1_S3,CCCCCAAACTTC,653,118.63,observed
E18.5 #1,E18_5_e1_S3,CCCCCAAACTTC,700,121.83,observed
E18.5 #1,E18_5_e1_S3,CCCCCAAACTTC,746,124.8,observed
E18.5 #1,E18_5_e1_S3,CCCCCAAACTTC,793,127.69,observed
E18.5 #1,E18_5_e1_S3,CCCCCAAACTTC,840,130.44,observed
E18.5 #1,E18_5_e1_S3,CCCCCAAACTTC,886,133.02,observed
E18.5 #1,E18_5_e1_S3,CCCCCAAACTTC,933,135.55,observed
E18.5 #1,E18_5_e1_S3,CCCCCAAACTTC,979,137.93,observed
E18.5 #1,E18_5_e1_S3,CCCCCAAACTTC,1026,140.27,observed
E18.5 #1,E18_5_e1_S3,CCCCCAAACTTC,1073,142.53,observed
E18.5 #1,E18_5_e1_S3,CCCCCAAACTTC,1119,144.67,observed
E18.5 #1,E18_5_e1_S3,CCCCCAAACTTC,1166,146.78,observed
E18.5 #1,E18_5_e1_S3,CCCCCAAACTTC,1213,148.83,observed
E18.5 #1,E18_5_e1_S3,CCCCCAAACTTC,1259,150.77,observed
E18.5 #1,E18_5_e1_S3,CCCCCAAACTTC,1306,152.7,observed
E18.5 #1,E18_5_e1_S3,CCCCCAAACTTC,1352,154.54,observed
E18.5 #1,E18_5_e1_S3,CCCCCAAACTTC,1399,156.37,observed
E18.5 #1,E18_5_e1_S3,CCCCCAAACTTC,1446,158.15,observed
E18.5 #1,E18_5_e1_S3,CCCCCAAACTTC,1492,159.86,observed
E18.5 #1,E18_5_e1_S3,CCCCCAAACTTC,1539,161.56,observed
E18.5 #1,E18_5_e1_S3,CCCCCAAACTTC,1585,163.19,observed
E18.5 #1,E18_5_e1_S3,CCCCCAAACTTC,1632,164.82,observed
E18.5 #1,E18_5_e1_S3,CCCCCAAACTTC,1679,166.42,observed
E18.5 #1,E18_5_e1_S3,CCCCCAAACTTC,1725,167.95,observed
E18.5 #1,E18_5_e1_S3,CCCCCAAACTTC,1772,169.49,observed
E18.5 #1,E18_5_e1_S3,CCCCCAAACTTC,1819,171.0,observed
E18.5 #1,E18_5_e1_S3,CCCCCAAACTTC,1942,174.84,extrapolated
E18.5 #1,E18_5_e1_S3,CCCCCAAACTTC,2065,178.5,extrapolated
E18.5 #1,E18_5_e1_S3,CCCCCAAACTTC,2188,182.02,extrapolated
E18.5 #1,E18_5_e1_S3,CCCCCAAACTTC,2312,185.4,extrapolated
E18.5 #1,E18_5_e1_S3,CCCCCAAACTTC,2435,188.61,extrapolated
E18.5 #1,E18_5_e1_S3,CCCCCAAACTTC,2558,191.68,extrapolated
E18.5 #1,E18_5_e1_S3,CCCCCAAACTTC,2682,194.65,extrapolated
E18.5 #1,E18_5_e1_S3,CCCCCAAACTTC,2805,197.46,extrapolated
E18.5 #1,E18_5_e1_S3,CCCCCAAACTTC,2928,200.15,extrapolated
E18.5 #1,E18_5_e1_S3,CCCCCAAACTTC,3052,202.74,extrapolated
E18.5 #1,E18_5_e1_S3,CCCCCAAACTTC,3175,205.2,extrapolated
E18.5 #1,E18_5_e1_S3,CCCCCAAACTTC,3298,207.55,extrapolated
E18.5 #1,E18_5_e1_S3,CCCCCAAACTTC,3422,209.82,extrapolated
E18.5 #1,E18_5_e1_S3,CCCCCAAACTTC,3545,211.97,extrapolated
E18.5 #1,E18_5_e1_S3,CCCCCAAACTTC,3668,214.03,extrapolated
E18.5 #1,E18_5_e1_S3,CCCCCAAACTTC,3792,216.02,extrapolated
E18.5 #1,E18_5_e1_S3,CCCCCAAACTTC,3915,217.9,extrapolated
E18.5 #1,E18_5_e1_S3,CCCCCAAACTTC,4038,219.7,extrapolated
E18.5 #1,E18_5_e1_S3,CCCCCAAACTTC,4162,221.44,extrapolated
E18.5 #1,E18_5_e1_S3,CCCCCAAACTTC,4285,223.09,extrapolated
E18.5 #1,E18_5_e1_S3,CCCCCAAACTTC,4408,224.67,extrapolated
E18.5 #1,E18_5_e1_S3,CCCCCAAACTTC,4532,226.19,extrapolated
E18.5 #1,E18_5_e1_S3,CCCCCAAACTTC,4655,227.63,extrapolated
E18.5 #1,E18_5_e1_S3,CCCCCAAACTTC,4778,229.01,extrapolated
E18.5 #1,E18_5_e1_S3,CCCCCAAACTTC,4902,230.34,extrapolated
E18.5 #1,E18_5_e1_S3,CCCCCAAACTTC,5025,231.61,extrapolated
E18.5 #1,E18_5_e1_S3,CCCCCAAACTTC,5148,232.82,extrapolated
E18.5 #1,E18_5_e1_S3,CCCCCAAACTTC,5272,233.98,extrapolated
E18.5 #1,E18_5_e1_S3,CCCCCAAACTTC,5395,235.09,extrapolated
E18.5 #1,E18_5_e1_S3,CCCCCAAACTTC,5518,236.14,extrapolated
E18.5 #1,E18_5_e1_S3,CCCCCAAACTTC,5641,237.15,extrapolated
E18.5 #1,E18_5_e1_S3,CCCCCAAACTTC,5765,238.13,extrapolated
E18.5 #1,E18_5_e1_S3,CCCCCAAACTTC,5888,239.06,extrapolated
E18.5 #1,E18_5_e1_S3,CCCCCAAACTTC,6011,239.94,extrapolated
E18.5 #1,E18_5_e1_S3,CCCCCAAACTTC,6135,240.79,extrapolated
E18.5 #1,E18_5_e1_S3,CCCCCAAACTTC,6258,241.6,extrapolated
E18.5 #1,E18_5_e1_S3,CCCCCAAACTTC,6381,242.38,extrapolated
E18.5 #1,E18_5_e1_S3,CCCCCAAACTTC,6505,243.13,extrapolated
E18.5 #1,E18_5_e1_S3,CCCCCAAACTTC,6628,243.84,extrapolated
E18.5 #1,E18_5_e1_S3,CCCCCAAACTTC,6751,244.51,extrapolated
E18.5 #1,E18_5_e1_S3,CCCCCAAACTTC,6875,245.17,extrapolated
E18.5 #1,E18_5_e1_S3,CCCCCAAACTTC,6998,245.79,extrapolated
E18.5 #1,E18_5_e1_S3,CCCCCAAACTTC,7121,246.38,extrapolated
E18.5 #1,E18_5_e1_S3,CCCCCAAACTTC,7245,246.95,extrapolated
E18.5 #1,E18_5_e1_S3,CCCCCAAACTTC,7368,247.5,extrapolated
E18.5 #1,E18_5_e1_S3,CCCCCAAACTTC,7491,248.02,extrapolated
E18.5 #1,E18_5_e1_S3,CCCCCAAACTTC,7615,248.52,extrapolated
E18.5 #1,E18_5_e1_S3,CCCCCAAACTTC,7738,248.99,extrapolated
E18.5 #1,E18_5_e1_S3,CCCCCAAACTTC,7861,249.45,extrapolated
E18.5 #1,E18_5_e1_S3,CCCCCAAACTTC,7985,249.88,extrapolated
E18.5 #1,E18_5_e1_S3,CCCCCAAACTTC,8108,250.3,extrapolated
E18.5 #1,E18_5_e1_S3,CCCCCAAACTTC,8231,250.7,extrapolated
E18.5 #1,E18_5_e1_S3,CCCCCAAACTTC,8355,251.08,extrapolated
E18.5 #1,E18_5_e1_S3,CCCCCAAACTTC,8478,251.45,extrapolated
E18.5 #1,E18_5_e1_S3,CCCCCAAACTTC,8601,251.79,extrapolated
E18.5 #1,E18_5_e1_S3,CCCCCAAACTTC,8725,252.13,extrapolated
E18.5 #1,E18_5_e1_S3,CCCCCAAACTTC,8848,252.45,extrapolated
E18.5 #1,E18_5_e1_S3,CCCCCAAACTTC,8971,252.75,extrapolated
E18.5 #1,E18_5_e1_S3,CCCCCAAACTTC,9095,253.05,extrapolated
E18.5 #1,E18_5_e1_S3,CCAATAACACCC,1,1.0,observed
E18.5 #1,E18_5_e1_S3,CCAATAACACCC,52,40.78,observed
E18.5 #1,E18_5_e1_S3,CCAATAACACCC,103,69.43,observed
E18.5 #1,E18_5_e1_S3,CCAATAACACCC,155,93.3,observed
E18.5 #1,E18_5_e1_S3,CCAATAACACCC,206,113.54,observed
E18.5 #1,E18_5_e1_S3,CCAATAACACCC,257,131.63,observed
E18.5 #1,E18_5_e1_S3,CCAATAACACCC,309,148.43,observed
E18.5 #1,E18_5_e1_S3,CCAATAACACCC,360,163.65,observed
E18.5 #1,E18_5_e1_S3,CCAATAACACCC,412,178.14,observed
E18.5 #1,E18_5_e1_S3,CCAATAACACCC,463,191.52,observed
E18.5 #1,E18_5_e1_S3,CCAATAACACCC,514,204.19,observed
E18.5 #1,E18_5_e1_S3,CCAATAACACCC,566,216.5,observed
E18.5 #1,E18_5_e1_S3,CCAATAACACCC,617,228.05,observed
E18.5 #1,E18_5_e1_S3,CCAATAACACCC,669,239.35,observed
E18.5 #1,E18_5_e1_S3,CCAATAACACCC,720,250.03,observed
E18.5 #1,E18_5_e1_S3,CCAATAACACCC,771,260.35,observed
E18.5 #1,E18_5_e1_S3,CCAATAACACCC,823,270.54,observed
E18.5 #1,E18_5_e1_S3,CCAATAACACCC,874,280.23,observed
E18.5 #1,E18_5_e1_S3,CCAATAACACCC,925,289.65,observed
E18.5 #1,E18_5_e1_S3,CCAATAACACCC,977,299.01,observed
E18.5 #1,E18_5_e1_S3,CCAATAACACCC,1028,307.96,observed
E18.5 #1,E18_5_e1_S3,CCAATAACACCC,1080,316.87,observed
E18.5 #1,E18_5_e1_S3,CCAATAACACCC,1131,325.41,observed
E18.5 #1,E18_5_e1_S3,CCAATAACACCC,1182,333.78,observed
E18.5 #1,E18_5_e1_S3,CCAATAACACCC,1234,342.13,observed
E18.5 #1,E18_5_e1_S3,CCAATAACACCC,1285,350.17,observed
E18.5 #1,E18_5_e1_S3,CCAATAACACCC,1337,358.21,observed
E18.5 #1,E18_5_e1_S3,CCAATAACACCC,1388,365.96,observed
E18.5 #1,E18_5_e1_S3,CCAATAACACCC,1439,373.57,observed
E18.5 #1,E18_5_e1_S3,CCAATAACACCC,1491,381.21,observed
E18.5 #1,E18_5_e1_S3,CCAATAACACCC,1542,388.59,observed
E18.5 #1,E18_5_e1_S3,CCAATAACACCC,1593,395.85,observed
E18.5 #1,E18_5_e1_S3,CCAATAACACCC,1645,403.14,observed
E18.5 #1,E18_5_e1_S3,CCAATAACACCC,1696,410.2,observed
E18.5 #1,E18_5_e1_S3,CCAATAACACCC,1748,417.29,observed
E18.5 #1,E18_5_e1_S3,CCAATAACACCC,1799,424.15,observed
E18.5 #1,E18_5_e1_S3,CCAATAACACCC,1850,430.92,observed
E18.5 #1,E18_5_e1_S3,CCAATAACACCC,1902,437.74,observed
E18.5 #1,E18_5_e1_S3,CCAATAACACCC,1953,444.35,observed
E18.5 #1,E18_5_e1_S3,CCAATAACACCC,2005,451.0,observed
E18.5 #1,E18_5_e1_S3,CCAATAACACCC,2140,467.9,extrapolated
E18.5 #1,E18_5_e1_S3,CCAATAACACCC,2276,484.41,extrapolated
E18.5 #1,E18_5_e1_S3,CCAATAACACCC,2412,500.4,extrapolated
E18.5 #1,E18_5_e1_S3,CCAATAACACCC,2548,515.9,extrapolated
E18.5 #1,E18_5_e1_S3,CCAATAACACCC,2684,530.92,extrapolated
E18.5 #1,E18_5_e1_S3,CCAATAACACCC,2820,545.47,extrapolated
E18.5 #1,E18_5_e1_S3,CCAATAACACCC,2956,559.58,extrapolated
E18.5 #1,E18_5_e1_S3,CCAATAACACCC,3092,573.25,extrapolated
E18.5 #1,E18_5_e1_S3,CCAATAACACCC,3228,586.5,extrapolated
E18.5 #1,E18_5_e1_S3,CCAATAACACCC,3364,599.33,extrapolated
E18.5 #1,E18_5_e1_S3,CCAATAACACCC,3500,611.77,extrapolated
E18.5 #1,E18_5_e1_S3,CCAATAACACCC,3636,623.83,extrapolated
E18.5 #1,E18_5_e1_S3,CCAATAACACCC,3772,635.51,extrapolated
E18.5 #1,E18_5_e1_S3,CCAATAACACCC,3908,646.84,extrapolated
E18.5 #1,E18_5_e1_S3,CCAATAACACCC,4043,657.73,extrapolated
E18.5 #1,E18_5_e1_S3,CCAATAACACCC,4179,668.36,extrapolated
E18.5 #1,E18_5_e1_S3,CCAATAACACCC,4315,678.67,extrapolated
E18.5 #1,E18_5_e1_S3,CCAATAACACCC,4451,688.66,extrapolated
E18.5 #1,E18_5_e1_S3,CCAATAACACCC,4587,698.34,extrapolated
E18.5 #1,E18_5_e1_S3,CCAATAACACCC,4723,707.72,extrapolated
E18.5 #1,E18_5_e1_S3,CCAATAACACCC,4859,716.81,extrapolated
E18.5 #1,E18_5_e1_S3,CCAATAACACCC,4995,725.62,extrapolated
E18.5 #1,E18_5_e1_S3,CCAATAACACCC,5131,734.16,extrapolated
E18.5 #1,E18_5_e1_S3,CCAATAACACCC,5267,742.43,extrapolated
E18.5 #1,E18_5_e1_S3,CCAATAACACCC,5403,750.45,extrapolated
E18.5 #1,E18_5_e1_S3,CCAATAACACCC,5539,758.22,extrapolated
E18.5 #1,E18_5_e1_S3,CCAATAACACCC,5675,765.75,extrapolated
E18.5 #1,E18_5_e1_S3,CCAATAACACCC,5811,773.04,extrapolated
E18.5 #1,E18_5_e1_S3,CCAATAACACCC,5947,780.11,extrapolated
E18.5 #1,E18_5_e1_S3,CCAATAACACCC,6082,786.92,extrapolated
E18.5 #1,E18_5_e1_S3,CCAATAACACCC,6218,793.56,extrapolated
E18.5 #1,E18_5_e1_S3,CCAATAACACCC,6354,799.99,extrapolated
E18.5 #1,E18_5_e1_S3,CCAATAACACCC,6490,806.23,extrapolated
E18.5 #1,E18_5_e1_S3,CCAATAACACCC,6626,812.28,extrapolated
E18.5 #1,E18_5_e1_S3,CCAATAACACCC,6762,818.14,extrapolated
E18.5 #1,E18_5_e1_S3,CCAATAACACCC,6898,823.81,extrapolated
E18.5 #1,E18_5_e1_S3,CCAATAACACCC,7034,829.31,extrapolated
E18.5 #1,E18_5_e1_S3,CCAATAACACCC,7170,834.65,extrapolated
E18.5 #1,E18_5_e1_S3,CCAATAACACCC,7306,839.81,extrapolated
E18.5 #1,E18_5_e1_S3,CCAATAACACCC,7442,844.82,extrapolated
E18.5 #1,E18_5_e1_S3,CCAATAACACCC,7578,849.67,extrapolated
E18.5 #1,E18_5_e1_S3,CCAATAACACCC,7714,854.37,extrapolated
E18.5 #1,E18_5_e1_S3,CCAATAACACCC,7850,858.93,extrapolated
E18.5 #1,E18_5_e1_S3,CCAATAACACCC,7986,863.35,extrapolated
E18.5 #1,E18_5_e1_S3,CCAATAACACCC,8121,867.59,extrapolated
E18.5 #1,E18_5_e1_S3,CCAATAACACCC,8257,871.74,extrapolated
E18.5 #1,E18_5_e1_S3,CCAATAACACCC,8393,875.76,extrapolated
E18.5 #1,E18_5_e1_S3,CCAATAACACCC,8529,879.66,extrapolated
E18.5 #1,E18_5_e1_S3,CCAATAACACCC,8665,883.43,extrapolated
E18.5 #1,E18_5_e1_S3,CCAATAACACCC,8801,887.09,extrapolated
E18.5 #1,E18_5_e1_S3,CCAATAACACCC,8937,890.64,extrapolated
E18.5 #1,E18_5_e1_S3,CCAATAACACCC,9073,894.07,extrapolated
E18.5 #1,E18_5_e1_S3,CCAATAACACCC,9209,897.4,extrapolated
E18.5 #1,E18_5_e1_S3,CCAATAACACCC,9345,900.63,extrapolated
E18.5 #1,E18_5_e1_S3,CCAATAACACCC,9481,903.76,extrapolated
E18.5 #1,E18_5_e1_S3,CCAATAACACCC,9617,906.79,extrapolated
E18.5 #1,E18_5_e1_S3,CCAATAACACCC,9753,909.72,extrapolated
E18.5 #1,E18_5_e1_S3,CCAATAACACCC,9889,912.57,extrapolated
E18.5 #1,E18_5_e1_S3,CCAATAACACCC,10025,915.33,extrapolated
E18.5 #1,E18_5_e1_S3,GTGCGAAAGTGC,1,1.0,observed
E18.5 #1,E18_5_e1_S3,GTGCGAAAGTGC,40,33.74,observed
E18.5 #1,E18_5_e1_S3,GTGCGAAAGTGC,80,59.08,observed
E18.5 #1,E18_5_e1_S3,GTGCGAAAGTGC,120,79.67,observed
E18.5 #1,E18_5_e1_S3,GTGCGAAAGTGC,160,97.19,observed
E18.5 #1,E18_5_e1_S3,GTGCGAAAGTGC,200,112.54,observed
E18.5 #1,E18_5_e1_S3,GTGCGAAAGTGC,240,126.26,observed
E18.5 #1,E18_5_e1_S3,GTGCGAAAGTGC,280,138.7,observed
E18.5 #1,E18_5_e1_S3,GTGCGAAAGTGC,320,150.1,observed
E18.5 #1,E18_5_e1_S3,GTGCGAAAGTGC,360,160.65,observed
E18.5 #1,E18_5_e1_S3,GTGCGAAAGTGC,400,170.47,observed
E18.5 #1,E18_5_e1_S3,GTGCGAAAGTGC,440,179.67,observed
E18.5 #1,E18_5_e1_S3,GTGCGAAAGTGC,480,188.32,observed
E18.5 #1,E18_5_e1_S3,GTGCGAAAGTGC,520,196.5,observed
E18.5 #1,E18_5_e1_S3,GTGCGAAAGTGC,559,204.07,observed
E18.5 #1,E18_5_e1_S3,GTGCGAAAGTGC,599,211.46,observed
E18.5 #1,E18_5_e1_S3,GTGCGAAAGTGC,639,218.51,observed
E18.5 #1,E18_5_e1_S3,GTGCGAAAGTGC,679,225.25,observed
E18.5 #1,E18_5_e1_S3,GTGCGAAAGTGC,719,231.71,observed
E18.5 #1,E18_5_e1_S3,GTGCGAAAGTGC,759,237.92,observed
E18.5 #1,E18_5_e1_S3,GTGCGAAAGTGC,799,243.89,observed
E18.5 #1,E18_5_e1_S3,GTGCGAAAGTGC,839,249.66,observed
E18.5 #1,E18_5_e1_S3,GTGCGAAAGTGC,879,255.23,observed
E18.5 #1,E18_5_e1_S3,GTGCGAAAGTGC,919,260.62,observed
E18.5 #1,E18_5_e1_S3,GTGCGAAAGTGC,959,265.84,observed
E18.5 #1,E18_5_e1_S3,GTGCGAAAGTGC,999,270.9,observed
E18.5 #1,E18_5_e1_S3,GTGCGAAAGTGC,1039,275.83,observed
E18.5 #1,E18_5_e1_S3,GTGCGAAAGTGC,1078,280.49,observed
E18.5 #1,E18_5_e1_S3,GTGCGAAAGTGC,1118,285.16,observed
E18.5 #1,E18_5_e1_S3,GTGCGAAAGTGC,1158,289.7,observed
E18.5 #1,E18_5_e1_S3,GTGCGAAAGTGC,1198,294.14,observed
E18.5 #1,E18_5_e1_S3,GTGCGAAAGTGC,1238,298.47,observed
E18.5 #1,E18_5_e1_S3,GTGCGAAAGTGC,1278,302.71,observed
E18.5 #1,E18_5_e1_S3,GTGCGAAAGTGC,1318,306.85,observed
E18.5 #1,E18_5_e1_S3,GTGCGAAAGTGC,1358,310.9,observed
E18.5 #1,E18_5_e1_S3,GTGCGAAAGTGC,1398,314.87,observed
E18.5 #1,E18_5_e1_S3,GTGCGAAAGTGC,1438,318.76,observed
E18.5 #1,E18_5_e1_S3,GTGCGAAAGTGC,1478,322.58,observed
E18.5 #1,E18_5_e1_S3,GTGCGAAAGTGC,1518,326.32,observed
E18.5 #1,E18_5_e1_S3,GTGCGAAAGTGC,1558,330.0,observed
E18.5 #1,E18_5_e1_S3,GTGCGAAAGTGC,1663,339.35,extrapolated
E18.5 #1,E18_5_e1_S3,GTGCGAAAGTGC,1769,348.36,extrapolated
E18.5 #1,E18_5_e1_S3,GTGCGAAAGTGC,1874,356.87,extrapolated
E18.5 #1,E18_5_e1_S3,GTGCGAAAGTGC,1980,365.07,extrapolated
E18.5 #1,E18_5_e1_S3,GTGCGAAAGTGC,2086,372.9,extrapolated
E18.5 #1,E18_5_e1_S3,GTGCGAAAGTGC,2191,380.3,extrapolated
E18.5 #1,E18_5_e1_S3,GTGCGAAAGTGC,2297,387.42,extrapolated
E18.5 #1,E18_5_e1_S3,GTGCGAAAGTGC,2403,394.22,extrapolated
E18.5 #1,E18_5_e1_S3,GTGCGAAAGTGC,2508,400.65,extrapolated
E18.5 #1,E18_5_e1_S3,GTGCGAAAGTGC,2614,406.85,extrapolated
E18.5 #1,E18_5_e1_S3,GTGCGAAAGTGC,2719,412.7,extrapolated
E18.5 #1,E18_5_e1_S3,GTGCGAAAGTGC,2825,418.34,extrapolated
E18.5 #1,E18_5_e1_S3,GTGCGAAAGTGC,2931,423.72,extrapolated
E18.5 #1,E18_5_e1_S3,GTGCGAAAGTGC,3036,428.81,extrapolated
E18.5 #1,E18_5_e1_S3,GTGCGAAAGTGC,3142,433.71,extrapolated
E18.5 #1,E18_5_e1_S3,GTGCGAAAGTGC,3248,438.39,extrapolated
E18.5 #1,E18_5_e1_S3,GTGCGAAAGTGC,3353,442.81,extrapolated
E18.5 #1,E18_5_e1_S3,GTGCGAAAGTGC,3459,447.07,extrapolated
E18.5 #1,E18_5_e1_S3,GTGCGAAAGTGC,3564,451.1,extrapolated
E18.5 #1,E18_5_e1_S3,GTGCGAAAGTGC,3670,454.97,extrapolated
E18.5 #1,E18_5_e1_S3,GTGCGAAAGTGC,3776,458.67,extrapolated
E18.5 #1,E18_5_e1_S3,GTGCGAAAGTGC,3881,462.17,extrapolated
E18.5 #1,E18_5_e1_S3,GTGCGAAAGTGC,3987,465.54,extrapolated
E18.5 #1,E18_5_e1_S3,GTGCGAAAGTGC,4093,468.76,extrapolated
E18.5 #1,E18_5_e1_S3,GTGCGAAAGTGC,4198,471.8,extrapolated
E18.5 #1,E18_5_e1_S3,GTGCGAAAGTGC,4304,474.73,extrapolated
E18.5 #1,E18_5_e1_S3,GTGCGAAAGTGC,4409,477.5,extrapolated
E18.5 #1,E18_5_e1_S3,GTGCGAAAGTGC,4515,480.16,extrapolated
E18.5 #1,E18_5_e1_S3,GTGCGAAAGTGC,4621,482.71,extrapolated
E18.5 #1,E18_5_e1_S3,GTGCGAAAGTGC,4726,485.11,extrapolated
E18.5 #1,E18_5_e1_S3,GTGCGAAAGTGC,4832,487.43,extrapolated
E18.5 #1,E18_5_e1_S3,GTGCGAAAGTGC,4938,489.64,extrapolated
E18.5 #1,E18_5_e1_S3,GTGCGAAAGTGC,5043,491.73,extrapolated
E18.5 #1,E18_5_e1_S3,GTGCGAAAGTGC,5149,493.75,extrapolated
E18.5 #1,E18_5_e1_S3,GTGCGAAAGTGC,5254,495.65,extrapolated
E18.5 #1,E18_5_e1_S3,GTGCGAAAGTGC,5360,497.49,extrapolated
E18.5 #1,E18_5_e1_S3,GTGCGAAAGTGC,5466,499.24,extrapolated
E18.5 #1,E18_5_e1_S3,GTGCGAAAGTGC,5571,500.89,extrapolated
E18.5 #1,E18_5_e1_S3,GTGCGAAAGTGC,5677,502.48,extrapolated
E18.5 #1,E18_5_e1_S3,GTGCGAAAGTGC,5783,504.01,extrapolated
E18.5 #1,E18_5_e1_S3,GTGCGAAAGTGC,5888,505.44,extrapolated
E18.5 #1,E18_5_e1_S3,GTGCGAAAGTGC,5994,506.83,extrapolated
E18.5 #1,E18_5_e1_S3,GTGCGAAAGTGC,6099,508.14,extrapolated
E18.5 #1,E18_5_e1_S3,GTGCGAAAGTGC,6205,509.4,extrapolated
E18.5 #1,E18_5_e1_S3,GTGCGAAAGTGC,6311,510.6,extrapolated
E18.5 #1,E18_5_e1_S3,GTGCGAAAGTGC,6416,511.74,extrapolated
E18.5 #1,E18_5_e1_S3,GTGCGAAAGTGC,6522,512.83,extrapolated
E18.5 #1,E18_5_e1_S3,GTGCGAAAGTGC,6628,513.88,extrapolated
E18.5 #1,E18_5_e1_S3,GTGCGAAAGTGC,6733,514.87,extrapolated
E18.5 #1,E18_5_e1_S3,GTGCGAAAGTGC,6839,515.82,extrapolated
E18.5 #1,E18_5_e1_S3,GTGCGAAAGTGC,6944,516.72,extrapolated
E18.5 #1,E18_5_e1_S3,GTGCGAAAGTGC,7050,517.59,extrapolated
E18.5 #1,E18_5_e1_S3,GTGCGAAAGTGC,7156,518.42,extrapolated
E18.5 #1,E18_5_e1_S3,GTGCGAAAGTGC,7261,519.2,extrapolated
E18.5 #1,E18_5_e1_S3,GTGCGAAAGTGC,7367,519.95,extrapolated
E18.5 #1,E18_5_e1_S3,GTGCGAAAGTGC,7473,520.67,extrapolated
E18.5 #1,E18_5_e1_S3,GTGCGAAAGTGC,7578,521.35,extrapolated
E18.5 #1,E18_5_e1_S3,GTGCGAAAGTGC,7684,522.01,extrapolated
E18.5 #1,E18_5_e1_S3,GTGCGAAAGTGC,7790,522.63,extrapolated
E18.5 #1,E18_5_e1_S3,TACCGAAATAAA,1,1.0,observed
E18.5 #1,E18_5_e1_S3,TACCGAAATAAA,48,38.08,observed
E18.5 #1,E18_5_e1_S3,TACCGAAATAAA,95,63.18,observed
E18.5 #1,E18_5_e1_S3,TACCGAAATAAA,142,82.03,observed
E18.5 #1,E18_5_e1_S3,TACCGAAATAAA,189,97.13,observed
E18.5 #1,E18_5_e1_S3,TACCGAAATAAA,236,109.76,observed
E18.5 #1,E18_5_e1_S3,TACCGAAATAAA,283,120.64,observed
E18.5 #1,E18_5_e1_S3,TACCGAAATAAA,330,130.21,observed
E18.5 #1,E18_5_e1_S3,TACCGAAATAAA,378,138.93,observed
E18.5 #1,E18_5_e1_S3,TACCGAAATAAA,425,146.65,observed
E18.5 #1,E18_5_e1_S3,TACCGAAATAAA,472,153.71,observed
E18.5 #1,E18_5_e1_S3,TACCGAAATAAA,519,160.21,observed
E18.5 #1,E18_5_e1_S3,TACCGAAATAAA,566,166.25,observed
E18.5 #1,E18_5_e1_S3,TACCGAAATAAA,613,171.88,observed
E18.5 #1,E18_5_e1_S3,TACCGAAATAAA,660,177.17,observed
E18.5 #1,E18_5_e1_S3,TACCGAAATAAA,707,182.17,observed
E18.5 #1,E18_5_e1_S3,TACCGAAATAAA,755,186.99,observed
E18.5 #1,E18_5_e1_S3,TACCGAAATAAA,802,191.48,observed
E18.5 #1,E18_5_e1_S3,TACCGAAATAAA,849,195.76,observed
E18.5 #1,E18_5_e1_S3,TACCGAAATAAA,896,199.85,observed
E18.5 #1,E18_5_e1_S3,TACCGAAATAAA,943,203.78,observed
E18.5 #1,E18_5_e1_S3,TACCGAAATAAA,990,207.55,observed
E18.5 #1,E18_5_e1_S3,TACCGAAATAAA,1037,211.18,observed
E18.5 #1,E18_5_e1_S3,TACCGAAATAAA,1084,214.68,observed
E18.5 #1,E18_5_e1_S3,TACCGAAATAAA,1132,218.14,observed
E18.5 #1,E18_5_e1_S3,TACCGAAATAAA,1179,221.41,observed
E18.5 #1,E18_5_e1_S3,TACCGAAATAAA,1226,224.58,observed
E18.5 #1,E18_5_e1_S3,TACCGAAATAAA,1273,227.66,observed
E18.5 #1,E18_5_e1_S3,TACCGAAATAAA,1320,230.65,observed
E18.5 #1,E18_5_e1_S3,TACCGAAATAAA,1367,233.55,observed
E18.5 #1,E18_5_e1_S3,TACCGAAATAAA,1414,236.38,observed
E18.5 #1,E18_5_e1_S3,TACCGAAATAAA,1461,239.14,observed
E18.5 #1,E18_5_e1_S3,TACCGAAATAAA,1509,241.88,observed
E18.5 #1,E18_5_e1_S3,TACCGAAATAAA,1556,244.49,observed
E18.5 #1,E18_5_e1_S3,TACCGAAATAAA,1603,247.04,observed
E18.5 #1,E18_5_e1_S3,TACCGAAATAAA,1650,249.54,observed
E18.5 #1,E18_5_e1_S3,TACCGAAATAAA,1697,251.97,observed
E18.5 #1,E18_5_e1_S3,TACCGAAATAAA,1744,254.35,observed
E18.5 #1,E18_5_e1_S3,TACCGAAATAAA,1791,256.68,observed
E18.5 #1,E18_5_e1_S3,TACCGAAATAAA,1839,259.0,observed
E18.5 #1,E18_5_e1_S3,TACCGAAATAAA,1963,264.76,extrapolated
E18.5 #1,E18_5_e1_S3,TACCGAAATAAA,2088,270.24,extrapolated
E18.5 #1,E18_5_e1_S3,TACCGAAATAAA,2213,275.41,extrapolated
E18.5 #1,E18_5_e1_S3,TACCGAAATAAA,2337,280.24,extrapolated
E18.5 #1,E18_5_e1_S3,TACCGAAATAAA,2462,284.84,extrapolated
E18.5 #1,E18_5_e1_S3,TACCGAAATAAA,2587,289.17,extrapolated
E18.5 #1,E18_5_e1_S3,TACCGAAATAAA,2711,293.23,extrapolated
E18.5 #1,E18_5_e1_S3,TACCGAAATAAA,2836,297.08,extrapolated
E18.5 #1,E18_5_e1_S3,TACCGAAATAAA,2961,300.72,extrapolated
E18.5 #1,E18_5_e1_S3,TACCGAAATAAA,3085,304.12,extrapolated
E18.5 #1,E18_5_e1_S3,TACCGAAATAAA,3210,307.36,extrapolated
E18.5 #1,E18_5_e1_S3,TACCGAAATAAA,3335,310.41,extrapolated
E18.5 #1,E18_5_e1_S3,TACCGAAATAAA,3459,313.26,extrapolated
E18.5 #1,E18_5_e1_S3,TACCGAAATAAA,3584,315.97,extrapolated
E18.5 #1,E18_5_e1_S3,TACCGAAATAAA,3709,318.53,extrapolated
E18.5 #1,E18_5_e1_S3,TACCGAAATAAA,3833,320.93,extrapolated
E18.5 #1,E18_5_e1_S3,TACCGAAATAAA,3958,323.2,extrapolated
E18.5 #1,E18_5_e1_S3,TACCGAAATAAA,4083,325.35,extrapolated
E18.5 #1,E18_5_e1_S3,TACCGAAATAAA,4207,327.36,extrapolated
E18.5 #1,E18_5_e1_S3,TACCGAAATAAA,4332,329.27,extrapolated
E18.5 #1,E18_5_e1_S3,TACCGAAATAAA,4457,331.07,extrapolated
E18.5 #1,E18_5_e1_S3,TACCGAAATAAA,4581,332.75,extrapolated
E18.5 #1,E18_5_e1_S3,TACCGAAATAAA,4706,334.35,extrapolated
E18.5 #1,E18_5_e1_S3,TACCGAAATAAA,4831,335.86,extrapolated
E18.5 #1,E18_5_e1_S3,TACCGAAATAAA,4955,337.28,extrapolated
E18.5 #1,E18_5_e1_S3,TACCGAAATAAA,5080,338.62,extrapolated
E18.5 #1,E18_5_e1_S3,TACCGAAATAAA,5205,339.89,extrapolated
E18.5 #1,E18_5_e1_S3,TACCGAAATAAA,5329,341.07,extrapolated
E18.5 #1,E18_5_e1_S3,TACCGAAATAAA,5454,342.2,extrapolated
E18.5 #1,E18_5_e1_S3,TACCGAAATAAA,5579,343.26,extrapolated
E18.5 #1,E18_5_e1_S3,TACCGAAATAAA,5704,344.27,extrapolated
E18.5 #1,E18_5_e1_S3,TACCGAAATAAA,5828,345.2,extrapolated
E18.5 #1,E18_5_e1_S3,TACCGAAATAAA,5953,346.1,extrapolated
E18.5 #1,E18_5_e1_S3,TACCGAAATAAA,6078,346.94,extrapolated
E18.5 #1,E18_5_e1_S3,TACCGAAATAAA,6202,347.72,extrapolated
E18.5 #1,E18_5_e1_S3,TACCGAAATAAA,6327,348.47,extrapolated
E18.5 #1,E18_5_e1_S3,TACCGAAATAAA,6452,349.18,extrapolated
E18.5 #1,E18_5_e1_S3,TACCGAAATAAA,6576,349.84,extrapolated
E18.5 #1,E18_5_e1_S3,TACCGAAATAAA,6701,350.46,extrapolated
E18.5 #1,E18_5_e1_S3,TACCGAAATAAA,6826,351.06,extrapolated
E18.5 #1,E18_5_e1_S3,TACCGAAATAAA,6950,351.61,extrapolated
E18.5 #1,E18_5_e1_S3,TACCGAAATAAA,7075,352.14,extrapolated
E18.5 #1,E18_5_e1_S3,TACCGAAATAAA,7200,352.63,extrapolated
E18.5 #1,E18_5_e1_S3,TACCGAAATAAA,7324,353.1,extrapolated
E18.5 #1,E18_5_e1_S3,TACCGAAATAAA,7449,353.54,extrapolated
E18.5 #1,E18_5_e1_S3,TACCGAAATAAA,7574,353.95,extrapolated
E18.5 #1,E18_5_e1_S3,TACCGAAATAAA,7698,354.34,extrapolated
E18.5 #1,E18_5_e1_S3,TACCGAAATAAA,7823,354.71,extrapolated
E18.5 #1,E18_5_e1_S3,TACCGAAATAAA,7948,355.06,extrapolated
E18.5 #1,E18_5_e1_S3,TACCGAAATAAA,8072,355.39,extrapolated
E18.5 #1,E18_5_e1_S3,TACCGAAATAAA,8197,355.7,extrapolated
E18.5 #1,E18_5_e1_S3,TACCGAAATAAA,8322,355.99,extrapolated
E18.5 #1,E18_5_e1_S3,TACCGAAATAAA,8446,356.27,extrapolated
E18.5 #1,E18_5_e1_S3,TACCGAAATAAA,8571,356.53,extrapolated
E18.5 #1,E18_5_e1_S3,TACCGAAATAAA,8696,356.78,extrapolated
E18.5 #1,E18_5_e1_S3,TACCGAAATAAA,8820,357.01,extrapolated
E18.5 #1,E18_5_e1_S3,TACCGAAATAAA,8945,357.22,extrapolated
E18.5 #1,E18_5_e1_S3,TACCGAAATAAA,9070,357.43,extrapolated
E18.5 #1,E18_5_e1_S3,TACCGAAATAAA,9195,357.62,extrapolated
E18.5 #1,E18_5_e1_S3,ACCGGAATGTGG,1,1.0,observed
E18.5 #1,E18_5_e1_S3,ACCGGAATGTGG,39,29.53,observed
E18.5 #1,E18_5_e1_S3,ACCGGAATGTGG,78,48.34,observed
E18.5 #1,E18_5_e1_S3,ACCGGAATGTGG,117,62.3,observed
E18.5 #1,E18_5_e1_S3,ACCGGAATGTGG,156,73.55,observed
E18.5 #1,E18_5_e1_S3,ACCGGAATGTGG,195,83.07,observed
E18.5 #1,E18_5_e1_S3,ACCGGAATGTGG,234,91.38,observed
E18.5 #1,E18_5_e1_S3,ACCGGAATGTGG,273,98.8,observed
E18.5 #1,E18_5_e1_S3,ACCGGAATGTGG,312,105.52,observed
E18.5 #1,E18_5_e1_S3,ACCGGAATGTGG,351,111.67,observed
E18.5 #1,E18_5_e1_S3,ACCGGAATGTGG,390,117.36,observed
E18.5 #1,E18_5_e1_S3,ACCGGAATGTGG,429,122.65,observed
E18.5 #1,E18_5_e1_S3,ACCGGAATGTGG,468,127.6,observed
E18.5 #1,E18_5_e1_S3,ACCGGAATGTGG,507,132.26,observed
E18.5 #1,E18_5_e1_S3,ACCGGAATGTGG,546,136.66,observed
E18.5 #1,E18_5_e1_S3,ACCGGAATGTGG,585,140.83,observed
E18.5 #1,E18_5_e1_S3,ACCGGAATGTGG,624,144.81,observed
E18.5 #1,E18_5_e1_S3,ACCGGAATGTGG,663,148.6,observed
E18.5 #1,E18_5_e1_S3,ACCGGAATGTGG,702,152.23,observed
E18.5 #1,E18_5_e1_S3,ACCGGAATGTGG,741,155.71,observed
E18.5 #1,E18_5_e1_S3,ACCGGAATGTGG,780,159.06,observed
E18.5 #1,E18_5_e1_S3,ACCGGAATGTGG,819,162.29,observed
E18.5 #1,E18_5_e1_S3,ACCGGAATGTGG,858,165.4,observed
E18.5 #1,E18_5_e1_S3,ACCGGAATGTGG,897,168.41,observed
E18.5 #1,E18_5_e1_S3,ACCGGAATGTGG,936,171.33,observed
E18.5 #1,E18_5_e1_S3,ACCGGAATGTGG,975,174.16,observed
E18.5 #1,E18_5_e1_S3,ACCGGAATGTGG,1014,176.9,observed
E18.5 #1,E18_5_e1_S3,ACCGGAATGTGG,1053,179.57,observed
E18.5 #1,E18_5_e1_S3,ACCGGAATGTGG,1092,182.17,observed
E18.5 #1,E18_5_e1_S3,ACCGGAATGTGG,1131,184.7,observed
E18.5 #1,E18_5_e1_S3,ACCGGAATGTGG,1170,187.16,observed
E18.5 #1,E18_5_e1_S3,ACCGGAATGTGG,1209,189.57,observed
E18.5 #1,E18_5_e1_S3,ACCGGAATGTGG,1248,191.92,observed
E18.5 #1,E18_5_e1_S3,ACCGGAATGTGG,1287,194.22,observed
E18.5 #1,E18_5_e1_S3,ACCGGAATGTGG,1326,196.47,observed
E18.5 #1,E18_5_e1_S3,ACCGGAATGTGG,1365,198.66,observed
E18.5 #1,E18_5_e1_S3,ACCGGAATGTGG,1404,200.81,observed
E18.5 #1,E18_5_e1_S3,ACCGGAATGTGG,1443,202.92,observed
E18.5 #1,E18_5_e1_S3,ACCGGAATGTGG,1482,204.98,observed
E18.5 #1,E18_5_e1_S3,ACCGGAATGTGG,1521,207.0,observed
E18.5 #1,E18_5_e1_S3,ACCGGAATGTGG,1624,212.14,extrapolated
E18.5 #1,E18_5_e1_S3,ACCGGAATGTGG,1727,217.01,extrapolated
E18.5 #1,E18_5_e1_S3,ACCGGAATGTGG,1830,221.63,extrapolated
E18.5 #1,E18_5_e1_S3,ACCGGAATGTGG,1933,226.0,extrapolated
E18.5 #1,E18_5_e1_S3,ACCGGAATGTGG,2036,230.15,extrapolated
E18.5 #1,E18_5_e1_S3,ACCGGAATGTGG,2139,234.08,extrapolated
E18.5 #1,E18_5_e1_S3,ACCGGAATGTGG,2242,237.8,extrapolated
E18.5 #1,E18_5_e1_S3,ACCGGAATGTGG,2345,241.32,extrapolated
E18.5 #1,E18_5_e1_S3,ACCGGAATGTGG,2449,244.7,extrapolated
E18.5 #1,E18_5_e1_S3,ACCGGAATGTGG,2552,247.86,extrapolated
E18.5 #1,E18_5_e1_S3,ACCGGAATGTGG,2655,250.86,extrapolated
E18.5 #1,E18_5_e1_S3,ACCGGAATGTGG,2758,253.7,extrapolated
E18.5 #1,E18_5_e1_S3,ACCGGAATGTGG,2861,256.39,extrapolated
E18.5 #1,E18_5_e1_S3,ACCGGAATGTGG,2964,258.95,extrapolated
E18.5 #1,E18_5_e1_S3,ACCGGAATGTGG,3067,261.36,extrapolated
E18.5 #1,E18_5_e1_S3,ACCGGAATGTGG,3170,263.65,extrapolated
E18.5 #1,E18_5_e1_S3,ACCGGAATGTGG,3274,265.85,extrapolated
E18.5 #1,E18_5_e1_S3,ACCGGAATGTGG,3377,267.9,extrapolated
E18.5 #1,E18_5_e1_S3,ACCGGAATGTGG,3480,269.85,extrapolated
E18.5 #1,E18_5_e1_S3,ACCGGAATGTGG,3583,271.7,extrapolated
E18.5 #1,E18_5_e1_S3,ACCGGAATGTGG,3686,273.45,extrapolated
E18.5 #1,E18_5_e1_S3,ACCGGAATGTGG,3789,275.1,extrapolated
E18.5 #1,E18_5_e1_S3,ACCGGAATGTGG,3892,276.67,extrapolated
E18.5 #1,E18_5_e1_S3,ACCGGAATGTGG,3995,278.16,extrapolated
E18.5 #1,E18_5_e1_S3,ACCGGAATGTGG,4098,279.57,extrapolated
E18.5 #1,E18_5_e1_S3,ACCGGAATGTGG,4202,280.92,extrapolated
E18.5 #1,E18_5_e1_S3,ACCGGAATGTGG,4305,282.19,extrapolated
E18.5 #1,E18_5_e1_S3,ACCGGAATGTGG,4408,283.39,extrapolated
E18.5 #1,E18_5_e1_S3,ACCGGAATGTGG,4511,284.52,extrapolated
E18.5 #1,E18_5_e1_S3,ACCGGAATGTGG,4614,285.6,extrapolated
E18.5 #1,E18_5_e1_S3,ACCGGAATGTGG,4717,286.62,extrapolated
E18.5 #1,E18_5_e1_S3,ACCGGAATGTGG,4820,287.59,extrapolated
E18.5 #1,E18_5_e1_S3,ACCGGAATGTGG,4923,288.5,extrapolated
E18.5 #1,E18_5_e1_S3,ACCGGAATGTGG,5027,289.38,extrapolated
E18.5 #1,E18_5_e1_S3,ACCGGAATGTGG,5130,290.2,extrapolated
E18.5 #1,E18_5_e1_S3,ACCGGAATGTGG,5233,290.98,extrapolated
E18.5 #1,E18_5_e1_S3,ACCGGAATGTGG,5336,291.72,extrapolated
E18.5 #1,E18_5_e1_S3,ACCGGAATGTGG,5439,292.42,extrapolated
E18.5 #1,E18_5_e1_S3,ACCGGAATGTGG,5542,293.08,extrapolated
E18.5 #1,E18_5_e1_S3,ACCGGAATGTGG,5645,293.71,extrapolated
E18.5 #1,E18_5_e1_S3,ACCGGAATGTGG,5748,294.31,extrapolated
E18.5 #1,E18_5_e1_S3,ACCGGAATGTGG,5851,294.87,extrapolated
E18.5 #1,E18_5_e1_S3,ACCGGAATGTGG,5955,295.41,extrapolated
E18.5 #1,E18_5_e1_S3,ACCGGAATGTGG,6058,295.92,extrapolated
E18.5 #1,E18_5_e1_S3,ACCGGAATGTGG,6161,296.4,extrapolated
E18.5 #1,E18_5_e1_S3,ACCGGAATGTGG,6264,296.85,extrapolated
E18.5 #1,E18_5_e1_S3,ACCGGAATGTGG,6367,297.28,extrapolated
E18.5 #1,E18_5_e1_S3,ACCGGAATGTGG,6470,297.69,extrapolated
E18.5 #1,E18_5_e1_S3,ACCGGAATGTGG,6573,298.07,extrapolated
E18.5 #1,E18_5_e1_S3,ACCGGAATGTGG,6676,298.44,extrapolated
E18.5 #1,E18_5_e1_S3,ACCGGAATGTGG,6780,298.79,extrapolated
E18.5 #1,E18_5_e1_S3,ACCGGAATGTGG,6883,299.12,extrapolated
E18.5 #1,E18_5_e1_S3,ACCGGAATGTGG,6986,299.43,extrapolated
E18.5 #1,E18_5_e1_S3,ACCGGAATGTGG,7089,299.73,extrapolated
E18.5 #1,E18_5_e1_S3,ACCGGAATGTGG,7192,300.01,extrapolated
E18.5 #1,E18_5_e1_S3,ACCGGAATGTGG,7295,300.27,extrapolated
E18.5 #1,E18_5_e1_S3,ACCGGAATGTGG,7398,300.52,extrapolated
E18.5 #1,E18_5_e1_S3,ACCGGAATGTGG,7501,300.76,extrapolated
E18.5 #1,E18_5_e1_S3,ACCGGAATGTGG,7605,300.99,extrapolated
E18.5 #1,E18_5_e1_S3,AGCGGAAGTGGG,1,1.0,observed
E18.5 #1,E18_5_e1_S3,AGCGGAAGTGGG,31,25.22,observed
E18.5 #1,E18_5_e1_S3,AGCGGAAGTGGG,62,44.12,observed
E18.5 #1,E18_5_e1_S3,AGCGGAAGTGGG,93,59.96,observed
E18.5 #1,E18_5_e1_S3,AGCGGAAGTGGG,124,73.81,observed
E18.5 #1,E18_5_e1_S3,AGCGGAAGTGGG,155,86.22,observed
E18.5 #1,E18_5_e1_S3,AGCGGAAGTGGG,186,97.52,observed
E18.5 #1,E18_5_e1_S3,AGCGGAAGTGGG,217,107.93,observed
E18.5 #1,E18_5_e1_S3,AGCGGAAGTGGG,248,117.59,observed
E18.5 #1,E18_5_e1_S3,AGCGGAAGTGGG,279,126.64,observed
E18.5 #1,E18_5_e1_S3,AGCGGAAGTGGG,310,135.16,observed
E18.5 #1,E18_5_e1_S3,AGCGGAAGTGGG,341,143.22,observed
E18.5 #1,E18_5_e1_S3,AGCGGAAGTGGG,372,150.88,observed
E18.5 #1,E18_5_e1_S3,AGCGGAAGTGGG,403,158.18,observed
E18.5 #1,E18_5_e1_S3,AGCGGAAGTGGG,433,164.94,observed
E18.5 #1,E18_5_e1_S3,AGCGGAAGTGGG,464,171.64,observed
E18.5 #1,E18_5_e1_S3,AGCGGAAGTGGG,495,178.08,observed
E18.5 #1,E18_5_e1_S3,AGCGGAAGTGGG,526,184.28,observed
E18.5 #1,E18_5_e1_S3,AGCGGAAGTGGG,557,190.27,observed
E18.5 #1,E18_5_e1_S3,AGCGGAAGTGGG,588,196.05,observed
E18.5 #1,E18_5_e1_S3,AGCGGAAGTGGG,619,201.65,observed
E18.5 #1,E18_5_e1_S3,AGCGGAAGTGGG,650,207.08,observed
E18.5 #1,E18_5_e1_S3,AGCGGAAGTGGG,681,212.34,observed
E18.5 #1,E18_5_e1_S3,AGCGGAAGTGGG,712,217.45,observed
E18.5 #1,E18_5_e1_S3,AGCGGAAGTGGG,743,222.43,observed
E18.5 #1,E18_5_e1_S3,AGCGGAAGTGGG,774,227.27,observed
E18.5 #1,E18_5_e1_S3,AGCGGAAGTGGG,805,231.98,observed
E18.5 #1,E18_5_e1_S3,AGCGGAAGTGGG,835,236.43,observed
E18.5 #1,E18_5_e1_S3,AGCGGAAGTGGG,866,240.92,observed
E18.5 #1,E18_5_e1_S3,AGCGGAAGTGGG,897,245.29,observed
E18.5 #1,E18_5_e1_S3,AGCGGAAGTGGG,928,249.57,observed
E18.5 #1,E18_5_e1_S3,AGCGGAAGTGGG,959,253.74,observed
E18.5 #1,E18_5_e1_S3,AGCGGAAGTGGG,990,257.82,observed
E18.5 #1,E18_5_e1_S3,AGCGGAAGTGGG,1021,261.81,observed
E18.5 #1,E18_5_e1_S3,AGCGGAAGTGGG,1052,265.72,observed
E18.5 #1,E18_5_e1_S3,AGCGGAAGTGGG,1083,269.53,observed
E18.5 #1,E18_5_e1_S3,AGCGGAAGTGGG,1114,273.27,observed
E18.5 #1,E18_5_e1_S3,AGCGGAAGTGGG,1145,276.92,observed
E18.5 #1,E18_5_e1_S3,AGCGGAAGTGGG,1176,280.5,observed
E18.5 #1,E18_5_e1_S3,AGCGGAAGTGGG,1207,284.0,observed
E18.5 #1,E18_5_e1_S3,AGCGGAAGTGGG,1288,292.81,extrapolated
E18.5 #1,E18_5_e1_S3,AGCGGAAGTGGG,1370,301.26,extrapolated
E18.5 #1,E18_5_e1_S3,AGCGGAAGTGGG,1452,309.25,extrapolated
E18.5 #1,E18_5_e1_S3,AGCGGAAGTGGG,1534,316.81,extrapolated
E18.5 #1,E18_5_e1_S3,AGCGGAAGTGGG,1616,323.96,extrapolated
E18.5 #1,E18_5_e1_S3,AGCGGAAGTGGG,1697,330.64,extrapolated
E18.5 #1,E18_5_e1_S3,AGCGGAAGTGGG,1779,337.05,extrapolated
E18.5 #1,E18_5_e1_S3,AGCGGAAGTGGG,1861,343.11,extrapolated
E18.5 #1,E18_5_e1_S3,AGCGGAAGTGGG,1943,348.84,extrapolated
E18.5 #1,E18_5_e1_S3,AGCGGAAGTGGG,2025,354.27,extrapolated
E18.5 #1,E18_5_e1_S3,AGCGGAAGTGGG,2107,359.4,extrapolated
E18.5 #1,E18_5_e1_S3,AGCGGAAGTGGG,2188,364.2,extrapolated
E18.5 #1,E18_5_e1_S3,AGCGGAAGTGGG,2270,368.8,extrapolated
E18.5 #1,E18_5_e1_S3,AGCGGAAGTGGG,2352,373.15,extrapolated
E18.5 #1,E18_5_e1_S3,AGCGGAAGTGGG,2434,377.27,extrapolated
E18.5 #1,E18_5_e1_S3,AGCGGAAGTGGG,2516,381.16,extrapolated
E18.5 #1,E18_5_e1_S3,AGCGGAAGTGGG,2598,384.85,extrapolated
E18.5 #1,E18_5_e1_S3,AGCGGAAGTGGG,2679,388.29,extrapolated
E18.5 #1,E18_5_e1_S3,AGCGGAAGTGGG,2761,391.59,extrapolated
E18.5 #1,E18_5_e1_S3,AGCGGAAGTGGG,2843,394.71,extrapolated
E18.5 #1,E18_5_e1_S3,AGCGGAAGTGGG,2925,397.67,extrapolated
E18.5 #1,E18_5_e1_S3,AGCGGAAGTGGG,3007,400.46,extrapolated
E18.5 #1,E18_5_e1_S3,AGCGGAAGTGGG,3089,403.11,extrapolated
E18.5 #1,E18_5_e1_S3,AGCGGAAGTGGG,3170,405.58,extrapolated
E18.5 #1,E18_5_e1_S3,AGCGGAAGTGGG,3252,407.95,extrapolated
E18.5 #1,E18_5_e1_S3,AGCGGAAGTGGG,3334,410.19,extrapolated
E18.5 #1,E18_5_e1_S3,AGCGGAAGTGGG,3416,412.31,extrapolated
E18.5 #1,E18_5_e1_S3,AGCGGAAGTGGG,3498,414.32,extrapolated
E18.5 #1,E18_5_e1_S3,AGCGGAAGTGGG,3580,416.21,extrapolated
E18.5 #1,E18_5_e1_S3,AGCGGAAGTGGG,3661,417.99,extrapolated
E18.5 #1,E18_5_e1_S3,AGCGGAAGTGGG,3743,419.69,extrapolated
E18.5 #1,E18_5_e1_S3,AGCGGAAGTGGG,3825,421.3,extrapolated
E18.5 #1,E18_5_e1_S3,AGCGGAAGTGGG,3907,422.82,extrapolated
E18.5 #1,E18_5_e1_S3,AGCGGAAGTGGG,3989,424.26,extrapolated
E18.5 #1,E18_5_e1_S3,AGCGGAAGTGGG,4071,425.62,extrapolated
E18.5 #1,E18_5_e1_S3,AGCGGAAGTGGG,4152,426.89,extrapolated
E18.5 #1,E18_5_e1_S3,AGCGGAAGTGGG,4234,428.11,extrapolated
E18.5 #1,E18_5_e1_S3,AGCGGAAGTGGG,4316,429.27,extrapolated
E18.5 #1,E18_5_e1_S3,AGCGGAAGTGGG,4398,430.36,extrapolated
E18.5 #1,E18_5_e1_S3,AGCGGAAGTGGG,4480,431.4,extrapolated
E18.5 #1,E18_5_e1_S3,AGCGGAAGTGGG,4562,432.37,extrapolated
E18.5 #1,E18_5_e1_S3,AGCGGAAGTGGG,4643,433.29,extrapolated
E18.5 #1,E18_5_e1_S3,AGCGGAAGTGGG,4725,434.16,extrapolated
E18.5 #1,E18_5_e1_S3,AGCGGAAGTGGG,4807,434.99,extrapolated
E18.5 #1,E18_5_e1_S3,AGCGGAAGTGGG,4889,435.78,extrapolated
E18.5 #1,E18_5_e1_S3,AGCGGAAGTGGG,4971,436.52,extrapolated
E18.5 #1,E18_5_e1_S3,AGCGGAAGTGGG,5053,437.22,extrapolated
E18.5 #1,E18_5_e1_S3,AGCGGAAGTGGG,5134,437.88,extrapolated
E18.5 #1,E18_5_e1_S3,AGCGGAAGTGGG,5216,438.5,extrapolated
E18.5 #1,E18_5_e1_S3,AGCGGAAGTGGG,5298,439.1,extrapolated
E18.5 #1,E18_5_e1_S3,AGCGGAAGTGGG,5380,439.66,extrapolated
E18.5 #1,E18_5_e1_S3,AGCGGAAGTGGG,5462,440.19,extrapolated
E18.5 #1,E18_5_e1_S3,AGCGGAAGTGGG,5544,440.7,extrapolated
E18.5 #1,E18_5_e1_S3,AGCGGAAGTGGG,5625,441.17,extrapolated
E18.5 #1,E18_5_e1_S3,AGCGGAAGTGGG,5707,441.62,extrapolated
E18.5 #1,E18_5_e1_S3,AGCGGAAGTGGG,5789,442.05,extrapolated
E18.5 #1,E18_5_e1_S3,AGCGGAAGTGGG,5871,442.45,extrapolated
E18.5 #1,E18_5_e1_S3,AGCGGAAGTGGG,5953,442.83,extrapolated
E18.5 #1,E18_5_e1_S3,AGCGGAAGTGGG,6035,443.2,extrapolated
E18.5 #1,E18_5_e1_S3,GGAGTAACACGG,1,1.0,observed
E18.5 #1,E18_5_e1_S3,GGAGTAACACGG,49,33.83,observed
E18.5 #1,E18_5_e1_S3,GGAGTAACACGG,98,56.29,observed
E18.5 #1,E18_5_e1_S3,GGAGTAACACGG,146,73.66,observed
E18.5 #1,E18_5_e1_S3,GGAGTAACACGG,195,88.54,observed
E18.5 #1,E18_5_e1_S3,GGAGTAACACGG,243,101.2,observed
E18.5 #1,E18_5_e1_S3,GGAGTAACACGG,292,112.7,observed
E18.5 #1,E18_5_e1_S3,GGAGTAACACGG,340,122.89,observed
E18.5 #1,E18_5_e1_S3,GGAGTAACACGG,389,132.42,observed
E18.5 #1,E18_5_e1_S3,GGAGTAACACGG,438,141.21,observed
E18.5 #1,E18_5_e1_S3,GGAGTAACACGG,486,149.23,observed
E18.5 #1,E18_5_e1_S3,GGAGTAACACGG,535,156.9,observed
E18.5 #1,E18_5_e1_S3,GGAGTAACACGG,583,163.96,observed
E18.5 #1,E18_5_e1_S3,GGAGTAACACGG,632,170.76,observed
E18.5 #1,E18_5_e1_S3,GGAGTAACACGG,680,177.08,observed
E18.5 #1,E18_5_e1_S3,GGAGTAACACGG,729,183.21,observed
E18.5 #1,E18_5_e1_S3,GGAGTAACACGG,778,189.06,observed
E18.5 #1,E18_5_e1_S3,GGAGTAACACGG,826,194.53,observed
E18.5 #1,E18_5_e1_S3,GGAGTAACACGG,875,199.88,observed
E18.5 #1,E18_5_e1_S3,GGAGTAACACGG,923,204.91,observed
E18.5 #1,E18_5_e1_S3,GGAGTAACACGG,972,209.86,observed
E18.5 #1,E18_5_e1_S3,GGAGTAACACGG,1020,214.53,observed
E18.5 #1,E18_5_e1_S3,GGAGTAACACGG,1069,219.13,observed
E18.5 #1,E18_5_e1_S3,GGAGTAACACGG,1117,223.5,observed
E18.5 #1,E18_5_e1_S3,GGAGTAACACGG,1166,227.81,observed
E18.5 #1,E18_5_e1_S3,GGAGTAACACGG,1215,232.0,observed
E18.5 #1,E18_5_e1_S3,GGAGTAACACGG,1263,235.99,observed
E18.5 #1,E18_5_e1_S3,GGAGTAACACGG,1312,239.95,observed
E18.5 #1,E18_5_e1_S3,GGAGTAACACGG,1360,243.74,observed
E18.5 #1,E18_5_e1_S3,GGAGTAACACGG,1409,247.51,observed
E18.5 #1,E18_5_e1_S3,GGAGTAACACGG,1457,251.11,observed
E18.5 #1,E18_5_e1_S3,GGAGTAACACGG,1506,254.72,observed
E18.5 #1,E18_5_e1_S3,GGAGTAACACGG,1555,258.24,observed
E18.5 #1,E18_5_e1_S3,GGAGTAACACGG,1603,261.63,observed
E18.5 #1,E18_5_e1_S3,GGAGTAACACGG,1652,265.02,observed
E18.5 #1,E18_5_e1_S3,GGAGTAACACGG,1700,268.28,observed
E18.5 #1,E18_5_e1_S3,GGAGTAACACGG,1749,271.55,observed
E18.5 #1,E18_5_e1_S3,GGAGTAACACGG,1797,274.71,observed
E18.5 #1,E18_5_e1_S3,GGAGTAACACGG,1846,277.88,observed
E18.5 #1,E18_5_e1_S3,GGAGTAACACGG,1895,281.0,observed
E18.5 #1,E18_5_e1_S3,GGAGTAACACGG,2023,288.96,extrapolated
E18.5 #1,E18_5_e1_S3,GGAGTAACACGG,2151,296.64,extrapolated
E18.5 #1,E18_5_e1_S3,GGAGTAACACGG,2280,304.1,extrapolated
E18.5 #1,E18_5_e1_S3,GGAGTAACACGG,2408,311.24,extrapolated
E18.5 #1,E18_5_e1_S3,GGAGTAACACGG,2537,318.19,extrapolated
E18.5 #1,E18_5_e1_S3,GGAGTAACACGG,2665,324.83,extrapolated
E18.5 #1,E18_5_e1_S3,GGAGTAACACGG,2794,331.29,extrapolated
E18.5 #1,E18_5_e1_S3,GGAGTAACACGG,2922,337.47,extrapolated
E18.5 #1,E18_5_e1_S3,GGAGTAACACGG,3051,343.48,extrapolated
E18.5 #1,E18_5_e1_S3,GGAGTAACACGG,3179,349.22,extrapolated
E18.5 #1,E18_5_e1_S3,GGAGTAACACGG,3308,354.81,extrapolated
E18.5 #1,E18_5_e1_S3,GGAGTAACACGG,3436,360.16,extrapolated
E18.5 #1,E18_5_e1_S3,GGAGTAACACGG,3565,365.36,extrapolated
E18.5 #1,E18_5_e1_S3,GGAGTAACACGG,3693,370.33,extrapolated
E18.5 #1,E18_5_e1_S3,GGAGTAACACGG,3822,375.17,extrapolated
E18.5 #1,E18_5_e1_S3,GGAGTAACACGG,3950,379.79,extrapolated
E18.5 #1,E18_5_e1_S3,GGAGTAACACGG,4079,384.29,extrapolated
E18.5 #1,E18_5_e1_S3,GGAGTAACACGG,4207,388.59,extrapolated
E18.5 #1,E18_5_e1_S3,GGAGTAACACGG,4336,392.78,extrapolated
E18.5 #1,E18_5_e1_S3,GGAGTAACACGG,4464,396.78,extrapolated
E18.5 #1,E18_5_e1_S3,GGAGTAACACGG,4592,400.64,extrapolated
E18.5 #1,E18_5_e1_S3,GGAGTAACACGG,4721,404.4,extrapolated
E18.5 #1,E18_5_e1_S3,GGAGTAACACGG,4849,407.99,extrapolated
E18.5 #1,E18_5_e1_S3,GGAGTAACACGG,4978,411.48,extrapolated
E18.5 #1,E18_5_e1_S3,GGAGTAACACGG,5106,414.82,extrapolated
E18.5 #1,E18_5_e1_S3,GGAGTAACACGG,5235,418.07,extrapolated
E18.5 #1,E18_5_e1_S3,GGAGTAACACGG,5363,421.18,extrapolated
E18.5 #1,E18_5_e1_S3,GGAGTAACACGG,5492,424.2,extrapolated
E18.5 #1,E18_5_e1_S3,GGAGTAACACGG,5620,427.09,extrapolated
E18.5 #1,E18_5_e1_S3,GGAGTAACACGG,5749,429.9,extrapolated
E18.5 #1,E18_5_e1_S3,GGAGTAACACGG,5877,432.59,extrapolated
E18.5 #1,E18_5_e1_S3,GGAGTAACACGG,6006,435.2,extrapolated
E18.5 #1,E18_5_e1_S3,GGAGTAACACGG,6134,437.71,extrapolated
E18.5 #1,E18_5_e1_S3,GGAGTAACACGG,6263,440.14,extrapolated
E18.5 #1,E18_5_e1_S3,GGAGTAACACGG,6391,442.47,extrapolated
E18.5 #1,E18_5_e1_S3,GGAGTAACACGG,6520,444.73,extrapolated
E18.5 #1,E18_5_e1_S3,GGAGTAACACGG,6648,446.89,extrapolated
E18.5 #1,E18_5_e1_S3,GGAGTAACACGG,6777,449.0,extrapolated
E18.5 #1,E18_5_e1_S3,GGAGTAACACGG,6905,451.01,extrapolated
E18.5 #1,E18_5_e1_S3,GGAGTAACACGG,7033,452.95,extrapolated
E18.5 #1,E18_5_e1_S3,GGAGTAACACGG,7162,454.84,extrapolated
E18.5 #1,E18_5_e1_S3,GGAGTAACACGG,7290,456.65,extrapolated
E18.5 #1,E18_5_e1_S3,GGAGTAACACGG,7419,458.4,extrapolated
E18.5 #1,E18_5_e1_S3,GGAGTAACACGG,7547,460.08,extrapolated
E18.5 #1,E18_5_e1_S3,GGAGTAACACGG,7676,461.72,extrapolated
E18.5 #1,E18_5_e1_S3,GGAGTAACACGG,7804,463.28,extrapolated
E18.5 #1,E18_5_e1_S3,GGAGTAACACGG,7933,464.8,extrapolated
E18.5 #1,E18_5_e1_S3,GGAGTAACACGG,8061,466.25,extrapolated
E18.5 #1,E18_5_e1_S3,GGAGTAACACGG,8190,467.67,extrapolated
E18.5 #1,E18_5_e1_S3,GGAGTAACACGG,8318,469.02,extrapolated
E18.5 #1,E18_5_e1_S3,GGAGTAACACGG,8447,470.33,extrapolated
E18.5 #1,E18_5_e1_S3,GGAGTAACACGG,8575,471.59,extrapolated
E18.5 #1,E18_5_e1_S3,GGAGTAACACGG,8704,472.82,extrapolated
E18.5 #1,E18_5_e1_S3,GGAGTAACACGG,8832,473.99,extrapolated
E18.5 #1,E18_5_e1_S3,GGAGTAACACGG,8961,475.12,extrapolated
E18.5 #1,E18_5_e1_S3,GGAGTAACACGG,9089,476.21,extrapolated
E18.5 #1,E18_5_e1_S3,GGAGTAACACGG,9218,477.27,extrapolated
E18.5 #1,E18_5_e1_S3,GGAGTAACACGG,9346,478.28,extrapolated
E18.5 #1,E18_5_e1_S3,GGAGTAACACGG,9475,479.27,extrapolated
E18.5 #1,E18_5_e1_S3,GCTACAAACGGC,1,1.0,observed
E18.5 #1,E18_5_e1_S3,GCTACAAACGGC,42,27.37,observed
E18.5 #1,E18_5_e1_S3,GCTACAAACGGC,84,43.26,observed
E18.5 #1,E18_5_e1_S3,GCTACAAACGGC,126,54.91,observed
E18.5 #1,E18_5_e1_S3,GCTACAAACGGC,168,64.1,observed
E18.5 #1,E18_5_e1_S3,GCTACAAACGGC,210,71.65,observed
E18.5 #1,E18_5_e1_S3,GCTACAAACGGC,251,77.9,observed
E18.5 #1,E18_5_e1_S3,GCTACAAACGGC,293,83.46,observed
E18.5 #1,E18_5_e1_S3,GCTACAAACGGC,335,88.38,observed
E18.5 #1,E18_5_e1_S3,GCTACAAACGGC,377,92.79,observed
E18.5 #1,E18_5_e1_S3,GCTACAAACGGC,419,96.8,observed
E18.5 #1,E18_5_e1_S3,GCTACAAACGGC,461,100.5,observed
E18.5 #1,E18_5_e1_S3,GCTACAAACGGC,502,103.84,observed
E18.5 #1,E18_5_e1_S3,GCTACAAACGGC,544,107.05,observed
E18.5 #1,E18_5_e1_S3,GCTACAAACGGC,586,110.08,observed
E18.5 #1,E18_5_e1_S3,GCTACAAACGGC,628,112.94,observed
E18.5 #1,E18_5_e1_S3,GCTACAAACGGC,670,115.66,observed
E18.5 #1,E18_5_e1_S3,GCTACAAACGGC,711,118.2,observed
E18.5 #1,E18_5_e1_S3,GCTACAAACGGC,753,120.69,observed
E18.5 #1,E18_5_e1_S3,GCTACAAACGGC,795,123.09,observed
E18.5 #1,E18_5_e1_S3,GCTACAAACGGC,837,125.4,observed
E18.5 #1,E18_5_e1_S3,GCTACAAACGGC,879,127.63,observed
E18.5 #1,E18_5_e1_S3,GCTACAAACGGC,921,129.78,observed
E18.5 #1,E18_5_e1_S3,GCTACAAACGGC,962,131.82,observed
E18.5 #1,E18_5_e1_S3,GCTACAAACGGC,1004,133.86,observed
E18.5 #1,E18_5_e1_S3,GCTACAAACGGC,1046,135.83,observed
E18.5 #1,E18_5_e1_S3,GCTACAAACGGC,1088,137.75,observed
E18.5 #1,E18_5_e1_S3,GCTACAAACGGC,1130,139.62,observed
E18.5 #1,E18_5_e1_S3,GCTACAAACGGC,1171,141.4,observed
E18.5 #1,E18_5_e1_S3,GCTACAAACGGC,1213,143.18,observed
E18.5 #1,E18_5_e1_S3,GCTACAAACGGC,1255,144.92,observed
E18.5 #1,E18_5_e1_S3,GCTACAAACGGC,1297,146.62,observed
E18.5 #1,E18_5_e1_S3,GCTACAAACGGC,1339,148.28,observed
E18.5 #1,E18_5_e1_S3,GCTACAAACGGC,1381,149.91,observed
E18.5 #1,E18_5_e1_S3,GCTACAAACGGC,1422,151.47,observed
E18.5 #1,E18_5_e1_S3,GCTACAAACGGC,1464,153.03,observed
E18.5 #1,E18_5_e1_S3,GCTACAAACGGC,1506,154.56,observed
E18.5 #1,E18_5_e1_S3,GCTACAAACGGC,1548,156.07,observed
E18.5 #1,E18_5_e1_S3,GCTACAAACGGC,1590,157.55,observed
E18.5 #1,E18_5_e1_S3,GCTACAAACGGC,1632,159.0,observed
E18.5 #1,E18_5_e1_S3,GCTACAAACGGC,1742,162.69,extrapolated
E18.5 #1,E18_5_e1_S3,GCTACAAACGGC,1853,166.26,extrapolated
E18.5 #1,E18_5_e1_S3,GCTACAAACGGC,1963,169.65,extrapolated
E18.5 #1,E18_5_e1_S3,GCTACAAACGGC,2074,172.92,extrapolated
E18.5 #1,E18_5_e1_S3,GCTACAAACGGC,2185,176.05,extrapolated
E18.5 #1,E18_5_e1_S3,GCTACAAACGGC,2295,179.02,extrapolated
E18.5 #1,E18_5_e1_S3,GCTACAAACGGC,2406,181.89,extrapolated
E18.5 #1,E18_5_e1_S3,GCTACAAACGGC,2517,184.63,extrapolated
E18.5 #1,E18_5_e1_S3,GCTACAAACGGC,2627,187.24,extrapolated
E18.5 #1,E18_5_e1_S3,GCTACAAACGGC,2738,189.76,extrapolated
E18.5 #1,E18_5_e1_S3,GCTACAAACGGC,2849,192.17,extrapolated
E18.5 #1,E18_5_e1_S3,GCTACAAACGGC,2959,194.45,extrapolated
E18.5 #1,E18_5_e1_S3,GCTACAAACGGC,3070,196.66,extrapolated
E18.5 #1,E18_5_e1_S3,GCTACAAACGGC,3181,198.77,extrapolated
E18.5 #1,E18_5_e1_S3,GCTACAAACGGC,3291,200.78,extrapolated
E18.5 #1,E18_5_e1_S3,GCTACAAACGGC,3402,202.72,extrapolated
E18.5 #1,E18_5_e1_S3,GCTACAAACGGC,3512,204.56,extrapolated
E18.5 #1,E18_5_e1_S3,GCTACAAACGGC,3623,206.33,extrapolated
E18.5 #1,E18_5_e1_S3,GCTACAAACGGC,3734,208.03,extrapolated
E18.5 #1,E18_5_e1_S3,GCTACAAACGGC,3844,209.65,extrapolated
E18.5 #1,E18_5_e1_S3,GCTACAAACGGC,3955,211.2,extrapolated
E18.5 #1,E18_5_e1_S3,GCTACAAACGGC,4066,212.7,extrapolated
E18.5 #1,E18_5_e1_S3,GCTACAAACGGC,4176,214.11,extrapolated
E18.5 #1,E18_5_e1_S3,GCTACAAACGGC,4287,215.48,extrapolated
E18.5 #1,E18_5_e1_S3,GCTACAAACGGC,4398,216.79,extrapolated
E18.5 #1,E18_5_e1_S3,GCTACAAACGGC,4508,218.03,extrapolated
E18.5 #1,E18_5_e1_S3,GCTACAAACGGC,4619,219.23,extrapolated
E18.5 #1,E18_5_e1_S3,GCTACAAACGGC,4730,220.38,extrapolated
E18.5 #1,E18_5_e1_S3,GCTACAAACGGC,4840,221.47,extrapolated
E18.5 #1,E18_5_e1_S3,GCTACAAACGGC,4951,222.52,extrapolated
E18.5 #1,E18_5_e1_S3,GCTACAAACGGC,5061,223.52,extrapolated
E18.5 #1,E18_5_e1_S3,GCTACAAACGGC,5172,224.48,extrapolated
E18.5 #1,E18_5_e1_S3,GCTACAAACGGC,5283,225.41,extrapolated
E18.5 #1,E18_5_e1_S3,GCTACAAACGGC,5393,226.28,extrapolated
E18.5 #1,E18_5_e1_S3,GCTACAAACGGC,5504,227.13,extrapolated
E18.5 #1,E18_5_e1_S3,GCTACAAACGGC,5615,227.94,extrapolated
E18.5 #1,E18_5_e1_S3,GCTACAAACGGC,5725,228.71,extrapolated
E18.5 #1,E18_5_e1_S3,GCTACAAACGGC,5836,229.45,extrapolated
E18.5 #1,E18_5_e1_S3,GCTACAAACGGC,5947,230.16,extrapolated
E18.5 #1,E18_5_e1_S3,GCTACAAACGGC,6057,230.83,extrapolated
E18.5 #1,E18_5_e1_S3,GCTACAAACGGC,6168,231.49,extrapolated
E18.5 #1,E18_5_e1_S3,GCTACAAACGGC,6279,232.11,extrapolated
E18.5 #1,E18_5_e1_S3,GCTACAAACGGC,6389,232.7,extrapolated
E18.5 #1,E18_5_e1_S3,GCTACAAACGGC,6500,233.27,extrapolated
E18.5 #1,E18_5_e1_S3,GCTACAAACGGC,6610,233.82,extrapolated
E18.5 #1,E18_5_e1_S3,GCTACAAACGGC,6721,234.34,extrapolated
E18.5 #1,E18_5_e1_S3,GCTACAAACGGC,6832,234.84,extrapolated
E18.5 #1,E18_5_e1_S3,GCTACAAACGGC,6942,235.32,extrapolated
E18.5 #1,E18_5_e1_S3,GCTACAAACGGC,7053,235.78,extrapolated
E18.5 #1,E18_5_e1_S3,GCTACAAACGGC,7164,236.22,extrapolated
E18.5 #1,E18_5_e1_S3,GCTACAAACGGC,7274,236.63,extrapolated
E18.5 #1,E18_5_e1_S3,GCTACAAACGGC,7385,237.04,extrapolated
E18.5 #1,E18_5_e1_S3,GCTACAAACGGC,7496,237.42,extrapolated
E18.5 #1,E18_5_e1_S3,GCTACAAACGGC,7606,237.79,extrapolated
E18.5 #1,E18_5_e1_S3,GCTACAAACGGC,7717,238.14,extrapolated
E18.5 #1,E18_5_e1_S3,GCTACAAACGGC,7828,238.48,extrapolated
E18.5 #1,E18_5_e1_S3,GCTACAAACGGC,7938,238.8,extrapolated
E18.5 #1,E18_5_e1_S3,GCTACAAACGGC,8049,239.11,extrapolated
E18.5 #1,E18_5_e1_S3,GCTACAAACGGC,8160,239.41,extrapolated
E18.5 #1,E18_5_e1_S3,GGCTTAACAGGG,1,1.0,observed
E18.5 #1,E18_5_e1_S3,GGCTTAACAGGG,37,31.39,observed
E18.5 #1,E18_5_e1_S3,GGCTTAACAGGG,74,55.98,observed
E18.5 #1,E18_5_e1_S3,GGCTTAACAGGG,110,76.22,observed
E18.5 #1,E18_5_e1_S3,GGCTTAACAGGG,147,94.48,observed
E18.5 #1,E18_5_e1_S3,GGCTTAACAGGG,183,110.46,observed
E18.5 #1,E18_5_e1_S3,GGCTTAACAGGG,220,125.48,observed
E18.5 #1,E18_5_e1_S3,GGCTTAACAGGG,256,139.01,observed
E18.5 #1,E18_5_e1_S3,GGCTTAACAGGG,293,152.0,observed
E18.5 #1,E18_5_e1_S3,GGCTTAACAGGG,329,163.88,observed
E18.5 #1,E18_5_e1_S3,GGCTTAACAGGG,366,175.42,observed
E18.5 #1,E18_5_e1_S3,GGCTTAACAGGG,402,186.08,observed
E18.5 #1,E18_5_e1_S3,GGCTTAACAGGG,439,196.51,observed
E18.5 #1,E18_5_e1_S3,GGCTTAACAGGG,475,206.2,observed
E18.5 #1,E18_5_e1_S3,GGCTTAACAGGG,512,215.73,observed
E18.5 #1,E18_5_e1_S3,GGCTTAACAGGG,548,224.62,observed
E18.5 #1,E18_5_e1_S3,GGCTTAACAGGG,585,233.4,observed
E18.5 #1,E18_5_e1_S3,GGCTTAACAGGG,621,241.63,observed
E18.5 #1,E18_5_e1_S3,GGCTTAACAGGG,658,249.77,observed
E18.5 #1,E18_5_e1_S3,GGCTTAACAGGG,694,257.42,observed
E18.5 #1,E18_5_e1_S3,GGCTTAACAGGG,731,265.02,observed
E18.5 #1,E18_5_e1_S3,GGCTTAACAGGG,767,272.16,observed
E18.5 #1,E18_5_e1_S3,GGCTTAACAGGG,804,279.28,observed
E18.5 #1,E18_5_e1_S3,GGCTTAACAGGG,840,286.0,observed
E18.5 #1,E18_5_e1_S3,GGCTTAACAGGG,877,292.69,observed
E18.5 #1,E18_5_e1_S3,GGCTTAACAGGG,913,299.02,observed
E18.5 #1,E18_5_e1_S3,GGCTTAACAGGG,950,305.35,observed
E18.5 #1,E18_5_e1_S3,GGCTTAACAGGG,986,311.34,observed
E18.5 #1,E18_5_e1_S3,GGCTTAACAGGG,1023,317.33,observed
E18.5 #1,E18_5_e1_S3,GGCTTAACAGGG,1059,323.02,observed
E18.5 #1,E18_5_e1_S3,GGCTTAACAGGG,1096,328.72,observed
E18.5 #1,E18_5_e1_S3,GGCTTAACAGGG,1132,334.13,observed
E18.5 #1,E18_5_e1_S3,GGCTTAACAGGG,1169,339.56,observed
E18.5 #1,E18_5_e1_S3,GGCTTAACAGGG,1205,344.73,observed
E18.5 #1,E18_5_e1_S3,GGCTTAACAGGG,1242,349.92,observed
E18.5 #1,E18_5_e1_S3,GGCTTAACAGGG,1278,354.86,observed
E18.5 #1,E18_5_e1_S3,GGCTTAACAGGG,1315,359.83,observed
E18.5 #1,E18_5_e1_S3,GGCTTAACAGGG,1351,364.57,observed
E18.5 #1,E18_5_e1_S3,GGCTTAACAGGG,1388,369.33,observed
E18.5 #1,E18_5_e1_S3,GGCTTAACAGGG,1425,374.0,observed
E18.5 #1,E18_5_e1_S3,GGCTTAACAGGG,1521,385.68,extrapolated
E18.5 #1,E18_5_e1_S3,GGCTTAACAGGG,1618,396.86,extrapolated
E18.5 #1,E18_5_e1_S3,GGCTTAACAGGG,1714,407.36,extrapolated
E18.5 #1,E18_5_e1_S3,GGCTTAACAGGG,1811,417.41,extrapolated
E18.5 #1,E18_5_e1_S3,GGCTTAACAGGG,1908,426.94,extrapolated
E18.5 #1,E18_5_e1_S3,GGCTTAACAGGG,2004,435.89,extrapolated
E18.5 #1,E18_5_e1_S3,GGCTTAACAGGG,2101,444.45,extrapolated
E18.5 #1,E18_5_e1_S3,GGCTTAACAGGG,2197,452.49,extrapolated
E18.5 #1,E18_5_e1_S3,GGCTTAACAGGG,2294,460.19,extrapolated
E18.5 #1,E18_5_e1_S3,GGCTTAACAGGG,2391,467.49,extrapolated
E18.5 #1,E18_5_e1_S3,GGCTTAACAGGG,2487,474.34,extrapolated
E18.5 #1,E18_5_e1_S3,GGCTTAACAGGG,2584,480.9,extrapolated
E18.5 #1,E18_5_e1_S3,GGCTTAACAGGG,2680,487.06,extrapolated
E18.5 #1,E18_5_e1_S3,GGCTTAACAGGG,2777,492.96,extrapolated
E18.5 #1,E18_5_e1_S3,GGCTTAACAGGG,2874,498.55,extrapolated
E18.5 #1,E18_5_e1_S3,GGCTTAACAGGG,2970,503.79,extrapolated
E18.5 #1,E18_5_e1_S3,GGCTTAACAGGG,3067,508.82,extrapolated
E18.5 #1,E18_5_e1_S3,GGCTTAACAGGG,3163,513.53,extrapolated
E18.5 #1,E18_5_e1_S3,GGCTTAACAGGG,3260,518.05,extrapolated
E18.5 #1,E18_5_e1_S3,GGCTTAACAGGG,3357,522.33,extrapolated
E18.5 #1,E18_5_e1_S3,GGCTTAACAGGG,3453,526.35,extrapolated
E18.5 #1,E18_5_e1_S3,GGCTTAACAGGG,3550,530.2,extrapolated
E18.5 #1,E18_5_e1_S3,GGCTTAACAGGG,3647,533.85,extrapolated
E18.5 #1,E18_5_e1_S3,GGCTTAACAGGG,3743,537.27,extrapolated
E18.5 #1,E18_5_e1_S3,GGCTTAACAGGG,3840,540.55,extrapolated
E18.5 #1,E18_5_e1_S3,GGCTTAACAGGG,3936,543.63,extrapolated
E18.5 #1,E18_5_e1_S3,GGCTTAACAGGG,4033,546.58,extrapolated
E18.5 #1,E18_5_e1_S3,GGCTTAACAGGG,4130,549.37,extrapolated
E18.5 #1,E18_5_e1_S3,GGCTTAACAGGG,4226,551.99,extrapolated
E18.5 #1,E18_5_e1_S3,GGCTTAACAGGG,4323,554.5,extrapolated
E18.5 #1,E18_5_e1_S3,GGCTTAACAGGG,4419,556.86,extrapolated
E18.5 #1,E18_5_e1_S3,GGCTTAACAGGG,4516,559.12,extrapolated
E18.5 #1,E18_5_e1_S3,GGCTTAACAGGG,4613,561.26,extrapolated
E18.5 #1,E18_5_e1_S3,GGCTTAACAGGG,4709,563.27,extrapolated
E18.5 #1,E18_5_e1_S3,GGCTTAACAGGG,4806,565.19,extrapolated
E18.5 #1,E18_5_e1_S3,GGCTTAACAGGG,4902,567.0,extrapolated
E18.5 #1,E18_5_e1_S3,GGCTTAACAGGG,4999,568.73,extrapolated
E18.5 #1,E18_5_e1_S3,GGCTTAACAGGG,5096,570.37,extrapolated
E18.5 #1,E18_5_e1_S3,GGCTTAACAGGG,5192,571.9,extrapolated
E18.5 #1,E18_5_e1_S3,GGCTTAACAGGG,5289,573.38,extrapolated
E18.5 #1,E18_5_e1_S3,GGCTTAACAGGG,5386,574.77,extrapolated
E18.5 #1,E18_5_e1_S3,GGCTTAACAGGG,5482,576.08,extrapolated
E18.5 #1,E18_5_e1_S3,GGCTTAACAGGG,5579,577.34,extrapolated
E18.5 #1,E18_5_e1_S3,GGCTTAACAGGG,5675,578.52,extrapolated
E18.5 #1,E18_5_e1_S3,GGCTTAACAGGG,5772,579.65,extrapolated
E18.5 #1,E18_5_e1_S3,GGCTTAACAGGG,5869,580.72,extrapolated
E18.5 #1,E18_5_e1_S3,GGCTTAACAGGG,5965,581.72,extrapolated
E18.5 #1,E18_5_e1_S3,GGCTTAACAGGG,6062,582.68,extrapolated
E18.5 #1,E18_5_e1_S3,GGCTTAACAGGG,6158,583.58,extrapolated
E18.5 #1,E18_5_e1_S3,GGCTTAACAGGG,6255,584.45,extrapolated
E18.5 #1,E18_5_e1_S3,GGCTTAACAGGG,6352,585.27,extrapolated
E18.5 #1,E18_5_e1_S3,GGCTTAACAGGG,6448,586.03,extrapolated
E18.5 #1,E18_5_e1_S3,GGCTTAACAGGG,6545,586.77,extrapolated
E18.5 #1,E18_5_e1_S3,GGCTTAACAGGG,6641,587.46,extrapolated
E18.5 #1,E18_5_e1_S3,GGCTTAACAGGG,6738,588.12,extrapolated
E18.5 #1,E18_5_e1_S3,GGCTTAACAGGG,6835,588.75,extrapolated
E18.5 #1,E18_5_e1_S3,GGCTTAACAGGG,6931,589.34,extrapolated
E18.5 #1,E18_5_e1_S3,GGCTTAACAGGG,7028,589.9,extrapolated
E18.5 #1,E18_5_e1_S3,GGCTTAACAGGG,7125,590.44,extrapolated
E18.5 #1,E18_5_e1_S3,GTGAAAACTCTT,1,1.0,observed
E18.5 #1,E18_5_e1_S3,GTGAAAACTCTT,19,13.55,observed
E18.5 #1,E18_5_e1_S3,GTGAAAACTCTT,38,22.07,observed
E18.5 #1,E18_5_e1_S3,GTGAAAACTCTT,57,28.55,observed
E18.5 #1,E18_5_e1_S3,GTGAAAACTCTT,76,33.76,observed
E18.5 #1,E18_5_e1_S3,GTGAAAACTCTT,95,38.11,observed
E18.5 #1,E18_5_e1_S3,GTGAAAACTCTT,114,41.84,observed
E18.5 #1,E18_5_e1_S3,GTGAAAACTCTT,133,45.11,observed
E18.5 #1,E18_5_e1_S3,GTGAAAACTCTT,152,48.03,observed
E18.5 #1,E18_5_e1_S3,GTGAAAACTCTT,171,50.68,observed
E18.5 #1,E18_5_e1_S3,GTGAAAACTCTT,190,53.12,observed
E18.5 #1,E18_5_e1_S3,GTGAAAACTCTT,209,55.39,observed
E18.5 #1,E18_5_e1_S3,GTGAAAACTCTT,228,57.52,observed
E18.5 #1,E18_5_e1_S3,GTGAAAACTCTT,247,59.52,observed
E18.5 #1,E18_5_e1_S3,GTGAAAACTCTT,266,61.41,observed
E18.5 #1,E18_5_e1_S3,GTGAAAACTCTT,285,63.22,observed
E18.5 #1,E18_5_e1_S3,GTGAAAACTCTT,304,64.94,observed
E18.5 #1,E18_5_e1_S3,GTGAAAACTCTT,323,66.59,observed
E18.5 #1,E18_5_e1_S3,GTGAAAACTCTT,342,68.18,observed
E18.5 #1,E18_5_e1_S3,GTGAAAACTCTT,361,69.71,observed
E18.5 #1,E18_5_e1_S3,GTGAAAACTCTT,379,71.11,observed
E18.5 #1,E18_5_e1_S3,GTGAAAACTCTT,398,72.54,observed
E18.5 #1,E18_5_e1_S3,GTGAAAACTCTT,417,73.93,observed
E18.5 #1,E18_5_e1_S3,GTGAAAACTCTT,436,75.27,observed
E18.5 #1,E18_5_e1_S3,GTGAAAACTCTT,455,76.58,observed
E18.5 #1,E18_5_e1_S3,GTGAAAACTCTT,474,77.85,observed
E18.5 #1,E18_5_e1_S3,GTGAAAACTCTT,493,79.09,observed
E18.5 #1,E18_5_e1_S3,GTGAAAACTCTT,512,80.3,observed
E18.5 #1,E18_5_e1_S3,GTGAAAACTCTT,531,81.48,observed
E18.5 #1,E18_5_e1_S3,GTGAAAACTCTT,550,82.64,observed
E18.5 #1,E18_5_e1_S3,GTGAAAACTCTT,569,83.76,observed
E18.5 #1,E18_5_e1_S3,GTGAAAACTCTT,588,84.87,observed
E18.5 #1,E18_5_e1_S3,GTGAAAACTCTT,607,85.95,observed
E18.5 #1,E18_5_e1_S3,GTGAAAACTCTT,626,87.01,observed
E18.5 #1,E18_5_e1_S3,GTGAAAACTCTT,645,88.05,observed
E18.5 #1,E18_5_e1_S3,GTGAAAACTCTT,664,89.08,observed
E18.5 #1,E18_5_e1_S3,GTGAAAACTCTT,683,90.08,observed
E18.5 #1,E18_5_e1_S3,GTGAAAACTCTT,702,91.07,observed
E18.5 #1,E18_5_e1_S3,GTGAAAACTCTT,721,92.04,observed
E18.5 #1,E18_5_e1_S3,GTGAAAACTCTT,740,93.0,observed
E18.5 #1,E18_5_e1_S3,GTGAAAACTCTT,790,95.45,extrapolated
E18.5 #1,E18_5_e1_S3,GTGAAAACTCTT,840,97.8,extrapolated
E18.5 #1,E18_5_e1_S3,GTGAAAACTCTT,890,100.06,extrapolated
E18.5 #1,E18_5_e1_S3,GTGAAAACTCTT,940,102.23,extrapolated
E18.5 #1,E18_5_e1_S3,GTGAAAACTCTT,990,104.32,extrapolated
E18.5 #1,E18_5_e1_S3,GTGAAAACTCTT,1041,106.36,extrapolated
E18.5 #1,E18_5_e1_S3,GTGAAAACTCTT,1091,108.28,extrapolated
E18.5 #1,E18_5_e1_S3,GTGAAAACTCTT,1141,110.13,extrapolated
E18.5 #1,E18_5_e1_S3,GTGAAAACTCTT,1191,111.91,extrapolated
E18.5 #1,E18_5_e1_S3,GTGAAAACTCTT,1241,113.61,extrapolated
E18.5 #1,E18_5_e1_S3,GTGAAAACTCTT,1291,115.25,extrapolated
E18.5 #1,E18_5_e1_S3,GTGAAAACTCTT,1342,116.85,extrapolated
E18.5 #1,E18_5_e1_S3,GTGAAAACTCTT,1392,118.36,extrapolated
E18.5 #1,E18_5_e1_S3,GTGAAAACTCTT,1442,119.81,extrapolated
E18.5 #1,E18_5_e1_S3,GTGAAAACTCTT,1492,121.2,extrapolated
E18.5 #1,E18_5_e1_S3,GTGAAAACTCTT,1542,122.54,extrapolated
E18.5 #1,E18_5_e1_S3,GTGAAAACTCTT,1592,123.82,extrapolated
E18.5 #1,E18_5_e1_S3,GTGAAAACTCTT,1643,125.08,extrapolated
E18.5 #1,E18_5_e1_S3,GTGAAAACTCTT,1693,126.27,extrapolated
E18.5 #1,E18_5_e1_S3,GTGAAAACTCTT,1743,127.41,extrapolated
E18.5 #1,E18_5_e1_S3,GTGAAAACTCTT,1793,128.5,extrapolated
E18.5 #1,E18_5_e1_S3,GTGAAAACTCTT,1843,129.55,extrapolated
E18.5 #1,E18_5_e1_S3,GTGAAAACTCTT,1893,130.56,extrapolated
E18.5 #1,E18_5_e1_S3,GTGAAAACTCTT,1944,131.55,extrapolated
E18.5 #1,E18_5_e1_S3,GTGAAAACTCTT,1994,132.48,extrapolated
E18.5 #1,E18_5_e1_S3,GTGAAAACTCTT,2044,133.37,extrapolated
E18.5 #1,E18_5_e1_S3,GTGAAAACTCTT,2094,134.23,extrapolated
E18.5 #1,E18_5_e1_S3,GTGAAAACTCTT,2144,135.05,extrapolated
E18.5 #1,E18_5_e1_S3,GTGAAAACTCTT,2194,135.84,extrapolated
E18.5 #1,E18_5_e1_S3,GTGAAAACTCTT,2245,136.62,extrapolated
E18.5 #1,E18_5_e1_S3,GTGAAAACTCTT,2295,137.35,extrapolated
E18.5 #1,E18_5_e1_S3,GTGAAAACTCTT,2345,138.05,extrapolated
E18.5 #1,E18_5_e1_S3,GTGAAAACTCTT,2395,138.73,extrapolated
E18.5 #1,E18_5_e1_S3,GTGAAAACTCTT,2445,139.37,extrapolated
E18.5 #1,E18_5_e1_S3,GTGAAAACTCTT,2495,139.99,extrapolated
E18.5 #1,E18_5_e1_S3,GTGAAAACTCTT,2546,140.6,extrapolated
E18.5 #1,E18_5_e1_S3,GTGAAAACTCTT,2596,141.18,extrapolated
E18.5 #1,E18_5_e1_S3,GTGAAAACTCTT,2646,141.73,extrapolated
E18.5 #1,E18_5_e1_S3,GTGAAAACTCTT,2696,142.26,extrapolated
E18.5 #1,E18_5_e1_S3,GTGAAAACTCTT,2746,142.76,extrapolated
E18.5 #1,E18_5_e1_S3,GTGAAAACTCTT,2796,143.25,extrapolated
E18.5 #1,E18_5_e1_S3,GTGAAAACTCTT,2847,143.73,extrapolated
E18.5 #1,E18_5_e1_S3,GTGAAAACTCTT,2897,144.18,extrapolated
E18.5 #1,E18_5_e1_S3,GTGAAAACTCTT,2947,144.61,extrapolated
E18.5 #1,E18_5_e1_S3,GTGAAAACTCTT,2997,145.03,extrapolated
E18.5 #1,E18_5_e1_S3,GTGAAAACTCTT,3047,145.43,extrapolated
E18.5 #1,E18_5_e1_S3,GTGAAAACTCTT,3097,145.81,extrapolated
E18.5 #1,E18_5_e1_S3,GTGAAAACTCTT,3148,146.18,extrapolated
E18.5 #1,E18_5_e1_S3,GTGAAAACTCTT,3198,146.54,extrapolated
E18.5 #1,E18_5_e1_S3,GTGAAAACTCTT,3248,146.88,extrapolated
E18.5 #1,E18_5_e1_S3,GTGAAAACTCTT,3298,147.2,extrapolated
E18.5 #1,E18_5_e1_S3,GTGAAAACTCTT,3348,147.51,extrapolated
E18.5 #1,E18_5_e1_S3,GTGAAAACTCTT,3398,147.82,extrapolated
E18.5 #1,E18_5_e1_S3,GTGAAAACTCTT,3449,148.11,extrapolated
E18.5 #1,E18_5_e1_S3,GTGAAAACTCTT,3499,148.39,extrapolated
E18.5 #1,E18_5_e1_S3,GTGAAAACTCTT,3549,148.65,extrapolated
E18.5 #1,E18_5_e1_S3,GTGAAAACTCTT,3599,148.91,extrapolated
E18.5 #1,E18_5_e1_S3,GTGAAAACTCTT,3649,149.15,extrapolated
E18.5 #1,E18_5_e1_S3,GTGAAAACTCTT,3700,149.4,extrapolated
E18.5 #1,E18_5_e1_S3,AGCCTAACATTA,1,1.0,observed
E18.5 #1,E18_5_e1_S3,AGCCTAACATTA,31,26.95,observed
E18.5 #1,E18_5_e1_S3,AGCCTAACATTA,61,47.35,observed
E18.5 #1,E18_5_e1_S3,AGCCTAACATTA,91,64.31,observed
E18.5 #1,E18_5_e1_S3,AGCCTAACATTA,121,78.96,observed
E18.5 #1,E18_5_e1_S3,AGCCTAACATTA,152,92.39,observed
E18.5 #1,E18_5_e1_S3,AGCCTAACATTA,182,104.13,observed
E18.5 #1,E18_5_e1_S3,AGCCTAACATTA,212,114.9,observed
E18.5 #1,E18_5_e1_S3,AGCCTAACATTA,242,124.89,observed
E18.5 #1,E18_5_e1_S3,AGCCTAACATTA,272,134.22,observed
E18.5 #1,E18_5_e1_S3,AGCCTAACATTA,303,143.27,observed
E18.5 #1,E18_5_e1_S3,AGCCTAACATTA,333,151.52,observed
E18.5 #1,E18_5_e1_S3,AGCCTAACATTA,363,159.35,observed
E18.5 #1,E18_5_e1_S3,AGCCTAACATTA,393,166.8,observed
E18.5 #1,E18_5_e1_S3,AGCCTAACATTA,423,173.9,observed
E18.5 #1,E18_5_e1_S3,AGCCTAACATTA,454,180.91,observed
E18.5 #1,E18_5_e1_S3,AGCCTAACATTA,484,187.41,observed
E18.5 #1,E18_5_e1_S3,AGCCTAACATTA,514,193.65,observed
E18.5 #1,E18_5_e1_S3,AGCCTAACATTA,544,199.65,observed
E18.5 #1,E18_5_e1_S3,AGCCTAACATTA,574,205.43,observed
E18.5 #1,E18_5_e1_S3,AGCCTAACATTA,605,211.19,observed
E18.5 #1,E18_5_e1_S3,AGCCTAACATTA,635,216.57,observed
E18.5 #1,E18_5_e1_S3,AGCCTAACATTA,665,221.79,observed
E18.5 #1,E18_5_e1_S3,AGCCTAACATTA,695,226.84,observed
E18.5 #1,E18_5_e1_S3,AGCCTAACATTA,725,231.73,observed
E18.5 #1,E18_5_e1_S3,AGCCTAACATTA,756,236.65,observed
E18.5 #1,E18_5_e1_S3,AGCCTAACATTA,786,241.27,observed
E18.5 #1,E18_5_e1_S3,AGCCTAACATTA,816,245.77,observed
E18.5 #1,E18_5_e1_S3,AGCCTAACATTA,846,250.16,observed
E18.5 #1,E18_5_e1_S3,AGCCTAACATTA,876,254.44,observed
E18.5 #1,E18_5_e1_S3,AGCCTAACATTA,907,258.76,observed
E18.5 #1,E18_5_e1_S3,AGCCTAACATTA,937,262.84,observed
E18.5 #1,E18_5_e1_S3,AGCCTAACATTA,967,266.84,observed
E18.5 #1,E18_5_e1_S3,AGCCTAACATTA,997,270.75,observed
E18.5 #1,E18_5_e1_S3,AGCCTAACATTA,1027,274.59,observed
E18.5 #1,E18_5_e1_S3,AGCCTAACATTA,1058,278.48,observed
E18.5 #1,E18_5_e1_S3,AGCCTAACATTA,1088,282.17,observed
E18.5 #1,E18_5_e1_S3,AGCCTAACATTA,1118,285.8,observed
E18.5 #1,E18_5_e1_S3,AGCCTAACATTA,1148,289.37,observed
E18.5 #1,E18_5_e1_S3,AGCCTAACATTA,1179,293.0,observed
E18.5 #1,E18_5_e1_S3,AGCCTAACATTA,1258,302.0,extrapolated
E18.5 #1,E18_5_e1_S3,AGCCTAACATTA,1338,310.74,extrapolated
E18.5 #1,E18_5_e1_S3,AGCCTAACATTA,1418,319.15,extrapolated
E18.5 #1,E18_5_e1_S3,AGCCTAACATTA,1498,327.21,extrapolated
E18.5 #1,E18_5_e1_S3,AGCCTAACATTA,1578,334.96,extrapolated
E18.5 #1,E18_5_e1_S3,AGCCTAACATTA,1658,342.39,extrapolated
E18.5 #1,E18_5_e1_S3,AGCCTAACATTA,1738,349.53,extrapolated
E18.5 #1,E18_5_e1_S3,AGCCTAACATTA,1818,356.39,extrapolated
E18.5 #1,E18_5_e1_S3,AGCCTAACATTA,1898,362.97,extrapolated
E18.5 #1,E18_5_e1_S3,AGCCTAACATTA,1978,369.29,extrapolated
E18.5 #1,E18_5_e1_S3,AGCCTAACATTA,2058,375.36,extrapolated
E18.5 #1,E18_5_e1_S3,AGCCTAACATTA,2138,381.19,extrapolated
E18.5 #1,E18_5_e1_S3,AGCCTAACATTA,2218,386.79,extrapolated
E18.5 #1,E18_5_e1_S3,AGCCTAACATTA,2298,392.16,extrapolated
E18.5 #1,E18_5_e1_S3,AGCCTAACATTA,2377,397.25,extrapolated
E18.5 #1,E18_5_e1_S3,AGCCTAACATTA,2457,402.21,extrapolated
E18.5 #1,E18_5_e1_S3,AGCCTAACATTA,2537,406.97,extrapolated
E18.5 #1,E18_5_e1_S3,AGCCTAACATTA,2617,411.54,extrapolated
E18.5 #1,E18_5_e1_S3,AGCCTAACATTA,2697,415.92,extrapolated
E18.5 #1,E18_5_e1_S3,AGCCTAACATTA,2777,420.14,extrapolated
E18.5 #1,E18_5_e1_S3,AGCCTAACATTA,2857,424.18,extrapolated
E18.5 #1,E18_5_e1_S3,AGCCTAACATTA,2937,428.06,extrapolated
E18.5 #1,E18_5_e1_S3,AGCCTAACATTA,3017,431.79,extrapolated
E18.5 #1,E18_5_e1_S3,AGCCTAACATTA,3097,435.37,extrapolated
E18.5 #1,E18_5_e1_S3,AGCCTAACATTA,3177,438.81,extrapolated
E18.5 #1,E18_5_e1_S3,AGCCTAACATTA,3257,442.11,extrapolated
E18.5 #1,E18_5_e1_S3,AGCCTAACATTA,3337,445.28,extrapolated
E18.5 #1,E18_5_e1_S3,AGCCTAACATTA,3417,448.32,extrapolated
E18.5 #1,E18_5_e1_S3,AGCCTAACATTA,3497,451.24,extrapolated
E18.5 #1,E18_5_e1_S3,AGCCTAACATTA,3576,454.02,extrapolated
E18.5 #1,E18_5_e1_S3,AGCCTAACATTA,3656,456.71,extrapolated
E18.5 #1,E18_5_e1_S3,AGCCTAACATTA,3736,459.3,extrapolated
E18.5 #1,E18_5_e1_S3,AGCCTAACATTA,3816,461.78,extrapolated
E18.5 #1,E18_5_e1_S3,AGCCTAACATTA,3896,464.17,extrapolated
E18.5 #1,E18_5_e1_S3,AGCCTAACATTA,3976,466.46,extrapolated
E18.5 #1,E18_5_e1_S3,AGCCTAACATTA,4056,468.66,extrapolated
E18.5 #1,E18_5_e1_S3,AGCCTAACATTA,4136,470.77,extrapolated
E18.5 #1,E18_5_e1_S3,AGCCTAACATTA,4216,472.8,extrapolated
E18.5 #1,E18_5_e1_S3,AGCCTAACATTA,4296,474.75,extrapolated
E18.5 #1,E18_5_e1_S3,AGCCTAACATTA,4376,476.62,extrapolated
E18.5 #1,E18_5_e1_S3,AGCCTAACATTA,4456,478.41,extrapolated
E18.5 #1,E18_5_e1_S3,AGCCTAACATTA,4536,480.14,extrapolated
E18.5 #1,E18_5_e1_S3,AGCCTAACATTA,4616,481.79,extrapolated
E18.5 #1,E18_5_e1_S3,AGCCTAACATTA,4696,483.38,extrapolated
E18.5 #1,E18_5_e1_S3,AGCCTAACATTA,4775,484.89,extrapolated
E18.5 #1,E18_5_e1_S3,AGCCTAACATTA,4855,486.35,extrapolated
E18.5 #1,E18_5_e1_S3,AGCCTAACATTA,4935,487.76,extrapolated
E18.5 #1,E18_5_e1_S3,AGCCTAACATTA,5015,489.11,extrapolated
E18.5 #1,E18_5_e1_S3,AGCCTAACATTA,5095,490.41,extrapolated
E18.5 #1,E18_5_e1_S3,AGCCTAACATTA,5175,491.66,extrapolated
E18.5 #1,E18_5_e1_S3,AGCCTAACATTA,5255,492.85,extrapolated
E18.5 #1,E18_5_e1_S3,AGCCTAACATTA,5335,494.0,extrapolated
E18.5 #1,E18_5_e1_S3,AGCCTAACATTA,5415,495.1,extrapolated
E18.5 #1,E18_5_e1_S3,AGCCTAACATTA,5495,496.16,extrapolated
E18.5 #1,E18_5_e1_S3,AGCCTAACATTA,5575,497.18,extrapolated
E18.5 #1,E18_5_e1_S3,AGCCTAACATTA,5655,498.16,extrapolated
E18.5 #1,E18_5_e1_S3,AGCCTAACATTA,5735,499.09,extrapolated
E18.5 #1,E18_5_e1_S3,AGCCTAACATTA,5815,499.99,extrapolated
E18.5 #1,E18_5_e1_S3,AGCCTAACATTA,5895,500.86,extrapolated
E18.5 #2,E18_5_e2_S4,CTAGTAATCCCT,1,1.0,observed
E18.5 #2,E18_5_e2_S4,CTAGTAATCCCT,160,45.69,observed
E18.5 #2,E18_5_e2_S4,CTAGTAATCCCT,319,64.17,observed
E18.5 #2,E18_5_e2_S4,CTAGTAATCCCT,478,77.35,observed
E18.5 #2,E18_5_e2_S4,CTAGTAATCCCT,637,87.94,observed
E18.5 #2,E18_5_e2_S4,CTAGTAATCCCT,796,96.98,observed
E18.5 #2,E18_5_e2_S4,CTAGTAATCCCT,955,104.98,observed
E18.5 #2,E18_5_e2_S4,CTAGTAATCCCT,1114,112.21,observed
E18.5 #2,E18_5_e2_S4,CTAGTAATCCCT,1273,118.86,observed
E18.5 #2,E18_5_e2_S4,CTAGTAATCCCT,1432,125.04,observed
E18.5 #2,E18_5_e2_S4,CTAGTAATCCCT,1591,130.85,observed
E18.5 #2,E18_5_e2_S4,CTAGTAATCCCT,1750,136.33,observed
E18.5 #2,E18_5_e2_S4,CTAGTAATCCCT,1909,141.54,observed
E18.5 #2,E18_5_e2_S4,CTAGTAATCCCT,2069,146.54,observed
E18.5 #2,E18_5_e2_S4,CTAGTAATCCCT,2228,151.3,observed
E18.5 #2,E18_5_e2_S4,CTAGTAATCCCT,2387,155.88,observed
E18.5 #2,E18_5_e2_S4,CTAGTAATCCCT,2546,160.29,observed
E18.5 #2,E18_5_e2_S4,CTAGTAATCCCT,2705,164.56,observed
E18.5 #2,E18_5_e2_S4,CTAGTAATCCCT,2864,168.69,observed
E18.5 #2,E18_5_e2_S4,CTAGTAATCCCT,3023,172.69,observed
E18.5 #2,E18_5_e2_S4,CTAGTAATCCCT,3182,176.59,observed
E18.5 #2,E18_5_e2_S4,CTAGTAATCCCT,3341,180.38,observed
E18.5 #2,E18_5_e2_S4,CTAGTAATCCCT,3500,184.07,observed
E18.5 #2,E18_5_e2_S4,CTAGTAATCCCT,3659,187.67,observed
E18.5 #2,E18_5_e2_S4,CTAGTAATCCCT,3818,191.19,observed
E18.5 #2,E18_5_e2_S4,CTAGTAATCCCT,3977,194.63,observed
E18.5 #2,E18_5_e2_S4,CTAGTAATCCCT,4137,198.02,observed
E18.5 #2,E18_5_e2_S4,CTAGTAATCCCT,4296,201.33,observed
E18.5 #2,E18_5_e2_S4,CTAGTAATCCCT,4455,204.56,observed
E18.5 #2,E18_5_e2_S4,CTAGTAATCCCT,4614,207.74,observed
E18.5 #2,E18_5_e2_S4,CTAGTAATCCCT,4773,210.87,observed
E18.5 #2,E18_5_e2_S4,CTAGTAATCCCT,4932,213.94,observed
E18.5 #2,E18_5_e2_S4,CTAGTAATCCCT,5091,216.96,observed
E18.5 #2,E18_5_e2_S4,CTAGTAATCCCT,5250,219.94,observed
E18.5 #2,E18_5_e2_S4,CTAGTAATCCCT,5409,222.87,observed
E18.5 #2,E18_5_e2_S4,CTAGTAATCCCT,5568,225.76,observed
E18.5 #2,E18_5_e2_S4,CTAGTAATCCCT,5727,228.62,observed
E18.5 #2,E18_5_e2_S4,CTAGTAATCCCT,5886,231.44,observed
E18.5 #2,E18_5_e2_S4,CTAGTAATCCCT,6045,234.23,observed
E18.5 #2,E18_5_e2_S4,CTAGTAATCCCT,6205,237.0,observed
E18.5 #2,E18_5_e2_S4,CTAGTAATCCCT,6625,244.14,extrapolated
E18.5 #2,E18_5_e2_S4,CTAGTAATCCCT,7046,251.11,extrapolated
E18.5 #2,E18_5_e2_S4,CTAGTAATCCCT,7467,257.88,extrapolated
E18.5 #2,E18_5_e2_S4,CTAGTAATCCCT,7887,264.45,extrapolated
E18.5 #2,E18_5_e2_S4,CTAGTAATCCCT,8308,270.85,extrapolated
E18.5 #2,E18_5_e2_S4,CTAGTAATCCCT,8729,277.08,extrapolated
E18.5 #2,E18_5_e2_S4,CTAGTAATCCCT,9149,283.12,extrapolated
E18.5 #2,E18_5_e2_S4,CTAGTAATCCCT,9570,289.01,extrapolated
E18.5 #2,E18_5_e2_S4,CTAGTAATCCCT,9991,294.74,extrapolated
E18.5 #2,E18_5_e2_S4,CTAGTAATCCCT,10411,300.29,extrapolated
E18.5 #2,E18_5_e2_S4,CTAGTAATCCCT,10832,305.71,extrapolated
E18.5 #2,E18_5_e2_S4,CTAGTAATCCCT,11253,310.98,extrapolated
E18.5 #2,E18_5_e2_S4,CTAGTAATCCCT,11673,316.09,extrapolated
E18.5 #2,E18_5_e2_S4,CTAGTAATCCCT,12094,321.07,extrapolated
E18.5 #2,E18_5_e2_S4,CTAGTAATCCCT,12515,325.92,extrapolated
E18.5 #2,E18_5_e2_S4,CTAGTAATCCCT,12935,330.62,extrapolated
E18.5 #2,E18_5_e2_S4,CTAGTAATCCCT,13356,335.2,extrapolated
E18.5 #2,E18_5_e2_S4,CTAGTAATCCCT,13777,339.66,extrapolated
E18.5 #2,E18_5_e2_S4,CTAGTAATCCCT,14197,343.99,extrapolated
E18.5 #2,E18_5_e2_S4,CTAGTAATCCCT,14618,348.2,extrapolated
E18.5 #2,E18_5_e2_S4,CTAGTAATCCCT,15039,352.3,extrapolated
E18.5 #2,E18_5_e2_S4,CTAGTAATCCCT,15459,356.28,extrapolated
E18.5 #2,E18_5_e2_S4,CTAGTAATCCCT,15880,360.15,extrapolated
E18.5 #2,E18_5_e2_S4,CTAGTAATCCCT,16301,363.92,extrapolated
E18.5 #2,E18_5_e2_S4,CTAGTAATCCCT,16721,367.58,extrapolated
E18.5 #2,E18_5_e2_S4,CTAGTAATCCCT,17142,371.15,extrapolated
E18.5 #2,E18_5_e2_S4,CTAGTAATCCCT,17563,374.62,extrapolated
E18.5 #2,E18_5_e2_S4,CTAGTAATCCCT,17983,377.98,extrapolated
E18.5 #2,E18_5_e2_S4,CTAGTAATCCCT,18404,381.26,extrapolated
E18.5 #2,E18_5_e2_S4,CTAGTAATCCCT,18825,384.45,extrapolated
E18.5 #2,E18_5_e2_S4,CTAGTAATCCCT,19246,387.55,extrapolated
E18.5 #2,E18_5_e2_S4,CTAGTAATCCCT,19666,390.56,extrapolated
E18.5 #2,E18_5_e2_S4,CTAGTAATCCCT,20087,393.49,extrapolated
E18.5 #2,E18_5_e2_S4,CTAGTAATCCCT,20508,396.35,extrapolated
E18.5 #2,E18_5_e2_S4,CTAGTAATCCCT,20928,399.11,extrapolated
E18.5 #2,E18_5_e2_S4,CTAGTAATCCCT,21349,401.81,extrapolated
E18.5 #2,E18_5_e2_S4,CTAGTAATCCCT,21770,404.44,extrapolated
E18.5 #2,E18_5_e2_S4,CTAGTAATCCCT,22190,406.98,extrapolated
E18.5 #2,E18_5_e2_S4,CTAGTAATCCCT,22611,409.46,extrapolated
E18.5 #2,E18_5_e2_S4,CTAGTAATCCCT,23032,411.88,extrapolated
E18.5 #2,E18_5_e2_S4,CTAGTAATCCCT,23452,414.22,extrapolated
E18.5 #2,E18_5_e2_S4,CTAGTAATCCCT,23873,416.5,extrapolated
E18.5 #2,E18_5_e2_S4,CTAGTAATCCCT,24294,418.72,extrapolated
E18.5 #2,E18_5_e2_S4,CTAGTAATCCCT,24714,420.87,extrapolated
E18.5 #2,E18_5_e2_S4,CTAGTAATCCCT,25135,422.97,extrapolated
E18.5 #2,E18_5_e2_S4,CTAGTAATCCCT,25556,425.01,extrapolated
E18.5 #2,E18_5_e2_S4,CTAGTAATCCCT,25976,427.0,extrapolated
E18.5 #2,E18_5_e2_S4,CTAGTAATCCCT,26397,428.93,extrapolated
E18.5 #2,E18_5_e2_S4,CTAGTAATCCCT,26818,430.8,extrapolated
E18.5 #2,E18_5_e2_S4,CTAGTAATCCCT,27238,432.63,extrapolated
E18.5 #2,E18_5_e2_S4,CTAGTAATCCCT,27659,434.4,extrapolated
E18.5 #2,E18_5_e2_S4,CTAGTAATCCCT,28080,436.13,extrapolated
E18.5 #2,E18_5_e2_S4,CTAGTAATCCCT,28500,437.8,extrapolated
E18.5 #2,E18_5_e2_S4,CTAGTAATCCCT,28921,439.44,extrapolated
E18.5 #2,E18_5_e2_S4,CTAGTAATCCCT,29342,441.03,extrapolated
E18.5 #2,E18_5_e2_S4,CTAGTAATCCCT,29762,442.57,extrapolated
E18.5 #2,E18_5_e2_S4,CTAGTAATCCCT,30183,444.07,extrapolated
E18.5 #2,E18_5_e2_S4,CTAGTAATCCCT,30604,445.53,extrapolated
E18.5 #2,E18_5_e2_S4,CTAGTAATCCCT,31025,446.95,extrapolated
E18.5 #2,E18_5_e2_S4,TAGCGAATTTTT,1,1.0,observed
E18.5 #2,E18_5_e2_S4,TAGCGAATTTTT,20,10.39,observed
E18.5 #2,E18_5_e2_S4,TAGCGAATTTTT,40,15.62,observed
E18.5 #2,E18_5_e2_S4,TAGCGAATTTTT,59,19.26,observed
E18.5 #2,E18_5_e2_S4,TAGCGAATTTTT,79,22.29,observed
E18.5 #2,E18_5_e2_S4,TAGCGAATTTTT,98,24.69,observed
E18.5 #2,E18_5_e2_S4,TAGCGAATTTTT,118,26.85,observed
E18.5 #2,E18_5_e2_S4,TAGCGAATTTTT,137,28.65,observed
E18.5 #2,E18_5_e2_S4,TAGCGAATTTTT,157,30.36,observed
E18.5 #2,E18_5_e2_S4,TAGCGAATTTTT,176,31.84,observed
E18.5 #2,E18_5_e2_S4,TAGCGAATTTTT,196,33.27,observed
E18.5 #2,E18_5_e2_S4,TAGCGAATTTTT,215,34.53,observed
E18.5 #2,E18_5_e2_S4,TAGCGAATTTTT,235,35.79,observed
E18.5 #2,E18_5_e2_S4,TAGCGAATTTTT,254,36.91,observed
E18.5 #2,E18_5_e2_S4,TAGCGAATTTTT,274,38.04,observed
E18.5 #2,E18_5_e2_S4,TAGCGAATTTTT,293,39.06,observed
E18.5 #2,E18_5_e2_S4,TAGCGAATTTTT,313,40.09,observed
E18.5 #2,E18_5_e2_S4,TAGCGAATTTTT,332,41.04,observed
E18.5 #2,E18_5_e2_S4,TAGCGAATTTTT,352,42.0,observed
E18.5 #2,E18_5_e2_S4,TAGCGAATTTTT,371,42.88,observed
E18.5 #2,E18_5_e2_S4,TAGCGAATTTTT,391,43.78,observed
E18.5 #2,E18_5_e2_S4,TAGCGAATTTTT,410,44.61,observed
E18.5 #2,E18_5_e2_S4,TAGCGAATTTTT,430,45.46,observed
E18.5 #2,E18_5_e2_S4,TAGCGAATTTTT,449,46.25,observed
E18.5 #2,E18_5_e2_S4,TAGCGAATTTTT,469,47.05,observed
E18.5 #2,E18_5_e2_S4,TAGCGAATTTTT,488,47.8,observed
E18.5 #2,E18_5_e2_S4,TAGCGAATTTTT,508,48.57,observed
E18.5 #2,E18_5_e2_S4,TAGCGAATTTTT,527,49.29,observed
E18.5 #2,E18_5_e2_S4,TAGCGAATTTTT,547,50.02,observed
E18.5 #2,E18_5_e2_S4,TAGCGAATTTTT,566,50.71,observed
E18.5 #2,E18_5_e2_S4,TAGCGAATTTTT,586,51.41,observed
E18.5 #2,E18_5_e2_S4,TAGCGAATTTTT,605,52.07,observed
E18.5 #2,E18_5_e2_S4,TAGCGAATTTTT,625,52.74,observed
E18.5 #2,E18_5_e2_S4,TAGCGAATTTTT,644,53.37,observed
E18.5 #2,E18_5_e2_S4,TAGCGAATTTTT,664,54.02,observed
E18.5 #2,E18_5_e2_S4,TAGCGAATTTTT,683,54.62,observed
E18.5 #2,E18_5_e2_S4,TAGCGAATTTTT,703,55.24,observed
E18.5 #2,E18_5_e2_S4,TAGCGAATTTTT,722,55.82,observed
E18.5 #2,E18_5_e2_S4,TAGCGAATTTTT,742,56.42,observed
E18.5 #2,E18_5_e2_S4,TAGCGAATTTTT,762,57.0,observed
E18.5 #2,E18_5_e2_S4,TAGCGAATTTTT,813,58.43,extrapolated
E18.5 #2,E18_5_e2_S4,TAGCGAATTTTT,865,59.81,extrapolated
E18.5 #2,E18_5_e2_S4,TAGCGAATTTTT,916,61.1,extrapolated
E18.5 #2,E18_5_e2_S4,TAGCGAATTTTT,968,62.33,extrapolated
E18.5 #2,E18_5_e2_S4,TAGCGAATTTTT,1020,63.5,extrapolated
E18.5 #2,E18_5_e2_S4,TAGCGAATTTTT,1071,64.59,extrapolated
E18.5 #2,E18_5_e2_S4,TAGCGAATTTTT,1123,65.63,extrapolated
E18.5 #2,E18_5_e2_S4,TAGCGAATTTTT,1175,66.62,extrapolated
E18.5 #2,E18_5_e2_S4,TAGCGAATTTTT,1226,67.54,extrapolated
E18.5 #2,E18_5_e2_S4,TAGCGAATTTTT,1278,68.43,extrapolated
E18.5 #2,E18_5_e2_S4,TAGCGAATTTTT,1330,69.27,extrapolated
E18.5 #2,E18_5_e2_S4,TAGCGAATTTTT,1381,70.05,extrapolated
E18.5 #2,E18_5_e2_S4,TAGCGAATTTTT,1433,70.8,extrapolated
E18.5 #2,E18_5_e2_S4,TAGCGAATTTTT,1485,71.51,extrapolated
E18.5 #2,E18_5_e2_S4,TAGCGAATTTTT,1536,72.16,extrapolated
E18.5 #2,E18_5_e2_S4,TAGCGAATTTTT,1588,72.8,extrapolated
E18.5 #2,E18_5_e2_S4,TAGCGAATTTTT,1640,73.4,extrapolated
E18.5 #2,E18_5_e2_S4,TAGCGAATTTTT,1691,73.96,extrapolated
E18.5 #2,E18_5_e2_S4,TAGCGAATTTTT,1743,74.5,extrapolated
E18.5 #2,E18_5_e2_S4,TAGCGAATTTTT,1795,75.0,extrapolated
E18.5 #2,E18_5_e2_S4,TAGCGAATTTTT,1846,75.48,extrapolated
E18.5 #2,E18_5_e2_S4,TAGCGAATTTTT,1898,75.93,extrapolated
E18.5 #2,E18_5_e2_S4,TAGCGAATTTTT,1950,76.36,extrapolated
E18.5 #2,E18_5_e2_S4,TAGCGAATTTTT,2001,76.76,extrapolated
E18.5 #2,E18_5_e2_S4,TAGCGAATTTTT,2053,77.15,extrapolated
E18.5 #2,E18_5_e2_S4,TAGCGAATTTTT,2105,77.51,extrapolated
E18.5 #2,E18_5_e2_S4,TAGCGAATTTTT,2156,77.85,extrapolated
E18.5 #2,E18_5_e2_S4,TAGCGAATTTTT,2208,78.18,extrapolated
E18.5 #2,E18_5_e2_S4,TAGCGAATTTTT,2260,78.48,extrapolated
E18.5 #2,E18_5_e2_S4,TAGCGAATTTTT,2311,78.77,extrapolated
E18.5 #2,E18_5_e2_S4,TAGCGAATTTTT,2363,79.05,extrapolated
E18.5 #2,E18_5_e2_S4,TAGCGAATTTTT,2415,79.31,extrapolated
E18.5 #2,E18_5_e2_S4,TAGCGAATTTTT,2466,79.55,extrapolated
E18.5 #2,E18_5_e2_S4,TAGCGAATTTTT,2518,79.78,extrapolated
E18.5 #2,E18_5_e2_S4,TAGCGAATTTTT,2570,80.01,extrapolated
E18.5 #2,E18_5_e2_S4,TAGCGAATTTTT,2621,80.21,extrapolated
E18.5 #2,E18_5_e2_S4,TAGCGAATTTTT,2673,80.41,extrapolated
E18.5 #2,E18_5_e2_S4,TAGCGAATTTTT,2725,80.6,extrapolated
E18.5 #2,E18_5_e2_S4,TAGCGAATTTTT,2776,80.77,extrapolated
E18.5 #2,E18_5_e2_S4,TAGCGAATTTTT,2828,80.94,extrapolated
E18.5 #2,E18_5_e2_S4,TAGCGAATTTTT,2880,81.1,extrapolated
E18.5 #2,E18_5_e2_S4,TAGCGAATTTTT,2931,81.24,extrapolated
E18.5 #2,E18_5_e2_S4,TAGCGAATTTTT,2983,81.38,extrapolated
E18.5 #2,E18_5_e2_S4,TAGCGAATTTTT,3035,81.52,extrapolated
E18.5 #2,E18_5_e2_S4,TAGCGAATTTTT,3086,81.64,extrapolated
E18.5 #2,E18_5_e2_S4,TAGCGAATTTTT,3138,81.76,extrapolated
E18.5 #2,E18_5_e2_S4,TAGCGAATTTTT,3190,81.88,extrapolated
E18.5 #2,E18_5_e2_S4,TAGCGAATTTTT,3241,81.98,extrapolated
E18.5 #2,E18_5_e2_S4,TAGCGAATTTTT,3293,82.08,extrapolated
E18.5 #2,E18_5_e2_S4,TAGCGAATTTTT,3345,82.18,extrapolated
E18.5 #2,E18_5_e2_S4,TAGCGAATTTTT,3396,82.27,extrapolated
E18.5 #2,E18_5_e2_S4,TAGCGAATTTTT,3448,82.36,extrapolated
E18.5 #2,E18_5_e2_S4,TAGCGAATTTTT,3500,82.44,extrapolated
E18.5 #2,E18_5_e2_S4,TAGCGAATTTTT,3551,82.51,extrapolated
E18.5 #2,E18_5_e2_S4,TAGCGAATTTTT,3603,82.59,extrapolated
E18.5 #2,E18_5_e2_S4,TAGCGAATTTTT,3655,82.65,extrapolated
E18.5 #2,E18_5_e2_S4,TAGCGAATTTTT,3706,82.72,extrapolated
E18.5 #2,E18_5_e2_S4,TAGCGAATTTTT,3758,82.78,extrapolated
E18.5 #2,E18_5_e2_S4,TAGCGAATTTTT,3810,82.84,extrapolated
E18.5 #2,E18_5_e2_S4,GCCAAAACTATC,1,1.0,observed
E18.5 #2,E18_5_e2_S4,GCCAAAACTATC,103,64.01,observed
E18.5 #2,E18_5_e2_S4,GCCAAAACTATC,206,103.81,observed
E18.5 #2,E18_5_e2_S4,GCCAAAACTATC,308,134.32,observed
E18.5 #2,E18_5_e2_S4,GCCAAAACTATC,411,159.95,observed
E18.5 #2,E18_5_e2_S4,GCCAAAACTATC,514,182.07,observed
E18.5 #2,E18_5_e2_S4,GCCAAAACTATC,616,201.46,observed
E18.5 #2,E18_5_e2_S4,GCCAAAACTATC,719,219.06,observed
E18.5 #2,E18_5_e2_S4,GCCAAAACTATC,821,234.92,observed
E18.5 #2,E18_5_e2_S4,GCCAAAACTATC,924,249.65,observed
E18.5 #2,E18_5_e2_S4,GCCAAAACTATC,1027,263.3,observed
E18.5 #2,E18_5_e2_S4,GCCAAAACTATC,1129,275.92,observed
E18.5 #2,E18_5_e2_S4,GCCAAAACTATC,1232,287.88,observed
E18.5 #2,E18_5_e2_S4,GCCAAAACTATC,1335,299.17,observed
E18.5 #2,E18_5_e2_S4,GCCAAAACTATC,1437,309.77,observed
E18.5 #2,E18_5_e2_S4,GCCAAAACTATC,1540,319.96,observed
E18.5 #2,E18_5_e2_S4,GCCAAAACTATC,1642,329.61,observed
E18.5 #2,E18_5_e2_S4,GCCAAAACTATC,1745,338.96,observed
E18.5 #2,E18_5_e2_S4,GCCAAAACTATC,1848,347.94,observed
E18.5 #2,E18_5_e2_S4,GCCAAAACTATC,1950,356.52,observed
E18.5 #2,E18_5_e2_S4,GCCAAAACTATC,2053,364.89,observed
E18.5 #2,E18_5_e2_S4,GCCAAAACTATC,2155,372.91,observed
E18.5 #2,E18_5_e2_S4,GCCAAAACTATC,2258,380.77,observed
E18.5 #2,E18_5_e2_S4,GCCAAAACTATC,2361,388.41,observed
E18.5 #2,E18_5_e2_S4,GCCAAAACTATC,2463,395.76,observed
E18.5 #2,E18_5_e2_S4,GCCAAAACTATC,2566,403.0,observed
E18.5 #2,E18_5_e2_S4,GCCAAAACTATC,2669,410.06,observed
E18.5 #2,E18_5_e2_S4,GCCAAAACTATC,2771,416.88,observed
E18.5 #2,E18_5_e2_S4,GCCAAAACTATC,2874,423.61,observed
E18.5 #2,E18_5_e2_S4,GCCAAAACTATC,2976,430.13,observed
E18.5 #2,E18_5_e2_S4,GCCAAAACTATC,3079,436.57,observed
E18.5 #2,E18_5_e2_S4,GCCAAAACTATC,3182,442.88,observed
E18.5 #2,E18_5_e2_S4,GCCAAAACTATC,3284,449.0,observed
E18.5 #2,E18_5_e2_S4,GCCAAAACTATC,3387,455.05,observed
E18.5 #2,E18_5_e2_S4,GCCAAAACTATC,3489,460.94,observed
E18.5 #2,E18_5_e2_S4,GCCAAAACTATC,3592,466.77,observed
E18.5 #2,E18_5_e2_S4,GCCAAAACTATC,3695,472.49,observed
E18.5 #2,E18_5_e2_S4,GCCAAAACTATC,3797,478.06,observed
E18.5 #2,E18_5_e2_S4,GCCAAAACTATC,3900,483.58,observed
E18.5 #2,E18_5_e2_S4,GCCAAAACTATC,4003,489.0,observed
E18.5 #2,E18_5_e2_S4,GCCAAAACTATC,4274,502.83,extrapolated
E18.5 #2,E18_5_e2_S4,GCCAAAACTATC,4545,516.05,extrapolated
E18.5 #2,E18_5_e2_S4,GCCAAAACTATC,4817,528.73,extrapolated
E18.5 #2,E18_5_e2_S4,GCCAAAACTATC,5088,540.8,extrapolated
E18.5 #2,E18_5_e2_S4,GCCAAAACTATC,5359,552.33,extrapolated
E18.5 #2,E18_5_e2_S4,GCCAAAACTATC,5631,563.4,extrapolated
E18.5 #2,E18_5_e2_S4,GCCAAAACTATC,5902,573.93,extrapolated
E18.5 #2,E18_5_e2_S4,GCCAAAACTATC,6174,584.03,extrapolated
E18.5 #2,E18_5_e2_S4,GCCAAAACTATC,6445,593.65,extrapolated
E18.5 #2,E18_5_e2_S4,GCCAAAACTATC,6716,602.84,extrapolated
E18.5 #2,E18_5_e2_S4,GCCAAAACTATC,6988,611.66,extrapolated
E18.5 #2,E18_5_e2_S4,GCCAAAACTATC,7259,620.05,extrapolated
E18.5 #2,E18_5_e2_S4,GCCAAAACTATC,7531,628.1,extrapolated
E18.5 #2,E18_5_e2_S4,GCCAAAACTATC,7802,635.76,extrapolated
E18.5 #2,E18_5_e2_S4,GCCAAAACTATC,8073,643.09,extrapolated
E18.5 #2,E18_5_e2_S4,GCCAAAACTATC,8345,650.11,extrapolated
E18.5 #2,E18_5_e2_S4,GCCAAAACTATC,8616,656.8,extrapolated
E18.5 #2,E18_5_e2_S4,GCCAAAACTATC,8888,663.21,extrapolated
E18.5 #2,E18_5_e2_S4,GCCAAAACTATC,9159,669.32,extrapolated
E18.5 #2,E18_5_e2_S4,GCCAAAACTATC,9430,675.16,extrapolated
E18.5 #2,E18_5_e2_S4,GCCAAAACTATC,9702,680.75,extrapolated
E18.5 #2,E18_5_e2_S4,GCCAAAACTATC,9973,686.08,extrapolated
E18.5 #2,E18_5_e2_S4,GCCAAAACTATC,10244,691.18,extrapolated
E18.5 #2,E18_5_e2_S4,GCCAAAACTATC,10516,696.06,extrapolated
E18.5 #2,E18_5_e2_S4,GCCAAAACTATC,10787,700.71,extrapolated
E18.5 #2,E18_5_e2_S4,GCCAAAACTATC,11059,705.17,extrapolated
E18.5 #2,E18_5_e2_S4,GCCAAAACTATC,11330,709.42,extrapolated
E18.5 #2,E18_5_e2_S4,GCCAAAACTATC,11601,713.47,extrapolated
E18.5 #2,E18_5_e2_S4,GCCAAAACTATC,11873,717.37,extrapolated
E18.5 #2,E18_5_e2_S4,GCCAAAACTATC,12144,721.07,extrapolated
E18.5 #2,E18_5_e2_S4,GCCAAAACTATC,12416,724.63,extrapolated
E18.5 #2,E18_5_e2_S4,GCCAAAACTATC,12687,728.01,extrapolated
E18.5 #2,E18_5_e2_S4,GCCAAAACTATC,12958,731.24,extrapolated
E18.5 #2,E18_5_e2_S4,GCCAAAACTATC,13230,734.34,extrapolated
E18.5 #2,E18_5_e2_S4,GCCAAAACTATC,13501,737.3,extrapolated
E18.5 #2,E18_5_e2_S4,GCCAAAACTATC,13773,740.13,extrapolated
E18.5 #2,E18_5_e2_S4,GCCAAAACTATC,14044,742.82,extrapolated
E18.5 #2,E18_5_e2_S4,GCCAAAACTATC,14315,745.4,extrapolated
E18.5 #2,E18_5_e2_S4,GCCAAAACTATC,14587,747.87,extrapolated
E18.5 #2,E18_5_e2_S4,GCCAAAACTATC,14858,750.22,extrapolated
E18.5 #2,E18_5_e2_S4,GCCAAAACTATC,15129,752.47,extrapolated
E18.5 #2,E18_5_e2_S4,GCCAAAACTATC,15401,754.63,extrapolated
E18.5 #2,E18_5_e2_S4,GCCAAAACTATC,15672,756.68,extrapolated
E18.5 #2,E18_5_e2_S4,GCCAAAACTATC,15944,758.65,extrapolated
E18.5 #2,E18_5_e2_S4,GCCAAAACTATC,16215,760.53,extrapolated
E18.5 #2,E18_5_e2_S4,GCCAAAACTATC,16486,762.32,extrapolated
E18.5 #2,E18_5_e2_S4,GCCAAAACTATC,16758,764.04,extrapolated
E18.5 #2,E18_5_e2_S4,GCCAAAACTATC,17029,765.67,extrapolated
E18.5 #2,E18_5_e2_S4,GCCAAAACTATC,17301,767.24,extrapolated
E18.5 #2,E18_5_e2_S4,GCCAAAACTATC,17572,768.74,extrapolated
E18.5 #2,E18_5_e2_S4,GCCAAAACTATC,17843,770.16,extrapolated
E18.5 #2,E18_5_e2_S4,GCCAAAACTATC,18115,771.53,extrapolated
E18.5 #2,E18_5_e2_S4,GCCAAAACTATC,18386,772.84,extrapolated
E18.5 #2,E18_5_e2_S4,GCCAAAACTATC,18658,774.09,extrapolated
E18.5 #2,E18_5_e2_S4,GCCAAAACTATC,18929,775.28,extrapolated
E18.5 #2,E18_5_e2_S4,GCCAAAACTATC,19200,776.41,extrapolated
E18.5 #2,E18_5_e2_S4,GCCAAAACTATC,19472,777.5,extrapolated
E18.5 #2,E18_5_e2_S4,GCCAAAACTATC,19743,778.54,extrapolated
E18.5 #2,E18_5_e2_S4,GCCAAAACTATC,20015,779.54,extrapolated
E18.5 #2,E18_5_e2_S4,AGCCTAAGTGGC,1,1.0,observed
E18.5 #2,E18_5_e2_S4,AGCCTAAGTGGC,98,57.91,observed
E18.5 #2,E18_5_e2_S4,AGCCTAAGTGGC,195,84.87,observed
E18.5 #2,E18_5_e2_S4,AGCCTAAGTGGC,292,102.4,observed
E18.5 #2,E18_5_e2_S4,AGCCTAAGTGGC,389,115.28,observed
E18.5 #2,E18_5_e2_S4,AGCCTAAGTGGC,486,125.4,observed
E18.5 #2,E18_5_e2_S4,AGCCTAAGTGGC,583,133.71,observed
E18.5 #2,E18_5_e2_S4,AGCCTAAGTGGC,680,140.76,observed
E18.5 #2,E18_5_e2_S4,AGCCTAAGTGGC,777,146.9,observed
E18.5 #2,E18_5_e2_S4,AGCCTAAGTGGC,874,152.35,observed
E18.5 #2,E18_5_e2_S4,AGCCTAAGTGGC,971,157.28,observed
E18.5 #2,E18_5_e2_S4,AGCCTAAGTGGC,1068,161.78,observed
E18.5 #2,E18_5_e2_S4,AGCCTAAGTGGC,1165,165.95,observed
E18.5 #2,E18_5_e2_S4,AGCCTAAGTGGC,1262,169.84,observed
E18.5 #2,E18_5_e2_S4,AGCCTAAGTGGC,1359,173.51,observed
E18.5 #2,E18_5_e2_S4,AGCCTAAGTGGC,1456,176.97,observed
E18.5 #2,E18_5_e2_S4,AGCCTAAGTGGC,1553,180.27,observed
E18.5 #2,E18_5_e2_S4,AGCCTAAGTGGC,1650,183.42,observed
E18.5 #2,E18_5_e2_S4,AGCCTAAGTGGC,1747,186.44,observed
E18.5 #2,E18_5_e2_S4,AGCCTAAGTGGC,1844,189.34,observed
E18.5 #2,E18_5_e2_S4,AGCCTAAGTGGC,1941,192.15,observed
E18.5 #2,E18_5_e2_S4,AGCCTAAGTGGC,2038,194.86,observed
E18.5 #2,E18_5_e2_S4,AGCCTAAGTGGC,2135,197.49,observed
E18.5 #2,E18_5_e2_S4,AGCCTAAGTGGC,2232,200.04,observed
E18.5 #2,E18_5_e2_S4,AGCCTAAGTGGC,2329,202.52,observed
E18.5 #2,E18_5_e2_S4,AGCCTAAGTGGC,2426,204.94,observed
E18.5 #2,E18_5_e2_S4,AGCCTAAGTGGC,2523,207.3,observed
E18.5 #2,E18_5_e2_S4,AGCCTAAGTGGC,2620,209.6,observed
E18.5 #2,E18_5_e2_S4,AGCCTAAGTGGC,2717,211.85,observed
E18.5 #2,E18_5_e2_S4,AGCCTAAGTGGC,2814,214.05,observed
E18.5 #2,E18_5_e2_S4,AGCCTAAGTGGC,2911,216.2,observed
E18.5 #2,E18_5_e2_S4,AGCCTAAGTGGC,3008,218.31,observed
E18.5 #2,E18_5_e2_S4,AGCCTAAGTGGC,3105,220.39,observed
E18.5 #2,E18_5_e2_S4,AGCCTAAGTGGC,3202,222.42,observed
E18.5 #2,E18_5_e2_S4,AGCCTAAGTGGC,3299,224.42,observed
E18.5 #2,E18_5_e2_S4,AGCCTAAGTGGC,3396,226.39,observed
E18.5 #2,E18_5_e2_S4,AGCCTAAGTGGC,3493,228.33,observed
E18.5 #2,E18_5_e2_S4,AGCCTAAGTGGC,3590,230.24,observed
E18.5 #2,E18_5_e2_S4,AGCCTAAGTGGC,3687,232.12,observed
E18.5 #2,E18_5_e2_S4,AGCCTAAGTGGC,3785,234.0,observed
E18.5 #2,E18_5_e2_S4,AGCCTAAGTGGC,4041,238.79,extrapolated
E18.5 #2,E18_5_e2_S4,AGCCTAAGTGGC,4298,243.43,extrapolated
E18.5 #2,E18_5_e2_S4,AGCCTAAGTGGC,4554,247.91,extrapolated
E18.5 #2,E18_5_e2_S4,AGCCTAAGTGGC,4811,252.25,extrapolated
E18.5 #2,E18_5_e2_S4,AGCCTAAGTGGC,5068,256.45,extrapolated
E18.5 #2,E18_5_e2_S4,AGCCTAAGTGGC,5324,260.49,extrapolated
E18.5 #2,E18_5_e2_S4,AGCCTAAGTGGC,5581,264.41,extrapolated
E18.5 #2,E18_5_e2_S4,AGCCTAAGTGGC,5837,268.19,extrapolated
E18.5 #2,E18_5_e2_S4,AGCCTAAGTGGC,6094,271.85,extrapolated
E18.5 #2,E18_5_e2_S4,AGCCTAAGTGGC,6351,275.4,extrapolated
E18.5 #2,E18_5_e2_S4,AGCCTAAGTGGC,6607,278.81,extrapolated
E18.5 #2,E18_5_e2_S4,AGCCTAAGTGGC,6864,282.12,extrapolated
E18.5 #2,E18_5_e2_S4,AGCCTAAGTGGC,7120,285.3,extrapolated
E18.5 #2,E18_5_e2_S4,AGCCTAAGTGGC,7377,288.4,extrapolated
E18.5 #2,E18_5_e2_S4,AGCCTAAGTGGC,7634,291.39,extrapolated
E18.5 #2,E18_5_e2_S4,AGCCTAAGTGGC,7890,294.27,extrapolated
E18.5 #2,E18_5_e2_S4,AGCCTAAGTGGC,8147,297.06,extrapolated
E18.5 #2,E18_5_e2_S4,AGCCTAAGTGGC,8403,299.75,extrapolated
E18.5 #2,E18_5_e2_S4,AGCCTAAGTGGC,8660,302.36,extrapolated
E18.5 #2,E18_5_e2_S4,AGCCTAAGTGGC,8917,304.89,extrapolated
E18.5 #2,E18_5_e2_S4,AGCCTAAGTGGC,9173,307.32,extrapolated
E18.5 #2,E18_5_e2_S4,AGCCTAAGTGGC,9430,309.68,extrapolated
E18.5 #2,E18_5_e2_S4,AGCCTAAGTGGC,9687,311.96,extrapolated
E18.5 #2,E18_5_e2_S4,AGCCTAAGTGGC,9943,314.15,extrapolated
E18.5 #2,E18_5_e2_S4,AGCCTAAGTGGC,10200,316.28,extrapolated
E18.5 #2,E18_5_e2_S4,AGCCTAAGTGGC,10456,318.33,extrapolated
E18.5 #2,E18_5_e2_S4,AGCCTAAGTGGC,10713,320.32,extrapolated
E18.5 #2,E18_5_e2_S4,AGCCTAAGTGGC,10970,322.25,extrapolated
E18.5 #2,E18_5_e2_S4,AGCCTAAGTGGC,11226,324.1,extrapolated
E18.5 #2,E18_5_e2_S4,AGCCTAAGTGGC,11483,325.9,extrapolated
E18.5 #2,E18_5_e2_S4,AGCCTAAGTGGC,11739,327.63,extrapolated
E18.5 #2,E18_5_e2_S4,AGCCTAAGTGGC,11996,329.31,extrapolated
E18.5 #2,E18_5_e2_S4,AGCCTAAGTGGC,12253,330.94,extrapolated
E18.5 #2,E18_5_e2_S4,AGCCTAAGTGGC,12509,332.5,extrapolated
E18.5 #2,E18_5_e2_S4,AGCCTAAGTGGC,12766,334.02,extrapolated
E18.5 #2,E18_5_e2_S4,AGCCTAAGTGGC,13022,335.48,extrapolated
E18.5 #2,E18_5_e2_S4,AGCCTAAGTGGC,13279,336.9,extrapolated
E18.5 #2,E18_5_e2_S4,AGCCTAAGTGGC,13536,338.27,extrapolated
E18.5 #2,E18_5_e2_S4,AGCCTAAGTGGC,13792,339.59,extrapolated
E18.5 #2,E18_5_e2_S4,AGCCTAAGTGGC,14049,340.87,extrapolated
E18.5 #2,E18_5_e2_S4,AGCCTAAGTGGC,14306,342.11,extrapolated
E18.5 #2,E18_5_e2_S4,AGCCTAAGTGGC,14562,343.3,extrapolated
E18.5 #2,E18_5_e2_S4,AGCCTAAGTGGC,14819,344.46,extrapolated
E18.5 #2,E18_5_e2_S4,AGCCTAAGTGGC,15075,345.57,extrapolated
E18.5 #2,E18_5_e2_S4,AGCCTAAGTGGC,15332,346.65,extrapolated
E18.5 #2,E18_5_e2_S4,AGCCTAAGTGGC,15589,347.7,extrapolated
E18.5 #2,E18_5_e2_S4,AGCCTAAGTGGC,15845,348.71,extrapolated
E18.5 #2,E18_5_e2_S4,AGCCTAAGTGGC,16102,349.68,extrapolated
E18.5 #2,E18_5_e2_S4,AGCCTAAGTGGC,16358,350.62,extrapolated
E18.5 #2,E18_5_e2_S4,AGCCTAAGTGGC,16615,351.54,extrapolated
E18.5 #2,E18_5_e2_S4,AGCCTAAGTGGC,16872,352.42,extrapolated
E18.5 #2,E18_5_e2_S4,AGCCTAAGTGGC,17128,353.27,extrapolated
E18.5 #2,E18_5_e2_S4,AGCCTAAGTGGC,17385,354.09,extrapolated
E18.5 #2,E18_5_e2_S4,AGCCTAAGTGGC,17641,354.89,extrapolated
E18.5 #2,E18_5_e2_S4,AGCCTAAGTGGC,17898,355.66,extrapolated
E18.5 #2,E18_5_e2_S4,AGCCTAAGTGGC,18155,356.4,extrapolated
E18.5 #2,E18_5_e2_S4,AGCCTAAGTGGC,18411,357.12,extrapolated
E18.5 #2,E18_5_e2_S4,AGCCTAAGTGGC,18668,357.81,extrapolated
E18.5 #2,E18_5_e2_S4,AGCCTAAGTGGC,18925,358.49,extrapolated
E18.5 #2,E18_5_e2_S4,TAACTAATCAGA,1,1.0,observed
E18.5 #2,E18_5_e2_S4,TAACTAATCAGA,101,65.83,observed
E18.5 #2,E18_5_e2_S4,TAACTAATCAGA,202,104.58,observed
E18.5 #2,E18_5_e2_S4,TAACTAATCAGA,303,133.57,observed
E18.5 #2,E18_5_e2_S4,TAACTAATCAGA,403,156.98,observed
E18.5 #2,E18_5_e2_S4,TAACTAATCAGA,504,177.24,observed
E18.5 #2,E18_5_e2_S4,TAACTAATCAGA,605,195.15,observed
E18.5 #2,E18_5_e2_S4,TAACTAATCAGA,706,211.32,observed
E18.5 #2,E18_5_e2_S4,TAACTAATCAGA,806,226.02,observed
E18.5 #2,E18_5_e2_S4,TAACTAATCAGA,907,239.81,observed
E18.5 #2,E18_5_e2_S4,TAACTAATCAGA,1008,252.72,observed
E18.5 #2,E18_5_e2_S4,TAACTAATCAGA,1109,264.88,observed
E18.5 #2,E18_5_e2_S4,TAACTAATCAGA,1209,276.3,observed
E18.5 #2,E18_5_e2_S4,TAACTAATCAGA,1310,287.28,observed
E18.5 #2,E18_5_e2_S4,TAACTAATCAGA,1411,297.77,observed
E18.5 #2,E18_5_e2_S4,TAACTAATCAGA,1512,307.82,observed
E18.5 #2,E18_5_e2_S4,TAACTAATCAGA,1612,317.4,observed
E18.5 #2,E18_5_e2_S4,TAACTAATCAGA,1713,326.71,observed
E18.5 #2,E18_5_e2_S4,TAACTAATCAGA,1814,335.7,observed
E18.5 #2,E18_5_e2_S4,TAACTAATCAGA,1915,344.4,observed
E18.5 #2,E18_5_e2_S4,TAACTAATCAGA,2015,352.76,observed
E18.5 #2,E18_5_e2_S4,TAACTAATCAGA,2116,360.94,observed
E18.5 #2,E18_5_e2_S4,TAACTAATCAGA,2217,368.9,observed
E18.5 #2,E18_5_e2_S4,TAACTAATCAGA,2318,376.66,observed
E18.5 #2,E18_5_e2_S4,TAACTAATCAGA,2418,384.14,observed
E18.5 #2,E18_5_e2_S4,TAACTAATCAGA,2519,391.51,observed
E18.5 #2,E18_5_e2_S4,TAACTAATCAGA,2620,398.72,observed
E18.5 #2,E18_5_e2_S4,TAACTAATCAGA,2721,405.78,observed
E18.5 #2,E18_5_e2_S4,TAACTAATCAGA,2821,412.61,observed
E18.5 #2,E18_5_e2_S4,TAACTAATCAGA,2922,419.38,observed
E18.5 #2,E18_5_e2_S4,TAACTAATCAGA,3023,426.02,observed
E18.5 #2,E18_5_e2_S4,TAACTAATCAGA,3124,432.55,observed
E18.5 #2,E18_5_e2_S4,TAACTAATCAGA,3224,438.89,observed
E18.5 #2,E18_5_e2_S4,TAACTAATCAGA,3325,445.19,observed
E18.5 #2,E18_5_e2_S4,TAACTAATCAGA,3426,451.39,observed
E18.5 #2,E18_5_e2_S4,TAACTAATCAGA,3527,457.5,observed
E18.5 #2,E18_5_e2_S4,TAACTAATCAGA,3627,463.45,observed
E18.5 #2,E18_5_e2_S4,TAACTAATCAGA,3728,469.38,observed
E18.5 #2,E18_5_e2_S4,TAACTAATCAGA,3829,475.23,observed
E18.5 #2,E18_5_e2_S4,TAACTAATCAGA,3930,481.0,observed
E18.5 #2,E18_5_e2_S4,TAACTAATCAGA,4196,495.83,extrapolated
E18.5 #2,E18_5_e2_S4,TAACTAATCAGA,4462,510.16,extrapolated
E18.5 #2,E18_5_e2_S4,TAACTAATCAGA,4729,524.06,extrapolated
E18.5 #2,E18_5_e2_S4,TAACTAATCAGA,4995,537.43,extrapolated
E18.5 #2,E18_5_e2_S4,TAACTAATCAGA,5262,550.39,extrapolated
E18.5 #2,E18_5_e2_S4,TAACTAATCAGA,5528,562.86,extrapolated
E18.5 #2,E18_5_e2_S4,TAACTAATCAGA,5795,574.96,extrapolated
E18.5 #2,E18_5_e2_S4,TAACTAATCAGA,6061,586.6,extrapolated
E18.5 #2,E18_5_e2_S4,TAACTAATCAGA,6327,597.84,extrapolated
E18.5 #2,E18_5_e2_S4,TAACTAATCAGA,6594,608.74,extrapolated
E18.5 #2,E18_5_e2_S4,TAACTAATCAGA,6860,619.23,extrapolated
E18.5 #2,E18_5_e2_S4,TAACTAATCAGA,7127,629.4,extrapolated
E18.5 #2,E18_5_e2_S4,TAACTAATCAGA,7393,639.19,extrapolated
E18.5 #2,E18_5_e2_S4,TAACTAATCAGA,7660,648.67,extrapolated
E18.5 #2,E18_5_e2_S4,TAACTAATCAGA,7926,657.81,extrapolated
E18.5 #2,E18_5_e2_S4,TAACTAATCAGA,8193,666.66,extrapolated
E18.5 #2,E18_5_e2_S4,TAACTAATCAGA,8459,675.18,extrapolated
E18.5 #2,E18_5_e2_S4,TAACTAATCAGA,8725,683.41,extrapolated
E18.5 #2,E18_5_e2_S4,TAACTAATCAGA,8992,691.39,extrapolated
E18.5 #2,E18_5_e2_S4,TAACTAATCAGA,9258,699.06,extrapolated
E18.5 #2,E18_5_e2_S4,TAACTAATCAGA,9525,706.51,extrapolated
E18.5 #2,E18_5_e2_S4,TAACTAATCAGA,9791,713.67,extrapolated
E18.5 #2,E18_5_e2_S4,TAACTAATCAGA,10058,720.62,extrapolated
E18.5 #2,E18_5_e2_S4,TAACTAATCAGA,10324,727.3,extrapolated
E18.5 #2,E18_5_e2_S4,TAACTAATCAGA,10591,733.78,extrapolated
E18.5 #2,E18_5_e2_S4,TAACTAATCAGA,10857,740.02,extrapolated
E18.5 #2,E18_5_e2_S4,TAACTAATCAGA,11123,746.04,extrapolated
E18.5 #2,E18_5_e2_S4,TAACTAATCAGA,11390,751.88,extrapolated
E18.5 #2,E18_5_e2_S4,TAACTAATCAGA,11656,757.5,extrapolated
E18.5 #2,E18_5_e2_S4,TAACTAATCAGA,11923,762.95,extrapolated
E18.5 #2,E18_5_e2_S4,TAACTAATCAGA,12189,768.2,extrapolated
E18.5 #2,E18_5_e2_S4,TAACTAATCAGA,12456,773.28,extrapolated
E18.5 #2,E18_5_e2_S4,TAACTAATCAGA,12722,778.17,extrapolated
E18.5 #2,E18_5_e2_S4,TAACTAATCAGA,12988,782.9,extrapolated
E18.5 #2,E18_5_e2_S4,TAACTAATCAGA,13255,787.48,extrapolated
E18.5 #2,E18_5_e2_S4,TAACTAATCAGA,13521,791.89,extrapolated
E18.5 #2,E18_5_e2_S4,TAACTAATCAGA,13788,796.16,extrapolated
E18.5 #2,E18_5_e2_S4,TAACTAATCAGA,14054,800.28,extrapolated
E18.5 #2,E18_5_e2_S4,TAACTAATCAGA,14321,804.27,extrapolated
E18.5 #2,E18_5_e2_S4,TAACTAATCAGA,14587,808.11,extrapolated
E18.5 #2,E18_5_e2_S4,TAACTAATCAGA,14854,811.83,extrapolated
E18.5 #2,E18_5_e2_S4,TAACTAATCAGA,15120,815.41,extrapolated
E18.5 #2,E18_5_e2_S4,TAACTAATCAGA,15386,818.87,extrapolated
E18.5 #2,E18_5_e2_S4,TAACTAATCAGA,15653,822.22,extrapolated
E18.5 #2,E18_5_e2_S4,TAACTAATCAGA,15919,825.45,extrapolated
E18.5 #2,E18_5_e2_S4,TAACTAATCAGA,16186,828.58,extrapolated
E18.5 #2,E18_5_e2_S4,TAACTAATCAGA,16452,831.59,extrapolated
E18.5 #2,E18_5_e2_S4,TAACTAATCAGA,16719,834.51,extrapolated
E18.5 #2,E18_5_e2_S4,TAACTAATCAGA,16985,837.32,extrapolated
E18.5 #2,E18_5_e2_S4,TAACTAATCAGA,17252,840.04,extrapolated
E18.5 #2,E18_5_e2_S4,TAACTAATCAGA,17518,842.66,extrapolated
E18.5 #2,E18_5_e2_S4,TAACTAATCAGA,17784,845.2,extrapolated
E18.5 #2,E18_5_e2_S4,TAACTAATCAGA,18051,847.65,extrapolated
E18.5 #2,E18_5_e2_S4,TAACTAATCAGA,18317,850.01,extrapolated
E18.5 #2,E18_5_e2_S4,TAACTAATCAGA,18584,852.31,extrapolated
E18.5 #2,E18_5_e2_S4,TAACTAATCAGA,18850,854.51,extrapolated
E18.5 #2,E18_5_e2_S4,TAACTAATCAGA,19117,856.65,extrapolated
E18.5 #2,E18_5_e2_S4,TAACTAATCAGA,19383,858.7,extrapolated
E18.5 #2,E18_5_e2_S4,TAACTAATCAGA,19650,860.7,extrapolated
E18.5 #2,E18_5_e2_S4,AATAGAATGTAG,1,1.0,observed
E18.5 #2,E18_5_e2_S4,AATAGAATGTAG,84,48.35,observed
E18.5 #2,E18_5_e2_S4,AATAGAATGTAG,168,74.54,observed
E18.5 #2,E18_5_e2_S4,AATAGAATGTAG,252,93.08,observed
E18.5 #2,E18_5_e2_S4,AATAGAATGTAG,336,107.7,observed
E18.5 #2,E18_5_e2_S4,AATAGAATGTAG,420,119.95,observed
E18.5 #2,E18_5_e2_S4,AATAGAATGTAG,504,130.61,observed
E18.5 #2,E18_5_e2_S4,AATAGAATGTAG,588,140.11,observed
E18.5 #2,E18_5_e2_S4,AATAGAATGTAG,672,148.73,observed
E18.5 #2,E18_5_e2_S4,AATAGAATGTAG,756,156.65,observed
E18.5 #2,E18_5_e2_S4,AATAGAATGTAG,840,163.99,observed
E18.5 #2,E18_5_e2_S4,AATAGAATGTAG,924,170.86,observed
E18.5 #2,E18_5_e2_S4,AATAGAATGTAG,1008,177.31,observed
E18.5 #2,E18_5_e2_S4,AATAGAATGTAG,1092,183.4,observed
E18.5 #2,E18_5_e2_S4,AATAGAATGTAG,1176,189.19,observed
E18.5 #2,E18_5_e2_S4,AATAGAATGTAG,1260,194.69,observed
E18.5 #2,E18_5_e2_S4,AATAGAATGTAG,1344,199.94,observed
E18.5 #2,E18_5_e2_S4,AATAGAATGTAG,1428,204.98,observed
E18.5 #2,E18_5_e2_S4,AATAGAATGTAG,1512,209.81,observed
E18.5 #2,E18_5_e2_S4,AATAGAATGTAG,1596,214.46,observed
E18.5 #2,E18_5_e2_S4,AATAGAATGTAG,1680,218.94,observed
E18.5 #2,E18_5_e2_S4,AATAGAATGTAG,1764,223.27,observed
E18.5 #2,E18_5_e2_S4,AATAGAATGTAG,1848,227.46,observed
E18.5 #2,E18_5_e2_S4,AATAGAATGTAG,1932,231.52,observed
E18.5 #2,E18_5_e2_S4,AATAGAATGTAG,2016,235.47,observed
E18.5 #2,E18_5_e2_S4,AATAGAATGTAG,2100,239.3,observed
E18.5 #2,E18_5_e2_S4,AATAGAATGTAG,2184,243.04,observed
E18.5 #2,E18_5_e2_S4,AATAGAATGTAG,2268,246.68,observed
E18.5 #2,E18_5_e2_S4,AATAGAATGTAG,2352,250.24,observed
E18.5 #2,E18_5_e2_S4,AATAGAATGTAG,2436,253.72,observed
E18.5 #2,E18_5_e2_S4,AATAGAATGTAG,2520,257.12,observed
E18.5 #2,E18_5_e2_S4,AATAGAATGTAG,2604,260.45,observed
E18.5 #2,E18_5_e2_S4,AATAGAATGTAG,2688,263.71,observed
E18.5 #2,E18_5_e2_S4,AATAGAATGTAG,2772,266.91,observed
E18.5 #2,E18_5_e2_S4,AATAGAATGTAG,2856,270.06,observed
E18.5 #2,E18_5_e2_S4,AATAGAATGTAG,2940,273.15,observed
E18.5 #2,E18_5_e2_S4,AATAGAATGTAG,3024,276.18,observed
E18.5 #2,E18_5_e2_S4,AATAGAATGTAG,3108,279.17,observed
E18.5 #2,E18_5_e2_S4,AATAGAATGTAG,3192,282.11,observed
E18.5 #2,E18_5_e2_S4,AATAGAATGTAG,3276,285.0,observed
E18.5 #2,E18_5_e2_S4,AATAGAATGTAG,3498,292.44,extrapolated
E18.5 #2,E18_5_e2_S4,AATAGAATGTAG,3720,299.59,extrapolated
E18.5 #2,E18_5_e2_S4,AATAGAATGTAG,3942,306.46,extrapolated
E18.5 #2,E18_5_e2_S4,AATAGAATGTAG,4164,313.06,extrapolated
E18.5 #2,E18_5_e2_S4,AATAGAATGTAG,4386,319.4,extrapolated
E18.5 #2,E18_5_e2_S4,AATAGAATGTAG,4608,325.49,extrapolated
E18.5 #2,E18_5_e2_S4,AATAGAATGTAG,4830,331.34,extrapolated
E18.5 #2,E18_5_e2_S4,AATAGAATGTAG,5052,336.97,extrapolated
E18.5 #2,E18_5_e2_S4,AATAGAATGTAG,5274,342.37,extrapolated
E18.5 #2,E18_5_e2_S4,AATAGAATGTAG,5497,347.59,extrapolated
E18.5 #2,E18_5_e2_S4,AATAGAATGTAG,5719,352.58,extrapolated
E18.5 #2,E18_5_e2_S4,AATAGAATGTAG,5941,357.37,extrapolated
E18.5 #2,E18_5_e2_S4,AATAGAATGTAG,6163,361.98,extrapolated
E18.5 #2,E18_5_e2_S4,AATAGAATGTAG,6385,366.4,extrapolated
E18.5 #2,E18_5_e2_S4,AATAGAATGTAG,6607,370.65,extrapolated
E18.5 #2,E18_5_e2_S4,AATAGAATGTAG,6829,374.74,extrapolated
E18.5 #2,E18_5_e2_S4,AATAGAATGTAG,7051,378.67,extrapolated
E18.5 #2,E18_5_e2_S4,AATAGAATGTAG,7273,382.44,extrapolated
E18.5 #2,E18_5_e2_S4,AATAGAATGTAG,7495,386.06,extrapolated
E18.5 #2,E18_5_e2_S4,AATAGAATGTAG,7718,389.56,extrapolated
E18.5 #2,E18_5_e2_S4,AATAGAATGTAG,7940,392.91,extrapolated
E18.5 #2,E18_5_e2_S4,AATAGAATGTAG,8162,396.12,extrapolated
E18.5 #2,E18_5_e2_S4,AATAGAATGTAG,8384,399.21,extrapolated
E18.5 #2,E18_5_e2_S4,AATAGAATGTAG,8606,402.18,extrapolated
E18.5 #2,E18_5_e2_S4,AATAGAATGTAG,8828,405.03,extrapolated
E18.5 #2,E18_5_e2_S4,AATAGAATGTAG,9050,407.77,extrapolated
E18.5 #2,E18_5_e2_S4,AATAGAATGTAG,9272,410.4,extrapolated
E18.5 #2,E18_5_e2_S4,AATAGAATGTAG,9494,412.93,extrapolated
E18.5 #2,E18_5_e2_S4,AATAGAATGTAG,9716,415.36,extrapolated
E18.5 #2,E18_5_e2_S4,AATAGAATGTAG,9939,417.71,extrapolated
E18.5 #2,E18_5_e2_S4,AATAGAATGTAG,10161,419.95,extrapolated
E18.5 #2,E18_5_e2_S4,AATAGAATGTAG,10383,422.11,extrapolated
E18.5 #2,E18_5_e2_S4,AATAGAATGTAG,10605,424.18,extrapolated
E18.5 #2,E18_5_e2_S4,AATAGAATGTAG,10827,426.17,extrapolated
E18.5 #2,E18_5_e2_S4,AATAGAATGTAG,11049,428.08,extrapolated
E18.5 #2,E18_5_e2_S4,AATAGAATGTAG,11271,429.92,extrapolated
E18.5 #2,E18_5_e2_S4,AATAGAATGTAG,11493,431.68,extrapolated
E18.5 #2,E18_5_e2_S4,AATAGAATGTAG,11715,433.38,extrapolated
E18.5 #2,E18_5_e2_S4,AATAGAATGTAG,11937,435.01,extrapolated
E18.5 #2,E18_5_e2_S4,AATAGAATGTAG,12160,436.58,extrapolated
E18.5 #2,E18_5_e2_S4,AATAGAATGTAG,12382,438.08,extrapolated
E18.5 #2,E18_5_e2_S4,AATAGAATGTAG,12604,439.53,extrapolated
E18.5 #2,E18_5_e2_S4,AATAGAATGTAG,12826,440.92,extrapolated
E18.5 #2,E18_5_e2_S4,AATAGAATGTAG,13048,442.25,extrapolated
E18.5 #2,E18_5_e2_S4,AATAGAATGTAG,13270,443.54,extrapolated
E18.5 #2,E18_5_e2_S4,AATAGAATGTAG,13492,444.77,extrapolated
E18.5 #2,E18_5_e2_S4,AATAGAATGTAG,13714,445.95,extrapolated
E18.5 #2,E18_5_e2_S4,AATAGAATGTAG,13936,447.09,extrapolated
E18.5 #2,E18_5_e2_S4,AATAGAATGTAG,14158,448.18,extrapolated
E18.5 #2,E18_5_e2_S4,AATAGAATGTAG,14381,449.24,extrapolated
E18.5 #2,E18_5_e2_S4,AATAGAATGTAG,14603,450.25,extrapolated
E18.5 #2,E18_5_e2_S4,AATAGAATGTAG,14825,451.22,extrapolated
E18.5 #2,E18_5_e2_S4,AATAGAATGTAG,15047,452.15,extrapolated
E18.5 #2,E18_5_e2_S4,AATAGAATGTAG,15269,453.04,extrapolated
E18.5 #2,E18_5_e2_S4,AATAGAATGTAG,15491,453.9,extrapolated
E18.5 #2,E18_5_e2_S4,AATAGAATGTAG,15713,454.73,extrapolated
E18.5 #2,E18_5_e2_S4,AATAGAATGTAG,15935,455.52,extrapolated
E18.5 #2,E18_5_e2_S4,AATAGAATGTAG,16157,456.28,extrapolated
E18.5 #2,E18_5_e2_S4,AATAGAATGTAG,16380,457.02,extrapolated
E18.5 #2,E18_5_e2_S4,CCCCAAACACTC,1,1.0,observed
E18.5 #2,E18_5_e2_S4,CCCCAAACACTC,69,43.16,observed
E18.5 #2,E18_5_e2_S4,CCCCAAACACTC,138,66.61,observed
E18.5 #2,E18_5_e2_S4,CCCCAAACACTC,207,83.66,observed
E18.5 #2,E18_5_e2_S4,CCCCAAACACTC,275,97.19,observed
E18.5 #2,E18_5_e2_S4,CCCCAAACACTC,344,108.79,observed
E18.5 #2,E18_5_e2_S4,CCCCAAACACTC,413,118.86,observed
E18.5 #2,E18_5_e2_S4,CCCCAAACACTC,481,127.67,observed
E18.5 #2,E18_5_e2_S4,CCCCAAACACTC,550,135.7,observed
E18.5 #2,E18_5_e2_S4,CCCCAAACACTC,619,142.99,observed
E18.5 #2,E18_5_e2_S4,CCCCAAACACTC,687,149.58,observed
E18.5 #2,E18_5_e2_S4,CCCCAAACACTC,756,155.75,observed
E18.5 #2,E18_5_e2_S4,CCCCAAACACTC,825,161.48,observed
E18.5 #2,E18_5_e2_S4,CCCCAAACACTC,893,166.76,observed
E18.5 #2,E18_5_e2_S4,CCCCAAACACTC,962,171.8,observed
E18.5 #2,E18_5_e2_S4,CCCCAAACACTC,1031,176.54,observed
E18.5 #2,E18_5_e2_S4,CCCCAAACACTC,1099,180.97,observed
E18.5 #2,E18_5_e2_S4,CCCCAAACACTC,1168,185.25,observed
E18.5 #2,E18_5_e2_S4,CCCCAAACACTC,1237,189.32,observed
E18.5 #2,E18_5_e2_S4,CCCCAAACACTC,1305,193.16,observed
E18.5 #2,E18_5_e2_S4,CCCCAAACACTC,1374,196.9,observed
E18.5 #2,E18_5_e2_S4,CCCCAAACACTC,1443,200.49,observed
E18.5 #2,E18_5_e2_S4,CCCCAAACACTC,1511,203.9,observed
E18.5 #2,E18_5_e2_S4,CCCCAAACACTC,1580,207.24,observed
E18.5 #2,E18_5_e2_S4,CCCCAAACACTC,1649,210.47,observed
E18.5 #2,E18_5_e2_S4,CCCCAAACACTC,1717,213.56,observed
E18.5 #2,E18_5_e2_S4,CCCCAAACACTC,1786,216.6,observed
E18.5 #2,E18_5_e2_S4,CCCCAAACACTC,1855,219.55,observed
E18.5 #2,E18_5_e2_S4,CCCCAAACACTC,1923,222.39,observed
E18.5 #2,E18_5_e2_S4,CCCCAAACACTC,1992,225.19,observed
E18.5 #2,E18_5_e2_S4,CCCCAAACACTC,2061,227.93,observed
E18.5 #2,E18_5_e2_S4,CCCCAAACACTC,2129,230.56,observed
E18.5 #2,E18_5_e2_S4,CCCCAAACACTC,2198,233.17,observed
E18.5 #2,E18_5_e2_S4,CCCCAAACACTC,2267,235.73,observed
E18.5 #2,E18_5_e2_S4,CCCCAAACACTC,2335,238.2,observed
E18.5 #2,E18_5_e2_S4,CCCCAAACACTC,2404,240.65,observed
E18.5 #2,E18_5_e2_S4,CCCCAAACACTC,2473,243.06,observed
E18.5 #2,E18_5_e2_S4,CCCCAAACACTC,2541,245.39,observed
E18.5 #2,E18_5_e2_S4,CCCCAAACACTC,2610,247.71,observed
E18.5 #2,E18_5_e2_S4,CCCCAAACACTC,2679,250.0,observed
E18.5 #2,E18_5_e2_S4,CCCCAAACACTC,2860,255.82,extrapolated
E18.5 #2,E18_5_e2_S4,CCCCAAACACTC,3042,261.42,extrapolated
E18.5 #2,E18_5_e2_S4,CCCCAAACACTC,3223,266.76,extrapolated
E18.5 #2,E18_5_e2_S4,CCCCAAACACTC,3405,271.9,extrapolated
E18.5 #2,E18_5_e2_S4,CCCCAAACACTC,3587,276.82,extrapolated
E18.5 #2,E18_5_e2_S4,CCCCAAACACTC,3768,281.51,extrapolated
E18.5 #2,E18_5_e2_S4,CCCCAAACACTC,3950,286.03,extrapolated
E18.5 #2,E18_5_e2_S4,CCCCAAACACTC,4132,290.36,extrapolated
E18.5 #2,E18_5_e2_S4,CCCCAAACACTC,4313,294.48,extrapolated
E18.5 #2,E18_5_e2_S4,CCCCAAACACTC,4495,298.44,extrapolated
E18.5 #2,E18_5_e2_S4,CCCCAAACACTC,4676,302.22,extrapolated
E18.5 #2,E18_5_e2_S4,CCCCAAACACTC,4858,305.86,extrapolated
E18.5 #2,E18_5_e2_S4,CCCCAAACACTC,5040,309.35,extrapolated
E18.5 #2,E18_5_e2_S4,CCCCAAACACTC,5221,312.67,extrapolated
E18.5 #2,E18_5_e2_S4,CCCCAAACACTC,5403,315.87,extrapolated
E18.5 #2,E18_5_e2_S4,CCCCAAACACTC,5585,318.93,extrapolated
E18.5 #2,E18_5_e2_S4,CCCCAAACACTC,5766,321.85,extrapolated
E18.5 #2,E18_5_e2_S4,CCCCAAACACTC,5948,324.66,extrapolated
E18.5 #2,E18_5_e2_S4,CCCCAAACACTC,6129,327.33,extrapolated
E18.5 #2,E18_5_e2_S4,CCCCAAACACTC,6311,329.91,extrapolated
E18.5 #2,E18_5_e2_S4,CCCCAAACACTC,6493,332.38,extrapolated
E18.5 #2,E18_5_e2_S4,CCCCAAACACTC,6674,334.73,extrapolated
E18.5 #2,E18_5_e2_S4,CCCCAAACACTC,6856,337.0,extrapolated
E18.5 #2,E18_5_e2_S4,CCCCAAACACTC,7038,339.16,extrapolated
E18.5 #2,E18_5_e2_S4,CCCCAAACACTC,7219,341.23,extrapolated
E18.5 #2,E18_5_e2_S4,CCCCAAACACTC,7401,343.22,extrapolated
E18.5 #2,E18_5_e2_S4,CCCCAAACACTC,7582,345.11,extrapolated
E18.5 #2,E18_5_e2_S4,CCCCAAACACTC,7764,346.94,extrapolated
E18.5 #2,E18_5_e2_S4,CCCCAAACACTC,7946,348.69,extrapolated
E18.5 #2,E18_5_e2_S4,CCCCAAACACTC,8127,350.35,extrapolated
E18.5 #2,E18_5_e2_S4,CCCCAAACACTC,8309,351.95,extrapolated
E18.5 #2,E18_5_e2_S4,CCCCAAACACTC,8491,353.49,extrapolated
E18.5 #2,E18_5_e2_S4,CCCCAAACACTC,8672,354.95,extrapolated
E18.5 #2,E18_5_e2_S4,CCCCAAACACTC,8854,356.36,extrapolated
E18.5 #2,E18_5_e2_S4,CCCCAAACACTC,9035,357.7,extrapolated
E18.5 #2,E18_5_e2_S4,CCCCAAACACTC,9217,358.99,extrapolated
E18.5 #2,E18_5_e2_S4,CCCCAAACACTC,9399,360.23,extrapolated
E18.5 #2,E18_5_e2_S4,CCCCAAACACTC,9580,361.41,extrapolated
E18.5 #2,E18_5_e2_S4,CCCCAAACACTC,9762,362.55,extrapolated
E18.5 #2,E18_5_e2_S4,CCCCAAACACTC,9944,363.63,extrapolated
E18.5 #2,E18_5_e2_S4,CCCCAAACACTC,10125,364.67,extrapolated
E18.5 #2,E18_5_e2_S4,CCCCAAACACTC,10307,365.67,extrapolated
E18.5 #2,E18_5_e2_S4,CCCCAAACACTC,10488,366.62,extrapolated
E18.5 #2,E18_5_e2_S4,CCCCAAACACTC,10670,367.53,extrapolated
E18.5 #2,E18_5_e2_S4,CCCCAAACACTC,10852,368.41,extrapolated
E18.5 #2,E18_5_e2_S4,CCCCAAACACTC,11033,369.24,extrapolated
E18.5 #2,E18_5_e2_S4,CCCCAAACACTC,11215,370.05,extrapolated
E18.5 #2,E18_5_e2_S4,CCCCAAACACTC,11397,370.81,extrapolated
E18.5 #2,E18_5_e2_S4,CCCCAAACACTC,11578,371.55,extrapolated
E18.5 #2,E18_5_e2_S4,CCCCAAACACTC,11760,372.25,extrapolated
E18.5 #2,E18_5_e2_S4,CCCCAAACACTC,11941,372.93,extrapolated
E18.5 #2,E18_5_e2_S4,CCCCAAACACTC,12123,373.57,extrapolated
E18.5 #2,E18_5_e2_S4,CCCCAAACACTC,12305,374.2,extrapolated
E18.5 #2,E18_5_e2_S4,CCCCAAACACTC,12486,374.79,extrapolated
E18.5 #2,E18_5_e2_S4,CCCCAAACACTC,12668,375.36,extrapolated
E18.5 #2,E18_5_e2_S4,CCCCAAACACTC,12850,375.9,extrapolated
E18.5 #2,E18_5_e2_S4,CCCCAAACACTC,13031,376.42,extrapolated
E18.5 #2,E18_5_e2_S4,CCCCAAACACTC,13213,376.92,extrapolated
E18.5 #2,E18_5_e2_S4,CCCCAAACACTC,13395,377.4,extrapolated
E18.5 #2,E18_5_e2_S4,GTGTAAAGGACC,1,1.0,observed
E18.5 #2,E18_5_e2_S4,GTGTAAAGGACC,59,43.14,observed
E18.5 #2,E18_5_e2_S4,GTGTAAAGGACC,118,71.16,observed
E18.5 #2,E18_5_e2_S4,GTGTAAAGGACC,177,92.74,observed
E18.5 #2,E18_5_e2_S4,GTGTAAAGGACC,235,110.29,observed
E18.5 #2,E18_5_e2_S4,GTGTAAAGGACC,294,125.72,observed
E18.5 #2,E18_5_e2_S4,GTGTAAAGGACC,353,139.4,observed
E18.5 #2,E18_5_e2_S4,GTGTAAAGGACC,412,151.77,observed
E18.5 #2,E18_5_e2_S4,GTGTAAAGGACC,470,162.92,observed
E18.5 #2,E18_5_e2_S4,GTGTAAAGGACC,529,173.43,observed
E18.5 #2,E18_5_e2_S4,GTGTAAAGGACC,588,183.25,observed
E18.5 #2,E18_5_e2_S4,GTGTAAAGGACC,646,192.33,observed
E18.5 #2,E18_5_e2_S4,GTGTAAAGGACC,705,201.07,observed
E18.5 #2,E18_5_e2_S4,GTGTAAAGGACC,764,209.37,observed
E18.5 #2,E18_5_e2_S4,GTGTAAAGGACC,823,217.29,observed
E18.5 #2,E18_5_e2_S4,GTGTAAAGGACC,881,224.75,observed
E18.5 #2,E18_5_e2_S4,GTGTAAAGGACC,940,232.04,observed
E18.5 #2,E18_5_e2_S4,GTGTAAAGGACC,999,239.07,observed
E18.5 #2,E18_5_e2_S4,GTGTAAAGGACC,1057,245.73,observed
E18.5 #2,E18_5_e2_S4,GTGTAAAGGACC,1116,252.29,observed
E18.5 #2,E18_5_e2_S4,GTGTAAAGGACC,1175,258.66,observed
E18.5 #2,E18_5_e2_S4,GTGTAAAGGACC,1234,264.83,observed
E18.5 #2,E18_5_e2_S4,GTGTAAAGGACC,1292,270.74,observed
E18.5 #2,E18_5_e2_S4,GTGTAAAGGACC,1351,276.59,observed
E18.5 #2,E18_5_e2_S4,GTGTAAAGGACC,1410,282.3,observed
E18.5 #2,E18_5_e2_S4,GTGTAAAGGACC,1468,287.78,observed
E18.5 #2,E18_5_e2_S4,GTGTAAAGGACC,1527,293.23,observed
E18.5 #2,E18_5_e2_S4,GTGTAAAGGACC,1586,298.55,observed
E18.5 #2,E18_5_e2_S4,GTGTAAAGGACC,1645,303.77,observed
E18.5 #2,E18_5_e2_S4,GTGTAAAGGACC,1703,308.79,observed
E18.5 #2,E18_5_e2_S4,GTGTAAAGGACC,1762,313.8,observed
E18.5 #2,E18_5_e2_S4,GTGTAAAGGACC,1821,318.72,observed
E18.5 #2,E18_5_e2_S4,GTGTAAAGGACC,1879,323.46,observed
E18.5 #2,E18_5_e2_S4,GTGTAAAGGACC,1938,328.21,observed
E18.5 #2,E18_5_e2_S4,GTGTAAAGGACC,1997,332.87,observed
E18.5 #2,E18_5_e2_S4,GTGTAAAGGACC,2056,337.45,observed
E18.5 #2,E18_5_e2_S4,GTGTAAAGGACC,2114,341.88,observed
E18.5 #2,E18_5_e2_S4,GTGTAAAGGACC,2173,346.32,observed
E18.5 #2,E18_5_e2_S4,GTGTAAAGGACC,2232,350.69,observed
E18.5 #2,E18_5_e2_S4,GTGTAAAGGACC,2291,355.0,observed
E18.5 #2,E18_5_e2_S4,GTGTAAAGGACC,2446,366.02,extrapolated
E18.5 #2,E18_5_e2_S4,GTGTAAAGGACC,2601,376.62,extrapolated
E18.5 #2,E18_5_e2_S4,GTGTAAAGGACC,2756,386.82,extrapolated
E18.5 #2,E18_5_e2_S4,GTGTAAAGGACC,2912,396.71,extrapolated
E18.5 #2,E18_5_e2_S4,GTGTAAAGGACC,3067,406.16,extrapolated
E18.5 #2,E18_5_e2_S4,GTGTAAAGGACC,3222,415.25,extrapolated
E18.5 #2,E18_5_e2_S4,GTGTAAAGGACC,3378,424.06,extrapolated
E18.5 #2,E18_5_e2_S4,GTGTAAAGGACC,3533,432.48,extrapolated
E18.5 #2,E18_5_e2_S4,GTGTAAAGGACC,3688,440.58,extrapolated
E18.5 #2,E18_5_e2_S4,GTGTAAAGGACC,3844,448.43,extrapolated
E18.5 #2,E18_5_e2_S4,GTGTAAAGGACC,3999,455.93,extrapolated
E18.5 #2,E18_5_e2_S4,GTGTAAAGGACC,4154,463.16,extrapolated
E18.5 #2,E18_5_e2_S4,GTGTAAAGGACC,4310,470.15,extrapolated
E18.5 #2,E18_5_e2_S4,GTGTAAAGGACC,4465,476.84,extrapolated
E18.5 #2,E18_5_e2_S4,GTGTAAAGGACC,4620,483.27,extrapolated
E18.5 #2,E18_5_e2_S4,GTGTAAAGGACC,4776,489.51,extrapolated
E18.5 #2,E18_5_e2_S4,GTGTAAAGGACC,4931,495.47,extrapolated
E18.5 #2,E18_5_e2_S4,GTGTAAAGGACC,5086,501.2,extrapolated
E18.5 #2,E18_5_e2_S4,GTGTAAAGGACC,5242,506.76,extrapolated
E18.5 #2,E18_5_e2_S4,GTGTAAAGGACC,5397,512.07,extrapolated
E18.5 #2,E18_5_e2_S4,GTGTAAAGGACC,5552,517.18,extrapolated
E18.5 #2,E18_5_e2_S4,GTGTAAAGGACC,5708,522.13,extrapolated
E18.5 #2,E18_5_e2_S4,GTGTAAAGGACC,5863,526.86,extrapolated
E18.5 #2,E18_5_e2_S4,GTGTAAAGGACC,6018,531.42,extrapolated
E18.5 #2,E18_5_e2_S4,GTGTAAAGGACC,6174,535.83,extrapolated
E18.5 #2,E18_5_e2_S4,GTGTAAAGGACC,6329,540.05,extrapolated
E18.5 #2,E18_5_e2_S4,GTGTAAAGGACC,6484,544.11,extrapolated
E18.5 #2,E18_5_e2_S4,GTGTAAAGGACC,6640,548.04,extrapolated
E18.5 #2,E18_5_e2_S4,GTGTAAAGGACC,6795,551.8,extrapolated
E18.5 #2,E18_5_e2_S4,GTGTAAAGGACC,6950,555.42,extrapolated
E18.5 #2,E18_5_e2_S4,GTGTAAAGGACC,7105,558.9,extrapolated
E18.5 #2,E18_5_e2_S4,GTGTAAAGGACC,7261,562.27,extrapolated
E18.5 #2,E18_5_e2_S4,GTGTAAAGGACC,7416,565.5,extrapolated
E18.5 #2,E18_5_e2_S4,GTGTAAAGGACC,7571,568.6,extrapolated
E18.5 #2,E18_5_e2_S4,GTGTAAAGGACC,7727,571.6,extrapolated
E18.5 #2,E18_5_e2_S4,GTGTAAAGGACC,7882,574.48,extrapolated
E18.5 #2,E18_5_e2_S4,GTGTAAAGGACC,8037,577.24,extrapolated
E18.5 #2,E18_5_e2_S4,GTGTAAAGGACC,8193,579.92,extrapolated
E18.5 #2,E18_5_e2_S4,GTGTAAAGGACC,8348,582.48,extrapolated
E18.5 #2,E18_5_e2_S4,GTGTAAAGGACC,8503,584.94,extrapolated
E18.5 #2,E18_5_e2_S4,GTGTAAAGGACC,8659,587.33,extrapolated
E18.5 #2,E18_5_e2_S4,GTGTAAAGGACC,8814,589.61,extrapolated
E18.5 #2,E18_5_e2_S4,GTGTAAAGGACC,8969,591.81,extrapolated
E18.5 #2,E18_5_e2_S4,GTGTAAAGGACC,9125,593.94,extrapolated
E18.5 #2,E18_5_e2_S4,GTGTAAAGGACC,9280,595.97,extrapolated
E18.5 #2,E18_5_e2_S4,GTGTAAAGGACC,9435,597.93,extrapolated
E18.5 #2,E18_5_e2_S4,GTGTAAAGGACC,9591,599.82,extrapolated
E18.5 #2,E18_5_e2_S4,GTGTAAAGGACC,9746,601.63,extrapolated
E18.5 #2,E18_5_e2_S4,GTGTAAAGGACC,9901,603.38,extrapolated
E18.5 #2,E18_5_e2_S4,GTGTAAAGGACC,10057,605.07,extrapolated
E18.5 #2,E18_5_e2_S4,GTGTAAAGGACC,10212,606.68,extrapolated
E18.5 #2,E18_5_e2_S4,GTGTAAAGGACC,10367,608.24,extrapolated
E18.5 #2,E18_5_e2_S4,GTGTAAAGGACC,10523,609.74,extrapolated
E18.5 #2,E18_5_e2_S4,GTGTAAAGGACC,10678,611.18,extrapolated
E18.5 #2,E18_5_e2_S4,GTGTAAAGGACC,10833,612.57,extrapolated
E18.5 #2,E18_5_e2_S4,GTGTAAAGGACC,10989,613.91,extrapolated
E18.5 #2,E18_5_e2_S4,GTGTAAAGGACC,11144,615.19,extrapolated
E18.5 #2,E18_5_e2_S4,GTGTAAAGGACC,11299,616.42,extrapolated
E18.5 #2,E18_5_e2_S4,GTGTAAAGGACC,11455,617.62,extrapolated
E18.5 #2,E18_5_e2_S4,TTACTAACTGTG,1,1.0,observed
E18.5 #2,E18_5_e2_S4,TTACTAACTGTG,59,35.68,observed
E18.5 #2,E18_5_e2_S4,TTACTAACTGTG,117,54.01,observed
E18.5 #2,E18_5_e2_S4,TTACTAACTGTG,175,67.07,observed
E18.5 #2,E18_5_e2_S4,TTACTAACTGTG,233,77.51,observed
E18.5 #2,E18_5_e2_S4,TTACTAACTGTG,291,86.38,observed
E18.5 #2,E18_5_e2_S4,TTACTAACTGTG,349,94.23,observed
E18.5 #2,E18_5_e2_S4,TTACTAACTGTG,407,101.36,observed
E18.5 #2,E18_5_e2_S4,TTACTAACTGTG,465,107.93,observed
E18.5 #2,E18_5_e2_S4,TTACTAACTGTG,523,114.07,observed
E18.5 #2,E18_5_e2_S4,TTACTAACTGTG,581,119.85,observed
E18.5 #2,E18_5_e2_S4,TTACTAACTGTG,639,125.31,observed
E18.5 #2,E18_5_e2_S4,TTACTAACTGTG,697,130.51,observed
E18.5 #2,E18_5_e2_S4,TTACTAACTGTG,755,135.48,observed
E18.5 #2,E18_5_e2_S4,TTACTAACTGTG,813,140.23,observed
E18.5 #2,E18_5_e2_S4,TTACTAACTGTG,871,144.8,observed
E18.5 #2,E18_5_e2_S4,TTACTAACTGTG,929,149.19,observed
E18.5 #2,E18_5_e2_S4,TTACTAACTGTG,987,153.43,observed
E18.5 #2,E18_5_e2_S4,TTACTAACTGTG,1045,157.52,observed
E18.5 #2,E18_5_e2_S4,TTACTAACTGTG,1103,161.48,observed
E18.5 #2,E18_5_e2_S4,TTACTAACTGTG,1161,165.31,observed
E18.5 #2,E18_5_e2_S4,TTACTAACTGTG,1219,169.03,observed
E18.5 #2,E18_5_e2_S4,TTACTAACTGTG,1277,172.65,observed
E18.5 #2,E18_5_e2_S4,TTACTAACTGTG,1335,176.17,observed
E18.5 #2,E18_5_e2_S4,TTACTAACTGTG,1393,179.6,observed
E18.5 #2,E18_5_e2_S4,TTACTAACTGTG,1451,182.94,observed
E18.5 #2,E18_5_e2_S4,TTACTAACTGTG,1509,186.2,observed
E18.5 #2,E18_5_e2_S4,TTACTAACTGTG,1567,189.39,observed
E18.5 #2,E18_5_e2_S4,TTACTAACTGTG,1625,192.5,observed
E18.5 #2,E18_5_e2_S4,TTACTAACTGTG,1683,195.55,observed
E18.5 #2,E18_5_e2_S4,TTACTAACTGTG,1741,198.54,observed
E18.5 #2,E18_5_e2_S4,TTACTAACTGTG,1799,201.46,observed
E18.5 #2,E18_5_e2_S4,TTACTAACTGTG,1857,204.33,observed
E18.5 #2,E18_5_e2_S4,TTACTAACTGTG,1915,207.14,observed
E18.5 #2,E18_5_e2_S4,TTACTAACTGTG,1973,209.9,observed
E18.5 #2,E18_5_e2_S4,TTACTAACTGTG,2031,212.61,observed
E18.5 #2,E18_5_e2_S4,TTACTAACTGTG,2089,215.28,observed
E18.5 #2,E18_5_e2_S4,TTACTAACTGTG,2147,217.89,observed
E18.5 #2,E18_5_e2_S4,TTACTAACTGTG,2205,220.47,observed
E18.5 #2,E18_5_e2_S4,TTACTAACTGTG,2263,223.0,observed
E18.5 #2,E18_5_e2_S4,TTACTAACTGTG,2416,229.49,extrapolated
E18.5 #2,E18_5_e2_S4,TTACTAACTGTG,2569,235.7,extrapolated
E18.5 #2,E18_5_e2_S4,TTACTAACTGTG,2723,241.69,extrapolated
E18.5 #2,E18_5_e2_S4,TTACTAACTGTG,2876,247.39,extrapolated
E18.5 #2,E18_5_e2_S4,TTACTAACTGTG,3030,252.89,extrapolated
E18.5 #2,E18_5_e2_S4,TTACTAACTGTG,3183,258.12,extrapolated
E18.5 #2,E18_5_e2_S4,TTACTAACTGTG,3336,263.14,extrapolated
E18.5 #2,E18_5_e2_S4,TTACTAACTGTG,3490,267.97,extrapolated
E18.5 #2,E18_5_e2_S4,TTACTAACTGTG,3643,272.57,extrapolated
E18.5 #2,E18_5_e2_S4,TTACTAACTGTG,3797,277.01,extrapolated
E18.5 #2,E18_5_e2_S4,TTACTAACTGTG,3950,281.23,extrapolated
E18.5 #2,E18_5_e2_S4,TTACTAACTGTG,4104,285.31,extrapolated
E18.5 #2,E18_5_e2_S4,TTACTAACTGTG,4257,289.18,extrapolated
E18.5 #2,E18_5_e2_S4,TTACTAACTGTG,4410,292.89,extrapolated
E18.5 #2,E18_5_e2_S4,TTACTAACTGTG,4564,296.47,extrapolated
E18.5 #2,E18_5_e2_S4,TTACTAACTGTG,4717,299.88,extrapolated
E18.5 #2,E18_5_e2_S4,TTACTAACTGTG,4871,303.17,extrapolated
E18.5 #2,E18_5_e2_S4,TTACTAACTGTG,5024,306.3,extrapolated
E18.5 #2,E18_5_e2_S4,TTACTAACTGTG,5178,309.31,extrapolated
E18.5 #2,E18_5_e2_S4,TTACTAACTGTG,5331,312.18,extrapolated
E18.5 #2,E18_5_e2_S4,TTACTAACTGTG,5484,314.93,extrapolated
E18.5 #2,E18_5_e2_S4,TTACTAACTGTG,5638,317.58,extrapolated
E18.5 #2,E18_5_e2_S4,TTACTAACTGTG,5791,320.11,extrapolated
E18.5 #2,E18_5_e2_S4,TTACTAACTGTG,5945,322.54,extrapolated
E18.5 #2,E18_5_e2_S4,TTACTAACTGTG,6098,324.86,extrapolated
E18.5 #2,E18_5_e2_S4,TTACTAACTGTG,6252,327.09,extrapolated
E18.5 #2,E18_5_e2_S4,TTACTAACTGTG,6405,329.21,extrapolated
E18.5 #2,E18_5_e2_S4,TTACTAACTGTG,6558,331.25,extrapolated
E18.5 #2,E18_5_e2_S4,TTACTAACTGTG,6712,333.21,extrapolated
E18.5 #2,E18_5_e2_S4,TTACTAACTGTG,6865,335.08,extrapolated
E18.5 #2,E18_5_e2_S4,TTACTAACTGTG,7019,336.88,extrapolated
E18.5 #2,E18_5_e2_S4,TTACTAACTGTG,7172,338.6,extrapolated
E18.5 #2,E18_5_e2_S4,TTACTAACTGTG,7325,340.24,extrapolated
E18.5 #2,E18_5_e2_S4,TTACTAACTGTG,7479,341.83,extrapolated
E18.5 #2,E18_5_e2_S4,TTACTAACTGTG,7632,343.34,extrapolated
E18.5 #2,E18_5_e2_S4,TTACTAACTGTG,7786,344.79,extrapolated
E18.5 #2,E18_5_e2_S4,TTACTAACTGTG,7939,346.17,extrapolated
E18.5 #2,E18_5_e2_S4,TTACTAACTGTG,8093,347.51,extrapolated
E18.5 #2,E18_5_e2_S4,TTACTAACTGTG,8246,348.78,extrapolated
E18.5 #2,E18_5_e2_S4,TTACTAACTGTG,8399,350.0,extrapolated
E18.5 #2,E18_5_e2_S4,TTACTAACTGTG,8553,351.17,extrapolated
E18.5 #2,E18_5_e2_S4,TTACTAACTGTG,8706,352.29,extrapolated
E18.5 #2,E18_5_e2_S4,TTACTAACTGTG,8860,353.36,extrapolated
E18.5 #2,E18_5_e2_S4,TTACTAACTGTG,9013,354.39,extrapolated
E18.5 #2,E18_5_e2_S4,TTACTAACTGTG,9167,355.38,extrapolated
E18.5 #2,E18_5_e2_S4,TTACTAACTGTG,9320,356.32,extrapolated
E18.5 #2,E18_5_e2_S4,TTACTAACTGTG,9473,357.22,extrapolated
E18.5 #2,E18_5_e2_S4,TTACTAACTGTG,9627,358.09,extrapolated
E18.5 #2,E18_5_e2_S4,TTACTAACTGTG,9780,358.91,extrapolated
E18.5 #2,E18_5_e2_S4,TTACTAACTGTG,9934,359.71,extrapolated
E18.5 #2,E18_5_e2_S4,TTACTAACTGTG,10087,360.47,extrapolated
E18.5 #2,E18_5_e2_S4,TTACTAACTGTG,10241,361.2,extrapolated
E18.5 #2,E18_5_e2_S4,TTACTAACTGTG,10394,361.9,extrapolated
E18.5 #2,E18_5_e2_S4,TTACTAACTGTG,10547,362.57,extrapolated
E18.5 #2,E18_5_e2_S4,TTACTAACTGTG,10701,363.21,extrapolated
E18.5 #2,E18_5_e2_S4,TTACTAACTGTG,10854,363.82,extrapolated
E18.5 #2,E18_5_e2_S4,TTACTAACTGTG,11008,364.41,extrapolated
E18.5 #2,E18_5_e2_S4,TTACTAACTGTG,11161,364.98,extrapolated
E18.5 #2,E18_5_e2_S4,TTACTAACTGTG,11315,365.52,extrapolated
E19.5,E19_5_S2,GTGGGAAAAGTG,1,1.0,observed
E19.5,E19_5_S2,GTGGGAAAAGTG,144,27.64,observed
E19.5,E19_5_S2,GTGGGAAAAGTG,288,40.39,observed
E19.5,E19_5_S2,GTGGGAAAAGTG,432,49.25,observed
E19.5,E19_5_S2,GTGGGAAAAGTG,576,56.26,observed
E19.5,E19_5_S2,GTGGGAAAAGTG,720,62.19,observed
E19.5,E19_5_S2,GTGGGAAAAGTG,864,67.41,observed
E19.5,E19_5_S2,GTGGGAAAAGTG,1008,72.12,observed
E19.5,E19_5_S2,GTGGGAAAAGTG,1151,76.44,observed
E19.5,E19_5_S2,GTGGGAAAAGTG,1295,80.48,observed
E19.5,E19_5_S2,GTGGGAAAAGTG,1439,84.29,observed
E19.5,E19_5_S2,GTGGGAAAAGTG,1583,87.9,observed
E19.5,E19_5_S2,GTGGGAAAAGTG,1727,91.34,observed
E19.5,E19_5_S2,GTGGGAAAAGTG,1871,94.63,observed
E19.5,E19_5_S2,GTGGGAAAAGTG,2015,97.79,observed
E19.5,E19_5_S2,GTGGGAAAAGTG,2159,100.83,observed
E19.5,E19_5_S2,GTGGGAAAAGTG,2302,103.74,observed
E19.5,E19_5_S2,GTGGGAAAAGTG,2446,106.57,observed
E19.5,E19_5_S2,GTGGGAAAAGTG,2590,109.3,observed
E19.5,E19_5_S2,GTGGGAAAAGTG,2734,111.96,observed
E19.5,E19_5_S2,GTGGGAAAAGTG,2878,114.53,observed
E19.5,E19_5_S2,GTGGGAAAAGTG,3022,117.03,observed
E19.5,E19_5_S2,GTGGGAAAAGTG,3166,119.47,observed
E19.5,E19_5_S2,GTGGGAAAAGTG,3310,121.83,observed
E19.5,E19_5_S2,GTGGGAAAAGTG,3453,124.12,observed
E19.5,E19_5_S2,GTGGGAAAAGTG,3597,126.37,observed
E19.5,E19_5_S2,GTGGGAAAAGTG,3741,128.56,observed
E19.5,E19_5_S2,GTGGGAAAAGTG,3885,130.7,observed
E19.5,E19_5_S2,GTGGGAAAAGTG,4029,132.78,observed
E19.5,E19_5_S2,GTGGGAAAAGTG,4173,134.83,observed
E19.5,E19_5_S2,GTGGGAAAAGTG,4317,136.82,observed
E19.5,E19_5_S2,GTGGGAAAAGTG,4461,138.77,observed
E19.5,E19_5_S2,GTGGGAAAAGTG,4604,140.67,observed
E19.5,E19_5_S2,GTGGGAAAAGTG,4748,142.54,observed
E19.5,E19_5_S2,GTGGGAAAAGTG,4892,144.37,observed
E19.5,E19_5_S2,GTGGGAAAAGTG,5036,146.17,observed
E19.5,E19_5_S2,GTGGGAAAAGTG,5180,147.93,observed
E19.5,E19_5_S2,GTGGGAAAAGTG,5324,149.65,observed
E19.5,E19_5_S2,GTGGGAAAAGTG,5468,151.34,observed
E19.5,E19_5_S2,GTGGGAAAAGTG,5612,153.0,observed
E19.5,E19_5_S2,GTGGGAAAAGTG,5992,157.23,extrapolated
E19.5,E19_5_S2,GTGGGAAAAGTG,6372,161.24,extrapolated
E19.5,E19_5_S2,GTGGGAAAAGTG,6753,165.07,extrapolated
E19.5,E19_5_S2,GTGGGAAAAGTG,7133,168.7,extrapolated
E19.5,E19_5_S2,GTGGGAAAAGTG,7514,172.15,extrapolated
E19.5,E19_5_S2,GTGGGAAAAGTG,7894,175.43,extrapolated
E19.5,E19_5_S2,GTGGGAAAAGTG,8275,178.55,extrapolated
E19.5,E19_5_S2,GTGGGAAAAGTG,8655,181.51,extrapolated
E19.5,E19_5_S2,GTGGGAAAAGTG,9036,184.33,extrapolated
E19.5,E19_5_S2,GTGGGAAAAGTG,9416,187.0,extrapolated
E19.5,E19_5_S2,GTGGGAAAAGTG,9797,189.55,extrapolated
E19.5,E19_5_S2,GTGGGAAAAGTG,10177,191.97,extrapolated
E19.5,E19_5_S2,GTGGGAAAAGTG,10558,194.27,extrapolated
E19.5,E19_5_S2,GTGGGAAAAGTG,10938,196.45,extrapolated
E19.5,E19_5_S2,GTGGGAAAAGTG,11319,198.53,extrapolated
E19.5,E19_5_S2,GTGGGAAAAGTG,11699,200.5,extrapolated
E19.5,E19_5_S2,GTGGGAAAAGTG,12080,202.38,extrapolated
E19.5,E19_5_S2,GTGGGAAAAGTG,12460,204.16,extrapolated
E19.5,E19_5_S2,GTGGGAAAAGTG,12841,205.85,extrapolated
E19.5,E19_5_S2,GTGGGAAAAGTG,13221,207.46,extrapolated
E19.5,E19_5_S2,GTGGGAAAAGTG,13601,208.99,extrapolated
E19.5,E19_5_S2,GTGGGAAAAGTG,13982,210.44,extrapolated
E19.5,E19_5_S2,GTGGGAAAAGTG,14362,211.82,extrapolated
E19.5,E19_5_S2,GTGGGAAAAGTG,14743,213.14,extrapolated
E19.5,E19_5_S2,GTGGGAAAAGTG,15123,214.39,extrapolated
E19.5,E19_5_S2,GTGGGAAAAGTG,15504,215.58,extrapolated
E19.5,E19_5_S2,GTGGGAAAAGTG,15884,216.7,extrapolated
E19.5,E19_5_S2,GTGGGAAAAGTG,16265,217.77,extrapolated
E19.5,E19_5_S2,GTGGGAAAAGTG,16645,218.79,extrapolated
E19.5,E19_5_S2,GTGGGAAAAGTG,17026,219.76,extrapolated
E19.5,E19_5_S2,GTGGGAAAAGTG,17406,220.68,extrapolated
E19.5,E19_5_S2,GTGGGAAAAGTG,17787,221.56,extrapolated
E19.5,E19_5_S2,GTGGGAAAAGTG,18167,222.39,extrapolated
E19.5,E19_5_S2,GTGGGAAAAGTG,18548,223.18,extrapolated
E19.5,E19_5_S2,GTGGGAAAAGTG,18928,223.93,extrapolated
E19.5,E19_5_S2,GTGGGAAAAGTG,19309,224.64,extrapolated
E19.5,E19_5_S2,GTGGGAAAAGTG,19689,225.32,extrapolated
E19.5,E19_5_S2,GTGGGAAAAGTG,20070,225.96,extrapolated
E19.5,E19_5_S2,GTGGGAAAAGTG,20450,226.58,extrapolated
E19.5,E19_5_S2,GTGGGAAAAGTG,20830,227.16,extrapolated
E19.5,E19_5_S2,GTGGGAAAAGTG,21211,227.71,extrapolated
E19.5,E19_5_S2,GTGGGAAAAGTG,21591,228.24,extrapolated
E19.5,E19_5_S2,GTGGGAAAAGTG,21972,228.74,extrapolated
E19.5,E19_5_S2,GTGGGAAAAGTG,22352,229.21,extrapolated
E19.5,E19_5_S2,GTGGGAAAAGTG,22733,229.66,extrapolated
E19.5,E19_5_S2,GTGGGAAAAGTG,23113,230.09,extrapolated
E19.5,E19_5_S2,GTGGGAAAAGTG,23494,230.5,extrapolated
E19.5,E19_5_S2,GTGGGAAAAGTG,23874,230.89,extrapolated
E19.5,E19_5_S2,GTGGGAAAAGTG,24255,231.26,extrapolated
E19.5,E19_5_S2,GTGGGAAAAGTG,24635,231.61,extrapolated
E19.5,E19_5_S2,GTGGGAAAAGTG,25016,231.94,extrapolated
E19.5,E19_5_S2,GTGGGAAAAGTG,25396,232.26,extrapolated
E19.5,E19_5_S2,GTGGGAAAAGTG,25777,232.56,extrapolated
E19.5,E19_5_S2,GTGGGAAAAGTG,26157,232.84,extrapolated
E19.5,E19_5_S2,GTGGGAAAAGTG,26538,233.11,extrapolated
E19.5,E19_5_S2,GTGGGAAAAGTG,26918,233.37,extrapolated
E19.5,E19_5_S2,GTGGGAAAAGTG,27299,233.62,extrapolated
E19.5,E19_5_S2,GTGGGAAAAGTG,27679,233.85,extrapolated
E19.5,E19_5_S2,GTGGGAAAAGTG,28060,234.07,extrapolated
E19.5,E19_5_S2,CCCAGAAGGTAA,1,1.0,observed
E19.5,E19_5_S2,CCCAGAAGGTAA,134,40.95,observed
E19.5,E19_5_S2,CCCAGAAGGTAA,268,66.65,observed
E19.5,E19_5_S2,CCCAGAAGGTAA,402,88.92,observed
E19.5,E19_5_S2,CCCAGAAGGTAA,536,108.9,observed
E19.5,E19_5_S2,CCCAGAAGGTAA,670,127.16,observed
E19.5,E19_5_S2,CCCAGAAGGTAA,804,144.06,observed
E19.5,E19_5_S2,CCCAGAAGGTAA,938,159.86,observed
E19.5,E19_5_S2,CCCAGAAGGTAA,1072,174.73,observed
E19.5,E19_5_S2,CCCAGAAGGTAA,1206,188.82,observed
E19.5,E19_5_S2,CCCAGAAGGTAA,1340,202.23,observed
E19.5,E19_5_S2,CCCAGAAGGTAA,1474,215.05,observed
E19.5,E19_5_S2,CCCAGAAGGTAA,1608,227.35,observed
E19.5,E19_5_S2,CCCAGAAGGTAA,1742,239.17,observed
E19.5,E19_5_S2,CCCAGAAGGTAA,1876,250.58,observed
E19.5,E19_5_S2,CCCAGAAGGTAA,2010,261.6,observed
E19.5,E19_5_S2,CCCAGAAGGTAA,2144,272.28,observed
E19.5,E19_5_S2,CCCAGAAGGTAA,2278,282.64,observed
E19.5,E19_5_S2,CCCAGAAGGTAA,2412,292.71,observed
E19.5,E19_5_S2,CCCAGAAGGTAA,2546,302.5,observed
E19.5,E19_5_S2,CCCAGAAGGTAA,2680,312.04,observed
E19.5,E19_5_S2,CCCAGAAGGTAA,2814,321.35,observed
E19.5,E19_5_S2,CCCAGAAGGTAA,2948,330.44,observed
E19.5,E19_5_S2,CCCAGAAGGTAA,3082,339.32,observed
E19.5,E19_5_S2,CCCAGAAGGTAA,3216,348.0,observed
E19.5,E19_5_S2,CCCAGAAGGTAA,3350,356.51,observed
E19.5,E19_5_S2,CCCAGAAGGTAA,3484,364.84,observed
E19.5,E19_5_S2,CCCAGAAGGTAA,3618,373.0,observed
E19.5,E19_5_S2,CCCAGAAGGTAA,3752,381.02,observed
E19.5,E19_5_S2,CCCAGAAGGTAA,3886,388.89,observed
E19.5,E19_5_S2,CCCAGAAGGTAA,4020,396.61,observed
E19.5,E19_5_S2,CCCAGAAGGTAA,4154,404.21,observed
E19.5,E19_5_S2,CCCAGAAGGTAA,4288,411.69,observed
E19.5,E19_5_S2,CCCAGAAGGTAA,4422,419.04,observed
E19.5,E19_5_S2,CCCAGAAGGTAA,4556,426.28,observed
E19.5,E19_5_S2,CCCAGAAGGTAA,4690,433.42,observed
E19.5,E19_5_S2,CCCAGAAGGTAA,4824,440.45,observed
E19.5,E19_5_S2,CCCAGAAGGTAA,4958,447.39,observed
E19.5,E19_5_S2,CCCAGAAGGTAA,5092,454.24,observed
E19.5,E19_5_S2,CCCAGAAGGTAA,5226,461.0,observed
E19.5,E19_5_S2,CCCAGAAGGTAA,5580,478.46,extrapolated
E19.5,E19_5_S2,CCCAGAAGGTAA,5934,495.36,extrapolated
E19.5,E19_5_S2,CCCAGAAGGTAA,6288,511.72,extrapolated
E19.5,E19_5_S2,CCCAGAAGGTAA,6643,527.6,extrapolated
E19.5,E19_5_S2,CCCAGAAGGTAA,6997,542.93,extrapolated
E19.5,E19_5_S2,CCCAGAAGGTAA,7351,557.76,extrapolated
E19.5,E19_5_S2,CCCAGAAGGTAA,7706,572.16,extrapolated
E19.5,E19_5_S2,CCCAGAAGGTAA,8060,586.06,extrapolated
E19.5,E19_5_S2,CCCAGAAGGTAA,8414,599.51,extrapolated
E19.5,E19_5_S2,CCCAGAAGGTAA,8769,612.56,extrapolated
E19.5,E19_5_S2,CCCAGAAGGTAA,9123,625.17,extrapolated
E19.5,E19_5_S2,CCCAGAAGGTAA,9477,637.36,extrapolated
E19.5,E19_5_S2,CCCAGAAGGTAA,9831,649.17,extrapolated
E19.5,E19_5_S2,CCCAGAAGGTAA,10186,660.63,extrapolated
E19.5,E19_5_S2,CCCAGAAGGTAA,10540,671.69,extrapolated
E19.5,E19_5_S2,CCCAGAAGGTAA,10894,682.4,extrapolated
E19.5,E19_5_S2,CCCAGAAGGTAA,11249,692.79,extrapolated
E19.5,E19_5_S2,CCCAGAAGGTAA,11603,702.82,extrapolated
E19.5,E19_5_S2,CCCAGAAGGTAA,11957,712.53,extrapolated
E19.5,E19_5_S2,CCCAGAAGGTAA,12312,721.95,extrapolated
E19.5,E19_5_S2,CCCAGAAGGTAA,12666,731.05,extrapolated
E19.5,E19_5_S2,CCCAGAAGGTAA,13020,739.85,extrapolated
E19.5,E19_5_S2,CCCAGAAGGTAA,13375,748.4,extrapolated
E19.5,E19_5_S2,CCCAGAAGGTAA,13729,756.65,extrapolated
E19.5,E19_5_S2,CCCAGAAGGTAA,14083,764.63,extrapolated
E19.5,E19_5_S2,CCCAGAAGGTAA,14437,772.36,extrapolated
E19.5,E19_5_S2,CCCAGAAGGTAA,14792,779.86,extrapolated
E19.5,E19_5_S2,CCCAGAAGGTAA,15146,787.1,extrapolated
E19.5,E19_5_S2,CCCAGAAGGTAA,15500,794.1,extrapolated
E19.5,E19_5_S2,CCCAGAAGGTAA,15855,800.91,extrapolated
E19.5,E19_5_S2,CCCAGAAGGTAA,16209,807.47,extrapolated
E19.5,E19_5_S2,CCCAGAAGGTAA,16563,813.82,extrapolated
E19.5,E19_5_S2,CCCAGAAGGTAA,16918,819.99,extrapolated
E19.5,E19_5_S2,CCCAGAAGGTAA,17272,825.94,extrapolated
E19.5,E19_5_S2,CCCAGAAGGTAA,17626,831.71,extrapolated
E19.5,E19_5_S2,CCCAGAAGGTAA,17980,837.28,extrapolated
E19.5,E19_5_S2,CCCAGAAGGTAA,18335,842.7,extrapolated
E19.5,E19_5_S2,CCCAGAAGGTAA,18689,847.92,extrapolated
E19.5,E19_5_S2,CCCAGAAGGTAA,19043,852.98,extrapolated
E19.5,E19_5_S2,CCCAGAAGGTAA,19398,857.89,extrapolated
E19.5,E19_5_S2,CCCAGAAGGTAA,19752,862.63,extrapolated
E19.5,E19_5_S2,CCCAGAAGGTAA,20106,867.21,extrapolated
E19.5,E19_5_S2,CCCAGAAGGTAA,20461,871.66,extrapolated
E19.5,E19_5_S2,CCCAGAAGGTAA,20815,875.96,extrapolated
E19.5,E19_5_S2,CCCAGAAGGTAA,21169,880.12,extrapolated
E19.5,E19_5_S2,CCCAGAAGGTAA,21524,884.16,extrapolated
E19.5,E19_5_S2,CCCAGAAGGTAA,21878,888.05,extrapolated
E19.5,E19_5_S2,CCCAGAAGGTAA,22232,891.82,extrapolated
E19.5,E19_5_S2,CCCAGAAGGTAA,22586,895.47,extrapolated
E19.5,E19_5_S2,CCCAGAAGGTAA,22941,899.02,extrapolated
E19.5,E19_5_S2,CCCAGAAGGTAA,23295,902.43,extrapolated
E19.5,E19_5_S2,CCCAGAAGGTAA,23649,905.74,extrapolated
E19.5,E19_5_S2,CCCAGAAGGTAA,24004,908.96,extrapolated
E19.5,E19_5_S2,CCCAGAAGGTAA,24358,912.06,extrapolated
E19.5,E19_5_S2,CCCAGAAGGTAA,24712,915.06,extrapolated
E19.5,E19_5_S2,CCCAGAAGGTAA,25067,917.97,extrapolated
E19.5,E19_5_S2,CCCAGAAGGTAA,25421,920.78,extrapolated
E19.5,E19_5_S2,CCCAGAAGGTAA,25775,923.51,extrapolated
E19.5,E19_5_S2,CCCAGAAGGTAA,26130,926.15,extrapolated
E19.5,E19_5_S2,CCTTTAACCTCA,1,1.0,observed
E19.5,E19_5_S2,CCTTTAACCTCA,61,4.01,observed
E19.5,E19_5_S2,CCTTTAACCTCA,122,5.4,observed
E19.5,E19_5_S2,CCTTTAACCTCA,183,6.49,observed
E19.5,E19_5_S2,CCTTTAACCTCA,244,7.42,observed
E19.5,E19_5_S2,CCTTTAACCTCA,305,8.27,observed
E19.5,E19_5_S2,CCTTTAACCTCA,366,9.05,observed
E19.5,E19_5_S2,CCTTTAACCTCA,427,9.8,observed
E19.5,E19_5_S2,CCTTTAACCTCA,487,10.51,observed
E19.5,E19_5_S2,CCTTTAACCTCA,548,11.2,observed
E19.5,E19_5_S2,CCTTTAACCTCA,609,11.87,observed
E19.5,E19_5_S2,CCTTTAACCTCA,670,12.52,observed
E19.5,E19_5_S2,CCTTTAACCTCA,731,13.15,observed
E19.5,E19_5_S2,CCTTTAACCTCA,792,13.77,observed
E19.5,E19_5_S2,CCTTTAACCTCA,853,14.36,observed
E19.5,E19_5_S2,CCTTTAACCTCA,914,14.94,observed
E19.5,E19_5_S2,CCTTTAACCTCA,974,15.5,observed
E19.5,E19_5_S2,CCTTTAACCTCA,1035,16.05,observed
E19.5,E19_5_S2,CCTTTAACCTCA,1096,16.59,observed
E19.5,E19_5_S2,CCTTTAACCTCA,1157,17.12,observed
E19.5,E19_5_S2,CCTTTAACCTCA,1218,17.63,observed
E19.5,E19_5_S2,CCTTTAACCTCA,1279,18.14,observed
E19.5,E19_5_S2,CCTTTAACCTCA,1340,18.64,observed
E19.5,E19_5_S2,CCTTTAACCTCA,1401,19.12,observed
E19.5,E19_5_S2,CCTTTAACCTCA,1461,19.6,observed
E19.5,E19_5_S2,CCTTTAACCTCA,1522,20.07,observed
E19.5,E19_5_S2,CCTTTAACCTCA,1583,20.53,observed
E19.5,E19_5_S2,CCTTTAACCTCA,1644,20.99,observed
E19.5,E19_5_S2,CCTTTAACCTCA,1705,21.44,observed
E19.5,E19_5_S2,CCTTTAACCTCA,1766,21.88,observed
E19.5,E19_5_S2,CCTTTAACCTCA,1827,22.32,observed
E19.5,E19_5_S2,CCTTTAACCTCA,1888,22.75,observed
E19.5,E19_5_S2,CCTTTAACCTCA,1948,23.17,observed
E19.5,E19_5_S2,CCTTTAACCTCA,2009,23.59,observed
E19.5,E19_5_S2,CCTTTAACCTCA,2070,24.01,observed
E19.5,E19_5_S2,CCTTTAACCTCA,2131,24.42,observed
E19.5,E19_5_S2,CCTTTAACCTCA,2192,24.82,observed
E19.5,E19_5_S2,CCTTTAACCTCA,2253,25.22,observed
E19.5,E19_5_S2,CCTTTAACCTCA,2314,25.61,observed
E19.5,E19_5_S2,CCTTTAACCTCA,2375,26.0,observed
E19.5,E19_5_S2,CCTTTAACCTCA,2536,27.0,extrapolated
E19.5,E19_5_S2,CCTTTAACCTCA,2697,27.96,extrapolated
E19.5,E19_5_S2,CCTTTAACCTCA,2858,28.89,extrapolated
E19.5,E19_5_S2,CCTTTAACCTCA,3019,29.79,extrapolated
E19.5,E19_5_S2,CCTTTAACCTCA,3180,30.65,extrapolated
E19.5,E19_5_S2,CCTTTAACCTCA,3341,31.48,extrapolated
E19.5,E19_5_S2,CCTTTAACCTCA,3502,32.29,extrapolated
E19.5,E19_5_S2,CCTTTAACCTCA,3663,33.06,extrapolated
E19.5,E19_5_S2,CCTTTAACCTCA,3824,33.81,extrapolated
E19.5,E19_5_S2,CCTTTAACCTCA,3985,34.53,extrapolated
E19.5,E19_5_S2,CCTTTAACCTCA,4146,35.23,extrapolated
E19.5,E19_5_S2,CCTTTAACCTCA,4307,35.9,extrapolated
E19.5,E19_5_S2,CCTTTAACCTCA,4468,36.55,extrapolated
E19.5,E19_5_S2,CCTTTAACCTCA,4629,37.17,extrapolated
E19.5,E19_5_S2,CCTTTAACCTCA,4790,37.77,extrapolated
E19.5,E19_5_S2,CCTTTAACCTCA,4951,38.35,extrapolated
E19.5,E19_5_S2,CCTTTAACCTCA,5112,38.91,extrapolated
E19.5,E19_5_S2,CCTTTAACCTCA,5273,39.45,extrapolated
E19.5,E19_5_S2,CCTTTAACCTCA,5434,39.97,extrapolated
E19.5,E19_5_S2,CCTTTAACCTCA,5595,40.47,extrapolated
E19.5,E19_5_S2,CCTTTAACCTCA,5756,40.96,extrapolated
E19.5,E19_5_S2,CCTTTAACCTCA,5917,41.43,extrapolated
E19.5,E19_5_S2,CCTTTAACCTCA,6078,41.88,extrapolated
E19.5,E19_5_S2,CCTTTAACCTCA,6239,42.31,extrapolated
E19.5,E19_5_S2,CCTTTAACCTCA,6400,42.73,extrapolated
E19.5,E19_5_S2,CCTTTAACCTCA,6561,43.13,extrapolated
E19.5,E19_5_S2,CCTTTAACCTCA,6722,43.52,extrapolated
E19.5,E19_5_S2,CCTTTAACCTCA,6883,43.9,extrapolated
E19.5,E19_5_S2,CCTTTAACCTCA,7044,44.26,extrapolated
E19.5,E19_5_S2,CCTTTAACCTCA,7205,44.61,extrapolated
E19.5,E19_5_S2,CCTTTAACCTCA,7366,44.95,extrapolated
E19.5,E19_5_S2,CCTTTAACCTCA,7527,45.28,extrapolated
E19.5,E19_5_S2,CCTTTAACCTCA,7688,45.59,extrapolated
E19.5,E19_5_S2,CCTTTAACCTCA,7849,45.89,extrapolated
E19.5,E19_5_S2,CCTTTAACCTCA,8010,46.18,extrapolated
E19.5,E19_5_S2,CCTTTAACCTCA,8171,46.47,extrapolated
E19.5,E19_5_S2,CCTTTAACCTCA,8332,46.74,extrapolated
E19.5,E19_5_S2,CCTTTAACCTCA,8493,47.0,extrapolated
E19.5,E19_5_S2,CCTTTAACCTCA,8654,47.25,extrapolated
E19.5,E19_5_S2,CCTTTAACCTCA,8815,47.5,extrapolated
E19.5,E19_5_S2,CCTTTAACCTCA,8976,47.73,extrapolated
E19.5,E19_5_S2,CCTTTAACCTCA,9137,47.96,extrapolated
E19.5,E19_5_S2,CCTTTAACCTCA,9298,48.18,extrapolated
E19.5,E19_5_S2,CCTTTAACCTCA,9459,48.39,extrapolated
E19.5,E19_5_S2,CCTTTAACCTCA,9620,48.59,extrapolated
E19.5,E19_5_S2,CCTTTAACCTCA,9781,48.79,extrapolated
E19.5,E19_5_S2,CCTTTAACCTCA,9942,48.98,extrapolated
E19.5,E19_5_S2,CCTTTAACCTCA,10103,49.16,extrapolated
E19.5,E19_5_S2,CCTTTAACCTCA,10264,49.33,extrapolated
E19.5,E19_5_S2,CCTTTAACCTCA,10425,49.5,extrapolated
E19.5,E19_5_S2,CCTTTAACCTCA,10586,49.67,extrapolated
E19.5,E19_5_S2,CCTTTAACCTCA,10747,49.83,extrapolated
E19.5,E19_5_S2,CCTTTAACCTCA,10908,49.98,extrapolated
E19.5,E19_5_S2,CCTTTAACCTCA,11069,50.13,extrapolated
E19.5,E19_5_S2,CCTTTAACCTCA,11230,50.27,extrapolated
E19.5,E19_5_S2,CCTTTAACCTCA,11391,50.4,extrapolated
E19.5,E19_5_S2,CCTTTAACCTCA,11552,50.54,extrapolated
E19.5,E19_5_S2,CCTTTAACCTCA,11713,50.66,extrapolated
E19.5,E19_5_S2,CCTTTAACCTCA,11875,50.79,extrapolated
E19.5,E19_5_S2,CCTCTAAAGCGC,1,1.0,observed
E19.5,E19_5_S2,CCTCTAAAGCGC,109,90.79,observed
E19.5,E19_5_S2,CCTCTAAAGCGC,217,159.52,observed
E19.5,E19_5_S2,CCTCTAAAGCGC,326,217.57,observed
E19.5,E19_5_S2,CCTCTAAAGCGC,434,267.75,observed
E19.5,E19_5_S2,CCTCTAAAGCGC,543,313.04,observed
E19.5,E19_5_S2,CCTCTAAAGCGC,651,353.87,observed
E19.5,E19_5_S2,CCTCTAAAGCGC,760,391.82,observed
E19.5,E19_5_S2,CCTCTAAAGCGC,868,426.8,observed
E19.5,E19_5_S2,CCTCTAAAGCGC,976,459.59,observed
E19.5,E19_5_S2,CCTCTAAAGCGC,1085,490.82,observed
E19.5,E19_5_S2,CCTCTAAAGCGC,1193,520.17,observed
E19.5,E19_5_S2,CCTCTAAAGCGC,1302,548.38,observed
E19.5,E19_5_S2,CCTCTAAAGCGC,1410,575.11,observed
E19.5,E19_5_S2,CCTCTAAAGCGC,1519,600.99,observed
E19.5,E19_5_S2,CCTCTAAAGCGC,1627,625.66,observed
E19.5,E19_5_S2,CCTCTAAAGCGC,1735,649.45,observed
E19.5,E19_5_S2,CCTCTAAAGCGC,1844,672.66,observed
E19.5,E19_5_S2,CCTCTAAAGCGC,1952,694.92,observed
E19.5,E19_5_S2,CCTCTAAAGCGC,2061,716.71,observed
E19.5,E19_5_S2,CCTCTAAAGCGC,2169,737.67,observed
E19.5,E19_5_S2,CCTCTAAAGCGC,2278,758.25,observed
E19.5,E19_5_S2,CCTCTAAAGCGC,2386,778.11,observed
E19.5,E19_5_S2,CCTCTAAAGCGC,2495,797.65,observed
E19.5,E19_5_S2,CCTCTAAAGCGC,2603,816.53,observed
E19.5,E19_5_S2,CCTCTAAAGCGC,2711,834.98,observed
E19.5,E19_5_S2,CCTCTAAAGCGC,2820,853.19,observed
E19.5,E19_5_S2,CCTCTAAAGCGC,2928,870.83,observed
E19.5,E19_5_S2,CCTCTAAAGCGC,3037,888.26,observed
E19.5,E19_5_S2,CCTCTAAAGCGC,3145,905.18,observed
E19.5,E19_5_S2,CCTCTAAAGCGC,3254,921.92,observed
E19.5,E19_5_S2,CCTCTAAAGCGC,3362,938.18,observed
E19.5,E19_5_S2,CCTCTAAAGCGC,3470,954.15,observed
E19.5,E19_5_S2,CCTCTAAAGCGC,3579,969.97,observed
E19.5,E19_5_S2,CCTCTAAAGCGC,3687,985.37,observed
E19.5,E19_5_S2,CCTCTAAAGCGC,3796,1000.64,observed
E19.5,E19_5_S2,CCTCTAAAGCGC,3904,1015.52,observed
E19.5,E19_5_S2,CCTCTAAAGCGC,4013,1030.29,observed
E19.5,E19_5_S2,CCTCTAAAGCGC,4121,1044.69,observed
E19.5,E19_5_S2,CCTCTAAAGCGC,4230,1059.0,observed
E19.5,E19_5_S2,CCTCTAAAGCGC,4516,1095.51,extrapolated
E19.5,E19_5_S2,CCTCTAAAGCGC,4803,1130.69,extrapolated
E19.5,E19_5_S2,CCTCTAAAGCGC,5090,1164.46,extrapolated
E19.5,E19_5_S2,CCTCTAAAGCGC,5377,1196.9,extrapolated
E19.5,E19_5_S2,CCTCTAAAGCGC,5663,1227.93,extrapolated
E19.5,E19_5_S2,CCTCTAAAGCGC,5950,1257.83,extrapolated
E19.5,E19_5_S2,CCTCTAAAGCGC,6237,1286.55,extrapolated
E19.5,E19_5_S2,CCTCTAAAGCGC,6524,1314.12,extrapolated
E19.5,E19_5_S2,CCTCTAAAGCGC,6811,1340.59,extrapolated
E19.5,E19_5_S2,CCTCTAAAGCGC,7097,1365.92,extrapolated
E19.5,E19_5_S2,CCTCTAAAGCGC,7384,1390.33,extrapolated
E19.5,E19_5_S2,CCTCTAAAGCGC,7671,1413.77,extrapolated
E19.5,E19_5_S2,CCTCTAAAGCGC,7958,1436.27,extrapolated
E19.5,E19_5_S2,CCTCTAAAGCGC,8244,1457.8,extrapolated
E19.5,E19_5_S2,CCTCTAAAGCGC,8531,1478.55,extrapolated
E19.5,E19_5_S2,CCTCTAAAGCGC,8818,1498.47,extrapolated
E19.5,E19_5_S2,CCTCTAAAGCGC,9105,1517.6,extrapolated
E19.5,E19_5_S2,CCTCTAAAGCGC,9392,1535.97,extrapolated
E19.5,E19_5_S2,CCTCTAAAGCGC,9678,1553.55,extrapolated
E19.5,E19_5_S2,CCTCTAAAGCGC,9965,1570.48,extrapolated
E19.5,E19_5_S2,CCTCTAAAGCGC,10252,1586.75,extrapolated
E19.5,E19_5_S2,CCTCTAAAGCGC,10539,1602.36,extrapolated
E19.5,E19_5_S2,CCTCTAAAGCGC,10825,1617.3,extrapolated
E19.5,E19_5_S2,CCTCTAAAGCGC,11112,1631.7,extrapolated
E19.5,E19_5_S2,CCTCTAAAGCGC,11399,1645.52,extrapolated
E19.5,E19_5_S2,CCTCTAAAGCGC,11686,1658.79,extrapolated
E19.5,E19_5_S2,CCTCTAAAGCGC,11973,1671.54,extrapolated
E19.5,E19_5_S2,CCTCTAAAGCGC,12259,1683.73,extrapolated
E19.5,E19_5_S2,CCTCTAAAGCGC,12546,1695.48,extrapolated
E19.5,E19_5_S2,CCTCTAAAGCGC,12833,1706.77,extrapolated
E19.5,E19_5_S2,CCTCTAAAGCGC,13120,1717.6,extrapolated
E19.5,E19_5_S2,CCTCTAAAGCGC,13406,1727.97,extrapolated
E19.5,E19_5_S2,CCTCTAAAGCGC,13693,1737.96,extrapolated
E19.5,E19_5_S2,CCTCTAAAGCGC,13980,1747.55,extrapolated
E19.5,E19_5_S2,CCTCTAAAGCGC,14267,1756.76,extrapolated
E19.5,E19_5_S2,CCTCTAAAGCGC,14554,1765.6,extrapolated
E19.5,E19_5_S2,CCTCTAAAGCGC,14840,1774.06,extrapolated
E19.5,E19_5_S2,CCTCTAAAGCGC,15127,1782.22,extrapolated
E19.5,E19_5_S2,CCTCTAAAGCGC,15414,1790.04,extrapolated
E19.5,E19_5_S2,CCTCTAAAGCGC,15701,1797.56,extrapolated
E19.5,E19_5_S2,CCTCTAAAGCGC,15987,1804.75,extrapolated
E19.5,E19_5_S2,CCTCTAAAGCGC,16274,1811.69,extrapolated
E19.5,E19_5_S2,CCTCTAAAGCGC,16561,1818.34,extrapolated
E19.5,E19_5_S2,CCTCTAAAGCGC,16848,1824.73,extrapolated
E19.5,E19_5_S2,CCTCTAAAGCGC,17135,1830.87,extrapolated
E19.5,E19_5_S2,CCTCTAAAGCGC,17421,1836.74,extrapolated
E19.5,E19_5_S2,CCTCTAAAGCGC,17708,1842.4,extrapolated
E19.5,E19_5_S2,CCTCTAAAGCGC,17995,1847.83,extrapolated
E19.5,E19_5_S2,CCTCTAAAGCGC,18282,1853.04,extrapolated
E19.5,E19_5_S2,CCTCTAAAGCGC,18568,1858.03,extrapolated
E19.5,E19_5_S2,CCTCTAAAGCGC,18855,1862.84,extrapolated
E19.5,E19_5_S2,CCTCTAAAGCGC,19142,1867.46,extrapolated
E19.5,E19_5_S2,CCTCTAAAGCGC,19429,1871.89,extrapolated
E19.5,E19_5_S2,CCTCTAAAGCGC,19716,1876.15,extrapolated
E19.5,E19_5_S2,CCTCTAAAGCGC,20002,1880.23,extrapolated
E19.5,E19_5_S2,CCTCTAAAGCGC,20289,1884.15,extrapolated
E19.5,E19_5_S2,CCTCTAAAGCGC,20576,1887.92,extrapolated
E19.5,E19_5_S2,CCTCTAAAGCGC,20863,1891.54,extrapolated
E19.5,E19_5_S2,CCTCTAAAGCGC,21150,1895.01,extrapolated
E19.5,E19_5_S2,GGCAGAAGGTGT,1,1.0,observed
E19.5,E19_5_S2,GGCAGAAGGTGT,88,64.25,observed
E19.5,E19_5_S2,GGCAGAAGGTGT,175,106.38,observed
E19.5,E19_5_S2,GGCAGAAGGTGT,263,139.22,observed
E19.5,E19_5_S2,GGCAGAAGGTGT,350,165.98,observed
E19.5,E19_5_S2,GGCAGAAGGTGT,438,189.23,observed
E19.5,E19_5_S2,GGCAGAAGGTGT,525,209.54,observed
E19.5,E19_5_S2,GGCAGAAGGTGT,613,228.03,observed
E19.5,E19_5_S2,GGCAGAAGGTGT,700,244.75,observed
E19.5,E19_5_S2,GGCAGAAGGTGT,788,260.36,observed
E19.5,E19_5_S2,GGCAGAAGGTGT,875,274.75,observed
E19.5,E19_5_S2,GGCAGAAGGTGT,963,288.39,observed
E19.5,E19_5_S2,GGCAGAAGGTGT,1050,301.12,observed
E19.5,E19_5_S2,GGCAGAAGGTGT,1138,313.31,observed
E19.5,E19_5_S2,GGCAGAAGGTGT,1225,324.78,observed
E19.5,E19_5_S2,GGCAGAAGGTGT,1313,335.84,observed
E19.5,E19_5_S2,GGCAGAAGGTGT,1400,346.31,observed
E19.5,E19_5_S2,GGCAGAAGGTGT,1488,356.47,observed
E19.5,E19_5_S2,GGCAGAAGGTGT,1575,366.12,observed
E19.5,E19_5_S2,GGCAGAAGGTGT,1663,375.52,observed
E19.5,E19_5_S2,GGCAGAAGGTGT,1750,384.5,observed
E19.5,E19_5_S2,GGCAGAAGGTGT,1838,393.27,observed
E19.5,E19_5_S2,GGCAGAAGGTGT,1925,401.67,observed
E19.5,E19_5_S2,GGCAGAAGGTGT,2013,409.91,observed
E19.5,E19_5_S2,GGCAGAAGGTGT,2100,417.82,observed
E19.5,E19_5_S2,GGCAGAAGGTGT,2188,425.59,observed
E19.5,E19_5_S2,GGCAGAAGGTGT,2275,433.08,observed
E19.5,E19_5_S2,GGCAGAAGGTGT,2363,440.45,observed
E19.5,E19_5_S2,GGCAGAAGGTGT,2450,447.56,observed
E19.5,E19_5_S2,GGCAGAAGGTGT,2538,454.59,observed
E19.5,E19_5_S2,GGCAGAAGGTGT,2625,461.37,observed
E19.5,E19_5_S2,GGCAGAAGGTGT,2713,468.09,observed
E19.5,E19_5_S2,GGCAGAAGGTGT,2800,474.58,observed
E19.5,E19_5_S2,GGCAGAAGGTGT,2888,481.02,observed
E19.5,E19_5_S2,GGCAGAAGGTGT,2975,487.26,observed
E19.5,E19_5_S2,GGCAGAAGGTGT,3063,493.45,observed
E19.5,E19_5_S2,GGCAGAAGGTGT,3150,499.46,observed
E19.5,E19_5_S2,GGCAGAAGGTGT,3238,505.43,observed
E19.5,E19_5_S2,GGCAGAAGGTGT,3325,511.23,observed
E19.5,E19_5_S2,GGCAGAAGGTGT,3413,517.0,observed
E19.5,E19_5_S2,GGCAGAAGGTGT,3644,531.71,extrapolated
E19.5,E19_5_S2,GGCAGAAGGTGT,3875,545.8,extrapolated
E19.5,E19_5_S2,GGCAGAAGGTGT,4107,559.36,extrapolated
E19.5,E19_5_S2,GGCAGAAGGTGT,4338,572.3,extrapolated
E19.5,E19_5_S2,GGCAGAAGGTGT,4569,584.7,extrapolated
E19.5,E19_5_S2,GGCAGAAGGTGT,4801,596.63,extrapolated
E19.5,E19_5_S2,GGCAGAAGGTGT,5032,608.01,extrapolated
E19.5,E19_5_S2,GGCAGAAGGTGT,5264,618.96,extrapolated
E19.5,E19_5_S2,GGCAGAAGGTGT,5495,629.4,extrapolated
E19.5,E19_5_S2,GGCAGAAGGTGT,5726,639.41,extrapolated
E19.5,E19_5_S2,GGCAGAAGGTGT,5958,649.05,extrapolated
E19.5,E19_5_S2,GGCAGAAGGTGT,6189,658.24,extrapolated
E19.5,E19_5_S2,GGCAGAAGGTGT,6421,667.08,extrapolated
E19.5,E19_5_S2,GGCAGAAGGTGT,6652,675.51,extrapolated
E19.5,E19_5_S2,GGCAGAAGGTGT,6883,683.6,extrapolated
E19.5,E19_5_S2,GGCAGAAGGTGT,7115,691.38,extrapolated
E19.5,E19_5_S2,GGCAGAAGGTGT,7346,698.8,extrapolated
E19.5,E19_5_S2,GGCAGAAGGTGT,7578,705.94,extrapolated
E19.5,E19_5_S2,GGCAGAAGGTGT,7809,712.75,extrapolated
E19.5,E19_5_S2,GGCAGAAGGTGT,8040,719.27,extrapolated
E19.5,E19_5_S2,GGCAGAAGGTGT,8272,725.56,extrapolated
E19.5,E19_5_S2,GGCAGAAGGTGT,8503,731.55,extrapolated
E19.5,E19_5_S2,GGCAGAAGGTGT,8734,737.29,extrapolated
E19.5,E19_5_S2,GGCAGAAGGTGT,8966,742.81,extrapolated
E19.5,E19_5_S2,GGCAGAAGGTGT,9197,748.08,extrapolated
E19.5,E19_5_S2,GGCAGAAGGTGT,9429,753.16,extrapolated
E19.5,E19_5_S2,GGCAGAAGGTGT,9660,757.99,extrapolated
E19.5,E19_5_S2,GGCAGAAGGTGT,9891,762.63,extrapolated
E19.5,E19_5_S2,GGCAGAAGGTGT,10123,767.09,extrapolated
E19.5,E19_5_S2,GGCAGAAGGTGT,10354,771.35,extrapolated
E19.5,E19_5_S2,GGCAGAAGGTGT,10586,775.44,extrapolated
E19.5,E19_5_S2,GGCAGAAGGTGT,10817,779.35,extrapolated
E19.5,E19_5_S2,GGCAGAAGGTGT,11048,783.09,extrapolated
E19.5,E19_5_S2,GGCAGAAGGTGT,11280,786.7,extrapolated
E19.5,E19_5_S2,GGCAGAAGGTGT,11511,790.13,extrapolated
E19.5,E19_5_S2,GGCAGAAGGTGT,11743,793.44,extrapolated
E19.5,E19_5_S2,GGCAGAAGGTGT,11974,796.59,extrapolated
E19.5,E19_5_S2,GGCAGAAGGTGT,12205,799.62,extrapolated
E19.5,E19_5_S2,GGCAGAAGGTGT,12437,802.53,extrapolated
E19.5,E19_5_S2,GGCAGAAGGTGT,12668,805.3,extrapolated
E19.5,E19_5_S2,GGCAGAAGGTGT,12899,807.96,extrapolated
E19.5,E19_5_S2,GGCAGAAGGTGT,13131,810.52,extrapolated
E19.5,E19_5_S2,GGCAGAAGGTGT,13362,812.96,extrapolated
E19.5,E19_5_S2,GGCAGAAGGTGT,13594,815.31,extrapolated
E19.5,E19_5_S2,GGCAGAAGGTGT,13825,817.55,extrapolated
E19.5,E19_5_S2,GGCAGAAGGTGT,14056,819.7,extrapolated
E19.5,E19_5_S2,GGCAGAAGGTGT,14288,821.76,extrapolated
E19.5,E19_5_S2,GGCAGAAGGTGT,14519,823.73,extrapolated
E19.5,E19_5_S2,GGCAGAAGGTGT,14751,825.63,extrapolated
E19.5,E19_5_S2,GGCAGAAGGTGT,14982,827.44,extrapolated
E19.5,E19_5_S2,GGCAGAAGGTGT,15213,829.17,extrapolated
E19.5,E19_5_S2,GGCAGAAGGTGT,15445,830.84,extrapolated
E19.5,E19_5_S2,GGCAGAAGGTGT,15676,832.43,extrapolated
E19.5,E19_5_S2,GGCAGAAGGTGT,15908,833.97,extrapolated
E19.5,E19_5_S2,GGCAGAAGGTGT,16139,835.43,extrapolated
E19.5,E19_5_S2,GGCAGAAGGTGT,16370,836.83,extrapolated
E19.5,E19_5_S2,GGCAGAAGGTGT,16602,838.17,extrapolated
E19.5,E19_5_S2,GGCAGAAGGTGT,16833,839.46,extrapolated
E19.5,E19_5_S2,GGCAGAAGGTGT,17065,840.7,extrapolated
E19.5,E19_5_S2,CCAAGAAAAGTG,1,1.0,observed
E19.5,E19_5_S2,CCAAGAAAAGTG,69,55.36,observed
E19.5,E19_5_S2,CCAAGAAAAGTG,138,94.21,observed
E19.5,E19_5_S2,CCAAGAAAAGTG,207,124.41,observed
E19.5,E19_5_S2,CCAAGAAAAGTG,276,149.14,observed
E19.5,E19_5_S2,CCAAGAAAAGTG,345,170.1,observed
E19.5,E19_5_S2,CCAAGAAAAGTG,414,188.3,observed
E19.5,E19_5_S2,CCAAGAAAAGTG,483,204.39,observed
E19.5,E19_5_S2,CCAAGAAAAGTG,552,218.82,observed
E19.5,E19_5_S2,CCAAGAAAAGTG,621,231.93,observed
E19.5,E19_5_S2,CCAAGAAAAGTG,690,243.93,observed
E19.5,E19_5_S2,CCAAGAAAAGTG,759,255.01,observed
E19.5,E19_5_S2,CCAAGAAAAGTG,828,265.31,observed
E19.5,E19_5_S2,CCAAGAAAAGTG,897,274.93,observed
E19.5,E19_5_S2,CCAAGAAAAGTG,966,283.96,observed
E19.5,E19_5_S2,CCAAGAAAAGTG,1035,292.48,observed
E19.5,E19_5_S2,CCAAGAAAAGTG,1104,300.54,observed
E19.5,E19_5_S2,CCAAGAAAAGTG,1173,308.19,observed
E19.5,E19_5_S2,CCAAGAAAAGTG,1242,315.47,observed
E19.5,E19_5_S2,CCAAGAAAAGTG,1311,322.42,observed
E19.5,E19_5_S2,CCAAGAAAAGTG,1380,329.07,observed
E19.5,E19_5_S2,CCAAGAAAAGTG,1449,335.45,observed
E19.5,E19_5_S2,CCAAGAAAAGTG,1518,341.58,observed
E19.5,E19_5_S2,CCAAGAAAAGTG,1587,347.47,observed
E19.5,E19_5_S2,CCAAGAAAAGTG,1656,353.15,observed
E19.5,E19_5_S2,CCAAGAAAAGTG,1725,358.63,observed
E19.5,E19_5_S2,CCAAGAAAAGTG,1794,363.93,observed
E19.5,E19_5_S2,CCAAGAAAAGTG,1863,369.05,observed
E19.5,E19_5_S2,CCAAGAAAAGTG,1932,374.01,observed
E19.5,E19_5_S2,CCAAGAAAAGTG,2001,378.81,observed
E19.5,E19_5_S2,CCAAGAAAAGTG,2070,383.48,observed
E19.5,E19_5_S2,CCAAGAAAAGTG,2139,388.0,observed
E19.5,E19_5_S2,CCAAGAAAAGTG,2208,392.4,observed
E19.5,E19_5_S2,CCAAGAAAAGTG,2277,396.67,observed
E19.5,E19_5_S2,CCAAGAAAAGTG,2346,400.83,observed
E19.5,E19_5_S2,CCAAGAAAAGTG,2415,404.87,observed
E19.5,E19_5_S2,CCAAGAAAAGTG,2484,408.8,observed
E19.5,E19_5_S2,CCAAGAAAAGTG,2553,412.63,observed
E19.5,E19_5_S2,CCAAGAAAAGTG,2622,416.36,observed
E19.5,E19_5_S2,CCAAGAAAAGTG,2691,420.0,observed
E19.5,E19_5_S2,CCAAGAAAAGTG,2873,429.15,extrapolated
E19.5,E19_5_S2,CCAAGAAAAGTG,3055,437.71,extrapolated
E19.5,E19_5_S2,CCAAGAAAAGTG,3238,445.75,extrapolated
E19.5,E19_5_S2,CCAAGAAAAGTG,3420,453.22,extrapolated
E19.5,E19_5_S2,CCAAGAAAAGTG,3603,460.23,extrapolated
E19.5,E19_5_S2,CCAAGAAAAGTG,3785,466.76,extrapolated
E19.5,E19_5_S2,CCAAGAAAAGTG,3968,472.88,extrapolated
E19.5,E19_5_S2,CCAAGAAAAGTG,4150,478.58,extrapolated
E19.5,E19_5_S2,CCAAGAAAAGTG,4332,483.9,extrapolated
E19.5,E19_5_S2,CCAAGAAAAGTG,4515,488.9,extrapolated
E19.5,E19_5_S2,CCAAGAAAAGTG,4697,493.55,extrapolated
E19.5,E19_5_S2,CCAAGAAAAGTG,4880,497.91,extrapolated
E19.5,E19_5_S2,CCAAGAAAAGTG,5062,501.97,extrapolated
E19.5,E19_5_S2,CCAAGAAAAGTG,5245,505.78,extrapolated
E19.5,E19_5_S2,CCAAGAAAAGTG,5427,509.33,extrapolated
E19.5,E19_5_S2,CCAAGAAAAGTG,5610,512.66,extrapolated
E19.5,E19_5_S2,CCAAGAAAAGTG,5792,515.75,extrapolated
E19.5,E19_5_S2,CCAAGAAAAGTG,5974,518.64,extrapolated
E19.5,E19_5_S2,CCAAGAAAAGTG,6157,521.36,extrapolated
E19.5,E19_5_S2,CCAAGAAAAGTG,6339,523.88,extrapolated
E19.5,E19_5_S2,CCAAGAAAAGTG,6522,526.25,extrapolated
E19.5,E19_5_S2,CCAAGAAAAGTG,6704,528.46,extrapolated
E19.5,E19_5_S2,CCAAGAAAAGTG,6887,530.53,extrapolated
E19.5,E19_5_S2,CCAAGAAAAGTG,7069,532.45,extrapolated
E19.5,E19_5_S2,CCAAGAAAAGTG,7252,534.26,extrapolated
E19.5,E19_5_S2,CCAAGAAAAGTG,7434,535.94,extrapolated
E19.5,E19_5_S2,CCAAGAAAAGTG,7616,537.51,extrapolated
E19.5,E19_5_S2,CCAAGAAAAGTG,7799,538.99,extrapolated
E19.5,E19_5_S2,CCAAGAAAAGTG,7981,540.36,extrapolated
E19.5,E19_5_S2,CCAAGAAAAGTG,8164,541.64,extrapolated
E19.5,E19_5_S2,CCAAGAAAAGTG,8346,542.84,extrapolated
E19.5,E19_5_S2,CCAAGAAAAGTG,8529,543.97,extrapolated
E19.5,E19_5_S2,CCAAGAAAAGTG,8711,545.01,extrapolated
E19.5,E19_5_S2,CCAAGAAAAGTG,8893,545.99,extrapolated
E19.5,E19_5_S2,CCAAGAAAAGTG,9076,546.91,extrapolated
E19.5,E19_5_S2,CCAAGAAAAGTG,9258,547.76,extrapolated
E19.5,E19_5_S2,CCAAGAAAAGTG,9441,548.56,extrapolated
E19.5,E19_5_S2,CCAAGAAAAGTG,9623,549.31,extrapolated
E19.5,E19_5_S2,CCAAGAAAAGTG,9806,550.01,extrapolated
E19.5,E19_5_S2,CCAAGAAAAGTG,9988,550.66,extrapolated
E19.5,E19_5_S2,CCAAGAAAAGTG,10171,551.27,extrapolated
E19.5,E19_5_S2,CCAAGAAAAGTG,10353,551.83,extrapolated
E19.5,E19_5_S2,CCAAGAAAAGTG,10535,552.37,extrapolated
E19.5,E19_5_S2,CCAAGAAAAGTG,10718,552.86,extrapolated
E19.5,E19_5_S2,CCAAGAAAAGTG,10900,553.33,extrapolated
E19.5,E19_5_S2,CCAAGAAAAGTG,11083,553.76,extrapolated
E19.5,E19_5_S2,CCAAGAAAAGTG,11265,554.17,extrapolated
E19.5,E19_5_S2,CCAAGAAAAGTG,11448,554.55,extrapolated
E19.5,E19_5_S2,CCAAGAAAAGTG,11630,554.9,extrapolated
E19.5,E19_5_S2,CCAAGAAAAGTG,11813,555.23,extrapolated
E19.5,E19_5_S2,CCAAGAAAAGTG,11995,555.54,extrapolated
E19.5,E19_5_S2,CCAAGAAAAGTG,12177,555.83,extrapolated
E19.5,E19_5_S2,CCAAGAAAAGTG,12360,556.1,extrapolated
E19.5,E19_5_S2,CCAAGAAAAGTG,12542,556.35,extrapolated
E19.5,E19_5_S2,CCAAGAAAAGTG,12725,556.59,extrapolated
E19.5,E19_5_S2,CCAAGAAAAGTG,12907,556.81,extrapolated
E19.5,E19_5_S2,CCAAGAAAAGTG,13090,557.01,extrapolated
E19.5,E19_5_S2,CCAAGAAAAGTG,13272,557.21,extrapolated
E19.5,E19_5_S2,CCAAGAAAAGTG,13455,557.39,extrapolated
E19.5,E19_5_S2,TCCGTAACATAA,1,1.0,observed
E19.5,E19_5_S2,TCCGTAACATAA,70,54.6,observed
E19.5,E19_5_S2,TCCGTAACATAA,140,94.34,observed
E19.5,E19_5_S2,TCCGTAACATAA,210,126.29,observed
E19.5,E19_5_S2,TCCGTAACATAA,280,153.26,observed
E19.5,E19_5_S2,TCCGTAACATAA,350,176.76,observed
E19.5,E19_5_S2,TCCGTAACATAA,420,197.7,observed
E19.5,E19_5_S2,TCCGTAACATAA,490,216.64,observed
E19.5,E19_5_S2,TCCGTAACATAA,559,233.74,observed
E19.5,E19_5_S2,TCCGTAACATAA,629,249.78,observed
E19.5,E19_5_S2,TCCGTAACATAA,699,264.7,observed
E19.5,E19_5_S2,TCCGTAACATAA,769,278.67,observed
E19.5,E19_5_S2,TCCGTAACATAA,839,291.8,observed
E19.5,E19_5_S2,TCCGTAACATAA,909,304.21,observed
E19.5,E19_5_S2,TCCGTAACATAA,979,315.98,observed
E19.5,E19_5_S2,TCCGTAACATAA,1049,327.17,observed
E19.5,E19_5_S2,TCCGTAACATAA,1118,337.69,observed
E19.5,E19_5_S2,TCCGTAACATAA,1188,347.9,observed
E19.5,E19_5_S2,TCCGTAACATAA,1258,357.68,observed
E19.5,E19_5_S2,TCCGTAACATAA,1328,367.07,observed
E19.5,E19_5_S2,TCCGTAACATAA,1398,376.1,observed
E19.5,E19_5_S2,TCCGTAACATAA,1468,384.8,observed
E19.5,E19_5_S2,TCCGTAACATAA,1538,393.2,observed
E19.5,E19_5_S2,TCCGTAACATAA,1608,401.31,observed
E19.5,E19_5_S2,TCCGTAACATAA,1677,409.05,observed
E19.5,E19_5_S2,TCCGTAACATAA,1747,416.66,observed
E19.5,E19_5_S2,TCCGTAACATAA,1817,424.04,observed
E19.5,E19_5_S2,TCCGTAACATAA,1887,431.2,observed
E19.5,E19_5_S2,TCCGTAACATAA,1957,438.17,observed
E19.5,E19_5_S2,TCCGTAACATAA,2027,444.94,observed
E19.5,E19_5_S2,TCCGTAACATAA,2097,451.53,observed
E19.5,E19_5_S2,TCCGTAACATAA,2167,457.94,observed
E19.5,E19_5_S2,TCCGTAACATAA,2236,464.11,observed
E19.5,E19_5_S2,TCCGTAACATAA,2306,470.22,observed
E19.5,E19_5_S2,TCCGTAACATAA,2376,476.18,observed
E19.5,E19_5_S2,TCCGTAACATAA,2446,482.0,observed
E19.5,E19_5_S2,TCCGTAACATAA,2516,487.68,observed
E19.5,E19_5_S2,TCCGTAACATAA,2586,493.24,observed
E19.5,E19_5_S2,TCCGTAACATAA,2656,498.68,observed
E19.5,E19_5_S2,TCCGTAACATAA,2726,504.0,observed
E19.5,E19_5_S2,TCCGTAACATAA,2910,517.45,extrapolated
E19.5,E19_5_S2,TCCGTAACATAA,3095,530.24,extrapolated
E19.5,E19_5_S2,TCCGTAACATAA,3280,542.33,extrapolated
E19.5,E19_5_S2,TCCGTAACATAA,3465,553.76,extrapolated
E19.5,E19_5_S2,TCCGTAACATAA,3650,564.56,extrapolated
E19.5,E19_5_S2,TCCGTAACATAA,3834,574.72,extrapolated
E19.5,E19_5_S2,TCCGTAACATAA,4019,584.38,extrapolated
E19.5,E19_5_S2,TCCGTAACATAA,4204,593.5,extrapolated
E19.5,E19_5_S2,TCCGTAACATAA,4389,602.13,extrapolated
E19.5,E19_5_S2,TCCGTAACATAA,4574,610.28,extrapolated
E19.5,E19_5_S2,TCCGTAACATAA,4758,617.95,extrapolated
E19.5,E19_5_S2,TCCGTAACATAA,4943,625.24,extrapolated
E19.5,E19_5_S2,TCCGTAACATAA,5128,632.13,extrapolated
E19.5,E19_5_S2,TCCGTAACATAA,5313,638.64,extrapolated
E19.5,E19_5_S2,TCCGTAACATAA,5498,644.8,extrapolated
E19.5,E19_5_S2,TCCGTAACATAA,5683,650.62,extrapolated
E19.5,E19_5_S2,TCCGTAACATAA,5867,656.09,extrapolated
E19.5,E19_5_S2,TCCGTAACATAA,6052,661.29,extrapolated
E19.5,E19_5_S2,TCCGTAACATAA,6237,666.21,extrapolated
E19.5,E19_5_S2,TCCGTAACATAA,6422,670.86,extrapolated
E19.5,E19_5_S2,TCCGTAACATAA,6607,675.25,extrapolated
E19.5,E19_5_S2,TCCGTAACATAA,6791,679.38,extrapolated
E19.5,E19_5_S2,TCCGTAACATAA,6976,683.31,extrapolated
E19.5,E19_5_S2,TCCGTAACATAA,7161,687.02,extrapolated
E19.5,E19_5_S2,TCCGTAACATAA,7346,690.53,extrapolated
E19.5,E19_5_S2,TCCGTAACATAA,7531,693.84,extrapolated
E19.5,E19_5_S2,TCCGTAACATAA,7715,696.96,extrapolated
E19.5,E19_5_S2,TCCGTAACATAA,7900,699.92,extrapolated
E19.5,E19_5_S2,TCCGTAACATAA,8085,702.73,extrapolated
E19.5,E19_5_S2,TCCGTAACATAA,8270,705.38,extrapolated
E19.5,E19_5_S2,TCCGTAACATAA,8455,707.88,extrapolated
E19.5,E19_5_S2,TCCGTAACATAA,8640,710.25,extrapolated
E19.5,E19_5_S2,TCCGTAACATAA,8824,712.47,extrapolated
E19.5,E19_5_S2,TCCGTAACATAA,9009,714.59,extrapolated
E19.5,E19_5_S2,TCCGTAACATAA,9194,716.59,extrapolated
E19.5,E19_5_S2,TCCGTAACATAA,9379,718.48,extrapolated
E19.5,E19_5_S2,TCCGTAACATAA,9564,720.26,extrapolated
E19.5,E19_5_S2,TCCGTAACATAA,9748,721.94,extrapolated
E19.5,E19_5_S2,TCCGTAACATAA,9933,723.54,extrapolated
E19.5,E19_5_S2,TCCGTAACATAA,10118,725.05,extrapolated
E19.5,E19_5_S2,TCCGTAACATAA,10303,726.47,extrapolated
E19.5,E19_5_S2,TCCGTAACATAA,10488,727.82,extrapolated
E19.5,E19_5_S2,TCCGTAACATAA,10672,729.09,extrapolated
E19.5,E19_5_S2,TCCGTAACATAA,10857,730.3,extrapolated
E19.5,E19_5_S2,TCCGTAACATAA,11042,731.44,extrapolated
E19.5,E19_5_S2,TCCGTAACATAA,11227,732.51,extrapolated
E19.5,E19_5_S2,TCCGTAACATAA,11412,733.53,extrapolated
E19.5,E19_5_S2,TCCGTAACATAA,11597,734.49,extrapolated
E19.5,E19_5_S2,TCCGTAACATAA,11781,735.4,extrapolated
E19.5,E19_5_S2,TCCGTAACATAA,11966,736.26,extrapolated
E19.5,E19_5_S2,TCCGTAACATAA,12151,737.07,extrapolated
E19.5,E19_5_S2,TCCGTAACATAA,12336,737.84,extrapolated
E19.5,E19_5_S2,TCCGTAACATAA,12521,738.57,extrapolated
E19.5,E19_5_S2,TCCGTAACATAA,12705,739.25,extrapolated
E19.5,E19_5_S2,TCCGTAACATAA,12890,739.9,extrapolated
E19.5,E19_5_S2,TCCGTAACATAA,13075,740.51,extrapolated
E19.5,E19_5_S2,TCCGTAACATAA,13260,741.09,extrapolated
E19.5,E19_5_S2,TCCGTAACATAA,13445,741.64,extrapolated
E19.5,E19_5_S2,TCCGTAACATAA,13630,742.16,extrapolated
E19.5,E19_5_S2,TAATTAAAGCAG,1,1.0,observed
E19.5,E19_5_S2,TAATTAAAGCAG,73,30.9,observed
E19.5,E19_5_S2,TAATTAAAGCAG,145,44.12,observed
E19.5,E19_5_S2,TAATTAAAGCAG,217,54.09,observed
E19.5,E19_5_S2,TAATTAAAGCAG,289,62.58,observed
E19.5,E19_5_S2,TAATTAAAGCAG,362,70.26,observed
E19.5,E19_5_S2,TAATTAAAGCAG,434,77.18,observed
E19.5,E19_5_S2,TAATTAAAGCAG,506,83.6,observed
E19.5,E19_5_S2,TAATTAAAGCAG,578,89.63,observed
E19.5,E19_5_S2,TAATTAAAGCAG,650,95.34,observed
E19.5,E19_5_S2,TAATTAAAGCAG,723,100.83,observed
E19.5,E19_5_S2,TAATTAAAGCAG,795,106.02,observed
E19.5,E19_5_S2,TAATTAAAGCAG,867,110.99,observed
E19.5,E19_5_S2,TAATTAAAGCAG,939,115.78,observed
E19.5,E19_5_S2,TAATTAAAGCAG,1011,120.39,observed
E19.5,E19_5_S2,TAATTAAAGCAG,1084,124.92,observed
E19.5,E19_5_S2,TAATTAAAGCAG,1156,129.25,observed
E19.5,E19_5_S2,TAATTAAAGCAG,1228,133.45,observed
E19.5,E19_5_S2,TAATTAAAGCAG,1300,137.54,observed
E19.5,E19_5_S2,TAATTAAAGCAG,1372,141.52,observed
E19.5,E19_5_S2,TAATTAAAGCAG,1445,145.45,observed
E19.5,E19_5_S2,TAATTAAAGCAG,1517,149.23,observed
E19.5,E19_5_S2,TAATTAAAGCAG,1589,152.92,observed
E19.5,E19_5_S2,TAATTAAAGCAG,1661,156.54,observed
E19.5,E19_5_S2,TAATTAAAGCAG,1733,160.07,observed
E19.5,E19_5_S2,TAATTAAAGCAG,1806,163.58,observed
E19.5,E19_5_S2,TAATTAAAGCAG,1878,166.96,observed
E19.5,E19_5_S2,TAATTAAAGCAG,1950,170.29,observed
E19.5,E19_5_S2,TAATTAAAGCAG,2022,173.55,observed
E19.5,E19_5_S2,TAATTAAAGCAG,2094,176.74,observed
E19.5,E19_5_S2,TAATTAAAGCAG,2167,179.93,observed
E19.5,E19_5_S2,TAATTAAAGCAG,2239,183.01,observed
E19.5,E19_5_S2,TAATTAAAGCAG,2311,186.05,observed
E19.5,E19_5_S2,TAATTAAAGCAG,2383,189.03,observed
E19.5,E19_5_S2,TAATTAAAGCAG,2455,191.96,observed
E19.5,E19_5_S2,TAATTAAAGCAG,2528,194.88,observed
E19.5,E19_5_S2,TAATTAAAGCAG,2600,197.72,observed
E19.5,E19_5_S2,TAATTAAAGCAG,2672,200.51,observed
E19.5,E19_5_S2,TAATTAAAGCAG,2744,203.26,observed
E19.5,E19_5_S2,TAATTAAAGCAG,2817,206.0,observed
E19.5,E19_5_S2,TAATTAAAGCAG,3007,212.94,extrapolated
E19.5,E19_5_S2,TAATTAAAGCAG,3198,219.63,extrapolated
E19.5,E19_5_S2,TAATTAAAGCAG,3389,226.05,extrapolated
E19.5,E19_5_S2,TAATTAAAGCAG,3580,232.21,extrapolated
E19.5,E19_5_S2,TAATTAAAGCAG,3771,238.12,extrapolated
E19.5,E19_5_S2,TAATTAAAGCAG,3962,243.8,extrapolated
E19.5,E19_5_S2,TAATTAAAGCAG,4153,249.24,extrapolated
E19.5,E19_5_S2,TAATTAAAGCAG,4344,254.46,extrapolated
E19.5,E19_5_S2,TAATTAAAGCAG,4535,259.47,extrapolated
E19.5,E19_5_S2,TAATTAAAGCAG,4726,264.28,extrapolated
E19.5,E19_5_S2,TAATTAAAGCAG,4917,268.89,extrapolated
E19.5,E19_5_S2,TAATTAAAGCAG,5108,273.32,extrapolated
E19.5,E19_5_S2,TAATTAAAGCAG,5299,277.57,extrapolated
E19.5,E19_5_S2,TAATTAAAGCAG,5490,281.64,extrapolated
E19.5,E19_5_S2,TAATTAAAGCAG,5681,285.55,extrapolated
E19.5,E19_5_S2,TAATTAAAGCAG,5872,289.31,extrapolated
E19.5,E19_5_S2,TAATTAAAGCAG,6063,292.91,extrapolated
E19.5,E19_5_S2,TAATTAAAGCAG,6254,296.36,extrapolated
E19.5,E19_5_S2,TAATTAAAGCAG,6445,299.67,extrapolated
E19.5,E19_5_S2,TAATTAAAGCAG,6636,302.85,extrapolated
E19.5,E19_5_S2,TAATTAAAGCAG,6827,305.91,extrapolated
E19.5,E19_5_S2,TAATTAAAGCAG,7018,308.83,extrapolated
E19.5,E19_5_S2,TAATTAAAGCAG,7209,311.64,extrapolated
E19.5,E19_5_S2,TAATTAAAGCAG,7400,314.34,extrapolated
E19.5,E19_5_S2,TAATTAAAGCAG,7591,316.92,extrapolated
E19.5,E19_5_S2,TAATTAAAGCAG,7782,319.41,extrapolated
E19.5,E19_5_S2,TAATTAAAGCAG,7973,321.79,extrapolated
E19.5,E19_5_S2,TAATTAAAGCAG,8164,324.07,extrapolated
E19.5,E19_5_S2,TAATTAAAGCAG,8355,326.26,extrapolated
E19.5,E19_5_S2,TAATTAAAGCAG,8546,328.37,extrapolated
E19.5,E19_5_S2,TAATTAAAGCAG,8737,330.38,extrapolated
E19.5,E19_5_S2,TAATTAAAGCAG,8928,332.32,extrapolated
E19.5,E19_5_S2,TAATTAAAGCAG,9119,334.18,extrapolated
E19.5,E19_5_S2,TAATTAAAGCAG,9310,335.96,extrapolated
E19.5,E19_5_S2,TAATTAAAGCAG,9501,337.67,extrapolated
E19.5,E19_5_S2,TAATTAAAGCAG,9692,339.31,extrapolated
E19.5,E19_5_S2,TAATTAAAGCAG,9883,340.89,extrapolated
E19.5,E19_5_S2,TAATTAAAGCAG,10074,342.4,extrapolated
E19.5,E19_5_S2,TAATTAAAGCAG,10265,343.85,extrapolated
E19.5,E19_5_S2,TAATTAAAGCAG,10456,345.24,extrapolated
E19.5,E19_5_S2,TAATTAAAGCAG,10647,346.58,extrapolated
E19.5,E19_5_S2,TAATTAAAGCAG,10838,347.86,extrapolated
E19.5,E19_5_S2,TAATTAAAGCAG,11029,349.09,extrapolated
E19.5,E19_5_S2,TAATTAAAGCAG,11220,350.26,extrapolated
E19.5,E19_5_S2,TAATTAAAGCAG,11411,351.4,extrapolated
E19.5,E19_5_S2,TAATTAAAGCAG,11602,352.48,extrapolated
E19.5,E19_5_S2,TAATTAAAGCAG,11793,353.52,extrapolated
E19.5,E19_5_S2,TAATTAAAGCAG,11984,354.52,extrapolated
E19.5,E19_5_S2,TAATTAAAGCAG,12175,355.48,extrapolated
E19.5,E19_5_S2,TAATTAAAGCAG,12366,356.4,extrapolated
E19.5,E19_5_S2,TAATTAAAGCAG,12557,357.28,extrapolated
E19.5,E19_5_S2,TAATTAAAGCAG,12748,358.13,extrapolated
E19.5,E19_5_S2,TAATTAAAGCAG,12939,358.94,extrapolated
E19.5,E19_5_S2,TAATTAAAGCAG,13130,359.72,extrapolated
E19.5,E19_5_S2,TAATTAAAGCAG,13321,360.47,extrapolated
E19.5,E19_5_S2,TAATTAAAGCAG,13512,361.19,extrapolated
E19.5,E19_5_S2,TAATTAAAGCAG,13703,361.88,extrapolated
E19.5,E19_5_S2,TAATTAAAGCAG,13894,362.54,extrapolated
E19.5,E19_5_S2,TAATTAAAGCAG,14085,363.18,extrapolated
E19.5,E19_5_S2,CGTGCAACAGCA,1,1.0,observed
E19.5,E19_5_S2,CGTGCAACAGCA,61,30.79,observed
E19.5,E19_5_S2,CGTGCAACAGCA,121,48.07,observed
E19.5,E19_5_S2,CGTGCAACAGCA,182,60.88,observed
E19.5,E19_5_S2,CGTGCAACAGCA,242,70.88,observed
E19.5,E19_5_S2,CGTGCAACAGCA,303,79.36,observed
E19.5,E19_5_S2,CGTGCAACAGCA,363,86.53,observed
E19.5,E19_5_S2,CGTGCAACAGCA,424,92.95,observed
E19.5,E19_5_S2,CGTGCAACAGCA,484,98.6,observed
E19.5,E19_5_S2,CGTGCAACAGCA,544,103.72,observed
E19.5,E19_5_S2,CGTGCAACAGCA,605,108.5,observed
E19.5,E19_5_S2,CGTGCAACAGCA,665,112.84,observed
E19.5,E19_5_S2,CGTGCAACAGCA,726,116.94,observed
E19.5,E19_5_S2,CGTGCAACAGCA,786,120.72,observed
E19.5,E19_5_S2,CGTGCAACAGCA,847,124.34,observed
E19.5,E19_5_S2,CGTGCAACAGCA,907,127.7,observed
E19.5,E19_5_S2,CGTGCAACAGCA,967,130.88,observed
E19.5,E19_5_S2,CGTGCAACAGCA,1028,133.97,observed
E19.5,E19_5_S2,CGTGCAACAGCA,1088,136.87,observed
E19.5,E19_5_S2,CGTGCAACAGCA,1149,139.69,observed
E19.5,E19_5_S2,CGTGCAACAGCA,1209,142.35,observed
E19.5,E19_5_S2,CGTGCAACAGCA,1270,144.95,observed
E19.5,E19_5_S2,CGTGCAACAGCA,1330,147.42,observed
E19.5,E19_5_S2,CGTGCAACAGCA,1391,149.83,observed
E19.5,E19_5_S2,CGTGCAACAGCA,1451,152.13,observed
E19.5,E19_5_S2,CGTGCAACAGCA,1511,154.36,observed
E19.5,E19_5_S2,CGTGCAACAGCA,1572,156.55,observed
E19.5,E19_5_S2,CGTGCAACAGCA,1632,158.64,observed
E19.5,E19_5_S2,CGTGCAACAGCA,1693,160.7,observed
E19.5,E19_5_S2,CGTGCAACAGCA,1753,162.67,observed
E19.5,E19_5_S2,CGTGCAACAGCA,1814,164.62,observed
E19.5,E19_5_S2,CGTGCAACAGCA,1874,166.49,observed
E19.5,E19_5_S2,CGTGCAACAGCA,1934,168.31,observed
E19.5,E19_5_S2,CGTGCAACAGCA,1995,170.12,observed
E19.5,E19_5_S2,CGTGCAACAGCA,2055,171.85,observed
E19.5,E19_5_S2,CGTGCAACAGCA,2116,173.56,observed
E19.5,E19_5_S2,CGTGCAACAGCA,2176,175.21,observed
E19.5,E19_5_S2,CGTGCAACAGCA,2237,176.85,observed
E19.5,E19_5_S2,CGTGCAACAGCA,2297,178.43,observed
E19.5,E19_5_S2,CGTGCAACAGCA,2358,180.0,observed
E19.5,E19_5_S2,CGTGCAACAGCA,2517,183.93,extrapolated
E19.5,E19_5_S2,CGTGCAACAGCA,2677,187.67,extrapolated
E19.5,E19_5_S2,CGTGCAACAGCA,2837,191.21,extrapolated
E19.5,E19_5_S2,CGTGCAACAGCA,2997,194.55,extrapolated
E19.5,E19_5_S2,CGTGCAACAGCA,3157,197.71,extrapolated
E19.5,E19_5_S2,CGTGCAACAGCA,3317,200.69,extrapolated
E19.5,E19_5_S2,CGTGCAACAGCA,3477,203.51,extrapolated
E19.5,E19_5_S2,CGTGCAACAGCA,3636,206.16,extrapolated
E19.5,E19_5_S2,CGTGCAACAGCA,3796,208.68,extrapolated
E19.5,E19_5_S2,CGTGCAACAGCA,3956,211.06,extrapolated
E19.5,E19_5_S2,CGTGCAACAGCA,4116,213.31,extrapolated
E19.5,E19_5_S2,CGTGCAACAGCA,4276,215.44,extrapolated
E19.5,E19_5_S2,CGTGCAACAGCA,4436,217.44,extrapolated
E19.5,E19_5_S2,CGTGCAACAGCA,4596,219.34,extrapolated
E19.5,E19_5_S2,CGTGCAACAGCA,4755,221.13,extrapolated
E19.5,E19_5_S2,CGTGCAACAGCA,4915,222.82,extrapolated
E19.5,E19_5_S2,CGTGCAACAGCA,5075,224.43,extrapolated
E19.5,E19_5_S2,CGTGCAACAGCA,5235,225.94,extrapolated
E19.5,E19_5_S2,CGTGCAACAGCA,5395,227.37,extrapolated
E19.5,E19_5_S2,CGTGCAACAGCA,5555,228.72,extrapolated
E19.5,E19_5_S2,CGTGCAACAGCA,5715,230.0,extrapolated
E19.5,E19_5_S2,CGTGCAACAGCA,5875,231.21,extrapolated
E19.5,E19_5_S2,CGTGCAACAGCA,6034,232.34,extrapolated
E19.5,E19_5_S2,CGTGCAACAGCA,6194,233.42,extrapolated
E19.5,E19_5_S2,CGTGCAACAGCA,6354,234.44,extrapolated
E19.5,E19_5_S2,CGTGCAACAGCA,6514,235.41,extrapolated
E19.5,E19_5_S2,CGTGCAACAGCA,6674,236.32,extrapolated
E19.5,E19_5_S2,CGTGCAACAGCA,6834,237.18,extrapolated
E19.5,E19_5_S2,CGTGCAACAGCA,6994,237.99,extrapolated
E19.5,E19_5_S2,CGTGCAACAGCA,7153,238.76,extrapolated
E19.5,E19_5_S2,CGTGCAACAGCA,7313,239.48,extrapolated
E19.5,E19_5_S2,CGTGCAACAGCA,7473,240.17,extrapolated
E19.5,E19_5_S2,CGTGCAACAGCA,7633,240.82,extrapolated
E19.5,E19_5_S2,CGTGCAACAGCA,7793,241.43,extrapolated
E19.5,E19_5_S2,CGTGCAACAGCA,7953,242.01,extrapolated
E19.5,E19_5_S2,CGTGCAACAGCA,8113,242.56,extrapolated
E19.5,E19_5_S2,CGTGCAACAGCA,8272,243.07,extrapolated
E19.5,E19_5_S2,CGTGCAACAGCA,8432,243.56,extrapolated
E19.5,E19_5_S2,CGTGCAACAGCA,8592,244.02,extrapolated
E19.5,E19_5_S2,CGTGCAACAGCA,8752,244.46,extrapolated
E19.5,E19_5_S2,CGTGCAACAGCA,8912,244.87,extrapolated
E19.5,E19_5_S2,CGTGCAACAGCA,9072,245.26,extrapolated
E19.5,E19_5_S2,CGTGCAACAGCA,9232,245.63,extrapolated
E19.5,E19_5_S2,CGTGCAACAGCA,9392,245.98,extrapolated
E19.5,E19_5_S2,CGTGCAACAGCA,9551,246.31,extrapolated
E19.5,E19_5_S2,CGTGCAACAGCA,9711,246.62,extrapolated
E19.5,E19_5_S2,CGTGCAACAGCA,9871,246.91,extrapolated
E19.5,E19_5_S2,CGTGCAACAGCA,10031,247.19,extrapolated
E19.5,E19_5_S2,CGTGCAACAGCA,10191,247.45,extrapolated
E19.5,E19_5_S2,CGTGCAACAGCA,10351,247.7,extrapolated
E19.5,E19_5_S2,CGTGCAACAGCA,10511,247.94,extrapolated
E19.5,E19_5_S2,CGTGCAACAGCA,10670,248.16,extrapolated
E19.5,E19_5_S2,CGTGCAACAGCA,10830,248.37,extrapolated
E19.5,E19_5_S2,CGTGCAACAGCA,10990,248.57,extrapolated
E19.5,E19_5_S2,CGTGCAACAGCA,11150,248.75,extrapolated
E19.5,E19_5_S2,CGTGCAACAGCA,11310,248.93,extrapolated
E19.5,E19_5_S2,CGTGCAACAGCA,11470,249.1,extrapolated
E19.5,E19_5_S2,CGTGCAACAGCA,11630,249.25,extrapolated
E19.5,E19_5_S2,CGTGCAACAGCA,11790,249.4,extrapolated
E19.5,E19_5_S2,CGTGGAAGTGTA,1,1.0,observed
E19.5,E19_5_S2,CGTGGAAGTGTA,71,55.55,observed
E19.5,E19_5_S2,CGTGGAAGTGTA,142,93.98,observed
E19.5,E19_5_S2,CGTGGAAGTGTA,213,124.03,observed
E19.5,E19_5_S2,CGTGGAAGTGTA,284,149.0,observed
E19.5,E19_5_S2,CGTGGAAGTGTA,354,170.28,observed
E19.5,E19_5_S2,CGTGGAAGTGTA,425,189.44,observed
E19.5,E19_5_S2,CGTGGAAGTGTA,496,206.74,observed
E19.5,E19_5_S2,CGTGGAAGTGTA,567,222.59,observed
E19.5,E19_5_S2,CGTGGAAGTGTA,637,237.08,observed
E19.5,E19_5_S2,CGTGGAAGTGTA,708,250.82,observed
E19.5,E19_5_S2,CGTGGAAGTGTA,779,263.75,observed
E19.5,E19_5_S2,CGTGGAAGTGTA,850,275.98,observed
E19.5,E19_5_S2,CGTGGAAGTGTA,921,287.61,observed
E19.5,E19_5_S2,CGTGGAAGTGTA,991,298.56,observed
E19.5,E19_5_S2,CGTGGAAGTGTA,1062,309.2,observed
E19.5,E19_5_S2,CGTGGAAGTGTA,1133,319.42,observed
E19.5,E19_5_S2,CGTGGAAGTGTA,1204,329.26,observed
E19.5,E19_5_S2,CGTGGAAGTGTA,1274,338.63,observed
E19.5,E19_5_S2,CGTGGAAGTGTA,1345,347.82,observed
E19.5,E19_5_S2,CGTGGAAGTGTA,1416,356.72,observed
E19.5,E19_5_S2,CGTGGAAGTGTA,1487,365.35,observed
E19.5,E19_5_S2,CGTGGAAGTGTA,1557,373.63,observed
E19.5,E19_5_S2,CGTGGAAGTGTA,1628,381.79,observed
E19.5,E19_5_S2,CGTGGAAGTGTA,1699,389.74,observed
E19.5,E19_5_S2,CGTGGAAGTGTA,1770,397.49,observed
E19.5,E19_5_S2,CGTGGAAGTGTA,1841,405.06,observed
E19.5,E19_5_S2,CGTGGAAGTGTA,1911,412.34,observed
E19.5,E19_5_S2,CGTGGAAGTGTA,1982,419.56,observed
E19.5,E19_5_S2,CGTGGAAGTGTA,2053,426.63,observed
E19.5,E19_5_S2,CGTGGAAGTGTA,2124,433.54,observed
E19.5,E19_5_S2,CGTGGAAGTGTA,2194,440.23,observed
E19.5,E19_5_S2,CGTGGAAGTGTA,2265,446.87,observed
E19.5,E19_5_S2,CGTGGAAGTGTA,2336,453.38,observed
E19.5,E19_5_S2,CGTGGAAGTGTA,2407,459.77,observed
E19.5,E19_5_S2,CGTGGAAGTGTA,2477,465.96,observed
E19.5,E19_5_S2,CGTGGAAGTGTA,2548,472.13,observed
E19.5,E19_5_S2,CGTGGAAGTGTA,2619,478.18,observed
E19.5,E19_5_S2,CGTGGAAGTGTA,2690,484.14,observed
E19.5,E19_5_S2,CGTGGAAGTGTA,2761,490.0,observed
E19.5,E19_5_S2,CGTGGAAGTGTA,2948,504.98,extrapolated
E19.5,E19_5_S2,CGTGGAAGTGTA,3135,519.34,extrapolated
E19.5,E19_5_S2,CGTGGAAGTGTA,3322,533.1,extrapolated
E19.5,E19_5_S2,CGTGGAAGTGTA,3509,546.29,extrapolated
E19.5,E19_5_S2,CGTGGAAGTGTA,3696,558.93,extrapolated
E19.5,E19_5_S2,CGTGGAAGTGTA,3884,571.1,extrapolated
E19.5,E19_5_S2,CGTGGAAGTGTA,4071,582.71,extrapolated
E19.5,E19_5_S2,CGTGGAAGTGTA,4258,593.83,extrapolated
E19.5,E19_5_S2,CGTGGAAGTGTA,4445,604.49,extrapolated
E19.5,E19_5_S2,CGTGGAAGTGTA,4632,614.7,extrapolated
E19.5,E19_5_S2,CGTGGAAGTGTA,4820,624.54,extrapolated
E19.5,E19_5_S2,CGTGGAAGTGTA,5007,633.91,extrapolated
E19.5,E19_5_S2,CGTGGAAGTGTA,5194,642.9,extrapolated
E19.5,E19_5_S2,CGTGGAAGTGTA,5381,651.51,extrapolated
E19.5,E19_5_S2,CGTGGAAGTGTA,5568,659.77,extrapolated
E19.5,E19_5_S2,CGTGGAAGTGTA,5755,667.68,extrapolated
E19.5,E19_5_S2,CGTGGAAGTGTA,5943,675.3,extrapolated
E19.5,E19_5_S2,CGTGGAAGTGTA,6130,682.56,extrapolated
E19.5,E19_5_S2,CGTGGAAGTGTA,6317,689.52,extrapolated
E19.5,E19_5_S2,CGTGGAAGTGTA,6504,696.19,extrapolated
E19.5,E19_5_S2,CGTGGAAGTGTA,6691,702.58,extrapolated
E19.5,E19_5_S2,CGTGGAAGTGTA,6879,708.73,extrapolated
E19.5,E19_5_S2,CGTGGAAGTGTA,7066,714.6,extrapolated
E19.5,E19_5_S2,CGTGGAAGTGTA,7253,720.23,extrapolated
E19.5,E19_5_S2,CGTGGAAGTGTA,7440,725.62,extrapolated
E19.5,E19_5_S2,CGTGGAAGTGTA,7627,730.78,extrapolated
E19.5,E19_5_S2,CGTGGAAGTGTA,7815,735.76,extrapolated
E19.5,E19_5_S2,CGTGGAAGTGTA,8002,740.5,extrapolated
E19.5,E19_5_S2,CGTGGAAGTGTA,8189,745.05,extrapolated
E19.5,E19_5_S2,CGTGGAAGTGTA,8376,749.4,extrapolated
E19.5,E19_5_S2,CGTGGAAGTGTA,8563,753.57,extrapolated
E19.5,E19_5_S2,CGTGGAAGTGTA,8750,757.57,extrapolated
E19.5,E19_5_S2,CGTGGAAGTGTA,8938,761.43,extrapolated
E19.5,E19_5_S2,CGTGGAAGTGTA,9125,765.1,extrapolated
E19.5,E19_5_S2,CGTGGAAGTGTA,9312,768.62,extrapolated
E19.5,E19_5_S2,CGTGGAAGTGTA,9499,771.99,extrapolated
E19.5,E19_5_S2,CGTGGAAGTGTA,9686,775.23,extrapolated
E19.5,E19_5_S2,CGTGGAAGTGTA,9874,778.34,extrapolated
E19.5,E19_5_S2,CGTGGAAGTGTA,10061,781.31,extrapolated
E19.5,E19_5_S2,CGTGGAAGTGTA,10248,784.15,extrapolated
E19.5,E19_5_S2,CGTGGAAGTGTA,10435,786.88,extrapolated
E19.5,E19_5_S2,CGTGGAAGTGTA,10622,789.49,extrapolated
E19.5,E19_5_S2,CGTGGAAGTGTA,10810,792.01,extrapolated
E19.5,E19_5_S2,CGTGGAAGTGTA,10997,794.4,extrapolated
E19.5,E19_5_S2,CGTGGAAGTGTA,11184,796.7,extrapolated
E19.5,E19_5_S2,CGTGGAAGTGTA,11371,798.91,extrapolated
E19.5,E19_5_S2,CGTGGAAGTGTA,11558,801.02,extrapolated
E19.5,E19_5_S2,CGTGGAAGTGTA,11745,803.04,extrapolated
E19.5,E19_5_S2,CGTGGAAGTGTA,11933,804.99,extrapolated
E19.5,E19_5_S2,CGTGGAAGTGTA,12120,806.85,extrapolated
E19.5,E19_5_S2,CGTGGAAGTGTA,12307,808.63,extrapolated
E19.5,E19_5_S2,CGTGGAAGTGTA,12494,810.33,extrapolated
E19.5,E19_5_S2,CGTGGAAGTGTA,12681,811.97,extrapolated
E19.5,E19_5_S2,CGTGGAAGTGTA,12869,813.54,extrapolated
E19.5,E19_5_S2,CGTGGAAGTGTA,13056,815.04,extrapolated
E19.5,E19_5_S2,CGTGGAAGTGTA,13243,816.48,extrapolated
E19.5,E19_5_S2,CGTGGAAGTGTA,13430,817.86,extrapolated
E19.5,E19_5_S2,CGTGGAAGTGTA,13617,819.18,extrapolated
E19.5,E19_5_S2,CGTGGAAGTGTA,13805,820.45,extrapolated
E19.5,E19_5_S2,ATCCCAACGATG,1,1.0,observed
E19.5,E19_5_S2,ATCCCAACGATG,70,47.86,observed
E19.5,E19_5_S2,ATCCCAACGATG,139,80.19,observed
E19.5,E19_5_S2,ATCCCAACGATG,208,105.39,observed
E19.5,E19_5_S2,ATCCCAACGATG,277,126.28,observed
E19.5,E19_5_S2,ATCCCAACGATG,346,144.31,observed
E19.5,E19_5_S2,ATCCCAACGATG,415,160.27,observed
E19.5,E19_5_S2,ATCCCAACGATG,484,174.67,observed
E19.5,E19_5_S2,ATCCCAACGATG,553,187.86,observed
E19.5,E19_5_S2,ATCCCAACGATG,622,200.06,observed
E19.5,E19_5_S2,ATCCCAACGATG,692,211.61,observed
E19.5,E19_5_S2,ATCCCAACGATG,761,222.32,observed
E19.5,E19_5_S2,ATCCCAACGATG,830,232.45,observed
E19.5,E19_5_S2,ATCCCAACGATG,899,242.08,observed
E19.5,E19_5_S2,ATCCCAACGATG,968,251.28,observed
E19.5,E19_5_S2,ATCCCAACGATG,1037,260.09,observed
E19.5,E19_5_S2,ATCCCAACGATG,1106,268.56,observed
E19.5,E19_5_S2,ATCCCAACGATG,1175,276.72,observed
E19.5,E19_5_S2,ATCCCAACGATG,1244,284.6,observed
E19.5,E19_5_S2,ATCCCAACGATG,1313,292.22,observed
E19.5,E19_5_S2,ATCCCAACGATG,1383,299.73,observed
E19.5,E19_5_S2,ATCCCAACGATG,1452,306.91,observed
E19.5,E19_5_S2,ATCCCAACGATG,1521,313.89,observed
E19.5,E19_5_S2,ATCCCAACGATG,1590,320.7,observed
E19.5,E19_5_S2,ATCCCAACGATG,1659,327.34,observed
E19.5,E19_5_S2,ATCCCAACGATG,1728,333.82,observed
E19.5,E19_5_S2,ATCCCAACGATG,1797,340.16,observed
E19.5,E19_5_S2,ATCCCAACGATG,1866,346.37,observed
E19.5,E19_5_S2,ATCCCAACGATG,1935,352.44,observed
E19.5,E19_5_S2,ATCCCAACGATG,2004,358.4,observed
E19.5,E19_5_S2,ATCCCAACGATG,2074,364.33,observed
E19.5,E19_5_S2,ATCCCAACGATG,2143,370.08,observed
E19.5,E19_5_S2,ATCCCAACGATG,2212,375.72,observed
E19.5,E19_5_S2,ATCCCAACGATG,2281,381.27,observed
E19.5,E19_5_S2,ATCCCAACGATG,2350,386.74,observed
E19.5,E19_5_S2,ATCCCAACGATG,2419,392.12,observed
E19.5,E19_5_S2,ATCCCAACGATG,2488,397.43,observed
E19.5,E19_5_S2,ATCCCAACGATG,2557,402.66,observed
E19.5,E19_5_S2,ATCCCAACGATG,2626,407.83,observed
E19.5,E19_5_S2,ATCCCAACGATG,2696,413.0,observed
E19.5,E19_5_S2,ATCCCAACGATG,2878,426.15,extrapolated
E19.5,E19_5_S2,ATCCCAACGATG,3061,438.96,extrapolated
E19.5,E19_5_S2,ATCCCAACGATG,3244,451.36,extrapolated
E19.5,E19_5_S2,ATCCCAACGATG,3427,463.37,extrapolated
E19.5,E19_5_S2,ATCCCAACGATG,3609,474.93,extrapolated
E19.5,E19_5_S2,ATCCCAACGATG,3792,486.19,extrapolated
E19.5,E19_5_S2,ATCCCAACGATG,3975,497.1,extrapolated
E19.5,E19_5_S2,ATCCCAACGATG,4158,507.65,extrapolated
E19.5,E19_5_S2,ATCCCAACGATG,4341,517.87,extrapolated
E19.5,E19_5_S2,ATCCCAACGATG,4523,527.72,extrapolated
E19.5,E19_5_S2,ATCCCAACGATG,4706,537.3,extrapolated
E19.5,E19_5_S2,ATCCCAACGATG,4889,546.59,extrapolated
E19.5,E19_5_S2,ATCCCAACGATG,5072,555.57,extrapolated
E19.5,E19_5_S2,ATCCCAACGATG,5254,564.23,extrapolated
E19.5,E19_5_S2,ATCCCAACGATG,5437,572.66,extrapolated
E19.5,E19_5_S2,ATCCCAACGATG,5620,580.82,extrapolated
E19.5,E19_5_S2,ATCCCAACGATG,5803,588.72,extrapolated
E19.5,E19_5_S2,ATCCCAACGATG,5986,596.37,extrapolated
E19.5,E19_5_S2,ATCCCAACGATG,6168,603.74,extrapolated
E19.5,E19_5_S2,ATCCCAACGATG,6351,610.91,extrapolated
E19.5,E19_5_S2,ATCCCAACGATG,6534,617.86,extrapolated
E19.5,E19_5_S2,ATCCCAACGATG,6717,624.58,extrapolated
E19.5,E19_5_S2,ATCCCAACGATG,6899,631.06,extrapolated
E19.5,E19_5_S2,ATCCCAACGATG,7082,637.37,extrapolated
E19.5,E19_5_S2,ATCCCAACGATG,7265,643.48,extrapolated
E19.5,E19_5_S2,ATCCCAACGATG,7448,649.39,extrapolated
E19.5,E19_5_S2,ATCCCAACGATG,7631,655.12,extrapolated
E19.5,E19_5_S2,ATCCCAACGATG,7813,660.63,extrapolated
E19.5,E19_5_S2,ATCCCAACGATG,7996,666.0,extrapolated
E19.5,E19_5_S2,ATCCCAACGATG,8179,671.2,extrapolated
E19.5,E19_5_S2,ATCCCAACGATG,8362,676.23,extrapolated
E19.5,E19_5_S2,ATCCCAACGATG,8544,681.08,extrapolated
E19.5,E19_5_S2,ATCCCAACGATG,8727,685.8,extrapolated
E19.5,E19_5_S2,ATCCCAACGATG,8910,690.37,extrapolated
E19.5,E19_5_S2,ATCCCAACGATG,9093,694.8,extrapolated
E19.5,E19_5_S2,ATCCCAACGATG,9276,699.09,extrapolated
E19.5,E19_5_S2,ATCCCAACGATG,9458,703.21,extrapolated
E19.5,E19_5_S2,ATCCCAACGATG,9641,707.23,extrapolated
E19.5,E19_5_S2,ATCCCAACGATG,9824,711.12,extrapolated
E19.5,E19_5_S2,ATCCCAACGATG,10007,714.89,extrapolated
E19.5,E19_5_S2,ATCCCAACGATG,10189,718.52,extrapolated
E19.5,E19_5_S2,ATCCCAACGATG,10372,722.05,extrapolated
E19.5,E19_5_S2,ATCCCAACGATG,10555,725.47,extrapolated
E19.5,E19_5_S2,ATCCCAACGATG,10738,728.79,extrapolated
E19.5,E19_5_S2,ATCCCAACGATG,10921,731.99,extrapolated
E19.5,E19_5_S2,ATCCCAACGATG,11103,735.08,extrapolated
E19.5,E19_5_S2,ATCCCAACGATG,11286,738.09,extrapolated
E19.5,E19_5_S2,ATCCCAACGATG,11469,741.0,extrapolated
E19.5,E19_5_S2,ATCCCAACGATG,11652,743.82,extrapolated
E19.5,E19_5_S2,ATCCCAACGATG,11834,746.54,extrapolated
E19.5,E19_5_S2,ATCCCAACGATG,12017,749.18,extrapolated
E19.5,E19_5_S2,ATCCCAACGATG,12200,751.75,extrapolated
E19.5,E19_5_S2,ATCCCAACGATG,12383,754.22,extrapolated
E19.5,E19_5_S2,ATCCCAACGATG,12566,756.63,extrapolated
E19.5,E19_5_S2,ATCCCAACGATG,12748,758.94,extrapolated
E19.5,E19_5_S2,ATCCCAACGATG,12931,761.19,extrapolated
E19.5,E19_5_S2,ATCCCAACGATG,13114,763.37,extrapolated
E19.5,E19_5_S2,ATCCCAACGATG,13297,765.48,extrapolated
E19.5,E19_5_S2,ATCCCAACGATG,13480,767.52,extrapolated
E19.5,E19_5_S2,TTGGCAACCTCG,1,1.0,observed
E19.5,E19_5_S2,TTGGCAACCTCG,66,52.35,observed
E19.5,E19_5_S2,TTGGCAACCTCG,131,88.82,observed
E19.5,E19_5_S2,TTGGCAACCTCG,197,118.04,observed
E19.5,E19_5_S2,TTGGCAACCTCG,262,141.97,observed
E19.5,E19_5_S2,TTGGCAACCTCG,327,162.59,observed
E19.5,E19_5_S2,TTGGCAACCTCG,393,181.06,observed
E19.5,E19_5_S2,TTGGCAACCTCG,458,197.38,observed
E19.5,E19_5_S2,TTGGCAACCTCG,523,212.24,observed
E19.5,E19_5_S2,TTGGCAACCTCG,589,226.13,observed
E19.5,E19_5_S2,TTGGCAACCTCG,654,238.82,observed
E19.5,E19_5_S2,TTGGCAACCTCG,719,250.69,observed
E19.5,E19_5_S2,TTGGCAACCTCG,785,262.03,observed
E19.5,E19_5_S2,TTGGCAACCTCG,850,272.58,observed
E19.5,E19_5_S2,TTGGCAACCTCG,916,282.74,observed
E19.5,E19_5_S2,TTGGCAACCTCG,981,292.29,observed
E19.5,E19_5_S2,TTGGCAACCTCG,1046,301.41,observed
E19.5,E19_5_S2,TTGGCAACCTCG,1112,310.29,observed
E19.5,E19_5_S2,TTGGCAACCTCG,1177,318.7,observed
E19.5,E19_5_S2,TTGGCAACCTCG,1242,326.79,observed
E19.5,E19_5_S2,TTGGCAACCTCG,1308,334.72,observed
E19.5,E19_5_S2,TTGGCAACCTCG,1373,342.28,observed
E19.5,E19_5_S2,TTGGCAACCTCG,1438,349.59,observed
E19.5,E19_5_S2,TTGGCAACCTCG,1504,356.78,observed
E19.5,E19_5_S2,TTGGCAACCTCG,1569,363.66,observed
E19.5,E19_5_S2,TTGGCAACCTCG,1634,370.35,observed
E19.5,E19_5_S2,TTGGCAACCTCG,1700,376.95,observed
E19.5,E19_5_S2,TTGGCAACCTCG,1765,383.28,observed
E19.5,E19_5_S2,TTGGCAACCTCG,1831,389.54,observed
E19.5,E19_5_S2,TTGGCAACCTCG,1896,395.56,observed
E19.5,E19_5_S2,TTGGCAACCTCG,1961,401.43,observed
E19.5,E19_5_S2,TTGGCAACCTCG,2027,407.24,observed
E19.5,E19_5_S2,TTGGCAACCTCG,2092,412.84,observed
E19.5,E19_5_S2,TTGGCAACCTCG,2157,418.31,observed
E19.5,E19_5_S2,TTGGCAACCTCG,2223,423.75,observed
E19.5,E19_5_S2,TTGGCAACCTCG,2288,428.98,observed
E19.5,E19_5_S2,TTGGCAACCTCG,2353,434.1,observed
E19.5,E19_5_S2,TTGGCAACCTCG,2419,439.2,observed
E19.5,E19_5_S2,TTGGCAACCTCG,2484,444.11,observed
E19.5,E19_5_S2,TTGGCAACCTCG,2550,449.0,observed
E19.5,E19_5_S2,TTGGCAACCTCG,2722,461.29,extrapolated
E19.5,E19_5_S2,TTGGCAACCTCG,2895,473.01,extrapolated
E19.5,E19_5_S2,TTGGCAACCTCG,3068,484.12,extrapolated
E19.5,E19_5_S2,TTGGCAACCTCG,3241,494.66,extrapolated
E19.5,E19_5_S2,TTGGCAACCTCG,3414,504.66,extrapolated
E19.5,E19_5_S2,TTGGCAACCTCG,3587,514.14,extrapolated
E19.5,E19_5_S2,TTGGCAACCTCG,3760,523.14,extrapolated
E19.5,E19_5_S2,TTGGCAACCTCG,3933,531.67,extrapolated
E19.5,E19_5_S2,TTGGCAACCTCG,4105,539.71,extrapolated
E19.5,E19_5_S2,TTGGCAACCTCG,4278,547.38,extrapolated
E19.5,E19_5_S2,TTGGCAACCTCG,4451,554.66,extrapolated
E19.5,E19_5_S2,TTGGCAACCTCG,4624,561.56,extrapolated
E19.5,E19_5_S2,TTGGCAACCTCG,4797,568.11,extrapolated
E19.5,E19_5_S2,TTGGCAACCTCG,4970,574.32,extrapolated
E19.5,E19_5_S2,TTGGCAACCTCG,5143,580.21,extrapolated
E19.5,E19_5_S2,TTGGCAACCTCG,5316,585.79,extrapolated
E19.5,E19_5_S2,TTGGCAACCTCG,5488,591.06,extrapolated
E19.5,E19_5_S2,TTGGCAACCTCG,5661,596.08,extrapolated
E19.5,E19_5_S2,TTGGCAACCTCG,5834,600.84,extrapolated
E19.5,E19_5_S2,TTGGCAACCTCG,6007,605.36,extrapolated
E19.5,E19_5_S2,TTGGCAACCTCG,6180,609.65,extrapolated
E19.5,E19_5_S2,TTGGCAACCTCG,6353,613.71,extrapolated
E19.5,E19_5_S2,TTGGCAACCTCG,6526,617.57,extrapolated
E19.5,E19_5_S2,TTGGCAACCTCG,6699,621.23,extrapolated
E19.5,E19_5_S2,TTGGCAACCTCG,6872,624.69,extrapolated
E19.5,E19_5_S2,TTGGCAACCTCG,7044,627.96,extrapolated
E19.5,E19_5_S2,TTGGCAACCTCG,7217,631.08,extrapolated
E19.5,E19_5_S2,TTGGCAACCTCG,7390,634.04,extrapolated
E19.5,E19_5_S2,TTGGCAACCTCG,7563,636.85,extrapolated
E19.5,E19_5_S2,TTGGCAACCTCG,7736,639.51,extrapolated
E19.5,E19_5_S2,TTGGCAACCTCG,7909,642.03,extrapolated
E19.5,E19_5_S2,TTGGCAACCTCG,8082,644.43,extrapolated
E19.5,E19_5_S2,TTGGCAACCTCG,8255,646.7,extrapolated
E19.5,E19_5_S2,TTGGCAACCTCG,8427,648.84,extrapolated
E19.5,E19_5_S2,TTGGCAACCTCG,8600,650.88,extrapolated
E19.5,E19_5_S2,TTGGCAACCTCG,8773,652.82,extrapolated
E19.5,E19_5_S2,TTGGCAACCTCG,8946,654.65,extrapolated
E19.5,E19_5_S2,TTGGCAACCTCG,9119,656.4,extrapolated
E19.5,E19_5_S2,TTGGCAACCTCG,9292,658.05,extrapolated
E19.5,E19_5_S2,TTGGCAACCTCG,9465,659.62,extrapolated
E19.5,E19_5_S2,TTGGCAACCTCG,9638,661.1,extrapolated
E19.5,E19_5_S2,TTGGCAACCTCG,9811,662.51,extrapolated
E19.5,E19_5_S2,TTGGCAACCTCG,9983,663.84,extrapolated
E19.5,E19_5_S2,TTGGCAACCTCG,10156,665.11,extrapolated
E19.5,E19_5_S2,TTGGCAACCTCG,10329,666.31,extrapolated
E19.5,E19_5_S2,TTGGCAACCTCG,10502,667.45,extrapolated
E19.5,E19_5_S2,TTGGCAACCTCG,10675,668.54,extrapolated
E19.5,E19_5_S2,TTGGCAACCTCG,10848,669.56,extrapolated
E19.5,E19_5_S2,TTGGCAACCTCG,11021,670.53,extrapolated
E19.5,E19_5_S2,TTGGCAACCTCG,11194,671.46,extrapolated
E19.5,E19_5_S2,TTGGCAACCTCG,11366,672.33,extrapolated
E19.5,E19_5_S2,TTGGCAACCTCG,11539,673.16,extrapolated
E19.5,E19_5_S2,TTGGCAACCTCG,11712,673.95,extrapolated
E19.5,E19_5_S2,TTGGCAACCTCG,11885,674.69,extrapolated
E19.5,E19_5_S2,TTGGCAACCTCG,12058,675.4,extrapolated
E19.5,E19_5_S2,TTGGCAACCTCG,12231,676.07,extrapolated
E19.5,E19_5_S2,TTGGCAACCTCG,12404,676.71,extrapolated
E19.5,E19_5_S2,TTGGCAACCTCG,12577,677.31,extrapolated
E19.5,E19_5_S2,TTGGCAACCTCG,12750,677.89,extrapolated
E19.5,E19_5_S2,TGGAGAAATCGA,1,1.0,observed
E19.5,E19_5_S2,TGGAGAAATCGA,68,57.11,observed
E19.5,E19_5_S2,TGGAGAAATCGA,135,101.32,observed
E19.5,E19_5_S2,TGGAGAAATCGA,202,139.39,observed
E19.5,E19_5_S2,TGGAGAAATCGA,269,173.43,observed
E19.5,E19_5_S2,TGGAGAAATCGA,337,204.96,observed
E19.5,E19_5_S2,TGGAGAAATCGA,404,233.68,observed
E19.5,E19_5_S2,TGGAGAAATCGA,471,260.5,observed
E19.5,E19_5_S2,TGGAGAAATCGA,538,285.73,observed
E19.5,E19_5_S2,TGGAGAAATCGA,605,309.59,observed
E19.5,E19_5_S2,TGGAGAAATCGA,673,332.59,observed
E19.5,E19_5_S2,TGGAGAAATCGA,740,354.2,observed
E19.5,E19_5_S2,TGGAGAAATCGA,807,374.88,observed
E19.5,E19_5_S2,TGGAGAAATCGA,874,394.72,observed
E19.5,E19_5_S2,TGGAGAAATCGA,941,413.81,observed
E19.5,E19_5_S2,TGGAGAAATCGA,1009,432.48,observed
E19.5,E19_5_S2,TGGAGAAATCGA,1076,450.26,observed
E19.5,E19_5_S2,TGGAGAAATCGA,1143,467.46,observed
E19.5,E19_5_S2,TGGAGAAATCGA,1210,484.14,observed
E19.5,E19_5_S2,TGGAGAAATCGA,1277,500.33,observed
E19.5,E19_5_S2,TGGAGAAATCGA,1345,516.31,observed
E19.5,E19_5_S2,TGGAGAAATCGA,1412,531.62,observed
E19.5,E19_5_S2,TGGAGAAATCGA,1479,546.55,observed
E19.5,E19_5_S2,TGGAGAAATCGA,1546,561.12,observed
E19.5,E19_5_S2,TGGAGAAATCGA,1613,575.34,observed
E19.5,E19_5_S2,TGGAGAAATCGA,1681,589.44,observed
E19.5,E19_5_S2,TGGAGAAATCGA,1748,603.04,observed
E19.5,E19_5_S2,TGGAGAAATCGA,1815,616.35,observed
E19.5,E19_5_S2,TGGAGAAATCGA,1882,629.39,observed
E19.5,E19_5_S2,TGGAGAAATCGA,1949,642.17,observed
E19.5,E19_5_S2,TGGAGAAATCGA,2017,654.9,observed
E19.5,E19_5_S2,TGGAGAAATCGA,2084,667.21,observed
E19.5,E19_5_S2,TGGAGAAATCGA,2151,679.3,observed
E19.5,E19_5_S2,TGGAGAAATCGA,2218,691.19,observed
E19.5,E19_5_S2,TGGAGAAATCGA,2285,702.87,observed
E19.5,E19_5_S2,TGGAGAAATCGA,2353,714.55,observed
E19.5,E19_5_S2,TGGAGAAATCGA,2420,725.87,observed
E19.5,E19_5_S2,TGGAGAAATCGA,2487,737.02,observed
E19.5,E19_5_S2,TGGAGAAATCGA,2554,748.01,observed
E19.5,E19_5_S2,TGGAGAAATCGA,2622,759.0,observed
E19.5,E19_5_S2,TGGAGAAATCGA,2799,786.91,extrapolated
E19.5,E19_5_S2,TGGAGAAATCGA,2977,813.97,extrapolated
E19.5,E19_5_S2,TGGAGAAATCGA,3155,840.07,extrapolated
E19.5,E19_5_S2,TGGAGAAATCGA,3333,865.23,extrapolated
E19.5,E19_5_S2,TGGAGAAATCGA,3510,889.35,extrapolated
E19.5,E19_5_S2,TGGAGAAATCGA,3688,912.75,extrapolated
E19.5,E19_5_S2,TGGAGAAATCGA,3866,935.31,extrapolated
E19.5,E19_5_S2,TGGAGAAATCGA,4044,957.06,extrapolated
E19.5,E19_5_S2,TGGAGAAATCGA,4221,977.92,extrapolated
E19.5,E19_5_S2,TGGAGAAATCGA,4399,998.15,extrapolated
E19.5,E19_5_S2,TGGAGAAATCGA,4577,1017.65,extrapolated
E19.5,E19_5_S2,TGGAGAAATCGA,4755,1036.45,extrapolated
E19.5,E19_5_S2,TGGAGAAATCGA,4932,1054.48,extrapolated
E19.5,E19_5_S2,TGGAGAAATCGA,5110,1071.97,extrapolated
E19.5,E19_5_S2,TGGAGAAATCGA,5288,1088.83,extrapolated
E19.5,E19_5_S2,TGGAGAAATCGA,5466,1105.08,extrapolated
E19.5,E19_5_S2,TGGAGAAATCGA,5643,1120.67,extrapolated
E19.5,E19_5_S2,TGGAGAAATCGA,5821,1135.79,extrapolated
E19.5,E19_5_S2,TGGAGAAATCGA,5999,1150.36,extrapolated
E19.5,E19_5_S2,TGGAGAAATCGA,6177,1164.42,extrapolated
E19.5,E19_5_S2,TGGAGAAATCGA,6355,1177.97,extrapolated
E19.5,E19_5_S2,TGGAGAAATCGA,6532,1190.96,extrapolated
E19.5,E19_5_S2,TGGAGAAATCGA,6710,1203.56,extrapolated
E19.5,E19_5_S2,TGGAGAAATCGA,6888,1215.71,extrapolated
E19.5,E19_5_S2,TGGAGAAATCGA,7066,1227.42,extrapolated
E19.5,E19_5_S2,TGGAGAAATCGA,7243,1238.66,extrapolated
E19.5,E19_5_S2,TGGAGAAATCGA,7421,1249.55,extrapolated
E19.5,E19_5_S2,TGGAGAAATCGA,7599,1260.05,extrapolated
E19.5,E19_5_S2,TGGAGAAATCGA,7777,1270.18,extrapolated
E19.5,E19_5_S2,TGGAGAAATCGA,7954,1279.89,extrapolated
E19.5,E19_5_S2,TGGAGAAATCGA,8132,1289.31,extrapolated
E19.5,E19_5_S2,TGGAGAAATCGA,8310,1298.39,extrapolated
E19.5,E19_5_S2,TGGAGAAATCGA,8488,1307.14,extrapolated
E19.5,E19_5_S2,TGGAGAAATCGA,8665,1315.54,extrapolated
E19.5,E19_5_S2,TGGAGAAATCGA,8843,1323.68,extrapolated
E19.5,E19_5_S2,TGGAGAAATCGA,9021,1331.53,extrapolated
E19.5,E19_5_S2,TGGAGAAATCGA,9199,1339.09,extrapolated
E19.5,E19_5_S2,TGGAGAAATCGA,9376,1346.35,extrapolated
E19.5,E19_5_S2,TGGAGAAATCGA,9554,1353.39,extrapolated
E19.5,E19_5_S2,TGGAGAAATCGA,9732,1360.18,extrapolated
E19.5,E19_5_S2,TGGAGAAATCGA,9910,1366.72,extrapolated
E19.5,E19_5_S2,TGGAGAAATCGA,10088,1373.03,extrapolated
E19.5,E19_5_S2,TGGAGAAATCGA,10265,1379.08,extrapolated
E19.5,E19_5_S2,TGGAGAAATCGA,10443,1384.94,extrapolated
E19.5,E19_5_S2,TGGAGAAATCGA,10621,1390.6,extrapolated
E19.5,E19_5_S2,TGGAGAAATCGA,10799,1396.05,extrapolated
E19.5,E19_5_S2,TGGAGAAATCGA,10976,1401.28,extrapolated
E19.5,E19_5_S2,TGGAGAAATCGA,11154,1406.35,extrapolated
E19.5,E19_5_S2,TGGAGAAATCGA,11332,1411.24,extrapolated
E19.5,E19_5_S2,TGGAGAAATCGA,11510,1415.96,extrapolated
E19.5,E19_5_S2,TGGAGAAATCGA,11687,1420.48,extrapolated
E19.5,E19_5_S2,TGGAGAAATCGA,11865,1424.86,extrapolated
E19.5,E19_5_S2,TGGAGAAATCGA,12043,1429.09,extrapolated
E19.5,E19_5_S2,TGGAGAAATCGA,12221,1433.17,extrapolated
E19.5,E19_5_S2,TGGAGAAATCGA,12398,1437.07,extrapolated
E19.5,E19_5_S2,TGGAGAAATCGA,12576,1440.86,extrapolated
E19.5,E19_5_S2,TGGAGAAATCGA,12754,1444.52,extrapolated
E19.5,E19_5_S2,TGGAGAAATCGA,12932,1448.04,extrapolated
E19.5,E19_5_S2,TGGAGAAATCGA,13110,1451.44,extrapolated
E19.5,E19_5_S2,AGGGGAAAGGGA,1,1.0,observed
E19.5,E19_5_S2,AGGGGAAAGGGA,67,54.96,observed
E19.5,E19_5_S2,AGGGGAAAGGGA,133,97.52,observed
E19.5,E19_5_S2,AGGGGAAAGGGA,199,134.07,observed
E19.5,E19_5_S2,AGGGGAAAGGGA,266,166.99,observed
E19.5,E19_5_S2,AGGGGAAAGGGA,332,196.32,observed
E19.5,E19_5_S2,AGGGGAAAGGGA,398,223.24,observed
E19.5,E19_5_S2,AGGGGAAAGGGA,464,248.18,observed
E19.5,E19_5_S2,AGGGGAAAGGGA,531,271.83,observed
E19.5,E19_5_S2,AGGGGAAAGGGA,597,293.73,observed
E19.5,E19_5_S2,AGGGGAAAGGGA,663,314.44,observed
E19.5,E19_5_S2,AGGGGAAAGGGA,729,334.1,observed
E19.5,E19_5_S2,AGGGGAAAGGGA,796,353.14,observed
E19.5,E19_5_S2,AGGGGAAAGGGA,862,371.09,observed
E19.5,E19_5_S2,AGGGGAAAGGGA,928,388.31,observed
E19.5,E19_5_S2,AGGGGAAAGGGA,994,404.89,observed
E19.5,E19_5_S2,AGGGGAAAGGGA,1061,421.13,observed
E19.5,E19_5_S2,AGGGGAAAGGGA,1127,436.59,observed
E19.5,E19_5_S2,AGGGGAAAGGGA,1193,451.57,observed
E19.5,E19_5_S2,AGGGGAAAGGGA,1259,466.1,observed
E19.5,E19_5_S2,AGGGGAAAGGGA,1326,480.42,observed
E19.5,E19_5_S2,AGGGGAAAGGGA,1392,494.15,observed
E19.5,E19_5_S2,AGGGGAAAGGGA,1458,507.53,observed
E19.5,E19_5_S2,AGGGGAAAGGGA,1524,520.57,observed
E19.5,E19_5_S2,AGGGGAAAGGGA,1591,533.49,observed
E19.5,E19_5_S2,AGGGGAAAGGGA,1657,545.92,observed
E19.5,E19_5_S2,AGGGGAAAGGGA,1723,558.08,observed
E19.5,E19_5_S2,AGGGGAAAGGGA,1789,569.97,observed
E19.5,E19_5_S2,AGGGGAAAGGGA,1856,581.8,observed
E19.5,E19_5_S2,AGGGGAAAGGGA,1922,593.21,observed
E19.5,E19_5_S2,AGGGGAAAGGGA,1988,604.39,observed
E19.5,E19_5_S2,AGGGGAAAGGGA,2054,615.37,observed
E19.5,E19_5_S2,AGGGGAAAGGGA,2121,626.3,observed
E19.5,E19_5_S2,AGGGGAAAGGGA,2187,636.88,observed
E19.5,E19_5_S2,AGGGGAAAGGGA,2253,647.27,observed
E19.5,E19_5_S2,AGGGGAAAGGGA,2319,657.49,observed
E19.5,E19_5_S2,AGGGGAAAGGGA,2386,667.68,observed
E19.5,E19_5_S2,AGGGGAAAGGGA,2452,677.56,observed
E19.5,E19_5_S2,AGGGGAAAGGGA,2518,687.28,observed
E19.5,E19_5_S2,AGGGGAAAGGGA,2585,697.0,observed
E19.5,E19_5_S2,AGGGGAAAGGGA,2760,721.68,extrapolated
E19.5,E19_5_S2,AGGGGAAAGGGA,2935,745.38,extrapolated
E19.5,E19_5_S2,AGGGGAAAGGGA,3110,768.14,extrapolated
E19.5,E19_5_S2,AGGGGAAAGGGA,3286,790.13,extrapolated
E19.5,E19_5_S2,AGGGGAAAGGGA,3461,811.12,extrapolated
E19.5,E19_5_S2,AGGGGAAAGGGA,3636,831.28,extrapolated
E19.5,E19_5_S2,AGGGGAAAGGGA,3811,850.64,extrapolated
E19.5,E19_5_S2,AGGGGAAAGGGA,3987,869.33,extrapolated
E19.5,E19_5_S2,AGGGGAAAGGGA,4162,887.19,extrapolated
E19.5,E19_5_S2,AGGGGAAAGGGA,4337,904.33,extrapolated
E19.5,E19_5_S2,AGGGGAAAGGGA,4512,920.8,extrapolated
E19.5,E19_5_S2,AGGGGAAAGGGA,4688,936.71,extrapolated
E19.5,E19_5_S2,AGGGGAAAGGGA,4863,951.89,extrapolated
E19.5,E19_5_S2,AGGGGAAAGGGA,5038,966.47,extrapolated
E19.5,E19_5_S2,AGGGGAAAGGGA,5213,980.48,extrapolated
E19.5,E19_5_S2,AGGGGAAAGGGA,5389,994.01,extrapolated
E19.5,E19_5_S2,AGGGGAAAGGGA,5564,1006.92,extrapolated
E19.5,E19_5_S2,AGGGGAAAGGGA,5739,1019.33,extrapolated
E19.5,E19_5_S2,AGGGGAAAGGGA,5914,1031.24,extrapolated
E19.5,E19_5_S2,AGGGGAAAGGGA,6090,1042.74,extrapolated
E19.5,E19_5_S2,AGGGGAAAGGGA,6265,1053.73,extrapolated
E19.5,E19_5_S2,AGGGGAAAGGGA,6440,1064.28,extrapolated
E19.5,E19_5_S2,AGGGGAAAGGGA,6615,1074.41,extrapolated
E19.5,E19_5_S2,AGGGGAAAGGGA,6791,1084.2,extrapolated
E19.5,E19_5_S2,AGGGGAAAGGGA,6966,1093.54,extrapolated
E19.5,E19_5_S2,AGGGGAAAGGGA,7141,1102.51,extrapolated
E19.5,E19_5_S2,AGGGGAAAGGGA,7316,1111.13,extrapolated
E19.5,E19_5_S2,AGGGGAAAGGGA,7492,1119.46,extrapolated
E19.5,E19_5_S2,AGGGGAAAGGGA,7667,1127.4,extrapolated
E19.5,E19_5_S2,AGGGGAAAGGGA,7842,1135.04,extrapolated
E19.5,E19_5_S2,AGGGGAAAGGGA,8017,1142.37,extrapolated
E19.5,E19_5_S2,AGGGGAAAGGGA,8193,1149.44,extrapolated
E19.5,E19_5_S2,AGGGGAAAGGGA,8368,1156.2,extrapolated
E19.5,E19_5_S2,AGGGGAAAGGGA,8543,1162.7,extrapolated
E19.5,E19_5_S2,AGGGGAAAGGGA,8718,1168.93,extrapolated
E19.5,E19_5_S2,AGGGGAAAGGGA,8894,1174.95,extrapolated
E19.5,E19_5_S2,AGGGGAAAGGGA,9069,1180.7,extrapolated
E19.5,E19_5_S2,AGGGGAAAGGGA,9244,1186.22,extrapolated
E19.5,E19_5_S2,AGGGGAAAGGGA,9419,1191.52,extrapolated
E19.5,E19_5_S2,AGGGGAAAGGGA,9595,1196.65,extrapolated
E19.5,E19_5_S2,AGGGGAAAGGGA,9770,1201.54,extrapolated
E19.5,E19_5_S2,AGGGGAAAGGGA,9945,1206.23,extrapolated
E19.5,E19_5_S2,AGGGGAAAGGGA,10120,1210.74,extrapolated
E19.5,E19_5_S2,AGGGGAAAGGGA,10296,1215.1,extrapolated
E19.5,E19_5_S2,AGGGGAAAGGGA,10471,1219.26,extrapolated
E19.5,E19_5_S2,AGGGGAAAGGGA,10646,1223.25,extrapolated
E19.5,E19_5_S2,AGGGGAAAGGGA,10821,1227.09,extrapolated
E19.5,E19_5_S2,AGGGGAAAGGGA,10997,1230.79,extrapolated
E19.5,E19_5_S2,AGGGGAAAGGGA,11172,1234.33,extrapolated
E19.5,E19_5_S2,AGGGGAAAGGGA,11347,1237.73,extrapolated
E19.5,E19_5_S2,AGGGGAAAGGGA,11522,1240.99,extrapolated
E19.5,E19_5_S2,AGGGGAAAGGGA,11698,1244.14,extrapolated
E19.5,E19_5_S2,AGGGGAAAGGGA,11873,1247.15,extrapolated
E19.5,E19_5_S2,AGGGGAAAGGGA,12048,1250.04,extrapolated
E19.5,E19_5_S2,AGGGGAAAGGGA,12223,1252.82,extrapolated
E19.5,E19_5_S2,AGGGGAAAGGGA,12399,1255.5,extrapolated
E19.5,E19_5_S2,AGGGGAAAGGGA,12574,1258.05,extrapolated
E19.5,E19_5_S2,AGGGGAAAGGGA,12749,1260.51,extrapolated
E19.5,E19_5_S2,AGGGGAAAGGGA,12925,1262.89,extrapolated
E19.5,E19_5_S2,GATGCAAGGGGG,1,1.0,observed
E19.5,E19_5_S2,GATGCAAGGGGG,54,46.74,observed
E19.5,E19_5_S2,GATGCAAGGGGG,107,82.78,observed
E19.5,E19_5_S2,GATGCAAGGGGG,160,113.04,observed
E19.5,E19_5_S2,GATGCAAGGGGG,213,139.47,observed
E19.5,E19_5_S2,GATGCAAGGGGG,266,163.17,observed
E19.5,E19_5_S2,GATGCAAGGGGG,319,184.77,observed
E19.5,E19_5_S2,GATGCAAGGGGG,372,204.7,observed
E19.5,E19_5_S2,GATGCAAGGGGG,425,223.26,observed
E19.5,E19_5_S2,GATGCAAGGGGG,478,240.66,observed
E19.5,E19_5_S2,GATGCAAGGGGG,531,257.06,observed
E19.5,E19_5_S2,GATGCAAGGGGG,584,272.6,observed
E19.5,E19_5_S2,GATGCAAGGGGG,637,287.38,observed
E19.5,E19_5_S2,GATGCAAGGGGG,690,301.48,observed
E19.5,E19_5_S2,GATGCAAGGGGG,743,314.98,observed
E19.5,E19_5_S2,GATGCAAGGGGG,796,327.94,observed
E19.5,E19_5_S2,GATGCAAGGGGG,849,340.4,observed
E19.5,E19_5_S2,GATGCAAGGGGG,902,352.42,observed
E19.5,E19_5_S2,GATGCAAGGGGG,955,364.03,observed
E19.5,E19_5_S2,GATGCAAGGGGG,1008,375.27,observed
E19.5,E19_5_S2,GATGCAAGGGGG,1061,386.17,observed
E19.5,E19_5_S2,GATGCAAGGGGG,1114,396.75,observed
E19.5,E19_5_S2,GATGCAAGGGGG,1167,407.04,observed
E19.5,E19_5_S2,GATGCAAGGGGG,1220,417.06,observed
E19.5,E19_5_S2,GATGCAAGGGGG,1273,426.83,observed
E19.5,E19_5_S2,GATGCAAGGGGG,1326,436.36,observed
E19.5,E19_5_S2,GATGCAAGGGGG,1379,445.68,observed
E19.5,E19_5_S2,GATGCAAGGGGG,1432,454.78,observed
E19.5,E19_5_S2,GATGCAAGGGGG,1485,463.7,observed
E19.5,E19_5_S2,GATGCAAGGGGG,1538,472.44,observed
E19.5,E19_5_S2,GATGCAAGGGGG,1591,481.0,observed
E19.5,E19_5_S2,GATGCAAGGGGG,1644,489.41,observed
E19.5,E19_5_S2,GATGCAAGGGGG,1697,497.66,observed
E19.5,E19_5_S2,GATGCAAGGGGG,1750,505.78,observed
E19.5,E19_5_S2,GATGCAAGGGGG,1803,513.76,observed
E19.5,E19_5_S2,GATGCAAGGGGG,1856,521.61,observed
E19.5,E19_5_S2,GATGCAAGGGGG,1909,529.34,observed
E19.5,E19_5_S2,GATGCAAGGGGG,1962,536.95,observed
E19.5,E19_5_S2,GATGCAAGGGGG,2015,544.46,observed
E19.5,E19_5_S2,GATGCAAGGGGG,2069,552.0,observed
E19.5,E19_5_S2,GATGCAAGGGGG,2209,571.08,extrapolated
E19.5,E19_5_S2,GATGCAAGGGGG,2349,589.49,extrapolated
E19.5,E19_5_S2,GATGCAAGGGGG,2489,607.27,extrapolated
E19.5,E19_5_S2,GATGCAAGGGGG,2630,624.55,extrapolated
E19.5,E19_5_S2,GATGCAAGGGGG,2770,641.1,extrapolated
E19.5,E19_5_S2,GATGCAAGGGGG,2910,657.08,extrapolated
E19.5,E19_5_S2,GATGCAAGGGGG,3050,672.51,extrapolated
E19.5,E19_5_S2,GATGCAAGGGGG,3191,687.5,extrapolated
E19.5,E19_5_S2,GATGCAAGGGGG,3331,701.87,extrapolated
E19.5,E19_5_S2,GATGCAAGGGGG,3471,715.74,extrapolated
E19.5,E19_5_S2,GATGCAAGGGGG,3611,729.13,extrapolated
E19.5,E19_5_S2,GATGCAAGGGGG,3752,742.14,extrapolated
E19.5,E19_5_S2,GATGCAAGGGGG,3892,754.61,extrapolated
E19.5,E19_5_S2,GATGCAAGGGGG,4032,766.64,extrapolated
E19.5,E19_5_S2,GATGCAAGGGGG,4173,778.34,extrapolated
E19.5,E19_5_S2,GATGCAAGGGGG,4313,789.55,extrapolated
E19.5,E19_5_S2,GATGCAAGGGGG,4453,800.37,extrapolated
E19.5,E19_5_S2,GATGCAAGGGGG,4593,810.82,extrapolated
E19.5,E19_5_S2,GATGCAAGGGGG,4734,820.97,extrapolated
E19.5,E19_5_S2,GATGCAAGGGGG,4874,830.7,extrapolated
E19.5,E19_5_S2,GATGCAAGGGGG,5014,840.09,extrapolated
E19.5,E19_5_S2,GATGCAAGGGGG,5154,849.15,extrapolated
E19.5,E19_5_S2,GATGCAAGGGGG,5295,857.96,extrapolated
E19.5,E19_5_S2,GATGCAAGGGGG,5435,866.41,extrapolated
E19.5,E19_5_S2,GATGCAAGGGGG,5575,874.56,extrapolated
E19.5,E19_5_S2,GATGCAAGGGGG,5716,882.48,extrapolated
E19.5,E19_5_S2,GATGCAAGGGGG,5856,890.07,extrapolated
E19.5,E19_5_S2,GATGCAAGGGGG,5996,897.4,extrapolated
E19.5,E19_5_S2,GATGCAAGGGGG,6136,904.47,extrapolated
E19.5,E19_5_S2,GATGCAAGGGGG,6277,911.34,extrapolated
E19.5,E19_5_S2,GATGCAAGGGGG,6417,917.93,extrapolated
E19.5,E19_5_S2,GATGCAAGGGGG,6557,924.29,extrapolated
E19.5,E19_5_S2,GATGCAAGGGGG,6697,930.43,extrapolated
E19.5,E19_5_S2,GATGCAAGGGGG,6838,936.39,extrapolated
E19.5,E19_5_S2,GATGCAAGGGGG,6978,942.11,extrapolated
E19.5,E19_5_S2,GATGCAAGGGGG,7118,947.63,extrapolated
E19.5,E19_5_S2,GATGCAAGGGGG,7259,952.99,extrapolated
E19.5,E19_5_S2,GATGCAAGGGGG,7399,958.13,extrapolated
E19.5,E19_5_S2,GATGCAAGGGGG,7539,963.09,extrapolated
E19.5,E19_5_S2,GATGCAAGGGGG,7679,967.88,extrapolated
E19.5,E19_5_S2,GATGCAAGGGGG,7820,972.54,extrapolated
E19.5,E19_5_S2,GATGCAAGGGGG,7960,977.0,extrapolated
E19.5,E19_5_S2,GATGCAAGGGGG,8100,981.3,extrapolated
E19.5,E19_5_S2,GATGCAAGGGGG,8240,985.46,extrapolated
E19.5,E19_5_S2,GATGCAAGGGGG,8381,989.5,extrapolated
E19.5,E19_5_S2,GATGCAAGGGGG,8521,993.37,extrapolated
E19.5,E19_5_S2,GATGCAAGGGGG,8661,997.1,extrapolated
E19.5,E19_5_S2,GATGCAAGGGGG,8802,1000.74,extrapolated
E19.5,E19_5_S2,GATGCAAGGGGG,8942,1004.22,extrapolated
E19.5,E19_5_S2,GATGCAAGGGGG,9082,1007.58,extrapolated
E19.5,E19_5_S2,GATGCAAGGGGG,9222,1010.82,extrapolated
E19.5,E19_5_S2,GATGCAAGGGGG,9363,1013.97,extrapolated
E19.5,E19_5_S2,GATGCAAGGGGG,9503,1016.99,extrapolated
E19.5,E19_5_S2,GATGCAAGGGGG,9643,1019.91,extrapolated
E19.5,E19_5_S2,GATGCAAGGGGG,9783,1022.72,extrapolated
E19.5,E19_5_S2,GATGCAAGGGGG,9924,1025.45,extrapolated
E19.5,E19_5_S2,GATGCAAGGGGG,10064,1028.08,extrapolated
E19.5,E19_5_S2,GATGCAAGGGGG,10204,1030.61,extrapolated
E19.5,E19_5_S2,GATGCAAGGGGG,10345,1033.07,extrapolated
E19.5,E19_5_S2,CCTTGAAAGTTC,1,1.0,observed
E19.5,E19_5_S2,CCTTGAAAGTTC,59,44.74,observed
E19.5,E19_5_S2,CCTTGAAAGTTC,118,74.85,observed
E19.5,E19_5_S2,CCTTGAAAGTTC,177,98.44,observed
E19.5,E19_5_S2,CCTTGAAAGTTC,236,118.24,observed
E19.5,E19_5_S2,CCTTGAAAGTTC,294,135.26,observed
E19.5,E19_5_S2,CCTTGAAAGTTC,353,150.78,observed
E19.5,E19_5_S2,CCTTGAAAGTTC,412,164.92,observed
E19.5,E19_5_S2,CCTTGAAAGTTC,471,177.98,observed
E19.5,E19_5_S2,CCTTGAAAGTTC,530,190.15,observed
E19.5,E19_5_S2,CCTTGAAAGTTC,588,201.38,observed
E19.5,E19_5_S2,CCTTGAAAGTTC,647,212.16,observed
E19.5,E19_5_S2,CCTTGAAAGTTC,706,222.38,observed
E19.5,E19_5_S2,CCTTGAAAGTTC,765,232.12,observed
E19.5,E19_5_S2,CCTTGAAAGTTC,824,241.41,observed
E19.5,E19_5_S2,CCTTGAAAGTTC,882,250.16,observed
E19.5,E19_5_S2,CCTTGAAAGTTC,941,258.71,observed
E19.5,E19_5_S2,CCTTGAAAGTTC,1000,266.94,observed
E19.5,E19_5_S2,CCTTGAAAGTTC,1059,274.88,observed
E19.5,E19_5_S2,CCTTGAAAGTTC,1118,282.55,observed
E19.5,E19_5_S2,CCTTGAAAGTTC,1176,289.84,observed
E19.5,E19_5_S2,CCTTGAAAGTTC,1235,297.04,observed
E19.5,E19_5_S2,CCTTGAAAGTTC,1294,304.02,observed
E19.5,E19_5_S2,CCTTGAAAGTTC,1353,310.8,observed
E19.5,E19_5_S2,CCTTGAAAGTTC,1412,317.4,observed
E19.5,E19_5_S2,CCTTGAAAGTTC,1470,323.72,observed
E19.5,E19_5_S2,CCTTGAAAGTTC,1529,329.99,observed
E19.5,E19_5_S2,CCTTGAAAGTTC,1588,336.1,observed
E19.5,E19_5_S2,CCTTGAAAGTTC,1647,342.08,observed
E19.5,E19_5_S2,CCTTGAAAGTTC,1706,347.91,observed
E19.5,E19_5_S2,CCTTGAAAGTTC,1764,353.53,observed
E19.5,E19_5_S2,CCTTGAAAGTTC,1823,359.11,observed
E19.5,E19_5_S2,CCTTGAAAGTTC,1882,364.59,observed
E19.5,E19_5_S2,CCTTGAAAGTTC,1941,369.95,observed
E19.5,E19_5_S2,CCTTGAAAGTTC,2000,375.21,observed
E19.5,E19_5_S2,CCTTGAAAGTTC,2058,380.28,observed
E19.5,E19_5_S2,CCTTGAAAGTTC,2117,385.35,observed
E19.5,E19_5_S2,CCTTGAAAGTTC,2176,390.32,observed
E19.5,E19_5_S2,CCTTGAAAGTTC,2235,395.2,observed
E19.5,E19_5_S2,CCTTGAAAGTTC,2294,400.0,observed
E19.5,E19_5_S2,CCTTGAAAGTTC,2449,412.22,extrapolated
E19.5,E19_5_S2,CCTTGAAAGTTC,2605,423.97,extrapolated
E19.5,E19_5_S2,CCTTGAAAGTTC,2760,435.13,extrapolated
E19.5,E19_5_S2,CCTTGAAAGTTC,2916,445.86,extrapolated
E19.5,E19_5_S2,CCTTGAAAGTTC,3071,456.05,extrapolated
E19.5,E19_5_S2,CCTTGAAAGTTC,3227,465.85,extrapolated
E19.5,E19_5_S2,CCTTGAAAGTTC,3382,475.15,extrapolated
E19.5,E19_5_S2,CCTTGAAAGTTC,3538,484.1,extrapolated
E19.5,E19_5_S2,CCTTGAAAGTTC,3693,492.59,extrapolated
E19.5,E19_5_S2,CCTTGAAAGTTC,3849,500.76,extrapolated
E19.5,E19_5_S2,CCTTGAAAGTTC,4004,508.52,extrapolated
E19.5,E19_5_S2,CCTTGAAAGTTC,4160,515.98,extrapolated
E19.5,E19_5_S2,CCTTGAAAGTTC,4315,523.06,extrapolated
E19.5,E19_5_S2,CCTTGAAAGTTC,4471,529.87,extrapolated
E19.5,E19_5_S2,CCTTGAAAGTTC,4626,536.34,extrapolated
E19.5,E19_5_S2,CCTTGAAAGTTC,4782,542.56,extrapolated
E19.5,E19_5_S2,CCTTGAAAGTTC,4937,548.46,extrapolated
E19.5,E19_5_S2,CCTTGAAAGTTC,5093,554.14,extrapolated
E19.5,E19_5_S2,CCTTGAAAGTTC,5248,559.53,extrapolated
E19.5,E19_5_S2,CCTTGAAAGTTC,5404,564.72,extrapolated
E19.5,E19_5_S2,CCTTGAAAGTTC,5560,569.67,extrapolated
E19.5,E19_5_S2,CCTTGAAAGTTC,5715,574.38,extrapolated
E19.5,E19_5_S2,CCTTGAAAGTTC,5871,578.9,extrapolated
E19.5,E19_5_S2,CCTTGAAAGTTC,6026,583.2,extrapolated
E19.5,E19_5_S2,CCTTGAAAGTTC,6182,587.33,extrapolated
E19.5,E19_5_S2,CCTTGAAAGTTC,6337,591.25,extrapolated
E19.5,E19_5_S2,CCTTGAAAGTTC,6493,595.02,extrapolated
E19.5,E19_5_S2,CCTTGAAAGTTC,6648,598.61,extrapolated
E19.5,E19_5_S2,CCTTGAAAGTTC,6804,602.05,extrapolated
E19.5,E19_5_S2,CCTTGAAAGTTC,6959,605.32,extrapolated
E19.5,E19_5_S2,CCTTGAAAGTTC,7115,608.47,extrapolated
E19.5,E19_5_S2,CCTTGAAAGTTC,7270,611.45,extrapolated
E19.5,E19_5_S2,CCTTGAAAGTTC,7426,614.32,extrapolated
E19.5,E19_5_S2,CCTTGAAAGTTC,7581,617.05,extrapolated
E19.5,E19_5_S2,CCTTGAAAGTTC,7737,619.67,extrapolated
E19.5,E19_5_S2,CCTTGAAAGTTC,7892,622.16,extrapolated
E19.5,E19_5_S2,CCTTGAAAGTTC,8048,624.56,extrapolated
E19.5,E19_5_S2,CCTTGAAAGTTC,8203,626.83,extrapolated
E19.5,E19_5_S2,CCTTGAAAGTTC,8359,629.02,extrapolated
E19.5,E19_5_S2,CCTTGAAAGTTC,8515,631.11,extrapolated
E19.5,E19_5_S2,CCTTGAAAGTTC,8670,633.09,extrapolated
E19.5,E19_5_S2,CCTTGAAAGTTC,8826,635.0,extrapolated
E19.5,E19_5_S2,CCTTGAAAGTTC,8981,636.81,extrapolated
E19.5,E19_5_S2,CCTTGAAAGTTC,9137,638.55,extrapolated
E19.5,E19_5_S2,CCTTGAAAGTTC,9292,640.2,extrapolated
E19.5,E19_5_S2,CCTTGAAAGTTC,9448,641.79,extrapolated
E19.5,E19_5_S2,CCTTGAAAGTTC,9603,643.3,extrapolated
E19.5,E19_5_S2,CCTTGAAAGTTC,9759,644.76,extrapolated
E19.5,E19_5_S2,CCTTGAAAGTTC,9914,646.14,extrapolated
E19.5,E19_5_S2,CCTTGAAAGTTC,10070,647.46,extrapolated
E19.5,E19_5_S2,CCTTGAAAGTTC,10225,648.72,extrapolated
E19.5,E19_5_S2,CCTTGAAAGTTC,10381,649.93,extrapolated
E19.5,E19_5_S2,CCTTGAAAGTTC,10536,651.08,extrapolated
E19.5,E19_5_S2,CCTTGAAAGTTC,10692,652.19,extrapolated
E19.5,E19_5_S2,CCTTGAAAGTTC,10847,653.24,extrapolated
E19.5,E19_5_S2,CCTTGAAAGTTC,11003,654.25,extrapolated
E19.5,E19_5_S2,CCTTGAAAGTTC,11158,655.2,extrapolated
E19.5,E19_5_S2,CCTTGAAAGTTC,11314,656.13,extrapolated
E19.5,E19_5_S2,CCTTGAAAGTTC,11470,657.01,extrapolated
E19.5,E19_5_S2,ACTTTAATAGGG,1,1.0,observed
E19.5,E19_5_S2,ACTTTAATAGGG,60,41.77,observed
E19.5,E19_5_S2,ACTTTAATAGGG,120,67.65,observed
E19.5,E19_5_S2,ACTTTAATAGGG,180,87.49,observed
E19.5,E19_5_S2,ACTTTAATAGGG,240,103.97,observed
E19.5,E19_5_S2,ACTTTAATAGGG,300,118.25,observed
E19.5,E19_5_S2,ACTTTAATAGGG,360,130.94,observed
E19.5,E19_5_S2,ACTTTAATAGGG,420,142.4,observed
E19.5,E19_5_S2,ACTTTAATAGGG,480,152.87,observed
E19.5,E19_5_S2,ACTTTAATAGGG,540,162.53,observed
E19.5,E19_5_S2,ACTTTAATAGGG,600,171.5,observed
E19.5,E19_5_S2,ACTTTAATAGGG,660,179.9,observed
E19.5,E19_5_S2,ACTTTAATAGGG,720,187.79,observed
E19.5,E19_5_S2,ACTTTAATAGGG,780,195.24,observed
E19.5,E19_5_S2,ACTTTAATAGGG,840,202.31,observed
E19.5,E19_5_S2,ACTTTAATAGGG,900,209.04,observed
E19.5,E19_5_S2,ACTTTAATAGGG,960,215.46,observed
E19.5,E19_5_S2,ACTTTAATAGGG,1020,221.6,observed
E19.5,E19_5_S2,ACTTTAATAGGG,1080,227.5,observed
E19.5,E19_5_S2,ACTTTAATAGGG,1140,233.17,observed
E19.5,E19_5_S2,ACTTTAATAGGG,1200,238.64,observed
E19.5,E19_5_S2,ACTTTAATAGGG,1260,243.93,observed
E19.5,E19_5_S2,ACTTTAATAGGG,1320,249.04,observed
E19.5,E19_5_S2,ACTTTAATAGGG,1380,253.99,observed
E19.5,E19_5_S2,ACTTTAATAGGG,1440,258.8,observed
E19.5,E19_5_S2,ACTTTAATAGGG,1500,263.48,observed
E19.5,E19_5_S2,ACTTTAATAGGG,1560,268.03,observed
E19.5,E19_5_S2,ACTTTAATAGGG,1620,272.46,observed
E19.5,E19_5_S2,ACTTTAATAGGG,1680,276.79,observed
E19.5,E19_5_S2,ACTTTAATAGGG,1740,281.02,observed
E19.5,E19_5_S2,ACTTTAATAGGG,1800,285.15,observed
E19.5,E19_5_S2,ACTTTAATAGGG,1860,289.2,observed
E19.5,E19_5_S2,ACTTTAATAGGG,1920,293.16,observed
E19.5,E19_5_S2,ACTTTAATAGGG,1980,297.05,observed
E19.5,E19_5_S2,ACTTTAATAGGG,2040,300.86,observed
E19.5,E19_5_S2,ACTTTAATAGGG,2100,304.61,observed
E19.5,E19_5_S2,ACTTTAATAGGG,2160,308.3,observed
E19.5,E19_5_S2,ACTTTAATAGGG,2220,311.92,observed
E19.5,E19_5_S2,ACTTTAATAGGG,2280,315.49,observed
E19.5,E19_5_S2,ACTTTAATAGGG,2340,319.0,observed
E19.5,E19_5_S2,ACTTTAATAGGG,2498,328.01,extrapolated
E19.5,E19_5_S2,ACTTTAATAGGG,2657,336.72,extrapolated
E19.5,E19_5_S2,ACTTTAATAGGG,2815,345.06,extrapolated
E19.5,E19_5_S2,ACTTTAATAGGG,2974,353.12,extrapolated
E19.5,E19_5_S2,ACTTTAATAGGG,3133,360.88,extrapolated
E19.5,E19_5_S2,ACTTTAATAGGG,3291,368.3,extrapolated
E19.5,E19_5_S2,ACTTTAATAGGG,3450,375.47,extrapolated
E19.5,E19_5_S2,ACTTTAATAGGG,3609,382.38,extrapolated
E19.5,E19_5_S2,ACTTTAATAGGG,3767,388.97,extrapolated
E19.5,E19_5_S2,ACTTTAATAGGG,3926,395.36,extrapolated
E19.5,E19_5_S2,ACTTTAATAGGG,4085,401.5,extrapolated
E19.5,E19_5_S2,ACTTTAATAGGG,4243,407.37,extrapolated
E19.5,E19_5_S2,ACTTTAATAGGG,4402,413.06,extrapolated
E19.5,E19_5_S2,ACTTTAATAGGG,4561,418.52,extrapolated
E19.5,E19_5_S2,ACTTTAATAGGG,4719,423.75,extrapolated
E19.5,E19_5_S2,ACTTTAATAGGG,4878,428.81,extrapolated
E19.5,E19_5_S2,ACTTTAATAGGG,5036,433.64,extrapolated
E19.5,E19_5_S2,ACTTTAATAGGG,5195,438.32,extrapolated
E19.5,E19_5_S2,ACTTTAATAGGG,5354,442.82,extrapolated
E19.5,E19_5_S2,ACTTTAATAGGG,5512,447.12,extrapolated
E19.5,E19_5_S2,ACTTTAATAGGG,5671,451.28,extrapolated
E19.5,E19_5_S2,ACTTTAATAGGG,5830,455.29,extrapolated
E19.5,E19_5_S2,ACTTTAATAGGG,5988,459.12,extrapolated
E19.5,E19_5_S2,ACTTTAATAGGG,6147,462.82,extrapolated
E19.5,E19_5_S2,ACTTTAATAGGG,6306,466.39,extrapolated
E19.5,E19_5_S2,ACTTTAATAGGG,6464,469.79,extrapolated
E19.5,E19_5_S2,ACTTTAATAGGG,6623,473.09,extrapolated
E19.5,E19_5_S2,ACTTTAATAGGG,6782,476.26,extrapolated
E19.5,E19_5_S2,ACTTTAATAGGG,6940,479.29,extrapolated
E19.5,E19_5_S2,ACTTTAATAGGG,7099,482.22,extrapolated
E19.5,E19_5_S2,ACTTTAATAGGG,7257,485.03,extrapolated
E19.5,E19_5_S2,ACTTTAATAGGG,7416,487.74,extrapolated
E19.5,E19_5_S2,ACTTTAATAGGG,7575,490.35,extrapolated
E19.5,E19_5_S2,ACTTTAATAGGG,7733,492.85,extrapolated
E19.5,E19_5_S2,ACTTTAATAGGG,7892,495.26,extrapolated
E19.5,E19_5_S2,ACTTTAATAGGG,8051,497.59,extrapolated
E19.5,E19_5_S2,ACTTTAATAGGG,8209,499.81,extrapolated
E19.5,E19_5_S2,ACTTTAATAGGG,8368,501.96,extrapolated
E19.5,E19_5_S2,ACTTTAATAGGG,8527,504.02,extrapolated
E19.5,E19_5_S2,ACTTTAATAGGG,8685,506.0,extrapolated
E19.5,E19_5_S2,ACTTTAATAGGG,8844,507.91,extrapolated
E19.5,E19_5_S2,ACTTTAATAGGG,9003,509.75,extrapolated
E19.5,E19_5_S2,ACTTTAATAGGG,9161,511.51,extrapolated
E19.5,E19_5_S2,ACTTTAATAGGG,9320,513.21,extrapolated
E19.5,E19_5_S2,ACTTTAATAGGG,9478,514.84,extrapolated
E19.5,E19_5_S2,ACTTTAATAGGG,9637,516.41,extrapolated
E19.5,E19_5_S2,ACTTTAATAGGG,9796,517.93,extrapolated
E19.5,E19_5_S2,ACTTTAATAGGG,9954,519.38,extrapolated
E19.5,E19_5_S2,ACTTTAATAGGG,10113,520.78,extrapolated
E19.5,E19_5_S2,ACTTTAATAGGG,10272,522.13,extrapolated
E19.5,E19_5_S2,ACTTTAATAGGG,10430,523.41,extrapolated
E19.5,E19_5_S2,ACTTTAATAGGG,10589,524.66,extrapolated
E19.5,E19_5_S2,ACTTTAATAGGG,10748,525.86,extrapolated
E19.5,E19_5_S2,ACTTTAATAGGG,10906,527.01,extrapolated
E19.5,E19_5_S2,ACTTTAATAGGG,11065,528.12,extrapolated
E19.5,E19_5_S2,ACTTTAATAGGG,11224,529.18,extrapolated
E19.5,E19_5_S2,ACTTTAATAGGG,11382,530.2,extrapolated
E19.5,E19_5_S2,ACTTTAATAGGG,11541,531.19,extrapolated
E19.5,E19_5_S2,ACTTTAATAGGG,11700,532.14,extrapolated
E19.5,E19_5_S2,AAACGAAATCTA,1,1.0,observed
E19.5,E19_5_S2,AAACGAAATCTA,47,42.51,observed
E19.5,E19_5_S2,AAACGAAATCTA,93,77.6,observed
E19.5,E19_5_S2,AAACGAAATCTA,139,108.32,observed
E19.5,E19_5_S2,AAACGAAATCTA,185,135.76,observed
E19.5,E19_5_S2,AAACGAAATCTA,231,160.63,observed
E19.5,E19_5_S2,AAACGAAATCTA,277,183.39,observed
E19.5,E19_5_S2,AAACGAAATCTA,323,204.39,observed
E19.5,E19_5_S2,AAACGAAATCTA,369,223.9,observed
E19.5,E19_5_S2,AAACGAAATCTA,415,242.13,observed
E19.5,E19_5_S2,AAACGAAATCTA,461,259.24,observed
E19.5,E19_5_S2,AAACGAAATCTA,507,275.38,observed
E19.5,E19_5_S2,AAACGAAATCTA,553,290.65,observed
E19.5,E19_5_S2,AAACGAAATCTA,599,305.14,observed
E19.5,E19_5_S2,AAACGAAATCTA,645,318.95,observed
E19.5,E19_5_S2,AAACGAAATCTA,691,332.12,observed
E19.5,E19_5_S2,AAACGAAATCTA,737,344.72,observed
E19.5,E19_5_S2,AAACGAAATCTA,783,356.79,observed
E19.5,E19_5_S2,AAACGAAATCTA,829,368.39,observed
E19.5,E19_5_S2,AAACGAAATCTA,875,379.54,observed
E19.5,E19_5_S2,AAACGAAATCTA,922,390.52,observed
E19.5,E19_5_S2,AAACGAAATCTA,968,400.87,observed
E19.5,E19_5_S2,AAACGAAATCTA,1014,410.87,observed
E19.5,E19_5_S2,AAACGAAATCTA,1060,420.55,observed
E19.5,E19_5_S2,AAACGAAATCTA,1106,429.91,observed
E19.5,E19_5_S2,AAACGAAATCTA,1152,438.98,observed
E19.5,E19_5_S2,AAACGAAATCTA,1198,447.78,observed
E19.5,E19_5_S2,AAACGAAATCTA,1244,456.31,observed
E19.5,E19_5_S2,AAACGAAATCTA,1290,464.61,observed
E19.5,E19_5_S2,AAACGAAATCTA,1336,472.67,observed
E19.5,E19_5_S2,AAACGAAATCTA,1382,480.52,observed
E19.5,E19_5_S2,AAACGAAATCTA,1428,488.15,observed
E19.5,E19_5_S2,AAACGAAATCTA,1474,495.59,observed
E19.5,E19_5_S2,AAACGAAATCTA,1520,502.85,observed
E19.5,E19_5_S2,AAACGAAATCTA,1566,509.92,observed
E19.5,E19_5_S2,AAACGAAATCTA,1612,516.82,observed
E19.5,E19_5_S2,AAACGAAATCTA,1658,523.56,observed
E19.5,E19_5_S2,AAACGAAATCTA,1704,530.14,observed
E19.5,E19_5_S2,AAACGAAATCTA,1750,536.57,observed
E19.5,E19_5_S2,AAACGAAATCTA,1797,543.0,observed
E19.5,E19_5_S2,AAACGAAATCTA,1918,558.9,extrapolated
E19.5,E19_5_S2,AAACGAAATCTA,2040,574.02,extrapolated
E19.5,E19_5_S2,AAACGAAATCTA,2162,588.29,extrapolated
E19.5,E19_5_S2,AAACGAAATCTA,2284,601.76,extrapolated
E19.5,E19_5_S2,AAACGAAATCTA,2406,614.46,extrapolated
E19.5,E19_5_S2,AAACGAAATCTA,2527,626.36,extrapolated
E19.5,E19_5_S2,AAACGAAATCTA,2649,637.67,extrapolated
E19.5,E19_5_S2,AAACGAAATCTA,2771,648.35,extrapolated
E19.5,E19_5_S2,AAACGAAATCTA,2893,658.42,extrapolated
E19.5,E19_5_S2,AAACGAAATCTA,3015,667.93,extrapolated
E19.5,E19_5_S2,AAACGAAATCTA,3137,676.9,extrapolated
E19.5,E19_5_S2,AAACGAAATCTA,3258,685.29,extrapolated
E19.5,E19_5_S2,AAACGAAATCTA,3380,693.28,extrapolated
E19.5,E19_5_S2,AAACGAAATCTA,3502,700.81,extrapolated
E19.5,E19_5_S2,AAACGAAATCTA,3624,707.93,extrapolated
E19.5,E19_5_S2,AAACGAAATCTA,3746,714.63,extrapolated
E19.5,E19_5_S2,AAACGAAATCTA,3868,720.97,extrapolated
E19.5,E19_5_S2,AAACGAAATCTA,3989,726.89,extrapolated
E19.5,E19_5_S2,AAACGAAATCTA,4111,732.53,extrapolated
E19.5,E19_5_S2,AAACGAAATCTA,4233,737.85,extrapolated
E19.5,E19_5_S2,AAACGAAATCTA,4355,742.87,extrapolated
E19.5,E19_5_S2,AAACGAAATCTA,4477,747.6,extrapolated
E19.5,E19_5_S2,AAACGAAATCTA,4599,752.07,extrapolated
E19.5,E19_5_S2,AAACGAAATCTA,4720,756.26,extrapolated
E19.5,E19_5_S2,AAACGAAATCTA,4842,760.24,extrapolated
E19.5,E19_5_S2,AAACGAAATCTA,4964,763.99,extrapolated
E19.5,E19_5_S2,AAACGAAATCTA,5086,767.53,extrapolated
E19.5,E19_5_S2,AAACGAAATCTA,5208,770.88,extrapolated
E19.5,E19_5_S2,AAACGAAATCTA,5330,774.03,extrapolated
E19.5,E19_5_S2,AAACGAAATCTA,5451,776.98,extrapolated
E19.5,E19_5_S2,AAACGAAATCTA,5573,779.79,extrapolated
E19.5,E19_5_S2,AAACGAAATCTA,5695,782.44,extrapolated
E19.5,E19_5_S2,AAACGAAATCTA,5817,784.95,extrapolated
E19.5,E19_5_S2,AAACGAAATCTA,5939,787.31,extrapolated
E19.5,E19_5_S2,AAACGAAATCTA,6061,789.53,extrapolated
E19.5,E19_5_S2,AAACGAAATCTA,6182,791.62,extrapolated
E19.5,E19_5_S2,AAACGAAATCTA,6304,793.6,extrapolated
E19.5,E19_5_S2,AAACGAAATCTA,6426,795.47,extrapolated
E19.5,E19_5_S2,AAACGAAATCTA,6548,797.24,extrapolated
E19.5,E19_5_S2,AAACGAAATCTA,6670,798.9,extrapolated
E19.5,E19_5_S2,AAACGAAATCTA,6792,800.47,extrapolated
E19.5,E19_5_S2,AAACGAAATCTA,6913,801.94,extrapolated
E19.5,E19_5_S2,AAACGAAATCTA,7035,803.34,extrapolated
E19.5,E19_5_S2,AAACGAAATCTA,7157,804.66,extrapolated
E19.5,E19_5_S2,AAACGAAATCTA,7279,805.91,extrapolated
E19.5,E19_5_S2,AAACGAAATCTA,7401,807.09,extrapolated
E19.5,E19_5_S2,AAACGAAATCTA,7523,808.2,extrapolated
E19.5,E19_5_S2,AAACGAAATCTA,7644,809.23,extrapolated
E19.5,E19_5_S2,AAACGAAATCTA,7766,810.22,extrapolated
E19.5,E19_5_S2,AAACGAAATCTA,7888,811.15,extrapolated
E19.5,E19_5_S2,AAACGAAATCTA,8010,812.03,extrapolated
E19.5,E19_5_S2,AAACGAAATCTA,8132,812.86,extrapolated
E19.5,E19_5_S2,AAACGAAATCTA,8254,813.65,extrapolated
E19.5,E19_5_S2,AAACGAAATCTA,8375,814.38,extrapolated
E19.5,E19_5_S2,AAACGAAATCTA,8497,815.08,extrapolated
E19.5,E19_5_S2,AAACGAAATCTA,8619,815.74,extrapolated
E19.5,E19_5_S2,AAACGAAATCTA,8741,816.36,extrapolated
E19.5,E19_5_S2,AAACGAAATCTA,8863,816.94,extrapolated
E19.5,E19_5_S2,AAACGAAATCTA,8985,817.5,extrapolated
E19.5,E19_5_S2,TTTGTAACTTAC,1,1.0,observed
E19.5,E19_5_S2,TTTGTAACTTAC,56,46.51,observed
E19.5,E19_5_S2,TTTGTAACTTAC,111,80.26,observed
E19.5,E19_5_S2,TTTGTAACTTAC,167,107.86,observed
E19.5,E19_5_S2,TTTGTAACTTAC,222,130.71,observed
E19.5,E19_5_S2,TTTGTAACTTAC,278,150.96,observed
E19.5,E19_5_S2,TTTGTAACTTAC,333,168.67,observed
E19.5,E19_5_S2,TTTGTAACTTAC,389,185.0,observed
E19.5,E19_5_S2,TTTGTAACTTAC,444,199.73,observed
E19.5,E19_5_S2,TTTGTAACTTAC,500,213.64,observed
E19.5,E19_5_S2,TTTGTAACTTAC,555,226.43,observed
E19.5,E19_5_S2,TTTGTAACTTAC,611,238.68,observed
E19.5,E19_5_S2,TTTGTAACTTAC,666,250.07,observed
E19.5,E19_5_S2,TTTGTAACTTAC,722,261.1,observed
E19.5,E19_5_S2,TTTGTAACTTAC,777,271.43,observed
E19.5,E19_5_S2,TTTGTAACTTAC,833,281.51,observed
E19.5,E19_5_S2,TTTGTAACTTAC,888,291.0,observed
E19.5,E19_5_S2,TTTGTAACTTAC,944,300.31,observed
E19.5,E19_5_S2,TTTGTAACTTAC,999,309.11,observed
E19.5,E19_5_S2,TTTGTAACTTAC,1055,317.77,observed
E19.5,E19_5_S2,TTTGTAACTTAC,1110,326.0,observed
E19.5,E19_5_S2,TTTGTAACTTAC,1166,334.12,observed
E19.5,E19_5_S2,TTTGTAACTTAC,1221,341.85,observed
E19.5,E19_5_S2,TTTGTAACTTAC,1277,349.5,observed
E19.5,E19_5_S2,TTTGTAACTTAC,1332,356.8,observed
E19.5,E19_5_S2,TTTGTAACTTAC,1388,364.03,observed
E19.5,E19_5_S2,TTTGTAACTTAC,1443,370.95,observed
E19.5,E19_5_S2,TTTGTAACTTAC,1499,377.83,observed
E19.5,E19_5_S2,TTTGTAACTTAC,1554,384.42,observed
E19.5,E19_5_S2,TTTGTAACTTAC,1610,390.97,observed
E19.5,E19_5_S2,TTTGTAACTTAC,1665,397.26,observed
E19.5,E19_5_S2,TTTGTAACTTAC,1721,403.53,observed
E19.5,E19_5_S2,TTTGTAACTTAC,1776,409.55,observed
E19.5,E19_5_S2,TTTGTAACTTAC,1832,415.56,observed
E19.5,E19_5_S2,TTTGTAACTTAC,1887,421.34,observed
E19.5,E19_5_S2,TTTGTAACTTAC,1943,427.12,observed
E19.5,E19_5_S2,TTTGTAACTTAC,1998,432.69,observed
E19.5,E19_5_S2,TTTGTAACTTAC,2054,438.26,observed
E19.5,E19_5_S2,TTTGTAACTTAC,2109,443.63,observed
E19.5,E19_5_S2,TTTGTAACTTAC,2165,449.0,observed
E19.5,E19_5_S2,TTTGTAACTTAC,2311,462.59,extrapolated
E19.5,E19_5_S2,TTTGTAACTTAC,2458,475.67,extrapolated
E19.5,E19_5_S2,TTTGTAACTTAC,2605,488.17,extrapolated
E19.5,E19_5_S2,TTTGTAACTTAC,2752,500.13,extrapolated
E19.5,E19_5_S2,TTTGTAACTTAC,2898,511.49,extrapolated
E19.5,E19_5_S2,TTTGTAACTTAC,3045,522.42,extrapolated
E19.5,E19_5_S2,TTTGTAACTTAC,3192,532.88,extrapolated
E19.5,E19_5_S2,TTTGTAACTTAC,3339,542.88,extrapolated
E19.5,E19_5_S2,TTTGTAACTTAC,3486,552.44,extrapolated
E19.5,E19_5_S2,TTTGTAACTTAC,3632,561.52,extrapolated
E19.5,E19_5_S2,TTTGTAACTTAC,3779,570.26,extrapolated
E19.5,E19_5_S2,TTTGTAACTTAC,3926,578.62,extrapolated
E19.5,E19_5_S2,TTTGTAACTTAC,4073,586.61,extrapolated
E19.5,E19_5_S2,TTTGTAACTTAC,4219,594.2,extrapolated
E19.5,E19_5_S2,TTTGTAACTTAC,4366,601.51,extrapolated
E19.5,E19_5_S2,TTTGTAACTTAC,4513,608.5,extrapolated
E19.5,E19_5_S2,TTTGTAACTTAC,4660,615.18,extrapolated
E19.5,E19_5_S2,TTTGTAACTTAC,4807,621.57,extrapolated
E19.5,E19_5_S2,TTTGTAACTTAC,4953,627.64,extrapolated
E19.5,E19_5_S2,TTTGTAACTTAC,5100,633.48,extrapolated
E19.5,E19_5_S2,TTTGTAACTTAC,5247,639.07,extrapolated
E19.5,E19_5_S2,TTTGTAACTTAC,5394,644.41,extrapolated
E19.5,E19_5_S2,TTTGTAACTTAC,5540,649.48,extrapolated
E19.5,E19_5_S2,TTTGTAACTTAC,5687,654.37,extrapolated
E19.5,E19_5_S2,TTTGTAACTTAC,5834,659.04,extrapolated
E19.5,E19_5_S2,TTTGTAACTTAC,5981,663.5,extrapolated
E19.5,E19_5_S2,TTTGTAACTTAC,6128,667.77,extrapolated
E19.5,E19_5_S2,TTTGTAACTTAC,6274,671.83,extrapolated
E19.5,E19_5_S2,TTTGTAACTTAC,6421,675.74,extrapolated
E19.5,E19_5_S2,TTTGTAACTTAC,6568,679.47,extrapolated
E19.5,E19_5_S2,TTTGTAACTTAC,6715,683.04,extrapolated
E19.5,E19_5_S2,TTTGTAACTTAC,6861,686.43,extrapolated
E19.5,E19_5_S2,TTTGTAACTTAC,7008,689.7,extrapolated
E19.5,E19_5_S2,TTTGTAACTTAC,7155,692.82,extrapolated
E19.5,E19_5_S2,TTTGTAACTTAC,7302,695.8,extrapolated
E19.5,E19_5_S2,TTTGTAACTTAC,7449,698.66,extrapolated
E19.5,E19_5_S2,TTTGTAACTTAC,7595,701.37,extrapolated
E19.5,E19_5_S2,TTTGTAACTTAC,7742,703.98,extrapolated
E19.5,E19_5_S2,TTTGTAACTTAC,7889,706.47,extrapolated
E19.5,E19_5_S2,TTTGTAACTTAC,8036,708.86,extrapolated
E19.5,E19_5_S2,TTTGTAACTTAC,8182,711.12,extrapolated
E19.5,E19_5_S2,TTTGTAACTTAC,8329,713.31,extrapolated
E19.5,E19_5_S2,TTTGTAACTTAC,8476,715.39,extrapolated
E19.5,E19_5_S2,TTTGTAACTTAC,8623,717.39,extrapolated
E19.5,E19_5_S2,TTTGTAACTTAC,8770,719.29,extrapolated
E19.5,E19_5_S2,TTTGTAACTTAC,8916,721.11,extrapolated
E19.5,E19_5_S2,TTTGTAACTTAC,9063,722.85,extrapolated
E19.5,E19_5_S2,TTTGTAACTTAC,9210,724.52,extrapolated
E19.5,E19_5_S2,TTTGTAACTTAC,9357,726.11,extrapolated
E19.5,E19_5_S2,TTTGTAACTTAC,9503,727.63,extrapolated
E19.5,E19_5_S2,TTTGTAACTTAC,9650,729.09,extrapolated
E19.5,E19_5_S2,TTTGTAACTTAC,9797,730.48,extrapolated
E19.5,E19_5_S2,TTTGTAACTTAC,9944,731.81,extrapolated
E19.5,E19_5_S2,TTTGTAACTTAC,10091,733.09,extrapolated
E19.5,E19_5_S2,TTTGTAACTTAC,10237,734.3,extrapolated
E19.5,E19_5_S2,TTTGTAACTTAC,10384,735.46,extrapolated
E19.5,E19_5_S2,TTTGTAACTTAC,10531,736.58,extrapolated
E19.5,E19_5_S2,TTTGTAACTTAC,10678,737.65,extrapolated
E19.5,E19_5_S2,TTTGTAACTTAC,10825,738.66,extrapolated
E19.5,E19_5_S2,AAGTTAATTTCC,1,1.0,observed
E19.5,E19_5_S2,AAGTTAATTTCC,54,35.28,observed
E19.5,E19_5_S2,AAGTTAATTTCC,107,54.49,observed
E19.5,E19_5_S2,AAGTTAATTTCC,160,68.5,observed
E19.5,E19_5_S2,AAGTTAATTTCC,213,80.03,observed
E19.5,E19_5_S2,AAGTTAATTTCC,266,90.12,observed
E19.5,E19_5_S2,AAGTTAATTTCC,319,99.26,observed
E19.5,E19_5_S2,AAGTTAATTTCC,373,107.84,observed
E19.5,E19_5_S2,AAGTTAATTTCC,426,115.72,observed
E19.5,E19_5_S2,AAGTTAATTTCC,479,123.15,observed
E19.5,E19_5_S2,AAGTTAATTTCC,532,130.2,observed
E19.5,E19_5_S2,AAGTTAATTTCC,585,136.93,observed
E19.5,E19_5_S2,AAGTTAATTTCC,638,143.37,observed
E19.5,E19_5_S2,AAGTTAATTTCC,692,149.66,observed
E19.5,E19_5_S2,AAGTTAATTTCC,745,155.61,observed
E19.5,E19_5_S2,AAGTTAATTTCC,798,161.34,observed
E19.5,E19_5_S2,AAGTTAATTTCC,851,166.88,observed
E19.5,E19_5_S2,AAGTTAATTTCC,904,172.24,observed
E19.5,E19_5_S2,AAGTTAATTTCC,957,177.43,observed
E19.5,E19_5_S2,AAGTTAATTTCC,1010,182.47,observed
E19.5,E19_5_S2,AAGTTAATTTCC,1064,187.45,observed
E19.5,E19_5_S2,AAGTTAATTTCC,1117,192.2,observed
E19.5,E19_5_S2,AAGTTAATTTCC,1170,196.82,observed
E19.5,E19_5_S2,AAGTTAATTTCC,1223,201.32,observed
E19.5,E19_5_S2,AAGTTAATTTCC,1276,205.7,observed
E19.5,E19_5_S2,AAGTTAATTTCC,1329,209.98,observed
E19.5,E19_5_S2,AAGTTAATTTCC,1383,214.23,observed
E19.5,E19_5_S2,AAGTTAATTTCC,1436,218.3,observed
E19.5,E19_5_S2,AAGTTAATTTCC,1489,222.28,observed
E19.5,E19_5_S2,AAGTTAATTTCC,1542,226.16,observed
E19.5,E19_5_S2,AAGTTAATTTCC,1595,229.97,observed
E19.5,E19_5_S2,AAGTTAATTTCC,1648,233.69,observed
E19.5,E19_5_S2,AAGTTAATTTCC,1701,237.33,observed
E19.5,E19_5_S2,AAGTTAATTTCC,1755,240.96,observed
E19.5,E19_5_S2,AAGTTAATTTCC,1808,244.46,observed
E19.5,E19_5_S2,AAGTTAATTTCC,1861,247.88,observed
E19.5,E19_5_S2,AAGTTAATTTCC,1914,251.24,observed
E19.5,E19_5_S2,AAGTTAATTTCC,1967,254.54,observed
E19.5,E19_5_S2,AAGTTAATTTCC,2020,257.77,observed
E19.5,E19_5_S2,AAGTTAATTTCC,2074,261.0,observed
E19.5,E19_5_S2,AAGTTAATTTCC,2214,269.1,extrapolated
E19.5,E19_5_S2,AAGTTAATTTCC,2355,276.88,extrapolated
E19.5,E19_5_S2,AAGTTAATTTCC,2495,284.23,extrapolated
E19.5,E19_5_S2,AAGTTAATTTCC,2636,291.29,extrapolated
E19.5,E19_5_S2,AAGTTAATTTCC,2777,298.01,extrapolated
E19.5,E19_5_S2,AAGTTAATTTCC,2917,304.37,extrapolated
E19.5,E19_5_S2,AAGTTAATTTCC,3058,310.47,extrapolated
E19.5,E19_5_S2,AAGTTAATTTCC,3198,316.24,extrapolated
E19.5,E19_5_S2,AAGTTAATTTCC,3339,321.78,extrapolated
E19.5,E19_5_S2,AAGTTAATTTCC,3480,327.06,extrapolated
E19.5,E19_5_S2,AAGTTAATTTCC,3620,332.04,extrapolated
E19.5,E19_5_S2,AAGTTAATTTCC,3761,336.83,extrapolated
E19.5,E19_5_S2,AAGTTAATTTCC,3901,341.36,extrapolated
E19.5,E19_5_S2,AAGTTAATTTCC,4042,345.7,extrapolated
E19.5,E19_5_S2,AAGTTAATTTCC,4183,349.84,extrapolated
E19.5,E19_5_S2,AAGTTAATTTCC,4323,353.75,extrapolated
E19.5,E19_5_S2,AAGTTAATTTCC,4464,357.51,extrapolated
E19.5,E19_5_S2,AAGTTAATTTCC,4604,361.06,extrapolated
E19.5,E19_5_S2,AAGTTAATTTCC,4745,364.47,extrapolated
E19.5,E19_5_S2,AAGTTAATTTCC,4886,367.72,extrapolated
E19.5,E19_5_S2,AAGTTAATTTCC,5026,370.79,extrapolated
E19.5,E19_5_S2,AAGTTAATTTCC,5167,373.74,extrapolated
E19.5,E19_5_S2,AAGTTAATTTCC,5308,376.54,extrapolated
E19.5,E19_5_S2,AAGTTAATTTCC,5448,379.2,extrapolated
E19.5,E19_5_S2,AAGTTAATTTCC,5589,381.74,extrapolated
E19.5,E19_5_S2,AAGTTAATTTCC,5729,384.15,extrapolated
E19.5,E19_5_S2,AAGTTAATTTCC,5870,386.47,extrapolated
E19.5,E19_5_S2,AAGTTAATTTCC,6011,388.67,extrapolated
E19.5,E19_5_S2,AAGTTAATTTCC,6151,390.75,extrapolated
E19.5,E19_5_S2,AAGTTAATTTCC,6292,392.75,extrapolated
E19.5,E19_5_S2,AAGTTAATTTCC,6432,394.64,extrapolated
E19.5,E19_5_S2,AAGTTAATTTCC,6573,396.45,extrapolated
E19.5,E19_5_S2,AAGTTAATTTCC,6714,398.18,extrapolated
E19.5,E19_5_S2,AAGTTAATTTCC,6854,399.82,extrapolated
E19.5,E19_5_S2,AAGTTAATTTCC,6995,401.39,extrapolated
E19.5,E19_5_S2,AAGTTAATTTCC,7135,402.87,extrapolated
E19.5,E19_5_S2,AAGTTAATTTCC,7276,404.29,extrapolated
E19.5,E19_5_S2,AAGTTAATTTCC,7417,405.65,extrapolated
E19.5,E19_5_S2,AAGTTAATTTCC,7557,406.93,extrapolated
E19.5,E19_5_S2,AAGTTAATTTCC,7698,408.16,extrapolated
E19.5,E19_5_S2,AAGTTAATTTCC,7839,409.33,extrapolated
E19.5,E19_5_S2,AAGTTAATTTCC,7979,410.44,extrapolated
E19.5,E19_5_S2,AAGTTAATTTCC,8120,411.5,extrapolated
E19.5,E19_5_S2,AAGTTAATTTCC,8260,412.51,extrapolated
E19.5,E19_5_S2,AAGTTAATTTCC,8401,413.48,extrapolated
E19.5,E19_5_S2,AAGTTAATTTCC,8542,414.4,extrapolated
E19.5,E19_5_S2,AAGTTAATTTCC,8682,415.26,extrapolated
E19.5,E19_5_S2,AAGTTAATTTCC,8823,416.1,extrapolated
E19.5,E19_5_S2,AAGTTAATTTCC,8963,416.89,extrapolated
E19.5,E19_5_S2,AAGTTAATTTCC,9104,417.65,extrapolated
E19.5,E19_5_S2,AAGTTAATTTCC,9245,418.37,extrapolated
E19.5,E19_5_S2,AAGTTAATTTCC,9385,419.05,extrapolated
E19.5,E19_5_S2,AAGTTAATTTCC,9526,419.7,extrapolated
E19.5,E19_5_S2,AAGTTAATTTCC,9666,420.32,extrapolated
E19.5,E19_5_S2,AAGTTAATTTCC,9807,420.92,extrapolated
E19.5,E19_5_S2,AAGTTAATTTCC,9948,421.48,extrapolated
E19.5,E19_5_S2,AAGTTAATTTCC,10088,422.02,extrapolated
E19.5,E19_5_S2,AAGTTAATTTCC,10229,422.53,extrapolated
E19.5,E19_5_S2,AAGTTAATTTCC,10370,423.02,extrapolated
E19.5,E19_5_S2,AGGAAAATCCGG,1,1.0,observed
E19.5,E19_5_S2,AGGAAAATCCGG,52,44.69,observed
E19.5,E19_5_S2,AGGAAAATCCGG,104,79.73,observed
E19.5,E19_5_S2,AGGAAAATCCGG,156,109.23,observed
E19.5,E19_5_S2,AGGAAAATCCGG,208,135.04,observed
E19.5,E19_5_S2,AGGAAAATCCGG,260,158.18,observed
E19.5,E19_5_S2,AGGAAAATCCGG,312,179.25,observed
E19.5,E19_5_S2,AGGAAAATCCGG,364,198.68,observed
E19.5,E19_5_S2,AGGAAAATCCGG,416,216.75,observed
E19.5,E19_5_S2,AGGAAAATCCGG,468,233.68,observed
E19.5,E19_5_S2,AGGAAAATCCGG,520,249.65,observed
E19.5,E19_5_S2,AGGAAAATCCGG,572,264.77,observed
E19.5,E19_5_S2,AGGAAAATCCGG,624,279.16,observed
E19.5,E19_5_S2,AGGAAAATCCGG,676,292.89,observed
E19.5,E19_5_S2,AGGAAAATCCGG,727,305.8,observed
E19.5,E19_5_S2,AGGAAAATCCGG,779,318.45,observed
E19.5,E19_5_S2,AGGAAAATCCGG,831,330.63,observed
E19.5,E19_5_S2,AGGAAAATCCGG,883,342.37,observed
E19.5,E19_5_S2,AGGAAAATCCGG,935,353.73,observed
E19.5,E19_5_S2,AGGAAAATCCGG,987,364.73,observed
E19.5,E19_5_S2,AGGAAAATCCGG,1039,375.4,observed
E19.5,E19_5_S2,AGGAAAATCCGG,1091,385.76,observed
E19.5,E19_5_S2,AGGAAAATCCGG,1143,395.84,observed
E19.5,E19_5_S2,AGGAAAATCCGG,1195,405.65,observed
E19.5,E19_5_S2,AGGAAAATCCGG,1247,415.22,observed
E19.5,E19_5_S2,AGGAAAATCCGG,1299,424.57,observed
E19.5,E19_5_S2,AGGAAAATCCGG,1351,433.69,observed
E19.5,E19_5_S2,AGGAAAATCCGG,1402,442.44,observed
E19.5,E19_5_S2,AGGAAAATCCGG,1454,451.17,observed
E19.5,E19_5_S2,AGGAAAATCCGG,1506,459.73,observed
E19.5,E19_5_S2,AGGAAAATCCGG,1558,468.11,observed
E19.5,E19_5_S2,AGGAAAATCCGG,1610,476.33,observed
E19.5,E19_5_S2,AGGAAAATCCGG,1662,484.39,observed
E19.5,E19_5_S2,AGGAAAATCCGG,1714,492.3,observed
E19.5,E19_5_S2,AGGAAAATCCGG,1766,500.08,observed
E19.5,E19_5_S2,AGGAAAATCCGG,1818,507.71,observed
E19.5,E19_5_S2,AGGAAAATCCGG,1870,515.22,observed
E19.5,E19_5_S2,AGGAAAATCCGG,1922,522.6,observed
E19.5,E19_5_S2,AGGAAAATCCGG,1974,529.86,observed
E19.5,E19_5_S2,AGGAAAATCCGG,2026,537.0,observed
E19.5,E19_5_S2,AGGAAAATCCGG,2163,555.27,extrapolated
E19.5,E19_5_S2,AGGAAAATCCGG,2300,572.77,extrapolated
E19.5,E19_5_S2,AGGAAAATCCGG,2438,589.67,extrapolated
E19.5,E19_5_S2,AGGAAAATCCGG,2575,605.74,extrapolated
E19.5,E19_5_S2,AGGAAAATCCGG,2712,621.14,extrapolated
E19.5,E19_5_S2,AGGAAAATCCGG,2850,636.0,extrapolated
E19.5,E19_5_S2,AGGAAAATCCGG,2987,650.13,extrapolated
E19.5,E19_5_S2,AGGAAAATCCGG,3124,663.68,extrapolated
E19.5,E19_5_S2,AGGAAAATCCGG,3262,676.75,extrapolated
E19.5,E19_5_S2,AGGAAAATCCGG,3399,689.18,extrapolated
E19.5,E19_5_S2,AGGAAAATCCGG,3536,701.1,extrapolated
E19.5,E19_5_S2,AGGAAAATCCGG,3674,712.6,extrapolated
E19.5,E19_5_S2,AGGAAAATCCGG,3811,723.53,extrapolated
E19.5,E19_5_S2,AGGAAAATCCGG,3948,734.02,extrapolated
E19.5,E19_5_S2,AGGAAAATCCGG,4086,744.13,extrapolated
E19.5,E19_5_S2,AGGAAAATCCGG,4223,753.75,extrapolated
E19.5,E19_5_S2,AGGAAAATCCGG,4361,763.04,extrapolated
E19.5,E19_5_S2,AGGAAAATCCGG,4498,771.87,extrapolated
E19.5,E19_5_S2,AGGAAAATCCGG,4635,780.33,extrapolated
E19.5,E19_5_S2,AGGAAAATCCGG,4773,788.5,extrapolated
E19.5,E19_5_S2,AGGAAAATCCGG,4910,796.27,extrapolated
E19.5,E19_5_S2,AGGAAAATCCGG,5047,803.71,extrapolated
E19.5,E19_5_S2,AGGAAAATCCGG,5185,810.89,extrapolated
E19.5,E19_5_S2,AGGAAAATCCGG,5322,817.73,extrapolated
E19.5,E19_5_S2,AGGAAAATCCGG,5459,824.28,extrapolated
E19.5,E19_5_S2,AGGAAAATCCGG,5597,830.6,extrapolated
E19.5,E19_5_S2,AGGAAAATCCGG,5734,836.61,extrapolated
E19.5,E19_5_S2,AGGAAAATCCGG,5871,842.37,extrapolated
E19.5,E19_5_S2,AGGAAAATCCGG,6009,847.93,extrapolated
E19.5,E19_5_S2,AGGAAAATCCGG,6146,853.21,extrapolated
E19.5,E19_5_S2,AGGAAAATCCGG,6284,858.32,extrapolated
E19.5,E19_5_S2,AGGAAAATCCGG,6421,863.17,extrapolated
E19.5,E19_5_S2,AGGAAAATCCGG,6558,867.82,extrapolated
E19.5,E19_5_S2,AGGAAAATCCGG,6696,872.31,extrapolated
E19.5,E19_5_S2,AGGAAAATCCGG,6833,876.58,extrapolated
E19.5,E19_5_S2,AGGAAAATCCGG,6970,880.67,extrapolated
E19.5,E19_5_S2,AGGAAAATCCGG,7108,884.62,extrapolated
E19.5,E19_5_S2,AGGAAAATCCGG,7245,888.37,extrapolated
E19.5,E19_5_S2,AGGAAAATCCGG,7382,891.97,extrapolated
E19.5,E19_5_S2,AGGAAAATCCGG,7520,895.45,extrapolated
E19.5,E19_5_S2,AGGAAAATCCGG,7657,898.75,extrapolated
E19.5,E19_5_S2,AGGAAAATCCGG,7794,901.92,extrapolated
E19.5,E19_5_S2,AGGAAAATCCGG,7932,904.97,extrapolated
E19.5,E19_5_S2,AGGAAAATCCGG,8069,907.88,extrapolated
E19.5,E19_5_S2,AGGAAAATCCGG,8207,910.68,extrapolated
E19.5,E19_5_S2,AGGAAAATCCGG,8344,913.35,extrapolated
E19.5,E19_5_S2,AGGAAAATCCGG,8481,915.91,extrapolated
E19.5,E19_5_S2,AGGAAAATCCGG,8619,918.37,extrapolated
E19.5,E19_5_S2,AGGAAAATCCGG,8756,920.72,extrapolated
E19.5,E19_5_S2,AGGAAAATCCGG,8893,922.97,extrapolated
E19.5,E19_5_S2,AGGAAAATCCGG,9031,925.14,extrapolated
E19.5,E19_5_S2,AGGAAAATCCGG,9168,927.2,extrapolated
E19.5,E19_5_S2,AGGAAAATCCGG,9305,929.18,extrapolated
E19.5,E19_5_S2,AGGAAAATCCGG,9443,931.09,extrapolated
E19.5,E19_5_S2,AGGAAAATCCGG,9580,932.9,extrapolated
E19.5,E19_5_S2,AGGAAAATCCGG,9717,934.64,extrapolated
E19.5,E19_5_S2,AGGAAAATCCGG,9855,936.32,extrapolated
E19.5,E19_5_S2,AGGAAAATCCGG,9992,937.92,extrapolated
E19.5,E19_5_S2,AGGAAAATCCGG,10130,939.46,extrapolated
