row_in_figure,celltype_1,celltype_2,germ_layer_1,germ_layer_2,clade_ancestor_age_E,log2_enrichment_mean,log2_enrichment_A,log2_enrichment_B,significant_both_blastomeres,coupling_depth_E
1,Retinal progenitor cells,Retinal pigment cells,Neuroectoderm,Neuroectoderm,7.0,-0.212,-0.2793,-0.1447,0,8.25
1,Retinal progenitor cells,Retinal pigment cells,Neuroectoderm,Neuroectoderm,7.25,-0.0867,-0.1204,-0.053,0,8.25
1,Retinal progenitor cells,Retinal pigment cells,Neuroectoderm,Neuroectoderm,7.5,0.3084,0.3921,0.2247,0,8.25
1,Retinal progenitor cells,Retinal pigment cells,Neuroectoderm,Neuroectoderm,7.75,0.5984,0.7541,0.4427,0,8.25
1,Retinal progenitor cells,Retinal pigment cells,Neuroectoderm,Neuroectoderm,8.0,0.8132,0.9988,0.6275,0,8.25
1,Retinal progenitor cells,Retinal pigment cells,Neuroectoderm,Neuroectoderm,8.25,0.9591,1.0699,0.8482,1,8.25
1,Retinal progenitor cells,Retinal pigment cells,Neuroectoderm,Neuroectoderm,8.5,1.1125,1.199,1.026,1,8.25
1,Retinal progenitor cells,Retinal pigment cells,Neuroectoderm,Neuroectoderm,8.75,1.3352,1.4405,1.23,1,8.25
1,Retinal progenitor cells,Retinal pigment cells,Neuroectoderm,Neuroectoderm,9.0,1.4432,1.5349,1.3516,1,8.25
1,Retinal progenitor cells,Retinal pigment cells,Neuroectoderm,Neuroectoderm,9.25,1.6396,1.7503,1.529,1,8.25
1,Retinal progenitor cells,Retinal pigment cells,Neuroectoderm,Neuroectoderm,9.5,1.5894,1.6541,1.5247,1,8.25
1,Retinal progenitor cells,Retinal pigment cells,Neuroectoderm,Neuroectoderm,9.75,1.6978,1.7565,1.6392,1,8.25
1,Retinal progenitor cells,Retinal pigment cells,Neuroectoderm,Neuroectoderm,10.0,1.7512,1.8261,1.6763,1,8.25
1,Retinal progenitor cells,Retinal pigment cells,Neuroectoderm,Neuroectoderm,10.25,1.8941,1.9821,1.8061,1,8.25
1,Retinal progenitor cells,Retinal pigment cells,Neuroectoderm,Neuroectoderm,10.5,2.0405,1.9942,2.0868,1,8.25
1,Retinal progenitor cells,Retinal pigment cells,Neuroectoderm,Neuroectoderm,10.75,1.9788,1.9947,1.9629,1,8.25
1,Retinal progenitor cells,Retinal pigment cells,Neuroectoderm,Neuroectoderm,11.0,1.8395,2.0644,1.6146,1,8.25
1,Retinal progenitor cells,Retinal pigment cells,Neuroectoderm,Neuroectoderm,11.25,1.5517,2.1314,0.9721,0,8.25
1,Retinal progenitor cells,Retinal pigment cells,Neuroectoderm,Neuroectoderm,11.5,1.4837,2.0372,0.9302,0,8.25
1,Retinal progenitor cells,Retinal pigment cells,Neuroectoderm,Neuroectoderm,11.75,1.4714,2.1132,0.8296,0,8.25
1,Retinal progenitor cells,Retinal pigment cells,Neuroectoderm,Neuroectoderm,12.0,1.4364,1.8263,1.0465,0,8.25
1,Retinal progenitor cells,Retinal pigment cells,Neuroectoderm,Neuroectoderm,12.25,1.2466,1.2284,1.2647,0,8.25
1,Retinal progenitor cells,Retinal pigment cells,Neuroectoderm,Neuroectoderm,12.5,0.3065,-0.1963,0.8093,0,8.25
1,Retinal progenitor cells,Retinal pigment cells,Neuroectoderm,Neuroectoderm,12.75,0.3822,-0.1306,0.8951,0,8.25
1,Retinal progenitor cells,Retinal pigment cells,Neuroectoderm,Neuroectoderm,13.0,0.4329,-0.0715,0.9372,0,8.25
1,Retinal progenitor cells,Retinal pigment cells,Neuroectoderm,Neuroectoderm,13.25,0.4572,-0.0438,0.9583,0,8.25
2,Hematopoietic stem cells (Mpo+),Monocytes,Blood,Blood,7.0,-0.6373,-0.5597,-0.7149,0,8.5
2,Hematopoietic stem cells (Mpo+),Monocytes,Blood,Blood,7.25,-0.4204,-0.3995,-0.4413,0,8.5
2,Hematopoietic stem cells (Mpo+),Monocytes,Blood,Blood,7.5,-0.2318,-0.2612,-0.2023,0,8.5
2,Hematopoietic stem cells (Mpo+),Monocytes,Blood,Blood,7.75,0.004,-0.046,0.054,0,8.5
2,Hematopoietic stem cells (Mpo+),Monocytes,Blood,Blood,8.0,0.2351,0.2022,0.2679,0,8.5
2,Hematopoietic stem cells (Mpo+),Monocytes,Blood,Blood,8.25,0.4374,0.3887,0.486,0,8.5
2,Hematopoietic stem cells (Mpo+),Monocytes,Blood,Blood,8.5,0.5997,0.5692,0.6302,1,8.5
2,Hematopoietic stem cells (Mpo+),Monocytes,Blood,Blood,8.75,0.7345,0.6995,0.7694,1,8.5
2,Hematopoietic stem cells (Mpo+),Monocytes,Blood,Blood,9.0,0.9249,0.9055,0.9444,1,8.5
2,Hematopoietic stem cells (Mpo+),Monocytes,Blood,Blood,9.25,1.188,1.1917,1.1842,1,8.5
2,Hematopoietic stem cells (Mpo+),Monocytes,Blood,Blood,9.5,1.3562,1.3806,1.3318,1,8.5
2,Hematopoietic stem cells (Mpo+),Monocytes,Blood,Blood,9.75,1.5478,1.5711,1.5244,1,8.5
2,Hematopoietic stem cells (Mpo+),Monocytes,Blood,Blood,10.0,1.7399,1.7629,1.7169,1,8.5
2,Hematopoietic stem cells (Mpo+),Monocytes,Blood,Blood,10.25,1.8793,1.9003,1.8582,1,8.5
2,Hematopoietic stem cells (Mpo+),Monocytes,Blood,Blood,10.5,2.0978,2.0985,2.0972,1,8.5
2,Hematopoietic stem cells (Mpo+),Monocytes,Blood,Blood,10.75,2.3,2.3098,2.2902,1,8.5
2,Hematopoietic stem cells (Mpo+),Monocytes,Blood,Blood,11.0,2.4683,2.4284,2.5083,1,8.5
2,Hematopoietic stem cells (Mpo+),Monocytes,Blood,Blood,11.25,2.6028,2.5654,2.6403,1,8.5
2,Hematopoietic stem cells (Mpo+),Monocytes,Blood,Blood,11.5,2.7389,2.706,2.7718,1,8.5
2,Hematopoietic stem cells (Mpo+),Monocytes,Blood,Blood,11.75,2.9642,2.9816,2.9469,1,8.5
2,Hematopoietic stem cells (Mpo+),Monocytes,Blood,Blood,12.0,3.1495,3.2755,3.0234,1,8.5
2,Hematopoietic stem cells (Mpo+),Monocytes,Blood,Blood,12.25,3.3234,3.4036,3.2432,1,8.5
2,Hematopoietic stem cells (Mpo+),Monocytes,Blood,Blood,12.5,3.4476,3.5385,3.3568,1,8.5
2,Hematopoietic stem cells (Mpo+),Monocytes,Blood,Blood,12.75,3.4777,3.5982,3.3573,1,8.5
2,Hematopoietic stem cells (Mpo+),Monocytes,Blood,Blood,13.0,3.5909,3.69,3.4919,1,8.5
2,Hematopoietic stem cells (Mpo+),Monocytes,Blood,Blood,13.25,3.4915,3.5094,3.4737,1,8.5
3,Microglia,Monocytes,Blood,Blood,7.0,-0.553,-0.409,-0.697,0,8.75
3,Microglia,Monocytes,Blood,Blood,7.25,-0.2478,-0.1081,-0.3875,0,8.75
3,Microglia,Monocytes,Blood,Blood,7.5,0.011,0.1131,-0.0912,0,8.75
3,Microglia,Monocytes,Blood,Blood,7.75,0.2631,0.3852,0.1411,0,8.75
3,Microglia,Monocytes,Blood,Blood,8.0,0.4829,0.6554,0.3104,0,8.75
3,Microglia,Monocytes,Blood,Blood,8.25,0.7131,0.8648,0.5615,0,8.75
3,Microglia,Monocytes,Blood,Blood,8.5,0.8488,1.0693,0.6283,0,8.75
3,Microglia,Monocytes,Blood,Blood,8.75,1.0416,1.2387,0.8444,1,8.75
3,Microglia,Monocytes,Blood,Blood,9.0,1.1716,1.4151,0.9282,1,8.75
3,Microglia,Monocytes,Blood,Blood,9.25,1.3895,1.6072,1.1718,1,8.75
3,Microglia,Monocytes,Blood,Blood,9.5,1.5691,1.7754,1.3628,1,8.75
3,Microglia,Monocytes,Blood,Blood,9.75,1.7213,1.9423,1.5004,1,8.75
3,Microglia,Monocytes,Blood,Blood,10.0,1.9496,2.075,1.8241,1,8.75
3,Microglia,Monocytes,Blood,Blood,10.25,2.0683,2.197,1.9395,1,8.75
3,Microglia,Monocytes,Blood,Blood,10.5,2.2797,2.3941,2.1654,1,8.75
3,Microglia,Monocytes,Blood,Blood,10.75,2.3668,2.5488,2.1849,1,8.75
3,Microglia,Monocytes,Blood,Blood,11.0,2.4683,2.5575,2.3792,1,8.75
3,Microglia,Monocytes,Blood,Blood,11.25,2.4571,2.4598,2.4544,1,8.75
3,Microglia,Monocytes,Blood,Blood,11.5,2.4726,2.4917,2.4535,1,8.75
3,Microglia,Monocytes,Blood,Blood,11.75,2.5728,2.496,2.6495,1,8.75
3,Microglia,Monocytes,Blood,Blood,12.0,2.561,2.5055,2.6165,1,8.75
3,Microglia,Monocytes,Blood,Blood,12.25,2.4264,2.2625,2.5904,1,8.75
3,Microglia,Monocytes,Blood,Blood,12.5,2.1542,1.915,2.3934,1,8.75
3,Microglia,Monocytes,Blood,Blood,12.75,1.8361,1.855,1.8173,1,8.75
3,Microglia,Monocytes,Blood,Blood,13.0,1.801,2.2022,1.3999,1,8.75
3,Microglia,Monocytes,Blood,Blood,13.25,1.7574,2.3553,1.1595,0,8.75
4,Mast cells,Monocytes,Blood,Blood,7.0,-0.5669,-0.5394,-0.5943,0,8.75
4,Mast cells,Monocytes,Blood,Blood,7.25,-0.323,-0.2886,-0.3573,0,8.75
4,Mast cells,Monocytes,Blood,Blood,7.5,-0.1458,-0.207,-0.0846,0,8.75
4,Mast cells,Monocytes,Blood,Blood,7.75,0.1354,0.1028,0.168,0,8.75
4,Mast cells,Monocytes,Blood,Blood,8.0,0.3365,0.3392,0.3337,0,8.75
4,Mast cells,Monocytes,Blood,Blood,8.25,0.5427,0.5489,0.5366,0,8.75
4,Mast cells,Monocytes,Blood,Blood,8.5,0.6766,0.7162,0.6369,0,8.75
4,Mast cells,Monocytes,Blood,Blood,8.75,0.8599,0.8858,0.8341,1,8.75
4,Mast cells,Monocytes,Blood,Blood,9.0,1.0299,1.0648,0.995,1,8.75
4,Mast cells,Monocytes,Blood,Blood,9.25,1.2776,1.3314,1.2238,1,8.75
4,Mast cells,Monocytes,Blood,Blood,9.5,1.4047,1.5044,1.3051,1,8.75
4,Mast cells,Monocytes,Blood,Blood,9.75,1.5953,1.7469,1.4437,1,8.75
4,Mast cells,Monocytes,Blood,Blood,10.0,1.8099,1.9395,1.6803,1,8.75
4,Mast cells,Monocytes,Blood,Blood,10.25,1.9068,2.0549,1.7586,1,8.75
4,Mast cells,Monocytes,Blood,Blood,10.5,2.1427,2.219,2.0663,1,8.75
4,Mast cells,Monocytes,Blood,Blood,10.75,2.2833,2.3713,2.1953,1,8.75
4,Mast cells,Monocytes,Blood,Blood,11.0,2.3634,2.4656,2.2612,1,8.75
4,Mast cells,Monocytes,Blood,Blood,11.25,2.4409,2.6193,2.2626,1,8.75
4,Mast cells,Monocytes,Blood,Blood,11.5,2.4634,2.6297,2.2971,1,8.75
4,Mast cells,Monocytes,Blood,Blood,11.75,2.5071,2.6811,2.333,1,8.75
4,Mast cells,Monocytes,Blood,Blood,12.0,2.4736,2.5495,2.3978,1,8.75
4,Mast cells,Monocytes,Blood,Blood,12.25,2.378,2.4205,2.3355,1,8.75
4,Mast cells,Monocytes,Blood,Blood,12.5,2.2432,2.2629,2.2234,1,8.75
4,Mast cells,Monocytes,Blood,Blood,12.75,2.1197,2.1584,2.0811,1,8.75
4,Mast cells,Monocytes,Blood,Blood,13.0,1.914,1.6338,2.1943,1,8.75
4,Mast cells,Monocytes,Blood,Blood,13.25,1.3765,0.9619,1.791,0,8.75
5,Metanephric mesenchyme,Nephron progenitors,Mesoderm,Mesoderm,7.0,-1.096,-0.9033,-1.2887,0,9.0
5,Metanephric mesenchyme,Nephron progenitors,Mesoderm,Mesoderm,7.25,-0.9288,-0.8429,-1.0147,0,9.0
5,Metanephric mesenchyme,Nephron progenitors,Mesoderm,Mesoderm,7.5,-0.8175,-0.8466,-0.7884,0,9.0
5,Metanephric mesenchyme,Nephron progenitors,Mesoderm,Mesoderm,7.75,-0.6315,-0.6753,-0.5876,0,9.0
5,Metanephric mesenchyme,Nephron progenitors,Mesoderm,Mesoderm,8.0,-0.3795,-0.4159,-0.3431,0,9.0
5,Metanephric mesenchyme,Nephron progenitors,Mesoderm,Mesoderm,8.25,-0.1467,-0.201,-0.0925,0,9.0
5,Metanephric mesenchyme,Nephron progenitors,Mesoderm,Mesoderm,8.5,0.0151,-0.0049,0.0352,0,9.0
5,Metanephric mesenchyme,Nephron progenitors,Mesoderm,Mesoderm,8.75,0.2486,0.2395,0.2577,0,9.0
5,Metanephric mesenchyme,Nephron progenitors,Mesoderm,Mesoderm,9.0,0.5117,0.4873,0.5361,1,9.0
5,Metanephric mesenchyme,Nephron progenitors,Mesoderm,Mesoderm,9.25,0.7314,0.754,0.7088,1,9.0
5,Metanephric mesenchyme,Nephron progenitors,Mesoderm,Mesoderm,9.5,1.0214,1.046,0.9969,1,9.0
5,Metanephric mesenchyme,Nephron progenitors,Mesoderm,Mesoderm,9.75,1.1592,1.2359,1.0825,1,9.0
5,Metanephric mesenchyme,Nephron progenitors,Mesoderm,Mesoderm,10.0,1.4275,1.4354,1.4197,1,9.0
5,Metanephric mesenchyme,Nephron progenitors,Mesoderm,Mesoderm,10.25,1.6752,1.685,1.6655,1,9.0
5,Metanephric mesenchyme,Nephron progenitors,Mesoderm,Mesoderm,10.5,1.9096,1.9345,1.8847,1,9.0
5,Metanephric mesenchyme,Nephron progenitors,Mesoderm,Mesoderm,10.75,2.0641,2.1176,2.0105,1,9.0
5,Metanephric mesenchyme,Nephron progenitors,Mesoderm,Mesoderm,11.0,2.2641,2.3348,2.1934,1,9.0
5,Metanephric mesenchyme,Nephron progenitors,Mesoderm,Mesoderm,11.25,2.5148,2.6084,2.4212,1,9.0
5,Metanephric mesenchyme,Nephron progenitors,Mesoderm,Mesoderm,11.5,2.7625,2.8748,2.6503,1,9.0
5,Metanephric mesenchyme,Nephron progenitors,Mesoderm,Mesoderm,11.75,2.9774,3.1103,2.8444,1,9.0
5,Metanephric mesenchyme,Nephron progenitors,Mesoderm,Mesoderm,12.0,3.1991,3.3108,3.0874,1,9.0
5,Metanephric mesenchyme,Nephron progenitors,Mesoderm,Mesoderm,12.25,3.4642,3.6654,3.263,1,9.0
5,Metanephric mesenchyme,Nephron progenitors,Mesoderm,Mesoderm,12.5,3.6502,4.0226,3.2777,1,9.0
5,Metanephric mesenchyme,Nephron progenitors,Mesoderm,Mesoderm,12.75,3.9519,4.3474,3.5564,1,9.0
5,Metanephric mesenchyme,Nephron progenitors,Mesoderm,Mesoderm,13.0,4.0204,4.4249,3.6158,1,9.0
5,Metanephric mesenchyme,Nephron progenitors,Mesoderm,Mesoderm,13.25,4.1043,4.498,3.7107,1,9.0
6,Retinal progenitor cells,Retinal ganglion cells,Neuroectoderm,Neuroectoderm,7.0,-0.7306,-0.6245,-0.8366,0,9.0
6,Retinal progenitor cells,Retinal ganglion cells,Neuroectoderm,Neuroectoderm,7.25,-0.6018,-0.4976,-0.706,0,9.0
6,Retinal progenitor cells,Retinal ganglion cells,Neuroectoderm,Neuroectoderm,7.5,-0.3268,-0.1514,-0.5022,0,9.0
6,Retinal progenitor cells,Retinal ganglion cells,Neuroectoderm,Neuroectoderm,7.75,-0.1283,0.04,-0.2967,0,9.0
6,Retinal progenitor cells,Retinal ganglion cells,Neuroectoderm,Neuroectoderm,8.0,0.1469,0.3677,-0.0738,0,9.0
6,Retinal progenitor cells,Retinal ganglion cells,Neuroectoderm,Neuroectoderm,8.25,0.3446,0.5981,0.0912,0,9.0
6,Retinal progenitor cells,Retinal ganglion cells,Neuroectoderm,Neuroectoderm,8.5,0.5581,0.8799,0.2363,0,9.0
6,Retinal progenitor cells,Retinal ganglion cells,Neuroectoderm,Neuroectoderm,8.75,0.7516,1.0909,0.4122,0,9.0
6,Retinal progenitor cells,Retinal ganglion cells,Neuroectoderm,Neuroectoderm,9.0,0.9011,1.293,0.5092,1,9.0
6,Retinal progenitor cells,Retinal ganglion cells,Neuroectoderm,Neuroectoderm,9.25,1.1678,1.5642,0.7713,1,9.0
6,Retinal progenitor cells,Retinal ganglion cells,Neuroectoderm,Neuroectoderm,9.5,1.3783,1.7668,0.9899,1,9.0
6,Retinal progenitor cells,Retinal ganglion cells,Neuroectoderm,Neuroectoderm,9.75,1.5658,1.9285,1.2031,1,9.0
6,Retinal progenitor cells,Retinal ganglion cells,Neuroectoderm,Neuroectoderm,10.0,1.7515,2.0945,1.4085,1,9.0
6,Retinal progenitor cells,Retinal ganglion cells,Neuroectoderm,Neuroectoderm,10.25,1.8674,2.1828,1.552,1,9.0
6,Retinal progenitor cells,Retinal ganglion cells,Neuroectoderm,Neuroectoderm,10.5,2.1208,2.4381,1.8036,1,9.0
6,Retinal progenitor cells,Retinal ganglion cells,Neuroectoderm,Neuroectoderm,10.75,2.2707,2.5914,1.95,1,9.0
6,Retinal progenitor cells,Retinal ganglion cells,Neuroectoderm,Neuroectoderm,11.0,2.4584,2.7841,2.1326,1,9.0
6,Retinal progenitor cells,Retinal ganglion cells,Neuroectoderm,Neuroectoderm,11.25,2.6779,3.0574,2.2985,1,9.0
6,Retinal progenitor cells,Retinal ganglion cells,Neuroectoderm,Neuroectoderm,11.5,2.8275,3.1754,2.4797,1,9.0
6,Retinal progenitor cells,Retinal ganglion cells,Neuroectoderm,Neuroectoderm,11.75,3.0831,3.4493,2.717,1,9.0
6,Retinal progenitor cells,Retinal ganglion cells,Neuroectoderm,Neuroectoderm,12.0,3.177,3.6027,2.7514,1,9.0
6,Retinal progenitor cells,Retinal ganglion cells,Neuroectoderm,Neuroectoderm,12.25,3.4736,3.8251,3.122,1,9.0
6,Retinal progenitor cells,Retinal ganglion cells,Neuroectoderm,Neuroectoderm,12.5,3.4571,3.7804,3.1337,1,9.0
6,Retinal progenitor cells,Retinal ganglion cells,Neuroectoderm,Neuroectoderm,12.75,3.5227,3.8179,3.2275,1,9.0
6,Retinal progenitor cells,Retinal ganglion cells,Neuroectoderm,Neuroectoderm,13.0,3.4204,3.3093,3.5314,1,9.0
6,Retinal progenitor cells,Retinal ganglion cells,Neuroectoderm,Neuroectoderm,13.25,3.118,2.7656,3.4704,1,9.0
7,Eye field,Retinal progenitor cells,Neuroectoderm,Neuroectoderm,7.0,-0.7766,-0.6895,-0.8638,0,9.0
7,Eye field,Retinal progenitor cells,Neuroectoderm,Neuroectoderm,7.25,-0.6475,-0.6299,-0.665,0,9.0
7,Eye field,Retinal progenitor cells,Neuroectoderm,Neuroectoderm,7.5,-0.3853,-0.3139,-0.4567,0,9.0
7,Eye field,Retinal progenitor cells,Neuroectoderm,Neuroectoderm,7.75,-0.2025,-0.0899,-0.3152,0,9.0
7,Eye field,Retinal progenitor cells,Neuroectoderm,Neuroectoderm,8.0,0.0751,0.2165,-0.0664,0,9.0
7,Eye field,Retinal progenitor cells,Neuroectoderm,Neuroectoderm,8.25,0.2649,0.4348,0.095,0,9.0
7,Eye field,Retinal progenitor cells,Neuroectoderm,Neuroectoderm,8.5,0.4593,0.6698,0.2487,0,9.0
7,Eye field,Retinal progenitor cells,Neuroectoderm,Neuroectoderm,8.75,0.6449,0.8731,0.4168,0,9.0
7,Eye field,Retinal progenitor cells,Neuroectoderm,Neuroectoderm,9.0,0.8161,1.0275,0.6047,1,9.0
7,Eye field,Retinal progenitor cells,Neuroectoderm,Neuroectoderm,9.25,1.0418,1.2458,0.8378,1,9.0
7,Eye field,Retinal progenitor cells,Neuroectoderm,Neuroectoderm,9.5,1.2248,1.4793,0.9703,1,9.0
7,Eye field,Retinal progenitor cells,Neuroectoderm,Neuroectoderm,9.75,1.4382,1.6915,1.1848,1,9.0
7,Eye field,Retinal progenitor cells,Neuroectoderm,Neuroectoderm,10.0,1.6549,1.8907,1.4192,1,9.0
7,Eye field,Retinal progenitor cells,Neuroectoderm,Neuroectoderm,10.25,1.7294,1.9857,1.4731,1,9.0
7,Eye field,Retinal progenitor cells,Neuroectoderm,Neuroectoderm,10.5,1.8817,2.124,1.6393,1,9.0
7,Eye field,Retinal progenitor cells,Neuroectoderm,Neuroectoderm,10.75,1.9585,2.198,1.719,1,9.0
7,Eye field,Retinal progenitor cells,Neuroectoderm,Neuroectoderm,11.0,2.0174,2.2807,1.7541,1,9.0
7,Eye field,Retinal progenitor cells,Neuroectoderm,Neuroectoderm,11.25,2.1525,2.5173,1.7876,1,9.0
7,Eye field,Retinal progenitor cells,Neuroectoderm,Neuroectoderm,11.5,2.2636,2.6585,1.8688,1,9.0
7,Eye field,Retinal progenitor cells,Neuroectoderm,Neuroectoderm,11.75,2.4216,2.8327,2.0106,1,9.0
7,Eye field,Retinal progenitor cells,Neuroectoderm,Neuroectoderm,12.0,2.6307,3.0871,2.1743,1,9.0
7,Eye field,Retinal progenitor cells,Neuroectoderm,Neuroectoderm,12.25,2.8884,3.2761,2.5008,1,9.0
7,Eye field,Retinal progenitor cells,Neuroectoderm,Neuroectoderm,12.5,3.0514,3.3674,2.7355,1,9.0
7,Eye field,Retinal progenitor cells,Neuroectoderm,Neuroectoderm,12.75,3.0234,3.2993,2.7475,1,9.0
7,Eye field,Retinal progenitor cells,Neuroectoderm,Neuroectoderm,13.0,2.8638,3.1274,2.6003,1,9.0
7,Eye field,Retinal progenitor cells,Neuroectoderm,Neuroectoderm,13.25,2.608,2.8173,2.3986,1,9.0
8,Mast cells,Definitive erythroblasts (CD36+),Blood,Blood,7.0,-0.5728,-0.52,-0.6256,0,9.0
8,Mast cells,Definitive erythroblasts (CD36+),Blood,Blood,7.25,-0.4743,-0.516,-0.4327,0,9.0
8,Mast cells,Definitive erythroblasts (CD36+),Blood,Blood,7.5,-0.2851,-0.3785,-0.1917,0,9.0
8,Mast cells,Definitive erythroblasts (CD36+),Blood,Blood,7.75,-0.0652,-0.1184,-0.012,0,9.0
8,Mast cells,Definitive erythroblasts (CD36+),Blood,Blood,8.0,0.1375,0.1147,0.1603,0,9.0
8,Mast cells,Definitive erythroblasts (CD36+),Blood,Blood,8.25,0.3254,0.3588,0.2919,0,9.0
8,Mast cells,Definitive erythroblasts (CD36+),Blood,Blood,8.5,0.4634,0.5326,0.3942,0,9.0
8,Mast cells,Definitive erythroblasts (CD36+),Blood,Blood,8.75,0.6281,0.7016,0.5546,0,9.0
8,Mast cells,Definitive erythroblasts (CD36+),Blood,Blood,9.0,0.7987,0.8491,0.7482,1,9.0
8,Mast cells,Definitive erythroblasts (CD36+),Blood,Blood,9.25,1.0508,1.1497,0.952,1,9.0
8,Mast cells,Definitive erythroblasts (CD36+),Blood,Blood,9.5,1.2223,1.3241,1.1204,1,9.0
8,Mast cells,Definitive erythroblasts (CD36+),Blood,Blood,9.75,1.3683,1.4682,1.2684,1,9.0
8,Mast cells,Definitive erythroblasts (CD36+),Blood,Blood,10.0,1.5354,1.6635,1.4074,1,9.0
8,Mast cells,Definitive erythroblasts (CD36+),Blood,Blood,10.25,1.7082,1.8781,1.5383,1,9.0
8,Mast cells,Definitive erythroblasts (CD36+),Blood,Blood,10.5,1.8635,2.1233,1.6037,1,9.0
8,Mast cells,Definitive erythroblasts (CD36+),Blood,Blood,10.75,1.9967,2.2327,1.7606,1,9.0
8,Mast cells,Definitive erythroblasts (CD36+),Blood,Blood,11.0,2.112,2.344,1.88,1,9.0
8,Mast cells,Definitive erythroblasts (CD36+),Blood,Blood,11.25,2.3331,2.5682,2.0981,1,9.0
8,Mast cells,Definitive erythroblasts (CD36+),Blood,Blood,11.5,2.4534,2.6427,2.2641,1,9.0
8,Mast cells,Definitive erythroblasts (CD36+),Blood,Blood,11.75,2.5796,2.6723,2.4868,1,9.0
8,Mast cells,Definitive erythroblasts (CD36+),Blood,Blood,12.0,2.6638,2.7304,2.5971,1,9.0
8,Mast cells,Definitive erythroblasts (CD36+),Blood,Blood,12.25,2.6519,2.7798,2.524,1,9.0
8,Mast cells,Definitive erythroblasts (CD36+),Blood,Blood,12.5,2.7743,2.8926,2.6559,1,9.0
8,Mast cells,Definitive erythroblasts (CD36+),Blood,Blood,12.75,2.7594,3.0481,2.4707,1,9.0
8,Mast cells,Definitive erythroblasts (CD36+),Blood,Blood,13.0,2.6592,2.9541,2.3644,1,9.0
8,Mast cells,Definitive erythroblasts (CD36+),Blood,Blood,13.25,2.1996,2.5712,1.8281,1,9.0
9,Definitive erythroblasts (CD36+),Microglia,Blood,Blood,7.0,-0.5169,-0.5915,-0.4424,0,9.0
9,Definitive erythroblasts (CD36+),Microglia,Blood,Blood,7.25,-0.4491,-0.5945,-0.3037,0,9.0
9,Definitive erythroblasts (CD36+),Microglia,Blood,Blood,7.5,-0.2165,-0.4244,-0.0087,0,9.0
9,Definitive erythroblasts (CD36+),Microglia,Blood,Blood,7.75,-0.0082,-0.1655,0.1491,0,9.0
9,Definitive erythroblasts (CD36+),Microglia,Blood,Blood,8.0,0.1366,0.0639,0.2093,0,9.0
9,Definitive erythroblasts (CD36+),Microglia,Blood,Blood,8.25,0.3072,0.2328,0.3816,0,9.0
9,Definitive erythroblasts (CD36+),Microglia,Blood,Blood,8.5,0.487,0.4428,0.5313,0,9.0
9,Definitive erythroblasts (CD36+),Microglia,Blood,Blood,8.75,0.5979,0.5314,0.6643,0,9.0
9,Definitive erythroblasts (CD36+),Microglia,Blood,Blood,9.0,0.7907,0.7543,0.827,1,9.0
9,Definitive erythroblasts (CD36+),Microglia,Blood,Blood,9.25,1.0715,1.0229,1.1201,1,9.0
9,Definitive erythroblasts (CD36+),Microglia,Blood,Blood,9.5,1.2406,1.1924,1.2888,1,9.0
9,Definitive erythroblasts (CD36+),Microglia,Blood,Blood,9.75,1.3844,1.3736,1.3952,1,9.0
9,Definitive erythroblasts (CD36+),Microglia,Blood,Blood,10.0,1.5168,1.499,1.5345,1,9.0
9,Definitive erythroblasts (CD36+),Microglia,Blood,Blood,10.25,1.7108,1.7533,1.6683,1,9.0
9,Definitive erythroblasts (CD36+),Microglia,Blood,Blood,10.5,1.9007,1.9355,1.8659,1,9.0
9,Definitive erythroblasts (CD36+),Microglia,Blood,Blood,10.75,2.0663,2.113,2.0196,1,9.0
9,Definitive erythroblasts (CD36+),Microglia,Blood,Blood,11.0,2.1626,2.1895,2.1357,1,9.0
9,Definitive erythroblasts (CD36+),Microglia,Blood,Blood,11.25,2.3489,2.4196,2.2781,1,9.0
9,Definitive erythroblasts (CD36+),Microglia,Blood,Blood,11.5,2.4867,2.5175,2.4559,1,9.0
9,Definitive erythroblasts (CD36+),Microglia,Blood,Blood,11.75,2.57,2.5507,2.5892,1,9.0
9,Definitive erythroblasts (CD36+),Microglia,Blood,Blood,12.0,2.6113,2.7457,2.4769,1,9.0
9,Definitive erythroblasts (CD36+),Microglia,Blood,Blood,12.25,2.7712,2.9343,2.608,1,9.0
9,Definitive erythroblasts (CD36+),Microglia,Blood,Blood,12.5,2.6484,2.9515,2.3453,1,9.0
9,Definitive erythroblasts (CD36+),Microglia,Blood,Blood,12.75,2.5388,3.0977,1.9798,1,9.0
9,Definitive erythroblasts (CD36+),Microglia,Blood,Blood,13.0,2.1439,2.9354,1.3525,1,9.0
9,Definitive erythroblasts (CD36+),Microglia,Blood,Blood,13.25,1.8455,2.6684,1.0226,0,9.0
10,Choroid plexus,Anterior roof plate,Neuroectoderm,Neuroectoderm,7.0,-0.306,-0.3081,-0.304,0,9.0
10,Choroid plexus,Anterior roof plate,Neuroectoderm,Neuroectoderm,7.25,-0.2203,-0.1583,-0.2823,0,9.0
10,Choroid plexus,Anterior roof plate,Neuroectoderm,Neuroectoderm,7.5,-0.0207,0.0079,-0.0492,0,9.0
10,Choroid plexus,Anterior roof plate,Neuroectoderm,Neuroectoderm,7.75,0.1514,0.1697,0.1331,0,9.0
10,Choroid plexus,Anterior roof plate,Neuroectoderm,Neuroectoderm,8.0,0.3076,0.3846,0.2306,0,9.0
10,Choroid plexus,Anterior roof plate,Neuroectoderm,Neuroectoderm,8.25,0.424,0.4764,0.3716,0,9.0
10,Choroid plexus,Anterior roof plate,Neuroectoderm,Neuroectoderm,8.5,0.564,0.6033,0.5247,0,9.0
10,Choroid plexus,Anterior roof plate,Neuroectoderm,Neuroectoderm,8.75,0.7385,0.808,0.6691,0,9.0
10,Choroid plexus,Anterior roof plate,Neuroectoderm,Neuroectoderm,9.0,0.8602,0.8788,0.8415,1,9.0
10,Choroid plexus,Anterior roof plate,Neuroectoderm,Neuroectoderm,9.25,0.991,1.0027,0.9794,1,9.0
10,Choroid plexus,Anterior roof plate,Neuroectoderm,Neuroectoderm,9.5,1.1649,1.2422,1.0877,1,9.0
10,Choroid plexus,Anterior roof plate,Neuroectoderm,Neuroectoderm,9.75,1.2258,1.2842,1.1674,1,9.0
10,Choroid plexus,Anterior roof plate,Neuroectoderm,Neuroectoderm,10.0,1.323,1.5232,1.1227,1,9.0
10,Choroid plexus,Anterior roof plate,Neuroectoderm,Neuroectoderm,10.25,1.4676,1.6324,1.3027,1,9.0
10,Choroid plexus,Anterior roof plate,Neuroectoderm,Neuroectoderm,10.5,1.6439,1.7257,1.562,1,9.0
10,Choroid plexus,Anterior roof plate,Neuroectoderm,Neuroectoderm,10.75,1.6964,2.0228,1.3699,1,9.0
10,Choroid plexus,Anterior roof plate,Neuroectoderm,Neuroectoderm,11.0,1.8002,2.1777,1.4228,1,9.0
10,Choroid plexus,Anterior roof plate,Neuroectoderm,Neuroectoderm,11.25,1.8335,2.4052,1.2617,1,9.0
10,Choroid plexus,Anterior roof plate,Neuroectoderm,Neuroectoderm,11.5,1.9954,2.6254,1.3654,1,9.0
10,Choroid plexus,Anterior roof plate,Neuroectoderm,Neuroectoderm,11.75,2.2745,2.8636,1.6855,1,9.0
10,Choroid plexus,Anterior roof plate,Neuroectoderm,Neuroectoderm,12.0,2.3949,2.9822,1.8077,1,9.0
10,Choroid plexus,Anterior roof plate,Neuroectoderm,Neuroectoderm,12.25,2.5704,2.9862,2.1546,1,9.0
10,Choroid plexus,Anterior roof plate,Neuroectoderm,Neuroectoderm,12.5,2.5813,2.82,2.3426,1,9.0
10,Choroid plexus,Anterior roof plate,Neuroectoderm,Neuroectoderm,12.75,2.3396,2.5254,2.1538,1,9.0
10,Choroid plexus,Anterior roof plate,Neuroectoderm,Neuroectoderm,13.0,2.2631,2.2623,2.2639,1,9.0
10,Choroid plexus,Anterior roof plate,Neuroectoderm,Neuroectoderm,13.25,2.079,1.8055,2.3526,0,9.0
11,Myelinating Schwann cells (Tgfb2+),Parasympathetic neurons,Neural crest,Neural crest,7.0,-0.9692,-1.1747,-0.7637,0,9.25
11,Myelinating Schwann cells (Tgfb2+),Parasympathetic neurons,Neural crest,Neural crest,7.25,-0.9025,-1.1136,-0.6914,0,9.25
11,Myelinating Schwann cells (Tgfb2+),Parasympathetic neurons,Neural crest,Neural crest,7.5,-0.8013,-0.9893,-0.6132,0,9.25
11,Myelinating Schwann cells (Tgfb2+),Parasympathetic neurons,Neural crest,Neural crest,7.75,-0.6534,-0.8557,-0.4512,0,9.25
11,Myelinating Schwann cells (Tgfb2+),Parasympathetic neurons,Neural crest,Neural crest,8.0,-0.4516,-0.6104,-0.2928,0,9.25
11,Myelinating Schwann cells (Tgfb2+),Parasympathetic neurons,Neural crest,Neural crest,8.25,-0.2894,-0.424,-0.1549,0,9.25
11,Myelinating Schwann cells (Tgfb2+),Parasympathetic neurons,Neural crest,Neural crest,8.5,-0.1163,-0.2601,0.0276,0,9.25
11,Myelinating Schwann cells (Tgfb2+),Parasympathetic neurons,Neural crest,Neural crest,8.75,0.0614,-0.0623,0.1851,0,9.25
11,Myelinating Schwann cells (Tgfb2+),Parasympathetic neurons,Neural crest,Neural crest,9.0,0.299,0.1882,0.4098,0,9.25
11,Myelinating Schwann cells (Tgfb2+),Parasympathetic neurons,Neural crest,Neural crest,9.25,0.5681,0.4377,0.6985,1,9.25
11,Myelinating Schwann cells (Tgfb2+),Parasympathetic neurons,Neural crest,Neural crest,9.5,0.7761,0.6582,0.8941,1,9.25
11,Myelinating Schwann cells (Tgfb2+),Parasympathetic neurons,Neural crest,Neural crest,9.75,0.9694,0.8962,1.0427,1,9.25
11,Myelinating Schwann cells (Tgfb2+),Parasympathetic neurons,Neural crest,Neural crest,10.0,1.1519,1.084,1.2197,1,9.25
11,Myelinating Schwann cells (Tgfb2+),Parasympathetic neurons,Neural crest,Neural crest,10.25,1.3196,1.2732,1.3661,1,9.25
11,Myelinating Schwann cells (Tgfb2+),Parasympathetic neurons,Neural crest,Neural crest,10.5,1.5758,1.4929,1.6587,1,9.25
11,Myelinating Schwann cells (Tgfb2+),Parasympathetic neurons,Neural crest,Neural crest,10.75,1.7978,1.73,1.8656,1,9.25
11,Myelinating Schwann cells (Tgfb2+),Parasympathetic neurons,Neural crest,Neural crest,11.0,2.0553,1.9853,2.1254,1,9.25
11,Myelinating Schwann cells (Tgfb2+),Parasympathetic neurons,Neural crest,Neural crest,11.25,2.2921,2.2595,2.3247,1,9.25
11,Myelinating Schwann cells (Tgfb2+),Parasympathetic neurons,Neural crest,Neural crest,11.5,2.5649,2.5639,2.5658,1,9.25
11,Myelinating Schwann cells (Tgfb2+),Parasympathetic neurons,Neural crest,Neural crest,11.75,2.7771,2.8371,2.7171,1,9.25
11,Myelinating Schwann cells (Tgfb2+),Parasympathetic neurons,Neural crest,Neural crest,12.0,3.1035,3.144,3.063,1,9.25
11,Myelinating Schwann cells (Tgfb2+),Parasympathetic neurons,Neural crest,Neural crest,12.25,3.3929,3.3919,3.3938,1,9.25
11,Myelinating Schwann cells (Tgfb2+),Parasympathetic neurons,Neural crest,Neural crest,12.5,3.5897,3.67,3.5094,1,9.25
11,Myelinating Schwann cells (Tgfb2+),Parasympathetic neurons,Neural crest,Neural crest,12.75,3.7808,3.9447,3.617,1,9.25
11,Myelinating Schwann cells (Tgfb2+),Parasympathetic neurons,Neural crest,Neural crest,13.0,3.9083,4.0833,3.7333,1,9.25
11,Myelinating Schwann cells (Tgfb2+),Parasympathetic neurons,Neural crest,Neural crest,13.25,3.8848,4.0817,3.6879,1,9.25
12,Naive retinal progenitor cells,Retinal progenitor cells,Neuroectoderm,Neuroectoderm,7.0,-0.9516,-0.9334,-0.9698,0,9.25
12,Naive retinal progenitor cells,Retinal progenitor cells,Neuroectoderm,Neuroectoderm,7.25,-0.8711,-0.897,-0.8452,0,9.25
12,Naive retinal progenitor cells,Retinal progenitor cells,Neuroectoderm,Neuroectoderm,7.5,-0.6686,-0.651,-0.6862,0,9.25
12,Naive retinal progenitor cells,Retinal progenitor cells,Neuroectoderm,Neuroectoderm,7.75,-0.52,-0.5187,-0.5213,0,9.25
12,Naive retinal progenitor cells,Retinal progenitor cells,Neuroectoderm,Neuroectoderm,8.0,-0.2751,-0.2614,-0.2888,0,9.25
12,Naive retinal progenitor cells,Retinal progenitor cells,Neuroectoderm,Neuroectoderm,8.25,-0.1089,-0.0583,-0.1594,0,9.25
12,Naive retinal progenitor cells,Retinal progenitor cells,Neuroectoderm,Neuroectoderm,8.5,0.0404,0.1788,-0.0979,0,9.25
12,Naive retinal progenitor cells,Retinal progenitor cells,Neuroectoderm,Neuroectoderm,8.75,0.2594,0.3953,0.1236,0,9.25
12,Naive retinal progenitor cells,Retinal progenitor cells,Neuroectoderm,Neuroectoderm,9.0,0.3928,0.5517,0.2338,0,9.25
12,Naive retinal progenitor cells,Retinal progenitor cells,Neuroectoderm,Neuroectoderm,9.25,0.6098,0.7822,0.4375,1,9.25
12,Naive retinal progenitor cells,Retinal progenitor cells,Neuroectoderm,Neuroectoderm,9.5,0.8207,0.9942,0.6472,1,9.25
12,Naive retinal progenitor cells,Retinal progenitor cells,Neuroectoderm,Neuroectoderm,9.75,1.0592,1.2361,0.8824,1,9.25
12,Naive retinal progenitor cells,Retinal progenitor cells,Neuroectoderm,Neuroectoderm,10.0,1.3137,1.4289,1.1984,1,9.25
12,Naive retinal progenitor cells,Retinal progenitor cells,Neuroectoderm,Neuroectoderm,10.25,1.4881,1.6261,1.3502,1,9.25
12,Naive retinal progenitor cells,Retinal progenitor cells,Neuroectoderm,Neuroectoderm,10.5,1.7078,1.8554,1.5602,1,9.25
12,Naive retinal progenitor cells,Retinal progenitor cells,Neuroectoderm,Neuroectoderm,10.75,1.8835,2.0519,1.7152,1,9.25
12,Naive retinal progenitor cells,Retinal progenitor cells,Neuroectoderm,Neuroectoderm,11.0,2.0744,2.2896,1.8593,1,9.25
12,Naive retinal progenitor cells,Retinal progenitor cells,Neuroectoderm,Neuroectoderm,11.25,2.2974,2.5382,2.0565,1,9.25
12,Naive retinal progenitor cells,Retinal progenitor cells,Neuroectoderm,Neuroectoderm,11.5,2.4582,2.7013,2.2151,1,9.25
12,Naive retinal progenitor cells,Retinal progenitor cells,Neuroectoderm,Neuroectoderm,11.75,2.6931,2.9837,2.4025,1,9.25
12,Naive retinal progenitor cells,Retinal progenitor cells,Neuroectoderm,Neuroectoderm,12.0,2.8541,3.1389,2.5693,1,9.25
12,Naive retinal progenitor cells,Retinal progenitor cells,Neuroectoderm,Neuroectoderm,12.25,3.1674,3.404,2.9308,1,9.25
12,Naive retinal progenitor cells,Retinal progenitor cells,Neuroectoderm,Neuroectoderm,12.5,3.4363,3.6118,3.2608,1,9.25
12,Naive retinal progenitor cells,Retinal progenitor cells,Neuroectoderm,Neuroectoderm,12.75,3.5927,3.7859,3.3996,1,9.25
12,Naive retinal progenitor cells,Retinal progenitor cells,Neuroectoderm,Neuroectoderm,13.0,3.6884,4.0636,3.3132,1,9.25
12,Naive retinal progenitor cells,Retinal progenitor cells,Neuroectoderm,Neuroectoderm,13.25,3.546,3.8277,3.2644,1,9.25
13,Mast cells,Microglia,Blood,Blood,7.0,-0.7312,-0.7019,-0.7605,0,9.25
13,Mast cells,Microglia,Blood,Blood,7.25,-0.6636,-0.6435,-0.6836,0,9.25
13,Mast cells,Microglia,Blood,Blood,7.5,-0.4434,-0.4887,-0.3981,0,9.25
13,Mast cells,Microglia,Blood,Blood,7.75,-0.2519,-0.3013,-0.2024,0,9.25
13,Mast cells,Microglia,Blood,Blood,8.0,-0.0788,-0.0824,-0.0752,0,9.25
13,Mast cells,Microglia,Blood,Blood,8.25,0.106,0.1113,0.1008,0,9.25
13,Mast cells,Microglia,Blood,Blood,8.5,0.239,0.3009,0.1772,0,9.25
13,Mast cells,Microglia,Blood,Blood,8.75,0.4103,0.4827,0.3379,0,9.25
13,Mast cells,Microglia,Blood,Blood,9.0,0.6203,0.7518,0.4887,0,9.25
13,Mast cells,Microglia,Blood,Blood,9.25,0.8606,0.9851,0.736,1,9.25
13,Mast cells,Microglia,Blood,Blood,9.5,0.9944,1.1229,0.8658,1,9.25
13,Mast cells,Microglia,Blood,Blood,9.75,1.1483,1.2693,1.0272,1,9.25
13,Mast cells,Microglia,Blood,Blood,10.0,1.3887,1.4681,1.3092,1,9.25
13,Mast cells,Microglia,Blood,Blood,10.25,1.522,1.6275,1.4166,1,9.25
13,Mast cells,Microglia,Blood,Blood,10.5,1.7542,1.8511,1.6573,1,9.25
13,Mast cells,Microglia,Blood,Blood,10.75,1.9106,1.9769,1.8442,1,9.25
13,Mast cells,Microglia,Blood,Blood,11.0,2.0458,2.0498,2.0417,1,9.25
13,Mast cells,Microglia,Blood,Blood,11.25,2.207,2.2762,2.1379,1,9.25
13,Mast cells,Microglia,Blood,Blood,11.5,2.3618,2.4524,2.2713,1,9.25
13,Mast cells,Microglia,Blood,Blood,11.75,2.5379,2.6849,2.3909,1,9.25
13,Mast cells,Microglia,Blood,Blood,12.0,2.5627,2.7427,2.3826,1,9.25
13,Mast cells,Microglia,Blood,Blood,12.25,2.7286,2.9088,2.5485,1,9.25
13,Mast cells,Microglia,Blood,Blood,12.5,2.7333,2.8314,2.6352,1,9.25
13,Mast cells,Microglia,Blood,Blood,12.75,2.6638,2.9042,2.4234,1,9.25
13,Mast cells,Microglia,Blood,Blood,13.0,2.1946,2.5555,1.8338,1,9.25
13,Mast cells,Microglia,Blood,Blood,13.25,2.2781,2.6538,1.9025,1,9.25
14,Olfactory bulb cells,Olfactory sensory neurons,Neuroectoderm,Surface ectoderm,7.0,-1.3686,-1.1981,-1.5392,0,9.5
14,Olfactory bulb cells,Olfactory sensory neurons,Neuroectoderm,Surface ectoderm,7.25,-1.3545,-1.1873,-1.5218,0,9.5
14,Olfactory bulb cells,Olfactory sensory neurons,Neuroectoderm,Surface ectoderm,7.5,-1.2879,-1.2066,-1.3692,0,9.5
14,Olfactory bulb cells,Olfactory sensory neurons,Neuroectoderm,Surface ectoderm,7.75,-0.9493,-0.8934,-1.0051,0,9.5
14,Olfactory bulb cells,Olfactory sensory neurons,Neuroectoderm,Surface ectoderm,8.0,-0.6973,-0.6112,-0.7833,0,9.5
14,Olfactory bulb cells,Olfactory sensory neurons,Neuroectoderm,Surface ectoderm,8.25,-0.4035,-0.3065,-0.5005,0,9.5
14,Olfactory bulb cells,Olfactory sensory neurons,Neuroectoderm,Surface ectoderm,8.5,-0.2058,-0.163,-0.2486,0,9.5
14,Olfactory bulb cells,Olfactory sensory neurons,Neuroectoderm,Surface ectoderm,8.75,0.0033,0.0284,-0.0218,0,9.5
14,Olfactory bulb cells,Olfactory sensory neurons,Neuroectoderm,Surface ectoderm,9.0,0.1645,0.1932,0.1358,0,9.5
14,Olfactory bulb cells,Olfactory sensory neurons,Neuroectoderm,Surface ectoderm,9.25,0.3949,0.3718,0.4179,0,9.5
14,Olfactory bulb cells,Olfactory sensory neurons,Neuroectoderm,Surface ectoderm,9.5,0.5745,0.5784,0.5706,1,9.5
14,Olfactory bulb cells,Olfactory sensory neurons,Neuroectoderm,Surface ectoderm,9.75,0.7969,0.8068,0.7871,1,9.5
14,Olfactory bulb cells,Olfactory sensory neurons,Neuroectoderm,Surface ectoderm,10.0,0.9988,1.0011,0.9964,1,9.5
14,Olfactory bulb cells,Olfactory sensory neurons,Neuroectoderm,Surface ectoderm,10.25,1.2135,1.2441,1.1828,1,9.5
14,Olfactory bulb cells,Olfactory sensory neurons,Neuroectoderm,Surface ectoderm,10.5,1.4252,1.443,1.4074,1,9.5
14,Olfactory bulb cells,Olfactory sensory neurons,Neuroectoderm,Surface ectoderm,10.75,1.6744,1.651,1.6977,1,9.5
14,Olfactory bulb cells,Olfactory sensory neurons,Neuroectoderm,Surface ectoderm,11.0,1.9061,1.8785,1.9337,1,9.5
14,Olfactory bulb cells,Olfactory sensory neurons,Neuroectoderm,Surface ectoderm,11.25,2.0607,2.0668,2.0546,1,9.5
14,Olfactory bulb cells,Olfactory sensory neurons,Neuroectoderm,Surface ectoderm,11.5,2.1902,2.2173,2.163,1,9.5
14,Olfactory bulb cells,Olfactory sensory neurons,Neuroectoderm,Surface ectoderm,11.75,2.3436,2.3896,2.2975,1,9.5
14,Olfactory bulb cells,Olfactory sensory neurons,Neuroectoderm,Surface ectoderm,12.0,2.5842,2.6667,2.5017,1,9.5
14,Olfactory bulb cells,Olfactory sensory neurons,Neuroectoderm,Surface ectoderm,12.25,2.8845,2.9131,2.8559,1,9.5
14,Olfactory bulb cells,Olfactory sensory neurons,Neuroectoderm,Surface ectoderm,12.5,3.1904,3.2474,3.1334,1,9.5
14,Olfactory bulb cells,Olfactory sensory neurons,Neuroectoderm,Surface ectoderm,12.75,3.5097,3.6348,3.3845,1,9.5
14,Olfactory bulb cells,Olfactory sensory neurons,Neuroectoderm,Surface ectoderm,13.0,3.7819,3.9993,3.5646,1,9.5
14,Olfactory bulb cells,Olfactory sensory neurons,Neuroectoderm,Surface ectoderm,13.25,3.8721,4.1375,3.6067,1,9.5
15,Olfactory epithelial cells,Olfactory bulb cells,Surface ectoderm,Neuroectoderm,7.0,-1.4207,-1.1991,-1.6424,0,9.5
15,Olfactory epithelial cells,Olfactory bulb cells,Surface ectoderm,Neuroectoderm,7.25,-1.3168,-1.0997,-1.5338,0,9.5
15,Olfactory epithelial cells,Olfactory bulb cells,Surface ectoderm,Neuroectoderm,7.5,-1.2361,-1.0388,-1.4333,0,9.5
15,Olfactory epithelial cells,Olfactory bulb cells,Surface ectoderm,Neuroectoderm,7.75,-0.9558,-0.7851,-1.1264,0,9.5
15,Olfactory epithelial cells,Olfactory bulb cells,Surface ectoderm,Neuroectoderm,8.0,-0.6911,-0.5576,-0.8247,0,9.5
15,Olfactory epithelial cells,Olfactory bulb cells,Surface ectoderm,Neuroectoderm,8.25,-0.3828,-0.3113,-0.4543,0,9.5
15,Olfactory epithelial cells,Olfactory bulb cells,Surface ectoderm,Neuroectoderm,8.5,-0.2293,-0.1976,-0.261,0,9.5
15,Olfactory epithelial cells,Olfactory bulb cells,Surface ectoderm,Neuroectoderm,8.75,-0.0411,-0.0666,-0.0157,0,9.5
15,Olfactory epithelial cells,Olfactory bulb cells,Surface ectoderm,Neuroectoderm,9.0,0.1688,0.1677,0.1699,0,9.5
15,Olfactory epithelial cells,Olfactory bulb cells,Surface ectoderm,Neuroectoderm,9.25,0.4141,0.3532,0.4749,0,9.5
15,Olfactory epithelial cells,Olfactory bulb cells,Surface ectoderm,Neuroectoderm,9.5,0.566,0.5767,0.5554,1,9.5
15,Olfactory epithelial cells,Olfactory bulb cells,Surface ectoderm,Neuroectoderm,9.75,0.753,0.7858,0.7201,1,9.5
15,Olfactory epithelial cells,Olfactory bulb cells,Surface ectoderm,Neuroectoderm,10.0,0.9933,1.0376,0.9491,1,9.5
15,Olfactory epithelial cells,Olfactory bulb cells,Surface ectoderm,Neuroectoderm,10.25,1.2009,1.2095,1.1923,1,9.5
15,Olfactory epithelial cells,Olfactory bulb cells,Surface ectoderm,Neuroectoderm,10.5,1.4145,1.423,1.4059,1,9.5
15,Olfactory epithelial cells,Olfactory bulb cells,Surface ectoderm,Neuroectoderm,10.75,1.5897,1.578,1.6013,1,9.5
15,Olfactory epithelial cells,Olfactory bulb cells,Surface ectoderm,Neuroectoderm,11.0,1.7995,1.8112,1.7879,1,9.5
15,Olfactory epithelial cells,Olfactory bulb cells,Surface ectoderm,Neuroectoderm,11.25,1.9479,1.9788,1.9171,1,9.5
15,Olfactory epithelial cells,Olfactory bulb cells,Surface ectoderm,Neuroectoderm,11.5,2.0779,2.0961,2.0597,1,9.5
15,Olfactory epithelial cells,Olfactory bulb cells,Surface ectoderm,Neuroectoderm,11.75,2.276,2.2923,2.2596,1,9.5
15,Olfactory epithelial cells,Olfactory bulb cells,Surface ectoderm,Neuroectoderm,12.0,2.5488,2.5767,2.5209,1,9.5
15,Olfactory epithelial cells,Olfactory bulb cells,Surface ectoderm,Neuroectoderm,12.25,2.8776,2.8801,2.8751,1,9.5
15,Olfactory epithelial cells,Olfactory bulb cells,Surface ectoderm,Neuroectoderm,12.5,3.2222,3.2288,3.2156,1,9.5
15,Olfactory epithelial cells,Olfactory bulb cells,Surface ectoderm,Neuroectoderm,12.75,3.5059,3.4946,3.5171,1,9.5
15,Olfactory epithelial cells,Olfactory bulb cells,Surface ectoderm,Neuroectoderm,13.0,3.7954,3.8547,3.736,1,9.5
15,Olfactory epithelial cells,Olfactory bulb cells,Surface ectoderm,Neuroectoderm,13.25,3.8491,3.9281,3.7701,1,9.5
16,Eye field,Retinal ganglion cells,Neuroectoderm,Neuroectoderm,7.0,-1.1928,-1.0999,-1.2857,0,9.5
16,Eye field,Retinal ganglion cells,Neuroectoderm,Neuroectoderm,7.25,-1.1158,-1.088,-1.1437,0,9.5
16,Eye field,Retinal ganglion cells,Neuroectoderm,Neuroectoderm,7.5,-0.9725,-0.9095,-1.0354,0,9.5
16,Eye field,Retinal ganglion cells,Neuroectoderm,Neuroectoderm,7.75,-0.8133,-0.7318,-0.8947,0,9.5
16,Eye field,Retinal ganglion cells,Neuroectoderm,Neuroectoderm,8.0,-0.5947,-0.4814,-0.708,0,9.5
16,Eye field,Retinal ganglion cells,Neuroectoderm,Neuroectoderm,8.25,-0.3882,-0.256,-0.5205,0,9.5
16,Eye field,Retinal ganglion cells,Neuroectoderm,Neuroectoderm,8.5,-0.2639,-0.1054,-0.4224,0,9.5
16,Eye field,Retinal ganglion cells,Neuroectoderm,Neuroectoderm,8.75,-0.0703,0.1001,-0.2406,0,9.5
16,Eye field,Retinal ganglion cells,Neuroectoderm,Neuroectoderm,9.0,0.0976,0.297,-0.1018,0,9.5
16,Eye field,Retinal ganglion cells,Neuroectoderm,Neuroectoderm,9.25,0.3396,0.5209,0.1582,0,9.5
16,Eye field,Retinal ganglion cells,Neuroectoderm,Neuroectoderm,9.5,0.5469,0.7347,0.3591,1,9.5
16,Eye field,Retinal ganglion cells,Neuroectoderm,Neuroectoderm,9.75,0.7271,0.9034,0.5508,1,9.5
16,Eye field,Retinal ganglion cells,Neuroectoderm,Neuroectoderm,10.0,1.0211,1.2527,0.7896,1,9.5
16,Eye field,Retinal ganglion cells,Neuroectoderm,Neuroectoderm,10.25,1.1661,1.4211,0.9112,1,9.5
16,Eye field,Retinal ganglion cells,Neuroectoderm,Neuroectoderm,10.5,1.397,1.6497,1.1443,1,9.5
16,Eye field,Retinal ganglion cells,Neuroectoderm,Neuroectoderm,10.75,1.5605,1.8428,1.2781,1,9.5
16,Eye field,Retinal ganglion cells,Neuroectoderm,Neuroectoderm,11.0,1.803,2.0944,1.5116,1,9.5
16,Eye field,Retinal ganglion cells,Neuroectoderm,Neuroectoderm,11.25,2.0138,2.3289,1.6986,1,9.5
16,Eye field,Retinal ganglion cells,Neuroectoderm,Neuroectoderm,11.5,2.1932,2.5061,1.8802,1,9.5
16,Eye field,Retinal ganglion cells,Neuroectoderm,Neuroectoderm,11.75,2.4126,2.7137,2.1114,1,9.5
16,Eye field,Retinal ganglion cells,Neuroectoderm,Neuroectoderm,12.0,2.6247,3.0132,2.2363,1,9.5
16,Eye field,Retinal ganglion cells,Neuroectoderm,Neuroectoderm,12.25,2.9018,3.2258,2.5778,1,9.5
16,Eye field,Retinal ganglion cells,Neuroectoderm,Neuroectoderm,12.5,3.2281,3.5059,2.9503,1,9.5
16,Eye field,Retinal ganglion cells,Neuroectoderm,Neuroectoderm,12.75,3.5526,3.8574,3.2478,1,9.5
16,Eye field,Retinal ganglion cells,Neuroectoderm,Neuroectoderm,13.0,3.6632,3.9314,3.3949,1,9.5
16,Eye field,Retinal ganglion cells,Neuroectoderm,Neuroectoderm,13.25,3.7436,3.9393,3.5478,1,9.5
17,Kupffer cells,Microglia,Blood,Blood,7.0,-0.8752,-0.9213,-0.8291,0,9.5
17,Kupffer cells,Microglia,Blood,Blood,7.25,-0.8572,-0.8776,-0.8369,0,9.5
17,Kupffer cells,Microglia,Blood,Blood,7.5,-0.7406,-0.8169,-0.6644,0,9.5
17,Kupffer cells,Microglia,Blood,Blood,7.75,-0.6111,-0.7233,-0.4988,0,9.5
17,Kupffer cells,Microglia,Blood,Blood,8.0,-0.4533,-0.4966,-0.4099,0,9.5
17,Kupffer cells,Microglia,Blood,Blood,8.25,-0.3025,-0.3638,-0.2411,0,9.5
17,Kupffer cells,Microglia,Blood,Blood,8.5,-0.152,-0.1737,-0.1302,0,9.5
17,Kupffer cells,Microglia,Blood,Blood,8.75,-0.0334,-0.0605,-0.0062,0,9.5
17,Kupffer cells,Microglia,Blood,Blood,9.0,0.1291,0.1415,0.1168,0,9.5
17,Kupffer cells,Microglia,Blood,Blood,9.25,0.3257,0.3198,0.3317,0,9.5
17,Kupffer cells,Microglia,Blood,Blood,9.5,0.5012,0.4971,0.5053,1,9.5
17,Kupffer cells,Microglia,Blood,Blood,9.75,0.6591,0.6129,0.7052,1,9.5
17,Kupffer cells,Microglia,Blood,Blood,10.0,0.8546,0.7441,0.9652,1,9.5
17,Kupffer cells,Microglia,Blood,Blood,10.25,1.0056,0.905,1.1062,1,9.5
17,Kupffer cells,Microglia,Blood,Blood,10.5,1.2229,1.1022,1.3435,1,9.5
17,Kupffer cells,Microglia,Blood,Blood,10.75,1.3963,1.2536,1.539,1,9.5
17,Kupffer cells,Microglia,Blood,Blood,11.0,1.6342,1.4996,1.7688,1,9.5
17,Kupffer cells,Microglia,Blood,Blood,11.25,1.8016,1.7307,1.8725,1,9.5
17,Kupffer cells,Microglia,Blood,Blood,11.5,1.9744,1.9244,2.0244,1,9.5
17,Kupffer cells,Microglia,Blood,Blood,11.75,2.209,2.178,2.2401,1,9.5
17,Kupffer cells,Microglia,Blood,Blood,12.0,2.3517,2.3573,2.3462,1,9.5
17,Kupffer cells,Microglia,Blood,Blood,12.25,2.589,2.5857,2.5923,1,9.5
17,Kupffer cells,Microglia,Blood,Blood,12.5,2.7811,2.7864,2.7758,1,9.5
17,Kupffer cells,Microglia,Blood,Blood,12.75,2.9782,3.1084,2.8479,1,9.5
17,Kupffer cells,Microglia,Blood,Blood,13.0,3.1506,3.2612,3.0401,1,9.5
17,Kupffer cells,Microglia,Blood,Blood,13.25,3.2708,3.4042,3.1373,1,9.5
18,Neural crest (PNS neurons),Dorsal root ganglion neurons,Neural crest,Neural crest,7.0,-0.2413,-0.292,-0.1906,0,9.5
18,Neural crest (PNS neurons),Dorsal root ganglion neurons,Neural crest,Neural crest,7.25,-0.2092,-0.236,-0.1825,0,9.5
18,Neural crest (PNS neurons),Dorsal root ganglion neurons,Neural crest,Neural crest,7.5,-0.1923,-0.1543,-0.2304,0,9.5
18,Neural crest (PNS neurons),Dorsal root ganglion neurons,Neural crest,Neural crest,7.75,-0.1226,-0.0956,-0.1497,0,9.5
18,Neural crest (PNS neurons),Dorsal root ganglion neurons,Neural crest,Neural crest,8.0,-0.034,-0.017,-0.0511,0,9.5
18,Neural crest (PNS neurons),Dorsal root ganglion neurons,Neural crest,Neural crest,8.25,0.0404,0.0885,-0.0077,0,9.5
18,Neural crest (PNS neurons),Dorsal root ganglion neurons,Neural crest,Neural crest,8.5,0.146,0.2422,0.0498,0,9.5
18,Neural crest (PNS neurons),Dorsal root ganglion neurons,Neural crest,Neural crest,8.75,0.2607,0.3557,0.1657,0,9.5
18,Neural crest (PNS neurons),Dorsal root ganglion neurons,Neural crest,Neural crest,9.0,0.3627,0.4461,0.2793,0,9.5
18,Neural crest (PNS neurons),Dorsal root ganglion neurons,Neural crest,Neural crest,9.25,0.4979,0.5943,0.4016,0,9.5
18,Neural crest (PNS neurons),Dorsal root ganglion neurons,Neural crest,Neural crest,9.5,0.6191,0.6996,0.5386,1,9.5
18,Neural crest (PNS neurons),Dorsal root ganglion neurons,Neural crest,Neural crest,9.75,0.7632,0.8042,0.7223,1,9.5
18,Neural crest (PNS neurons),Dorsal root ganglion neurons,Neural crest,Neural crest,10.0,0.9068,0.9116,0.9021,1,9.5
18,Neural crest (PNS neurons),Dorsal root ganglion neurons,Neural crest,Neural crest,10.25,0.9917,1.0546,0.9287,1,9.5
18,Neural crest (PNS neurons),Dorsal root ganglion neurons,Neural crest,Neural crest,10.5,1.1152,1.1758,1.0546,1,9.5
18,Neural crest (PNS neurons),Dorsal root ganglion neurons,Neural crest,Neural crest,10.75,1.2333,1.275,1.1915,1,9.5
18,Neural crest (PNS neurons),Dorsal root ganglion neurons,Neural crest,Neural crest,11.0,1.3052,1.4592,1.1512,1,9.5
18,Neural crest (PNS neurons),Dorsal root ganglion neurons,Neural crest,Neural crest,11.25,1.4616,1.6266,1.2966,1,9.5
18,Neural crest (PNS neurons),Dorsal root ganglion neurons,Neural crest,Neural crest,11.5,1.5055,1.687,1.324,1,9.5
18,Neural crest (PNS neurons),Dorsal root ganglion neurons,Neural crest,Neural crest,11.75,1.5798,1.7737,1.3859,1,9.5
18,Neural crest (PNS neurons),Dorsal root ganglion neurons,Neural crest,Neural crest,12.0,1.6995,1.9266,1.4725,1,9.5
18,Neural crest (PNS neurons),Dorsal root ganglion neurons,Neural crest,Neural crest,12.25,1.8911,2.0932,1.689,1,9.5
18,Neural crest (PNS neurons),Dorsal root ganglion neurons,Neural crest,Neural crest,12.5,2.1335,2.27,1.9971,1,9.5
18,Neural crest (PNS neurons),Dorsal root ganglion neurons,Neural crest,Neural crest,12.75,2.4357,2.5363,2.335,1,9.5
18,Neural crest (PNS neurons),Dorsal root ganglion neurons,Neural crest,Neural crest,13.0,2.4785,2.6026,2.3544,1,9.5
18,Neural crest (PNS neurons),Dorsal root ganglion neurons,Neural crest,Neural crest,13.25,2.5473,2.517,2.5777,1,9.5
19,Megakaryocytes,Monocytes,Blood,Blood,7.0,-0.867,-0.8658,-0.8682,0,9.5
19,Megakaryocytes,Monocytes,Blood,Blood,7.25,-0.7264,-0.7745,-0.6784,0,9.5
19,Megakaryocytes,Monocytes,Blood,Blood,7.5,-0.5974,-0.6801,-0.5147,0,9.5
19,Megakaryocytes,Monocytes,Blood,Blood,7.75,-0.4488,-0.5796,-0.3179,0,9.5
19,Megakaryocytes,Monocytes,Blood,Blood,8.0,-0.29,-0.3841,-0.1959,0,9.5
19,Megakaryocytes,Monocytes,Blood,Blood,8.25,-0.1219,-0.2332,-0.0106,0,9.5
19,Megakaryocytes,Monocytes,Blood,Blood,8.5,0.0117,-0.0837,0.1071,0,9.5
19,Megakaryocytes,Monocytes,Blood,Blood,8.75,0.1329,0.0544,0.2113,0,9.5
19,Megakaryocytes,Monocytes,Blood,Blood,9.0,0.2795,0.2386,0.3203,0,9.5
19,Megakaryocytes,Monocytes,Blood,Blood,9.25,0.488,0.5034,0.4726,0,9.5
19,Megakaryocytes,Monocytes,Blood,Blood,9.5,0.6688,0.6742,0.6635,1,9.5
19,Megakaryocytes,Monocytes,Blood,Blood,9.75,0.8192,0.8392,0.7992,1,9.5
19,Megakaryocytes,Monocytes,Blood,Blood,10.0,1.0223,1.018,1.0265,1,9.5
19,Megakaryocytes,Monocytes,Blood,Blood,10.25,1.1271,1.1118,1.1423,1,9.5
19,Megakaryocytes,Monocytes,Blood,Blood,10.5,1.3557,1.2988,1.4126,1,9.5
19,Megakaryocytes,Monocytes,Blood,Blood,10.75,1.48,1.4393,1.5207,1,9.5
19,Megakaryocytes,Monocytes,Blood,Blood,11.0,1.5511,1.514,1.5882,1,9.5
19,Megakaryocytes,Monocytes,Blood,Blood,11.25,1.6361,1.6402,1.6321,1,9.5
19,Megakaryocytes,Monocytes,Blood,Blood,11.5,1.6837,1.6358,1.7317,1,9.5
19,Megakaryocytes,Monocytes,Blood,Blood,11.75,1.7652,1.7479,1.7824,1,9.5
19,Megakaryocytes,Monocytes,Blood,Blood,12.0,1.8603,1.8393,1.8813,1,9.5
19,Megakaryocytes,Monocytes,Blood,Blood,12.25,1.8805,1.8251,1.9358,1,9.5
19,Megakaryocytes,Monocytes,Blood,Blood,12.5,1.7845,1.8079,1.7612,1,9.5
19,Megakaryocytes,Monocytes,Blood,Blood,12.75,1.8823,1.8564,1.9082,1,9.5
19,Megakaryocytes,Monocytes,Blood,Blood,13.0,1.7238,1.5062,1.9413,1,9.5
19,Megakaryocytes,Monocytes,Blood,Blood,13.25,1.5378,1.38,1.6956,1,9.5
20,Eye field,Retinal pigment cells,Neuroectoderm,Neuroectoderm,7.0,-0.5169,-0.4767,-0.5571,0,9.5
20,Eye field,Retinal pigment cells,Neuroectoderm,Neuroectoderm,7.25,-0.4097,-0.3661,-0.4532,0,9.5
20,Eye field,Retinal pigment cells,Neuroectoderm,Neuroectoderm,7.5,-0.2321,-0.0929,-0.3712,0,9.5
20,Eye field,Retinal pigment cells,Neuroectoderm,Neuroectoderm,7.75,-0.0198,0.1556,-0.1952,0,9.5
20,Eye field,Retinal pigment cells,Neuroectoderm,Neuroectoderm,8.0,0.1568,0.3895,-0.0759,0,9.5
20,Eye field,Retinal pigment cells,Neuroectoderm,Neuroectoderm,8.25,0.356,0.5176,0.1945,0,9.5
20,Eye field,Retinal pigment cells,Neuroectoderm,Neuroectoderm,8.5,0.4449,0.5518,0.338,0,9.5
20,Eye field,Retinal pigment cells,Neuroectoderm,Neuroectoderm,8.75,0.5369,0.7608,0.3131,0,9.5
20,Eye field,Retinal pigment cells,Neuroectoderm,Neuroectoderm,9.0,0.6205,0.8412,0.3998,0,9.5
20,Eye field,Retinal pigment cells,Neuroectoderm,Neuroectoderm,9.25,0.7717,0.9072,0.6361,0,9.5
20,Eye field,Retinal pigment cells,Neuroectoderm,Neuroectoderm,9.5,0.8649,1.046,0.6838,1,9.5
20,Eye field,Retinal pigment cells,Neuroectoderm,Neuroectoderm,9.75,0.8805,1.1127,0.6483,0,9.5
20,Eye field,Retinal pigment cells,Neuroectoderm,Neuroectoderm,10.0,1.0061,1.3031,0.709,0,9.5
20,Eye field,Retinal pigment cells,Neuroectoderm,Neuroectoderm,10.25,1.081,1.4296,0.7325,0,9.5
20,Eye field,Retinal pigment cells,Neuroectoderm,Neuroectoderm,10.5,1.3324,1.6488,1.0161,1,9.5
20,Eye field,Retinal pigment cells,Neuroectoderm,Neuroectoderm,10.75,1.4074,1.7614,1.0534,1,9.5
20,Eye field,Retinal pigment cells,Neuroectoderm,Neuroectoderm,11.0,1.4011,1.6062,1.1959,1,9.5
20,Eye field,Retinal pigment cells,Neuroectoderm,Neuroectoderm,11.25,1.3942,1.6788,1.1096,1,9.5
20,Eye field,Retinal pigment cells,Neuroectoderm,Neuroectoderm,11.5,1.469,1.586,1.352,1,9.5
20,Eye field,Retinal pigment cells,Neuroectoderm,Neuroectoderm,11.75,1.4895,1.4534,1.5257,1,9.5
20,Eye field,Retinal pigment cells,Neuroectoderm,Neuroectoderm,12.0,1.6842,1.7997,1.5688,1,9.5
20,Eye field,Retinal pigment cells,Neuroectoderm,Neuroectoderm,12.25,1.3904,1.2473,1.5335,0,9.5
20,Eye field,Retinal pigment cells,Neuroectoderm,Neuroectoderm,12.5,1.5638,1.2949,1.8327,0,9.5
20,Eye field,Retinal pigment cells,Neuroectoderm,Neuroectoderm,12.75,1.5948,1.0794,2.1103,0,9.5
20,Eye field,Retinal pigment cells,Neuroectoderm,Neuroectoderm,13.0,1.487,0.6983,2.2757,0,9.5
20,Eye field,Retinal pigment cells,Neuroectoderm,Neuroectoderm,13.25,1.0732,-0.2089,2.3552,0,9.5
21,Kupffer cells,Monocytes,Blood,Blood,7.0,-0.8549,-0.7679,-0.942,0,9.5
21,Kupffer cells,Monocytes,Blood,Blood,7.25,-0.734,-0.6725,-0.7956,0,9.5
21,Kupffer cells,Monocytes,Blood,Blood,7.5,-0.6119,-0.6416,-0.5822,0,9.5
21,Kupffer cells,Monocytes,Blood,Blood,7.75,-0.4197,-0.4983,-0.3411,0,9.5
21,Kupffer cells,Monocytes,Blood,Blood,8.0,-0.2094,-0.2865,-0.1323,0,9.5
21,Kupffer cells,Monocytes,Blood,Blood,8.25,-0.0603,-0.1379,0.0174,0,9.5
21,Kupffer cells,Monocytes,Blood,Blood,8.5,0.0628,0.0033,0.1223,0,9.5
21,Kupffer cells,Monocytes,Blood,Blood,8.75,0.2007,0.156,0.2453,0,9.5
21,Kupffer cells,Monocytes,Blood,Blood,9.0,0.3397,0.3086,0.3709,0,9.5
21,Kupffer cells,Monocytes,Blood,Blood,9.25,0.5421,0.5374,0.5469,0,9.5
21,Kupffer cells,Monocytes,Blood,Blood,9.5,0.7141,0.7028,0.7253,1,9.5
21,Kupffer cells,Monocytes,Blood,Blood,9.75,0.9077,0.9184,0.897,1,9.5
21,Kupffer cells,Monocytes,Blood,Blood,10.0,1.0472,1.0362,1.0581,1,9.5
21,Kupffer cells,Monocytes,Blood,Blood,10.25,1.1512,1.1268,1.1755,1,9.5
21,Kupffer cells,Monocytes,Blood,Blood,10.5,1.327,1.2166,1.4374,1,9.5
21,Kupffer cells,Monocytes,Blood,Blood,10.75,1.4176,1.3296,1.5056,1,9.5
21,Kupffer cells,Monocytes,Blood,Blood,11.0,1.4612,1.397,1.5253,1,9.5
21,Kupffer cells,Monocytes,Blood,Blood,11.25,1.4441,1.4198,1.4684,1,9.5
21,Kupffer cells,Monocytes,Blood,Blood,11.5,1.4239,1.4578,1.3901,1,9.5
21,Kupffer cells,Monocytes,Blood,Blood,11.75,1.4255,1.5716,1.2795,1,9.5
21,Kupffer cells,Monocytes,Blood,Blood,12.0,1.4216,1.7544,1.0889,1,9.5
21,Kupffer cells,Monocytes,Blood,Blood,12.25,1.3866,1.741,1.0323,1,9.5
21,Kupffer cells,Monocytes,Blood,Blood,12.5,1.0792,1.4072,0.7512,0,9.5
21,Kupffer cells,Monocytes,Blood,Blood,12.75,0.9845,1.1597,0.8093,0,9.5
21,Kupffer cells,Monocytes,Blood,Blood,13.0,1.192,1.3272,1.0569,0,9.5
21,Kupffer cells,Monocytes,Blood,Blood,13.25,0.9484,1.2209,0.6758,0,9.5
22,Naive retinal progenitor cells,Retinal ganglion cells,Neuroectoderm,Neuroectoderm,7.0,-1.2815,-1.2128,-1.3501,0,9.75
22,Naive retinal progenitor cells,Retinal ganglion cells,Neuroectoderm,Neuroectoderm,7.25,-1.3116,-1.2631,-1.3602,0,9.75
22,Naive retinal progenitor cells,Retinal ganglion cells,Neuroectoderm,Neuroectoderm,7.5,-1.2401,-1.1613,-1.3188,0,9.75
22,Naive retinal progenitor cells,Retinal ganglion cells,Neuroectoderm,Neuroectoderm,7.75,-1.142,-1.0624,-1.2216,0,9.75
22,Naive retinal progenitor cells,Retinal ganglion cells,Neuroectoderm,Neuroectoderm,8.0,-0.9378,-0.8111,-1.0645,0,9.75
22,Naive retinal progenitor cells,Retinal ganglion cells,Neuroectoderm,Neuroectoderm,8.25,-0.7797,-0.6259,-0.9334,0,9.75
22,Naive retinal progenitor cells,Retinal ganglion cells,Neuroectoderm,Neuroectoderm,8.5,-0.6193,-0.4093,-0.8292,0,9.75
22,Naive retinal progenitor cells,Retinal ganglion cells,Neuroectoderm,Neuroectoderm,8.75,-0.4043,-0.2192,-0.5895,0,9.75
22,Naive retinal progenitor cells,Retinal ganglion cells,Neuroectoderm,Neuroectoderm,9.0,-0.2137,-0.0303,-0.3971,0,9.75
22,Naive retinal progenitor cells,Retinal ganglion cells,Neuroectoderm,Neuroectoderm,9.25,0.0196,0.2088,-0.1696,0,9.75
22,Naive retinal progenitor cells,Retinal ganglion cells,Neuroectoderm,Neuroectoderm,9.5,0.2665,0.4367,0.0963,0,9.75
22,Naive retinal progenitor cells,Retinal ganglion cells,Neuroectoderm,Neuroectoderm,9.75,0.4966,0.6349,0.3583,1,9.75
22,Naive retinal progenitor cells,Retinal ganglion cells,Neuroectoderm,Neuroectoderm,10.0,0.8013,0.9286,0.674,1,9.75
22,Naive retinal progenitor cells,Retinal ganglion cells,Neuroectoderm,Neuroectoderm,10.25,0.9906,1.0929,0.8883,1,9.75
22,Naive retinal progenitor cells,Retinal ganglion cells,Neuroectoderm,Neuroectoderm,10.5,1.2463,1.3863,1.1063,1,9.75
22,Naive retinal progenitor cells,Retinal ganglion cells,Neuroectoderm,Neuroectoderm,10.75,1.4918,1.6622,1.3214,1,9.75
22,Naive retinal progenitor cells,Retinal ganglion cells,Neuroectoderm,Neuroectoderm,11.0,1.7179,1.9226,1.5132,1,9.75
22,Naive retinal progenitor cells,Retinal ganglion cells,Neuroectoderm,Neuroectoderm,11.25,1.934,2.1346,1.7333,1,9.75
22,Naive retinal progenitor cells,Retinal ganglion cells,Neuroectoderm,Neuroectoderm,11.5,2.1615,2.4089,1.914,1,9.75
22,Naive retinal progenitor cells,Retinal ganglion cells,Neuroectoderm,Neuroectoderm,11.75,2.3638,2.6253,2.1024,1,9.75
22,Naive retinal progenitor cells,Retinal ganglion cells,Neuroectoderm,Neuroectoderm,12.0,2.5935,2.8804,2.3065,1,9.75
22,Naive retinal progenitor cells,Retinal ganglion cells,Neuroectoderm,Neuroectoderm,12.25,2.8803,3.1202,2.6404,1,9.75
22,Naive retinal progenitor cells,Retinal ganglion cells,Neuroectoderm,Neuroectoderm,12.5,3.203,3.4655,2.9405,1,9.75
22,Naive retinal progenitor cells,Retinal ganglion cells,Neuroectoderm,Neuroectoderm,12.75,3.5546,3.8097,3.2995,1,9.75
22,Naive retinal progenitor cells,Retinal ganglion cells,Neuroectoderm,Neuroectoderm,13.0,3.7766,3.957,3.5962,1,9.75
22,Naive retinal progenitor cells,Retinal ganglion cells,Neuroectoderm,Neuroectoderm,13.25,3.9075,4.081,3.7339,1,9.75
23,Neural crest (PNS glia),Neural crest (PNS neurons),Neural crest,Neural crest,7.0,-0.4754,-0.477,-0.4737,0,9.75
23,Neural crest (PNS glia),Neural crest (PNS neurons),Neural crest,Neural crest,7.25,-0.4954,-0.4938,-0.497,0,9.75
23,Neural crest (PNS glia),Neural crest (PNS neurons),Neural crest,Neural crest,7.5,-0.5191,-0.5129,-0.5254,0,9.75
23,Neural crest (PNS glia),Neural crest (PNS neurons),Neural crest,Neural crest,7.75,-0.4732,-0.4623,-0.484,0,9.75
23,Neural crest (PNS glia),Neural crest (PNS neurons),Neural crest,Neural crest,8.0,-0.424,-0.4376,-0.4105,0,9.75
23,Neural crest (PNS glia),Neural crest (PNS neurons),Neural crest,Neural crest,8.25,-0.3734,-0.3694,-0.3775,0,9.75
23,Neural crest (PNS glia),Neural crest (PNS neurons),Neural crest,Neural crest,8.5,-0.2522,-0.2294,-0.275,0,9.75
23,Neural crest (PNS glia),Neural crest (PNS neurons),Neural crest,Neural crest,8.75,-0.1553,-0.1226,-0.188,0,9.75
23,Neural crest (PNS glia),Neural crest (PNS neurons),Neural crest,Neural crest,9.0,-0.0131,0.0286,-0.0548,0,9.75
23,Neural crest (PNS glia),Neural crest (PNS neurons),Neural crest,Neural crest,9.25,0.1018,0.1231,0.0804,0,9.75
23,Neural crest (PNS glia),Neural crest (PNS neurons),Neural crest,Neural crest,9.5,0.2113,0.234,0.1886,0,9.75
23,Neural crest (PNS glia),Neural crest (PNS neurons),Neural crest,Neural crest,9.75,0.3461,0.3571,0.3351,1,9.75
23,Neural crest (PNS glia),Neural crest (PNS neurons),Neural crest,Neural crest,10.0,0.472,0.458,0.4861,1,9.75
23,Neural crest (PNS glia),Neural crest (PNS neurons),Neural crest,Neural crest,10.25,0.5792,0.537,0.6214,1,9.75
23,Neural crest (PNS glia),Neural crest (PNS neurons),Neural crest,Neural crest,10.5,0.6894,0.6278,0.7509,1,9.75
23,Neural crest (PNS glia),Neural crest (PNS neurons),Neural crest,Neural crest,10.75,0.7976,0.7282,0.8671,1,9.75
23,Neural crest (PNS glia),Neural crest (PNS neurons),Neural crest,Neural crest,11.0,0.8961,0.8686,0.9236,1,9.75
23,Neural crest (PNS glia),Neural crest (PNS neurons),Neural crest,Neural crest,11.25,1.0335,1.0126,1.0543,1,9.75
23,Neural crest (PNS glia),Neural crest (PNS neurons),Neural crest,Neural crest,11.5,1.1652,1.1947,1.1356,1,9.75
23,Neural crest (PNS glia),Neural crest (PNS neurons),Neural crest,Neural crest,11.75,1.2837,1.3061,1.2613,1,9.75
23,Neural crest (PNS glia),Neural crest (PNS neurons),Neural crest,Neural crest,12.0,1.4495,1.5152,1.3839,1,9.75
23,Neural crest (PNS glia),Neural crest (PNS neurons),Neural crest,Neural crest,12.25,1.636,1.6877,1.5842,1,9.75
23,Neural crest (PNS glia),Neural crest (PNS neurons),Neural crest,Neural crest,12.5,1.8234,1.9032,1.7435,1,9.75
23,Neural crest (PNS glia),Neural crest (PNS neurons),Neural crest,Neural crest,12.75,2.0694,2.1972,1.9416,1,9.75
23,Neural crest (PNS glia),Neural crest (PNS neurons),Neural crest,Neural crest,13.0,2.403,2.5032,2.3028,1,9.75
23,Neural crest (PNS glia),Neural crest (PNS neurons),Neural crest,Neural crest,13.25,2.5629,2.7345,2.3912,1,9.75
24,Definitive erythroblasts (CD36+),Monocytes,Blood,Blood,7.0,-0.6519,-0.5819,-0.7218,0,9.75
24,Definitive erythroblasts (CD36+),Monocytes,Blood,Blood,7.25,-0.5851,-0.6981,-0.472,0,9.75
24,Definitive erythroblasts (CD36+),Monocytes,Blood,Blood,7.5,-0.3099,-0.4615,-0.1583,0,9.75
24,Definitive erythroblasts (CD36+),Monocytes,Blood,Blood,7.75,-0.0716,-0.1742,0.0311,0,9.75
24,Definitive erythroblasts (CD36+),Monocytes,Blood,Blood,8.0,0.1721,0.0384,0.3059,0,9.75
24,Definitive erythroblasts (CD36+),Monocytes,Blood,Blood,8.25,0.3234,0.0824,0.5644,0,9.75
24,Definitive erythroblasts (CD36+),Monocytes,Blood,Blood,8.5,0.5387,0.3034,0.774,0,9.75
24,Definitive erythroblasts (CD36+),Monocytes,Blood,Blood,8.75,0.658,0.3791,0.9368,0,9.75
24,Definitive erythroblasts (CD36+),Monocytes,Blood,Blood,9.0,0.7752,0.463,1.0874,0,9.75
24,Definitive erythroblasts (CD36+),Monocytes,Blood,Blood,9.25,0.9512,0.777,1.1254,0,9.75
24,Definitive erythroblasts (CD36+),Monocytes,Blood,Blood,9.5,1.1099,0.9354,1.2845,0,9.75
24,Definitive erythroblasts (CD36+),Monocytes,Blood,Blood,9.75,1.3038,1.1886,1.4189,1,9.75
24,Definitive erythroblasts (CD36+),Monocytes,Blood,Blood,10.0,1.4141,1.2423,1.5859,1,9.75
24,Definitive erythroblasts (CD36+),Monocytes,Blood,Blood,10.25,1.5663,1.4367,1.6958,1,9.75
24,Definitive erythroblasts (CD36+),Monocytes,Blood,Blood,10.5,1.7186,1.602,1.8352,1,9.75
24,Definitive erythroblasts (CD36+),Monocytes,Blood,Blood,10.75,1.8154,1.7559,1.8749,1,9.75
24,Definitive erythroblasts (CD36+),Monocytes,Blood,Blood,11.0,1.667,1.7685,1.5655,1,9.75
24,Definitive erythroblasts (CD36+),Monocytes,Blood,Blood,11.25,1.5696,1.7046,1.4347,1,9.75
24,Definitive erythroblasts (CD36+),Monocytes,Blood,Blood,11.5,1.4904,1.5592,1.4216,1,9.75
24,Definitive erythroblasts (CD36+),Monocytes,Blood,Blood,11.75,1.5889,1.5938,1.584,1,9.75
24,Definitive erythroblasts (CD36+),Monocytes,Blood,Blood,12.0,1.35,1.3726,1.3273,1,9.75
24,Definitive erythroblasts (CD36+),Monocytes,Blood,Blood,12.25,1.2786,1.2878,1.2695,0,9.75
24,Definitive erythroblasts (CD36+),Monocytes,Blood,Blood,12.5,1.0869,1.4872,0.6866,0,9.75
24,Definitive erythroblasts (CD36+),Monocytes,Blood,Blood,12.75,0.6026,0.9188,0.2865,0,9.75
24,Definitive erythroblasts (CD36+),Monocytes,Blood,Blood,13.0,0.7737,1.108,0.4394,0,9.75
24,Definitive erythroblasts (CD36+),Monocytes,Blood,Blood,13.25,0.9219,1.2541,0.5897,0,9.75
25,Eye field,Naive retinal progenitor cells,Neuroectoderm,Neuroectoderm,7.0,-1.232,-1.2224,-1.2417,0,10.0
25,Eye field,Naive retinal progenitor cells,Neuroectoderm,Neuroectoderm,7.25,-1.252,-1.2802,-1.2239,0,10.0
25,Eye field,Naive retinal progenitor cells,Neuroectoderm,Neuroectoderm,7.5,-1.2078,-1.2063,-1.2093,0,10.0
25,Eye field,Naive retinal progenitor cells,Neuroectoderm,Neuroectoderm,7.75,-1.137,-1.1496,-1.1243,0,10.0
25,Eye field,Naive retinal progenitor cells,Neuroectoderm,Neuroectoderm,8.0,-0.945,-0.9158,-0.9741,0,10.0
25,Eye field,Naive retinal progenitor cells,Neuroectoderm,Neuroectoderm,8.25,-0.7904,-0.7379,-0.8429,0,10.0
25,Eye field,Naive retinal progenitor cells,Neuroectoderm,Neuroectoderm,8.5,-0.6956,-0.5937,-0.7974,0,10.0
25,Eye field,Naive retinal progenitor cells,Neuroectoderm,Neuroectoderm,8.75,-0.4907,-0.4138,-0.5676,0,10.0
25,Eye field,Naive retinal progenitor cells,Neuroectoderm,Neuroectoderm,9.0,-0.3303,-0.2602,-0.4003,0,10.0
25,Eye field,Naive retinal progenitor cells,Neuroectoderm,Neuroectoderm,9.25,-0.1239,-0.0479,-0.2,0,10.0
25,Eye field,Naive retinal progenitor cells,Neuroectoderm,Neuroectoderm,9.5,0.1104,0.2003,0.0205,0,10.0
25,Eye field,Naive retinal progenitor cells,Neuroectoderm,Neuroectoderm,9.75,0.326,0.4117,0.2403,0,10.0
25,Eye field,Naive retinal progenitor cells,Neuroectoderm,Neuroectoderm,10.0,0.6158,0.7331,0.4984,1,10.0
25,Eye field,Naive retinal progenitor cells,Neuroectoderm,Neuroectoderm,10.25,0.8181,0.9446,0.6916,1,10.0
25,Eye field,Naive retinal progenitor cells,Neuroectoderm,Neuroectoderm,10.5,1.0275,1.1648,0.8901,1,10.0
25,Eye field,Naive retinal progenitor cells,Neuroectoderm,Neuroectoderm,10.75,1.2441,1.4161,1.0722,1,10.0
25,Eye field,Naive retinal progenitor cells,Neuroectoderm,Neuroectoderm,11.0,1.5131,1.7004,1.3259,1,10.0
25,Eye field,Naive retinal progenitor cells,Neuroectoderm,Neuroectoderm,11.25,1.7203,1.9354,1.5052,1,10.0
25,Eye field,Naive retinal progenitor cells,Neuroectoderm,Neuroectoderm,11.5,1.9298,2.1872,1.6724,1,10.0
25,Eye field,Naive retinal progenitor cells,Neuroectoderm,Neuroectoderm,11.75,2.1508,2.4321,1.8695,1,10.0
25,Eye field,Naive retinal progenitor cells,Neuroectoderm,Neuroectoderm,12.0,2.4071,2.7332,2.0809,1,10.0
25,Eye field,Naive retinal progenitor cells,Neuroectoderm,Neuroectoderm,12.25,2.7479,3.0636,2.4323,1,10.0
25,Eye field,Naive retinal progenitor cells,Neuroectoderm,Neuroectoderm,12.5,3.1111,3.4161,2.8062,1,10.0
25,Eye field,Naive retinal progenitor cells,Neuroectoderm,Neuroectoderm,12.75,3.483,3.7484,3.2176,1,10.0
25,Eye field,Naive retinal progenitor cells,Neuroectoderm,Neuroectoderm,13.0,3.7736,4.0527,3.4945,1,10.0
25,Eye field,Naive retinal progenitor cells,Neuroectoderm,Neuroectoderm,13.25,3.9804,4.2931,3.6677,1,10.0
26,Olfactory epithelial cells,Olfactory sensory neurons,Surface ectoderm,Surface ectoderm,7.0,-1.4945,-1.3224,-1.6666,0,10.0
26,Olfactory epithelial cells,Olfactory sensory neurons,Surface ectoderm,Surface ectoderm,7.25,-1.5836,-1.4373,-1.7299,0,10.0
26,Olfactory epithelial cells,Olfactory sensory neurons,Surface ectoderm,Surface ectoderm,7.5,-1.633,-1.5246,-1.7414,0,10.0
26,Olfactory epithelial cells,Olfactory sensory neurons,Surface ectoderm,Surface ectoderm,7.75,-1.4952,-1.4509,-1.5395,0,10.0
26,Olfactory epithelial cells,Olfactory sensory neurons,Surface ectoderm,Surface ectoderm,8.0,-1.3322,-1.2774,-1.3871,0,10.0
26,Olfactory epithelial cells,Olfactory sensory neurons,Surface ectoderm,Surface ectoderm,8.25,-1.0585,-1.0401,-1.0769,0,10.0
26,Olfactory epithelial cells,Olfactory sensory neurons,Surface ectoderm,Surface ectoderm,8.5,-0.8345,-0.8282,-0.8407,0,10.0
26,Olfactory epithelial cells,Olfactory sensory neurons,Surface ectoderm,Surface ectoderm,8.75,-0.6413,-0.6125,-0.67,0,10.0
26,Olfactory epithelial cells,Olfactory sensory neurons,Surface ectoderm,Surface ectoderm,9.0,-0.4595,-0.4675,-0.4516,0,10.0
26,Olfactory epithelial cells,Olfactory sensory neurons,Surface ectoderm,Surface ectoderm,9.25,-0.2392,-0.2946,-0.1838,0,10.0
26,Olfactory epithelial cells,Olfactory sensory neurons,Surface ectoderm,Surface ectoderm,9.5,-0.0518,-0.107,0.0033,0,10.0
26,Olfactory epithelial cells,Olfactory sensory neurons,Surface ectoderm,Surface ectoderm,9.75,0.1602,0.1065,0.2138,0,10.0
26,Olfactory epithelial cells,Olfactory sensory neurons,Surface ectoderm,Surface ectoderm,10.0,0.38,0.3367,0.4234,1,10.0
26,Olfactory epithelial cells,Olfactory sensory neurons,Surface ectoderm,Surface ectoderm,10.25,0.5369,0.4775,0.5963,1,10.0
26,Olfactory epithelial cells,Olfactory sensory neurons,Surface ectoderm,Surface ectoderm,10.5,0.6993,0.6508,0.7479,1,10.0
26,Olfactory epithelial cells,Olfactory sensory neurons,Surface ectoderm,Surface ectoderm,10.75,0.9062,0.8178,0.9946,1,10.0
26,Olfactory epithelial cells,Olfactory sensory neurons,Surface ectoderm,Surface ectoderm,11.0,1.1466,1.0858,1.2073,1,10.0
26,Olfactory epithelial cells,Olfactory sensory neurons,Surface ectoderm,Surface ectoderm,11.25,1.326,1.2916,1.3604,1,10.0
26,Olfactory epithelial cells,Olfactory sensory neurons,Surface ectoderm,Surface ectoderm,11.5,1.507,1.4916,1.5224,1,10.0
26,Olfactory epithelial cells,Olfactory sensory neurons,Surface ectoderm,Surface ectoderm,11.75,1.6808,1.6473,1.7143,1,10.0
26,Olfactory epithelial cells,Olfactory sensory neurons,Surface ectoderm,Surface ectoderm,12.0,1.9207,1.8981,1.9433,1,10.0
26,Olfactory epithelial cells,Olfactory sensory neurons,Surface ectoderm,Surface ectoderm,12.25,2.2427,2.2293,2.2561,1,10.0
26,Olfactory epithelial cells,Olfactory sensory neurons,Surface ectoderm,Surface ectoderm,12.5,2.5634,2.5591,2.5677,1,10.0
26,Olfactory epithelial cells,Olfactory sensory neurons,Surface ectoderm,Surface ectoderm,12.75,2.9672,2.9374,2.997,1,10.0
26,Olfactory epithelial cells,Olfactory sensory neurons,Surface ectoderm,Surface ectoderm,13.0,3.3629,3.3721,3.3536,1,10.0
26,Olfactory epithelial cells,Olfactory sensory neurons,Surface ectoderm,Surface ectoderm,13.25,3.7167,3.6752,3.7581,1,10.0
27,Cranial motor neurons,Myelinating Schwann cells (Tgfb2+),Neuroectoderm,Neural crest,7.0,-0.923,-1.0332,-0.8129,0,10.0
27,Cranial motor neurons,Myelinating Schwann cells (Tgfb2+),Neuroectoderm,Neural crest,7.25,-0.8929,-0.8917,-0.8941,0,10.0
27,Cranial motor neurons,Myelinating Schwann cells (Tgfb2+),Neuroectoderm,Neural crest,7.5,-0.9091,-0.9315,-0.8867,0,10.0
27,Cranial motor neurons,Myelinating Schwann cells (Tgfb2+),Neuroectoderm,Neural crest,7.75,-0.7883,-0.9184,-0.6583,0,10.0
27,Cranial motor neurons,Myelinating Schwann cells (Tgfb2+),Neuroectoderm,Neural crest,8.0,-0.5971,-0.6625,-0.5317,0,10.0
27,Cranial motor neurons,Myelinating Schwann cells (Tgfb2+),Neuroectoderm,Neural crest,8.25,-0.4547,-0.5399,-0.3696,0,10.0
27,Cranial motor neurons,Myelinating Schwann cells (Tgfb2+),Neuroectoderm,Neural crest,8.5,-0.3438,-0.434,-0.2536,0,10.0
27,Cranial motor neurons,Myelinating Schwann cells (Tgfb2+),Neuroectoderm,Neural crest,8.75,-0.2166,-0.294,-0.1393,0,10.0
27,Cranial motor neurons,Myelinating Schwann cells (Tgfb2+),Neuroectoderm,Neural crest,9.0,0.0198,-0.0852,0.1249,0,10.0
27,Cranial motor neurons,Myelinating Schwann cells (Tgfb2+),Neuroectoderm,Neural crest,9.25,0.2543,0.1824,0.3262,0,10.0
27,Cranial motor neurons,Myelinating Schwann cells (Tgfb2+),Neuroectoderm,Neural crest,9.5,0.4723,0.4003,0.5443,0,10.0
27,Cranial motor neurons,Myelinating Schwann cells (Tgfb2+),Neuroectoderm,Neural crest,9.75,0.6495,0.6355,0.6634,0,10.0
27,Cranial motor neurons,Myelinating Schwann cells (Tgfb2+),Neuroectoderm,Neural crest,10.0,0.8591,0.8056,0.9126,1,10.0
27,Cranial motor neurons,Myelinating Schwann cells (Tgfb2+),Neuroectoderm,Neural crest,10.25,1.1061,1.033,1.1791,1,10.0
27,Cranial motor neurons,Myelinating Schwann cells (Tgfb2+),Neuroectoderm,Neural crest,10.5,1.2839,1.1961,1.3718,1,10.0
27,Cranial motor neurons,Myelinating Schwann cells (Tgfb2+),Neuroectoderm,Neural crest,10.75,1.5094,1.5075,1.5113,1,10.0
27,Cranial motor neurons,Myelinating Schwann cells (Tgfb2+),Neuroectoderm,Neural crest,11.0,1.7772,1.7327,1.8217,1,10.0
27,Cranial motor neurons,Myelinating Schwann cells (Tgfb2+),Neuroectoderm,Neural crest,11.25,2.0676,2.1033,2.0319,1,10.0
27,Cranial motor neurons,Myelinating Schwann cells (Tgfb2+),Neuroectoderm,Neural crest,11.5,2.2582,2.3333,2.1832,1,10.0
27,Cranial motor neurons,Myelinating Schwann cells (Tgfb2+),Neuroectoderm,Neural crest,11.75,2.5162,2.6454,2.3869,1,10.0
27,Cranial motor neurons,Myelinating Schwann cells (Tgfb2+),Neuroectoderm,Neural crest,12.0,2.7546,3.0331,2.4761,1,10.0
27,Cranial motor neurons,Myelinating Schwann cells (Tgfb2+),Neuroectoderm,Neural crest,12.25,2.972,3.2905,2.6534,1,10.0
27,Cranial motor neurons,Myelinating Schwann cells (Tgfb2+),Neuroectoderm,Neural crest,12.5,3.0503,3.5753,2.5253,1,10.0
27,Cranial motor neurons,Myelinating Schwann cells (Tgfb2+),Neuroectoderm,Neural crest,12.75,3.2914,3.743,2.8398,1,10.0
27,Cranial motor neurons,Myelinating Schwann cells (Tgfb2+),Neuroectoderm,Neural crest,13.0,3.43,3.9503,2.9097,1,10.0
27,Cranial motor neurons,Myelinating Schwann cells (Tgfb2+),Neuroectoderm,Neural crest,13.25,3.1786,3.6176,2.7396,1,10.0
28,Diencephalon,Neural progenitor cells (Neurod1+),Neuroectoderm,Neuroectoderm,7.0,-1.1723,-1.1834,-1.1611,0,10.0
28,Diencephalon,Neural progenitor cells (Neurod1+),Neuroectoderm,Neuroectoderm,7.25,-1.2347,-1.3226,-1.1468,0,10.0
28,Diencephalon,Neural progenitor cells (Neurod1+),Neuroectoderm,Neuroectoderm,7.5,-1.2401,-1.3776,-1.1026,0,10.0
28,Diencephalon,Neural progenitor cells (Neurod1+),Neuroectoderm,Neuroectoderm,7.75,-1.1505,-1.3116,-0.9895,0,10.0
28,Diencephalon,Neural progenitor cells (Neurod1+),Neuroectoderm,Neuroectoderm,8.0,-0.9948,-1.2288,-0.7609,0,10.0
28,Diencephalon,Neural progenitor cells (Neurod1+),Neuroectoderm,Neuroectoderm,8.25,-0.8312,-1.0751,-0.5872,0,10.0
28,Diencephalon,Neural progenitor cells (Neurod1+),Neuroectoderm,Neuroectoderm,8.5,-0.675,-0.8482,-0.5018,0,10.0
28,Diencephalon,Neural progenitor cells (Neurod1+),Neuroectoderm,Neuroectoderm,8.75,-0.5113,-0.6617,-0.3609,0,10.0
28,Diencephalon,Neural progenitor cells (Neurod1+),Neuroectoderm,Neuroectoderm,9.0,-0.3536,-0.518,-0.1891,0,10.0
28,Diencephalon,Neural progenitor cells (Neurod1+),Neuroectoderm,Neuroectoderm,9.25,-0.158,-0.2993,-0.0166,0,10.0
28,Diencephalon,Neural progenitor cells (Neurod1+),Neuroectoderm,Neuroectoderm,9.5,0.0072,-0.1028,0.1172,0,10.0
28,Diencephalon,Neural progenitor cells (Neurod1+),Neuroectoderm,Neuroectoderm,9.75,0.131,0.0499,0.2121,0,10.0
28,Diencephalon,Neural progenitor cells (Neurod1+),Neuroectoderm,Neuroectoderm,10.0,0.3222,0.2871,0.3573,1,10.0
28,Diencephalon,Neural progenitor cells (Neurod1+),Neuroectoderm,Neuroectoderm,10.25,0.5577,0.4833,0.6322,1,10.0
28,Diencephalon,Neural progenitor cells (Neurod1+),Neuroectoderm,Neuroectoderm,10.5,0.7591,0.6898,0.8285,1,10.0
28,Diencephalon,Neural progenitor cells (Neurod1+),Neuroectoderm,Neuroectoderm,10.75,0.9464,0.8789,1.014,1,10.0
28,Diencephalon,Neural progenitor cells (Neurod1+),Neuroectoderm,Neuroectoderm,11.0,1.0739,1.0584,1.0894,1,10.0
28,Diencephalon,Neural progenitor cells (Neurod1+),Neuroectoderm,Neuroectoderm,11.25,1.2373,1.2553,1.2193,1,10.0
28,Diencephalon,Neural progenitor cells (Neurod1+),Neuroectoderm,Neuroectoderm,11.5,1.4209,1.4557,1.3861,1,10.0
28,Diencephalon,Neural progenitor cells (Neurod1+),Neuroectoderm,Neuroectoderm,11.75,1.5733,1.6379,1.5087,1,10.0
28,Diencephalon,Neural progenitor cells (Neurod1+),Neuroectoderm,Neuroectoderm,12.0,1.7931,1.8516,1.7345,1,10.0
28,Diencephalon,Neural progenitor cells (Neurod1+),Neuroectoderm,Neuroectoderm,12.25,2.0162,2.1255,1.907,1,10.0
28,Diencephalon,Neural progenitor cells (Neurod1+),Neuroectoderm,Neuroectoderm,12.5,2.1889,2.3184,2.0594,1,10.0
28,Diencephalon,Neural progenitor cells (Neurod1+),Neuroectoderm,Neuroectoderm,12.75,2.4933,2.6441,2.3424,1,10.0
28,Diencephalon,Neural progenitor cells (Neurod1+),Neuroectoderm,Neuroectoderm,13.0,2.8775,3.0375,2.7174,1,10.0
28,Diencephalon,Neural progenitor cells (Neurod1+),Neuroectoderm,Neuroectoderm,13.25,3.0152,3.0431,2.9872,1,10.0
29,Definitive erythroblasts (CD36+),Kupffer cells,Blood,Blood,7.0,-0.7559,-0.7958,-0.7159,0,10.0
29,Definitive erythroblasts (CD36+),Kupffer cells,Blood,Blood,7.25,-0.6893,-0.7958,-0.5828,0,10.0
29,Definitive erythroblasts (CD36+),Kupffer cells,Blood,Blood,7.5,-0.5873,-0.7429,-0.4316,0,10.0
29,Definitive erythroblasts (CD36+),Kupffer cells,Blood,Blood,7.75,-0.5761,-0.7302,-0.422,0,10.0
29,Definitive erythroblasts (CD36+),Kupffer cells,Blood,Blood,8.0,-0.4305,-0.5876,-0.2733,0,10.0
29,Definitive erythroblasts (CD36+),Kupffer cells,Blood,Blood,8.25,-0.25,-0.4088,-0.0913,0,10.0
29,Definitive erythroblasts (CD36+),Kupffer cells,Blood,Blood,8.5,-0.0882,-0.1634,-0.0131,0,10.0
29,Definitive erythroblasts (CD36+),Kupffer cells,Blood,Blood,8.75,-0.0189,-0.077,0.0392,0,10.0
29,Definitive erythroblasts (CD36+),Kupffer cells,Blood,Blood,9.0,0.1557,0.1147,0.1968,0,10.0
29,Definitive erythroblasts (CD36+),Kupffer cells,Blood,Blood,9.25,0.4109,0.3714,0.4504,0,10.0
29,Definitive erythroblasts (CD36+),Kupffer cells,Blood,Blood,9.5,0.5603,0.5062,0.6145,0,10.0
29,Definitive erythroblasts (CD36+),Kupffer cells,Blood,Blood,9.75,0.6672,0.5711,0.7634,0,10.0
29,Definitive erythroblasts (CD36+),Kupffer cells,Blood,Blood,10.0,0.7757,0.6861,0.8654,1,10.0
29,Definitive erythroblasts (CD36+),Kupffer cells,Blood,Blood,10.25,0.9196,0.837,1.0021,1,10.0
29,Definitive erythroblasts (CD36+),Kupffer cells,Blood,Blood,10.5,1.1245,1.0731,1.176,1,10.0
29,Definitive erythroblasts (CD36+),Kupffer cells,Blood,Blood,10.75,1.2531,1.243,1.2631,1,10.0
29,Definitive erythroblasts (CD36+),Kupffer cells,Blood,Blood,11.0,1.3713,1.3314,1.4112,1,10.0
29,Definitive erythroblasts (CD36+),Kupffer cells,Blood,Blood,11.25,1.6053,1.6027,1.608,1,10.0
29,Definitive erythroblasts (CD36+),Kupffer cells,Blood,Blood,11.5,1.7194,1.6853,1.7535,1,10.0
29,Definitive erythroblasts (CD36+),Kupffer cells,Blood,Blood,11.75,1.9176,1.8878,1.9474,1,10.0
29,Definitive erythroblasts (CD36+),Kupffer cells,Blood,Blood,12.0,2.0825,2.0904,2.0746,1,10.0
29,Definitive erythroblasts (CD36+),Kupffer cells,Blood,Blood,12.25,2.3171,2.3468,2.2875,1,10.0
29,Definitive erythroblasts (CD36+),Kupffer cells,Blood,Blood,12.5,2.5295,2.6812,2.3779,1,10.0
29,Definitive erythroblasts (CD36+),Kupffer cells,Blood,Blood,12.75,2.5752,2.7241,2.4263,1,10.0
29,Definitive erythroblasts (CD36+),Kupffer cells,Blood,Blood,13.0,2.5072,2.7998,2.2146,1,10.0
29,Definitive erythroblasts (CD36+),Kupffer cells,Blood,Blood,13.25,2.2391,2.5228,1.9555,1,10.0
30,Cranial motor neurons,Parasympathetic neurons,Neuroectoderm,Neural crest,7.0,-0.84,-1.0577,-0.6223,0,10.0
30,Cranial motor neurons,Parasympathetic neurons,Neuroectoderm,Neural crest,7.25,-0.9151,-1.0942,-0.7361,0,10.0
30,Cranial motor neurons,Parasympathetic neurons,Neuroectoderm,Neural crest,7.5,-0.8537,-0.9324,-0.775,0,10.0
30,Cranial motor neurons,Parasympathetic neurons,Neuroectoderm,Neural crest,7.75,-0.7238,-0.8143,-0.6334,0,10.0
30,Cranial motor neurons,Parasympathetic neurons,Neuroectoderm,Neural crest,8.0,-0.5371,-0.6016,-0.4727,0,10.0
30,Cranial motor neurons,Parasympathetic neurons,Neuroectoderm,Neural crest,8.25,-0.3511,-0.3773,-0.3249,0,10.0
30,Cranial motor neurons,Parasympathetic neurons,Neuroectoderm,Neural crest,8.5,-0.2702,-0.2731,-0.2674,0,10.0
30,Cranial motor neurons,Parasympathetic neurons,Neuroectoderm,Neural crest,8.75,-0.0552,-0.0473,-0.0632,0,10.0
30,Cranial motor neurons,Parasympathetic neurons,Neuroectoderm,Neural crest,9.0,0.1305,0.1561,0.1049,0,10.0
30,Cranial motor neurons,Parasympathetic neurons,Neuroectoderm,Neural crest,9.25,0.3173,0.3718,0.2628,0,10.0
30,Cranial motor neurons,Parasympathetic neurons,Neuroectoderm,Neural crest,9.5,0.5471,0.6035,0.4908,0,10.0
30,Cranial motor neurons,Parasympathetic neurons,Neuroectoderm,Neural crest,9.75,0.7743,0.8641,0.6845,0,10.0
30,Cranial motor neurons,Parasympathetic neurons,Neuroectoderm,Neural crest,10.0,0.9164,1.0269,0.8058,1,10.0
30,Cranial motor neurons,Parasympathetic neurons,Neuroectoderm,Neural crest,10.25,1.0805,1.1591,1.002,1,10.0
30,Cranial motor neurons,Parasympathetic neurons,Neuroectoderm,Neural crest,10.5,1.3179,1.3395,1.2964,1,10.0
30,Cranial motor neurons,Parasympathetic neurons,Neuroectoderm,Neural crest,10.75,1.4214,1.5152,1.3275,1,10.0
30,Cranial motor neurons,Parasympathetic neurons,Neuroectoderm,Neural crest,11.0,1.5404,1.6118,1.4689,1,10.0
30,Cranial motor neurons,Parasympathetic neurons,Neuroectoderm,Neural crest,11.25,1.8999,2.0798,1.72,1,10.0
30,Cranial motor neurons,Parasympathetic neurons,Neuroectoderm,Neural crest,11.5,2.1255,2.3399,1.9112,1,10.0
30,Cranial motor neurons,Parasympathetic neurons,Neuroectoderm,Neural crest,11.75,2.1845,2.6,1.7689,1,10.0
30,Cranial motor neurons,Parasympathetic neurons,Neuroectoderm,Neural crest,12.0,2.299,2.9177,1.6802,1,10.0
30,Cranial motor neurons,Parasympathetic neurons,Neuroectoderm,Neural crest,12.25,2.3853,3.0297,1.7408,1,10.0
30,Cranial motor neurons,Parasympathetic neurons,Neuroectoderm,Neural crest,12.5,2.3082,3.195,1.4215,0,10.0
30,Cranial motor neurons,Parasympathetic neurons,Neuroectoderm,Neural crest,12.75,2.4345,3.1759,1.693,0,10.0
30,Cranial motor neurons,Parasympathetic neurons,Neuroectoderm,Neural crest,13.0,2.366,3.1195,1.6125,0,10.0
30,Cranial motor neurons,Parasympathetic neurons,Neuroectoderm,Neural crest,13.25,1.9021,2.5124,1.2919,0,10.0
31,Neural crest (PNS glia),Myelinating Schwann cells,Neural crest,Neural crest,7.0,-0.4315,-0.4188,-0.4441,0,10.0
31,Neural crest (PNS glia),Myelinating Schwann cells,Neural crest,Neural crest,7.25,-0.474,-0.5089,-0.4391,0,10.0
31,Neural crest (PNS glia),Myelinating Schwann cells,Neural crest,Neural crest,7.5,-0.4862,-0.5118,-0.4606,0,10.0
31,Neural crest (PNS glia),Myelinating Schwann cells,Neural crest,Neural crest,7.75,-0.4737,-0.5034,-0.4439,0,10.0
31,Neural crest (PNS glia),Myelinating Schwann cells,Neural crest,Neural crest,8.0,-0.3983,-0.3906,-0.406,0,10.0
31,Neural crest (PNS glia),Myelinating Schwann cells,Neural crest,Neural crest,8.25,-0.3378,-0.3065,-0.3691,0,10.0
31,Neural crest (PNS glia),Myelinating Schwann cells,Neural crest,Neural crest,8.5,-0.2461,-0.2123,-0.2798,0,10.0
31,Neural crest (PNS glia),Myelinating Schwann cells,Neural crest,Neural crest,8.75,-0.1903,-0.1728,-0.2077,0,10.0
31,Neural crest (PNS glia),Myelinating Schwann cells,Neural crest,Neural crest,9.0,-0.094,-0.0785,-0.1095,0,10.0
31,Neural crest (PNS glia),Myelinating Schwann cells,Neural crest,Neural crest,9.25,-0.0265,-0.0079,-0.0451,0,10.0
31,Neural crest (PNS glia),Myelinating Schwann cells,Neural crest,Neural crest,9.5,0.025,0.0567,-0.0067,0,10.0
31,Neural crest (PNS glia),Myelinating Schwann cells,Neural crest,Neural crest,9.75,0.1237,0.1629,0.0844,0,10.0
31,Neural crest (PNS glia),Myelinating Schwann cells,Neural crest,Neural crest,10.0,0.2439,0.235,0.2528,1,10.0
31,Neural crest (PNS glia),Myelinating Schwann cells,Neural crest,Neural crest,10.25,0.3586,0.3222,0.3949,1,10.0
31,Neural crest (PNS glia),Myelinating Schwann cells,Neural crest,Neural crest,10.5,0.4416,0.3973,0.4858,1,10.0
31,Neural crest (PNS glia),Myelinating Schwann cells,Neural crest,Neural crest,10.75,0.5281,0.51,0.5463,1,10.0
31,Neural crest (PNS glia),Myelinating Schwann cells,Neural crest,Neural crest,11.0,0.6503,0.6497,0.6509,1,10.0
31,Neural crest (PNS glia),Myelinating Schwann cells,Neural crest,Neural crest,11.25,0.7745,0.808,0.7411,1,10.0
31,Neural crest (PNS glia),Myelinating Schwann cells,Neural crest,Neural crest,11.5,0.836,0.8948,0.7772,1,10.0
31,Neural crest (PNS glia),Myelinating Schwann cells,Neural crest,Neural crest,11.75,0.9554,0.9883,0.9224,1,10.0
31,Neural crest (PNS glia),Myelinating Schwann cells,Neural crest,Neural crest,12.0,1.0703,1.1149,1.0257,1,10.0
31,Neural crest (PNS glia),Myelinating Schwann cells,Neural crest,Neural crest,12.25,1.2751,1.3207,1.2294,1,10.0
31,Neural crest (PNS glia),Myelinating Schwann cells,Neural crest,Neural crest,12.5,1.4946,1.5419,1.4474,1,10.0
31,Neural crest (PNS glia),Myelinating Schwann cells,Neural crest,Neural crest,12.75,1.7622,1.7831,1.7412,1,10.0
31,Neural crest (PNS glia),Myelinating Schwann cells,Neural crest,Neural crest,13.0,2.0832,2.1019,2.0644,1,10.0
31,Neural crest (PNS glia),Myelinating Schwann cells,Neural crest,Neural crest,13.25,2.306,2.3069,2.305,1,10.0
32,Mast cells,Kupffer cells,Blood,Blood,7.0,-1.0375,-1.0673,-1.0076,0,10.0
32,Mast cells,Kupffer cells,Blood,Blood,7.25,-0.9581,-1.035,-0.8812,0,10.0
32,Mast cells,Kupffer cells,Blood,Blood,7.5,-0.8602,-0.9892,-0.7313,0,10.0
32,Mast cells,Kupffer cells,Blood,Blood,7.75,-0.7698,-0.897,-0.6426,0,10.0
32,Mast cells,Kupffer cells,Blood,Blood,8.0,-0.6177,-0.6962,-0.5392,0,10.0
32,Mast cells,Kupffer cells,Blood,Blood,8.25,-0.5048,-0.5681,-0.4414,0,10.0
32,Mast cells,Kupffer cells,Blood,Blood,8.5,-0.3876,-0.4087,-0.3665,0,10.0
32,Mast cells,Kupffer cells,Blood,Blood,8.75,-0.2711,-0.2462,-0.296,0,10.0
32,Mast cells,Kupffer cells,Blood,Blood,9.0,-0.1065,-0.0152,-0.1978,0,10.0
32,Mast cells,Kupffer cells,Blood,Blood,9.25,0.0971,0.2,-0.0058,0,10.0
32,Mast cells,Kupffer cells,Blood,Blood,9.5,0.2434,0.3684,0.1184,0,10.0
32,Mast cells,Kupffer cells,Blood,Blood,9.75,0.419,0.5478,0.2901,0,10.0
32,Mast cells,Kupffer cells,Blood,Blood,10.0,0.6073,0.6911,0.5236,1,10.0
32,Mast cells,Kupffer cells,Blood,Blood,10.25,0.6944,0.7598,0.629,1,10.0
32,Mast cells,Kupffer cells,Blood,Blood,10.5,0.9202,0.9595,0.8809,1,10.0
32,Mast cells,Kupffer cells,Blood,Blood,10.75,1.1127,1.1545,1.0709,1,10.0
32,Mast cells,Kupffer cells,Blood,Blood,11.0,1.2469,1.2218,1.2719,1,10.0
32,Mast cells,Kupffer cells,Blood,Blood,11.25,1.426,1.4791,1.373,1,10.0
32,Mast cells,Kupffer cells,Blood,Blood,11.5,1.6465,1.7272,1.5658,1,10.0
32,Mast cells,Kupffer cells,Blood,Blood,11.75,1.7976,1.9081,1.6871,1,10.0
32,Mast cells,Kupffer cells,Blood,Blood,12.0,1.9649,2.053,1.8768,1,10.0
32,Mast cells,Kupffer cells,Blood,Blood,12.25,2.0894,2.1799,1.9989,1,10.0
32,Mast cells,Kupffer cells,Blood,Blood,12.5,2.272,2.3804,2.1636,1,10.0
32,Mast cells,Kupffer cells,Blood,Blood,12.75,2.2958,2.3325,2.2591,1,10.0
32,Mast cells,Kupffer cells,Blood,Blood,13.0,2.1837,2.3722,1.9952,1,10.0
32,Mast cells,Kupffer cells,Blood,Blood,13.25,2.0982,2.1753,2.0212,1,10.0
33,Pre-epidermal keratinocytes,Granular keratinocytes,Surface ectoderm,Surface ectoderm,7.0,-0.3164,-0.353,-0.2798,0,10.0
33,Pre-epidermal keratinocytes,Granular keratinocytes,Surface ectoderm,Surface ectoderm,7.25,-0.3193,-0.3375,-0.301,0,10.0
33,Pre-epidermal keratinocytes,Granular keratinocytes,Surface ectoderm,Surface ectoderm,7.5,-0.2815,-0.2971,-0.266,0,10.0
33,Pre-epidermal keratinocytes,Granular keratinocytes,Surface ectoderm,Surface ectoderm,7.75,-0.2311,-0.2204,-0.2418,0,10.0
33,Pre-epidermal keratinocytes,Granular keratinocytes,Surface ectoderm,Surface ectoderm,8.0,-0.1978,-0.1826,-0.2129,0,10.0
33,Pre-epidermal keratinocytes,Granular keratinocytes,Surface ectoderm,Surface ectoderm,8.25,-0.1419,-0.1403,-0.1436,0,10.0
33,Pre-epidermal keratinocytes,Granular keratinocytes,Surface ectoderm,Surface ectoderm,8.5,-0.1065,-0.1265,-0.0866,0,10.0
33,Pre-epidermal keratinocytes,Granular keratinocytes,Surface ectoderm,Surface ectoderm,8.75,-0.0511,-0.0798,-0.0225,0,10.0
33,Pre-epidermal keratinocytes,Granular keratinocytes,Surface ectoderm,Surface ectoderm,9.0,-0.0038,-0.0301,0.0225,0,10.0
33,Pre-epidermal keratinocytes,Granular keratinocytes,Surface ectoderm,Surface ectoderm,9.25,0.0271,0.0136,0.0406,0,10.0
33,Pre-epidermal keratinocytes,Granular keratinocytes,Surface ectoderm,Surface ectoderm,9.5,0.1003,0.0694,0.1311,0,10.0
33,Pre-epidermal keratinocytes,Granular keratinocytes,Surface ectoderm,Surface ectoderm,9.75,0.1885,0.1213,0.2557,0,10.0
33,Pre-epidermal keratinocytes,Granular keratinocytes,Surface ectoderm,Surface ectoderm,10.0,0.2645,0.1885,0.3405,1,10.0
33,Pre-epidermal keratinocytes,Granular keratinocytes,Surface ectoderm,Surface ectoderm,10.25,0.3316,0.2495,0.4137,1,10.0
33,Pre-epidermal keratinocytes,Granular keratinocytes,Surface ectoderm,Surface ectoderm,10.5,0.3904,0.2938,0.487,1,10.0
33,Pre-epidermal keratinocytes,Granular keratinocytes,Surface ectoderm,Surface ectoderm,10.75,0.4802,0.3934,0.567,1,10.0
33,Pre-epidermal keratinocytes,Granular keratinocytes,Surface ectoderm,Surface ectoderm,11.0,0.5909,0.5463,0.6354,1,10.0
33,Pre-epidermal keratinocytes,Granular keratinocytes,Surface ectoderm,Surface ectoderm,11.25,0.662,0.6466,0.6773,1,10.0
33,Pre-epidermal keratinocytes,Granular keratinocytes,Surface ectoderm,Surface ectoderm,11.5,0.7299,0.7424,0.7175,1,10.0
33,Pre-epidermal keratinocytes,Granular keratinocytes,Surface ectoderm,Surface ectoderm,11.75,0.8304,0.8563,0.8045,1,10.0
33,Pre-epidermal keratinocytes,Granular keratinocytes,Surface ectoderm,Surface ectoderm,12.0,0.9295,0.9879,0.8711,1,10.0
33,Pre-epidermal keratinocytes,Granular keratinocytes,Surface ectoderm,Surface ectoderm,12.25,1.0944,1.174,1.0149,1,10.0
33,Pre-epidermal keratinocytes,Granular keratinocytes,Surface ectoderm,Surface ectoderm,12.5,1.2876,1.3688,1.2064,1,10.0
33,Pre-epidermal keratinocytes,Granular keratinocytes,Surface ectoderm,Surface ectoderm,12.75,1.5318,1.6336,1.43,1,10.0
33,Pre-epidermal keratinocytes,Granular keratinocytes,Surface ectoderm,Surface ectoderm,13.0,1.7909,1.9356,1.6463,1,10.0
33,Pre-epidermal keratinocytes,Granular keratinocytes,Surface ectoderm,Surface ectoderm,13.25,2.0409,2.1666,1.9152,1,10.0
34,Hematopoietic stem cells (Mpo+),Mast cells,Blood,Blood,7.0,-1.3172,-1.2689,-1.3655,0,10.0
34,Hematopoietic stem cells (Mpo+),Mast cells,Blood,Blood,7.25,-1.2365,-1.2128,-1.2603,0,10.0
34,Hematopoietic stem cells (Mpo+),Mast cells,Blood,Blood,7.5,-1.0832,-1.131,-1.0355,0,10.0
34,Hematopoietic stem cells (Mpo+),Mast cells,Blood,Blood,7.75,-0.975,-1.0087,-0.9413,0,10.0
34,Hematopoietic stem cells (Mpo+),Mast cells,Blood,Blood,8.0,-0.7894,-0.8148,-0.764,0,10.0
34,Hematopoietic stem cells (Mpo+),Mast cells,Blood,Blood,8.25,-0.613,-0.6033,-0.6228,0,10.0
34,Hematopoietic stem cells (Mpo+),Mast cells,Blood,Blood,8.5,-0.4797,-0.4174,-0.542,0,10.0
34,Hematopoietic stem cells (Mpo+),Mast cells,Blood,Blood,8.75,-0.3366,-0.2503,-0.4229,0,10.0
34,Hematopoietic stem cells (Mpo+),Mast cells,Blood,Blood,9.0,-0.1314,-0.0067,-0.2562,0,10.0
34,Hematopoietic stem cells (Mpo+),Mast cells,Blood,Blood,9.25,0.1522,0.307,-0.0027,0,10.0
34,Hematopoietic stem cells (Mpo+),Mast cells,Blood,Blood,9.5,0.3006,0.4601,0.1412,0,10.0
34,Hematopoietic stem cells (Mpo+),Mast cells,Blood,Blood,9.75,0.4305,0.5785,0.2825,0,10.0
34,Hematopoietic stem cells (Mpo+),Mast cells,Blood,Blood,10.0,0.6391,0.7738,0.5044,1,10.0
34,Hematopoietic stem cells (Mpo+),Mast cells,Blood,Blood,10.25,0.8021,0.9585,0.6456,1,10.0
34,Hematopoietic stem cells (Mpo+),Mast cells,Blood,Blood,10.5,1.0087,1.159,0.8583,1,10.0
34,Hematopoietic stem cells (Mpo+),Mast cells,Blood,Blood,10.75,1.1757,1.3435,1.0078,1,10.0
34,Hematopoietic stem cells (Mpo+),Mast cells,Blood,Blood,11.0,1.3053,1.413,1.1975,1,10.0
34,Hematopoietic stem cells (Mpo+),Mast cells,Blood,Blood,11.25,1.4607,1.5639,1.3575,1,10.0
34,Hematopoietic stem cells (Mpo+),Mast cells,Blood,Blood,11.5,1.6104,1.8149,1.4058,1,10.0
34,Hematopoietic stem cells (Mpo+),Mast cells,Blood,Blood,11.75,1.7127,1.9927,1.4326,1,10.0
34,Hematopoietic stem cells (Mpo+),Mast cells,Blood,Blood,12.0,1.7813,2.0739,1.4887,1,10.0
34,Hematopoietic stem cells (Mpo+),Mast cells,Blood,Blood,12.25,1.9465,2.2414,1.6517,1,10.0
34,Hematopoietic stem cells (Mpo+),Mast cells,Blood,Blood,12.5,2.0138,2.3575,1.6702,1,10.0
34,Hematopoietic stem cells (Mpo+),Mast cells,Blood,Blood,12.75,1.9071,2.3375,1.4767,1,10.0
34,Hematopoietic stem cells (Mpo+),Mast cells,Blood,Blood,13.0,1.899,2.3692,1.4288,1,10.0
34,Hematopoietic stem cells (Mpo+),Mast cells,Blood,Blood,13.25,1.7682,2.2398,1.2965,1,10.0
35,Hematopoietic stem cells (Mpo+),Microglia,Blood,Blood,7.0,-1.193,-1.1307,-1.2553,0,10.0
35,Hematopoietic stem cells (Mpo+),Microglia,Blood,Blood,7.25,-1.1347,-1.0603,-1.2091,0,10.0
35,Hematopoietic stem cells (Mpo+),Microglia,Blood,Blood,7.5,-1.044,-1.0008,-1.0871,0,10.0
35,Hematopoietic stem cells (Mpo+),Microglia,Blood,Blood,7.75,-0.8652,-0.8228,-0.9075,0,10.0
35,Hematopoietic stem cells (Mpo+),Microglia,Blood,Blood,8.0,-0.7114,-0.6505,-0.7724,0,10.0
35,Hematopoietic stem cells (Mpo+),Microglia,Blood,Blood,8.25,-0.5053,-0.4625,-0.5482,0,10.0
35,Hematopoietic stem cells (Mpo+),Microglia,Blood,Blood,8.5,-0.4026,-0.316,-0.4892,0,10.0
35,Hematopoietic stem cells (Mpo+),Microglia,Blood,Blood,8.75,-0.2526,-0.1693,-0.3359,0,10.0
35,Hematopoietic stem cells (Mpo+),Microglia,Blood,Blood,9.0,-0.084,0.0654,-0.2334,0,10.0
35,Hematopoietic stem cells (Mpo+),Microglia,Blood,Blood,9.25,0.1655,0.2879,0.0431,0,10.0
35,Hematopoietic stem cells (Mpo+),Microglia,Blood,Blood,9.5,0.3408,0.469,0.2126,0,10.0
35,Hematopoietic stem cells (Mpo+),Microglia,Blood,Blood,9.75,0.4908,0.6036,0.378,0,10.0
35,Hematopoietic stem cells (Mpo+),Microglia,Blood,Blood,10.0,0.6934,0.7514,0.6353,1,10.0
35,Hematopoietic stem cells (Mpo+),Microglia,Blood,Blood,10.25,0.8463,0.9516,0.7409,1,10.0
35,Hematopoietic stem cells (Mpo+),Microglia,Blood,Blood,10.5,1.0546,1.1542,0.9549,1,10.0
35,Hematopoietic stem cells (Mpo+),Microglia,Blood,Blood,10.75,1.1933,1.2804,1.1062,1,10.0
35,Hematopoietic stem cells (Mpo+),Microglia,Blood,Blood,11.0,1.3789,1.4172,1.3407,1,10.0
35,Hematopoietic stem cells (Mpo+),Microglia,Blood,Blood,11.25,1.5087,1.539,1.4784,1,10.0
35,Hematopoietic stem cells (Mpo+),Microglia,Blood,Blood,11.5,1.6472,1.7221,1.5723,1,10.0
35,Hematopoietic stem cells (Mpo+),Microglia,Blood,Blood,11.75,1.774,1.9231,1.625,1,10.0
35,Hematopoietic stem cells (Mpo+),Microglia,Blood,Blood,12.0,1.8677,2.0926,1.6428,1,10.0
35,Hematopoietic stem cells (Mpo+),Microglia,Blood,Blood,12.25,1.9285,2.0677,1.7893,1,10.0
35,Hematopoietic stem cells (Mpo+),Microglia,Blood,Blood,12.5,1.9468,2.1204,1.7731,1,10.0
35,Hematopoietic stem cells (Mpo+),Microglia,Blood,Blood,12.75,1.8979,2.1035,1.6922,1,10.0
35,Hematopoietic stem cells (Mpo+),Microglia,Blood,Blood,13.0,1.781,2.3002,1.2618,1,10.0
35,Hematopoietic stem cells (Mpo+),Microglia,Blood,Blood,13.25,1.6663,2.3174,1.0151,0,10.0
36,Neural crest (PNS glia),Dorsal root ganglion neurons,Neural crest,Neural crest,7.0,-0.1792,-0.1827,-0.1756,0,10.0
36,Neural crest (PNS glia),Dorsal root ganglion neurons,Neural crest,Neural crest,7.25,-0.1494,-0.1447,-0.154,0,10.0
36,Neural crest (PNS glia),Dorsal root ganglion neurons,Neural crest,Neural crest,7.5,-0.1402,-0.0639,-0.2164,0,10.0
36,Neural crest (PNS glia),Dorsal root ganglion neurons,Neural crest,Neural crest,7.75,-0.0973,-0.0542,-0.1404,0,10.0
36,Neural crest (PNS glia),Dorsal root ganglion neurons,Neural crest,Neural crest,8.0,-0.0171,0.0507,-0.0848,0,10.0
36,Neural crest (PNS glia),Dorsal root ganglion neurons,Neural crest,Neural crest,8.25,0.0078,0.1236,-0.1079,0,10.0
36,Neural crest (PNS glia),Dorsal root ganglion neurons,Neural crest,Neural crest,8.5,0.092,0.2182,-0.0341,0,10.0
36,Neural crest (PNS glia),Dorsal root ganglion neurons,Neural crest,Neural crest,8.75,0.2046,0.3265,0.0826,0,10.0
36,Neural crest (PNS glia),Dorsal root ganglion neurons,Neural crest,Neural crest,9.0,0.301,0.4156,0.1863,0,10.0
36,Neural crest (PNS glia),Dorsal root ganglion neurons,Neural crest,Neural crest,9.25,0.3797,0.5275,0.2319,0,10.0
36,Neural crest (PNS glia),Dorsal root ganglion neurons,Neural crest,Neural crest,9.5,0.4275,0.6238,0.2313,0,10.0
36,Neural crest (PNS glia),Dorsal root ganglion neurons,Neural crest,Neural crest,9.75,0.5406,0.6856,0.3957,0,10.0
36,Neural crest (PNS glia),Dorsal root ganglion neurons,Neural crest,Neural crest,10.0,0.7123,0.776,0.6486,1,10.0
36,Neural crest (PNS glia),Dorsal root ganglion neurons,Neural crest,Neural crest,10.25,0.8183,0.8542,0.7824,1,10.0
36,Neural crest (PNS glia),Dorsal root ganglion neurons,Neural crest,Neural crest,10.5,0.9302,0.9451,0.9152,1,10.0
36,Neural crest (PNS glia),Dorsal root ganglion neurons,Neural crest,Neural crest,10.75,0.9709,0.9811,0.9608,1,10.0
36,Neural crest (PNS glia),Dorsal root ganglion neurons,Neural crest,Neural crest,11.0,1.0474,1.0716,1.0233,1,10.0
36,Neural crest (PNS glia),Dorsal root ganglion neurons,Neural crest,Neural crest,11.25,0.9983,1.0743,0.9223,1,10.0
36,Neural crest (PNS glia),Dorsal root ganglion neurons,Neural crest,Neural crest,11.5,1.1123,1.1266,1.098,1,10.0
36,Neural crest (PNS glia),Dorsal root ganglion neurons,Neural crest,Neural crest,11.75,1.1242,1.324,0.9244,0,10.0
36,Neural crest (PNS glia),Dorsal root ganglion neurons,Neural crest,Neural crest,12.0,1.079,1.3395,0.8185,0,10.0
36,Neural crest (PNS glia),Dorsal root ganglion neurons,Neural crest,Neural crest,12.25,1.2137,1.4408,0.9867,0,10.0
36,Neural crest (PNS glia),Dorsal root ganglion neurons,Neural crest,Neural crest,12.5,1.3568,1.4473,1.2662,1,10.0
36,Neural crest (PNS glia),Dorsal root ganglion neurons,Neural crest,Neural crest,12.75,1.4298,1.591,1.2685,0,10.0
36,Neural crest (PNS glia),Dorsal root ganglion neurons,Neural crest,Neural crest,13.0,1.396,1.731,1.061,0,10.0
36,Neural crest (PNS glia),Dorsal root ganglion neurons,Neural crest,Neural crest,13.25,1.1785,1.5095,0.8475,0,10.0
37,Hematopoietic stem cells (Cd34+),Monocytes,Blood,Blood,7.0,-0.9861,-0.9033,-1.069,0,10.25
37,Hematopoietic stem cells (Cd34+),Monocytes,Blood,Blood,7.25,-0.8895,-0.8485,-0.9306,0,10.25
37,Hematopoietic stem cells (Cd34+),Monocytes,Blood,Blood,7.5,-0.8406,-0.8307,-0.8505,0,10.25
37,Hematopoietic stem cells (Cd34+),Monocytes,Blood,Blood,7.75,-0.7307,-0.747,-0.7145,0,10.25
37,Hematopoietic stem cells (Cd34+),Monocytes,Blood,Blood,8.0,-0.5922,-0.6243,-0.5601,0,10.25
37,Hematopoietic stem cells (Cd34+),Monocytes,Blood,Blood,8.25,-0.4736,-0.524,-0.4232,0,10.25
37,Hematopoietic stem cells (Cd34+),Monocytes,Blood,Blood,8.5,-0.3881,-0.4209,-0.3553,0,10.25
37,Hematopoietic stem cells (Cd34+),Monocytes,Blood,Blood,8.75,-0.2758,-0.3178,-0.2339,0,10.25
37,Hematopoietic stem cells (Cd34+),Monocytes,Blood,Blood,9.0,-0.1717,-0.1733,-0.1702,0,10.25
37,Hematopoietic stem cells (Cd34+),Monocytes,Blood,Blood,9.25,0.0064,0.0343,-0.0215,0,10.25
37,Hematopoietic stem cells (Cd34+),Monocytes,Blood,Blood,9.5,0.1756,0.222,0.1292,0,10.25
37,Hematopoietic stem cells (Cd34+),Monocytes,Blood,Blood,9.75,0.3385,0.3967,0.2803,0,10.25
37,Hematopoietic stem cells (Cd34+),Monocytes,Blood,Blood,10.0,0.5126,0.5403,0.485,0,10.25
37,Hematopoietic stem cells (Cd34+),Monocytes,Blood,Blood,10.25,0.6475,0.6695,0.6255,1,10.25
37,Hematopoietic stem cells (Cd34+),Monocytes,Blood,Blood,10.5,0.8402,0.8319,0.8484,1,10.25
37,Hematopoietic stem cells (Cd34+),Monocytes,Blood,Blood,10.75,1.0224,0.9975,1.0474,1,10.25
37,Hematopoietic stem cells (Cd34+),Monocytes,Blood,Blood,11.0,1.131,1.1371,1.1249,1,10.25
37,Hematopoietic stem cells (Cd34+),Monocytes,Blood,Blood,11.25,1.2403,1.2554,1.2252,1,10.25
37,Hematopoietic stem cells (Cd34+),Monocytes,Blood,Blood,11.5,1.3609,1.3774,1.3444,1,10.25
37,Hematopoietic stem cells (Cd34+),Monocytes,Blood,Blood,11.75,1.4827,1.5399,1.4254,1,10.25
37,Hematopoietic stem cells (Cd34+),Monocytes,Blood,Blood,12.0,1.587,1.6849,1.4891,1,10.25
37,Hematopoietic stem cells (Cd34+),Monocytes,Blood,Blood,12.25,1.7667,1.8879,1.6455,1,10.25
37,Hematopoietic stem cells (Cd34+),Monocytes,Blood,Blood,12.5,1.9337,2.0572,1.8102,1,10.25
37,Hematopoietic stem cells (Cd34+),Monocytes,Blood,Blood,12.75,2.1239,2.2823,1.9654,1,10.25
37,Hematopoietic stem cells (Cd34+),Monocytes,Blood,Blood,13.0,2.4,2.5898,2.2102,1,10.25
37,Hematopoietic stem cells (Cd34+),Monocytes,Blood,Blood,13.25,2.6387,2.8376,2.4398,1,10.25
38,Spinal cord/r7/r8,Spinal cord dorsal progenitors,Neuroectoderm,Neuroectoderm,7.0,-0.1677,-0.2062,-0.1291,0,10.25
38,Spinal cord/r7/r8,Spinal cord dorsal progenitors,Neuroectoderm,Neuroectoderm,7.25,-0.1894,-0.2427,-0.1361,0,10.25
38,Spinal cord/r7/r8,Spinal cord dorsal progenitors,Neuroectoderm,Neuroectoderm,7.5,-0.1746,-0.2211,-0.1282,0,10.25
38,Spinal cord/r7/r8,Spinal cord dorsal progenitors,Neuroectoderm,Neuroectoderm,7.75,-0.1712,-0.1823,-0.1601,0,10.25
38,Spinal cord/r7/r8,Spinal cord dorsal progenitors,Neuroectoderm,Neuroectoderm,8.0,-0.1285,-0.1378,-0.1192,0,10.25
38,Spinal cord/r7/r8,Spinal cord dorsal progenitors,Neuroectoderm,Neuroectoderm,8.25,-0.0742,-0.0733,-0.0752,0,10.25
38,Spinal cord/r7/r8,Spinal cord dorsal progenitors,Neuroectoderm,Neuroectoderm,8.5,-0.0195,-0.0063,-0.0327,0,10.25
38,Spinal cord/r7/r8,Spinal cord dorsal progenitors,Neuroectoderm,Neuroectoderm,8.75,-0.0047,0.0279,-0.0373,0,10.25
38,Spinal cord/r7/r8,Spinal cord dorsal progenitors,Neuroectoderm,Neuroectoderm,9.0,0.0285,0.0716,-0.0147,0,10.25
38,Spinal cord/r7/r8,Spinal cord dorsal progenitors,Neuroectoderm,Neuroectoderm,9.25,0.0469,0.0854,0.0084,0,10.25
38,Spinal cord/r7/r8,Spinal cord dorsal progenitors,Neuroectoderm,Neuroectoderm,9.5,0.0898,0.1127,0.0669,0,10.25
38,Spinal cord/r7/r8,Spinal cord dorsal progenitors,Neuroectoderm,Neuroectoderm,9.75,0.1308,0.1593,0.1023,0,10.25
38,Spinal cord/r7/r8,Spinal cord dorsal progenitors,Neuroectoderm,Neuroectoderm,10.0,0.2013,0.2008,0.2019,0,10.25
38,Spinal cord/r7/r8,Spinal cord dorsal progenitors,Neuroectoderm,Neuroectoderm,10.25,0.2658,0.2471,0.2846,1,10.25
38,Spinal cord/r7/r8,Spinal cord dorsal progenitors,Neuroectoderm,Neuroectoderm,10.5,0.3136,0.2723,0.3549,1,10.25
38,Spinal cord/r7/r8,Spinal cord dorsal progenitors,Neuroectoderm,Neuroectoderm,10.75,0.3876,0.3332,0.442,1,10.25
38,Spinal cord/r7/r8,Spinal cord dorsal progenitors,Neuroectoderm,Neuroectoderm,11.0,0.4363,0.3945,0.478,1,10.25
38,Spinal cord/r7/r8,Spinal cord dorsal progenitors,Neuroectoderm,Neuroectoderm,11.25,0.4588,0.4605,0.4571,1,10.25
38,Spinal cord/r7/r8,Spinal cord dorsal progenitors,Neuroectoderm,Neuroectoderm,11.5,0.5608,0.5723,0.5493,1,10.25
38,Spinal cord/r7/r8,Spinal cord dorsal progenitors,Neuroectoderm,Neuroectoderm,11.75,0.6414,0.6327,0.6501,1,10.25
38,Spinal cord/r7/r8,Spinal cord dorsal progenitors,Neuroectoderm,Neuroectoderm,12.0,0.7279,0.719,0.7367,1,10.25
38,Spinal cord/r7/r8,Spinal cord dorsal progenitors,Neuroectoderm,Neuroectoderm,12.25,0.8235,0.8678,0.7792,1,10.25
38,Spinal cord/r7/r8,Spinal cord dorsal progenitors,Neuroectoderm,Neuroectoderm,12.5,0.9559,1.014,0.8978,1,10.25
38,Spinal cord/r7/r8,Spinal cord dorsal progenitors,Neuroectoderm,Neuroectoderm,12.75,1.1663,1.2604,1.0722,1,10.25
38,Spinal cord/r7/r8,Spinal cord dorsal progenitors,Neuroectoderm,Neuroectoderm,13.0,1.429,1.5496,1.3085,1,10.25
38,Spinal cord/r7/r8,Spinal cord dorsal progenitors,Neuroectoderm,Neuroectoderm,13.25,1.6314,1.7031,1.5597,1,10.25
39,Border-associated macrophages,Monocytes,Blood,Blood,7.0,-0.9775,-0.8997,-1.0553,0,10.25
39,Border-associated macrophages,Monocytes,Blood,Blood,7.25,-0.9076,-0.8764,-0.9388,0,10.25
39,Border-associated macrophages,Monocytes,Blood,Blood,7.5,-0.8583,-0.8664,-0.8502,0,10.25
39,Border-associated macrophages,Monocytes,Blood,Blood,7.75,-0.7488,-0.791,-0.7066,0,10.25
39,Border-associated macrophages,Monocytes,Blood,Blood,8.0,-0.5985,-0.6511,-0.5458,0,10.25
39,Border-associated macrophages,Monocytes,Blood,Blood,8.25,-0.4836,-0.564,-0.4032,0,10.25
39,Border-associated macrophages,Monocytes,Blood,Blood,8.5,-0.3915,-0.45,-0.333,0,10.25
39,Border-associated macrophages,Monocytes,Blood,Blood,8.75,-0.3099,-0.3619,-0.258,0,10.25
39,Border-associated macrophages,Monocytes,Blood,Blood,9.0,-0.2102,-0.2292,-0.1912,0,10.25
39,Border-associated macrophages,Monocytes,Blood,Blood,9.25,-0.0292,-0.0229,-0.0355,0,10.25
39,Border-associated macrophages,Monocytes,Blood,Blood,9.5,0.1298,0.1624,0.0971,0,10.25
39,Border-associated macrophages,Monocytes,Blood,Blood,9.75,0.3142,0.3751,0.2532,0,10.25
39,Border-associated macrophages,Monocytes,Blood,Blood,10.0,0.4738,0.5268,0.4207,0,10.25
39,Border-associated macrophages,Monocytes,Blood,Blood,10.25,0.6022,0.6606,0.5437,1,10.25
39,Border-associated macrophages,Monocytes,Blood,Blood,10.5,0.797,0.8154,0.7785,1,10.25
39,Border-associated macrophages,Monocytes,Blood,Blood,10.75,0.9485,0.952,0.945,1,10.25
39,Border-associated macrophages,Monocytes,Blood,Blood,11.0,1.0769,1.0557,1.0982,1,10.25
39,Border-associated macrophages,Monocytes,Blood,Blood,11.25,1.185,1.1727,1.1973,1,10.25
39,Border-associated macrophages,Monocytes,Blood,Blood,11.5,1.2794,1.2658,1.2929,1,10.25
39,Border-associated macrophages,Monocytes,Blood,Blood,11.75,1.4279,1.4413,1.4145,1,10.25
39,Border-associated macrophages,Monocytes,Blood,Blood,12.0,1.5331,1.6133,1.453,1,10.25
39,Border-associated macrophages,Monocytes,Blood,Blood,12.25,1.5777,1.7113,1.4441,1,10.25
39,Border-associated macrophages,Monocytes,Blood,Blood,12.5,1.5517,1.7467,1.3567,1,10.25
39,Border-associated macrophages,Monocytes,Blood,Blood,12.75,1.517,1.6687,1.3652,1,10.25
39,Border-associated macrophages,Monocytes,Blood,Blood,13.0,1.5557,1.6868,1.4246,1,10.25
39,Border-associated macrophages,Monocytes,Blood,Blood,13.25,1.5132,1.5894,1.4371,1,10.25
40,Myoblasts,Myofibroblasts,Mesoderm,Mesoderm,7.0,-0.1199,-0.1378,-0.102,0,10.25
40,Myoblasts,Myofibroblasts,Mesoderm,Mesoderm,7.25,-0.138,-0.1735,-0.1024,0,10.25
40,Myoblasts,Myofibroblasts,Mesoderm,Mesoderm,7.5,-0.1344,-0.173,-0.0959,0,10.25
40,Myoblasts,Myofibroblasts,Mesoderm,Mesoderm,7.75,-0.1195,-0.1583,-0.0808,0,10.25
40,Myoblasts,Myofibroblasts,Mesoderm,Mesoderm,8.0,-0.1176,-0.168,-0.0673,0,10.25
40,Myoblasts,Myofibroblasts,Mesoderm,Mesoderm,8.25,-0.0959,-0.1438,-0.0479,0,10.25
40,Myoblasts,Myofibroblasts,Mesoderm,Mesoderm,8.5,-0.0699,-0.1303,-0.0095,0,10.25
40,Myoblasts,Myofibroblasts,Mesoderm,Mesoderm,8.75,-0.0419,-0.1031,0.0192,0,10.25
40,Myoblasts,Myofibroblasts,Mesoderm,Mesoderm,9.0,-0.0215,-0.0757,0.0327,0,10.25
40,Myoblasts,Myofibroblasts,Mesoderm,Mesoderm,9.25,0.0022,-0.0352,0.0396,0,10.25
40,Myoblasts,Myofibroblasts,Mesoderm,Mesoderm,9.5,0.0409,-0.0024,0.0842,0,10.25
40,Myoblasts,Myofibroblasts,Mesoderm,Mesoderm,9.75,0.0899,0.0498,0.1301,0,10.25
40,Myoblasts,Myofibroblasts,Mesoderm,Mesoderm,10.0,0.1355,0.0926,0.1785,0,10.25
40,Myoblasts,Myofibroblasts,Mesoderm,Mesoderm,10.25,0.1886,0.1386,0.2385,1,10.25
40,Myoblasts,Myofibroblasts,Mesoderm,Mesoderm,10.5,0.2559,0.1991,0.3128,1,10.25
40,Myoblasts,Myofibroblasts,Mesoderm,Mesoderm,10.75,0.3167,0.2649,0.3684,1,10.25
40,Myoblasts,Myofibroblasts,Mesoderm,Mesoderm,11.0,0.4016,0.3612,0.4421,1,10.25
40,Myoblasts,Myofibroblasts,Mesoderm,Mesoderm,11.25,0.4609,0.434,0.4877,1,10.25
40,Myoblasts,Myofibroblasts,Mesoderm,Mesoderm,11.5,0.5393,0.5255,0.5531,1,10.25
40,Myoblasts,Myofibroblasts,Mesoderm,Mesoderm,11.75,0.6104,0.6076,0.6131,1,10.25
40,Myoblasts,Myofibroblasts,Mesoderm,Mesoderm,12.0,0.674,0.6865,0.6616,1,10.25
40,Myoblasts,Myofibroblasts,Mesoderm,Mesoderm,12.25,0.7392,0.7861,0.6924,1,10.25
40,Myoblasts,Myofibroblasts,Mesoderm,Mesoderm,12.5,0.8374,0.894,0.7808,1,10.25
40,Myoblasts,Myofibroblasts,Mesoderm,Mesoderm,12.75,0.9826,1.0424,0.9229,1,10.25
40,Myoblasts,Myofibroblasts,Mesoderm,Mesoderm,13.0,1.1592,1.2165,1.1019,1,10.25
40,Myoblasts,Myofibroblasts,Mesoderm,Mesoderm,13.25,1.3691,1.4328,1.3054,1,10.25
41,Border-associated macrophages,Microglia,Blood,Blood,7.0,-0.948,-0.9732,-0.9229,0,10.5
41,Border-associated macrophages,Microglia,Blood,Blood,7.25,-0.9795,-0.9839,-0.9751,0,10.5
41,Border-associated macrophages,Microglia,Blood,Blood,7.5,-0.9491,-0.9883,-0.91,0,10.5
41,Border-associated macrophages,Microglia,Blood,Blood,7.75,-0.8727,-0.9231,-0.8223,0,10.5
41,Border-associated macrophages,Microglia,Blood,Blood,8.0,-0.8094,-0.8061,-0.8127,0,10.5
41,Border-associated macrophages,Microglia,Blood,Blood,8.25,-0.7132,-0.7012,-0.7252,0,10.5
41,Border-associated macrophages,Microglia,Blood,Blood,8.5,-0.6144,-0.5808,-0.6481,0,10.5
41,Border-associated macrophages,Microglia,Blood,Blood,8.75,-0.522,-0.487,-0.557,0,10.5
41,Border-associated macrophages,Microglia,Blood,Blood,9.0,-0.4205,-0.3378,-0.5032,0,10.5
41,Border-associated macrophages,Microglia,Blood,Blood,9.25,-0.2848,-0.1992,-0.3704,0,10.5
41,Border-associated macrophages,Microglia,Blood,Blood,9.5,-0.1463,-0.049,-0.2437,0,10.5
41,Border-associated macrophages,Microglia,Blood,Blood,9.75,0.0068,0.1178,-0.1041,0,10.5
41,Border-associated macrophages,Microglia,Blood,Blood,10.0,0.1914,0.2357,0.1471,0,10.5
41,Border-associated macrophages,Microglia,Blood,Blood,10.25,0.3192,0.3951,0.2432,0,10.5
41,Border-associated macrophages,Microglia,Blood,Blood,10.5,0.5157,0.5941,0.4373,1,10.5
41,Border-associated macrophages,Microglia,Blood,Blood,10.75,0.6784,0.7148,0.6421,1,10.5
41,Border-associated macrophages,Microglia,Blood,Blood,11.0,0.8775,0.9114,0.8435,1,10.5
41,Border-associated macrophages,Microglia,Blood,Blood,11.25,1.0387,1.1016,0.9758,1,10.5
41,Border-associated macrophages,Microglia,Blood,Blood,11.5,1.2283,1.3376,1.1189,1,10.5
41,Border-associated macrophages,Microglia,Blood,Blood,11.75,1.4436,1.5451,1.3421,1,10.5
41,Border-associated macrophages,Microglia,Blood,Blood,12.0,1.6504,1.7798,1.521,1,10.5
41,Border-associated macrophages,Microglia,Blood,Blood,12.25,1.8273,1.985,1.6696,1,10.5
41,Border-associated macrophages,Microglia,Blood,Blood,12.5,2.0248,2.2057,1.8439,1,10.5
41,Border-associated macrophages,Microglia,Blood,Blood,12.75,2.2504,2.4776,2.0232,1,10.5
41,Border-associated macrophages,Microglia,Blood,Blood,13.0,2.4971,2.7271,2.267,1,10.5
41,Border-associated macrophages,Microglia,Blood,Blood,13.25,2.7046,2.9391,2.47,1,10.5
42,Neural progenitor cells (Neurod1+),Thalamic neuronal precursors,Neuroectoderm,Neuroectoderm,7.0,-1.1461,-1.2486,-1.0436,0,10.5
42,Neural progenitor cells (Neurod1+),Thalamic neuronal precursors,Neuroectoderm,Neuroectoderm,7.25,-1.2333,-1.3196,-1.147,0,10.5
42,Neural progenitor cells (Neurod1+),Thalamic neuronal precursors,Neuroectoderm,Neuroectoderm,7.5,-1.274,-1.3826,-1.1655,0,10.5
42,Neural progenitor cells (Neurod1+),Thalamic neuronal precursors,Neuroectoderm,Neuroectoderm,7.75,-1.2507,-1.3962,-1.1052,0,10.5
42,Neural progenitor cells (Neurod1+),Thalamic neuronal precursors,Neuroectoderm,Neuroectoderm,8.0,-1.1602,-1.3407,-0.9797,0,10.5
42,Neural progenitor cells (Neurod1+),Thalamic neuronal precursors,Neuroectoderm,Neuroectoderm,8.25,-1.0138,-1.2044,-0.8232,0,10.5
42,Neural progenitor cells (Neurod1+),Thalamic neuronal precursors,Neuroectoderm,Neuroectoderm,8.5,-0.922,-1.0691,-0.775,0,10.5
42,Neural progenitor cells (Neurod1+),Thalamic neuronal precursors,Neuroectoderm,Neuroectoderm,8.75,-0.7717,-0.9172,-0.6263,0,10.5
42,Neural progenitor cells (Neurod1+),Thalamic neuronal precursors,Neuroectoderm,Neuroectoderm,9.0,-0.6533,-0.816,-0.4906,0,10.5
42,Neural progenitor cells (Neurod1+),Thalamic neuronal precursors,Neuroectoderm,Neuroectoderm,9.25,-0.4693,-0.6357,-0.3028,0,10.5
42,Neural progenitor cells (Neurod1+),Thalamic neuronal precursors,Neuroectoderm,Neuroectoderm,9.5,-0.2971,-0.4665,-0.1277,0,10.5
42,Neural progenitor cells (Neurod1+),Thalamic neuronal precursors,Neuroectoderm,Neuroectoderm,9.75,-0.1762,-0.3324,-0.02,0,10.5
42,Neural progenitor cells (Neurod1+),Thalamic neuronal precursors,Neuroectoderm,Neuroectoderm,10.0,0.0328,-0.1022,0.1678,0,10.5
42,Neural progenitor cells (Neurod1+),Thalamic neuronal precursors,Neuroectoderm,Neuroectoderm,10.25,0.2033,0.0492,0.3574,0,10.5
42,Neural progenitor cells (Neurod1+),Thalamic neuronal precursors,Neuroectoderm,Neuroectoderm,10.5,0.3802,0.2494,0.5109,1,10.5
42,Neural progenitor cells (Neurod1+),Thalamic neuronal precursors,Neuroectoderm,Neuroectoderm,10.75,0.5298,0.4265,0.6332,1,10.5
42,Neural progenitor cells (Neurod1+),Thalamic neuronal precursors,Neuroectoderm,Neuroectoderm,11.0,0.675,0.6364,0.7137,1,10.5
42,Neural progenitor cells (Neurod1+),Thalamic neuronal precursors,Neuroectoderm,Neuroectoderm,11.25,0.8408,0.8163,0.8654,1,10.5
42,Neural progenitor cells (Neurod1+),Thalamic neuronal precursors,Neuroectoderm,Neuroectoderm,11.5,1.0099,1.0122,1.0076,1,10.5
42,Neural progenitor cells (Neurod1+),Thalamic neuronal precursors,Neuroectoderm,Neuroectoderm,11.75,1.1705,1.2173,1.1237,1,10.5
42,Neural progenitor cells (Neurod1+),Thalamic neuronal precursors,Neuroectoderm,Neuroectoderm,12.0,1.3094,1.3957,1.2232,1,10.5
42,Neural progenitor cells (Neurod1+),Thalamic neuronal precursors,Neuroectoderm,Neuroectoderm,12.25,1.4595,1.5934,1.3256,1,10.5
42,Neural progenitor cells (Neurod1+),Thalamic neuronal precursors,Neuroectoderm,Neuroectoderm,12.5,1.6794,1.815,1.5438,1,10.5
42,Neural progenitor cells (Neurod1+),Thalamic neuronal precursors,Neuroectoderm,Neuroectoderm,12.75,1.9763,2.1388,1.8138,1,10.5
42,Neural progenitor cells (Neurod1+),Thalamic neuronal precursors,Neuroectoderm,Neuroectoderm,13.0,2.2533,2.5431,1.9636,1,10.5
42,Neural progenitor cells (Neurod1+),Thalamic neuronal precursors,Neuroectoderm,Neuroectoderm,13.25,2.4687,2.7248,2.2126,1,10.5
43,Megakaryocytes,Microglia,Blood,Blood,7.0,-1.1071,-1.088,-1.1262,0,10.5
43,Megakaryocytes,Microglia,Blood,Blood,7.25,-1.1445,-1.1074,-1.1816,0,10.5
43,Megakaryocytes,Microglia,Blood,Blood,7.5,-1.0953,-1.0679,-1.1227,0,10.5
43,Megakaryocytes,Microglia,Blood,Blood,7.75,-1.0391,-0.9996,-1.0786,0,10.5
43,Megakaryocytes,Microglia,Blood,Blood,8.0,-0.9287,-0.8616,-0.9958,0,10.5
43,Megakaryocytes,Microglia,Blood,Blood,8.25,-0.7819,-0.7431,-0.8207,0,10.5
43,Megakaryocytes,Microglia,Blood,Blood,8.5,-0.7128,-0.6539,-0.7718,0,10.5
43,Megakaryocytes,Microglia,Blood,Blood,8.75,-0.5647,-0.4939,-0.6355,0,10.5
43,Megakaryocytes,Microglia,Blood,Blood,9.0,-0.4272,-0.2989,-0.5556,0,10.5
43,Megakaryocytes,Microglia,Blood,Blood,9.25,-0.2314,-0.1262,-0.3366,0,10.5
43,Megakaryocytes,Microglia,Blood,Blood,9.5,-0.0995,0.0028,-0.2018,0,10.5
43,Megakaryocytes,Microglia,Blood,Blood,9.75,0.023,0.1315,-0.0855,0,10.5
43,Megakaryocytes,Microglia,Blood,Blood,10.0,0.2101,0.2642,0.1561,0,10.5
43,Megakaryocytes,Microglia,Blood,Blood,10.25,0.3675,0.4372,0.2977,0,10.5
43,Megakaryocytes,Microglia,Blood,Blood,10.5,0.5814,0.6442,0.5187,1,10.5
43,Megakaryocytes,Microglia,Blood,Blood,10.75,0.7126,0.7884,0.6368,1,10.5
43,Megakaryocytes,Microglia,Blood,Blood,11.0,0.8513,0.9148,0.7878,1,10.5
43,Megakaryocytes,Microglia,Blood,Blood,11.25,0.9918,1.1051,0.8786,1,10.5
43,Megakaryocytes,Microglia,Blood,Blood,11.5,1.1205,1.1987,1.0423,1,10.5
43,Megakaryocytes,Microglia,Blood,Blood,11.75,1.3366,1.4849,1.1884,1,10.5
43,Megakaryocytes,Microglia,Blood,Blood,12.0,1.4761,1.6912,1.2611,1,10.5
43,Megakaryocytes,Microglia,Blood,Blood,12.25,1.5425,1.6844,1.4006,1,10.5
43,Megakaryocytes,Microglia,Blood,Blood,12.5,1.6075,1.6825,1.5324,1,10.5
43,Megakaryocytes,Microglia,Blood,Blood,12.75,1.6406,1.7451,1.5361,1,10.5
43,Megakaryocytes,Microglia,Blood,Blood,13.0,1.6664,1.854,1.4787,1,10.5
43,Megakaryocytes,Microglia,Blood,Blood,13.25,1.4716,1.8739,1.0693,1,10.5
44,Retinal ganglion cells,Retinal pigment cells,Neuroectoderm,Neuroectoderm,7.0,-0.4894,-0.4346,-0.5441,0,10.5
44,Retinal ganglion cells,Retinal pigment cells,Neuroectoderm,Neuroectoderm,7.25,-0.4196,-0.378,-0.4612,0,10.5
44,Retinal ganglion cells,Retinal pigment cells,Neuroectoderm,Neuroectoderm,7.5,-0.206,-0.1014,-0.3106,0,10.5
44,Retinal ganglion cells,Retinal pigment cells,Neuroectoderm,Neuroectoderm,7.75,-0.0408,0.1414,-0.2229,0,10.5
44,Retinal ganglion cells,Retinal pigment cells,Neuroectoderm,Neuroectoderm,8.0,0.1779,0.3917,-0.0359,0,10.5
44,Retinal ganglion cells,Retinal pigment cells,Neuroectoderm,Neuroectoderm,8.25,0.3495,0.5193,0.1796,0,10.5
44,Retinal ganglion cells,Retinal pigment cells,Neuroectoderm,Neuroectoderm,8.5,0.5311,0.7025,0.3598,0,10.5
44,Retinal ganglion cells,Retinal pigment cells,Neuroectoderm,Neuroectoderm,8.75,0.6184,0.8395,0.3972,0,10.5
44,Retinal ganglion cells,Retinal pigment cells,Neuroectoderm,Neuroectoderm,9.0,0.6269,0.906,0.3478,0,10.5
44,Retinal ganglion cells,Retinal pigment cells,Neuroectoderm,Neuroectoderm,9.25,0.8066,1.06,0.5532,0,10.5
44,Retinal ganglion cells,Retinal pigment cells,Neuroectoderm,Neuroectoderm,9.5,0.8012,0.9879,0.6145,0,10.5
44,Retinal ganglion cells,Retinal pigment cells,Neuroectoderm,Neuroectoderm,9.75,0.7855,0.9267,0.6442,0,10.5
44,Retinal ganglion cells,Retinal pigment cells,Neuroectoderm,Neuroectoderm,10.0,0.8814,1.1064,0.6564,0,10.5
44,Retinal ganglion cells,Retinal pigment cells,Neuroectoderm,Neuroectoderm,10.25,1.0049,1.2936,0.7163,0,10.5
44,Retinal ganglion cells,Retinal pigment cells,Neuroectoderm,Neuroectoderm,10.5,1.2348,1.5306,0.939,1,10.5
44,Retinal ganglion cells,Retinal pigment cells,Neuroectoderm,Neuroectoderm,10.75,1.3844,1.6707,1.0982,1,10.5
44,Retinal ganglion cells,Retinal pigment cells,Neuroectoderm,Neuroectoderm,11.0,1.3599,1.6633,1.0564,1,10.5
44,Retinal ganglion cells,Retinal pigment cells,Neuroectoderm,Neuroectoderm,11.25,1.3423,1.7893,0.8953,0,10.5
44,Retinal ganglion cells,Retinal pigment cells,Neuroectoderm,Neuroectoderm,11.5,1.6236,1.9887,1.2586,1,10.5
44,Retinal ganglion cells,Retinal pigment cells,Neuroectoderm,Neuroectoderm,11.75,1.6103,2.0384,1.1823,0,10.5
44,Retinal ganglion cells,Retinal pigment cells,Neuroectoderm,Neuroectoderm,12.0,1.2155,2.0855,0.3455,0,10.5
44,Retinal ganglion cells,Retinal pigment cells,Neuroectoderm,Neuroectoderm,12.25,0.9502,1.7609,0.1395,0,10.5
44,Retinal ganglion cells,Retinal pigment cells,Neuroectoderm,Neuroectoderm,12.5,1.1157,1.8028,0.4286,0,10.5
44,Retinal ganglion cells,Retinal pigment cells,Neuroectoderm,Neuroectoderm,12.75,1.1516,1.6386,0.6647,0,10.5
44,Retinal ganglion cells,Retinal pigment cells,Neuroectoderm,Neuroectoderm,13.0,1.2909,1.8002,0.7815,0,10.5
44,Retinal ganglion cells,Retinal pigment cells,Neuroectoderm,Neuroectoderm,13.25,1.3513,1.8634,0.8392,0,10.5
45,Primitive erythroid cells,Microglia,Blood,Blood,7.0,-0.5697,-0.6505,-0.4889,0,10.5
45,Primitive erythroid cells,Microglia,Blood,Blood,7.25,-0.548,-0.6585,-0.4374,0,10.5
45,Primitive erythroid cells,Microglia,Blood,Blood,7.5,-0.4966,-0.6101,-0.3831,0,10.5
45,Primitive erythroid cells,Microglia,Blood,Blood,7.75,-0.3434,-0.4825,-0.2042,0,10.5
45,Primitive erythroid cells,Microglia,Blood,Blood,8.0,-0.2805,-0.4089,-0.1522,0,10.5
45,Primitive erythroid cells,Microglia,Blood,Blood,8.25,-0.145,-0.2479,-0.0421,0,10.5
45,Primitive erythroid cells,Microglia,Blood,Blood,8.5,-0.1109,-0.263,0.0413,0,10.5
45,Primitive erythroid cells,Microglia,Blood,Blood,8.75,0.0693,-0.1518,0.2904,0,10.5
45,Primitive erythroid cells,Microglia,Blood,Blood,9.0,0.2548,0.1491,0.3604,0,10.5
45,Primitive erythroid cells,Microglia,Blood,Blood,9.25,0.4835,0.4052,0.5617,0,10.5
45,Primitive erythroid cells,Microglia,Blood,Blood,9.5,0.5181,0.4545,0.5816,0,10.5
45,Primitive erythroid cells,Microglia,Blood,Blood,9.75,0.5544,0.4737,0.635,0,10.5
45,Primitive erythroid cells,Microglia,Blood,Blood,10.0,0.6475,0.6366,0.6585,0,10.5
45,Primitive erythroid cells,Microglia,Blood,Blood,10.25,0.7611,0.7395,0.7827,0,10.5
45,Primitive erythroid cells,Microglia,Blood,Blood,10.5,1.0175,1.0059,1.0292,1,10.5
45,Primitive erythroid cells,Microglia,Blood,Blood,10.75,1.1216,1.1834,1.0599,1,10.5
45,Primitive erythroid cells,Microglia,Blood,Blood,11.0,1.0962,1.2775,0.9148,0,10.5
45,Primitive erythroid cells,Microglia,Blood,Blood,11.25,1.1431,1.3396,0.9466,0,10.5
45,Primitive erythroid cells,Microglia,Blood,Blood,11.5,1.3838,1.5276,1.24,1,10.5
45,Primitive erythroid cells,Microglia,Blood,Blood,11.75,1.369,1.7163,1.0216,0,10.5
45,Primitive erythroid cells,Microglia,Blood,Blood,12.0,1.4548,1.6836,1.2261,1,10.5
45,Primitive erythroid cells,Microglia,Blood,Blood,12.25,1.56,2.0048,1.1152,0,10.5
45,Primitive erythroid cells,Microglia,Blood,Blood,12.5,1.3274,2.0764,0.5785,0,10.5
45,Primitive erythroid cells,Microglia,Blood,Blood,12.75,0.8031,1.7762,-0.1701,0,10.5
45,Primitive erythroid cells,Microglia,Blood,Blood,13.0,0.5791,2.0789,-0.9206,0,10.5
45,Primitive erythroid cells,Microglia,Blood,Blood,13.25,0.705,2.1076,-0.6975,0,10.5
46,Naive retinal progenitor cells,Retinal pigment cells,Neuroectoderm,Neuroectoderm,7.0,-0.563,-0.5702,-0.5557,0,10.5
46,Naive retinal progenitor cells,Retinal pigment cells,Neuroectoderm,Neuroectoderm,7.25,-0.5627,-0.5888,-0.5366,0,10.5
46,Naive retinal progenitor cells,Retinal pigment cells,Neuroectoderm,Neuroectoderm,7.5,-0.4716,-0.3862,-0.557,0,10.5
46,Naive retinal progenitor cells,Retinal pigment cells,Neuroectoderm,Neuroectoderm,7.75,-0.3091,-0.1392,-0.4791,0,10.5
46,Naive retinal progenitor cells,Retinal pigment cells,Neuroectoderm,Neuroectoderm,8.0,-0.1705,0.0173,-0.3583,0,10.5
46,Naive retinal progenitor cells,Retinal pigment cells,Neuroectoderm,Neuroectoderm,8.25,-0.0154,0.1499,-0.1808,0,10.5
46,Naive retinal progenitor cells,Retinal pigment cells,Neuroectoderm,Neuroectoderm,8.5,0.0643,0.2403,-0.1117,0,10.5
46,Naive retinal progenitor cells,Retinal pigment cells,Neuroectoderm,Neuroectoderm,8.75,0.1632,0.3981,-0.0717,0,10.5
46,Naive retinal progenitor cells,Retinal pigment cells,Neuroectoderm,Neuroectoderm,9.0,0.2249,0.465,-0.0152,0,10.5
46,Naive retinal progenitor cells,Retinal pigment cells,Neuroectoderm,Neuroectoderm,9.25,0.3876,0.559,0.2163,0,10.5
46,Naive retinal progenitor cells,Retinal pigment cells,Neuroectoderm,Neuroectoderm,9.5,0.415,0.5324,0.2975,0,10.5
46,Naive retinal progenitor cells,Retinal pigment cells,Neuroectoderm,Neuroectoderm,9.75,0.4431,0.6038,0.2824,0,10.5
46,Naive retinal progenitor cells,Retinal pigment cells,Neuroectoderm,Neuroectoderm,10.0,0.5874,0.8291,0.3457,0,10.5
46,Naive retinal progenitor cells,Retinal pigment cells,Neuroectoderm,Neuroectoderm,10.25,0.6639,0.8958,0.432,0,10.5
46,Naive retinal progenitor cells,Retinal pigment cells,Neuroectoderm,Neuroectoderm,10.5,0.9245,1.0598,0.7891,1,10.5
46,Naive retinal progenitor cells,Retinal pigment cells,Neuroectoderm,Neuroectoderm,10.75,1.1333,1.2796,0.9869,1,10.5
46,Naive retinal progenitor cells,Retinal pigment cells,Neuroectoderm,Neuroectoderm,11.0,1.2126,1.2919,1.1333,1,10.5
46,Naive retinal progenitor cells,Retinal pigment cells,Neuroectoderm,Neuroectoderm,11.25,1.3753,1.4479,1.3028,1,10.5
46,Naive retinal progenitor cells,Retinal pigment cells,Neuroectoderm,Neuroectoderm,11.5,1.4024,1.3461,1.4586,1,10.5
46,Naive retinal progenitor cells,Retinal pigment cells,Neuroectoderm,Neuroectoderm,11.75,1.3756,1.2688,1.4825,1,10.5
46,Naive retinal progenitor cells,Retinal pigment cells,Neuroectoderm,Neuroectoderm,12.0,1.2643,1.228,1.3007,1,10.5
46,Naive retinal progenitor cells,Retinal pigment cells,Neuroectoderm,Neuroectoderm,12.25,1.2145,0.9925,1.4365,0,10.5
46,Naive retinal progenitor cells,Retinal pigment cells,Neuroectoderm,Neuroectoderm,12.5,1.3568,0.8804,1.8331,0,10.5
46,Naive retinal progenitor cells,Retinal pigment cells,Neuroectoderm,Neuroectoderm,12.75,1.3987,0.7434,2.054,0,10.5
46,Naive retinal progenitor cells,Retinal pigment cells,Neuroectoderm,Neuroectoderm,13.0,1.2809,0.4782,2.0836,0,10.5
46,Naive retinal progenitor cells,Retinal pigment cells,Neuroectoderm,Neuroectoderm,13.25,1.4358,0.6556,2.216,0,10.5
47,Dermatome,Fibroblasts,Mesoderm,Mesoderm,7.0,-0.0327,-0.0523,-0.0132,0,10.5
47,Dermatome,Fibroblasts,Mesoderm,Mesoderm,7.25,-0.0327,-0.0672,0.0018,0,10.5
47,Dermatome,Fibroblasts,Mesoderm,Mesoderm,7.5,-0.008,-0.0477,0.0317,0,10.5
47,Dermatome,Fibroblasts,Mesoderm,Mesoderm,7.75,-0.0004,-0.0458,0.045,0,10.5
47,Dermatome,Fibroblasts,Mesoderm,Mesoderm,8.0,0.001,-0.0412,0.0432,0,10.5
47,Dermatome,Fibroblasts,Mesoderm,Mesoderm,8.25,0.0108,-0.0309,0.0524,0,10.5
47,Dermatome,Fibroblasts,Mesoderm,Mesoderm,8.5,0.0169,-0.0306,0.0645,0,10.5
47,Dermatome,Fibroblasts,Mesoderm,Mesoderm,8.75,0.0262,-0.0218,0.0742,0,10.5
47,Dermatome,Fibroblasts,Mesoderm,Mesoderm,9.0,0.0341,-0.0089,0.0772,0,10.5
47,Dermatome,Fibroblasts,Mesoderm,Mesoderm,9.25,0.0341,0.0046,0.0636,0,10.5
47,Dermatome,Fibroblasts,Mesoderm,Mesoderm,9.5,0.0377,0.0074,0.0679,0,10.5
47,Dermatome,Fibroblasts,Mesoderm,Mesoderm,9.75,0.055,0.0274,0.0826,0,10.5
47,Dermatome,Fibroblasts,Mesoderm,Mesoderm,10.0,0.0528,0.029,0.0766,0,10.5
47,Dermatome,Fibroblasts,Mesoderm,Mesoderm,10.25,0.0733,0.0477,0.0988,0,10.5
47,Dermatome,Fibroblasts,Mesoderm,Mesoderm,10.5,0.0886,0.0646,0.1125,1,10.5
47,Dermatome,Fibroblasts,Mesoderm,Mesoderm,10.75,0.1098,0.075,0.1446,1,10.5
47,Dermatome,Fibroblasts,Mesoderm,Mesoderm,11.0,0.1286,0.0877,0.1696,1,10.5
47,Dermatome,Fibroblasts,Mesoderm,Mesoderm,11.25,0.1414,0.0968,0.1859,1,10.5
47,Dermatome,Fibroblasts,Mesoderm,Mesoderm,11.5,0.1712,0.13,0.2124,1,10.5
47,Dermatome,Fibroblasts,Mesoderm,Mesoderm,11.75,0.1926,0.1543,0.2309,1,10.5
47,Dermatome,Fibroblasts,Mesoderm,Mesoderm,12.0,0.2123,0.179,0.2456,1,10.5
47,Dermatome,Fibroblasts,Mesoderm,Mesoderm,12.25,0.2279,0.2157,0.24,1,10.5
47,Dermatome,Fibroblasts,Mesoderm,Mesoderm,12.5,0.2383,0.2461,0.2304,1,10.5
47,Dermatome,Fibroblasts,Mesoderm,Mesoderm,12.75,0.2636,0.2787,0.2484,1,10.5
47,Dermatome,Fibroblasts,Mesoderm,Mesoderm,13.0,0.3522,0.379,0.3253,1,10.5
47,Dermatome,Fibroblasts,Mesoderm,Mesoderm,13.25,0.473,0.4941,0.4519,1,10.5
48,Nephron progenitors,Ureteric bud,Mesoderm,Mesoderm,7.0,-1.1506,-1.2005,-1.1008,0,10.75
48,Nephron progenitors,Ureteric bud,Mesoderm,Mesoderm,7.25,-1.0707,-1.0996,-1.0418,0,10.75
48,Nephron progenitors,Ureteric bud,Mesoderm,Mesoderm,7.5,-0.9961,-1.0085,-0.9836,0,10.75
48,Nephron progenitors,Ureteric bud,Mesoderm,Mesoderm,7.75,-0.8604,-0.9094,-0.8114,0,10.75
48,Nephron progenitors,Ureteric bud,Mesoderm,Mesoderm,8.0,-0.675,-0.6071,-0.7429,0,10.75
48,Nephron progenitors,Ureteric bud,Mesoderm,Mesoderm,8.25,-0.5283,-0.4844,-0.5722,0,10.75
48,Nephron progenitors,Ureteric bud,Mesoderm,Mesoderm,8.5,-0.3982,-0.3638,-0.4325,0,10.75
48,Nephron progenitors,Ureteric bud,Mesoderm,Mesoderm,8.75,-0.2225,-0.2774,-0.1676,0,10.75
48,Nephron progenitors,Ureteric bud,Mesoderm,Mesoderm,9.0,-0.0845,-0.0826,-0.0865,0,10.75
48,Nephron progenitors,Ureteric bud,Mesoderm,Mesoderm,9.25,0.0605,0.0855,0.0356,0,10.75
48,Nephron progenitors,Ureteric bud,Mesoderm,Mesoderm,9.5,0.2654,0.2805,0.2502,0,10.75
48,Nephron progenitors,Ureteric bud,Mesoderm,Mesoderm,9.75,0.4362,0.5035,0.3688,0,10.75
48,Nephron progenitors,Ureteric bud,Mesoderm,Mesoderm,10.0,0.5219,0.6177,0.4261,0,10.75
48,Nephron progenitors,Ureteric bud,Mesoderm,Mesoderm,10.25,0.7658,0.9323,0.5994,0,10.75
48,Nephron progenitors,Ureteric bud,Mesoderm,Mesoderm,10.5,0.9801,1.1432,0.817,0,10.75
48,Nephron progenitors,Ureteric bud,Mesoderm,Mesoderm,10.75,1.2542,1.5024,1.0059,1,10.75
48,Nephron progenitors,Ureteric bud,Mesoderm,Mesoderm,11.0,1.5409,1.7083,1.3736,1,10.75
48,Nephron progenitors,Ureteric bud,Mesoderm,Mesoderm,11.25,1.7182,1.8841,1.5523,1,10.75
48,Nephron progenitors,Ureteric bud,Mesoderm,Mesoderm,11.5,1.9633,2.1191,1.8074,1,10.75
48,Nephron progenitors,Ureteric bud,Mesoderm,Mesoderm,11.75,2.172,2.3766,1.9673,1,10.75
48,Nephron progenitors,Ureteric bud,Mesoderm,Mesoderm,12.0,2.3714,2.4062,2.3366,1,10.75
48,Nephron progenitors,Ureteric bud,Mesoderm,Mesoderm,12.25,2.6878,2.7548,2.6208,1,10.75
48,Nephron progenitors,Ureteric bud,Mesoderm,Mesoderm,12.5,2.6759,2.8903,2.4615,1,10.75
48,Nephron progenitors,Ureteric bud,Mesoderm,Mesoderm,12.75,2.552,3.0348,2.0691,1,10.75
48,Nephron progenitors,Ureteric bud,Mesoderm,Mesoderm,13.0,2.7584,3.2231,2.2936,1,10.75
48,Nephron progenitors,Ureteric bud,Mesoderm,Mesoderm,13.25,2.5568,3.1416,1.972,0,10.75
49,Endothelium,Brain capillary endothelial cells,Mesoderm,Mesoderm,7.0,-0.1984,-0.3062,-0.0906,0,10.75
49,Endothelium,Brain capillary endothelial cells,Mesoderm,Mesoderm,7.25,-0.1829,-0.3064,-0.0594,0,10.75
49,Endothelium,Brain capillary endothelial cells,Mesoderm,Mesoderm,7.5,-0.2013,-0.2953,-0.1073,0,10.75
49,Endothelium,Brain capillary endothelial cells,Mesoderm,Mesoderm,7.75,-0.1899,-0.276,-0.1039,0,10.75
49,Endothelium,Brain capillary endothelial cells,Mesoderm,Mesoderm,8.0,-0.166,-0.2587,-0.0733,0,10.75
49,Endothelium,Brain capillary endothelial cells,Mesoderm,Mesoderm,8.25,-0.1262,-0.2037,-0.0487,0,10.75
49,Endothelium,Brain capillary endothelial cells,Mesoderm,Mesoderm,8.5,-0.0751,-0.1184,-0.0317,0,10.75
49,Endothelium,Brain capillary endothelial cells,Mesoderm,Mesoderm,8.75,-0.0392,-0.0428,-0.0356,0,10.75
49,Endothelium,Brain capillary endothelial cells,Mesoderm,Mesoderm,9.0,-0.0127,-0.0263,0.0009,0,10.75
49,Endothelium,Brain capillary endothelial cells,Mesoderm,Mesoderm,9.25,-0.0135,0.022,-0.049,0,10.75
49,Endothelium,Brain capillary endothelial cells,Mesoderm,Mesoderm,9.5,0.0425,0.0769,0.0082,0,10.75
49,Endothelium,Brain capillary endothelial cells,Mesoderm,Mesoderm,9.75,0.12,0.1461,0.0939,0,10.75
49,Endothelium,Brain capillary endothelial cells,Mesoderm,Mesoderm,10.0,0.2019,0.2377,0.1661,0,10.75
49,Endothelium,Brain capillary endothelial cells,Mesoderm,Mesoderm,10.25,0.265,0.3088,0.2213,0,10.75
49,Endothelium,Brain capillary endothelial cells,Mesoderm,Mesoderm,10.5,0.3689,0.3828,0.355,0,10.75
49,Endothelium,Brain capillary endothelial cells,Mesoderm,Mesoderm,10.75,0.4716,0.4693,0.4739,1,10.75
49,Endothelium,Brain capillary endothelial cells,Mesoderm,Mesoderm,11.0,0.559,0.56,0.558,1,10.75
49,Endothelium,Brain capillary endothelial cells,Mesoderm,Mesoderm,11.25,0.6526,0.6933,0.6118,1,10.75
49,Endothelium,Brain capillary endothelial cells,Mesoderm,Mesoderm,11.5,0.7313,0.7789,0.6836,1,10.75
49,Endothelium,Brain capillary endothelial cells,Mesoderm,Mesoderm,11.75,0.8012,0.8929,0.7094,1,10.75
49,Endothelium,Brain capillary endothelial cells,Mesoderm,Mesoderm,12.0,0.9976,1.119,0.8762,1,10.75
49,Endothelium,Brain capillary endothelial cells,Mesoderm,Mesoderm,12.25,1.1809,1.2996,1.0622,1,10.75
49,Endothelium,Brain capillary endothelial cells,Mesoderm,Mesoderm,12.5,1.4539,1.5608,1.347,1,10.75
49,Endothelium,Brain capillary endothelial cells,Mesoderm,Mesoderm,12.75,1.661,1.7982,1.5238,1,10.75
49,Endothelium,Brain capillary endothelial cells,Mesoderm,Mesoderm,13.0,1.9464,2.1915,1.7013,1,10.75
49,Endothelium,Brain capillary endothelial cells,Mesoderm,Mesoderm,13.25,2.1526,2.4918,1.8134,1,10.75
50,Astrocytes,Spinal cord motor neurons,Neuroectoderm,Neuroectoderm,7.0,-0.2635,-0.3161,-0.2108,0,10.75
50,Astrocytes,Spinal cord motor neurons,Neuroectoderm,Neuroectoderm,7.25,-0.2586,-0.2969,-0.2204,0,10.75
50,Astrocytes,Spinal cord motor neurons,Neuroectoderm,Neuroectoderm,7.5,-0.2171,-0.2948,-0.1394,0,10.75
50,Astrocytes,Spinal cord motor neurons,Neuroectoderm,Neuroectoderm,7.75,-0.1921,-0.1895,-0.1947,0,10.75
50,Astrocytes,Spinal cord motor neurons,Neuroectoderm,Neuroectoderm,8.0,-0.108,-0.0999,-0.116,0,10.75
50,Astrocytes,Spinal cord motor neurons,Neuroectoderm,Neuroectoderm,8.25,-0.0679,-0.0644,-0.0715,0,10.75
50,Astrocytes,Spinal cord motor neurons,Neuroectoderm,Neuroectoderm,8.5,-0.0188,0.0143,-0.052,0,10.75
50,Astrocytes,Spinal cord motor neurons,Neuroectoderm,Neuroectoderm,8.75,0.0254,0.0761,-0.0253,0,10.75
50,Astrocytes,Spinal cord motor neurons,Neuroectoderm,Neuroectoderm,9.0,0.0822,0.1336,0.0308,0,10.75
50,Astrocytes,Spinal cord motor neurons,Neuroectoderm,Neuroectoderm,9.25,0.1345,0.2103,0.0588,0,10.75
50,Astrocytes,Spinal cord motor neurons,Neuroectoderm,Neuroectoderm,9.5,0.2542,0.328,0.1804,0,10.75
50,Astrocytes,Spinal cord motor neurons,Neuroectoderm,Neuroectoderm,9.75,0.3185,0.3902,0.2469,0,10.75
50,Astrocytes,Spinal cord motor neurons,Neuroectoderm,Neuroectoderm,10.0,0.3706,0.4319,0.3092,0,10.75
50,Astrocytes,Spinal cord motor neurons,Neuroectoderm,Neuroectoderm,10.25,0.4475,0.5054,0.3896,0,10.75
50,Astrocytes,Spinal cord motor neurons,Neuroectoderm,Neuroectoderm,10.5,0.493,0.5653,0.4207,0,10.75
50,Astrocytes,Spinal cord motor neurons,Neuroectoderm,Neuroectoderm,10.75,0.5342,0.5602,0.5082,1,10.75
50,Astrocytes,Spinal cord motor neurons,Neuroectoderm,Neuroectoderm,11.0,0.5913,0.6252,0.5574,1,10.75
50,Astrocytes,Spinal cord motor neurons,Neuroectoderm,Neuroectoderm,11.25,0.7388,0.7957,0.6819,1,10.75
50,Astrocytes,Spinal cord motor neurons,Neuroectoderm,Neuroectoderm,11.5,0.758,0.7666,0.7494,1,10.75
50,Astrocytes,Spinal cord motor neurons,Neuroectoderm,Neuroectoderm,11.75,0.7868,0.7918,0.7817,1,10.75
50,Astrocytes,Spinal cord motor neurons,Neuroectoderm,Neuroectoderm,12.0,0.8421,0.8323,0.8518,1,10.75
50,Astrocytes,Spinal cord motor neurons,Neuroectoderm,Neuroectoderm,12.25,1.0611,1.0672,1.055,1,10.75
50,Astrocytes,Spinal cord motor neurons,Neuroectoderm,Neuroectoderm,12.5,1.3389,1.3123,1.3655,1,10.75
50,Astrocytes,Spinal cord motor neurons,Neuroectoderm,Neuroectoderm,12.75,1.5646,1.4843,1.645,1,10.75
50,Astrocytes,Spinal cord motor neurons,Neuroectoderm,Neuroectoderm,13.0,1.8082,1.6593,1.957,1,10.75
50,Astrocytes,Spinal cord motor neurons,Neuroectoderm,Neuroectoderm,13.25,1.9529,1.7646,2.1413,1,10.75
51,Mast cells,Megakaryocytes,Blood,Blood,7.0,-1.2915,-1.1751,-1.408,0,10.75
51,Mast cells,Megakaryocytes,Blood,Blood,7.25,-1.2451,-1.1582,-1.332,0,10.75
51,Mast cells,Megakaryocytes,Blood,Blood,7.5,-1.2179,-1.1471,-1.2888,0,10.75
51,Mast cells,Megakaryocytes,Blood,Blood,7.75,-1.1467,-1.0781,-1.2152,0,10.75
51,Mast cells,Megakaryocytes,Blood,Blood,8.0,-1.0343,-0.9527,-1.1159,0,10.75
51,Mast cells,Megakaryocytes,Blood,Blood,8.25,-0.9031,-0.819,-0.9872,0,10.75
51,Mast cells,Megakaryocytes,Blood,Blood,8.5,-0.8094,-0.7163,-0.9024,0,10.75
51,Mast cells,Megakaryocytes,Blood,Blood,8.75,-0.6733,-0.5544,-0.7921,0,10.75
51,Mast cells,Megakaryocytes,Blood,Blood,9.0,-0.5269,-0.3376,-0.7163,0,10.75
51,Mast cells,Megakaryocytes,Blood,Blood,9.25,-0.3018,-0.0925,-0.5111,0,10.75
51,Mast cells,Megakaryocytes,Blood,Blood,9.5,-0.1663,0.0286,-0.3612,0,10.75
51,Mast cells,Megakaryocytes,Blood,Blood,9.75,-0.0384,0.1849,-0.2618,0,10.75
51,Mast cells,Megakaryocytes,Blood,Blood,10.0,0.158,0.3814,-0.0654,0,10.75
51,Mast cells,Megakaryocytes,Blood,Blood,10.25,0.3098,0.5513,0.0683,0,10.75
51,Mast cells,Megakaryocytes,Blood,Blood,10.5,0.4924,0.7274,0.2574,0,10.75
51,Mast cells,Megakaryocytes,Blood,Blood,10.75,0.6681,0.881,0.4551,1,10.75
51,Mast cells,Megakaryocytes,Blood,Blood,11.0,0.847,1.0151,0.6789,1,10.75
51,Mast cells,Megakaryocytes,Blood,Blood,11.25,1.015,1.2248,0.8052,1,10.75
51,Mast cells,Megakaryocytes,Blood,Blood,11.5,1.1792,1.4498,0.9087,1,10.75
51,Mast cells,Megakaryocytes,Blood,Blood,11.75,1.3447,1.6312,1.0581,1,10.75
51,Mast cells,Megakaryocytes,Blood,Blood,12.0,1.4321,1.6719,1.1923,1,10.75
51,Mast cells,Megakaryocytes,Blood,Blood,12.25,1.4919,1.7431,1.2406,1,10.75
51,Mast cells,Megakaryocytes,Blood,Blood,12.5,1.5704,1.8931,1.2477,1,10.75
51,Mast cells,Megakaryocytes,Blood,Blood,12.75,1.4643,1.7929,1.1357,1,10.75
51,Mast cells,Megakaryocytes,Blood,Blood,13.0,1.3891,1.9207,0.8575,1,10.75
51,Mast cells,Megakaryocytes,Blood,Blood,13.25,1.5056,1.9257,1.0856,1,10.75
52,Primitive erythroid cells,Definitive erythroblasts (CD36+),Blood,Blood,7.0,-0.0272,-0.091,0.0365,0,10.75
52,Primitive erythroid cells,Definitive erythroblasts (CD36+),Blood,Blood,7.25,-0.1659,-0.4145,0.0826,0,10.75
52,Primitive erythroid cells,Definitive erythroblasts (CD36+),Blood,Blood,7.5,0.0515,-0.1764,0.2795,0,10.75
52,Primitive erythroid cells,Definitive erythroblasts (CD36+),Blood,Blood,7.75,0.143,-0.0608,0.3467,0,10.75
52,Primitive erythroid cells,Definitive erythroblasts (CD36+),Blood,Blood,8.0,0.3242,0.1006,0.5477,0,10.75
52,Primitive erythroid cells,Definitive erythroblasts (CD36+),Blood,Blood,8.25,0.3828,0.1063,0.6593,0,10.75
52,Primitive erythroid cells,Definitive erythroblasts (CD36+),Blood,Blood,8.5,0.4865,0.257,0.7159,0,10.75
52,Primitive erythroid cells,Definitive erythroblasts (CD36+),Blood,Blood,8.75,0.5647,0.2583,0.8711,0,10.75
52,Primitive erythroid cells,Definitive erythroblasts (CD36+),Blood,Blood,9.0,0.6784,0.3499,1.007,0,10.75
52,Primitive erythroid cells,Definitive erythroblasts (CD36+),Blood,Blood,9.25,0.9371,0.662,1.2122,0,10.75
52,Primitive erythroid cells,Definitive erythroblasts (CD36+),Blood,Blood,9.5,1.0065,0.724,1.2889,0,10.75
52,Primitive erythroid cells,Definitive erythroblasts (CD36+),Blood,Blood,9.75,1.1016,0.7834,1.4197,0,10.75
52,Primitive erythroid cells,Definitive erythroblasts (CD36+),Blood,Blood,10.0,1.1645,0.8241,1.505,0,10.75
52,Primitive erythroid cells,Definitive erythroblasts (CD36+),Blood,Blood,10.25,1.1959,0.8874,1.5044,0,10.75
52,Primitive erythroid cells,Definitive erythroblasts (CD36+),Blood,Blood,10.5,1.2975,1.0817,1.5133,0,10.75
52,Primitive erythroid cells,Definitive erythroblasts (CD36+),Blood,Blood,10.75,1.4491,1.2584,1.6399,1,10.75
52,Primitive erythroid cells,Definitive erythroblasts (CD36+),Blood,Blood,11.0,1.3842,1.1166,1.6518,0,10.75
52,Primitive erythroid cells,Definitive erythroblasts (CD36+),Blood,Blood,11.25,1.4018,1.145,1.6585,0,10.75
52,Primitive erythroid cells,Definitive erythroblasts (CD36+),Blood,Blood,11.5,1.2733,0.9014,1.6452,0,10.75
52,Primitive erythroid cells,Definitive erythroblasts (CD36+),Blood,Blood,11.75,1.3346,0.869,1.8002,0,10.75
52,Primitive erythroid cells,Definitive erythroblasts (CD36+),Blood,Blood,12.0,1.3085,1.0764,1.5406,0,10.75
52,Primitive erythroid cells,Definitive erythroblasts (CD36+),Blood,Blood,12.25,0.8582,0.9818,0.7346,0,10.75
52,Primitive erythroid cells,Definitive erythroblasts (CD36+),Blood,Blood,12.5,0.549,0.7741,0.3239,0,10.75
52,Primitive erythroid cells,Definitive erythroblasts (CD36+),Blood,Blood,12.75,0.4341,0.3895,0.4786,0,10.75
52,Primitive erythroid cells,Definitive erythroblasts (CD36+),Blood,Blood,13.0,0.0676,0.5498,-0.4146,0,10.75
52,Primitive erythroid cells,Definitive erythroblasts (CD36+),Blood,Blood,13.25,0.1528,0.6376,-0.3319,0,10.75
53,Hematopoietic stem cells (Mpo+),Definitive erythroblasts (CD36+),Blood,Blood,7.0,-1.0599,-0.9287,-1.191,0,10.75
53,Hematopoietic stem cells (Mpo+),Definitive erythroblasts (CD36+),Blood,Blood,7.25,-1.0714,-1.1282,-1.0147,0,10.75
53,Hematopoietic stem cells (Mpo+),Definitive erythroblasts (CD36+),Blood,Blood,7.5,-1.049,-1.2007,-0.8972,0,10.75
53,Hematopoietic stem cells (Mpo+),Definitive erythroblasts (CD36+),Blood,Blood,7.75,-0.9076,-1.1091,-0.7061,0,10.75
53,Hematopoietic stem cells (Mpo+),Definitive erythroblasts (CD36+),Blood,Blood,8.0,-0.8384,-1.0823,-0.5945,0,10.75
53,Hematopoietic stem cells (Mpo+),Definitive erythroblasts (CD36+),Blood,Blood,8.25,-0.6927,-0.9504,-0.4349,0,10.75
53,Hematopoietic stem cells (Mpo+),Definitive erythroblasts (CD36+),Blood,Blood,8.5,-0.5414,-0.8189,-0.2638,0,10.75
53,Hematopoietic stem cells (Mpo+),Definitive erythroblasts (CD36+),Blood,Blood,8.75,-0.4999,-0.7209,-0.2789,0,10.75
53,Hematopoietic stem cells (Mpo+),Definitive erythroblasts (CD36+),Blood,Blood,9.0,-0.3592,-0.5588,-0.1596,0,10.75
53,Hematopoietic stem cells (Mpo+),Definitive erythroblasts (CD36+),Blood,Blood,9.25,-0.0967,-0.228,0.0346,0,10.75
53,Hematopoietic stem cells (Mpo+),Definitive erythroblasts (CD36+),Blood,Blood,9.5,0.0436,-0.1135,0.2008,0,10.75
53,Hematopoietic stem cells (Mpo+),Definitive erythroblasts (CD36+),Blood,Blood,9.75,0.1844,0.0184,0.3505,0,10.75
53,Hematopoietic stem cells (Mpo+),Definitive erythroblasts (CD36+),Blood,Blood,10.0,0.3477,0.1684,0.527,0,10.75
53,Hematopoietic stem cells (Mpo+),Definitive erythroblasts (CD36+),Blood,Blood,10.25,0.4933,0.3242,0.6623,0,10.75
53,Hematopoietic stem cells (Mpo+),Definitive erythroblasts (CD36+),Blood,Blood,10.5,0.7022,0.5993,0.8051,0,10.75
53,Hematopoietic stem cells (Mpo+),Definitive erythroblasts (CD36+),Blood,Blood,10.75,0.8663,0.7739,0.9586,1,10.75
53,Hematopoietic stem cells (Mpo+),Definitive erythroblasts (CD36+),Blood,Blood,11.0,0.9107,0.8252,0.9962,1,10.75
53,Hematopoietic stem cells (Mpo+),Definitive erythroblasts (CD36+),Blood,Blood,11.25,1.0288,0.8907,1.167,1,10.75
53,Hematopoietic stem cells (Mpo+),Definitive erythroblasts (CD36+),Blood,Blood,11.5,1.1523,1.179,1.1256,1,10.75
53,Hematopoietic stem cells (Mpo+),Definitive erythroblasts (CD36+),Blood,Blood,11.75,1.1649,1.0974,1.2324,1,10.75
53,Hematopoietic stem cells (Mpo+),Definitive erythroblasts (CD36+),Blood,Blood,12.0,1.0698,1.0507,1.089,1,10.75
53,Hematopoietic stem cells (Mpo+),Definitive erythroblasts (CD36+),Blood,Blood,12.25,1.1927,1.1223,1.2631,1,10.75
53,Hematopoietic stem cells (Mpo+),Definitive erythroblasts (CD36+),Blood,Blood,12.5,1.3408,1.2594,1.4223,1,10.75
53,Hematopoietic stem cells (Mpo+),Definitive erythroblasts (CD36+),Blood,Blood,12.75,1.0528,1.3707,0.7349,0,10.75
53,Hematopoietic stem cells (Mpo+),Definitive erythroblasts (CD36+),Blood,Blood,13.0,0.9833,1.1578,0.8087,0,10.75
53,Hematopoietic stem cells (Mpo+),Definitive erythroblasts (CD36+),Blood,Blood,13.25,0.7668,1.3505,0.1831,0,10.75
54,Hematopoietic stem cells (Mpo+),Megakaryocytes,Blood,Blood,7.0,-1.5312,-1.458,-1.6044,0,10.75
54,Hematopoietic stem cells (Mpo+),Megakaryocytes,Blood,Blood,7.25,-1.5299,-1.5127,-1.5472,0,10.75
54,Hematopoietic stem cells (Mpo+),Megakaryocytes,Blood,Blood,7.5,-1.488,-1.5442,-1.4317,0,10.75
54,Hematopoietic stem cells (Mpo+),Megakaryocytes,Blood,Blood,7.75,-1.4367,-1.4998,-1.3735,0,10.75
54,Hematopoietic stem cells (Mpo+),Megakaryocytes,Blood,Blood,8.0,-1.3135,-1.3558,-1.2711,0,10.75
54,Hematopoietic stem cells (Mpo+),Megakaryocytes,Blood,Blood,8.25,-1.1875,-1.2357,-1.1393,0,10.75
54,Hematopoietic stem cells (Mpo+),Megakaryocytes,Blood,Blood,8.5,-1.0804,-1.1109,-1.0498,0,10.75
54,Hematopoietic stem cells (Mpo+),Megakaryocytes,Blood,Blood,8.75,-0.984,-0.9822,-0.9858,0,10.75
54,Hematopoietic stem cells (Mpo+),Megakaryocytes,Blood,Blood,9.0,-0.8015,-0.7893,-0.8138,0,10.75
54,Hematopoietic stem cells (Mpo+),Megakaryocytes,Blood,Blood,9.25,-0.593,-0.5537,-0.6324,0,10.75
54,Hematopoietic stem cells (Mpo+),Megakaryocytes,Blood,Blood,9.5,-0.4063,-0.3632,-0.4494,0,10.75
54,Hematopoietic stem cells (Mpo+),Megakaryocytes,Blood,Blood,9.75,-0.2245,-0.1974,-0.2515,0,10.75
54,Hematopoietic stem cells (Mpo+),Megakaryocytes,Blood,Blood,10.0,-0.0515,-0.0695,-0.0334,0,10.75
54,Hematopoietic stem cells (Mpo+),Megakaryocytes,Blood,Blood,10.25,0.1075,0.1069,0.108,0,10.75
54,Hematopoietic stem cells (Mpo+),Megakaryocytes,Blood,Blood,10.5,0.2847,0.2926,0.2769,0,10.75
54,Hematopoietic stem cells (Mpo+),Megakaryocytes,Blood,Blood,10.75,0.4562,0.4614,0.4511,1,10.75
54,Hematopoietic stem cells (Mpo+),Megakaryocytes,Blood,Blood,11.0,0.6264,0.591,0.6619,1,10.75
54,Hematopoietic stem cells (Mpo+),Megakaryocytes,Blood,Blood,11.25,0.7783,0.7869,0.7698,1,10.75
54,Hematopoietic stem cells (Mpo+),Megakaryocytes,Blood,Blood,11.5,0.9166,0.9472,0.8859,1,10.75
54,Hematopoietic stem cells (Mpo+),Megakaryocytes,Blood,Blood,11.75,1.0417,1.0315,1.052,1,10.75
54,Hematopoietic stem cells (Mpo+),Megakaryocytes,Blood,Blood,12.0,1.1342,1.1983,1.07,1,10.75
54,Hematopoietic stem cells (Mpo+),Megakaryocytes,Blood,Blood,12.25,1.2803,1.3179,1.2426,1,10.75
54,Hematopoietic stem cells (Mpo+),Megakaryocytes,Blood,Blood,12.5,1.2654,1.3813,1.1494,1,10.75
54,Hematopoietic stem cells (Mpo+),Megakaryocytes,Blood,Blood,12.75,1.283,1.4216,1.1445,1,10.75
54,Hematopoietic stem cells (Mpo+),Megakaryocytes,Blood,Blood,13.0,1.1821,1.2484,1.1157,1,10.75
54,Hematopoietic stem cells (Mpo+),Megakaryocytes,Blood,Blood,13.25,1.2295,1.4494,1.0096,1,10.75
55,Neural crest (PNS neurons),Myelinating Schwann cells,Neural crest,Neural crest,7.0,-0.593,-0.5273,-0.6587,0,11.0
55,Neural crest (PNS neurons),Myelinating Schwann cells,Neural crest,Neural crest,7.25,-0.6822,-0.661,-0.7033,0,11.0
55,Neural crest (PNS neurons),Myelinating Schwann cells,Neural crest,Neural crest,7.5,-0.737,-0.6902,-0.7838,0,11.0
55,Neural crest (PNS neurons),Myelinating Schwann cells,Neural crest,Neural crest,7.75,-0.708,-0.6428,-0.7733,0,11.0
55,Neural crest (PNS neurons),Myelinating Schwann cells,Neural crest,Neural crest,8.0,-0.6825,-0.6243,-0.7407,0,11.0
55,Neural crest (PNS neurons),Myelinating Schwann cells,Neural crest,Neural crest,8.25,-0.626,-0.5737,-0.6783,0,11.0
55,Neural crest (PNS neurons),Myelinating Schwann cells,Neural crest,Neural crest,8.5,-0.5361,-0.4973,-0.5748,0,11.0
55,Neural crest (PNS neurons),Myelinating Schwann cells,Neural crest,Neural crest,8.75,-0.4627,-0.4101,-0.5152,0,11.0
55,Neural crest (PNS neurons),Myelinating Schwann cells,Neural crest,Neural crest,9.0,-0.3797,-0.3247,-0.4347,0,11.0
55,Neural crest (PNS neurons),Myelinating Schwann cells,Neural crest,Neural crest,9.25,-0.3128,-0.2807,-0.3449,0,11.0
55,Neural crest (PNS neurons),Myelinating Schwann cells,Neural crest,Neural crest,9.5,-0.2397,-0.2572,-0.2223,0,11.0
55,Neural crest (PNS neurons),Myelinating Schwann cells,Neural crest,Neural crest,9.75,-0.1162,-0.1786,-0.0538,0,11.0
55,Neural crest (PNS neurons),Myelinating Schwann cells,Neural crest,Neural crest,10.0,-0.0187,-0.1212,0.0838,0,11.0
55,Neural crest (PNS neurons),Myelinating Schwann cells,Neural crest,Neural crest,10.25,0.044,-0.0571,0.145,0,11.0
55,Neural crest (PNS neurons),Myelinating Schwann cells,Neural crest,Neural crest,10.5,0.1194,0.022,0.2169,0,11.0
55,Neural crest (PNS neurons),Myelinating Schwann cells,Neural crest,Neural crest,10.75,0.2002,0.127,0.2735,0,11.0
55,Neural crest (PNS neurons),Myelinating Schwann cells,Neural crest,Neural crest,11.0,0.3031,0.2668,0.3395,1,11.0
55,Neural crest (PNS neurons),Myelinating Schwann cells,Neural crest,Neural crest,11.25,0.3975,0.417,0.3781,1,11.0
55,Neural crest (PNS neurons),Myelinating Schwann cells,Neural crest,Neural crest,11.5,0.4554,0.5323,0.3784,1,11.0
55,Neural crest (PNS neurons),Myelinating Schwann cells,Neural crest,Neural crest,11.75,0.5075,0.5733,0.4417,1,11.0
55,Neural crest (PNS neurons),Myelinating Schwann cells,Neural crest,Neural crest,12.0,0.6268,0.7148,0.5388,1,11.0
55,Neural crest (PNS neurons),Myelinating Schwann cells,Neural crest,Neural crest,12.25,0.8475,0.9066,0.7884,1,11.0
55,Neural crest (PNS neurons),Myelinating Schwann cells,Neural crest,Neural crest,12.5,1.0708,1.1683,0.9732,1,11.0
55,Neural crest (PNS neurons),Myelinating Schwann cells,Neural crest,Neural crest,12.75,1.3309,1.4637,1.1982,1,11.0
55,Neural crest (PNS neurons),Myelinating Schwann cells,Neural crest,Neural crest,13.0,1.6333,1.8133,1.4533,1,11.0
55,Neural crest (PNS neurons),Myelinating Schwann cells,Neural crest,Neural crest,13.25,1.9549,2.1379,1.7719,1,11.0
56,Border-associated macrophages,Mast cells,Blood,Blood,7.0,-1.1854,-1.2127,-1.1582,0,11.0
56,Border-associated macrophages,Mast cells,Blood,Blood,7.25,-1.2344,-1.3296,-1.1392,0,11.0
56,Border-associated macrophages,Mast cells,Blood,Blood,7.5,-1.2399,-1.3609,-1.1189,0,11.0
56,Border-associated macrophages,Mast cells,Blood,Blood,7.75,-1.2144,-1.3248,-1.1041,0,11.0
56,Border-associated macrophages,Mast cells,Blood,Blood,8.0,-1.1375,-1.2517,-1.0233,0,11.0
56,Border-associated macrophages,Mast cells,Blood,Blood,8.25,-1.0421,-1.1425,-0.9416,0,11.0
56,Border-associated macrophages,Mast cells,Blood,Blood,8.5,-0.9535,-1.0284,-0.8786,0,11.0
56,Border-associated macrophages,Mast cells,Blood,Blood,8.75,-0.849,-0.8954,-0.8027,0,11.0
56,Border-associated macrophages,Mast cells,Blood,Blood,9.0,-0.7333,-0.7123,-0.7544,0,11.0
56,Border-associated macrophages,Mast cells,Blood,Blood,9.25,-0.552,-0.4736,-0.6304,0,11.0
56,Border-associated macrophages,Mast cells,Blood,Blood,9.5,-0.443,-0.3562,-0.5297,0,11.0
56,Border-associated macrophages,Mast cells,Blood,Blood,9.75,-0.294,-0.1958,-0.3922,0,11.0
56,Border-associated macrophages,Mast cells,Blood,Blood,10.0,-0.1169,-0.0328,-0.2011,0,11.0
56,Border-associated macrophages,Mast cells,Blood,Blood,10.25,-0.0133,0.0865,-0.1131,0,11.0
56,Border-associated macrophages,Mast cells,Blood,Blood,10.5,0.1873,0.2832,0.0914,0,11.0
56,Border-associated macrophages,Mast cells,Blood,Blood,10.75,0.3653,0.4419,0.2887,0,11.0
56,Border-associated macrophages,Mast cells,Blood,Blood,11.0,0.5505,0.5979,0.5031,1,11.0
56,Border-associated macrophages,Mast cells,Blood,Blood,11.25,0.7264,0.8281,0.6246,1,11.0
56,Border-associated macrophages,Mast cells,Blood,Blood,11.5,0.9278,1.0748,0.7808,1,11.0
56,Border-associated macrophages,Mast cells,Blood,Blood,11.75,1.1309,1.2711,0.9907,1,11.0
56,Border-associated macrophages,Mast cells,Blood,Blood,12.0,1.2967,1.4477,1.1457,1,11.0
56,Border-associated macrophages,Mast cells,Blood,Blood,12.25,1.4691,1.6435,1.2946,1,11.0
56,Border-associated macrophages,Mast cells,Blood,Blood,12.5,1.6648,1.9001,1.4296,1,11.0
56,Border-associated macrophages,Mast cells,Blood,Blood,12.75,1.6898,1.9347,1.445,1,11.0
56,Border-associated macrophages,Mast cells,Blood,Blood,13.0,1.723,1.9122,1.5338,1,11.0
56,Border-associated macrophages,Mast cells,Blood,Blood,13.25,1.9255,2.1618,1.6892,1,11.0
57,Definitive erythroblasts (CD36+),Megakaryocytes,Blood,Blood,7.0,-0.8811,-0.8118,-0.9504,0,11.0
57,Definitive erythroblasts (CD36+),Megakaryocytes,Blood,Blood,7.25,-0.9009,-0.9126,-0.8892,0,11.0
57,Definitive erythroblasts (CD36+),Megakaryocytes,Blood,Blood,7.5,-0.8745,-0.9346,-0.8145,0,11.0
57,Definitive erythroblasts (CD36+),Megakaryocytes,Blood,Blood,7.75,-0.8567,-0.8992,-0.8142,0,11.0
57,Definitive erythroblasts (CD36+),Megakaryocytes,Blood,Blood,8.0,-0.7486,-0.8827,-0.6145,0,11.0
57,Definitive erythroblasts (CD36+),Megakaryocytes,Blood,Blood,8.25,-0.6252,-0.7658,-0.4846,0,11.0
57,Definitive erythroblasts (CD36+),Megakaryocytes,Blood,Blood,8.5,-0.5483,-0.7103,-0.3863,0,11.0
57,Definitive erythroblasts (CD36+),Megakaryocytes,Blood,Blood,8.75,-0.4993,-0.6079,-0.3907,0,11.0
57,Definitive erythroblasts (CD36+),Megakaryocytes,Blood,Blood,9.0,-0.4006,-0.469,-0.3322,0,11.0
57,Definitive erythroblasts (CD36+),Megakaryocytes,Blood,Blood,9.25,-0.1788,-0.2251,-0.1325,0,11.0
57,Definitive erythroblasts (CD36+),Megakaryocytes,Blood,Blood,9.5,-0.0653,-0.0776,-0.0531,0,11.0
57,Definitive erythroblasts (CD36+),Megakaryocytes,Blood,Blood,9.75,0.0708,0.0492,0.0924,0,11.0
57,Definitive erythroblasts (CD36+),Megakaryocytes,Blood,Blood,10.0,0.215,0.2165,0.2135,0,11.0
57,Definitive erythroblasts (CD36+),Megakaryocytes,Blood,Blood,10.25,0.3503,0.3518,0.3489,0,11.0
57,Definitive erythroblasts (CD36+),Megakaryocytes,Blood,Blood,10.5,0.5562,0.633,0.4795,0,11.0
57,Definitive erythroblasts (CD36+),Megakaryocytes,Blood,Blood,10.75,0.7263,0.8545,0.5981,0,11.0
57,Definitive erythroblasts (CD36+),Megakaryocytes,Blood,Blood,11.0,0.8798,0.9829,0.7767,1,11.0
57,Definitive erythroblasts (CD36+),Megakaryocytes,Blood,Blood,11.25,1.0514,1.2105,0.8923,1,11.0
57,Definitive erythroblasts (CD36+),Megakaryocytes,Blood,Blood,11.5,1.1668,1.3387,0.9949,1,11.0
57,Definitive erythroblasts (CD36+),Megakaryocytes,Blood,Blood,11.75,1.3568,1.471,1.2427,1,11.0
57,Definitive erythroblasts (CD36+),Megakaryocytes,Blood,Blood,12.0,1.3336,1.5215,1.1458,1,11.0
57,Definitive erythroblasts (CD36+),Megakaryocytes,Blood,Blood,12.25,1.3325,1.6405,1.0244,1,11.0
57,Definitive erythroblasts (CD36+),Megakaryocytes,Blood,Blood,12.5,1.3235,1.7092,0.9378,0,11.0
57,Definitive erythroblasts (CD36+),Megakaryocytes,Blood,Blood,12.75,1.2641,1.7023,0.8259,0,11.0
57,Definitive erythroblasts (CD36+),Megakaryocytes,Blood,Blood,13.0,1.174,1.6428,0.7052,0,11.0
57,Definitive erythroblasts (CD36+),Megakaryocytes,Blood,Blood,13.25,1.4021,1.8278,0.9765,0,11.0
58,Hematopoietic stem cells (Cd34+),Hematopoietic stem cells (Mpo+),Blood,Blood,7.0,-1.6767,-1.5895,-1.7639,0,11.25
58,Hematopoietic stem cells (Cd34+),Hematopoietic stem cells (Mpo+),Blood,Blood,7.25,-1.726,-1.6881,-1.764,0,11.25
58,Hematopoietic stem cells (Cd34+),Hematopoietic stem cells (Mpo+),Blood,Blood,7.5,-1.766,-1.7865,-1.7456,0,11.25
58,Hematopoietic stem cells (Cd34+),Hematopoietic stem cells (Mpo+),Blood,Blood,7.75,-1.7357,-1.755,-1.7165,0,11.25
58,Hematopoietic stem cells (Cd34+),Hematopoietic stem cells (Mpo+),Blood,Blood,8.0,-1.6518,-1.6661,-1.6376,0,11.25
58,Hematopoietic stem cells (Cd34+),Hematopoietic stem cells (Mpo+),Blood,Blood,8.25,-1.5747,-1.6068,-1.5426,0,11.25
58,Hematopoietic stem cells (Cd34+),Hematopoietic stem cells (Mpo+),Blood,Blood,8.5,-1.5095,-1.5572,-1.4619,0,11.25
58,Hematopoietic stem cells (Cd34+),Hematopoietic stem cells (Mpo+),Blood,Blood,8.75,-1.4248,-1.4664,-1.3831,0,11.25
58,Hematopoietic stem cells (Cd34+),Hematopoietic stem cells (Mpo+),Blood,Blood,9.0,-1.2572,-1.2964,-1.218,0,11.25
58,Hematopoietic stem cells (Cd34+),Hematopoietic stem cells (Mpo+),Blood,Blood,9.25,-1.0876,-1.0895,-1.0857,0,11.25
58,Hematopoietic stem cells (Cd34+),Hematopoietic stem cells (Mpo+),Blood,Blood,9.5,-0.9292,-0.9305,-0.928,0,11.25
58,Hematopoietic stem cells (Cd34+),Hematopoietic stem cells (Mpo+),Blood,Blood,9.75,-0.7409,-0.7557,-0.726,0,11.25
58,Hematopoietic stem cells (Cd34+),Hematopoietic stem cells (Mpo+),Blood,Blood,10.0,-0.5509,-0.6182,-0.4836,0,11.25
58,Hematopoietic stem cells (Cd34+),Hematopoietic stem cells (Mpo+),Blood,Blood,10.25,-0.3568,-0.407,-0.3066,0,11.25
58,Hematopoietic stem cells (Cd34+),Hematopoietic stem cells (Mpo+),Blood,Blood,10.5,-0.1421,-0.1834,-0.1009,0,11.25
58,Hematopoietic stem cells (Cd34+),Hematopoietic stem cells (Mpo+),Blood,Blood,10.75,0.0852,0.0677,0.1027,0,11.25
58,Hematopoietic stem cells (Cd34+),Hematopoietic stem cells (Mpo+),Blood,Blood,11.0,0.2811,0.2725,0.2897,0,11.25
58,Hematopoietic stem cells (Cd34+),Hematopoietic stem cells (Mpo+),Blood,Blood,11.25,0.4778,0.5057,0.4499,1,11.25
58,Hematopoietic stem cells (Cd34+),Hematopoietic stem cells (Mpo+),Blood,Blood,11.5,0.6896,0.744,0.6352,1,11.25
58,Hematopoietic stem cells (Cd34+),Hematopoietic stem cells (Mpo+),Blood,Blood,11.75,0.8662,0.9237,0.8086,1,11.25
58,Hematopoietic stem cells (Cd34+),Hematopoietic stem cells (Mpo+),Blood,Blood,12.0,1.0214,1.1409,0.9019,1,11.25
58,Hematopoietic stem cells (Cd34+),Hematopoietic stem cells (Mpo+),Blood,Blood,12.25,1.2396,1.362,1.1171,1,11.25
58,Hematopoietic stem cells (Cd34+),Hematopoietic stem cells (Mpo+),Blood,Blood,12.5,1.4591,1.6219,1.2964,1,11.25
58,Hematopoietic stem cells (Cd34+),Hematopoietic stem cells (Mpo+),Blood,Blood,12.75,1.6791,1.8568,1.5013,1,11.25
58,Hematopoietic stem cells (Cd34+),Hematopoietic stem cells (Mpo+),Blood,Blood,13.0,1.9487,2.2239,1.6734,1,11.25
58,Hematopoietic stem cells (Cd34+),Hematopoietic stem cells (Mpo+),Blood,Blood,13.25,2.4161,2.6633,2.1689,1,11.25
59,Diencephalon,Thalamic neuronal precursors,Neuroectoderm,Neuroectoderm,7.0,-1.4173,-1.547,-1.2875,0,11.25
59,Diencephalon,Thalamic neuronal precursors,Neuroectoderm,Neuroectoderm,7.25,-1.6491,-1.8518,-1.4464,0,11.25
59,Diencephalon,Thalamic neuronal precursors,Neuroectoderm,Neuroectoderm,7.5,-1.7577,-1.9832,-1.5323,0,11.25
59,Diencephalon,Thalamic neuronal precursors,Neuroectoderm,Neuroectoderm,7.75,-1.7847,-2.0299,-1.5394,0,11.25
59,Diencephalon,Thalamic neuronal precursors,Neuroectoderm,Neuroectoderm,8.0,-1.733,-2.0179,-1.4481,0,11.25
59,Diencephalon,Thalamic neuronal precursors,Neuroectoderm,Neuroectoderm,8.25,-1.6519,-1.9346,-1.3692,0,11.25
59,Diencephalon,Thalamic neuronal precursors,Neuroectoderm,Neuroectoderm,8.5,-1.51,-1.7996,-1.2203,0,11.25
59,Diencephalon,Thalamic neuronal precursors,Neuroectoderm,Neuroectoderm,8.75,-1.3965,-1.6515,-1.1416,0,11.25
59,Diencephalon,Thalamic neuronal precursors,Neuroectoderm,Neuroectoderm,9.0,-1.2921,-1.5451,-1.0391,0,11.25
59,Diencephalon,Thalamic neuronal precursors,Neuroectoderm,Neuroectoderm,9.25,-1.1637,-1.3795,-0.9478,0,11.25
59,Diencephalon,Thalamic neuronal precursors,Neuroectoderm,Neuroectoderm,9.5,-0.9984,-1.2084,-0.7883,0,11.25
59,Diencephalon,Thalamic neuronal precursors,Neuroectoderm,Neuroectoderm,9.75,-0.857,-1.0508,-0.6631,0,11.25
59,Diencephalon,Thalamic neuronal precursors,Neuroectoderm,Neuroectoderm,10.0,-0.6558,-0.8188,-0.4929,0,11.25
59,Diencephalon,Thalamic neuronal precursors,Neuroectoderm,Neuroectoderm,10.25,-0.4424,-0.6262,-0.2586,0,11.25
59,Diencephalon,Thalamic neuronal precursors,Neuroectoderm,Neuroectoderm,10.5,-0.2676,-0.4251,-0.1102,0,11.25
59,Diencephalon,Thalamic neuronal precursors,Neuroectoderm,Neuroectoderm,10.75,-0.0756,-0.2038,0.0526,0,11.25
59,Diencephalon,Thalamic neuronal precursors,Neuroectoderm,Neuroectoderm,11.0,0.0786,-0.0336,0.1907,0,11.25
59,Diencephalon,Thalamic neuronal precursors,Neuroectoderm,Neuroectoderm,11.25,0.2444,0.1878,0.301,1,11.25
59,Diencephalon,Thalamic neuronal precursors,Neuroectoderm,Neuroectoderm,11.5,0.4034,0.3733,0.4335,1,11.25
59,Diencephalon,Thalamic neuronal precursors,Neuroectoderm,Neuroectoderm,11.75,0.5266,0.5137,0.5396,1,11.25
59,Diencephalon,Thalamic neuronal precursors,Neuroectoderm,Neuroectoderm,12.0,0.7051,0.72,0.6903,1,11.25
59,Diencephalon,Thalamic neuronal precursors,Neuroectoderm,Neuroectoderm,12.25,0.8891,0.9619,0.8164,1,11.25
59,Diencephalon,Thalamic neuronal precursors,Neuroectoderm,Neuroectoderm,12.5,1.12,1.253,0.987,1,11.25
59,Diencephalon,Thalamic neuronal precursors,Neuroectoderm,Neuroectoderm,12.75,1.3982,1.5455,1.2508,1,11.25
59,Diencephalon,Thalamic neuronal precursors,Neuroectoderm,Neuroectoderm,13.0,1.7609,1.9686,1.5533,1,11.25
59,Diencephalon,Thalamic neuronal precursors,Neuroectoderm,Neuroectoderm,13.25,2.1349,2.4048,1.865,1,11.25
60,Border-associated macrophages,Definitive erythroblasts (CD36+),Blood,Blood,7.0,-0.639,-0.7009,-0.5771,0,11.25
60,Border-associated macrophages,Definitive erythroblasts (CD36+),Blood,Blood,7.25,-0.7299,-0.8272,-0.6326,0,11.25
60,Border-associated macrophages,Definitive erythroblasts (CD36+),Blood,Blood,7.5,-0.7414,-0.9357,-0.5471,0,11.25
60,Border-associated macrophages,Definitive erythroblasts (CD36+),Blood,Blood,7.75,-0.7923,-1.0331,-0.5514,0,11.25
60,Border-associated macrophages,Definitive erythroblasts (CD36+),Blood,Blood,8.0,-0.8069,-1.0792,-0.5345,0,11.25
60,Border-associated macrophages,Definitive erythroblasts (CD36+),Blood,Blood,8.25,-0.6834,-0.9697,-0.3971,0,11.25
60,Border-associated macrophages,Definitive erythroblasts (CD36+),Blood,Blood,8.5,-0.581,-0.7957,-0.3664,0,11.25
60,Border-associated macrophages,Definitive erythroblasts (CD36+),Blood,Blood,8.75,-0.5415,-0.7659,-0.317,0,11.25
60,Border-associated macrophages,Definitive erythroblasts (CD36+),Blood,Blood,9.0,-0.4926,-0.7098,-0.2754,0,11.25
60,Border-associated macrophages,Definitive erythroblasts (CD36+),Blood,Blood,9.25,-0.2996,-0.4878,-0.1114,0,11.25
60,Border-associated macrophages,Definitive erythroblasts (CD36+),Blood,Blood,9.5,-0.2053,-0.4265,0.0159,0,11.25
60,Border-associated macrophages,Definitive erythroblasts (CD36+),Blood,Blood,9.75,-0.1137,-0.2857,0.0584,0,11.25
60,Border-associated macrophages,Definitive erythroblasts (CD36+),Blood,Blood,10.0,-0.0059,-0.175,0.1632,0,11.25
60,Border-associated macrophages,Definitive erythroblasts (CD36+),Blood,Blood,10.25,0.0695,-0.0359,0.1749,0,11.25
60,Border-associated macrophages,Definitive erythroblasts (CD36+),Blood,Blood,10.5,0.2542,0.2001,0.3083,0,11.25
60,Border-associated macrophages,Definitive erythroblasts (CD36+),Blood,Blood,10.75,0.3502,0.341,0.3594,0,11.25
60,Border-associated macrophages,Definitive erythroblasts (CD36+),Blood,Blood,11.0,0.4704,0.4286,0.5122,0,11.25
60,Border-associated macrophages,Definitive erythroblasts (CD36+),Blood,Blood,11.25,0.662,0.6891,0.6349,1,11.25
60,Border-associated macrophages,Definitive erythroblasts (CD36+),Blood,Blood,11.5,0.7999,0.8382,0.7617,1,11.25
60,Border-associated macrophages,Definitive erythroblasts (CD36+),Blood,Blood,11.75,0.9205,0.8978,0.9433,1,11.25
60,Border-associated macrophages,Definitive erythroblasts (CD36+),Blood,Blood,12.0,1.0897,1.1001,1.0793,1,11.25
60,Border-associated macrophages,Definitive erythroblasts (CD36+),Blood,Blood,12.25,1.2225,1.2629,1.1822,1,11.25
60,Border-associated macrophages,Definitive erythroblasts (CD36+),Blood,Blood,12.5,1.338,1.4617,1.2143,1,11.25
60,Border-associated macrophages,Definitive erythroblasts (CD36+),Blood,Blood,12.75,1.5062,1.7036,1.3089,1,11.25
60,Border-associated macrophages,Definitive erythroblasts (CD36+),Blood,Blood,13.0,1.5191,1.8102,1.2281,1,11.25
60,Border-associated macrophages,Definitive erythroblasts (CD36+),Blood,Blood,13.25,1.5032,1.7803,1.2262,1,11.25
61,Facial mesenchyme,Pre-osteoblasts (Sp7+),Mesoderm,Mesoderm,7.0,-0.2895,-0.3739,-0.2052,0,11.25
61,Facial mesenchyme,Pre-osteoblasts (Sp7+),Mesoderm,Mesoderm,7.25,-0.3198,-0.3839,-0.2557,0,11.25
61,Facial mesenchyme,Pre-osteoblasts (Sp7+),Mesoderm,Mesoderm,7.5,-0.3344,-0.3931,-0.2757,0,11.25
61,Facial mesenchyme,Pre-osteoblasts (Sp7+),Mesoderm,Mesoderm,7.75,-0.3503,-0.4328,-0.2679,0,11.25
61,Facial mesenchyme,Pre-osteoblasts (Sp7+),Mesoderm,Mesoderm,8.0,-0.3158,-0.4007,-0.2308,0,11.25
61,Facial mesenchyme,Pre-osteoblasts (Sp7+),Mesoderm,Mesoderm,8.25,-0.312,-0.3918,-0.2321,0,11.25
61,Facial mesenchyme,Pre-osteoblasts (Sp7+),Mesoderm,Mesoderm,8.5,-0.2711,-0.3592,-0.1831,0,11.25
61,Facial mesenchyme,Pre-osteoblasts (Sp7+),Mesoderm,Mesoderm,8.75,-0.2456,-0.3334,-0.1578,0,11.25
61,Facial mesenchyme,Pre-osteoblasts (Sp7+),Mesoderm,Mesoderm,9.0,-0.2278,-0.3027,-0.1529,0,11.25
61,Facial mesenchyme,Pre-osteoblasts (Sp7+),Mesoderm,Mesoderm,9.25,-0.1563,-0.217,-0.0956,0,11.25
61,Facial mesenchyme,Pre-osteoblasts (Sp7+),Mesoderm,Mesoderm,9.5,-0.0895,-0.1453,-0.0337,0,11.25
61,Facial mesenchyme,Pre-osteoblasts (Sp7+),Mesoderm,Mesoderm,9.75,-0.0472,-0.0885,-0.0059,0,11.25
61,Facial mesenchyme,Pre-osteoblasts (Sp7+),Mesoderm,Mesoderm,10.0,0.0219,-0.0218,0.0656,0,11.25
61,Facial mesenchyme,Pre-osteoblasts (Sp7+),Mesoderm,Mesoderm,10.25,0.0608,0.0363,0.0853,0,11.25
61,Facial mesenchyme,Pre-osteoblasts (Sp7+),Mesoderm,Mesoderm,10.5,0.132,0.1136,0.1504,0,11.25
61,Facial mesenchyme,Pre-osteoblasts (Sp7+),Mesoderm,Mesoderm,10.75,0.2071,0.2027,0.2116,0,11.25
61,Facial mesenchyme,Pre-osteoblasts (Sp7+),Mesoderm,Mesoderm,11.0,0.2842,0.2935,0.2749,0,11.25
61,Facial mesenchyme,Pre-osteoblasts (Sp7+),Mesoderm,Mesoderm,11.25,0.3761,0.3852,0.367,1,11.25
61,Facial mesenchyme,Pre-osteoblasts (Sp7+),Mesoderm,Mesoderm,11.5,0.4457,0.4861,0.4053,1,11.25
61,Facial mesenchyme,Pre-osteoblasts (Sp7+),Mesoderm,Mesoderm,11.75,0.5218,0.5904,0.4533,1,11.25
61,Facial mesenchyme,Pre-osteoblasts (Sp7+),Mesoderm,Mesoderm,12.0,0.608,0.706,0.5101,1,11.25
61,Facial mesenchyme,Pre-osteoblasts (Sp7+),Mesoderm,Mesoderm,12.25,0.6901,0.8106,0.5695,1,11.25
61,Facial mesenchyme,Pre-osteoblasts (Sp7+),Mesoderm,Mesoderm,12.5,0.7972,0.9428,0.6515,1,11.25
61,Facial mesenchyme,Pre-osteoblasts (Sp7+),Mesoderm,Mesoderm,12.75,0.9384,1.1096,0.7672,1,11.25
61,Facial mesenchyme,Pre-osteoblasts (Sp7+),Mesoderm,Mesoderm,13.0,1.1221,1.3417,0.9024,1,11.25
61,Facial mesenchyme,Pre-osteoblasts (Sp7+),Mesoderm,Mesoderm,13.25,1.3276,1.5241,1.131,1,11.25
62,Spinal cord/r7/r8,GABAergic neurons,Neuroectoderm,Neuroectoderm,7.0,-0.1778,-0.2065,-0.149,0,11.25
62,Spinal cord/r7/r8,GABAergic neurons,Neuroectoderm,Neuroectoderm,7.25,-0.218,-0.2601,-0.176,0,11.25
62,Spinal cord/r7/r8,GABAergic neurons,Neuroectoderm,Neuroectoderm,7.5,-0.2308,-0.2641,-0.1975,0,11.25
62,Spinal cord/r7/r8,GABAergic neurons,Neuroectoderm,Neuroectoderm,7.75,-0.2555,-0.2835,-0.2274,0,11.25
62,Spinal cord/r7/r8,GABAergic neurons,Neuroectoderm,Neuroectoderm,8.0,-0.2587,-0.2926,-0.2248,0,11.25
62,Spinal cord/r7/r8,GABAergic neurons,Neuroectoderm,Neuroectoderm,8.25,-0.2518,-0.2868,-0.2168,0,11.25
62,Spinal cord/r7/r8,GABAergic neurons,Neuroectoderm,Neuroectoderm,8.5,-0.2244,-0.2636,-0.1851,0,11.25
62,Spinal cord/r7/r8,GABAergic neurons,Neuroectoderm,Neuroectoderm,8.75,-0.2066,-0.2495,-0.1638,0,11.25
62,Spinal cord/r7/r8,GABAergic neurons,Neuroectoderm,Neuroectoderm,9.0,-0.1879,-0.2177,-0.1581,0,11.25
62,Spinal cord/r7/r8,GABAergic neurons,Neuroectoderm,Neuroectoderm,9.25,-0.1626,-0.1992,-0.1259,0,11.25
62,Spinal cord/r7/r8,GABAergic neurons,Neuroectoderm,Neuroectoderm,9.5,-0.14,-0.1864,-0.0936,0,11.25
62,Spinal cord/r7/r8,GABAergic neurons,Neuroectoderm,Neuroectoderm,9.75,-0.1095,-0.143,-0.0759,0,11.25
62,Spinal cord/r7/r8,GABAergic neurons,Neuroectoderm,Neuroectoderm,10.0,-0.0699,-0.1068,-0.0331,0,11.25
62,Spinal cord/r7/r8,GABAergic neurons,Neuroectoderm,Neuroectoderm,10.25,-0.0386,-0.0728,-0.0045,0,11.25
62,Spinal cord/r7/r8,GABAergic neurons,Neuroectoderm,Neuroectoderm,10.5,-0.0013,-0.0404,0.0379,0,11.25
62,Spinal cord/r7/r8,GABAergic neurons,Neuroectoderm,Neuroectoderm,10.75,0.0477,0.0122,0.0832,0,11.25
62,Spinal cord/r7/r8,GABAergic neurons,Neuroectoderm,Neuroectoderm,11.0,0.1013,0.0638,0.1388,0,11.25
62,Spinal cord/r7/r8,GABAergic neurons,Neuroectoderm,Neuroectoderm,11.25,0.1447,0.112,0.1775,1,11.25
62,Spinal cord/r7/r8,GABAergic neurons,Neuroectoderm,Neuroectoderm,11.5,0.1924,0.1593,0.2255,1,11.25
62,Spinal cord/r7/r8,GABAergic neurons,Neuroectoderm,Neuroectoderm,11.75,0.238,0.2004,0.2756,1,11.25
62,Spinal cord/r7/r8,GABAergic neurons,Neuroectoderm,Neuroectoderm,12.0,0.2666,0.2452,0.2881,1,11.25
62,Spinal cord/r7/r8,GABAergic neurons,Neuroectoderm,Neuroectoderm,12.25,0.3099,0.3049,0.3149,1,11.25
62,Spinal cord/r7/r8,GABAergic neurons,Neuroectoderm,Neuroectoderm,12.5,0.3461,0.365,0.3272,1,11.25
62,Spinal cord/r7/r8,GABAergic neurons,Neuroectoderm,Neuroectoderm,12.75,0.4265,0.4497,0.4034,1,11.25
62,Spinal cord/r7/r8,GABAergic neurons,Neuroectoderm,Neuroectoderm,13.0,0.5607,0.6049,0.5166,1,11.25
62,Spinal cord/r7/r8,GABAergic neurons,Neuroectoderm,Neuroectoderm,13.25,0.7257,0.7665,0.6849,1,11.25
63,Facial mesenchyme,Sclerotome,Mesoderm,Mesoderm,7.0,-0.0545,-0.0482,-0.0608,0,11.25
63,Facial mesenchyme,Sclerotome,Mesoderm,Mesoderm,7.25,-0.0692,-0.0753,-0.0632,0,11.25
63,Facial mesenchyme,Sclerotome,Mesoderm,Mesoderm,7.5,-0.0703,-0.0934,-0.0472,0,11.25
63,Facial mesenchyme,Sclerotome,Mesoderm,Mesoderm,7.75,-0.0761,-0.1009,-0.0512,0,11.25
63,Facial mesenchyme,Sclerotome,Mesoderm,Mesoderm,8.0,-0.0718,-0.0923,-0.0514,0,11.25
63,Facial mesenchyme,Sclerotome,Mesoderm,Mesoderm,8.25,-0.0654,-0.092,-0.0387,0,11.25
63,Facial mesenchyme,Sclerotome,Mesoderm,Mesoderm,8.5,-0.0495,-0.0757,-0.0233,0,11.25
63,Facial mesenchyme,Sclerotome,Mesoderm,Mesoderm,8.75,-0.042,-0.0734,-0.0105,0,11.25
63,Facial mesenchyme,Sclerotome,Mesoderm,Mesoderm,9.0,-0.04,-0.0685,-0.0114,0,11.25
63,Facial mesenchyme,Sclerotome,Mesoderm,Mesoderm,9.25,-0.0551,-0.0714,-0.0387,0,11.25
63,Facial mesenchyme,Sclerotome,Mesoderm,Mesoderm,9.5,-0.0366,-0.0606,-0.0126,0,11.25
63,Facial mesenchyme,Sclerotome,Mesoderm,Mesoderm,9.75,-0.0122,-0.0384,0.014,0,11.25
63,Facial mesenchyme,Sclerotome,Mesoderm,Mesoderm,10.0,-0.0117,-0.0322,0.0087,0,11.25
63,Facial mesenchyme,Sclerotome,Mesoderm,Mesoderm,10.25,0.0008,-0.0297,0.0314,0,11.25
63,Facial mesenchyme,Sclerotome,Mesoderm,Mesoderm,10.5,0.013,-0.0184,0.0444,0,11.25
63,Facial mesenchyme,Sclerotome,Mesoderm,Mesoderm,10.75,0.0426,0.0054,0.0799,0,11.25
63,Facial mesenchyme,Sclerotome,Mesoderm,Mesoderm,11.0,0.0742,0.04,0.1085,0,11.25
63,Facial mesenchyme,Sclerotome,Mesoderm,Mesoderm,11.25,0.1065,0.0754,0.1376,1,11.25
63,Facial mesenchyme,Sclerotome,Mesoderm,Mesoderm,11.5,0.1472,0.1126,0.1818,1,11.25
63,Facial mesenchyme,Sclerotome,Mesoderm,Mesoderm,11.75,0.1691,0.1519,0.1863,1,11.25
63,Facial mesenchyme,Sclerotome,Mesoderm,Mesoderm,12.0,0.1822,0.174,0.1904,1,11.25
63,Facial mesenchyme,Sclerotome,Mesoderm,Mesoderm,12.25,0.205,0.2089,0.2011,1,11.25
63,Facial mesenchyme,Sclerotome,Mesoderm,Mesoderm,12.5,0.2364,0.2562,0.2167,1,11.25
63,Facial mesenchyme,Sclerotome,Mesoderm,Mesoderm,12.75,0.2797,0.3284,0.231,1,11.25
63,Facial mesenchyme,Sclerotome,Mesoderm,Mesoderm,13.0,0.373,0.4217,0.3242,1,11.25
63,Facial mesenchyme,Sclerotome,Mesoderm,Mesoderm,13.25,0.5266,0.5703,0.483,1,11.25
64,Border-associated macrophages,Kupffer cells,Blood,Blood,7.0,-1.3568,-1.507,-1.2067,0,11.5
64,Border-associated macrophages,Kupffer cells,Blood,Blood,7.25,-1.4573,-1.649,-1.2657,0,11.5
64,Border-associated macrophages,Kupffer cells,Blood,Blood,7.5,-1.5496,-1.7765,-1.3227,0,11.5
64,Border-associated macrophages,Kupffer cells,Blood,Blood,7.75,-1.5637,-1.7916,-1.3359,0,11.5
64,Border-associated macrophages,Kupffer cells,Blood,Blood,8.0,-1.5187,-1.7747,-1.2627,0,11.5
64,Border-associated macrophages,Kupffer cells,Blood,Blood,8.25,-1.481,-1.7481,-1.2139,0,11.5
64,Border-associated macrophages,Kupffer cells,Blood,Blood,8.5,-1.4145,-1.6637,-1.1653,0,11.5
64,Border-associated macrophages,Kupffer cells,Blood,Blood,8.75,-1.3295,-1.5644,-1.0946,0,11.5
64,Border-associated macrophages,Kupffer cells,Blood,Blood,9.0,-1.2597,-1.4518,-1.0676,0,11.5
64,Border-associated macrophages,Kupffer cells,Blood,Blood,9.25,-1.1321,-1.2943,-0.9698,0,11.5
64,Border-associated macrophages,Kupffer cells,Blood,Blood,9.5,-1.0127,-1.1647,-0.8607,0,11.5
64,Border-associated macrophages,Kupffer cells,Blood,Blood,9.75,-0.862,-1.0079,-0.7162,0,11.5
64,Border-associated macrophages,Kupffer cells,Blood,Blood,10.0,-0.7128,-0.8772,-0.5484,0,11.5
64,Border-associated macrophages,Kupffer cells,Blood,Blood,10.25,-0.5955,-0.7317,-0.4593,0,11.5
64,Border-associated macrophages,Kupffer cells,Blood,Blood,10.5,-0.3917,-0.5355,-0.248,0,11.5
64,Border-associated macrophages,Kupffer cells,Blood,Blood,10.75,-0.2177,-0.3663,-0.069,0,11.5
64,Border-associated macrophages,Kupffer cells,Blood,Blood,11.0,-0.0008,-0.1314,0.1298,0,11.5
64,Border-associated macrophages,Kupffer cells,Blood,Blood,11.25,0.2073,0.1245,0.2902,0,11.5
64,Border-associated macrophages,Kupffer cells,Blood,Blood,11.5,0.429,0.3973,0.4608,1,11.5
64,Border-associated macrophages,Kupffer cells,Blood,Blood,11.75,0.6309,0.6264,0.6355,1,11.5
64,Border-associated macrophages,Kupffer cells,Blood,Blood,12.0,0.9095,0.9659,0.853,1,11.5
64,Border-associated macrophages,Kupffer cells,Blood,Blood,12.25,1.1709,1.2843,1.0576,1,11.5
64,Border-associated macrophages,Kupffer cells,Blood,Blood,12.5,1.4348,1.5969,1.2727,1,11.5
64,Border-associated macrophages,Kupffer cells,Blood,Blood,12.75,1.7134,1.9084,1.5184,1,11.5
64,Border-associated macrophages,Kupffer cells,Blood,Blood,13.0,2.0205,2.249,1.792,1,11.5
64,Border-associated macrophages,Kupffer cells,Blood,Blood,13.25,2.3113,2.5696,2.053,1,11.5
65,Hindbrain,Cerebellar Purkinje cells,Neuroectoderm,Neuroectoderm,7.0,-0.4389,-0.5157,-0.362,0,11.5
65,Hindbrain,Cerebellar Purkinje cells,Neuroectoderm,Neuroectoderm,7.25,-0.5276,-0.5912,-0.464,0,11.5
65,Hindbrain,Cerebellar Purkinje cells,Neuroectoderm,Neuroectoderm,7.5,-0.571,-0.6506,-0.4915,0,11.5
65,Hindbrain,Cerebellar Purkinje cells,Neuroectoderm,Neuroectoderm,7.75,-0.562,-0.6494,-0.4746,0,11.5
65,Hindbrain,Cerebellar Purkinje cells,Neuroectoderm,Neuroectoderm,8.0,-0.5608,-0.6469,-0.4747,0,11.5
65,Hindbrain,Cerebellar Purkinje cells,Neuroectoderm,Neuroectoderm,8.25,-0.5567,-0.6286,-0.4848,0,11.5
65,Hindbrain,Cerebellar Purkinje cells,Neuroectoderm,Neuroectoderm,8.5,-0.494,-0.5919,-0.396,0,11.5
65,Hindbrain,Cerebellar Purkinje cells,Neuroectoderm,Neuroectoderm,8.75,-0.4464,-0.5597,-0.3331,0,11.5
65,Hindbrain,Cerebellar Purkinje cells,Neuroectoderm,Neuroectoderm,9.0,-0.4098,-0.5161,-0.3035,0,11.5
65,Hindbrain,Cerebellar Purkinje cells,Neuroectoderm,Neuroectoderm,9.25,-0.3782,-0.4585,-0.2978,0,11.5
65,Hindbrain,Cerebellar Purkinje cells,Neuroectoderm,Neuroectoderm,9.5,-0.3187,-0.4259,-0.2114,0,11.5
65,Hindbrain,Cerebellar Purkinje cells,Neuroectoderm,Neuroectoderm,9.75,-0.2518,-0.3633,-0.1404,0,11.5
65,Hindbrain,Cerebellar Purkinje cells,Neuroectoderm,Neuroectoderm,10.0,-0.1755,-0.2954,-0.0556,0,11.5
65,Hindbrain,Cerebellar Purkinje cells,Neuroectoderm,Neuroectoderm,10.25,-0.125,-0.2507,0.0008,0,11.5
65,Hindbrain,Cerebellar Purkinje cells,Neuroectoderm,Neuroectoderm,10.5,-0.0539,-0.1729,0.0651,0,11.5
65,Hindbrain,Cerebellar Purkinje cells,Neuroectoderm,Neuroectoderm,10.75,0.0233,-0.0763,0.123,0,11.5
65,Hindbrain,Cerebellar Purkinje cells,Neuroectoderm,Neuroectoderm,11.0,0.1144,0.0082,0.2206,0,11.5
65,Hindbrain,Cerebellar Purkinje cells,Neuroectoderm,Neuroectoderm,11.25,0.179,0.0739,0.284,0,11.5
65,Hindbrain,Cerebellar Purkinje cells,Neuroectoderm,Neuroectoderm,11.5,0.2746,0.1912,0.3581,1,11.5
65,Hindbrain,Cerebellar Purkinje cells,Neuroectoderm,Neuroectoderm,11.75,0.3555,0.2874,0.4236,1,11.5
65,Hindbrain,Cerebellar Purkinje cells,Neuroectoderm,Neuroectoderm,12.0,0.4492,0.4108,0.4876,1,11.5
65,Hindbrain,Cerebellar Purkinje cells,Neuroectoderm,Neuroectoderm,12.25,0.5627,0.5467,0.5787,1,11.5
65,Hindbrain,Cerebellar Purkinje cells,Neuroectoderm,Neuroectoderm,12.5,0.7032,0.7124,0.694,1,11.5
65,Hindbrain,Cerebellar Purkinje cells,Neuroectoderm,Neuroectoderm,12.75,0.9309,0.9613,0.9006,1,11.5
65,Hindbrain,Cerebellar Purkinje cells,Neuroectoderm,Neuroectoderm,13.0,1.1713,1.2323,1.1103,1,11.5
65,Hindbrain,Cerebellar Purkinje cells,Neuroectoderm,Neuroectoderm,13.25,1.4273,1.4715,1.3831,1,11.5
66,Border-associated macrophages,Hematopoietic stem cells (Mpo+),Blood,Blood,7.0,-1.7322,-1.6883,-1.7762,0,11.5
66,Border-associated macrophages,Hematopoietic stem cells (Mpo+),Blood,Blood,7.25,-1.8008,-1.7907,-1.8108,0,11.5
66,Border-associated macrophages,Hematopoietic stem cells (Mpo+),Blood,Blood,7.5,-1.8916,-1.927,-1.8561,0,11.5
66,Border-associated macrophages,Hematopoietic stem cells (Mpo+),Blood,Blood,7.75,-1.8714,-1.8926,-1.8501,0,11.5
66,Border-associated macrophages,Hematopoietic stem cells (Mpo+),Blood,Blood,8.0,-1.7903,-1.8353,-1.7454,0,11.5
66,Border-associated macrophages,Hematopoietic stem cells (Mpo+),Blood,Blood,8.25,-1.7118,-1.753,-1.6705,0,11.5
66,Border-associated macrophages,Hematopoietic stem cells (Mpo+),Blood,Blood,8.5,-1.6455,-1.7084,-1.5826,0,11.5
66,Border-associated macrophages,Hematopoietic stem cells (Mpo+),Blood,Blood,8.75,-1.5498,-1.6167,-1.4829,0,11.5
66,Border-associated macrophages,Hematopoietic stem cells (Mpo+),Blood,Blood,9.0,-1.4059,-1.4305,-1.3813,0,11.5
66,Border-associated macrophages,Hematopoietic stem cells (Mpo+),Blood,Blood,9.25,-1.2211,-1.2197,-1.2224,0,11.5
66,Border-associated macrophages,Hematopoietic stem cells (Mpo+),Blood,Blood,9.5,-1.0619,-1.0481,-1.0757,0,11.5
66,Border-associated macrophages,Hematopoietic stem cells (Mpo+),Blood,Blood,9.75,-0.8686,-0.8586,-0.8787,0,11.5
66,Border-associated macrophages,Hematopoietic stem cells (Mpo+),Blood,Blood,10.0,-0.7083,-0.7178,-0.6987,0,11.5
66,Border-associated macrophages,Hematopoietic stem cells (Mpo+),Blood,Blood,10.25,-0.5371,-0.5286,-0.5456,0,11.5
66,Border-associated macrophages,Hematopoietic stem cells (Mpo+),Blood,Blood,10.5,-0.3313,-0.3175,-0.3452,0,11.5
66,Border-associated macrophages,Hematopoietic stem cells (Mpo+),Blood,Blood,10.75,-0.1617,-0.1661,-0.1573,0,11.5
66,Border-associated macrophages,Hematopoietic stem cells (Mpo+),Blood,Blood,11.0,0.0718,0.0226,0.121,0,11.5
66,Border-associated macrophages,Hematopoietic stem cells (Mpo+),Blood,Blood,11.25,0.2281,0.1717,0.2846,0,11.5
66,Border-associated macrophages,Hematopoietic stem cells (Mpo+),Blood,Blood,11.5,0.4316,0.4258,0.4374,1,11.5
66,Border-associated macrophages,Hematopoietic stem cells (Mpo+),Blood,Blood,11.75,0.6186,0.6135,0.6236,1,11.5
66,Border-associated macrophages,Hematopoietic stem cells (Mpo+),Blood,Blood,12.0,0.7508,0.8109,0.6907,1,11.5
66,Border-associated macrophages,Hematopoietic stem cells (Mpo+),Blood,Blood,12.25,0.9219,1.03,0.8139,1,11.5
66,Border-associated macrophages,Hematopoietic stem cells (Mpo+),Blood,Blood,12.5,1.0282,1.2116,0.8448,1,11.5
66,Border-associated macrophages,Hematopoietic stem cells (Mpo+),Blood,Blood,12.75,1.0781,1.2978,0.8585,1,11.5
66,Border-associated macrophages,Hematopoietic stem cells (Mpo+),Blood,Blood,13.0,1.1793,1.3878,0.9707,1,11.5
66,Border-associated macrophages,Hematopoietic stem cells (Mpo+),Blood,Blood,13.25,1.2834,1.5346,1.0322,1,11.5
67,Hematopoietic stem cells (Cd34+),Megakaryocytes,Blood,Blood,7.0,-1.4465,-1.4876,-1.4054,0,11.5
67,Hematopoietic stem cells (Cd34+),Megakaryocytes,Blood,Blood,7.25,-1.6015,-1.6462,-1.5569,0,11.5
67,Hematopoietic stem cells (Cd34+),Megakaryocytes,Blood,Blood,7.5,-1.6858,-1.7703,-1.6013,0,11.5
67,Hematopoietic stem cells (Cd34+),Megakaryocytes,Blood,Blood,7.75,-1.7187,-1.8496,-1.5878,0,11.5
67,Hematopoietic stem cells (Cd34+),Megakaryocytes,Blood,Blood,8.0,-1.6829,-1.8261,-1.5397,0,11.5
67,Hematopoietic stem cells (Cd34+),Megakaryocytes,Blood,Blood,8.25,-1.6368,-1.7664,-1.5072,0,11.5
67,Hematopoietic stem cells (Cd34+),Megakaryocytes,Blood,Blood,8.5,-1.576,-1.7168,-1.4351,0,11.5
67,Hematopoietic stem cells (Cd34+),Megakaryocytes,Blood,Blood,8.75,-1.5154,-1.6302,-1.4006,0,11.5
67,Hematopoietic stem cells (Cd34+),Megakaryocytes,Blood,Blood,9.0,-1.3939,-1.4686,-1.3191,0,11.5
67,Hematopoietic stem cells (Cd34+),Megakaryocytes,Blood,Blood,9.25,-1.2374,-1.3066,-1.1681,0,11.5
67,Hematopoietic stem cells (Cd34+),Megakaryocytes,Blood,Blood,9.5,-1.0913,-1.1676,-1.015,0,11.5
67,Hematopoietic stem cells (Cd34+),Megakaryocytes,Blood,Blood,9.75,-0.9251,-1.0076,-0.8426,0,11.5
67,Hematopoietic stem cells (Cd34+),Megakaryocytes,Blood,Blood,10.0,-0.7582,-0.8507,-0.6656,0,11.5
67,Hematopoietic stem cells (Cd34+),Megakaryocytes,Blood,Blood,10.25,-0.5999,-0.7052,-0.4946,0,11.5
67,Hematopoietic stem cells (Cd34+),Megakaryocytes,Blood,Blood,10.5,-0.4223,-0.5169,-0.3276,0,11.5
67,Hematopoietic stem cells (Cd34+),Megakaryocytes,Blood,Blood,10.75,-0.2084,-0.2675,-0.1492,0,11.5
67,Hematopoietic stem cells (Cd34+),Megakaryocytes,Blood,Blood,11.0,-0.023,-0.0721,0.0262,0,11.5
67,Hematopoietic stem cells (Cd34+),Megakaryocytes,Blood,Blood,11.25,0.1648,0.1867,0.1429,0,11.5
67,Hematopoietic stem cells (Cd34+),Megakaryocytes,Blood,Blood,11.5,0.3315,0.3978,0.2652,1,11.5
67,Hematopoietic stem cells (Cd34+),Megakaryocytes,Blood,Blood,11.75,0.463,0.5468,0.3793,1,11.5
67,Hematopoietic stem cells (Cd34+),Megakaryocytes,Blood,Blood,12.0,0.5998,0.7211,0.4785,1,11.5
67,Hematopoietic stem cells (Cd34+),Megakaryocytes,Blood,Blood,12.25,0.7474,0.8644,0.6304,1,11.5
67,Hematopoietic stem cells (Cd34+),Megakaryocytes,Blood,Blood,12.5,0.884,1.0111,0.7569,1,11.5
67,Hematopoietic stem cells (Cd34+),Megakaryocytes,Blood,Blood,12.75,0.952,1.0735,0.8305,1,11.5
67,Hematopoietic stem cells (Cd34+),Megakaryocytes,Blood,Blood,13.0,1.0613,1.1769,0.9456,1,11.5
67,Hematopoietic stem cells (Cd34+),Megakaryocytes,Blood,Blood,13.25,1.245,1.386,1.104,1,11.5
68,Intermediate neuronal progenitors,Deep-layer neurons,Neuroectoderm,Neuroectoderm,7.0,-0.9373,-0.9864,-0.8881,0,11.5
68,Intermediate neuronal progenitors,Deep-layer neurons,Neuroectoderm,Neuroectoderm,7.25,-1.1056,-1.145,-1.0662,0,11.5
68,Intermediate neuronal progenitors,Deep-layer neurons,Neuroectoderm,Neuroectoderm,7.5,-1.2096,-1.2261,-1.1932,0,11.5
68,Intermediate neuronal progenitors,Deep-layer neurons,Neuroectoderm,Neuroectoderm,7.75,-1.2663,-1.2882,-1.2443,0,11.5
68,Intermediate neuronal progenitors,Deep-layer neurons,Neuroectoderm,Neuroectoderm,8.0,-1.279,-1.331,-1.2269,0,11.5
68,Intermediate neuronal progenitors,Deep-layer neurons,Neuroectoderm,Neuroectoderm,8.25,-1.2653,-1.3382,-1.1923,0,11.5
68,Intermediate neuronal progenitors,Deep-layer neurons,Neuroectoderm,Neuroectoderm,8.5,-1.2302,-1.327,-1.1335,0,11.5
68,Intermediate neuronal progenitors,Deep-layer neurons,Neuroectoderm,Neuroectoderm,8.75,-1.1527,-1.2656,-1.0399,0,11.5
68,Intermediate neuronal progenitors,Deep-layer neurons,Neuroectoderm,Neuroectoderm,9.0,-1.0537,-1.1898,-0.9177,0,11.5
68,Intermediate neuronal progenitors,Deep-layer neurons,Neuroectoderm,Neuroectoderm,9.25,-0.9316,-1.0974,-0.7658,0,11.5
68,Intermediate neuronal progenitors,Deep-layer neurons,Neuroectoderm,Neuroectoderm,9.5,-0.804,-0.986,-0.6221,0,11.5
68,Intermediate neuronal progenitors,Deep-layer neurons,Neuroectoderm,Neuroectoderm,9.75,-0.6787,-0.867,-0.4904,0,11.5
68,Intermediate neuronal progenitors,Deep-layer neurons,Neuroectoderm,Neuroectoderm,10.0,-0.5548,-0.7417,-0.3678,0,11.5
68,Intermediate neuronal progenitors,Deep-layer neurons,Neuroectoderm,Neuroectoderm,10.25,-0.4176,-0.5925,-0.2426,0,11.5
68,Intermediate neuronal progenitors,Deep-layer neurons,Neuroectoderm,Neuroectoderm,10.5,-0.2725,-0.419,-0.126,0,11.5
68,Intermediate neuronal progenitors,Deep-layer neurons,Neuroectoderm,Neuroectoderm,10.75,-0.1302,-0.2504,-0.01,0,11.5
68,Intermediate neuronal progenitors,Deep-layer neurons,Neuroectoderm,Neuroectoderm,11.0,-0.0022,-0.1068,0.1024,0,11.5
68,Intermediate neuronal progenitors,Deep-layer neurons,Neuroectoderm,Neuroectoderm,11.25,0.1365,0.0371,0.2359,0,11.5
68,Intermediate neuronal progenitors,Deep-layer neurons,Neuroectoderm,Neuroectoderm,11.5,0.264,0.1964,0.3316,1,11.5
68,Intermediate neuronal progenitors,Deep-layer neurons,Neuroectoderm,Neuroectoderm,11.75,0.3593,0.3007,0.418,1,11.5
68,Intermediate neuronal progenitors,Deep-layer neurons,Neuroectoderm,Neuroectoderm,12.0,0.451,0.4255,0.4765,1,11.5
68,Intermediate neuronal progenitors,Deep-layer neurons,Neuroectoderm,Neuroectoderm,12.25,0.5329,0.5519,0.5139,1,11.5
68,Intermediate neuronal progenitors,Deep-layer neurons,Neuroectoderm,Neuroectoderm,12.5,0.6242,0.6822,0.5663,1,11.5
68,Intermediate neuronal progenitors,Deep-layer neurons,Neuroectoderm,Neuroectoderm,12.75,0.718,0.8004,0.6357,1,11.5
68,Intermediate neuronal progenitors,Deep-layer neurons,Neuroectoderm,Neuroectoderm,13.0,0.8818,0.9661,0.7975,1,11.5
68,Intermediate neuronal progenitors,Deep-layer neurons,Neuroectoderm,Neuroectoderm,13.25,1.0551,1.1472,0.963,1,11.5
69,GABAergic neurons,Spinal cord dorsal progenitors,Neuroectoderm,Neuroectoderm,7.0,-0.1788,-0.238,-0.1195,0,11.5
69,GABAergic neurons,Spinal cord dorsal progenitors,Neuroectoderm,Neuroectoderm,7.25,-0.1868,-0.2562,-0.1175,0,11.5
69,GABAergic neurons,Spinal cord dorsal progenitors,Neuroectoderm,Neuroectoderm,7.5,-0.2074,-0.2784,-0.1364,0,11.5
69,GABAergic neurons,Spinal cord dorsal progenitors,Neuroectoderm,Neuroectoderm,7.75,-0.2403,-0.2798,-0.2009,0,11.5
69,GABAergic neurons,Spinal cord dorsal progenitors,Neuroectoderm,Neuroectoderm,8.0,-0.2238,-0.2719,-0.1757,0,11.5
69,GABAergic neurons,Spinal cord dorsal progenitors,Neuroectoderm,Neuroectoderm,8.25,-0.2114,-0.2474,-0.1755,0,11.5
69,GABAergic neurons,Spinal cord dorsal progenitors,Neuroectoderm,Neuroectoderm,8.5,-0.1788,-0.2049,-0.1527,0,11.5
69,GABAergic neurons,Spinal cord dorsal progenitors,Neuroectoderm,Neuroectoderm,8.75,-0.1603,-0.1816,-0.1391,0,11.5
69,GABAergic neurons,Spinal cord dorsal progenitors,Neuroectoderm,Neuroectoderm,9.0,-0.1455,-0.1454,-0.1457,0,11.5
69,GABAergic neurons,Spinal cord dorsal progenitors,Neuroectoderm,Neuroectoderm,9.25,-0.1275,-0.1404,-0.1146,0,11.5
69,GABAergic neurons,Spinal cord dorsal progenitors,Neuroectoderm,Neuroectoderm,9.5,-0.1032,-0.1099,-0.0965,0,11.5
69,GABAergic neurons,Spinal cord dorsal progenitors,Neuroectoderm,Neuroectoderm,9.75,-0.086,-0.0875,-0.0846,0,11.5
69,GABAergic neurons,Spinal cord dorsal progenitors,Neuroectoderm,Neuroectoderm,10.0,-0.0551,-0.065,-0.0451,0,11.5
69,GABAergic neurons,Spinal cord dorsal progenitors,Neuroectoderm,Neuroectoderm,10.25,-0.0223,-0.034,-0.0107,0,11.5
69,GABAergic neurons,Spinal cord dorsal progenitors,Neuroectoderm,Neuroectoderm,10.5,0.0118,-0.0084,0.0319,0,11.5
69,GABAergic neurons,Spinal cord dorsal progenitors,Neuroectoderm,Neuroectoderm,10.75,0.0493,0.0196,0.079,0,11.5
69,GABAergic neurons,Spinal cord dorsal progenitors,Neuroectoderm,Neuroectoderm,11.0,0.0986,0.0687,0.1285,0,11.5
69,GABAergic neurons,Spinal cord dorsal progenitors,Neuroectoderm,Neuroectoderm,11.25,0.1332,0.1221,0.1444,0,11.5
69,GABAergic neurons,Spinal cord dorsal progenitors,Neuroectoderm,Neuroectoderm,11.5,0.1985,0.1775,0.2194,1,11.5
69,GABAergic neurons,Spinal cord dorsal progenitors,Neuroectoderm,Neuroectoderm,11.75,0.2268,0.2148,0.2388,1,11.5
69,GABAergic neurons,Spinal cord dorsal progenitors,Neuroectoderm,Neuroectoderm,12.0,0.2759,0.2603,0.2914,1,11.5
69,GABAergic neurons,Spinal cord dorsal progenitors,Neuroectoderm,Neuroectoderm,12.25,0.3115,0.3102,0.3129,1,11.5
69,GABAergic neurons,Spinal cord dorsal progenitors,Neuroectoderm,Neuroectoderm,12.5,0.3668,0.3743,0.3594,1,11.5
69,GABAergic neurons,Spinal cord dorsal progenitors,Neuroectoderm,Neuroectoderm,12.75,0.4401,0.4832,0.3969,1,11.5
69,GABAergic neurons,Spinal cord dorsal progenitors,Neuroectoderm,Neuroectoderm,13.0,0.6037,0.6257,0.5818,1,11.5
69,GABAergic neurons,Spinal cord dorsal progenitors,Neuroectoderm,Neuroectoderm,13.25,0.7703,0.7643,0.7763,1,11.5
70,Liver sinusoidal endothelial cells,Lymphatic vessel endothelial cells,Mesoderm,Mesoderm,7.0,-0.586,-0.6018,-0.5703,0,11.75
70,Liver sinusoidal endothelial cells,Lymphatic vessel endothelial cells,Mesoderm,Mesoderm,7.25,-0.6574,-0.7443,-0.5706,0,11.75
70,Liver sinusoidal endothelial cells,Lymphatic vessel endothelial cells,Mesoderm,Mesoderm,7.5,-0.7636,-0.9651,-0.5621,0,11.75
70,Liver sinusoidal endothelial cells,Lymphatic vessel endothelial cells,Mesoderm,Mesoderm,7.75,-0.8035,-0.9423,-0.6648,0,11.75
70,Liver sinusoidal endothelial cells,Lymphatic vessel endothelial cells,Mesoderm,Mesoderm,8.0,-0.7554,-1.0019,-0.509,0,11.75
70,Liver sinusoidal endothelial cells,Lymphatic vessel endothelial cells,Mesoderm,Mesoderm,8.25,-0.7292,-0.9424,-0.5159,0,11.75
70,Liver sinusoidal endothelial cells,Lymphatic vessel endothelial cells,Mesoderm,Mesoderm,8.5,-0.7598,-0.9306,-0.589,0,11.75
70,Liver sinusoidal endothelial cells,Lymphatic vessel endothelial cells,Mesoderm,Mesoderm,8.75,-0.7493,-0.9471,-0.5515,0,11.75
70,Liver sinusoidal endothelial cells,Lymphatic vessel endothelial cells,Mesoderm,Mesoderm,9.0,-0.5927,-0.8073,-0.3781,0,11.75
70,Liver sinusoidal endothelial cells,Lymphatic vessel endothelial cells,Mesoderm,Mesoderm,9.25,-0.5786,-0.7546,-0.4026,0,11.75
70,Liver sinusoidal endothelial cells,Lymphatic vessel endothelial cells,Mesoderm,Mesoderm,9.5,-0.4355,-0.5591,-0.3119,0,11.75
70,Liver sinusoidal endothelial cells,Lymphatic vessel endothelial cells,Mesoderm,Mesoderm,9.75,-0.4244,-0.6145,-0.2344,0,11.75
70,Liver sinusoidal endothelial cells,Lymphatic vessel endothelial cells,Mesoderm,Mesoderm,10.0,-0.2278,-0.4173,-0.0383,0,11.75
70,Liver sinusoidal endothelial cells,Lymphatic vessel endothelial cells,Mesoderm,Mesoderm,10.25,-0.1763,-0.3954,0.0428,0,11.75
70,Liver sinusoidal endothelial cells,Lymphatic vessel endothelial cells,Mesoderm,Mesoderm,10.5,-0.0013,-0.1488,0.1462,0,11.75
70,Liver sinusoidal endothelial cells,Lymphatic vessel endothelial cells,Mesoderm,Mesoderm,10.75,0.1246,-0.0173,0.2666,0,11.75
70,Liver sinusoidal endothelial cells,Lymphatic vessel endothelial cells,Mesoderm,Mesoderm,11.0,0.2397,0.1515,0.3279,0,11.75
70,Liver sinusoidal endothelial cells,Lymphatic vessel endothelial cells,Mesoderm,Mesoderm,11.25,0.4246,0.3559,0.4934,0,11.75
70,Liver sinusoidal endothelial cells,Lymphatic vessel endothelial cells,Mesoderm,Mesoderm,11.5,0.656,0.5645,0.7475,0,11.75
70,Liver sinusoidal endothelial cells,Lymphatic vessel endothelial cells,Mesoderm,Mesoderm,11.75,0.8831,0.8763,0.89,1,11.75
70,Liver sinusoidal endothelial cells,Lymphatic vessel endothelial cells,Mesoderm,Mesoderm,12.0,1.1423,1.1008,1.1838,1,11.75
70,Liver sinusoidal endothelial cells,Lymphatic vessel endothelial cells,Mesoderm,Mesoderm,12.25,1.4336,1.3592,1.508,1,11.75
70,Liver sinusoidal endothelial cells,Lymphatic vessel endothelial cells,Mesoderm,Mesoderm,12.5,1.7777,1.7553,1.8001,1,11.75
70,Liver sinusoidal endothelial cells,Lymphatic vessel endothelial cells,Mesoderm,Mesoderm,12.75,1.9869,2.1387,1.8351,1,11.75
70,Liver sinusoidal endothelial cells,Lymphatic vessel endothelial cells,Mesoderm,Mesoderm,13.0,2.4105,2.5514,2.2696,1,11.75
70,Liver sinusoidal endothelial cells,Lymphatic vessel endothelial cells,Mesoderm,Mesoderm,13.25,2.6286,2.7419,2.5153,1,11.75
71,Otic epithelial cells,Otic sensory neurons,Surface ectoderm,Surface ectoderm,7.0,-0.8614,-0.9751,-0.7476,0,11.75
71,Otic epithelial cells,Otic sensory neurons,Surface ectoderm,Surface ectoderm,7.25,-0.9541,-1.0319,-0.8763,0,11.75
71,Otic epithelial cells,Otic sensory neurons,Surface ectoderm,Surface ectoderm,7.5,-0.9379,-1.0122,-0.8637,0,11.75
71,Otic epithelial cells,Otic sensory neurons,Surface ectoderm,Surface ectoderm,7.75,-0.9745,-1.0058,-0.9432,0,11.75
71,Otic epithelial cells,Otic sensory neurons,Surface ectoderm,Surface ectoderm,8.0,-0.887,-0.9479,-0.8261,0,11.75
71,Otic epithelial cells,Otic sensory neurons,Surface ectoderm,Surface ectoderm,8.25,-0.8052,-0.805,-0.8054,0,11.75
71,Otic epithelial cells,Otic sensory neurons,Surface ectoderm,Surface ectoderm,8.5,-0.7032,-0.6326,-0.7738,0,11.75
71,Otic epithelial cells,Otic sensory neurons,Surface ectoderm,Surface ectoderm,8.75,-0.5887,-0.4951,-0.6824,0,11.75
71,Otic epithelial cells,Otic sensory neurons,Surface ectoderm,Surface ectoderm,9.0,-0.5298,-0.373,-0.6867,0,11.75
71,Otic epithelial cells,Otic sensory neurons,Surface ectoderm,Surface ectoderm,9.25,-0.437,-0.2574,-0.6167,0,11.75
71,Otic epithelial cells,Otic sensory neurons,Surface ectoderm,Surface ectoderm,9.5,-0.258,-0.095,-0.4209,0,11.75
71,Otic epithelial cells,Otic sensory neurons,Surface ectoderm,Surface ectoderm,9.75,-0.0905,0.0571,-0.2381,0,11.75
71,Otic epithelial cells,Otic sensory neurons,Surface ectoderm,Surface ectoderm,10.0,0.0374,0.2158,-0.141,0,11.75
71,Otic epithelial cells,Otic sensory neurons,Surface ectoderm,Surface ectoderm,10.25,0.1503,0.3765,-0.076,0,11.75
71,Otic epithelial cells,Otic sensory neurons,Surface ectoderm,Surface ectoderm,10.5,0.3478,0.5567,0.1389,0,11.75
71,Otic epithelial cells,Otic sensory neurons,Surface ectoderm,Surface ectoderm,10.75,0.4524,0.7115,0.1933,0,11.75
71,Otic epithelial cells,Otic sensory neurons,Surface ectoderm,Surface ectoderm,11.0,0.5933,0.8723,0.3144,0,11.75
71,Otic epithelial cells,Otic sensory neurons,Surface ectoderm,Surface ectoderm,11.25,0.7769,1.0886,0.4652,0,11.75
71,Otic epithelial cells,Otic sensory neurons,Surface ectoderm,Surface ectoderm,11.5,0.9513,1.2241,0.6785,0,11.75
71,Otic epithelial cells,Otic sensory neurons,Surface ectoderm,Surface ectoderm,11.75,1.1063,1.371,0.8417,1,11.75
71,Otic epithelial cells,Otic sensory neurons,Surface ectoderm,Surface ectoderm,12.0,1.3222,1.6935,0.9509,1,11.75
71,Otic epithelial cells,Otic sensory neurons,Surface ectoderm,Surface ectoderm,12.25,1.5854,1.9904,1.1803,1,11.75
71,Otic epithelial cells,Otic sensory neurons,Surface ectoderm,Surface ectoderm,12.5,1.7524,2.3092,1.1957,1,11.75
71,Otic epithelial cells,Otic sensory neurons,Surface ectoderm,Surface ectoderm,12.75,2.1841,2.6637,1.7046,1,11.75
71,Otic epithelial cells,Otic sensory neurons,Surface ectoderm,Surface ectoderm,13.0,2.3823,2.7613,2.0033,1,11.75
71,Otic epithelial cells,Otic sensory neurons,Surface ectoderm,Surface ectoderm,13.25,2.5235,2.9385,2.1084,1,11.75
72,Choroid plexus,Dorsal telencephalon,Neuroectoderm,Neuroectoderm,7.0,-0.9859,-0.9795,-0.9923,0,11.75
72,Choroid plexus,Dorsal telencephalon,Neuroectoderm,Neuroectoderm,7.25,-0.9481,-0.9021,-0.9941,0,11.75
72,Choroid plexus,Dorsal telencephalon,Neuroectoderm,Neuroectoderm,7.5,-0.9284,-0.875,-0.9818,0,11.75
72,Choroid plexus,Dorsal telencephalon,Neuroectoderm,Neuroectoderm,7.75,-0.9369,-0.8735,-1.0003,0,11.75
72,Choroid plexus,Dorsal telencephalon,Neuroectoderm,Neuroectoderm,8.0,-0.8375,-0.7483,-0.9267,0,11.75
72,Choroid plexus,Dorsal telencephalon,Neuroectoderm,Neuroectoderm,8.25,-0.7354,-0.6161,-0.8548,0,11.75
72,Choroid plexus,Dorsal telencephalon,Neuroectoderm,Neuroectoderm,8.5,-0.5718,-0.4074,-0.7362,0,11.75
72,Choroid plexus,Dorsal telencephalon,Neuroectoderm,Neuroectoderm,8.75,-0.5354,-0.2933,-0.7775,0,11.75
72,Choroid plexus,Dorsal telencephalon,Neuroectoderm,Neuroectoderm,9.0,-0.4141,-0.2101,-0.6181,0,11.75
72,Choroid plexus,Dorsal telencephalon,Neuroectoderm,Neuroectoderm,9.25,-0.293,-0.0678,-0.5182,0,11.75
72,Choroid plexus,Dorsal telencephalon,Neuroectoderm,Neuroectoderm,9.5,-0.2228,-0.0171,-0.4285,0,11.75
72,Choroid plexus,Dorsal telencephalon,Neuroectoderm,Neuroectoderm,9.75,-0.0534,0.1124,-0.2192,0,11.75
72,Choroid plexus,Dorsal telencephalon,Neuroectoderm,Neuroectoderm,10.0,0.047,0.1505,-0.0565,0,11.75
72,Choroid plexus,Dorsal telencephalon,Neuroectoderm,Neuroectoderm,10.25,0.1916,0.2674,0.1158,0,11.75
72,Choroid plexus,Dorsal telencephalon,Neuroectoderm,Neuroectoderm,10.5,0.2079,0.3497,0.066,0,11.75
72,Choroid plexus,Dorsal telencephalon,Neuroectoderm,Neuroectoderm,10.75,0.4031,0.5692,0.2369,0,11.75
72,Choroid plexus,Dorsal telencephalon,Neuroectoderm,Neuroectoderm,11.0,0.5021,0.7496,0.2545,0,11.75
72,Choroid plexus,Dorsal telencephalon,Neuroectoderm,Neuroectoderm,11.25,0.6288,0.8048,0.4527,0,11.75
72,Choroid plexus,Dorsal telencephalon,Neuroectoderm,Neuroectoderm,11.5,0.7293,0.889,0.5695,0,11.75
72,Choroid plexus,Dorsal telencephalon,Neuroectoderm,Neuroectoderm,11.75,0.9883,1.0762,0.9003,1,11.75
72,Choroid plexus,Dorsal telencephalon,Neuroectoderm,Neuroectoderm,12.0,1.0476,0.9592,1.1361,1,11.75
72,Choroid plexus,Dorsal telencephalon,Neuroectoderm,Neuroectoderm,12.25,1.1977,1.1465,1.2489,1,11.75
72,Choroid plexus,Dorsal telencephalon,Neuroectoderm,Neuroectoderm,12.5,1.5244,1.5021,1.5468,1,11.75
72,Choroid plexus,Dorsal telencephalon,Neuroectoderm,Neuroectoderm,12.75,1.7171,1.5015,1.9326,1,11.75
72,Choroid plexus,Dorsal telencephalon,Neuroectoderm,Neuroectoderm,13.0,1.8678,1.5656,2.17,1,11.75
72,Choroid plexus,Dorsal telencephalon,Neuroectoderm,Neuroectoderm,13.25,1.9731,1.708,2.2381,1,11.75
73,Primitive erythroid cells,Mast cells,Blood,Blood,7.0,-0.8306,-0.9401,-0.7211,0,11.75
73,Primitive erythroid cells,Mast cells,Blood,Blood,7.25,-0.8924,-0.9815,-0.8032,0,11.75
73,Primitive erythroid cells,Mast cells,Blood,Blood,7.5,-0.7448,-0.8721,-0.6175,0,11.75
73,Primitive erythroid cells,Mast cells,Blood,Blood,7.75,-0.6122,-0.8281,-0.3963,0,11.75
73,Primitive erythroid cells,Mast cells,Blood,Blood,8.0,-0.483,-0.6793,-0.2866,0,11.75
73,Primitive erythroid cells,Mast cells,Blood,Blood,8.25,-0.291,-0.4656,-0.1165,0,11.75
73,Primitive erythroid cells,Mast cells,Blood,Blood,8.5,-0.2094,-0.3804,-0.0384,0,11.75
73,Primitive erythroid cells,Mast cells,Blood,Blood,8.75,-0.1048,-0.2752,0.0656,0,11.75
73,Primitive erythroid cells,Mast cells,Blood,Blood,9.0,0.1178,0.0404,0.1952,0,11.75
73,Primitive erythroid cells,Mast cells,Blood,Blood,9.25,0.314,0.2379,0.39,0,11.75
73,Primitive erythroid cells,Mast cells,Blood,Blood,9.5,0.4521,0.4125,0.4916,0,11.75
73,Primitive erythroid cells,Mast cells,Blood,Blood,9.75,0.4865,0.4961,0.4768,0,11.75
73,Primitive erythroid cells,Mast cells,Blood,Blood,10.0,0.6262,0.6567,0.5958,0,11.75
73,Primitive erythroid cells,Mast cells,Blood,Blood,10.25,0.7388,0.76,0.7176,0,11.75
73,Primitive erythroid cells,Mast cells,Blood,Blood,10.5,0.9427,1.0238,0.8616,0,11.75
73,Primitive erythroid cells,Mast cells,Blood,Blood,10.75,0.9535,1.1988,0.7082,0,11.75
73,Primitive erythroid cells,Mast cells,Blood,Blood,11.0,0.9405,1.2137,0.6673,0,11.75
73,Primitive erythroid cells,Mast cells,Blood,Blood,11.25,1.0578,1.4252,0.6903,0,11.75
73,Primitive erythroid cells,Mast cells,Blood,Blood,11.5,1.2565,1.5402,0.9729,0,11.75
73,Primitive erythroid cells,Mast cells,Blood,Blood,11.75,1.3987,1.6212,1.1761,1,11.75
73,Primitive erythroid cells,Mast cells,Blood,Blood,12.0,1.3709,1.768,0.9738,0,11.75
73,Primitive erythroid cells,Mast cells,Blood,Blood,12.25,1.5368,2.0024,1.0713,0,11.75
73,Primitive erythroid cells,Mast cells,Blood,Blood,12.5,1.5092,2.0764,0.9419,0,11.75
73,Primitive erythroid cells,Mast cells,Blood,Blood,12.75,1.2986,1.9594,0.6378,0,11.75
73,Primitive erythroid cells,Mast cells,Blood,Blood,13.0,0.7921,1.6799,-0.0957,0,11.75
73,Primitive erythroid cells,Mast cells,Blood,Blood,13.25,1.0285,1.9082,0.1487,0,11.75
74,Cajal-Retzius cells,Dorsal telencephalon,Neuroectoderm,Neuroectoderm,7.0,-0.9713,-1.0696,-0.873,0,11.75
74,Cajal-Retzius cells,Dorsal telencephalon,Neuroectoderm,Neuroectoderm,7.25,-1.0651,-1.1647,-0.9655,0,11.75
74,Cajal-Retzius cells,Dorsal telencephalon,Neuroectoderm,Neuroectoderm,7.5,-1.0497,-1.1656,-0.9338,0,11.75
74,Cajal-Retzius cells,Dorsal telencephalon,Neuroectoderm,Neuroectoderm,7.75,-1.0379,-1.1779,-0.8979,0,11.75
74,Cajal-Retzius cells,Dorsal telencephalon,Neuroectoderm,Neuroectoderm,8.0,-0.9947,-1.1435,-0.846,0,11.75
74,Cajal-Retzius cells,Dorsal telencephalon,Neuroectoderm,Neuroectoderm,8.25,-0.9373,-1.0457,-0.8288,0,11.75
74,Cajal-Retzius cells,Dorsal telencephalon,Neuroectoderm,Neuroectoderm,8.5,-0.8642,-0.9667,-0.7616,0,11.75
74,Cajal-Retzius cells,Dorsal telencephalon,Neuroectoderm,Neuroectoderm,8.75,-0.78,-0.8642,-0.6959,0,11.75
74,Cajal-Retzius cells,Dorsal telencephalon,Neuroectoderm,Neuroectoderm,9.0,-0.6861,-0.7784,-0.5937,0,11.75
74,Cajal-Retzius cells,Dorsal telencephalon,Neuroectoderm,Neuroectoderm,9.25,-0.6035,-0.7122,-0.4949,0,11.75
74,Cajal-Retzius cells,Dorsal telencephalon,Neuroectoderm,Neuroectoderm,9.5,-0.5122,-0.6009,-0.4235,0,11.75
74,Cajal-Retzius cells,Dorsal telencephalon,Neuroectoderm,Neuroectoderm,9.75,-0.4125,-0.4949,-0.3301,0,11.75
74,Cajal-Retzius cells,Dorsal telencephalon,Neuroectoderm,Neuroectoderm,10.0,-0.3048,-0.4012,-0.2085,0,11.75
74,Cajal-Retzius cells,Dorsal telencephalon,Neuroectoderm,Neuroectoderm,10.25,-0.1662,-0.2431,-0.0892,0,11.75
74,Cajal-Retzius cells,Dorsal telencephalon,Neuroectoderm,Neuroectoderm,10.5,-0.0583,-0.1704,0.0538,0,11.75
74,Cajal-Retzius cells,Dorsal telencephalon,Neuroectoderm,Neuroectoderm,10.75,0.0448,-0.0637,0.1533,0,11.75
74,Cajal-Retzius cells,Dorsal telencephalon,Neuroectoderm,Neuroectoderm,11.0,0.128,0.0285,0.2276,0,11.75
74,Cajal-Retzius cells,Dorsal telencephalon,Neuroectoderm,Neuroectoderm,11.25,0.2001,0.1225,0.2777,0,11.75
74,Cajal-Retzius cells,Dorsal telencephalon,Neuroectoderm,Neuroectoderm,11.5,0.26,0.2021,0.318,0,11.75
74,Cajal-Retzius cells,Dorsal telencephalon,Neuroectoderm,Neuroectoderm,11.75,0.3781,0.3741,0.3822,1,11.75
74,Cajal-Retzius cells,Dorsal telencephalon,Neuroectoderm,Neuroectoderm,12.0,0.4406,0.4823,0.3989,1,11.75
74,Cajal-Retzius cells,Dorsal telencephalon,Neuroectoderm,Neuroectoderm,12.25,0.5347,0.6557,0.4136,1,11.75
74,Cajal-Retzius cells,Dorsal telencephalon,Neuroectoderm,Neuroectoderm,12.5,0.6475,0.8358,0.4592,1,11.75
74,Cajal-Retzius cells,Dorsal telencephalon,Neuroectoderm,Neuroectoderm,12.75,0.8668,1.011,0.7225,1,11.75
74,Cajal-Retzius cells,Dorsal telencephalon,Neuroectoderm,Neuroectoderm,13.0,1.0509,1.2302,0.8716,1,11.75
74,Cajal-Retzius cells,Dorsal telencephalon,Neuroectoderm,Neuroectoderm,13.25,1.292,1.464,1.12,1,11.75
75,Hematopoietic stem cells (Mpo+),Kupffer cells,Blood,Blood,7.0,-1.6868,-1.686,-1.6875,0,11.75
75,Hematopoietic stem cells (Mpo+),Kupffer cells,Blood,Blood,7.25,-1.6446,-1.7097,-1.5794,0,11.75
75,Hematopoietic stem cells (Mpo+),Kupffer cells,Blood,Blood,7.5,-1.644,-1.7841,-1.5039,0,11.75
75,Hematopoietic stem cells (Mpo+),Kupffer cells,Blood,Blood,7.75,-1.6757,-1.8621,-1.4893,0,11.75
75,Hematopoietic stem cells (Mpo+),Kupffer cells,Blood,Blood,8.0,-1.532,-1.7245,-1.3394,0,11.75
75,Hematopoietic stem cells (Mpo+),Kupffer cells,Blood,Blood,8.25,-1.4232,-1.6269,-1.2194,0,11.75
75,Hematopoietic stem cells (Mpo+),Kupffer cells,Blood,Blood,8.5,-1.311,-1.5111,-1.1108,0,11.75
75,Hematopoietic stem cells (Mpo+),Kupffer cells,Blood,Blood,8.75,-1.1768,-1.3788,-0.9748,0,11.75
75,Hematopoietic stem cells (Mpo+),Kupffer cells,Blood,Blood,9.0,-1.0157,-1.153,-0.8783,0,11.75
75,Hematopoietic stem cells (Mpo+),Kupffer cells,Blood,Blood,9.25,-0.8081,-0.9264,-0.6898,0,11.75
75,Hematopoietic stem cells (Mpo+),Kupffer cells,Blood,Blood,9.5,-0.6531,-0.7724,-0.5337,0,11.75
75,Hematopoietic stem cells (Mpo+),Kupffer cells,Blood,Blood,9.75,-0.472,-0.6245,-0.3196,0,11.75
75,Hematopoietic stem cells (Mpo+),Kupffer cells,Blood,Blood,10.0,-0.3396,-0.512,-0.1672,0,11.75
75,Hematopoietic stem cells (Mpo+),Kupffer cells,Blood,Blood,10.25,-0.1755,-0.3419,-0.0091,0,11.75
75,Hematopoietic stem cells (Mpo+),Kupffer cells,Blood,Blood,10.5,0.0204,-0.1677,0.2084,0,11.75
75,Hematopoietic stem cells (Mpo+),Kupffer cells,Blood,Blood,10.75,0.155,0.0089,0.3012,0,11.75
75,Hematopoietic stem cells (Mpo+),Kupffer cells,Blood,Blood,11.0,0.2608,0.0855,0.4361,0,11.75
75,Hematopoietic stem cells (Mpo+),Kupffer cells,Blood,Blood,11.25,0.3625,0.2158,0.5092,0,11.75
75,Hematopoietic stem cells (Mpo+),Kupffer cells,Blood,Blood,11.5,0.4857,0.3975,0.574,0,11.75
75,Hematopoietic stem cells (Mpo+),Kupffer cells,Blood,Blood,11.75,0.5873,0.5841,0.5906,1,11.75
75,Hematopoietic stem cells (Mpo+),Kupffer cells,Blood,Blood,12.0,0.6665,0.7242,0.6089,1,11.75
75,Hematopoietic stem cells (Mpo+),Kupffer cells,Blood,Blood,12.25,0.8435,0.9195,0.7675,1,11.75
75,Hematopoietic stem cells (Mpo+),Kupffer cells,Blood,Blood,12.5,0.8413,0.9399,0.7426,1,11.75
75,Hematopoietic stem cells (Mpo+),Kupffer cells,Blood,Blood,12.75,0.6994,0.9762,0.4226,0,11.75
75,Hematopoietic stem cells (Mpo+),Kupffer cells,Blood,Blood,13.0,0.7778,0.8673,0.6882,0,11.75
75,Hematopoietic stem cells (Mpo+),Kupffer cells,Blood,Blood,13.25,0.8787,1.2105,0.5468,0,11.75
76,Myelinating Schwann cells,Myelinating Schwann cells (Tgfb2+),Neural crest,Neural crest,7.0,-1.0848,-1.1566,-1.013,0,12.0
76,Myelinating Schwann cells,Myelinating Schwann cells (Tgfb2+),Neural crest,Neural crest,7.25,-1.1409,-1.1897,-1.0922,0,12.0
76,Myelinating Schwann cells,Myelinating Schwann cells (Tgfb2+),Neural crest,Neural crest,7.5,-1.1826,-1.2319,-1.1333,0,12.0
76,Myelinating Schwann cells,Myelinating Schwann cells (Tgfb2+),Neural crest,Neural crest,7.75,-1.2489,-1.2693,-1.2285,0,12.0
76,Myelinating Schwann cells,Myelinating Schwann cells (Tgfb2+),Neural crest,Neural crest,8.0,-1.1779,-1.1759,-1.18,0,12.0
76,Myelinating Schwann cells,Myelinating Schwann cells (Tgfb2+),Neural crest,Neural crest,8.25,-1.1606,-1.1366,-1.1845,0,12.0
76,Myelinating Schwann cells,Myelinating Schwann cells (Tgfb2+),Neural crest,Neural crest,8.5,-1.1593,-1.1255,-1.1932,0,12.0
76,Myelinating Schwann cells,Myelinating Schwann cells (Tgfb2+),Neural crest,Neural crest,8.75,-1.079,-1.0425,-1.1156,0,12.0
76,Myelinating Schwann cells,Myelinating Schwann cells (Tgfb2+),Neural crest,Neural crest,9.0,-1.0173,-0.9884,-1.0463,0,12.0
76,Myelinating Schwann cells,Myelinating Schwann cells (Tgfb2+),Neural crest,Neural crest,9.25,-0.9021,-0.8963,-0.908,0,12.0
76,Myelinating Schwann cells,Myelinating Schwann cells (Tgfb2+),Neural crest,Neural crest,9.5,-0.8347,-0.7595,-0.9099,0,12.0
76,Myelinating Schwann cells,Myelinating Schwann cells (Tgfb2+),Neural crest,Neural crest,9.75,-0.7394,-0.6551,-0.8237,0,12.0
76,Myelinating Schwann cells,Myelinating Schwann cells (Tgfb2+),Neural crest,Neural crest,10.0,-0.6233,-0.6118,-0.6348,0,12.0
76,Myelinating Schwann cells,Myelinating Schwann cells (Tgfb2+),Neural crest,Neural crest,10.25,-0.5027,-0.5226,-0.4827,0,12.0
76,Myelinating Schwann cells,Myelinating Schwann cells (Tgfb2+),Neural crest,Neural crest,10.5,-0.3709,-0.3662,-0.3755,0,12.0
76,Myelinating Schwann cells,Myelinating Schwann cells (Tgfb2+),Neural crest,Neural crest,10.75,-0.2273,-0.2092,-0.2455,0,12.0
76,Myelinating Schwann cells,Myelinating Schwann cells (Tgfb2+),Neural crest,Neural crest,11.0,-0.0404,-0.0779,-0.0029,0,12.0
76,Myelinating Schwann cells,Myelinating Schwann cells (Tgfb2+),Neural crest,Neural crest,11.25,0.0288,-0.0164,0.0739,0,12.0
76,Myelinating Schwann cells,Myelinating Schwann cells (Tgfb2+),Neural crest,Neural crest,11.5,0.1593,0.1753,0.1434,0,12.0
76,Myelinating Schwann cells,Myelinating Schwann cells (Tgfb2+),Neural crest,Neural crest,11.75,0.38,0.3475,0.4124,0,12.0
76,Myelinating Schwann cells,Myelinating Schwann cells (Tgfb2+),Neural crest,Neural crest,12.0,0.6106,0.5736,0.6476,1,12.0
76,Myelinating Schwann cells,Myelinating Schwann cells (Tgfb2+),Neural crest,Neural crest,12.25,0.8138,0.8178,0.8098,1,12.0
76,Myelinating Schwann cells,Myelinating Schwann cells (Tgfb2+),Neural crest,Neural crest,12.5,1.1484,1.0841,1.2126,1,12.0
76,Myelinating Schwann cells,Myelinating Schwann cells (Tgfb2+),Neural crest,Neural crest,12.75,1.611,1.4972,1.7247,1,12.0
76,Myelinating Schwann cells,Myelinating Schwann cells (Tgfb2+),Neural crest,Neural crest,13.0,1.9205,1.9252,1.9157,1,12.0
76,Myelinating Schwann cells,Myelinating Schwann cells (Tgfb2+),Neural crest,Neural crest,13.25,2.1282,2.1632,2.0933,1,12.0
77,Branchial arch epithelium,Granular keratinocytes,Surface ectoderm,Surface ectoderm,7.0,-0.4771,-0.5122,-0.442,0,12.0
77,Branchial arch epithelium,Granular keratinocytes,Surface ectoderm,Surface ectoderm,7.25,-0.5703,-0.5938,-0.5468,0,12.0
77,Branchial arch epithelium,Granular keratinocytes,Surface ectoderm,Surface ectoderm,7.5,-0.5927,-0.6524,-0.533,0,12.0
77,Branchial arch epithelium,Granular keratinocytes,Surface ectoderm,Surface ectoderm,7.75,-0.647,-0.6964,-0.5975,0,12.0
77,Branchial arch epithelium,Granular keratinocytes,Surface ectoderm,Surface ectoderm,8.0,-0.6618,-0.7191,-0.6045,0,12.0
77,Branchial arch epithelium,Granular keratinocytes,Surface ectoderm,Surface ectoderm,8.25,-0.6563,-0.7236,-0.5889,0,12.0
77,Branchial arch epithelium,Granular keratinocytes,Surface ectoderm,Surface ectoderm,8.5,-0.66,-0.761,-0.5589,0,12.0
77,Branchial arch epithelium,Granular keratinocytes,Surface ectoderm,Surface ectoderm,8.75,-0.618,-0.7384,-0.4976,0,12.0
77,Branchial arch epithelium,Granular keratinocytes,Surface ectoderm,Surface ectoderm,9.0,-0.5651,-0.6595,-0.4707,0,12.0
77,Branchial arch epithelium,Granular keratinocytes,Surface ectoderm,Surface ectoderm,9.25,-0.5277,-0.6256,-0.4298,0,12.0
77,Branchial arch epithelium,Granular keratinocytes,Surface ectoderm,Surface ectoderm,9.5,-0.4798,-0.6339,-0.3257,0,12.0
77,Branchial arch epithelium,Granular keratinocytes,Surface ectoderm,Surface ectoderm,9.75,-0.3701,-0.5865,-0.1537,0,12.0
77,Branchial arch epithelium,Granular keratinocytes,Surface ectoderm,Surface ectoderm,10.0,-0.2982,-0.5579,-0.0386,0,12.0
77,Branchial arch epithelium,Granular keratinocytes,Surface ectoderm,Surface ectoderm,10.25,-0.2082,-0.4535,0.0371,0,12.0
77,Branchial arch epithelium,Granular keratinocytes,Surface ectoderm,Surface ectoderm,10.5,-0.1244,-0.3568,0.1079,0,12.0
77,Branchial arch epithelium,Granular keratinocytes,Surface ectoderm,Surface ectoderm,10.75,0.0041,-0.2317,0.2399,0,12.0
77,Branchial arch epithelium,Granular keratinocytes,Surface ectoderm,Surface ectoderm,11.0,0.105,-0.1047,0.3146,0,12.0
77,Branchial arch epithelium,Granular keratinocytes,Surface ectoderm,Surface ectoderm,11.25,0.2058,0.0653,0.3463,0,12.0
77,Branchial arch epithelium,Granular keratinocytes,Surface ectoderm,Surface ectoderm,11.5,0.2855,0.1828,0.3882,0,12.0
77,Branchial arch epithelium,Granular keratinocytes,Surface ectoderm,Surface ectoderm,11.75,0.4016,0.2795,0.5238,0,12.0
77,Branchial arch epithelium,Granular keratinocytes,Surface ectoderm,Surface ectoderm,12.0,0.5929,0.4676,0.7182,1,12.0
77,Branchial arch epithelium,Granular keratinocytes,Surface ectoderm,Surface ectoderm,12.25,0.767,0.6989,0.8351,1,12.0
77,Branchial arch epithelium,Granular keratinocytes,Surface ectoderm,Surface ectoderm,12.5,1.0371,0.9422,1.132,1,12.0
77,Branchial arch epithelium,Granular keratinocytes,Surface ectoderm,Surface ectoderm,12.75,1.3127,1.2627,1.3627,1,12.0
77,Branchial arch epithelium,Granular keratinocytes,Surface ectoderm,Surface ectoderm,13.0,1.681,1.6565,1.7055,1,12.0
77,Branchial arch epithelium,Granular keratinocytes,Surface ectoderm,Surface ectoderm,13.25,1.9957,1.9176,2.0739,1,12.0
78,Neural crest (PNS neurons),Sympathetic neurons,Neural crest,Neural crest,7.0,-0.8023,-0.8002,-0.8044,0,12.0
78,Neural crest (PNS neurons),Sympathetic neurons,Neural crest,Neural crest,7.25,-0.8935,-0.8782,-0.9089,0,12.0
78,Neural crest (PNS neurons),Sympathetic neurons,Neural crest,Neural crest,7.5,-0.9876,-0.9416,-1.0336,0,12.0
78,Neural crest (PNS neurons),Sympathetic neurons,Neural crest,Neural crest,7.75,-0.9538,-0.9119,-0.9957,0,12.0
78,Neural crest (PNS neurons),Sympathetic neurons,Neural crest,Neural crest,8.0,-0.9395,-0.9029,-0.9761,0,12.0
78,Neural crest (PNS neurons),Sympathetic neurons,Neural crest,Neural crest,8.25,-0.8929,-0.8518,-0.934,0,12.0
78,Neural crest (PNS neurons),Sympathetic neurons,Neural crest,Neural crest,8.5,-0.8119,-0.8001,-0.8236,0,12.0
78,Neural crest (PNS neurons),Sympathetic neurons,Neural crest,Neural crest,8.75,-0.7218,-0.7039,-0.7397,0,12.0
78,Neural crest (PNS neurons),Sympathetic neurons,Neural crest,Neural crest,9.0,-0.6459,-0.6166,-0.6752,0,12.0
78,Neural crest (PNS neurons),Sympathetic neurons,Neural crest,Neural crest,9.25,-0.5721,-0.5863,-0.5579,0,12.0
78,Neural crest (PNS neurons),Sympathetic neurons,Neural crest,Neural crest,9.5,-0.4907,-0.5118,-0.4695,0,12.0
78,Neural crest (PNS neurons),Sympathetic neurons,Neural crest,Neural crest,9.75,-0.3262,-0.3744,-0.2779,0,12.0
78,Neural crest (PNS neurons),Sympathetic neurons,Neural crest,Neural crest,10.0,-0.2029,-0.2798,-0.1259,0,12.0
78,Neural crest (PNS neurons),Sympathetic neurons,Neural crest,Neural crest,10.25,-0.1241,-0.2075,-0.0407,0,12.0
78,Neural crest (PNS neurons),Sympathetic neurons,Neural crest,Neural crest,10.5,-0.0193,-0.1204,0.0818,0,12.0
78,Neural crest (PNS neurons),Sympathetic neurons,Neural crest,Neural crest,10.75,0.0714,-0.0516,0.1944,0,12.0
78,Neural crest (PNS neurons),Sympathetic neurons,Neural crest,Neural crest,11.0,0.1289,0.0256,0.2322,0,12.0
78,Neural crest (PNS neurons),Sympathetic neurons,Neural crest,Neural crest,11.25,0.2354,0.1659,0.3049,0,12.0
78,Neural crest (PNS neurons),Sympathetic neurons,Neural crest,Neural crest,11.5,0.2881,0.2477,0.3285,0,12.0
78,Neural crest (PNS neurons),Sympathetic neurons,Neural crest,Neural crest,11.75,0.4315,0.3992,0.4637,0,12.0
78,Neural crest (PNS neurons),Sympathetic neurons,Neural crest,Neural crest,12.0,0.5656,0.497,0.6341,1,12.0
78,Neural crest (PNS neurons),Sympathetic neurons,Neural crest,Neural crest,12.25,0.7717,0.7018,0.8416,1,12.0
78,Neural crest (PNS neurons),Sympathetic neurons,Neural crest,Neural crest,12.5,0.91,0.9378,0.8822,1,12.0
78,Neural crest (PNS neurons),Sympathetic neurons,Neural crest,Neural crest,12.75,1.1961,1.1276,1.2646,1,12.0
78,Neural crest (PNS neurons),Sympathetic neurons,Neural crest,Neural crest,13.0,1.4574,1.3556,1.5592,1,12.0
78,Neural crest (PNS neurons),Sympathetic neurons,Neural crest,Neural crest,13.25,1.8673,1.7418,1.9929,1,12.0
79,Pre-epidermal keratinocytes,Branchial arch epithelium,Surface ectoderm,Surface ectoderm,7.0,-0.4554,-0.5041,-0.4066,0,12.0
79,Pre-epidermal keratinocytes,Branchial arch epithelium,Surface ectoderm,Surface ectoderm,7.25,-0.561,-0.6014,-0.5206,0,12.0
79,Pre-epidermal keratinocytes,Branchial arch epithelium,Surface ectoderm,Surface ectoderm,7.5,-0.6094,-0.6688,-0.5499,0,12.0
79,Pre-epidermal keratinocytes,Branchial arch epithelium,Surface ectoderm,Surface ectoderm,7.75,-0.6502,-0.7044,-0.5961,0,12.0
79,Pre-epidermal keratinocytes,Branchial arch epithelium,Surface ectoderm,Surface ectoderm,8.0,-0.6595,-0.7449,-0.5742,0,12.0
79,Pre-epidermal keratinocytes,Branchial arch epithelium,Surface ectoderm,Surface ectoderm,8.25,-0.662,-0.7426,-0.5814,0,12.0
79,Pre-epidermal keratinocytes,Branchial arch epithelium,Surface ectoderm,Surface ectoderm,8.5,-0.6713,-0.7658,-0.5767,0,12.0
79,Pre-epidermal keratinocytes,Branchial arch epithelium,Surface ectoderm,Surface ectoderm,8.75,-0.6492,-0.7607,-0.5377,0,12.0
79,Pre-epidermal keratinocytes,Branchial arch epithelium,Surface ectoderm,Surface ectoderm,9.0,-0.6483,-0.7577,-0.5389,0,12.0
79,Pre-epidermal keratinocytes,Branchial arch epithelium,Surface ectoderm,Surface ectoderm,9.25,-0.6216,-0.7421,-0.5011,0,12.0
79,Pre-epidermal keratinocytes,Branchial arch epithelium,Surface ectoderm,Surface ectoderm,9.5,-0.5977,-0.7451,-0.4504,0,12.0
79,Pre-epidermal keratinocytes,Branchial arch epithelium,Surface ectoderm,Surface ectoderm,9.75,-0.529,-0.689,-0.369,0,12.0
79,Pre-epidermal keratinocytes,Branchial arch epithelium,Surface ectoderm,Surface ectoderm,10.0,-0.4571,-0.6436,-0.2706,0,12.0
79,Pre-epidermal keratinocytes,Branchial arch epithelium,Surface ectoderm,Surface ectoderm,10.25,-0.3648,-0.5433,-0.1864,0,12.0
79,Pre-epidermal keratinocytes,Branchial arch epithelium,Surface ectoderm,Surface ectoderm,10.5,-0.2543,-0.4519,-0.0567,0,12.0
79,Pre-epidermal keratinocytes,Branchial arch epithelium,Surface ectoderm,Surface ectoderm,10.75,-0.153,-0.3344,0.0284,0,12.0
79,Pre-epidermal keratinocytes,Branchial arch epithelium,Surface ectoderm,Surface ectoderm,11.0,-0.0726,-0.2303,0.0851,0,12.0
79,Pre-epidermal keratinocytes,Branchial arch epithelium,Surface ectoderm,Surface ectoderm,11.25,0.0219,-0.1318,0.1756,0,12.0
79,Pre-epidermal keratinocytes,Branchial arch epithelium,Surface ectoderm,Surface ectoderm,11.5,0.0972,-0.0245,0.2189,0,12.0
79,Pre-epidermal keratinocytes,Branchial arch epithelium,Surface ectoderm,Surface ectoderm,11.75,0.1833,0.101,0.2655,0,12.0
79,Pre-epidermal keratinocytes,Branchial arch epithelium,Surface ectoderm,Surface ectoderm,12.0,0.2814,0.2157,0.3472,1,12.0
79,Pre-epidermal keratinocytes,Branchial arch epithelium,Surface ectoderm,Surface ectoderm,12.25,0.4142,0.399,0.4294,1,12.0
79,Pre-epidermal keratinocytes,Branchial arch epithelium,Surface ectoderm,Surface ectoderm,12.5,0.5904,0.607,0.5738,1,12.0
79,Pre-epidermal keratinocytes,Branchial arch epithelium,Surface ectoderm,Surface ectoderm,12.75,0.8452,0.8738,0.8166,1,12.0
79,Pre-epidermal keratinocytes,Branchial arch epithelium,Surface ectoderm,Surface ectoderm,13.0,1.119,1.1437,1.0944,1,12.0
79,Pre-epidermal keratinocytes,Branchial arch epithelium,Surface ectoderm,Surface ectoderm,13.25,1.3677,1.3904,1.3449,1,12.0
80,Astrocytes,Spinal cord/r7/r8,Neuroectoderm,Neuroectoderm,7.0,-0.2168,-0.2503,-0.1832,0,12.0
80,Astrocytes,Spinal cord/r7/r8,Neuroectoderm,Neuroectoderm,7.25,-0.2463,-0.3312,-0.1615,0,12.0
80,Astrocytes,Spinal cord/r7/r8,Neuroectoderm,Neuroectoderm,7.5,-0.2529,-0.3069,-0.1988,0,12.0
80,Astrocytes,Spinal cord/r7/r8,Neuroectoderm,Neuroectoderm,7.75,-0.2405,-0.2987,-0.1823,0,12.0
80,Astrocytes,Spinal cord/r7/r8,Neuroectoderm,Neuroectoderm,8.0,-0.2403,-0.289,-0.1916,0,12.0
80,Astrocytes,Spinal cord/r7/r8,Neuroectoderm,Neuroectoderm,8.25,-0.2336,-0.2781,-0.1892,0,12.0
80,Astrocytes,Spinal cord/r7/r8,Neuroectoderm,Neuroectoderm,8.5,-0.1978,-0.2072,-0.1884,0,12.0
80,Astrocytes,Spinal cord/r7/r8,Neuroectoderm,Neuroectoderm,8.75,-0.1837,-0.1578,-0.2096,0,12.0
80,Astrocytes,Spinal cord/r7/r8,Neuroectoderm,Neuroectoderm,9.0,-0.1795,-0.1492,-0.2098,0,12.0
80,Astrocytes,Spinal cord/r7/r8,Neuroectoderm,Neuroectoderm,9.25,-0.1608,-0.1439,-0.1777,0,12.0
80,Astrocytes,Spinal cord/r7/r8,Neuroectoderm,Neuroectoderm,9.5,-0.1137,-0.1264,-0.101,0,12.0
80,Astrocytes,Spinal cord/r7/r8,Neuroectoderm,Neuroectoderm,9.75,-0.0596,-0.0823,-0.0369,0,12.0
80,Astrocytes,Spinal cord/r7/r8,Neuroectoderm,Neuroectoderm,10.0,-0.0209,-0.0585,0.0166,0,12.0
80,Astrocytes,Spinal cord/r7/r8,Neuroectoderm,Neuroectoderm,10.25,0.0395,-0.0361,0.115,0,12.0
80,Astrocytes,Spinal cord/r7/r8,Neuroectoderm,Neuroectoderm,10.5,0.0825,-0.0119,0.177,0,12.0
80,Astrocytes,Spinal cord/r7/r8,Neuroectoderm,Neuroectoderm,10.75,0.1532,0.036,0.2704,0,12.0
80,Astrocytes,Spinal cord/r7/r8,Neuroectoderm,Neuroectoderm,11.0,0.1966,0.095,0.2983,0,12.0
80,Astrocytes,Spinal cord/r7/r8,Neuroectoderm,Neuroectoderm,11.25,0.2524,0.1438,0.3611,0,12.0
80,Astrocytes,Spinal cord/r7/r8,Neuroectoderm,Neuroectoderm,11.5,0.294,0.1772,0.4109,0,12.0
80,Astrocytes,Spinal cord/r7/r8,Neuroectoderm,Neuroectoderm,11.75,0.3156,0.1793,0.452,0,12.0
80,Astrocytes,Spinal cord/r7/r8,Neuroectoderm,Neuroectoderm,12.0,0.3534,0.2464,0.4604,1,12.0
80,Astrocytes,Spinal cord/r7/r8,Neuroectoderm,Neuroectoderm,12.25,0.4829,0.3838,0.5821,1,12.0
80,Astrocytes,Spinal cord/r7/r8,Neuroectoderm,Neuroectoderm,12.5,0.6634,0.5643,0.7625,1,12.0
80,Astrocytes,Spinal cord/r7/r8,Neuroectoderm,Neuroectoderm,12.75,0.8461,0.7121,0.98,1,12.0
80,Astrocytes,Spinal cord/r7/r8,Neuroectoderm,Neuroectoderm,13.0,1.094,0.9935,1.1945,1,12.0
80,Astrocytes,Spinal cord/r7/r8,Neuroectoderm,Neuroectoderm,13.25,1.3093,1.1645,1.454,1,12.0
81,Kupffer cells,Megakaryocytes,Blood,Blood,7.0,-1.597,-1.581,-1.613,0,12.0
81,Kupffer cells,Megakaryocytes,Blood,Blood,7.25,-1.6761,-1.6905,-1.6617,0,12.0
81,Kupffer cells,Megakaryocytes,Blood,Blood,7.5,-1.739,-1.8228,-1.6553,0,12.0
81,Kupffer cells,Megakaryocytes,Blood,Blood,7.75,-1.7692,-1.8787,-1.6597,0,12.0
81,Kupffer cells,Megakaryocytes,Blood,Blood,8.0,-1.6863,-1.8183,-1.5543,0,12.0
81,Kupffer cells,Megakaryocytes,Blood,Blood,8.25,-1.626,-1.7715,-1.4804,0,12.0
81,Kupffer cells,Megakaryocytes,Blood,Blood,8.5,-1.5443,-1.6633,-1.4253,0,12.0
81,Kupffer cells,Megakaryocytes,Blood,Blood,8.75,-1.4355,-1.5192,-1.3517,0,12.0
81,Kupffer cells,Megakaryocytes,Blood,Blood,9.0,-1.3287,-1.331,-1.3263,0,12.0
81,Kupffer cells,Megakaryocytes,Blood,Blood,9.25,-1.1804,-1.1669,-1.1938,0,12.0
81,Kupffer cells,Megakaryocytes,Blood,Blood,9.5,-1.053,-1.0216,-1.0844,0,12.0
81,Kupffer cells,Megakaryocytes,Blood,Blood,9.75,-0.9165,-0.8617,-0.9713,0,12.0
81,Kupffer cells,Megakaryocytes,Blood,Blood,10.0,-0.723,-0.7066,-0.7394,0,12.0
81,Kupffer cells,Megakaryocytes,Blood,Blood,10.25,-0.581,-0.5535,-0.6086,0,12.0
81,Kupffer cells,Megakaryocytes,Blood,Blood,10.5,-0.3934,-0.4265,-0.3602,0,12.0
81,Kupffer cells,Megakaryocytes,Blood,Blood,10.75,-0.2721,-0.2602,-0.284,0,12.0
81,Kupffer cells,Megakaryocytes,Blood,Blood,11.0,-0.0818,-0.0826,-0.0811,0,12.0
81,Kupffer cells,Megakaryocytes,Blood,Blood,11.25,0.1265,0.1412,0.1118,0,12.0
81,Kupffer cells,Megakaryocytes,Blood,Blood,11.5,0.2646,0.3119,0.2172,0,12.0
81,Kupffer cells,Megakaryocytes,Blood,Blood,11.75,0.4419,0.5693,0.3145,0,12.0
81,Kupffer cells,Megakaryocytes,Blood,Blood,12.0,0.6121,0.779,0.4451,1,12.0
81,Kupffer cells,Megakaryocytes,Blood,Blood,12.25,0.7768,0.9871,0.5666,1,12.0
81,Kupffer cells,Megakaryocytes,Blood,Blood,12.5,0.8846,1.1338,0.6354,1,12.0
81,Kupffer cells,Megakaryocytes,Blood,Blood,12.75,0.9714,1.2589,0.6839,1,12.0
81,Kupffer cells,Megakaryocytes,Blood,Blood,13.0,1.1107,1.4639,0.7575,1,12.0
81,Kupffer cells,Megakaryocytes,Blood,Blood,13.25,1.1581,1.6437,0.6725,0,12.0
82,Hematopoietic stem cells (Cd34+),Microglia,Blood,Blood,7.0,-1.1446,-1.131,-1.1582,0,12.0
82,Hematopoietic stem cells (Cd34+),Microglia,Blood,Blood,7.25,-1.2663,-1.2396,-1.2929,0,12.0
82,Hematopoietic stem cells (Cd34+),Microglia,Blood,Blood,7.5,-1.2864,-1.3039,-1.2689,0,12.0
82,Hematopoietic stem cells (Cd34+),Microglia,Blood,Blood,7.75,-1.2823,-1.2578,-1.3067,0,12.0
82,Hematopoietic stem cells (Cd34+),Microglia,Blood,Blood,8.0,-1.27,-1.2015,-1.3385,0,12.0
82,Hematopoietic stem cells (Cd34+),Microglia,Blood,Blood,8.25,-1.1696,-1.1058,-1.2335,0,12.0
82,Hematopoietic stem cells (Cd34+),Microglia,Blood,Blood,8.5,-1.0918,-1.0174,-1.1662,0,12.0
82,Hematopoietic stem cells (Cd34+),Microglia,Blood,Blood,8.75,-0.9934,-0.9233,-1.0634,0,12.0
82,Hematopoietic stem cells (Cd34+),Microglia,Blood,Blood,9.0,-0.8711,-0.7695,-0.9727,0,12.0
82,Hematopoietic stem cells (Cd34+),Microglia,Blood,Blood,9.25,-0.7153,-0.6295,-0.8011,0,12.0
82,Hematopoietic stem cells (Cd34+),Microglia,Blood,Blood,9.5,-0.6085,-0.5149,-0.7021,0,12.0
82,Hematopoietic stem cells (Cd34+),Microglia,Blood,Blood,9.75,-0.4902,-0.3963,-0.5842,0,12.0
82,Hematopoietic stem cells (Cd34+),Microglia,Blood,Blood,10.0,-0.3334,-0.3027,-0.3641,0,12.0
82,Hematopoietic stem cells (Cd34+),Microglia,Blood,Blood,10.25,-0.2332,-0.1496,-0.3168,0,12.0
82,Hematopoietic stem cells (Cd34+),Microglia,Blood,Blood,10.5,-0.053,0.026,-0.1319,0,12.0
82,Hematopoietic stem cells (Cd34+),Microglia,Blood,Blood,10.75,0.0864,0.1665,0.0064,0,12.0
82,Hematopoietic stem cells (Cd34+),Microglia,Blood,Blood,11.0,0.2092,0.2774,0.141,0,12.0
82,Hematopoietic stem cells (Cd34+),Microglia,Blood,Blood,11.25,0.3282,0.4367,0.2197,0,12.0
82,Hematopoietic stem cells (Cd34+),Microglia,Blood,Blood,11.5,0.4247,0.5229,0.3265,0,12.0
82,Hematopoietic stem cells (Cd34+),Microglia,Blood,Blood,11.75,0.5459,0.6947,0.3972,0,12.0
82,Hematopoietic stem cells (Cd34+),Microglia,Blood,Blood,12.0,0.6675,0.8422,0.4927,1,12.0
82,Hematopoietic stem cells (Cd34+),Microglia,Blood,Blood,12.25,0.7594,0.8832,0.6357,1,12.0
82,Hematopoietic stem cells (Cd34+),Microglia,Blood,Blood,12.5,0.8217,0.9799,0.6636,1,12.0
82,Hematopoietic stem cells (Cd34+),Microglia,Blood,Blood,12.75,0.78,1.0063,0.5538,1,12.0
82,Hematopoietic stem cells (Cd34+),Microglia,Blood,Blood,13.0,0.7843,1.0981,0.4704,0,12.0
82,Hematopoietic stem cells (Cd34+),Microglia,Blood,Blood,13.25,0.9736,1.2426,0.7046,0,12.0
83,Dermatome,Sclerotome,Mesoderm,Mesoderm,7.0,-0.0552,-0.0655,-0.045,0,12.0
83,Dermatome,Sclerotome,Mesoderm,Mesoderm,7.25,-0.0646,-0.0907,-0.0385,0,12.0
83,Dermatome,Sclerotome,Mesoderm,Mesoderm,7.5,-0.0569,-0.0899,-0.0238,0,12.0
83,Dermatome,Sclerotome,Mesoderm,Mesoderm,7.75,-0.064,-0.1018,-0.0262,0,12.0
83,Dermatome,Sclerotome,Mesoderm,Mesoderm,8.0,-0.0656,-0.1008,-0.0304,0,12.0
83,Dermatome,Sclerotome,Mesoderm,Mesoderm,8.25,-0.0584,-0.1076,-0.0091,0,12.0
83,Dermatome,Sclerotome,Mesoderm,Mesoderm,8.5,-0.0515,-0.1085,0.0054,0,12.0
83,Dermatome,Sclerotome,Mesoderm,Mesoderm,8.75,-0.0498,-0.1122,0.0126,0,12.0
83,Dermatome,Sclerotome,Mesoderm,Mesoderm,9.0,-0.0555,-0.1103,-0.0006,0,12.0
83,Dermatome,Sclerotome,Mesoderm,Mesoderm,9.25,-0.0697,-0.1195,-0.02,0,12.0
83,Dermatome,Sclerotome,Mesoderm,Mesoderm,9.5,-0.0621,-0.1069,-0.0172,0,12.0
83,Dermatome,Sclerotome,Mesoderm,Mesoderm,9.75,-0.0527,-0.0954,-0.01,0,12.0
83,Dermatome,Sclerotome,Mesoderm,Mesoderm,10.0,-0.0527,-0.0914,-0.0139,0,12.0
83,Dermatome,Sclerotome,Mesoderm,Mesoderm,10.25,-0.0324,-0.0783,0.0135,0,12.0
83,Dermatome,Sclerotome,Mesoderm,Mesoderm,10.5,-0.0123,-0.0665,0.0419,0,12.0
83,Dermatome,Sclerotome,Mesoderm,Mesoderm,10.75,0.0073,-0.0477,0.0622,0,12.0
83,Dermatome,Sclerotome,Mesoderm,Mesoderm,11.0,0.0248,-0.0213,0.0709,0,12.0
83,Dermatome,Sclerotome,Mesoderm,Mesoderm,11.25,0.0474,-0.0079,0.1027,0,12.0
83,Dermatome,Sclerotome,Mesoderm,Mesoderm,11.5,0.0761,0.0394,0.1128,0,12.0
83,Dermatome,Sclerotome,Mesoderm,Mesoderm,11.75,0.1028,0.086,0.1197,0,12.0
83,Dermatome,Sclerotome,Mesoderm,Mesoderm,12.0,0.1317,0.1257,0.1376,1,12.0
83,Dermatome,Sclerotome,Mesoderm,Mesoderm,12.25,0.1476,0.1748,0.1205,0,12.0
83,Dermatome,Sclerotome,Mesoderm,Mesoderm,12.5,0.2034,0.2455,0.1613,1,12.0
83,Dermatome,Sclerotome,Mesoderm,Mesoderm,12.75,0.2691,0.3307,0.2075,1,12.0
83,Dermatome,Sclerotome,Mesoderm,Mesoderm,13.0,0.4026,0.4646,0.3406,1,12.0
83,Dermatome,Sclerotome,Mesoderm,Mesoderm,13.25,0.5753,0.6442,0.5065,1,12.0
84,Fibroblasts,Sclerotome,Mesoderm,Mesoderm,7.0,-0.0343,-0.0372,-0.0314,0,12.0
84,Fibroblasts,Sclerotome,Mesoderm,Mesoderm,7.25,-0.038,-0.0554,-0.0206,0,12.0
84,Fibroblasts,Sclerotome,Mesoderm,Mesoderm,7.5,-0.0409,-0.0705,-0.0112,0,12.0
84,Fibroblasts,Sclerotome,Mesoderm,Mesoderm,7.75,-0.0451,-0.0807,-0.0096,0,12.0
84,Fibroblasts,Sclerotome,Mesoderm,Mesoderm,8.0,-0.0376,-0.0771,0.0019,0,12.0
84,Fibroblasts,Sclerotome,Mesoderm,Mesoderm,8.25,-0.0294,-0.078,0.0193,0,12.0
84,Fibroblasts,Sclerotome,Mesoderm,Mesoderm,8.5,-0.0268,-0.0798,0.0261,0,12.0
84,Fibroblasts,Sclerotome,Mesoderm,Mesoderm,8.75,-0.0216,-0.0699,0.0268,0,12.0
84,Fibroblasts,Sclerotome,Mesoderm,Mesoderm,9.0,-0.0322,-0.0787,0.0144,0,12.0
84,Fibroblasts,Sclerotome,Mesoderm,Mesoderm,9.25,-0.0405,-0.0837,0.0026,0,12.0
84,Fibroblasts,Sclerotome,Mesoderm,Mesoderm,9.5,-0.0398,-0.0873,0.0077,0,12.0
84,Fibroblasts,Sclerotome,Mesoderm,Mesoderm,9.75,-0.0302,-0.0738,0.0134,0,12.0
84,Fibroblasts,Sclerotome,Mesoderm,Mesoderm,10.0,-0.0316,-0.0769,0.0136,0,12.0
84,Fibroblasts,Sclerotome,Mesoderm,Mesoderm,10.25,-0.026,-0.065,0.013,0,12.0
84,Fibroblasts,Sclerotome,Mesoderm,Mesoderm,10.5,-0.0127,-0.0576,0.0323,0,12.0
84,Fibroblasts,Sclerotome,Mesoderm,Mesoderm,10.75,0.0068,-0.035,0.0487,0,12.0
84,Fibroblasts,Sclerotome,Mesoderm,Mesoderm,11.0,0.0255,-0.0109,0.0619,0,12.0
84,Fibroblasts,Sclerotome,Mesoderm,Mesoderm,11.25,0.0363,0.0039,0.0686,0,12.0
84,Fibroblasts,Sclerotome,Mesoderm,Mesoderm,11.5,0.0522,0.0288,0.0757,0,12.0
84,Fibroblasts,Sclerotome,Mesoderm,Mesoderm,11.75,0.0645,0.0474,0.0816,0,12.0
84,Fibroblasts,Sclerotome,Mesoderm,Mesoderm,12.0,0.0732,0.071,0.0755,1,12.0
84,Fibroblasts,Sclerotome,Mesoderm,Mesoderm,12.25,0.0778,0.0914,0.0642,0,12.0
84,Fibroblasts,Sclerotome,Mesoderm,Mesoderm,12.5,0.0851,0.1141,0.056,0,12.0
84,Fibroblasts,Sclerotome,Mesoderm,Mesoderm,12.75,0.1028,0.1512,0.0544,0,12.0
84,Fibroblasts,Sclerotome,Mesoderm,Mesoderm,13.0,0.1623,0.2275,0.0972,1,12.0
84,Fibroblasts,Sclerotome,Mesoderm,Mesoderm,13.25,0.2572,0.3346,0.1797,1,12.0
85,Branchial arch epithelium,Lung progenitor cells,Surface ectoderm,Endoderm,7.0,-1.4454,-1.4247,-1.466,0,12.25
85,Branchial arch epithelium,Lung progenitor cells,Surface ectoderm,Endoderm,7.25,-1.5418,-1.5342,-1.5494,0,12.25
85,Branchial arch epithelium,Lung progenitor cells,Surface ectoderm,Endoderm,7.5,-1.6479,-1.6293,-1.6665,0,12.25
85,Branchial arch epithelium,Lung progenitor cells,Surface ectoderm,Endoderm,7.75,-1.7746,-1.745,-1.8042,0,12.25
85,Branchial arch epithelium,Lung progenitor cells,Surface ectoderm,Endoderm,8.0,-1.74,-1.7031,-1.7769,0,12.25
85,Branchial arch epithelium,Lung progenitor cells,Surface ectoderm,Endoderm,8.25,-1.7369,-1.6686,-1.8051,0,12.25
85,Branchial arch epithelium,Lung progenitor cells,Surface ectoderm,Endoderm,8.5,-1.685,-1.5386,-1.8313,0,12.25
85,Branchial arch epithelium,Lung progenitor cells,Surface ectoderm,Endoderm,8.75,-1.5993,-1.4679,-1.7307,0,12.25
85,Branchial arch epithelium,Lung progenitor cells,Surface ectoderm,Endoderm,9.0,-1.5412,-1.4106,-1.6719,0,12.25
85,Branchial arch epithelium,Lung progenitor cells,Surface ectoderm,Endoderm,9.25,-1.4377,-1.3344,-1.5411,0,12.25
85,Branchial arch epithelium,Lung progenitor cells,Surface ectoderm,Endoderm,9.5,-1.2919,-1.1784,-1.4055,0,12.25
85,Branchial arch epithelium,Lung progenitor cells,Surface ectoderm,Endoderm,9.75,-1.1505,-1.0286,-1.2724,0,12.25
85,Branchial arch epithelium,Lung progenitor cells,Surface ectoderm,Endoderm,10.0,-1.0076,-0.8914,-1.1238,0,12.25
85,Branchial arch epithelium,Lung progenitor cells,Surface ectoderm,Endoderm,10.25,-0.869,-0.7696,-0.9684,0,12.25
85,Branchial arch epithelium,Lung progenitor cells,Surface ectoderm,Endoderm,10.5,-0.6777,-0.5852,-0.7703,0,12.25
85,Branchial arch epithelium,Lung progenitor cells,Surface ectoderm,Endoderm,10.75,-0.5078,-0.4403,-0.5752,0,12.25
85,Branchial arch epithelium,Lung progenitor cells,Surface ectoderm,Endoderm,11.0,-0.3103,-0.2676,-0.353,0,12.25
85,Branchial arch epithelium,Lung progenitor cells,Surface ectoderm,Endoderm,11.25,-0.1317,-0.1051,-0.1583,0,12.25
85,Branchial arch epithelium,Lung progenitor cells,Surface ectoderm,Endoderm,11.5,0.0252,0.0176,0.0328,0,12.25
85,Branchial arch epithelium,Lung progenitor cells,Surface ectoderm,Endoderm,11.75,0.2162,0.2257,0.2068,0,12.25
85,Branchial arch epithelium,Lung progenitor cells,Surface ectoderm,Endoderm,12.0,0.4341,0.538,0.3301,0,12.25
85,Branchial arch epithelium,Lung progenitor cells,Surface ectoderm,Endoderm,12.25,0.7296,0.8612,0.598,1,12.25
85,Branchial arch epithelium,Lung progenitor cells,Surface ectoderm,Endoderm,12.5,1.0852,1.2305,0.9399,1,12.25
85,Branchial arch epithelium,Lung progenitor cells,Surface ectoderm,Endoderm,12.75,1.4173,1.5564,1.2782,1,12.25
85,Branchial arch epithelium,Lung progenitor cells,Surface ectoderm,Endoderm,13.0,1.846,1.9877,1.7043,1,12.25
85,Branchial arch epithelium,Lung progenitor cells,Surface ectoderm,Endoderm,13.25,2.1922,2.3233,2.0611,1,12.25
86,Midgut/Hindgut epithelial cells,Pancreatic acinar cells,Endoderm,Endoderm,7.0,-1.2388,-1.5362,-0.9413,0,12.25
86,Midgut/Hindgut epithelial cells,Pancreatic acinar cells,Endoderm,Endoderm,7.25,-1.1688,-1.3173,-1.0202,0,12.25
86,Midgut/Hindgut epithelial cells,Pancreatic acinar cells,Endoderm,Endoderm,7.5,-1.1718,-1.2913,-1.0524,0,12.25
86,Midgut/Hindgut epithelial cells,Pancreatic acinar cells,Endoderm,Endoderm,7.75,-1.1473,-1.2011,-1.0935,0,12.25
86,Midgut/Hindgut epithelial cells,Pancreatic acinar cells,Endoderm,Endoderm,8.0,-1.0812,-0.9665,-1.196,0,12.25
86,Midgut/Hindgut epithelial cells,Pancreatic acinar cells,Endoderm,Endoderm,8.25,-1.0685,-0.8906,-1.2465,0,12.25
86,Midgut/Hindgut epithelial cells,Pancreatic acinar cells,Endoderm,Endoderm,8.5,-1.1736,-0.7648,-1.5825,0,12.25
86,Midgut/Hindgut epithelial cells,Pancreatic acinar cells,Endoderm,Endoderm,8.75,-1.1688,-0.8211,-1.5165,0,12.25
86,Midgut/Hindgut epithelial cells,Pancreatic acinar cells,Endoderm,Endoderm,9.0,-0.9947,-0.7115,-1.2779,0,12.25
86,Midgut/Hindgut epithelial cells,Pancreatic acinar cells,Endoderm,Endoderm,9.25,-0.8076,-0.5944,-1.0208,0,12.25
86,Midgut/Hindgut epithelial cells,Pancreatic acinar cells,Endoderm,Endoderm,9.5,-0.6801,-0.6406,-0.7196,0,12.25
86,Midgut/Hindgut epithelial cells,Pancreatic acinar cells,Endoderm,Endoderm,9.75,-0.5608,-0.6088,-0.5128,0,12.25
86,Midgut/Hindgut epithelial cells,Pancreatic acinar cells,Endoderm,Endoderm,10.0,-0.6559,-0.7196,-0.5922,0,12.25
86,Midgut/Hindgut epithelial cells,Pancreatic acinar cells,Endoderm,Endoderm,10.25,-0.5208,-0.4237,-0.6178,0,12.25
86,Midgut/Hindgut epithelial cells,Pancreatic acinar cells,Endoderm,Endoderm,10.5,-0.2174,-0.1349,-0.2999,0,12.25
86,Midgut/Hindgut epithelial cells,Pancreatic acinar cells,Endoderm,Endoderm,10.75,0.0278,0.1271,-0.0714,0,12.25
86,Midgut/Hindgut epithelial cells,Pancreatic acinar cells,Endoderm,Endoderm,11.0,0.3096,0.423,0.1962,0,12.25
86,Midgut/Hindgut epithelial cells,Pancreatic acinar cells,Endoderm,Endoderm,11.25,0.5952,0.7087,0.4817,0,12.25
86,Midgut/Hindgut epithelial cells,Pancreatic acinar cells,Endoderm,Endoderm,11.5,0.8289,0.9079,0.7498,0,12.25
86,Midgut/Hindgut epithelial cells,Pancreatic acinar cells,Endoderm,Endoderm,11.75,1.097,1.1779,1.0161,0,12.25
86,Midgut/Hindgut epithelial cells,Pancreatic acinar cells,Endoderm,Endoderm,12.0,1.3804,1.4803,1.2806,0,12.25
86,Midgut/Hindgut epithelial cells,Pancreatic acinar cells,Endoderm,Endoderm,12.25,1.6956,1.77,1.6211,1,12.25
86,Midgut/Hindgut epithelial cells,Pancreatic acinar cells,Endoderm,Endoderm,12.5,2.0594,2.2372,1.8816,1,12.25
86,Midgut/Hindgut epithelial cells,Pancreatic acinar cells,Endoderm,Endoderm,12.75,1.9422,2.0502,1.8342,0,12.25
86,Midgut/Hindgut epithelial cells,Pancreatic acinar cells,Endoderm,Endoderm,13.0,1.8214,1.965,1.6779,0,12.25
86,Midgut/Hindgut epithelial cells,Pancreatic acinar cells,Endoderm,Endoderm,13.25,1.9183,2.0557,1.781,0,12.25
87,Myelinating Schwann cells,Parasympathetic neurons,Neural crest,Neural crest,7.0,-0.9702,-1.0514,-0.8891,0,12.25
87,Myelinating Schwann cells,Parasympathetic neurons,Neural crest,Neural crest,7.25,-1.0506,-1.0737,-1.0274,0,12.25
87,Myelinating Schwann cells,Parasympathetic neurons,Neural crest,Neural crest,7.5,-1.0832,-1.1214,-1.045,0,12.25
87,Myelinating Schwann cells,Parasympathetic neurons,Neural crest,Neural crest,7.75,-1.0861,-1.0321,-1.1402,0,12.25
87,Myelinating Schwann cells,Parasympathetic neurons,Neural crest,Neural crest,8.0,-0.9636,-0.8935,-1.0337,0,12.25
87,Myelinating Schwann cells,Parasympathetic neurons,Neural crest,Neural crest,8.25,-0.9061,-0.8108,-1.0013,0,12.25
87,Myelinating Schwann cells,Parasympathetic neurons,Neural crest,Neural crest,8.5,-0.8884,-0.777,-0.9998,0,12.25
87,Myelinating Schwann cells,Parasympathetic neurons,Neural crest,Neural crest,8.75,-0.8446,-0.7693,-0.92,0,12.25
87,Myelinating Schwann cells,Parasympathetic neurons,Neural crest,Neural crest,9.0,-0.8553,-0.7906,-0.92,0,12.25
87,Myelinating Schwann cells,Parasympathetic neurons,Neural crest,Neural crest,9.25,-0.7974,-0.7422,-0.8525,0,12.25
87,Myelinating Schwann cells,Parasympathetic neurons,Neural crest,Neural crest,9.5,-0.7035,-0.6104,-0.7966,0,12.25
87,Myelinating Schwann cells,Parasympathetic neurons,Neural crest,Neural crest,9.75,-0.6214,-0.529,-0.7137,0,12.25
87,Myelinating Schwann cells,Parasympathetic neurons,Neural crest,Neural crest,10.0,-0.4828,-0.3935,-0.572,0,12.25
87,Myelinating Schwann cells,Parasympathetic neurons,Neural crest,Neural crest,10.25,-0.3775,-0.3806,-0.3745,0,12.25
87,Myelinating Schwann cells,Parasympathetic neurons,Neural crest,Neural crest,10.5,-0.2167,-0.2678,-0.1656,0,12.25
87,Myelinating Schwann cells,Parasympathetic neurons,Neural crest,Neural crest,10.75,-0.1263,-0.1162,-0.1364,0,12.25
87,Myelinating Schwann cells,Parasympathetic neurons,Neural crest,Neural crest,11.0,0.0459,0.0187,0.0731,0,12.25
87,Myelinating Schwann cells,Parasympathetic neurons,Neural crest,Neural crest,11.25,0.2013,0.1077,0.2949,0,12.25
87,Myelinating Schwann cells,Parasympathetic neurons,Neural crest,Neural crest,11.5,0.2524,0.1895,0.3154,0,12.25
87,Myelinating Schwann cells,Parasympathetic neurons,Neural crest,Neural crest,11.75,0.4124,0.4083,0.4164,0,12.25
87,Myelinating Schwann cells,Parasympathetic neurons,Neural crest,Neural crest,12.0,0.5845,0.5823,0.5867,0,12.25
87,Myelinating Schwann cells,Parasympathetic neurons,Neural crest,Neural crest,12.25,0.8643,0.8457,0.883,1,12.25
87,Myelinating Schwann cells,Parasympathetic neurons,Neural crest,Neural crest,12.5,1.1293,1.0938,1.1648,1,12.25
87,Myelinating Schwann cells,Parasympathetic neurons,Neural crest,Neural crest,12.75,1.4096,1.3574,1.4618,1,12.25
87,Myelinating Schwann cells,Parasympathetic neurons,Neural crest,Neural crest,13.0,1.6618,1.6326,1.691,1,12.25
87,Myelinating Schwann cells,Parasympathetic neurons,Neural crest,Neural crest,13.25,1.9297,1.8246,2.0349,1,12.25
88,Myelinating Schwann cells,Sympathetic neurons,Neural crest,Neural crest,7.0,-0.7652,-0.7366,-0.7938,0,12.25
88,Myelinating Schwann cells,Sympathetic neurons,Neural crest,Neural crest,7.25,-0.8495,-0.802,-0.897,0,12.25
88,Myelinating Schwann cells,Sympathetic neurons,Neural crest,Neural crest,7.5,-0.8815,-0.8215,-0.9414,0,12.25
88,Myelinating Schwann cells,Sympathetic neurons,Neural crest,Neural crest,7.75,-0.8491,-0.7711,-0.9271,0,12.25
88,Myelinating Schwann cells,Sympathetic neurons,Neural crest,Neural crest,8.0,-0.7946,-0.7208,-0.8684,0,12.25
88,Myelinating Schwann cells,Sympathetic neurons,Neural crest,Neural crest,8.25,-0.7277,-0.6576,-0.7978,0,12.25
88,Myelinating Schwann cells,Sympathetic neurons,Neural crest,Neural crest,8.5,-0.6177,-0.5888,-0.6466,0,12.25
88,Myelinating Schwann cells,Sympathetic neurons,Neural crest,Neural crest,8.75,-0.5409,-0.5082,-0.5736,0,12.25
88,Myelinating Schwann cells,Sympathetic neurons,Neural crest,Neural crest,9.0,-0.4402,-0.41,-0.4703,0,12.25
88,Myelinating Schwann cells,Sympathetic neurons,Neural crest,Neural crest,9.25,-0.3626,-0.3444,-0.3808,0,12.25
88,Myelinating Schwann cells,Sympathetic neurons,Neural crest,Neural crest,9.5,-0.3026,-0.2829,-0.3223,0,12.25
88,Myelinating Schwann cells,Sympathetic neurons,Neural crest,Neural crest,9.75,-0.2005,-0.1981,-0.203,0,12.25
88,Myelinating Schwann cells,Sympathetic neurons,Neural crest,Neural crest,10.0,-0.0879,-0.1121,-0.0636,0,12.25
88,Myelinating Schwann cells,Sympathetic neurons,Neural crest,Neural crest,10.25,0.0006,-0.0617,0.063,0,12.25
88,Myelinating Schwann cells,Sympathetic neurons,Neural crest,Neural crest,10.5,0.148,0.0623,0.2336,0,12.25
88,Myelinating Schwann cells,Sympathetic neurons,Neural crest,Neural crest,10.75,0.2003,0.1189,0.2817,0,12.25
88,Myelinating Schwann cells,Sympathetic neurons,Neural crest,Neural crest,11.0,0.217,0.2044,0.2297,0,12.25
88,Myelinating Schwann cells,Sympathetic neurons,Neural crest,Neural crest,11.25,0.3014,0.3117,0.291,0,12.25
88,Myelinating Schwann cells,Sympathetic neurons,Neural crest,Neural crest,11.5,0.3715,0.3908,0.3521,0,12.25
88,Myelinating Schwann cells,Sympathetic neurons,Neural crest,Neural crest,11.75,0.4641,0.4946,0.4337,0,12.25
88,Myelinating Schwann cells,Sympathetic neurons,Neural crest,Neural crest,12.0,0.5226,0.5916,0.4535,0,12.25
88,Myelinating Schwann cells,Sympathetic neurons,Neural crest,Neural crest,12.25,0.6769,0.6864,0.6673,1,12.25
88,Myelinating Schwann cells,Sympathetic neurons,Neural crest,Neural crest,12.5,0.7877,0.857,0.7183,1,12.25
88,Myelinating Schwann cells,Sympathetic neurons,Neural crest,Neural crest,12.75,1.0988,1.0941,1.1035,1,12.25
88,Myelinating Schwann cells,Sympathetic neurons,Neural crest,Neural crest,13.0,1.4559,1.4481,1.4636,1,12.25
88,Myelinating Schwann cells,Sympathetic neurons,Neural crest,Neural crest,13.25,1.6739,1.6662,1.6816,1,12.25
89,Border-associated macrophages,Megakaryocytes,Blood,Blood,7.0,-1.5571,-1.5409,-1.5733,0,12.25
89,Border-associated macrophages,Megakaryocytes,Blood,Blood,7.25,-1.7302,-1.7114,-1.749,0,12.25
89,Border-associated macrophages,Megakaryocytes,Blood,Blood,7.5,-1.8518,-1.8898,-1.8138,0,12.25
89,Border-associated macrophages,Megakaryocytes,Blood,Blood,7.75,-1.8724,-1.9604,-1.7845,0,12.25
89,Border-associated macrophages,Megakaryocytes,Blood,Blood,8.0,-1.8983,-2.0056,-1.7909,0,12.25
89,Border-associated macrophages,Megakaryocytes,Blood,Blood,8.25,-1.8795,-1.9811,-1.7779,0,12.25
89,Border-associated macrophages,Megakaryocytes,Blood,Blood,8.5,-1.8603,-1.9669,-1.7537,0,12.25
89,Border-associated macrophages,Megakaryocytes,Blood,Blood,8.75,-1.8214,-1.9097,-1.733,0,12.25
89,Border-associated macrophages,Megakaryocytes,Blood,Blood,9.0,-1.7392,-1.7838,-1.6947,0,12.25
89,Border-associated macrophages,Megakaryocytes,Blood,Blood,9.25,-1.6169,-1.637,-1.5969,0,12.25
89,Border-associated macrophages,Megakaryocytes,Blood,Blood,9.5,-1.506,-1.5008,-1.5112,0,12.25
89,Border-associated macrophages,Megakaryocytes,Blood,Blood,9.75,-1.3814,-1.3584,-1.4045,0,12.25
89,Border-associated macrophages,Megakaryocytes,Blood,Blood,10.0,-1.2038,-1.2015,-1.2061,0,12.25
89,Border-associated macrophages,Megakaryocytes,Blood,Blood,10.25,-1.0738,-1.0724,-1.0751,0,12.25
89,Border-associated macrophages,Megakaryocytes,Blood,Blood,10.5,-0.9129,-0.8784,-0.9475,0,12.25
89,Border-associated macrophages,Megakaryocytes,Blood,Blood,10.75,-0.7577,-0.7416,-0.7738,0,12.25
89,Border-associated macrophages,Megakaryocytes,Blood,Blood,11.0,-0.5533,-0.5671,-0.5395,0,12.25
89,Border-associated macrophages,Megakaryocytes,Blood,Blood,11.25,-0.3495,-0.3214,-0.3775,0,12.25
89,Border-associated macrophages,Megakaryocytes,Blood,Blood,11.5,-0.1684,-0.1054,-0.2313,0,12.25
89,Border-associated macrophages,Megakaryocytes,Blood,Blood,11.75,0.0403,0.1188,-0.0382,0,12.25
89,Border-associated macrophages,Megakaryocytes,Blood,Blood,12.0,0.251,0.3528,0.1491,0,12.25
89,Border-associated macrophages,Megakaryocytes,Blood,Blood,12.25,0.4502,0.5785,0.3219,1,12.25
89,Border-associated macrophages,Megakaryocytes,Blood,Blood,12.5,0.6123,0.821,0.4036,1,12.25
89,Border-associated macrophages,Megakaryocytes,Blood,Blood,12.75,0.7805,1.0614,0.4997,1,12.25
89,Border-associated macrophages,Megakaryocytes,Blood,Blood,13.0,0.9238,1.2592,0.5883,1,12.25
89,Border-associated macrophages,Megakaryocytes,Blood,Blood,13.25,1.0085,1.3503,0.6668,1,12.25
90,Astrocytes,GABAergic neurons,Neuroectoderm,Neuroectoderm,7.0,-0.1668,-0.2197,-0.1138,0,12.25
90,Astrocytes,GABAergic neurons,Neuroectoderm,Neuroectoderm,7.25,-0.1903,-0.2847,-0.0959,0,12.25
90,Astrocytes,GABAergic neurons,Neuroectoderm,Neuroectoderm,7.5,-0.1993,-0.2861,-0.1126,0,12.25
90,Astrocytes,GABAergic neurons,Neuroectoderm,Neuroectoderm,7.75,-0.2061,-0.2832,-0.129,0,12.25
90,Astrocytes,GABAergic neurons,Neuroectoderm,Neuroectoderm,8.0,-0.2207,-0.2859,-0.1555,0,12.25
90,Astrocytes,GABAergic neurons,Neuroectoderm,Neuroectoderm,8.25,-0.2294,-0.2949,-0.1639,0,12.25
90,Astrocytes,GABAergic neurons,Neuroectoderm,Neuroectoderm,8.5,-0.2268,-0.2806,-0.1731,0,12.25
90,Astrocytes,GABAergic neurons,Neuroectoderm,Neuroectoderm,8.75,-0.2126,-0.2517,-0.1734,0,12.25
90,Astrocytes,GABAergic neurons,Neuroectoderm,Neuroectoderm,9.0,-0.196,-0.2405,-0.1514,0,12.25
90,Astrocytes,GABAergic neurons,Neuroectoderm,Neuroectoderm,9.25,-0.187,-0.2295,-0.1445,0,12.25
90,Astrocytes,GABAergic neurons,Neuroectoderm,Neuroectoderm,9.5,-0.1524,-0.1938,-0.1109,0,12.25
90,Astrocytes,GABAergic neurons,Neuroectoderm,Neuroectoderm,9.75,-0.1288,-0.1551,-0.1025,0,12.25
90,Astrocytes,GABAergic neurons,Neuroectoderm,Neuroectoderm,10.0,-0.0983,-0.127,-0.0696,0,12.25
90,Astrocytes,GABAergic neurons,Neuroectoderm,Neuroectoderm,10.25,-0.0524,-0.091,-0.0137,0,12.25
90,Astrocytes,GABAergic neurons,Neuroectoderm,Neuroectoderm,10.5,-0.0073,-0.0477,0.0331,0,12.25
90,Astrocytes,GABAergic neurons,Neuroectoderm,Neuroectoderm,10.75,0.0388,-0.0213,0.0989,0,12.25
90,Astrocytes,GABAergic neurons,Neuroectoderm,Neuroectoderm,11.0,0.0878,0.015,0.1606,0,12.25
90,Astrocytes,GABAergic neurons,Neuroectoderm,Neuroectoderm,11.25,0.1269,0.0424,0.2113,0,12.25
90,Astrocytes,GABAergic neurons,Neuroectoderm,Neuroectoderm,11.5,0.162,0.0741,0.25,0,12.25
90,Astrocytes,GABAergic neurons,Neuroectoderm,Neuroectoderm,11.75,0.1908,0.1,0.2816,0,12.25
90,Astrocytes,GABAergic neurons,Neuroectoderm,Neuroectoderm,12.0,0.2312,0.1478,0.3145,0,12.25
90,Astrocytes,GABAergic neurons,Neuroectoderm,Neuroectoderm,12.25,0.2629,0.1939,0.3319,1,12.25
90,Astrocytes,GABAergic neurons,Neuroectoderm,Neuroectoderm,12.5,0.3275,0.2902,0.3649,1,12.25
90,Astrocytes,GABAergic neurons,Neuroectoderm,Neuroectoderm,12.75,0.4075,0.3809,0.434,1,12.25
90,Astrocytes,GABAergic neurons,Neuroectoderm,Neuroectoderm,13.0,0.5693,0.5058,0.6327,1,12.25
90,Astrocytes,GABAergic neurons,Neuroectoderm,Neuroectoderm,13.25,0.7304,0.6503,0.8106,1,12.25
91,Telencephalon,Intermediate neuronal progenitors,Neuroectoderm,Neuroectoderm,7.0,-0.8853,-0.935,-0.8356,0,12.25
91,Telencephalon,Intermediate neuronal progenitors,Neuroectoderm,Neuroectoderm,7.25,-1.0435,-1.0718,-1.0152,0,12.25
91,Telencephalon,Intermediate neuronal progenitors,Neuroectoderm,Neuroectoderm,7.5,-1.1449,-1.1543,-1.1355,0,12.25
91,Telencephalon,Intermediate neuronal progenitors,Neuroectoderm,Neuroectoderm,7.75,-1.2226,-1.2526,-1.1926,0,12.25
91,Telencephalon,Intermediate neuronal progenitors,Neuroectoderm,Neuroectoderm,8.0,-1.2614,-1.3055,-1.2173,0,12.25
91,Telencephalon,Intermediate neuronal progenitors,Neuroectoderm,Neuroectoderm,8.25,-1.2618,-1.327,-1.1965,0,12.25
91,Telencephalon,Intermediate neuronal progenitors,Neuroectoderm,Neuroectoderm,8.5,-1.2522,-1.334,-1.1704,0,12.25
91,Telencephalon,Intermediate neuronal progenitors,Neuroectoderm,Neuroectoderm,8.75,-1.2049,-1.3069,-1.103,0,12.25
91,Telencephalon,Intermediate neuronal progenitors,Neuroectoderm,Neuroectoderm,9.0,-1.1415,-1.262,-1.0209,0,12.25
91,Telencephalon,Intermediate neuronal progenitors,Neuroectoderm,Neuroectoderm,9.25,-1.0623,-1.21,-0.9145,0,12.25
91,Telencephalon,Intermediate neuronal progenitors,Neuroectoderm,Neuroectoderm,9.5,-0.9687,-1.1272,-0.8101,0,12.25
91,Telencephalon,Intermediate neuronal progenitors,Neuroectoderm,Neuroectoderm,9.75,-0.8734,-1.0443,-0.7025,0,12.25
91,Telencephalon,Intermediate neuronal progenitors,Neuroectoderm,Neuroectoderm,10.0,-0.7805,-0.9557,-0.6053,0,12.25
91,Telencephalon,Intermediate neuronal progenitors,Neuroectoderm,Neuroectoderm,10.25,-0.6715,-0.8328,-0.5101,0,12.25
91,Telencephalon,Intermediate neuronal progenitors,Neuroectoderm,Neuroectoderm,10.5,-0.5659,-0.7141,-0.4177,0,12.25
91,Telencephalon,Intermediate neuronal progenitors,Neuroectoderm,Neuroectoderm,10.75,-0.4545,-0.5848,-0.3242,0,12.25
91,Telencephalon,Intermediate neuronal progenitors,Neuroectoderm,Neuroectoderm,11.0,-0.3519,-0.4682,-0.2355,0,12.25
91,Telencephalon,Intermediate neuronal progenitors,Neuroectoderm,Neuroectoderm,11.25,-0.2365,-0.3431,-0.1298,0,12.25
91,Telencephalon,Intermediate neuronal progenitors,Neuroectoderm,Neuroectoderm,11.5,-0.1197,-0.2038,-0.0356,0,12.25
91,Telencephalon,Intermediate neuronal progenitors,Neuroectoderm,Neuroectoderm,11.75,-0.0316,-0.0973,0.0341,0,12.25
91,Telencephalon,Intermediate neuronal progenitors,Neuroectoderm,Neuroectoderm,12.0,0.0692,0.0221,0.1162,0,12.25
91,Telencephalon,Intermediate neuronal progenitors,Neuroectoderm,Neuroectoderm,12.25,0.1471,0.1376,0.1565,1,12.25
91,Telencephalon,Intermediate neuronal progenitors,Neuroectoderm,Neuroectoderm,12.5,0.2305,0.2475,0.2135,1,12.25
91,Telencephalon,Intermediate neuronal progenitors,Neuroectoderm,Neuroectoderm,12.75,0.301,0.3609,0.241,1,12.25
91,Telencephalon,Intermediate neuronal progenitors,Neuroectoderm,Neuroectoderm,13.0,0.3994,0.4828,0.316,1,12.25
91,Telencephalon,Intermediate neuronal progenitors,Neuroectoderm,Neuroectoderm,13.25,0.5343,0.6503,0.4182,1,12.25
92,GABAergic neurons,Glutamatergic neurons,Neuroectoderm,Neuroectoderm,7.0,-0.1505,-0.1814,-0.1196,0,12.25
92,GABAergic neurons,Glutamatergic neurons,Neuroectoderm,Neuroectoderm,7.25,-0.2166,-0.2638,-0.1693,0,12.25
92,GABAergic neurons,Glutamatergic neurons,Neuroectoderm,Neuroectoderm,7.5,-0.2477,-0.2963,-0.1992,0,12.25
92,GABAergic neurons,Glutamatergic neurons,Neuroectoderm,Neuroectoderm,7.75,-0.277,-0.3215,-0.2325,0,12.25
92,GABAergic neurons,Glutamatergic neurons,Neuroectoderm,Neuroectoderm,8.0,-0.2855,-0.3465,-0.2246,0,12.25
92,GABAergic neurons,Glutamatergic neurons,Neuroectoderm,Neuroectoderm,8.25,-0.2924,-0.3573,-0.2275,0,12.25
92,GABAergic neurons,Glutamatergic neurons,Neuroectoderm,Neuroectoderm,8.5,-0.2799,-0.345,-0.2149,0,12.25
92,GABAergic neurons,Glutamatergic neurons,Neuroectoderm,Neuroectoderm,8.75,-0.2702,-0.3358,-0.2047,0,12.25
92,GABAergic neurons,Glutamatergic neurons,Neuroectoderm,Neuroectoderm,9.0,-0.2554,-0.321,-0.1898,0,12.25
92,GABAergic neurons,Glutamatergic neurons,Neuroectoderm,Neuroectoderm,9.25,-0.236,-0.3026,-0.1694,0,12.25
92,GABAergic neurons,Glutamatergic neurons,Neuroectoderm,Neuroectoderm,9.5,-0.2224,-0.2842,-0.1606,0,12.25
92,GABAergic neurons,Glutamatergic neurons,Neuroectoderm,Neuroectoderm,9.75,-0.1977,-0.2532,-0.1422,0,12.25
92,GABAergic neurons,Glutamatergic neurons,Neuroectoderm,Neuroectoderm,10.0,-0.1771,-0.2266,-0.1275,0,12.25
92,GABAergic neurons,Glutamatergic neurons,Neuroectoderm,Neuroectoderm,10.25,-0.1526,-0.1971,-0.1081,0,12.25
92,GABAergic neurons,Glutamatergic neurons,Neuroectoderm,Neuroectoderm,10.5,-0.1231,-0.1628,-0.0834,0,12.25
92,GABAergic neurons,Glutamatergic neurons,Neuroectoderm,Neuroectoderm,10.75,-0.0951,-0.1332,-0.057,0,12.25
92,GABAergic neurons,Glutamatergic neurons,Neuroectoderm,Neuroectoderm,11.0,-0.0596,-0.1028,-0.0164,0,12.25
92,GABAergic neurons,Glutamatergic neurons,Neuroectoderm,Neuroectoderm,11.25,-0.0303,-0.0762,0.0155,0,12.25
92,GABAergic neurons,Glutamatergic neurons,Neuroectoderm,Neuroectoderm,11.5,0.0042,-0.0426,0.051,0,12.25
92,GABAergic neurons,Glutamatergic neurons,Neuroectoderm,Neuroectoderm,11.75,0.0352,-0.0038,0.0741,0,12.25
92,GABAergic neurons,Glutamatergic neurons,Neuroectoderm,Neuroectoderm,12.0,0.059,0.0278,0.0903,0,12.25
92,GABAergic neurons,Glutamatergic neurons,Neuroectoderm,Neuroectoderm,12.25,0.0746,0.0575,0.0918,1,12.25
92,GABAergic neurons,Glutamatergic neurons,Neuroectoderm,Neuroectoderm,12.5,0.0913,0.0898,0.0929,1,12.25
92,GABAergic neurons,Glutamatergic neurons,Neuroectoderm,Neuroectoderm,12.75,0.1016,0.118,0.0851,1,12.25
92,GABAergic neurons,Glutamatergic neurons,Neuroectoderm,Neuroectoderm,13.0,0.1246,0.1589,0.0903,1,12.25
92,GABAergic neurons,Glutamatergic neurons,Neuroectoderm,Neuroectoderm,13.25,0.1897,0.2365,0.1428,1,12.25
93,Dorsal root ganglion neurons,Myelinating Schwann cells,Neural crest,Neural crest,7.0,-0.2355,-0.2706,-0.2005,0,12.5
93,Dorsal root ganglion neurons,Myelinating Schwann cells,Neural crest,Neural crest,7.25,-0.2501,-0.2595,-0.2406,0,12.5
93,Dorsal root ganglion neurons,Myelinating Schwann cells,Neural crest,Neural crest,7.5,-0.2843,-0.2161,-0.3526,0,12.5
93,Dorsal root ganglion neurons,Myelinating Schwann cells,Neural crest,Neural crest,7.75,-0.2842,-0.2318,-0.3365,0,12.5
93,Dorsal root ganglion neurons,Myelinating Schwann cells,Neural crest,Neural crest,8.0,-0.1725,-0.1259,-0.219,0,12.5
93,Dorsal root ganglion neurons,Myelinating Schwann cells,Neural crest,Neural crest,8.25,-0.1602,-0.0614,-0.2591,0,12.5
93,Dorsal root ganglion neurons,Myelinating Schwann cells,Neural crest,Neural crest,8.5,-0.124,-0.0353,-0.2127,0,12.5
93,Dorsal root ganglion neurons,Myelinating Schwann cells,Neural crest,Neural crest,8.75,-0.0979,0.0125,-0.2082,0,12.5
93,Dorsal root ganglion neurons,Myelinating Schwann cells,Neural crest,Neural crest,9.0,-0.0126,0.0784,-0.1037,0,12.5
93,Dorsal root ganglion neurons,Myelinating Schwann cells,Neural crest,Neural crest,9.25,0.0693,0.169,-0.0305,0,12.5
93,Dorsal root ganglion neurons,Myelinating Schwann cells,Neural crest,Neural crest,9.5,0.1322,0.186,0.0784,0,12.5
93,Dorsal root ganglion neurons,Myelinating Schwann cells,Neural crest,Neural crest,9.75,0.2151,0.2617,0.1685,0,12.5
93,Dorsal root ganglion neurons,Myelinating Schwann cells,Neural crest,Neural crest,10.0,0.295,0.3176,0.2723,0,12.5
93,Dorsal root ganglion neurons,Myelinating Schwann cells,Neural crest,Neural crest,10.25,0.3558,0.364,0.3477,0,12.5
93,Dorsal root ganglion neurons,Myelinating Schwann cells,Neural crest,Neural crest,10.5,0.4765,0.4219,0.531,0,12.5
93,Dorsal root ganglion neurons,Myelinating Schwann cells,Neural crest,Neural crest,10.75,0.4915,0.5616,0.4214,0,12.5
93,Dorsal root ganglion neurons,Myelinating Schwann cells,Neural crest,Neural crest,11.0,0.4571,0.674,0.2402,0,12.5
93,Dorsal root ganglion neurons,Myelinating Schwann cells,Neural crest,Neural crest,11.25,0.5475,0.6986,0.3964,0,12.5
93,Dorsal root ganglion neurons,Myelinating Schwann cells,Neural crest,Neural crest,11.5,0.447,0.6644,0.2296,0,12.5
93,Dorsal root ganglion neurons,Myelinating Schwann cells,Neural crest,Neural crest,11.75,0.5676,0.7723,0.3629,0,12.5
93,Dorsal root ganglion neurons,Myelinating Schwann cells,Neural crest,Neural crest,12.0,0.647,0.8051,0.4889,0,12.5
93,Dorsal root ganglion neurons,Myelinating Schwann cells,Neural crest,Neural crest,12.25,0.9338,0.9047,0.9629,0,12.5
93,Dorsal root ganglion neurons,Myelinating Schwann cells,Neural crest,Neural crest,12.5,1.2778,1.2838,1.2718,1,12.5
93,Dorsal root ganglion neurons,Myelinating Schwann cells,Neural crest,Neural crest,12.75,1.6041,1.7254,1.4828,1,12.5
93,Dorsal root ganglion neurons,Myelinating Schwann cells,Neural crest,Neural crest,13.0,1.4167,1.6295,1.2039,0,12.5
93,Dorsal root ganglion neurons,Myelinating Schwann cells,Neural crest,Neural crest,13.25,1.664,1.8616,1.4665,1,12.5
94,Spinal cord/r7/r8,Spinal cord motor neurons,Neuroectoderm,Neuroectoderm,7.0,-0.3341,-0.3956,-0.2726,0,12.5
94,Spinal cord/r7/r8,Spinal cord motor neurons,Neuroectoderm,Neuroectoderm,7.25,-0.3681,-0.4216,-0.3146,0,12.5
94,Spinal cord/r7/r8,Spinal cord motor neurons,Neuroectoderm,Neuroectoderm,7.5,-0.3801,-0.4434,-0.3168,0,12.5
94,Spinal cord/r7/r8,Spinal cord motor neurons,Neuroectoderm,Neuroectoderm,7.75,-0.3772,-0.4211,-0.3333,0,12.5
94,Spinal cord/r7/r8,Spinal cord motor neurons,Neuroectoderm,Neuroectoderm,8.0,-0.3577,-0.3857,-0.3298,0,12.5
94,Spinal cord/r7/r8,Spinal cord motor neurons,Neuroectoderm,Neuroectoderm,8.25,-0.3378,-0.3504,-0.3253,0,12.5
94,Spinal cord/r7/r8,Spinal cord motor neurons,Neuroectoderm,Neuroectoderm,8.5,-0.3288,-0.3166,-0.341,0,12.5
94,Spinal cord/r7/r8,Spinal cord motor neurons,Neuroectoderm,Neuroectoderm,8.75,-0.3267,-0.2903,-0.3631,0,12.5
94,Spinal cord/r7/r8,Spinal cord motor neurons,Neuroectoderm,Neuroectoderm,9.0,-0.32,-0.3082,-0.3318,0,12.5
94,Spinal cord/r7/r8,Spinal cord motor neurons,Neuroectoderm,Neuroectoderm,9.25,-0.2917,-0.2875,-0.2959,0,12.5
94,Spinal cord/r7/r8,Spinal cord motor neurons,Neuroectoderm,Neuroectoderm,9.5,-0.2284,-0.2157,-0.2411,0,12.5
94,Spinal cord/r7/r8,Spinal cord motor neurons,Neuroectoderm,Neuroectoderm,9.75,-0.1715,-0.1844,-0.1585,0,12.5
94,Spinal cord/r7/r8,Spinal cord motor neurons,Neuroectoderm,Neuroectoderm,10.0,-0.1827,-0.2014,-0.164,0,12.5
94,Spinal cord/r7/r8,Spinal cord motor neurons,Neuroectoderm,Neuroectoderm,10.25,-0.0795,-0.1022,-0.0568,0,12.5
94,Spinal cord/r7/r8,Spinal cord motor neurons,Neuroectoderm,Neuroectoderm,10.5,-0.0318,-0.0404,-0.0231,0,12.5
94,Spinal cord/r7/r8,Spinal cord motor neurons,Neuroectoderm,Neuroectoderm,10.75,-0.0025,-0.0232,0.0181,0,12.5
94,Spinal cord/r7/r8,Spinal cord motor neurons,Neuroectoderm,Neuroectoderm,11.0,0.0604,0.025,0.0959,0,12.5
94,Spinal cord/r7/r8,Spinal cord motor neurons,Neuroectoderm,Neuroectoderm,11.25,0.1414,0.1418,0.141,0,12.5
94,Spinal cord/r7/r8,Spinal cord motor neurons,Neuroectoderm,Neuroectoderm,11.5,0.1878,0.1719,0.2037,0,12.5
94,Spinal cord/r7/r8,Spinal cord motor neurons,Neuroectoderm,Neuroectoderm,11.75,0.2416,0.165,0.3182,0,12.5
94,Spinal cord/r7/r8,Spinal cord motor neurons,Neuroectoderm,Neuroectoderm,12.0,0.3093,0.2167,0.4019,0,12.5
94,Spinal cord/r7/r8,Spinal cord motor neurons,Neuroectoderm,Neuroectoderm,12.25,0.4318,0.4141,0.4495,0,12.5
94,Spinal cord/r7/r8,Spinal cord motor neurons,Neuroectoderm,Neuroectoderm,12.5,0.6315,0.5652,0.6977,1,12.5
94,Spinal cord/r7/r8,Spinal cord motor neurons,Neuroectoderm,Neuroectoderm,12.75,0.9371,0.8314,1.0427,1,12.5
94,Spinal cord/r7/r8,Spinal cord motor neurons,Neuroectoderm,Neuroectoderm,13.0,1.0042,0.9304,1.0781,1,12.5
94,Spinal cord/r7/r8,Spinal cord motor neurons,Neuroectoderm,Neuroectoderm,13.25,1.0803,0.9222,1.2384,1,12.5
95,Neural crest (PNS glia),Sympathetic neurons,Neural crest,Neural crest,7.0,-0.7498,-0.7415,-0.7581,0,12.75
95,Neural crest (PNS glia),Sympathetic neurons,Neural crest,Neural crest,7.25,-0.8,-0.8198,-0.7803,0,12.75
95,Neural crest (PNS glia),Sympathetic neurons,Neural crest,Neural crest,7.5,-0.8803,-0.8542,-0.9064,0,12.75
95,Neural crest (PNS glia),Sympathetic neurons,Neural crest,Neural crest,7.75,-0.8559,-0.8218,-0.89,0,12.75
95,Neural crest (PNS glia),Sympathetic neurons,Neural crest,Neural crest,8.0,-0.8479,-0.787,-0.9088,0,12.75
95,Neural crest (PNS glia),Sympathetic neurons,Neural crest,Neural crest,8.25,-0.8237,-0.7461,-0.9012,0,12.75
95,Neural crest (PNS glia),Sympathetic neurons,Neural crest,Neural crest,8.5,-0.717,-0.6684,-0.7656,0,12.75
95,Neural crest (PNS glia),Sympathetic neurons,Neural crest,Neural crest,8.75,-0.6657,-0.6258,-0.7055,0,12.75
95,Neural crest (PNS glia),Sympathetic neurons,Neural crest,Neural crest,9.0,-0.6038,-0.5654,-0.6422,0,12.75
95,Neural crest (PNS glia),Sympathetic neurons,Neural crest,Neural crest,9.25,-0.5593,-0.5192,-0.5994,0,12.75
95,Neural crest (PNS glia),Sympathetic neurons,Neural crest,Neural crest,9.5,-0.5146,-0.4504,-0.5789,0,12.75
95,Neural crest (PNS glia),Sympathetic neurons,Neural crest,Neural crest,9.75,-0.3732,-0.3372,-0.4093,0,12.75
95,Neural crest (PNS glia),Sympathetic neurons,Neural crest,Neural crest,10.0,-0.2543,-0.3063,-0.2022,0,12.75
95,Neural crest (PNS glia),Sympathetic neurons,Neural crest,Neural crest,10.25,-0.2045,-0.2956,-0.1133,0,12.75
95,Neural crest (PNS glia),Sympathetic neurons,Neural crest,Neural crest,10.5,-0.0891,-0.1855,0.0073,0,12.75
95,Neural crest (PNS glia),Sympathetic neurons,Neural crest,Neural crest,10.75,-0.0045,-0.0911,0.082,0,12.75
95,Neural crest (PNS glia),Sympathetic neurons,Neural crest,Neural crest,11.0,0.021,0.0143,0.0277,0,12.75
95,Neural crest (PNS glia),Sympathetic neurons,Neural crest,Neural crest,11.25,0.1356,0.0943,0.1769,0,12.75
95,Neural crest (PNS glia),Sympathetic neurons,Neural crest,Neural crest,11.5,0.1797,0.1644,0.195,0,12.75
95,Neural crest (PNS glia),Sympathetic neurons,Neural crest,Neural crest,11.75,0.2862,0.3157,0.2568,0,12.75
95,Neural crest (PNS glia),Sympathetic neurons,Neural crest,Neural crest,12.0,0.4639,0.5345,0.3932,0,12.75
95,Neural crest (PNS glia),Sympathetic neurons,Neural crest,Neural crest,12.25,0.5975,0.7175,0.4776,0,12.75
95,Neural crest (PNS glia),Sympathetic neurons,Neural crest,Neural crest,12.5,0.7383,0.8542,0.6224,0,12.75
95,Neural crest (PNS glia),Sympathetic neurons,Neural crest,Neural crest,12.75,1.1671,1.1421,1.1922,1,12.75
95,Neural crest (PNS glia),Sympathetic neurons,Neural crest,Neural crest,13.0,1.5307,1.5066,1.5549,1,12.75
95,Neural crest (PNS glia),Sympathetic neurons,Neural crest,Neural crest,13.25,1.8536,1.8154,1.8918,1,12.75
96,Olfactory epithelial cells,Branchial arch epithelium,Surface ectoderm,Surface ectoderm,7.0,-1.1086,-1.0881,-1.1292,0,12.75
96,Olfactory epithelial cells,Branchial arch epithelium,Surface ectoderm,Surface ectoderm,7.25,-1.2745,-1.2436,-1.3054,0,12.75
96,Olfactory epithelial cells,Branchial arch epithelium,Surface ectoderm,Surface ectoderm,7.5,-1.3543,-1.3077,-1.4009,0,12.75
96,Olfactory epithelial cells,Branchial arch epithelium,Surface ectoderm,Surface ectoderm,7.75,-1.3935,-1.4054,-1.3815,0,12.75
96,Olfactory epithelial cells,Branchial arch epithelium,Surface ectoderm,Surface ectoderm,8.0,-1.4077,-1.5005,-1.315,0,12.75
96,Olfactory epithelial cells,Branchial arch epithelium,Surface ectoderm,Surface ectoderm,8.25,-1.4049,-1.5357,-1.274,0,12.75
96,Olfactory epithelial cells,Branchial arch epithelium,Surface ectoderm,Surface ectoderm,8.5,-1.4285,-1.5527,-1.3043,0,12.75
96,Olfactory epithelial cells,Branchial arch epithelium,Surface ectoderm,Surface ectoderm,8.75,-1.4105,-1.5406,-1.2804,0,12.75
96,Olfactory epithelial cells,Branchial arch epithelium,Surface ectoderm,Surface ectoderm,9.0,-1.379,-1.507,-1.251,0,12.75
96,Olfactory epithelial cells,Branchial arch epithelium,Surface ectoderm,Surface ectoderm,9.25,-1.2948,-1.4455,-1.1442,0,12.75
96,Olfactory epithelial cells,Branchial arch epithelium,Surface ectoderm,Surface ectoderm,9.5,-1.2505,-1.4245,-1.0764,0,12.75
96,Olfactory epithelial cells,Branchial arch epithelium,Surface ectoderm,Surface ectoderm,9.75,-1.1446,-1.3394,-0.9498,0,12.75
96,Olfactory epithelial cells,Branchial arch epithelium,Surface ectoderm,Surface ectoderm,10.0,-1.018,-1.2363,-0.7997,0,12.75
96,Olfactory epithelial cells,Branchial arch epithelium,Surface ectoderm,Surface ectoderm,10.25,-0.8824,-1.0973,-0.6674,0,12.75
96,Olfactory epithelial cells,Branchial arch epithelium,Surface ectoderm,Surface ectoderm,10.5,-0.7785,-0.9216,-0.6353,0,12.75
96,Olfactory epithelial cells,Branchial arch epithelium,Surface ectoderm,Surface ectoderm,10.75,-0.6969,-0.817,-0.5768,0,12.75
96,Olfactory epithelial cells,Branchial arch epithelium,Surface ectoderm,Surface ectoderm,11.0,-0.5807,-0.6116,-0.5498,0,12.75
96,Olfactory epithelial cells,Branchial arch epithelium,Surface ectoderm,Surface ectoderm,11.25,-0.5404,-0.4684,-0.6125,0,12.75
96,Olfactory epithelial cells,Branchial arch epithelium,Surface ectoderm,Surface ectoderm,11.5,-0.4144,-0.3233,-0.5055,0,12.75
96,Olfactory epithelial cells,Branchial arch epithelium,Surface ectoderm,Surface ectoderm,11.75,-0.2757,-0.1346,-0.4169,0,12.75
96,Olfactory epithelial cells,Branchial arch epithelium,Surface ectoderm,Surface ectoderm,12.0,-0.1149,-0.0061,-0.2238,0,12.75
96,Olfactory epithelial cells,Branchial arch epithelium,Surface ectoderm,Surface ectoderm,12.25,0.0941,0.2585,-0.0702,0,12.75
96,Olfactory epithelial cells,Branchial arch epithelium,Surface ectoderm,Surface ectoderm,12.5,0.4022,0.5854,0.219,0,12.75
96,Olfactory epithelial cells,Branchial arch epithelium,Surface ectoderm,Surface ectoderm,12.75,0.8443,1.0077,0.6809,1,12.75
96,Olfactory epithelial cells,Branchial arch epithelium,Surface ectoderm,Surface ectoderm,13.0,1.2884,1.4355,1.1413,1,12.75
96,Olfactory epithelial cells,Branchial arch epithelium,Surface ectoderm,Surface ectoderm,13.25,1.6491,1.7615,1.5368,1,12.75
97,Endothelium,Lymphatic vessel endothelial cells,Mesoderm,Mesoderm,7.0,-0.2727,-0.2656,-0.2797,0,12.75
97,Endothelium,Lymphatic vessel endothelial cells,Mesoderm,Mesoderm,7.25,-0.3055,-0.3233,-0.2876,0,12.75
97,Endothelium,Lymphatic vessel endothelial cells,Mesoderm,Mesoderm,7.5,-0.3784,-0.4091,-0.3477,0,12.75
97,Endothelium,Lymphatic vessel endothelial cells,Mesoderm,Mesoderm,7.75,-0.39,-0.3998,-0.3801,0,12.75
97,Endothelium,Lymphatic vessel endothelial cells,Mesoderm,Mesoderm,8.0,-0.3977,-0.4718,-0.3235,0,12.75
97,Endothelium,Lymphatic vessel endothelial cells,Mesoderm,Mesoderm,8.25,-0.4195,-0.4885,-0.3505,0,12.75
97,Endothelium,Lymphatic vessel endothelial cells,Mesoderm,Mesoderm,8.5,-0.486,-0.5384,-0.4336,0,12.75
97,Endothelium,Lymphatic vessel endothelial cells,Mesoderm,Mesoderm,8.75,-0.4875,-0.5392,-0.4358,0,12.75
97,Endothelium,Lymphatic vessel endothelial cells,Mesoderm,Mesoderm,9.0,-0.4718,-0.5164,-0.4273,0,12.75
97,Endothelium,Lymphatic vessel endothelial cells,Mesoderm,Mesoderm,9.25,-0.3976,-0.4533,-0.3419,0,12.75
97,Endothelium,Lymphatic vessel endothelial cells,Mesoderm,Mesoderm,9.5,-0.33,-0.3313,-0.3287,0,12.75
97,Endothelium,Lymphatic vessel endothelial cells,Mesoderm,Mesoderm,9.75,-0.3215,-0.3236,-0.3194,0,12.75
97,Endothelium,Lymphatic vessel endothelial cells,Mesoderm,Mesoderm,10.0,-0.2771,-0.3036,-0.2506,0,12.75
97,Endothelium,Lymphatic vessel endothelial cells,Mesoderm,Mesoderm,10.25,-0.2186,-0.2308,-0.2063,0,12.75
97,Endothelium,Lymphatic vessel endothelial cells,Mesoderm,Mesoderm,10.5,-0.1284,-0.1646,-0.0923,0,12.75
97,Endothelium,Lymphatic vessel endothelial cells,Mesoderm,Mesoderm,10.75,-0.0806,-0.093,-0.0682,0,12.75
97,Endothelium,Lymphatic vessel endothelial cells,Mesoderm,Mesoderm,11.0,-0.0004,0.0181,-0.0189,0,12.75
97,Endothelium,Lymphatic vessel endothelial cells,Mesoderm,Mesoderm,11.25,0.0781,0.1642,-0.0081,0,12.75
97,Endothelium,Lymphatic vessel endothelial cells,Mesoderm,Mesoderm,11.5,0.1656,0.3206,0.0106,0,12.75
97,Endothelium,Lymphatic vessel endothelial cells,Mesoderm,Mesoderm,11.75,0.3151,0.4646,0.1656,0,12.75
97,Endothelium,Lymphatic vessel endothelial cells,Mesoderm,Mesoderm,12.0,0.4274,0.6018,0.2531,0,12.75
97,Endothelium,Lymphatic vessel endothelial cells,Mesoderm,Mesoderm,12.25,0.6194,0.8417,0.3971,0,12.75
97,Endothelium,Lymphatic vessel endothelial cells,Mesoderm,Mesoderm,12.5,0.8342,1.0434,0.6251,0,12.75
97,Endothelium,Lymphatic vessel endothelial cells,Mesoderm,Mesoderm,12.75,1.099,1.3972,0.8008,1,12.75
97,Endothelium,Lymphatic vessel endothelial cells,Mesoderm,Mesoderm,13.0,1.3019,1.6061,0.9977,1,12.75
97,Endothelium,Lymphatic vessel endothelial cells,Mesoderm,Mesoderm,13.25,1.5305,1.8693,1.1918,1,12.75
98,Astrocytes,Spinal cord ventral progenitors,Neuroectoderm,Neuroectoderm,7.0,-0.1005,-0.2435,0.0424,0,12.75
98,Astrocytes,Spinal cord ventral progenitors,Neuroectoderm,Neuroectoderm,7.25,-0.1749,-0.2975,-0.0524,0,12.75
98,Astrocytes,Spinal cord ventral progenitors,Neuroectoderm,Neuroectoderm,7.5,-0.1642,-0.1998,-0.1286,0,12.75
98,Astrocytes,Spinal cord ventral progenitors,Neuroectoderm,Neuroectoderm,7.75,-0.1867,-0.1583,-0.2151,0,12.75
98,Astrocytes,Spinal cord ventral progenitors,Neuroectoderm,Neuroectoderm,8.0,-0.2092,-0.1126,-0.3058,0,12.75
98,Astrocytes,Spinal cord ventral progenitors,Neuroectoderm,Neuroectoderm,8.25,-0.2445,-0.1148,-0.3741,0,12.75
98,Astrocytes,Spinal cord ventral progenitors,Neuroectoderm,Neuroectoderm,8.5,-0.309,-0.1215,-0.4966,0,12.75
98,Astrocytes,Spinal cord ventral progenitors,Neuroectoderm,Neuroectoderm,8.75,-0.3554,-0.1494,-0.5613,0,12.75
98,Astrocytes,Spinal cord ventral progenitors,Neuroectoderm,Neuroectoderm,9.0,-0.2995,-0.093,-0.5059,0,12.75
98,Astrocytes,Spinal cord ventral progenitors,Neuroectoderm,Neuroectoderm,9.25,-0.2959,-0.0588,-0.5329,0,12.75
98,Astrocytes,Spinal cord ventral progenitors,Neuroectoderm,Neuroectoderm,9.5,-0.1911,0.0006,-0.3828,0,12.75
98,Astrocytes,Spinal cord ventral progenitors,Neuroectoderm,Neuroectoderm,9.75,-0.2607,-0.0571,-0.4642,0,12.75
98,Astrocytes,Spinal cord ventral progenitors,Neuroectoderm,Neuroectoderm,10.0,-0.1957,-0.0679,-0.3234,0,12.75
98,Astrocytes,Spinal cord ventral progenitors,Neuroectoderm,Neuroectoderm,10.25,-0.1673,-0.0759,-0.2587,0,12.75
98,Astrocytes,Spinal cord ventral progenitors,Neuroectoderm,Neuroectoderm,10.5,-0.1392,0.0168,-0.2952,0,12.75
98,Astrocytes,Spinal cord ventral progenitors,Neuroectoderm,Neuroectoderm,10.75,-0.0536,0.044,-0.1511,0,12.75
98,Astrocytes,Spinal cord ventral progenitors,Neuroectoderm,Neuroectoderm,11.0,-0.0751,-0.0277,-0.1224,0,12.75
98,Astrocytes,Spinal cord ventral progenitors,Neuroectoderm,Neuroectoderm,11.25,-0.0184,0.0281,-0.065,0,12.75
98,Astrocytes,Spinal cord ventral progenitors,Neuroectoderm,Neuroectoderm,11.5,0.0626,0.1105,0.0147,0,12.75
98,Astrocytes,Spinal cord ventral progenitors,Neuroectoderm,Neuroectoderm,11.75,0.3416,0.3419,0.3413,0,12.75
98,Astrocytes,Spinal cord ventral progenitors,Neuroectoderm,Neuroectoderm,12.0,0.5054,0.4383,0.5725,0,12.75
98,Astrocytes,Spinal cord ventral progenitors,Neuroectoderm,Neuroectoderm,12.25,0.625,0.6045,0.6455,0,12.75
98,Astrocytes,Spinal cord ventral progenitors,Neuroectoderm,Neuroectoderm,12.5,0.9178,0.9077,0.9279,0,12.75
98,Astrocytes,Spinal cord ventral progenitors,Neuroectoderm,Neuroectoderm,12.75,1.2338,1.1695,1.298,1,12.75
98,Astrocytes,Spinal cord ventral progenitors,Neuroectoderm,Neuroectoderm,13.0,1.342,1.4128,1.2711,1,12.75
98,Astrocytes,Spinal cord ventral progenitors,Neuroectoderm,Neuroectoderm,13.25,1.4291,1.5714,1.2868,1,12.75
99,Metanephric mesenchyme,Ureteric bud,Mesoderm,Mesoderm,7.0,-1.7793,-1.664,-1.8946,0,12.75
99,Metanephric mesenchyme,Ureteric bud,Mesoderm,Mesoderm,7.25,-1.9233,-1.8089,-2.0376,0,12.75
99,Metanephric mesenchyme,Ureteric bud,Mesoderm,Mesoderm,7.5,-2.0481,-1.9625,-2.1338,0,12.75
99,Metanephric mesenchyme,Ureteric bud,Mesoderm,Mesoderm,7.75,-1.9788,-1.9172,-2.0403,0,12.75
99,Metanephric mesenchyme,Ureteric bud,Mesoderm,Mesoderm,8.0,-1.8065,-1.711,-1.902,0,12.75
99,Metanephric mesenchyme,Ureteric bud,Mesoderm,Mesoderm,8.25,-1.6877,-1.6243,-1.7512,0,12.75
99,Metanephric mesenchyme,Ureteric bud,Mesoderm,Mesoderm,8.5,-1.6677,-1.6372,-1.6982,0,12.75
99,Metanephric mesenchyme,Ureteric bud,Mesoderm,Mesoderm,8.75,-1.4985,-1.5254,-1.4717,0,12.75
99,Metanephric mesenchyme,Ureteric bud,Mesoderm,Mesoderm,9.0,-1.375,-1.3536,-1.3965,0,12.75
99,Metanephric mesenchyme,Ureteric bud,Mesoderm,Mesoderm,9.25,-1.2072,-1.1723,-1.2421,0,12.75
99,Metanephric mesenchyme,Ureteric bud,Mesoderm,Mesoderm,9.5,-1.075,-1.0962,-1.0537,0,12.75
99,Metanephric mesenchyme,Ureteric bud,Mesoderm,Mesoderm,9.75,-0.8976,-0.9332,-0.862,0,12.75
99,Metanephric mesenchyme,Ureteric bud,Mesoderm,Mesoderm,10.0,-0.8156,-0.9221,-0.7091,0,12.75
99,Metanephric mesenchyme,Ureteric bud,Mesoderm,Mesoderm,10.25,-0.5515,-0.6886,-0.4145,0,12.75
99,Metanephric mesenchyme,Ureteric bud,Mesoderm,Mesoderm,10.5,-0.3966,-0.4915,-0.3017,0,12.75
99,Metanephric mesenchyme,Ureteric bud,Mesoderm,Mesoderm,10.75,-0.1696,-0.2306,-0.1086,0,12.75
99,Metanephric mesenchyme,Ureteric bud,Mesoderm,Mesoderm,11.0,0.106,0.0498,0.1621,0,12.75
99,Metanephric mesenchyme,Ureteric bud,Mesoderm,Mesoderm,11.25,0.3434,0.2795,0.4073,0,12.75
99,Metanephric mesenchyme,Ureteric bud,Mesoderm,Mesoderm,11.5,0.55,0.5531,0.547,0,12.75
99,Metanephric mesenchyme,Ureteric bud,Mesoderm,Mesoderm,11.75,0.7143,0.6665,0.7621,0,12.75
99,Metanephric mesenchyme,Ureteric bud,Mesoderm,Mesoderm,12.0,0.9417,0.8894,0.9941,0,12.75
99,Metanephric mesenchyme,Ureteric bud,Mesoderm,Mesoderm,12.25,0.9662,0.9877,0.9447,0,12.75
99,Metanephric mesenchyme,Ureteric bud,Mesoderm,Mesoderm,12.5,1.1103,1.2309,0.9897,0,12.75
99,Metanephric mesenchyme,Ureteric bud,Mesoderm,Mesoderm,12.75,1.3268,1.355,1.2986,1,12.75
99,Metanephric mesenchyme,Ureteric bud,Mesoderm,Mesoderm,13.0,1.346,1.2701,1.4219,0,12.75
99,Metanephric mesenchyme,Ureteric bud,Mesoderm,Mesoderm,13.25,1.1509,0.803,1.4989,0,12.75
100,Astrocytes,Spinal cord dorsal progenitors,Neuroectoderm,Neuroectoderm,7.0,-0.2169,-0.2832,-0.1506,0,12.75
100,Astrocytes,Spinal cord dorsal progenitors,Neuroectoderm,Neuroectoderm,7.25,-0.2774,-0.3581,-0.1968,0,12.75
100,Astrocytes,Spinal cord dorsal progenitors,Neuroectoderm,Neuroectoderm,7.5,-0.2793,-0.3509,-0.2076,0,12.75
100,Astrocytes,Spinal cord dorsal progenitors,Neuroectoderm,Neuroectoderm,7.75,-0.3311,-0.3748,-0.2873,0,12.75
100,Astrocytes,Spinal cord dorsal progenitors,Neuroectoderm,Neuroectoderm,8.0,-0.335,-0.351,-0.3189,0,12.75
100,Astrocytes,Spinal cord dorsal progenitors,Neuroectoderm,Neuroectoderm,8.25,-0.3532,-0.3379,-0.3685,0,12.75
100,Astrocytes,Spinal cord dorsal progenitors,Neuroectoderm,Neuroectoderm,8.5,-0.3353,-0.3027,-0.3679,0,12.75
100,Astrocytes,Spinal cord dorsal progenitors,Neuroectoderm,Neuroectoderm,8.75,-0.326,-0.2756,-0.3764,0,12.75
100,Astrocytes,Spinal cord dorsal progenitors,Neuroectoderm,Neuroectoderm,9.0,-0.3237,-0.2476,-0.3999,0,12.75
100,Astrocytes,Spinal cord dorsal progenitors,Neuroectoderm,Neuroectoderm,9.25,-0.3301,-0.2554,-0.4047,0,12.75
100,Astrocytes,Spinal cord dorsal progenitors,Neuroectoderm,Neuroectoderm,9.5,-0.289,-0.2286,-0.3494,0,12.75
100,Astrocytes,Spinal cord dorsal progenitors,Neuroectoderm,Neuroectoderm,9.75,-0.2636,-0.1972,-0.3301,0,12.75
100,Astrocytes,Spinal cord dorsal progenitors,Neuroectoderm,Neuroectoderm,10.0,-0.2433,-0.1812,-0.3054,0,12.75
100,Astrocytes,Spinal cord dorsal progenitors,Neuroectoderm,Neuroectoderm,10.25,-0.2021,-0.1871,-0.2172,0,12.75
100,Astrocytes,Spinal cord dorsal progenitors,Neuroectoderm,Neuroectoderm,10.5,-0.1352,-0.1228,-0.1476,0,12.75
100,Astrocytes,Spinal cord dorsal progenitors,Neuroectoderm,Neuroectoderm,10.75,-0.0936,-0.1013,-0.086,0,12.75
100,Astrocytes,Spinal cord dorsal progenitors,Neuroectoderm,Neuroectoderm,11.0,-0.059,-0.0868,-0.0312,0,12.75
100,Astrocytes,Spinal cord dorsal progenitors,Neuroectoderm,Neuroectoderm,11.25,-0.0456,-0.0768,-0.0144,0,12.75
100,Astrocytes,Spinal cord dorsal progenitors,Neuroectoderm,Neuroectoderm,11.5,-0.0355,-0.0047,-0.0663,0,12.75
100,Astrocytes,Spinal cord dorsal progenitors,Neuroectoderm,Neuroectoderm,11.75,0.0253,0.0454,0.0052,0,12.75
100,Astrocytes,Spinal cord dorsal progenitors,Neuroectoderm,Neuroectoderm,12.0,0.1204,0.0854,0.1553,0,12.75
100,Astrocytes,Spinal cord dorsal progenitors,Neuroectoderm,Neuroectoderm,12.25,0.2612,0.1874,0.3349,0,12.75
100,Astrocytes,Spinal cord dorsal progenitors,Neuroectoderm,Neuroectoderm,12.5,0.4333,0.3515,0.5151,0,12.75
100,Astrocytes,Spinal cord dorsal progenitors,Neuroectoderm,Neuroectoderm,12.75,0.7144,0.6408,0.788,1,12.75
100,Astrocytes,Spinal cord dorsal progenitors,Neuroectoderm,Neuroectoderm,13.0,0.935,0.8529,1.017,1,12.75
100,Astrocytes,Spinal cord dorsal progenitors,Neuroectoderm,Neuroectoderm,13.25,1.1897,1.043,1.3363,1,12.75
101,Pre-osteoblasts (Sp7+),Sclerotome,Mesoderm,Mesoderm,7.0,-0.3022,-0.369,-0.2353,0,12.75
101,Pre-osteoblasts (Sp7+),Sclerotome,Mesoderm,Mesoderm,7.25,-0.3373,-0.3796,-0.295,0,12.75
101,Pre-osteoblasts (Sp7+),Sclerotome,Mesoderm,Mesoderm,7.5,-0.3595,-0.3718,-0.3472,0,12.75
101,Pre-osteoblasts (Sp7+),Sclerotome,Mesoderm,Mesoderm,7.75,-0.3926,-0.4262,-0.3589,0,12.75
101,Pre-osteoblasts (Sp7+),Sclerotome,Mesoderm,Mesoderm,8.0,-0.3505,-0.4042,-0.2968,0,12.75
101,Pre-osteoblasts (Sp7+),Sclerotome,Mesoderm,Mesoderm,8.25,-0.348,-0.3918,-0.3042,0,12.75
101,Pre-osteoblasts (Sp7+),Sclerotome,Mesoderm,Mesoderm,8.5,-0.3066,-0.3629,-0.2503,0,12.75
101,Pre-osteoblasts (Sp7+),Sclerotome,Mesoderm,Mesoderm,8.75,-0.3091,-0.3551,-0.263,0,12.75
101,Pre-osteoblasts (Sp7+),Sclerotome,Mesoderm,Mesoderm,9.0,-0.3324,-0.3423,-0.3225,0,12.75
101,Pre-osteoblasts (Sp7+),Sclerotome,Mesoderm,Mesoderm,9.25,-0.2982,-0.3156,-0.2807,0,12.75
101,Pre-osteoblasts (Sp7+),Sclerotome,Mesoderm,Mesoderm,9.5,-0.2688,-0.2794,-0.2582,0,12.75
101,Pre-osteoblasts (Sp7+),Sclerotome,Mesoderm,Mesoderm,9.75,-0.2381,-0.2387,-0.2376,0,12.75
101,Pre-osteoblasts (Sp7+),Sclerotome,Mesoderm,Mesoderm,10.0,-0.1892,-0.2023,-0.1761,0,12.75
101,Pre-osteoblasts (Sp7+),Sclerotome,Mesoderm,Mesoderm,10.25,-0.1762,-0.205,-0.1475,0,12.75
101,Pre-osteoblasts (Sp7+),Sclerotome,Mesoderm,Mesoderm,10.5,-0.1252,-0.1333,-0.1172,0,12.75
101,Pre-osteoblasts (Sp7+),Sclerotome,Mesoderm,Mesoderm,10.75,-0.091,-0.0762,-0.1058,0,12.75
101,Pre-osteoblasts (Sp7+),Sclerotome,Mesoderm,Mesoderm,11.0,-0.0262,0.009,-0.0615,0,12.75
101,Pre-osteoblasts (Sp7+),Sclerotome,Mesoderm,Mesoderm,11.25,0.0271,0.0527,0.0015,0,12.75
101,Pre-osteoblasts (Sp7+),Sclerotome,Mesoderm,Mesoderm,11.5,0.1082,0.1362,0.0801,0,12.75
101,Pre-osteoblasts (Sp7+),Sclerotome,Mesoderm,Mesoderm,11.75,0.1431,0.208,0.0783,0,12.75
101,Pre-osteoblasts (Sp7+),Sclerotome,Mesoderm,Mesoderm,12.0,0.2096,0.2788,0.1404,0,12.75
101,Pre-osteoblasts (Sp7+),Sclerotome,Mesoderm,Mesoderm,12.25,0.2817,0.3852,0.1781,0,12.75
101,Pre-osteoblasts (Sp7+),Sclerotome,Mesoderm,Mesoderm,12.5,0.401,0.5134,0.2886,0,12.75
101,Pre-osteoblasts (Sp7+),Sclerotome,Mesoderm,Mesoderm,12.75,0.5886,0.6963,0.4809,1,12.75
101,Pre-osteoblasts (Sp7+),Sclerotome,Mesoderm,Mesoderm,13.0,0.8078,0.9324,0.6832,1,12.75
101,Pre-osteoblasts (Sp7+),Sclerotome,Mesoderm,Mesoderm,13.25,0.9893,1.1111,0.8675,1,12.75
102,Cerebellar Purkinje cells,Spinal cord dorsal progenitors,Neuroectoderm,Neuroectoderm,7.0,-0.4347,-0.5026,-0.3669,0,12.75
102,Cerebellar Purkinje cells,Spinal cord dorsal progenitors,Neuroectoderm,Neuroectoderm,7.25,-0.525,-0.5957,-0.4543,0,12.75
102,Cerebellar Purkinje cells,Spinal cord dorsal progenitors,Neuroectoderm,Neuroectoderm,7.5,-0.5811,-0.6563,-0.506,0,12.75
102,Cerebellar Purkinje cells,Spinal cord dorsal progenitors,Neuroectoderm,Neuroectoderm,7.75,-0.5931,-0.634,-0.5523,0,12.75
102,Cerebellar Purkinje cells,Spinal cord dorsal progenitors,Neuroectoderm,Neuroectoderm,8.0,-0.587,-0.6383,-0.5357,0,12.75
102,Cerebellar Purkinje cells,Spinal cord dorsal progenitors,Neuroectoderm,Neuroectoderm,8.25,-0.6016,-0.6655,-0.5377,0,12.75
102,Cerebellar Purkinje cells,Spinal cord dorsal progenitors,Neuroectoderm,Neuroectoderm,8.5,-0.5703,-0.6565,-0.4841,0,12.75
102,Cerebellar Purkinje cells,Spinal cord dorsal progenitors,Neuroectoderm,Neuroectoderm,8.75,-0.5429,-0.6218,-0.464,0,12.75
102,Cerebellar Purkinje cells,Spinal cord dorsal progenitors,Neuroectoderm,Neuroectoderm,9.0,-0.545,-0.6016,-0.4885,0,12.75
102,Cerebellar Purkinje cells,Spinal cord dorsal progenitors,Neuroectoderm,Neuroectoderm,9.25,-0.5447,-0.5932,-0.4961,0,12.75
102,Cerebellar Purkinje cells,Spinal cord dorsal progenitors,Neuroectoderm,Neuroectoderm,9.5,-0.5261,-0.5671,-0.4851,0,12.75
102,Cerebellar Purkinje cells,Spinal cord dorsal progenitors,Neuroectoderm,Neuroectoderm,9.75,-0.5202,-0.533,-0.5074,0,12.75
102,Cerebellar Purkinje cells,Spinal cord dorsal progenitors,Neuroectoderm,Neuroectoderm,10.0,-0.4722,-0.5042,-0.4402,0,12.75
102,Cerebellar Purkinje cells,Spinal cord dorsal progenitors,Neuroectoderm,Neuroectoderm,10.25,-0.4321,-0.4643,-0.3999,0,12.75
102,Cerebellar Purkinje cells,Spinal cord dorsal progenitors,Neuroectoderm,Neuroectoderm,10.5,-0.4192,-0.4446,-0.3938,0,12.75
102,Cerebellar Purkinje cells,Spinal cord dorsal progenitors,Neuroectoderm,Neuroectoderm,10.75,-0.3723,-0.3884,-0.3561,0,12.75
102,Cerebellar Purkinje cells,Spinal cord dorsal progenitors,Neuroectoderm,Neuroectoderm,11.0,-0.3009,-0.3011,-0.3007,0,12.75
102,Cerebellar Purkinje cells,Spinal cord dorsal progenitors,Neuroectoderm,Neuroectoderm,11.25,-0.2638,-0.2751,-0.2526,0,12.75
102,Cerebellar Purkinje cells,Spinal cord dorsal progenitors,Neuroectoderm,Neuroectoderm,11.5,-0.2367,-0.2276,-0.2458,0,12.75
102,Cerebellar Purkinje cells,Spinal cord dorsal progenitors,Neuroectoderm,Neuroectoderm,11.75,-0.1959,-0.2229,-0.1689,0,12.75
102,Cerebellar Purkinje cells,Spinal cord dorsal progenitors,Neuroectoderm,Neuroectoderm,12.0,-0.1433,-0.1715,-0.115,0,12.75
102,Cerebellar Purkinje cells,Spinal cord dorsal progenitors,Neuroectoderm,Neuroectoderm,12.25,-0.0175,-0.0369,0.0019,0,12.75
102,Cerebellar Purkinje cells,Spinal cord dorsal progenitors,Neuroectoderm,Neuroectoderm,12.5,0.1703,0.1213,0.2194,0,12.75
102,Cerebellar Purkinje cells,Spinal cord dorsal progenitors,Neuroectoderm,Neuroectoderm,12.75,0.4496,0.3501,0.5491,1,12.75
102,Cerebellar Purkinje cells,Spinal cord dorsal progenitors,Neuroectoderm,Neuroectoderm,13.0,0.6186,0.5611,0.676,1,12.75
102,Cerebellar Purkinje cells,Spinal cord dorsal progenitors,Neuroectoderm,Neuroectoderm,13.25,0.8285,0.7768,0.8802,1,12.75
103,Glutamatergic neurons,Spinal cord dorsal progenitors,Neuroectoderm,Neuroectoderm,7.0,-0.192,-0.2286,-0.1555,0,12.75
103,Glutamatergic neurons,Spinal cord dorsal progenitors,Neuroectoderm,Neuroectoderm,7.25,-0.2013,-0.2654,-0.1373,0,12.75
103,Glutamatergic neurons,Spinal cord dorsal progenitors,Neuroectoderm,Neuroectoderm,7.5,-0.2149,-0.2743,-0.1554,0,12.75
103,Glutamatergic neurons,Spinal cord dorsal progenitors,Neuroectoderm,Neuroectoderm,7.75,-0.2288,-0.2665,-0.1912,0,12.75
103,Glutamatergic neurons,Spinal cord dorsal progenitors,Neuroectoderm,Neuroectoderm,8.0,-0.2089,-0.2568,-0.1609,0,12.75
103,Glutamatergic neurons,Spinal cord dorsal progenitors,Neuroectoderm,Neuroectoderm,8.25,-0.185,-0.2392,-0.1309,0,12.75
103,Glutamatergic neurons,Spinal cord dorsal progenitors,Neuroectoderm,Neuroectoderm,8.5,-0.1484,-0.1903,-0.1064,0,12.75
103,Glutamatergic neurons,Spinal cord dorsal progenitors,Neuroectoderm,Neuroectoderm,8.75,-0.1355,-0.175,-0.0961,0,12.75
103,Glutamatergic neurons,Spinal cord dorsal progenitors,Neuroectoderm,Neuroectoderm,9.0,-0.1243,-0.1496,-0.0989,0,12.75
103,Glutamatergic neurons,Spinal cord dorsal progenitors,Neuroectoderm,Neuroectoderm,9.25,-0.1015,-0.1347,-0.0683,0,12.75
103,Glutamatergic neurons,Spinal cord dorsal progenitors,Neuroectoderm,Neuroectoderm,9.5,-0.0844,-0.1171,-0.0516,0,12.75
103,Glutamatergic neurons,Spinal cord dorsal progenitors,Neuroectoderm,Neuroectoderm,9.75,-0.075,-0.0949,-0.055,0,12.75
103,Glutamatergic neurons,Spinal cord dorsal progenitors,Neuroectoderm,Neuroectoderm,10.0,-0.0529,-0.074,-0.0317,0,12.75
103,Glutamatergic neurons,Spinal cord dorsal progenitors,Neuroectoderm,Neuroectoderm,10.25,-0.022,-0.0418,-0.0023,0,12.75
103,Glutamatergic neurons,Spinal cord dorsal progenitors,Neuroectoderm,Neuroectoderm,10.5,0.0033,-0.0306,0.0373,0,12.75
103,Glutamatergic neurons,Spinal cord dorsal progenitors,Neuroectoderm,Neuroectoderm,10.75,0.0256,-0.0125,0.0637,0,12.75
103,Glutamatergic neurons,Spinal cord dorsal progenitors,Neuroectoderm,Neuroectoderm,11.0,0.0518,0.0178,0.0858,0,12.75
103,Glutamatergic neurons,Spinal cord dorsal progenitors,Neuroectoderm,Neuroectoderm,11.25,0.0501,0.0311,0.0691,0,12.75
103,Glutamatergic neurons,Spinal cord dorsal progenitors,Neuroectoderm,Neuroectoderm,11.5,0.068,0.057,0.079,0,12.75
103,Glutamatergic neurons,Spinal cord dorsal progenitors,Neuroectoderm,Neuroectoderm,11.75,0.0943,0.0788,0.1098,0,12.75
103,Glutamatergic neurons,Spinal cord dorsal progenitors,Neuroectoderm,Neuroectoderm,12.0,0.1189,0.0908,0.147,0,12.75
103,Glutamatergic neurons,Spinal cord dorsal progenitors,Neuroectoderm,Neuroectoderm,12.25,0.138,0.1348,0.1413,0,12.75
103,Glutamatergic neurons,Spinal cord dorsal progenitors,Neuroectoderm,Neuroectoderm,12.5,0.1734,0.1751,0.1718,0,12.75
103,Glutamatergic neurons,Spinal cord dorsal progenitors,Neuroectoderm,Neuroectoderm,12.75,0.2327,0.2413,0.2241,1,12.75
103,Glutamatergic neurons,Spinal cord dorsal progenitors,Neuroectoderm,Neuroectoderm,13.0,0.3149,0.3384,0.2914,1,12.75
103,Glutamatergic neurons,Spinal cord dorsal progenitors,Neuroectoderm,Neuroectoderm,13.25,0.4217,0.4296,0.4139,1,12.75
104,Neural crest (PNS glia),Melanocyte cells,Neural crest,Neural crest,7.0,-0.5492,-0.6184,-0.4801,0,13.0
104,Neural crest (PNS glia),Melanocyte cells,Neural crest,Neural crest,7.25,-0.5451,-0.647,-0.4431,0,13.0
104,Neural crest (PNS glia),Melanocyte cells,Neural crest,Neural crest,7.5,-0.606,-0.74,-0.472,0,13.0
104,Neural crest (PNS glia),Melanocyte cells,Neural crest,Neural crest,7.75,-0.6038,-0.7543,-0.4533,0,13.0
104,Neural crest (PNS glia),Melanocyte cells,Neural crest,Neural crest,8.0,-0.507,-0.6622,-0.3518,0,13.0
104,Neural crest (PNS glia),Melanocyte cells,Neural crest,Neural crest,8.25,-0.4936,-0.6154,-0.3717,0,13.0
104,Neural crest (PNS glia),Melanocyte cells,Neural crest,Neural crest,8.5,-0.3811,-0.5116,-0.2507,0,13.0
104,Neural crest (PNS glia),Melanocyte cells,Neural crest,Neural crest,8.75,-0.3823,-0.5,-0.2647,0,13.0
104,Neural crest (PNS glia),Melanocyte cells,Neural crest,Neural crest,9.0,-0.3194,-0.4494,-0.1893,0,13.0
104,Neural crest (PNS glia),Melanocyte cells,Neural crest,Neural crest,9.25,-0.2747,-0.4238,-0.1256,0,13.0
104,Neural crest (PNS glia),Melanocyte cells,Neural crest,Neural crest,9.5,-0.2443,-0.3359,-0.1526,0,13.0
104,Neural crest (PNS glia),Melanocyte cells,Neural crest,Neural crest,9.75,-0.26,-0.223,-0.2969,0,13.0
104,Neural crest (PNS glia),Melanocyte cells,Neural crest,Neural crest,10.0,-0.1192,-0.0984,-0.1401,0,13.0
104,Neural crest (PNS glia),Melanocyte cells,Neural crest,Neural crest,10.25,-0.0218,-0.0263,-0.0173,0,13.0
104,Neural crest (PNS glia),Melanocyte cells,Neural crest,Neural crest,10.5,0.1782,0.2571,0.0992,0,13.0
104,Neural crest (PNS glia),Melanocyte cells,Neural crest,Neural crest,10.75,0.3949,0.4805,0.3093,0,13.0
104,Neural crest (PNS glia),Melanocyte cells,Neural crest,Neural crest,11.0,0.4173,0.5338,0.3008,0,13.0
104,Neural crest (PNS glia),Melanocyte cells,Neural crest,Neural crest,11.25,0.4946,0.5641,0.425,0,13.0
104,Neural crest (PNS glia),Melanocyte cells,Neural crest,Neural crest,11.5,0.4242,0.5426,0.3059,0,13.0
104,Neural crest (PNS glia),Melanocyte cells,Neural crest,Neural crest,11.75,0.6637,0.7577,0.5697,0,13.0
104,Neural crest (PNS glia),Melanocyte cells,Neural crest,Neural crest,12.0,0.9768,1.0738,0.8797,0,13.0
104,Neural crest (PNS glia),Melanocyte cells,Neural crest,Neural crest,12.25,1.079,1.2857,0.8722,0,13.0
104,Neural crest (PNS glia),Melanocyte cells,Neural crest,Neural crest,12.5,1.1385,1.1793,1.0977,0,13.0
104,Neural crest (PNS glia),Melanocyte cells,Neural crest,Neural crest,12.75,1.2864,1.2021,1.3706,0,13.0
104,Neural crest (PNS glia),Melanocyte cells,Neural crest,Neural crest,13.0,1.6069,1.5276,1.6862,1,13.0
104,Neural crest (PNS glia),Melanocyte cells,Neural crest,Neural crest,13.25,1.6601,1.6246,1.6957,1,13.0
105,Posterior roof plate,Spinal cord/r7/r8,Neuroectoderm,Neuroectoderm,7.0,-0.3442,-0.3753,-0.3131,0,13.0
105,Posterior roof plate,Spinal cord/r7/r8,Neuroectoderm,Neuroectoderm,7.25,-0.3585,-0.3824,-0.3346,0,13.0
105,Posterior roof plate,Spinal cord/r7/r8,Neuroectoderm,Neuroectoderm,7.5,-0.3504,-0.3304,-0.3705,0,13.0
105,Posterior roof plate,Spinal cord/r7/r8,Neuroectoderm,Neuroectoderm,7.75,-0.2699,-0.2797,-0.2602,0,13.0
105,Posterior roof plate,Spinal cord/r7/r8,Neuroectoderm,Neuroectoderm,8.0,-0.1772,-0.1676,-0.1868,0,13.0
105,Posterior roof plate,Spinal cord/r7/r8,Neuroectoderm,Neuroectoderm,8.25,-0.131,-0.1327,-0.1292,0,13.0
105,Posterior roof plate,Spinal cord/r7/r8,Neuroectoderm,Neuroectoderm,8.5,-0.0912,-0.0537,-0.1286,0,13.0
105,Posterior roof plate,Spinal cord/r7/r8,Neuroectoderm,Neuroectoderm,8.75,-0.0288,-0.0596,0.0019,0,13.0
105,Posterior roof plate,Spinal cord/r7/r8,Neuroectoderm,Neuroectoderm,9.0,0.0127,-0.0025,0.028,0,13.0
105,Posterior roof plate,Spinal cord/r7/r8,Neuroectoderm,Neuroectoderm,9.25,0.0306,-0.026,0.0872,0,13.0
105,Posterior roof plate,Spinal cord/r7/r8,Neuroectoderm,Neuroectoderm,9.5,0.0405,-0.0635,0.1445,0,13.0
105,Posterior roof plate,Spinal cord/r7/r8,Neuroectoderm,Neuroectoderm,9.75,0.0947,-0.0412,0.2305,0,13.0
105,Posterior roof plate,Spinal cord/r7/r8,Neuroectoderm,Neuroectoderm,10.0,0.1198,-0.0425,0.2821,0,13.0
105,Posterior roof plate,Spinal cord/r7/r8,Neuroectoderm,Neuroectoderm,10.25,0.1518,0.0734,0.2302,0,13.0
105,Posterior roof plate,Spinal cord/r7/r8,Neuroectoderm,Neuroectoderm,10.5,0.1658,0.0716,0.2601,0,13.0
105,Posterior roof plate,Spinal cord/r7/r8,Neuroectoderm,Neuroectoderm,10.75,0.1396,0.0644,0.2147,0,13.0
105,Posterior roof plate,Spinal cord/r7/r8,Neuroectoderm,Neuroectoderm,11.0,0.203,0.1784,0.2276,0,13.0
105,Posterior roof plate,Spinal cord/r7/r8,Neuroectoderm,Neuroectoderm,11.25,0.2487,0.29,0.2074,0,13.0
105,Posterior roof plate,Spinal cord/r7/r8,Neuroectoderm,Neuroectoderm,11.5,0.3014,0.3348,0.2679,0,13.0
105,Posterior roof plate,Spinal cord/r7/r8,Neuroectoderm,Neuroectoderm,11.75,0.4667,0.4924,0.441,0,13.0
105,Posterior roof plate,Spinal cord/r7/r8,Neuroectoderm,Neuroectoderm,12.0,0.4712,0.6669,0.2756,0,13.0
105,Posterior roof plate,Spinal cord/r7/r8,Neuroectoderm,Neuroectoderm,12.25,0.7231,0.8616,0.5847,0,13.0
105,Posterior roof plate,Spinal cord/r7/r8,Neuroectoderm,Neuroectoderm,12.5,0.8422,1.0026,0.6818,0,13.0
105,Posterior roof plate,Spinal cord/r7/r8,Neuroectoderm,Neuroectoderm,12.75,1.2434,1.4039,1.083,0,13.0
105,Posterior roof plate,Spinal cord/r7/r8,Neuroectoderm,Neuroectoderm,13.0,1.3121,1.3536,1.2706,1,13.0
105,Posterior roof plate,Spinal cord/r7/r8,Neuroectoderm,Neuroectoderm,13.25,1.618,1.667,1.569,1,13.0
106,Endothelium,Liver sinusoidal endothelial cells,Mesoderm,Mesoderm,7.0,-0.5398,-0.6174,-0.4623,0,13.0
106,Endothelium,Liver sinusoidal endothelial cells,Mesoderm,Mesoderm,7.25,-0.6231,-0.7687,-0.4775,0,13.0
106,Endothelium,Liver sinusoidal endothelial cells,Mesoderm,Mesoderm,7.5,-0.7033,-0.9149,-0.4917,0,13.0
106,Endothelium,Liver sinusoidal endothelial cells,Mesoderm,Mesoderm,7.75,-0.7481,-0.946,-0.5502,0,13.0
106,Endothelium,Liver sinusoidal endothelial cells,Mesoderm,Mesoderm,8.0,-0.8216,-1.0457,-0.5976,0,13.0
106,Endothelium,Liver sinusoidal endothelial cells,Mesoderm,Mesoderm,8.25,-0.8387,-1.0509,-0.6265,0,13.0
106,Endothelium,Liver sinusoidal endothelial cells,Mesoderm,Mesoderm,8.5,-0.8514,-1.0573,-0.6454,0,13.0
106,Endothelium,Liver sinusoidal endothelial cells,Mesoderm,Mesoderm,8.75,-0.8095,-0.9826,-0.6364,0,13.0
106,Endothelium,Liver sinusoidal endothelial cells,Mesoderm,Mesoderm,9.0,-0.7627,-0.9238,-0.6017,0,13.0
106,Endothelium,Liver sinusoidal endothelial cells,Mesoderm,Mesoderm,9.25,-0.765,-0.9444,-0.5856,0,13.0
106,Endothelium,Liver sinusoidal endothelial cells,Mesoderm,Mesoderm,9.5,-0.7411,-0.8871,-0.5952,0,13.0
106,Endothelium,Liver sinusoidal endothelial cells,Mesoderm,Mesoderm,9.75,-0.6849,-0.8539,-0.5159,0,13.0
106,Endothelium,Liver sinusoidal endothelial cells,Mesoderm,Mesoderm,10.0,-0.7209,-0.8282,-0.6136,0,13.0
106,Endothelium,Liver sinusoidal endothelial cells,Mesoderm,Mesoderm,10.25,-0.6583,-0.8274,-0.4893,0,13.0
106,Endothelium,Liver sinusoidal endothelial cells,Mesoderm,Mesoderm,10.5,-0.5899,-0.8007,-0.3791,0,13.0
106,Endothelium,Liver sinusoidal endothelial cells,Mesoderm,Mesoderm,10.75,-0.4915,-0.671,-0.312,0,13.0
106,Endothelium,Liver sinusoidal endothelial cells,Mesoderm,Mesoderm,11.0,-0.4005,-0.5212,-0.2797,0,13.0
106,Endothelium,Liver sinusoidal endothelial cells,Mesoderm,Mesoderm,11.25,-0.3397,-0.4477,-0.2317,0,13.0
106,Endothelium,Liver sinusoidal endothelial cells,Mesoderm,Mesoderm,11.5,-0.2711,-0.3533,-0.189,0,13.0
106,Endothelium,Liver sinusoidal endothelial cells,Mesoderm,Mesoderm,11.75,-0.1431,-0.2279,-0.0583,0,13.0
106,Endothelium,Liver sinusoidal endothelial cells,Mesoderm,Mesoderm,12.0,0.0604,-0.0124,0.1332,0,13.0
106,Endothelium,Liver sinusoidal endothelial cells,Mesoderm,Mesoderm,12.25,0.2588,0.2022,0.3155,0,13.0
106,Endothelium,Liver sinusoidal endothelial cells,Mesoderm,Mesoderm,12.5,0.4339,0.3976,0.4701,0,13.0
106,Endothelium,Liver sinusoidal endothelial cells,Mesoderm,Mesoderm,12.75,0.7536,0.8375,0.6698,0,13.0
106,Endothelium,Liver sinusoidal endothelial cells,Mesoderm,Mesoderm,13.0,1.0132,1.1375,0.889,1,13.0
106,Endothelium,Liver sinusoidal endothelial cells,Mesoderm,Mesoderm,13.25,1.2833,1.4688,1.0978,1,13.0
107,Spinal cord motor neurons,Spinal cord dorsal progenitors,Neuroectoderm,Neuroectoderm,7.0,-0.4172,-0.4559,-0.3785,0,13.0
107,Spinal cord motor neurons,Spinal cord dorsal progenitors,Neuroectoderm,Neuroectoderm,7.25,-0.4228,-0.4218,-0.4238,0,13.0
107,Spinal cord motor neurons,Spinal cord dorsal progenitors,Neuroectoderm,Neuroectoderm,7.5,-0.4304,-0.4762,-0.3846,0,13.0
107,Spinal cord motor neurons,Spinal cord dorsal progenitors,Neuroectoderm,Neuroectoderm,7.75,-0.4567,-0.4007,-0.5128,0,13.0
107,Spinal cord motor neurons,Spinal cord dorsal progenitors,Neuroectoderm,Neuroectoderm,8.0,-0.4474,-0.363,-0.5318,0,13.0
107,Spinal cord motor neurons,Spinal cord dorsal progenitors,Neuroectoderm,Neuroectoderm,8.25,-0.4427,-0.3488,-0.5367,0,13.0
107,Spinal cord motor neurons,Spinal cord dorsal progenitors,Neuroectoderm,Neuroectoderm,8.5,-0.4701,-0.3393,-0.601,0,13.0
107,Spinal cord motor neurons,Spinal cord dorsal progenitors,Neuroectoderm,Neuroectoderm,8.75,-0.4783,-0.3129,-0.6436,0,13.0
107,Spinal cord motor neurons,Spinal cord dorsal progenitors,Neuroectoderm,Neuroectoderm,9.0,-0.5109,-0.3558,-0.666,0,13.0
107,Spinal cord motor neurons,Spinal cord dorsal progenitors,Neuroectoderm,Neuroectoderm,9.25,-0.4364,-0.3244,-0.5483,0,13.0
107,Spinal cord motor neurons,Spinal cord dorsal progenitors,Neuroectoderm,Neuroectoderm,9.5,-0.3488,-0.2515,-0.4461,0,13.0
107,Spinal cord motor neurons,Spinal cord dorsal progenitors,Neuroectoderm,Neuroectoderm,9.75,-0.3354,-0.2344,-0.4365,0,13.0
107,Spinal cord motor neurons,Spinal cord dorsal progenitors,Neuroectoderm,Neuroectoderm,10.0,-0.3752,-0.2893,-0.461,0,13.0
107,Spinal cord motor neurons,Spinal cord dorsal progenitors,Neuroectoderm,Neuroectoderm,10.25,-0.3273,-0.2201,-0.4345,0,13.0
107,Spinal cord motor neurons,Spinal cord dorsal progenitors,Neuroectoderm,Neuroectoderm,10.5,-0.2489,-0.1025,-0.3952,0,13.0
107,Spinal cord motor neurons,Spinal cord dorsal progenitors,Neuroectoderm,Neuroectoderm,10.75,-0.2375,-0.0447,-0.4302,0,13.0
107,Spinal cord motor neurons,Spinal cord dorsal progenitors,Neuroectoderm,Neuroectoderm,11.0,-0.2046,-0.0175,-0.3917,0,13.0
107,Spinal cord motor neurons,Spinal cord dorsal progenitors,Neuroectoderm,Neuroectoderm,11.25,-0.0948,0.0846,-0.2742,0,13.0
107,Spinal cord motor neurons,Spinal cord dorsal progenitors,Neuroectoderm,Neuroectoderm,11.5,0.017,0.2291,-0.1951,0,13.0
107,Spinal cord motor neurons,Spinal cord dorsal progenitors,Neuroectoderm,Neuroectoderm,11.75,0.0103,0.1523,-0.1318,0,13.0
107,Spinal cord motor neurons,Spinal cord dorsal progenitors,Neuroectoderm,Neuroectoderm,12.0,0.1726,0.173,0.1722,0,13.0
107,Spinal cord motor neurons,Spinal cord dorsal progenitors,Neuroectoderm,Neuroectoderm,12.25,0.3001,0.4204,0.1798,0,13.0
107,Spinal cord motor neurons,Spinal cord dorsal progenitors,Neuroectoderm,Neuroectoderm,12.5,0.4776,0.5801,0.3751,0,13.0
107,Spinal cord motor neurons,Spinal cord dorsal progenitors,Neuroectoderm,Neuroectoderm,12.75,0.8107,0.9017,0.7196,0,13.0
107,Spinal cord motor neurons,Spinal cord dorsal progenitors,Neuroectoderm,Neuroectoderm,13.0,1.1175,1.0891,1.1458,1,13.0
107,Spinal cord motor neurons,Spinal cord dorsal progenitors,Neuroectoderm,Neuroectoderm,13.25,1.2558,1.4065,1.1051,0,13.0
108,Neural crest (PNS neurons),Spinal cord/r7/r8,Neural crest,Neuroectoderm,7.0,-0.5966,-0.6052,-0.588,0,13.0
108,Neural crest (PNS neurons),Spinal cord/r7/r8,Neural crest,Neuroectoderm,7.25,-0.7531,-0.7477,-0.7586,0,13.0
108,Neural crest (PNS neurons),Spinal cord/r7/r8,Neural crest,Neuroectoderm,7.5,-0.8495,-0.8052,-0.8939,0,13.0
108,Neural crest (PNS neurons),Spinal cord/r7/r8,Neural crest,Neuroectoderm,7.75,-0.8929,-0.8566,-0.9292,0,13.0
108,Neural crest (PNS neurons),Spinal cord/r7/r8,Neural crest,Neuroectoderm,8.0,-0.9567,-0.9198,-0.9936,0,13.0
108,Neural crest (PNS neurons),Spinal cord/r7/r8,Neural crest,Neuroectoderm,8.25,-0.9573,-0.9379,-0.9768,0,13.0
108,Neural crest (PNS neurons),Spinal cord/r7/r8,Neural crest,Neuroectoderm,8.5,-0.9131,-0.9114,-0.9148,0,13.0
108,Neural crest (PNS neurons),Spinal cord/r7/r8,Neural crest,Neuroectoderm,8.75,-0.9121,-0.8865,-0.9376,0,13.0
108,Neural crest (PNS neurons),Spinal cord/r7/r8,Neural crest,Neuroectoderm,9.0,-0.8771,-0.8698,-0.8844,0,13.0
108,Neural crest (PNS neurons),Spinal cord/r7/r8,Neural crest,Neuroectoderm,9.25,-0.8484,-0.8662,-0.8307,0,13.0
108,Neural crest (PNS neurons),Spinal cord/r7/r8,Neural crest,Neuroectoderm,9.5,-0.8652,-0.9158,-0.8146,0,13.0
108,Neural crest (PNS neurons),Spinal cord/r7/r8,Neural crest,Neuroectoderm,9.75,-0.8204,-0.8945,-0.7463,0,13.0
108,Neural crest (PNS neurons),Spinal cord/r7/r8,Neural crest,Neuroectoderm,10.0,-0.7335,-0.8658,-0.6011,0,13.0
108,Neural crest (PNS neurons),Spinal cord/r7/r8,Neural crest,Neuroectoderm,10.25,-0.7075,-0.8522,-0.5628,0,13.0
108,Neural crest (PNS neurons),Spinal cord/r7/r8,Neural crest,Neuroectoderm,10.5,-0.69,-0.8368,-0.5433,0,13.0
108,Neural crest (PNS neurons),Spinal cord/r7/r8,Neural crest,Neuroectoderm,10.75,-0.6606,-0.7774,-0.5438,0,13.0
108,Neural crest (PNS neurons),Spinal cord/r7/r8,Neural crest,Neuroectoderm,11.0,-0.5947,-0.6695,-0.5199,0,13.0
108,Neural crest (PNS neurons),Spinal cord/r7/r8,Neural crest,Neuroectoderm,11.25,-0.5136,-0.5448,-0.4823,0,13.0
108,Neural crest (PNS neurons),Spinal cord/r7/r8,Neural crest,Neuroectoderm,11.5,-0.461,-0.4408,-0.4813,0,13.0
108,Neural crest (PNS neurons),Spinal cord/r7/r8,Neural crest,Neuroectoderm,11.75,-0.3917,-0.3404,-0.443,0,13.0
108,Neural crest (PNS neurons),Spinal cord/r7/r8,Neural crest,Neuroectoderm,12.0,-0.2825,-0.2647,-0.3003,0,13.0
108,Neural crest (PNS neurons),Spinal cord/r7/r8,Neural crest,Neuroectoderm,12.25,-0.1584,-0.1556,-0.1611,0,13.0
108,Neural crest (PNS neurons),Spinal cord/r7/r8,Neural crest,Neuroectoderm,12.5,0.0338,-0.0344,0.1019,0,13.0
108,Neural crest (PNS neurons),Spinal cord/r7/r8,Neural crest,Neuroectoderm,12.75,0.3265,0.2401,0.4129,0,13.0
108,Neural crest (PNS neurons),Spinal cord/r7/r8,Neural crest,Neuroectoderm,13.0,0.5915,0.4677,0.7152,1,13.0
108,Neural crest (PNS neurons),Spinal cord/r7/r8,Neural crest,Neuroectoderm,13.25,0.8918,0.7427,1.0408,1,13.0
109,Neural crest (PNS glia),Spinal cord/r7/r8,Neural crest,Neuroectoderm,7.0,-0.4284,-0.4396,-0.4171,0,13.0
109,Neural crest (PNS glia),Spinal cord/r7/r8,Neural crest,Neuroectoderm,7.25,-0.4976,-0.5218,-0.4734,0,13.0
109,Neural crest (PNS glia),Spinal cord/r7/r8,Neural crest,Neuroectoderm,7.5,-0.5613,-0.59,-0.5327,0,13.0
109,Neural crest (PNS glia),Spinal cord/r7/r8,Neural crest,Neuroectoderm,7.75,-0.6208,-0.6658,-0.5759,0,13.0
109,Neural crest (PNS glia),Spinal cord/r7/r8,Neural crest,Neuroectoderm,8.0,-0.6496,-0.6861,-0.6131,0,13.0
109,Neural crest (PNS glia),Spinal cord/r7/r8,Neural crest,Neuroectoderm,8.25,-0.6584,-0.6492,-0.6675,0,13.0
109,Neural crest (PNS glia),Spinal cord/r7/r8,Neural crest,Neuroectoderm,8.5,-0.6534,-0.644,-0.6627,0,13.0
109,Neural crest (PNS glia),Spinal cord/r7/r8,Neural crest,Neuroectoderm,8.75,-0.6569,-0.6552,-0.6586,0,13.0
109,Neural crest (PNS glia),Spinal cord/r7/r8,Neural crest,Neuroectoderm,9.0,-0.6437,-0.6768,-0.6105,0,13.0
109,Neural crest (PNS glia),Spinal cord/r7/r8,Neural crest,Neuroectoderm,9.25,-0.6517,-0.6853,-0.6181,0,13.0
109,Neural crest (PNS glia),Spinal cord/r7/r8,Neural crest,Neuroectoderm,9.5,-0.6713,-0.7081,-0.6346,0,13.0
109,Neural crest (PNS glia),Spinal cord/r7/r8,Neural crest,Neuroectoderm,9.75,-0.6517,-0.6687,-0.6347,0,13.0
109,Neural crest (PNS glia),Spinal cord/r7/r8,Neural crest,Neuroectoderm,10.0,-0.566,-0.6053,-0.5267,0,13.0
109,Neural crest (PNS glia),Spinal cord/r7/r8,Neural crest,Neuroectoderm,10.25,-0.5624,-0.6424,-0.4824,0,13.0
109,Neural crest (PNS glia),Spinal cord/r7/r8,Neural crest,Neuroectoderm,10.5,-0.5588,-0.6444,-0.4732,0,13.0
109,Neural crest (PNS glia),Spinal cord/r7/r8,Neural crest,Neuroectoderm,10.75,-0.5103,-0.5873,-0.4332,0,13.0
109,Neural crest (PNS glia),Spinal cord/r7/r8,Neural crest,Neuroectoderm,11.0,-0.4893,-0.5333,-0.4452,0,13.0
109,Neural crest (PNS glia),Spinal cord/r7/r8,Neural crest,Neuroectoderm,11.25,-0.4333,-0.4444,-0.4222,0,13.0
109,Neural crest (PNS glia),Spinal cord/r7/r8,Neural crest,Neuroectoderm,11.5,-0.399,-0.3572,-0.4409,0,13.0
109,Neural crest (PNS glia),Spinal cord/r7/r8,Neural crest,Neuroectoderm,11.75,-0.3511,-0.3371,-0.365,0,13.0
109,Neural crest (PNS glia),Spinal cord/r7/r8,Neural crest,Neuroectoderm,12.0,-0.2915,-0.281,-0.3021,0,13.0
109,Neural crest (PNS glia),Spinal cord/r7/r8,Neural crest,Neuroectoderm,12.25,-0.1144,-0.1312,-0.0976,0,13.0
109,Neural crest (PNS glia),Spinal cord/r7/r8,Neural crest,Neuroectoderm,12.5,0.0576,-0.0287,0.1438,0,13.0
109,Neural crest (PNS glia),Spinal cord/r7/r8,Neural crest,Neuroectoderm,12.75,0.2276,0.1417,0.3134,0,13.0
109,Neural crest (PNS glia),Spinal cord/r7/r8,Neural crest,Neuroectoderm,13.0,0.5421,0.4466,0.6375,1,13.0
109,Neural crest (PNS glia),Spinal cord/r7/r8,Neural crest,Neuroectoderm,13.25,0.7877,0.7443,0.8311,1,13.0
110,Hindbrain,Spinal cord dorsal progenitors,Neuroectoderm,Neuroectoderm,7.0,-0.2551,-0.3164,-0.1938,0,13.0
110,Hindbrain,Spinal cord dorsal progenitors,Neuroectoderm,Neuroectoderm,7.25,-0.3132,-0.4054,-0.2209,0,13.0
110,Hindbrain,Spinal cord dorsal progenitors,Neuroectoderm,Neuroectoderm,7.5,-0.3441,-0.4237,-0.2646,0,13.0
110,Hindbrain,Spinal cord dorsal progenitors,Neuroectoderm,Neuroectoderm,7.75,-0.341,-0.3972,-0.2848,0,13.0
110,Hindbrain,Spinal cord dorsal progenitors,Neuroectoderm,Neuroectoderm,8.0,-0.3383,-0.4014,-0.2752,0,13.0
110,Hindbrain,Spinal cord dorsal progenitors,Neuroectoderm,Neuroectoderm,8.25,-0.316,-0.3813,-0.2507,0,13.0
110,Hindbrain,Spinal cord dorsal progenitors,Neuroectoderm,Neuroectoderm,8.5,-0.2867,-0.3477,-0.2257,0,13.0
110,Hindbrain,Spinal cord dorsal progenitors,Neuroectoderm,Neuroectoderm,8.75,-0.2798,-0.3317,-0.2279,0,13.0
110,Hindbrain,Spinal cord dorsal progenitors,Neuroectoderm,Neuroectoderm,9.0,-0.289,-0.342,-0.2359,0,13.0
110,Hindbrain,Spinal cord dorsal progenitors,Neuroectoderm,Neuroectoderm,9.25,-0.2627,-0.3206,-0.2049,0,13.0
110,Hindbrain,Spinal cord dorsal progenitors,Neuroectoderm,Neuroectoderm,9.5,-0.2633,-0.3467,-0.18,0,13.0
110,Hindbrain,Spinal cord dorsal progenitors,Neuroectoderm,Neuroectoderm,9.75,-0.2689,-0.3282,-0.2096,0,13.0
110,Hindbrain,Spinal cord dorsal progenitors,Neuroectoderm,Neuroectoderm,10.0,-0.2378,-0.3023,-0.1733,0,13.0
110,Hindbrain,Spinal cord dorsal progenitors,Neuroectoderm,Neuroectoderm,10.25,-0.2433,-0.3183,-0.1683,0,13.0
110,Hindbrain,Spinal cord dorsal progenitors,Neuroectoderm,Neuroectoderm,10.5,-0.2121,-0.2929,-0.1313,0,13.0
110,Hindbrain,Spinal cord dorsal progenitors,Neuroectoderm,Neuroectoderm,10.75,-0.1805,-0.2493,-0.1118,0,13.0
110,Hindbrain,Spinal cord dorsal progenitors,Neuroectoderm,Neuroectoderm,11.0,-0.1698,-0.2138,-0.1258,0,13.0
110,Hindbrain,Spinal cord dorsal progenitors,Neuroectoderm,Neuroectoderm,11.25,-0.1569,-0.1663,-0.1476,0,13.0
110,Hindbrain,Spinal cord dorsal progenitors,Neuroectoderm,Neuroectoderm,11.5,-0.134,-0.1012,-0.1669,0,13.0
110,Hindbrain,Spinal cord dorsal progenitors,Neuroectoderm,Neuroectoderm,11.75,-0.1004,-0.0798,-0.121,0,13.0
110,Hindbrain,Spinal cord dorsal progenitors,Neuroectoderm,Neuroectoderm,12.0,-0.0533,-0.0297,-0.0769,0,13.0
110,Hindbrain,Spinal cord dorsal progenitors,Neuroectoderm,Neuroectoderm,12.25,0.0556,0.0745,0.0367,0,13.0
110,Hindbrain,Spinal cord dorsal progenitors,Neuroectoderm,Neuroectoderm,12.5,0.1763,0.1571,0.1955,0,13.0
110,Hindbrain,Spinal cord dorsal progenitors,Neuroectoderm,Neuroectoderm,12.75,0.3843,0.303,0.4655,0,13.0
110,Hindbrain,Spinal cord dorsal progenitors,Neuroectoderm,Neuroectoderm,13.0,0.5937,0.5315,0.656,1,13.0
110,Hindbrain,Spinal cord dorsal progenitors,Neuroectoderm,Neuroectoderm,13.25,0.7195,0.6111,0.828,1,13.0
111,GABAergic neurons,Spinal cord motor neurons,Neuroectoderm,Neuroectoderm,7.0,-0.2669,-0.3278,-0.206,0,13.0
111,GABAergic neurons,Spinal cord motor neurons,Neuroectoderm,Neuroectoderm,7.25,-0.2998,-0.3619,-0.2376,0,13.0
111,GABAergic neurons,Spinal cord motor neurons,Neuroectoderm,Neuroectoderm,7.5,-0.299,-0.3735,-0.2244,0,13.0
111,GABAergic neurons,Spinal cord motor neurons,Neuroectoderm,Neuroectoderm,7.75,-0.3021,-0.3424,-0.2618,0,13.0
111,GABAergic neurons,Spinal cord motor neurons,Neuroectoderm,Neuroectoderm,8.0,-0.3261,-0.3638,-0.2884,0,13.0
111,GABAergic neurons,Spinal cord motor neurons,Neuroectoderm,Neuroectoderm,8.25,-0.3299,-0.3465,-0.3133,0,13.0
111,GABAergic neurons,Spinal cord motor neurons,Neuroectoderm,Neuroectoderm,8.5,-0.3251,-0.32,-0.3303,0,13.0
111,GABAergic neurons,Spinal cord motor neurons,Neuroectoderm,Neuroectoderm,8.75,-0.2983,-0.2804,-0.3162,0,13.0
111,GABAergic neurons,Spinal cord motor neurons,Neuroectoderm,Neuroectoderm,9.0,-0.2818,-0.2916,-0.2721,0,13.0
111,GABAergic neurons,Spinal cord motor neurons,Neuroectoderm,Neuroectoderm,9.25,-0.2595,-0.2706,-0.2483,0,13.0
111,GABAergic neurons,Spinal cord motor neurons,Neuroectoderm,Neuroectoderm,9.5,-0.2349,-0.2552,-0.2146,0,13.0
111,GABAergic neurons,Spinal cord motor neurons,Neuroectoderm,Neuroectoderm,9.75,-0.1963,-0.2317,-0.1608,0,13.0
111,GABAergic neurons,Spinal cord motor neurons,Neuroectoderm,Neuroectoderm,10.0,-0.168,-0.2034,-0.1326,0,13.0
111,GABAergic neurons,Spinal cord motor neurons,Neuroectoderm,Neuroectoderm,10.25,-0.1467,-0.1387,-0.1547,0,13.0
111,GABAergic neurons,Spinal cord motor neurons,Neuroectoderm,Neuroectoderm,10.5,-0.0879,-0.0921,-0.0837,0,13.0
111,GABAergic neurons,Spinal cord motor neurons,Neuroectoderm,Neuroectoderm,10.75,-0.0444,-0.0458,-0.043,0,13.0
111,GABAergic neurons,Spinal cord motor neurons,Neuroectoderm,Neuroectoderm,11.0,0.0057,0.004,0.0074,0,13.0
111,GABAergic neurons,Spinal cord motor neurons,Neuroectoderm,Neuroectoderm,11.25,0.0416,0.0547,0.0286,0,13.0
111,GABAergic neurons,Spinal cord motor neurons,Neuroectoderm,Neuroectoderm,11.5,0.0778,0.0909,0.0648,0,13.0
111,GABAergic neurons,Spinal cord motor neurons,Neuroectoderm,Neuroectoderm,11.75,0.1184,0.1498,0.087,0,13.0
111,GABAergic neurons,Spinal cord motor neurons,Neuroectoderm,Neuroectoderm,12.0,0.2065,0.2037,0.2093,0,13.0
111,GABAergic neurons,Spinal cord motor neurons,Neuroectoderm,Neuroectoderm,12.25,0.2418,0.2807,0.2029,0,13.0
111,GABAergic neurons,Spinal cord motor neurons,Neuroectoderm,Neuroectoderm,12.5,0.3107,0.3439,0.2775,0,13.0
111,GABAergic neurons,Spinal cord motor neurons,Neuroectoderm,Neuroectoderm,12.75,0.4413,0.4871,0.3954,0,13.0
111,GABAergic neurons,Spinal cord motor neurons,Neuroectoderm,Neuroectoderm,13.0,0.5734,0.5792,0.5675,1,13.0
111,GABAergic neurons,Spinal cord motor neurons,Neuroectoderm,Neuroectoderm,13.25,0.694,0.6858,0.7022,1,13.0
112,Cajal-Retzius cells,Deep-layer neurons,Neuroectoderm,Neuroectoderm,7.0,-0.6815,-0.7221,-0.6408,0,13.0
112,Cajal-Retzius cells,Deep-layer neurons,Neuroectoderm,Neuroectoderm,7.25,-0.8522,-0.9105,-0.794,0,13.0
112,Cajal-Retzius cells,Deep-layer neurons,Neuroectoderm,Neuroectoderm,7.5,-0.9547,-1.033,-0.8765,0,13.0
112,Cajal-Retzius cells,Deep-layer neurons,Neuroectoderm,Neuroectoderm,7.75,-1.0349,-1.121,-0.9488,0,13.0
112,Cajal-Retzius cells,Deep-layer neurons,Neuroectoderm,Neuroectoderm,8.0,-1.053,-1.153,-0.9529,0,13.0
112,Cajal-Retzius cells,Deep-layer neurons,Neuroectoderm,Neuroectoderm,8.25,-1.0719,-1.1792,-0.9646,0,13.0
112,Cajal-Retzius cells,Deep-layer neurons,Neuroectoderm,Neuroectoderm,8.5,-1.0625,-1.1691,-0.9559,0,13.0
112,Cajal-Retzius cells,Deep-layer neurons,Neuroectoderm,Neuroectoderm,8.75,-1.0354,-1.1467,-0.924,0,13.0
112,Cajal-Retzius cells,Deep-layer neurons,Neuroectoderm,Neuroectoderm,9.0,-0.9986,-1.1194,-0.8779,0,13.0
112,Cajal-Retzius cells,Deep-layer neurons,Neuroectoderm,Neuroectoderm,9.25,-0.9312,-1.063,-0.7994,0,13.0
112,Cajal-Retzius cells,Deep-layer neurons,Neuroectoderm,Neuroectoderm,9.5,-0.8485,-0.9837,-0.7132,0,13.0
112,Cajal-Retzius cells,Deep-layer neurons,Neuroectoderm,Neuroectoderm,9.75,-0.7818,-0.9323,-0.6312,0,13.0
112,Cajal-Retzius cells,Deep-layer neurons,Neuroectoderm,Neuroectoderm,10.0,-0.7121,-0.8525,-0.5716,0,13.0
112,Cajal-Retzius cells,Deep-layer neurons,Neuroectoderm,Neuroectoderm,10.25,-0.6426,-0.7882,-0.4969,0,13.0
112,Cajal-Retzius cells,Deep-layer neurons,Neuroectoderm,Neuroectoderm,10.5,-0.5622,-0.6958,-0.4287,0,13.0
112,Cajal-Retzius cells,Deep-layer neurons,Neuroectoderm,Neuroectoderm,10.75,-0.4824,-0.6161,-0.3488,0,13.0
112,Cajal-Retzius cells,Deep-layer neurons,Neuroectoderm,Neuroectoderm,11.0,-0.4078,-0.5422,-0.2735,0,13.0
112,Cajal-Retzius cells,Deep-layer neurons,Neuroectoderm,Neuroectoderm,11.25,-0.3156,-0.4438,-0.1873,0,13.0
112,Cajal-Retzius cells,Deep-layer neurons,Neuroectoderm,Neuroectoderm,11.5,-0.2297,-0.341,-0.1184,0,13.0
112,Cajal-Retzius cells,Deep-layer neurons,Neuroectoderm,Neuroectoderm,11.75,-0.1656,-0.2605,-0.0707,0,13.0
112,Cajal-Retzius cells,Deep-layer neurons,Neuroectoderm,Neuroectoderm,12.0,-0.1084,-0.1806,-0.0361,0,13.0
112,Cajal-Retzius cells,Deep-layer neurons,Neuroectoderm,Neuroectoderm,12.25,-0.0589,-0.1094,-0.0083,0,13.0
112,Cajal-Retzius cells,Deep-layer neurons,Neuroectoderm,Neuroectoderm,12.5,-0.0218,-0.054,0.0104,0,13.0
112,Cajal-Retzius cells,Deep-layer neurons,Neuroectoderm,Neuroectoderm,12.75,0.0458,0.0306,0.0609,0,13.0
112,Cajal-Retzius cells,Deep-layer neurons,Neuroectoderm,Neuroectoderm,13.0,0.1803,0.1748,0.1858,1,13.0
112,Cajal-Retzius cells,Deep-layer neurons,Neuroectoderm,Neuroectoderm,13.25,0.3483,0.3654,0.3312,1,13.0
113,Early chondrocytes,Fibroblasts,Mesoderm,Mesoderm,7.0,-0.039,-0.0863,0.0083,0,13.0
113,Early chondrocytes,Fibroblasts,Mesoderm,Mesoderm,7.25,-0.0327,-0.0844,0.019,0,13.0
113,Early chondrocytes,Fibroblasts,Mesoderm,Mesoderm,7.5,-0.0227,-0.0688,0.0234,0,13.0
113,Early chondrocytes,Fibroblasts,Mesoderm,Mesoderm,7.75,-0.0237,-0.0699,0.0225,0,13.0
113,Early chondrocytes,Fibroblasts,Mesoderm,Mesoderm,8.0,-0.0131,-0.0603,0.0341,0,13.0
113,Early chondrocytes,Fibroblasts,Mesoderm,Mesoderm,8.25,-0.0098,-0.0534,0.0337,0,13.0
113,Early chondrocytes,Fibroblasts,Mesoderm,Mesoderm,8.5,-0.008,-0.0541,0.0381,0,13.0
113,Early chondrocytes,Fibroblasts,Mesoderm,Mesoderm,8.75,-0.0184,-0.0676,0.0308,0,13.0
113,Early chondrocytes,Fibroblasts,Mesoderm,Mesoderm,9.0,-0.023,-0.0679,0.022,0,13.0
113,Early chondrocytes,Fibroblasts,Mesoderm,Mesoderm,9.25,-0.0168,-0.0589,0.0253,0,13.0
113,Early chondrocytes,Fibroblasts,Mesoderm,Mesoderm,9.5,-0.026,-0.0659,0.0139,0,13.0
113,Early chondrocytes,Fibroblasts,Mesoderm,Mesoderm,9.75,-0.0304,-0.0661,0.0053,0,13.0
113,Early chondrocytes,Fibroblasts,Mesoderm,Mesoderm,10.0,-0.0396,-0.0704,-0.0087,0,13.0
113,Early chondrocytes,Fibroblasts,Mesoderm,Mesoderm,10.25,-0.0341,-0.0652,-0.0029,0,13.0
113,Early chondrocytes,Fibroblasts,Mesoderm,Mesoderm,10.5,-0.0226,-0.0605,0.0152,0,13.0
113,Early chondrocytes,Fibroblasts,Mesoderm,Mesoderm,10.75,-0.014,-0.0535,0.0254,0,13.0
113,Early chondrocytes,Fibroblasts,Mesoderm,Mesoderm,11.0,-0.0056,-0.0501,0.0389,0,13.0
113,Early chondrocytes,Fibroblasts,Mesoderm,Mesoderm,11.25,0.0124,-0.0316,0.0564,0,13.0
113,Early chondrocytes,Fibroblasts,Mesoderm,Mesoderm,11.5,0.0233,-0.0164,0.063,0,13.0
113,Early chondrocytes,Fibroblasts,Mesoderm,Mesoderm,11.75,0.0377,-0.0037,0.079,0,13.0
113,Early chondrocytes,Fibroblasts,Mesoderm,Mesoderm,12.0,0.0528,0.0169,0.0887,0,13.0
113,Early chondrocytes,Fibroblasts,Mesoderm,Mesoderm,12.25,0.0566,0.0294,0.0838,0,13.0
113,Early chondrocytes,Fibroblasts,Mesoderm,Mesoderm,12.5,0.0737,0.0629,0.0845,0,13.0
113,Early chondrocytes,Fibroblasts,Mesoderm,Mesoderm,12.75,0.0882,0.0872,0.0892,0,13.0
113,Early chondrocytes,Fibroblasts,Mesoderm,Mesoderm,13.0,0.154,0.1656,0.1423,1,13.0
113,Early chondrocytes,Fibroblasts,Mesoderm,Mesoderm,13.25,0.2804,0.2926,0.2681,1,13.0
114,Muscle progenitor cells,Myoblasts,Mesoderm,Mesoderm,7.0,-0.0938,-0.1751,-0.0126,0,13.25
114,Muscle progenitor cells,Myoblasts,Mesoderm,Mesoderm,7.25,-0.0959,-0.1045,-0.0873,0,13.25
114,Muscle progenitor cells,Myoblasts,Mesoderm,Mesoderm,7.5,-0.0922,-0.0553,-0.1291,0,13.25
114,Muscle progenitor cells,Myoblasts,Mesoderm,Mesoderm,7.75,-0.0758,-0.0652,-0.0863,0,13.25
114,Muscle progenitor cells,Myoblasts,Mesoderm,Mesoderm,8.0,-0.0739,-0.0882,-0.0597,0,13.25
114,Muscle progenitor cells,Myoblasts,Mesoderm,Mesoderm,8.25,-0.0733,-0.0876,-0.0589,0,13.25
114,Muscle progenitor cells,Myoblasts,Mesoderm,Mesoderm,8.5,-0.046,-0.0585,-0.0336,0,13.25
114,Muscle progenitor cells,Myoblasts,Mesoderm,Mesoderm,8.75,-0.0021,-0.0254,0.0211,0,13.25
114,Muscle progenitor cells,Myoblasts,Mesoderm,Mesoderm,9.0,0.0093,0.0185,0.0001,0,13.25
114,Muscle progenitor cells,Myoblasts,Mesoderm,Mesoderm,9.25,0.0718,0.1153,0.0283,0,13.25
114,Muscle progenitor cells,Myoblasts,Mesoderm,Mesoderm,9.5,0.1171,0.1873,0.0468,0,13.25
114,Muscle progenitor cells,Myoblasts,Mesoderm,Mesoderm,9.75,0.193,0.2629,0.1231,0,13.25
114,Muscle progenitor cells,Myoblasts,Mesoderm,Mesoderm,10.0,0.2365,0.3269,0.146,0,13.25
114,Muscle progenitor cells,Myoblasts,Mesoderm,Mesoderm,10.25,0.2955,0.4058,0.1853,0,13.25
114,Muscle progenitor cells,Myoblasts,Mesoderm,Mesoderm,10.5,0.3617,0.4633,0.26,0,13.25
114,Muscle progenitor cells,Myoblasts,Mesoderm,Mesoderm,10.75,0.4266,0.5385,0.3147,0,13.25
114,Muscle progenitor cells,Myoblasts,Mesoderm,Mesoderm,11.0,0.4914,0.6103,0.3726,0,13.25
114,Muscle progenitor cells,Myoblasts,Mesoderm,Mesoderm,11.25,0.5676,0.6859,0.4493,0,13.25
114,Muscle progenitor cells,Myoblasts,Mesoderm,Mesoderm,11.5,0.623,0.7469,0.4991,0,13.25
114,Muscle progenitor cells,Myoblasts,Mesoderm,Mesoderm,11.75,0.7159,0.8753,0.5565,0,13.25
114,Muscle progenitor cells,Myoblasts,Mesoderm,Mesoderm,12.0,0.733,0.9124,0.5536,0,13.25
114,Muscle progenitor cells,Myoblasts,Mesoderm,Mesoderm,12.25,0.7515,0.9495,0.5535,0,13.25
114,Muscle progenitor cells,Myoblasts,Mesoderm,Mesoderm,12.5,0.9731,1.1415,0.8047,0,13.25
114,Muscle progenitor cells,Myoblasts,Mesoderm,Mesoderm,12.75,1.0277,1.1758,0.8796,0,13.25
114,Muscle progenitor cells,Myoblasts,Mesoderm,Mesoderm,13.0,1.2112,1.4375,0.9848,0,13.25
114,Muscle progenitor cells,Myoblasts,Mesoderm,Mesoderm,13.25,1.3932,1.5041,1.2823,1,13.25
115,Branchial arch epithelium,Olfactory sensory neurons,Surface ectoderm,Surface ectoderm,7.0,-1.4565,-1.3015,-1.6116,0,13.25
115,Branchial arch epithelium,Olfactory sensory neurons,Surface ectoderm,Surface ectoderm,7.25,-1.6756,-1.5847,-1.7664,0,13.25
115,Branchial arch epithelium,Olfactory sensory neurons,Surface ectoderm,Surface ectoderm,7.5,-1.7631,-1.6897,-1.8365,0,13.25
115,Branchial arch epithelium,Olfactory sensory neurons,Surface ectoderm,Surface ectoderm,7.75,-1.8127,-1.8302,-1.7951,0,13.25
115,Branchial arch epithelium,Olfactory sensory neurons,Surface ectoderm,Surface ectoderm,8.0,-1.7742,-1.8731,-1.6752,0,13.25
115,Branchial arch epithelium,Olfactory sensory neurons,Surface ectoderm,Surface ectoderm,8.25,-1.7657,-1.9228,-1.6086,0,13.25
115,Branchial arch epithelium,Olfactory sensory neurons,Surface ectoderm,Surface ectoderm,8.5,-1.7422,-1.9266,-1.5578,0,13.25
115,Branchial arch epithelium,Olfactory sensory neurons,Surface ectoderm,Surface ectoderm,8.75,-1.7055,-1.8621,-1.5488,0,13.25
115,Branchial arch epithelium,Olfactory sensory neurons,Surface ectoderm,Surface ectoderm,9.0,-1.6101,-1.8035,-1.4167,0,13.25
115,Branchial arch epithelium,Olfactory sensory neurons,Surface ectoderm,Surface ectoderm,9.25,-1.5272,-1.7698,-1.2846,0,13.25
115,Branchial arch epithelium,Olfactory sensory neurons,Surface ectoderm,Surface ectoderm,9.5,-1.4718,-1.7653,-1.1784,0,13.25
115,Branchial arch epithelium,Olfactory sensory neurons,Surface ectoderm,Surface ectoderm,9.75,-1.3628,-1.6398,-1.0858,0,13.25
115,Branchial arch epithelium,Olfactory sensory neurons,Surface ectoderm,Surface ectoderm,10.0,-1.2457,-1.5403,-0.9511,0,13.25
115,Branchial arch epithelium,Olfactory sensory neurons,Surface ectoderm,Surface ectoderm,10.25,-1.0944,-1.4214,-0.7673,0,13.25
115,Branchial arch epithelium,Olfactory sensory neurons,Surface ectoderm,Surface ectoderm,10.5,-1.0001,-1.2468,-0.7534,0,13.25
115,Branchial arch epithelium,Olfactory sensory neurons,Surface ectoderm,Surface ectoderm,10.75,-0.8888,-1.0477,-0.7299,0,13.25
115,Branchial arch epithelium,Olfactory sensory neurons,Surface ectoderm,Surface ectoderm,11.0,-0.8039,-0.8584,-0.7494,0,13.25
115,Branchial arch epithelium,Olfactory sensory neurons,Surface ectoderm,Surface ectoderm,11.25,-0.7031,-0.7352,-0.671,0,13.25
115,Branchial arch epithelium,Olfactory sensory neurons,Surface ectoderm,Surface ectoderm,11.5,-0.6229,-0.609,-0.6368,0,13.25
115,Branchial arch epithelium,Olfactory sensory neurons,Surface ectoderm,Surface ectoderm,11.75,-0.5475,-0.554,-0.541,0,13.25
115,Branchial arch epithelium,Olfactory sensory neurons,Surface ectoderm,Surface ectoderm,12.0,-0.3576,-0.3646,-0.3506,0,13.25
115,Branchial arch epithelium,Olfactory sensory neurons,Surface ectoderm,Surface ectoderm,12.25,-0.1623,-0.1115,-0.2131,0,13.25
115,Branchial arch epithelium,Olfactory sensory neurons,Surface ectoderm,Surface ectoderm,12.5,0.1276,0.2112,0.044,0,13.25
115,Branchial arch epithelium,Olfactory sensory neurons,Surface ectoderm,Surface ectoderm,12.75,0.4786,0.6566,0.3005,0,13.25
115,Branchial arch epithelium,Olfactory sensory neurons,Surface ectoderm,Surface ectoderm,13.0,0.9272,1.1583,0.6961,0,13.25
115,Branchial arch epithelium,Olfactory sensory neurons,Surface ectoderm,Surface ectoderm,13.25,1.3154,1.5431,1.0877,1,13.25
116,Astrocytes,Floorplate and p3 domain,Neuroectoderm,Neuroectoderm,7.0,-0.2848,-0.4411,-0.1284,0,13.25
116,Astrocytes,Floorplate and p3 domain,Neuroectoderm,Neuroectoderm,7.25,-0.3061,-0.4223,-0.1898,0,13.25
116,Astrocytes,Floorplate and p3 domain,Neuroectoderm,Neuroectoderm,7.5,-0.3592,-0.5072,-0.2112,0,13.25
116,Astrocytes,Floorplate and p3 domain,Neuroectoderm,Neuroectoderm,7.75,-0.4718,-0.606,-0.3377,0,13.25
116,Astrocytes,Floorplate and p3 domain,Neuroectoderm,Neuroectoderm,8.0,-0.5113,-0.6245,-0.3981,0,13.25
116,Astrocytes,Floorplate and p3 domain,Neuroectoderm,Neuroectoderm,8.25,-0.5423,-0.6517,-0.4328,0,13.25
116,Astrocytes,Floorplate and p3 domain,Neuroectoderm,Neuroectoderm,8.5,-0.5349,-0.5551,-0.5147,0,13.25
116,Astrocytes,Floorplate and p3 domain,Neuroectoderm,Neuroectoderm,8.75,-0.5183,-0.5094,-0.5271,0,13.25
116,Astrocytes,Floorplate and p3 domain,Neuroectoderm,Neuroectoderm,9.0,-0.4886,-0.539,-0.4383,0,13.25
116,Astrocytes,Floorplate and p3 domain,Neuroectoderm,Neuroectoderm,9.25,-0.4758,-0.572,-0.3795,0,13.25
116,Astrocytes,Floorplate and p3 domain,Neuroectoderm,Neuroectoderm,9.5,-0.4793,-0.6222,-0.3363,0,13.25
116,Astrocytes,Floorplate and p3 domain,Neuroectoderm,Neuroectoderm,9.75,-0.4569,-0.6286,-0.2852,0,13.25
116,Astrocytes,Floorplate and p3 domain,Neuroectoderm,Neuroectoderm,10.0,-0.4682,-0.6309,-0.3055,0,13.25
116,Astrocytes,Floorplate and p3 domain,Neuroectoderm,Neuroectoderm,10.25,-0.4872,-0.6579,-0.3165,0,13.25
116,Astrocytes,Floorplate and p3 domain,Neuroectoderm,Neuroectoderm,10.5,-0.5255,-0.7076,-0.3433,0,13.25
116,Astrocytes,Floorplate and p3 domain,Neuroectoderm,Neuroectoderm,10.75,-0.4859,-0.6566,-0.3152,0,13.25
116,Astrocytes,Floorplate and p3 domain,Neuroectoderm,Neuroectoderm,11.0,-0.4234,-0.5867,-0.2602,0,13.25
116,Astrocytes,Floorplate and p3 domain,Neuroectoderm,Neuroectoderm,11.25,-0.306,-0.3814,-0.2306,0,13.25
116,Astrocytes,Floorplate and p3 domain,Neuroectoderm,Neuroectoderm,11.5,-0.1558,-0.2362,-0.0753,0,13.25
116,Astrocytes,Floorplate and p3 domain,Neuroectoderm,Neuroectoderm,11.75,0.0677,-0.031,0.1664,0,13.25
116,Astrocytes,Floorplate and p3 domain,Neuroectoderm,Neuroectoderm,12.0,0.0751,0.0965,0.0537,0,13.25
116,Astrocytes,Floorplate and p3 domain,Neuroectoderm,Neuroectoderm,12.25,0.1226,0.0681,0.1771,0,13.25
116,Astrocytes,Floorplate and p3 domain,Neuroectoderm,Neuroectoderm,12.5,0.2253,0.0254,0.4252,0,13.25
116,Astrocytes,Floorplate and p3 domain,Neuroectoderm,Neuroectoderm,12.75,0.613,0.5173,0.7088,0,13.25
116,Astrocytes,Floorplate and p3 domain,Neuroectoderm,Neuroectoderm,13.0,0.9532,0.8237,1.0827,0,13.25
116,Astrocytes,Floorplate and p3 domain,Neuroectoderm,Neuroectoderm,13.25,1.2644,1.172,1.3568,1,13.25
117,Midbrain,Midbrain-hindbrain boundary,Neuroectoderm,Neuroectoderm,7.0,-0.6478,-0.6918,-0.6038,0,13.25
117,Midbrain,Midbrain-hindbrain boundary,Neuroectoderm,Neuroectoderm,7.25,-0.6976,-0.7667,-0.6285,0,13.25
117,Midbrain,Midbrain-hindbrain boundary,Neuroectoderm,Neuroectoderm,7.5,-0.7267,-0.7976,-0.6559,0,13.25
117,Midbrain,Midbrain-hindbrain boundary,Neuroectoderm,Neuroectoderm,7.75,-0.6616,-0.7929,-0.5303,0,13.25
117,Midbrain,Midbrain-hindbrain boundary,Neuroectoderm,Neuroectoderm,8.0,-0.6145,-0.7111,-0.518,0,13.25
117,Midbrain,Midbrain-hindbrain boundary,Neuroectoderm,Neuroectoderm,8.25,-0.5768,-0.6616,-0.4919,0,13.25
117,Midbrain,Midbrain-hindbrain boundary,Neuroectoderm,Neuroectoderm,8.5,-0.4782,-0.516,-0.4405,0,13.25
117,Midbrain,Midbrain-hindbrain boundary,Neuroectoderm,Neuroectoderm,8.75,-0.4207,-0.4576,-0.3839,0,13.25
117,Midbrain,Midbrain-hindbrain boundary,Neuroectoderm,Neuroectoderm,9.0,-0.4221,-0.4608,-0.3835,0,13.25
117,Midbrain,Midbrain-hindbrain boundary,Neuroectoderm,Neuroectoderm,9.25,-0.3986,-0.4312,-0.3661,0,13.25
117,Midbrain,Midbrain-hindbrain boundary,Neuroectoderm,Neuroectoderm,9.5,-0.3364,-0.3877,-0.2851,0,13.25
117,Midbrain,Midbrain-hindbrain boundary,Neuroectoderm,Neuroectoderm,9.75,-0.3014,-0.3908,-0.2121,0,13.25
117,Midbrain,Midbrain-hindbrain boundary,Neuroectoderm,Neuroectoderm,10.0,-0.2359,-0.289,-0.1828,0,13.25
117,Midbrain,Midbrain-hindbrain boundary,Neuroectoderm,Neuroectoderm,10.25,-0.198,-0.2181,-0.1779,0,13.25
117,Midbrain,Midbrain-hindbrain boundary,Neuroectoderm,Neuroectoderm,10.5,-0.1396,-0.1444,-0.1348,0,13.25
117,Midbrain,Midbrain-hindbrain boundary,Neuroectoderm,Neuroectoderm,10.75,-0.0212,-0.0547,0.0124,0,13.25
117,Midbrain,Midbrain-hindbrain boundary,Neuroectoderm,Neuroectoderm,11.0,0.0408,0.0443,0.0373,0,13.25
117,Midbrain,Midbrain-hindbrain boundary,Neuroectoderm,Neuroectoderm,11.25,0.0144,0.2,-0.1712,0,13.25
117,Midbrain,Midbrain-hindbrain boundary,Neuroectoderm,Neuroectoderm,11.5,0.1408,0.3272,-0.0457,0,13.25
117,Midbrain,Midbrain-hindbrain boundary,Neuroectoderm,Neuroectoderm,11.75,0.1966,0.3731,0.0201,0,13.25
117,Midbrain,Midbrain-hindbrain boundary,Neuroectoderm,Neuroectoderm,12.0,0.1752,0.3442,0.0062,0,13.25
117,Midbrain,Midbrain-hindbrain boundary,Neuroectoderm,Neuroectoderm,12.25,0.2799,0.4195,0.1403,0,13.25
117,Midbrain,Midbrain-hindbrain boundary,Neuroectoderm,Neuroectoderm,12.5,0.4061,0.5522,0.26,0,13.25
117,Midbrain,Midbrain-hindbrain boundary,Neuroectoderm,Neuroectoderm,12.75,0.7488,0.7994,0.6981,0,13.25
117,Midbrain,Midbrain-hindbrain boundary,Neuroectoderm,Neuroectoderm,13.0,1.0052,1.0094,1.001,0,13.25
117,Midbrain,Midbrain-hindbrain boundary,Neuroectoderm,Neuroectoderm,13.25,1.2213,1.2782,1.1644,1,13.25
118,Diencephalon,Dorsal telencephalon,Neuroectoderm,Neuroectoderm,7.0,-1.3013,-1.378,-1.2245,0,13.25
118,Diencephalon,Dorsal telencephalon,Neuroectoderm,Neuroectoderm,7.25,-1.4376,-1.5384,-1.3369,0,13.25
118,Diencephalon,Dorsal telencephalon,Neuroectoderm,Neuroectoderm,7.5,-1.5043,-1.6262,-1.3825,0,13.25
118,Diencephalon,Dorsal telencephalon,Neuroectoderm,Neuroectoderm,7.75,-1.5206,-1.6705,-1.3708,0,13.25
118,Diencephalon,Dorsal telencephalon,Neuroectoderm,Neuroectoderm,8.0,-1.5153,-1.6724,-1.3581,0,13.25
118,Diencephalon,Dorsal telencephalon,Neuroectoderm,Neuroectoderm,8.25,-1.4733,-1.5963,-1.3504,0,13.25
118,Diencephalon,Dorsal telencephalon,Neuroectoderm,Neuroectoderm,8.5,-1.4166,-1.5354,-1.2978,0,13.25
118,Diencephalon,Dorsal telencephalon,Neuroectoderm,Neuroectoderm,8.75,-1.3187,-1.4204,-1.2171,0,13.25
118,Diencephalon,Dorsal telencephalon,Neuroectoderm,Neuroectoderm,9.0,-1.2517,-1.3696,-1.1338,0,13.25
118,Diencephalon,Dorsal telencephalon,Neuroectoderm,Neuroectoderm,9.25,-1.187,-1.3307,-1.0434,0,13.25
118,Diencephalon,Dorsal telencephalon,Neuroectoderm,Neuroectoderm,9.5,-1.1222,-1.2485,-0.996,0,13.25
118,Diencephalon,Dorsal telencephalon,Neuroectoderm,Neuroectoderm,9.75,-0.9936,-1.0748,-0.9125,0,13.25
118,Diencephalon,Dorsal telencephalon,Neuroectoderm,Neuroectoderm,10.0,-0.9139,-0.9945,-0.8333,0,13.25
118,Diencephalon,Dorsal telencephalon,Neuroectoderm,Neuroectoderm,10.25,-0.7818,-0.8483,-0.7153,0,13.25
118,Diencephalon,Dorsal telencephalon,Neuroectoderm,Neuroectoderm,10.5,-0.7409,-0.8198,-0.662,0,13.25
118,Diencephalon,Dorsal telencephalon,Neuroectoderm,Neuroectoderm,10.75,-0.6716,-0.7837,-0.5594,0,13.25
118,Diencephalon,Dorsal telencephalon,Neuroectoderm,Neuroectoderm,11.0,-0.6668,-0.7207,-0.6128,0,13.25
118,Diencephalon,Dorsal telencephalon,Neuroectoderm,Neuroectoderm,11.25,-0.6357,-0.6443,-0.6271,0,13.25
118,Diencephalon,Dorsal telencephalon,Neuroectoderm,Neuroectoderm,11.5,-0.4641,-0.4461,-0.482,0,13.25
118,Diencephalon,Dorsal telencephalon,Neuroectoderm,Neuroectoderm,11.75,-0.4429,-0.4915,-0.3944,0,13.25
118,Diencephalon,Dorsal telencephalon,Neuroectoderm,Neuroectoderm,12.0,-0.4333,-0.3985,-0.4681,0,13.25
118,Diencephalon,Dorsal telencephalon,Neuroectoderm,Neuroectoderm,12.25,-0.3112,-0.2019,-0.4205,0,13.25
118,Diencephalon,Dorsal telencephalon,Neuroectoderm,Neuroectoderm,12.5,-0.1193,0.05,-0.2887,0,13.25
118,Diencephalon,Dorsal telencephalon,Neuroectoderm,Neuroectoderm,12.75,0.2885,0.5969,-0.02,0,13.25
118,Diencephalon,Dorsal telencephalon,Neuroectoderm,Neuroectoderm,13.0,0.7014,1.0149,0.388,0,13.25
118,Diencephalon,Dorsal telencephalon,Neuroectoderm,Neuroectoderm,13.25,1.2076,1.549,0.8662,1,13.25
119,Olfactory epithelial cells,Granular keratinocytes,Surface ectoderm,Surface ectoderm,7.0,-1.0947,-1.0776,-1.1118,0,13.25
119,Olfactory epithelial cells,Granular keratinocytes,Surface ectoderm,Surface ectoderm,7.25,-1.2817,-1.2632,-1.3003,0,13.25
119,Olfactory epithelial cells,Granular keratinocytes,Surface ectoderm,Surface ectoderm,7.5,-1.427,-1.387,-1.467,0,13.25
119,Olfactory epithelial cells,Granular keratinocytes,Surface ectoderm,Surface ectoderm,7.75,-1.5474,-1.541,-1.5537,0,13.25
119,Olfactory epithelial cells,Granular keratinocytes,Surface ectoderm,Surface ectoderm,8.0,-1.5901,-1.6257,-1.5544,0,13.25
119,Olfactory epithelial cells,Granular keratinocytes,Surface ectoderm,Surface ectoderm,8.25,-1.6288,-1.6701,-1.5874,0,13.25
119,Olfactory epithelial cells,Granular keratinocytes,Surface ectoderm,Surface ectoderm,8.5,-1.6602,-1.698,-1.6224,0,13.25
119,Olfactory epithelial cells,Granular keratinocytes,Surface ectoderm,Surface ectoderm,8.75,-1.6633,-1.752,-1.5747,0,13.25
119,Olfactory epithelial cells,Granular keratinocytes,Surface ectoderm,Surface ectoderm,9.0,-1.6848,-1.8044,-1.5652,0,13.25
119,Olfactory epithelial cells,Granular keratinocytes,Surface ectoderm,Surface ectoderm,9.25,-1.6344,-1.8159,-1.453,0,13.25
119,Olfactory epithelial cells,Granular keratinocytes,Surface ectoderm,Surface ectoderm,9.5,-1.5689,-1.7656,-1.3722,0,13.25
119,Olfactory epithelial cells,Granular keratinocytes,Surface ectoderm,Surface ectoderm,9.75,-1.4159,-1.6762,-1.1556,0,13.25
119,Olfactory epithelial cells,Granular keratinocytes,Surface ectoderm,Surface ectoderm,10.0,-1.3245,-1.5832,-1.0659,0,13.25
119,Olfactory epithelial cells,Granular keratinocytes,Surface ectoderm,Surface ectoderm,10.25,-1.242,-1.4833,-1.0006,0,13.25
119,Olfactory epithelial cells,Granular keratinocytes,Surface ectoderm,Surface ectoderm,10.5,-1.2097,-1.4016,-1.0179,0,13.25
119,Olfactory epithelial cells,Granular keratinocytes,Surface ectoderm,Surface ectoderm,10.75,-1.1077,-1.2436,-0.9718,0,13.25
119,Olfactory epithelial cells,Granular keratinocytes,Surface ectoderm,Surface ectoderm,11.0,-0.9926,-1.1024,-0.8827,0,13.25
119,Olfactory epithelial cells,Granular keratinocytes,Surface ectoderm,Surface ectoderm,11.25,-0.9896,-1.0433,-0.9358,0,13.25
119,Olfactory epithelial cells,Granular keratinocytes,Surface ectoderm,Surface ectoderm,11.5,-0.9756,-0.9207,-1.0305,0,13.25
119,Olfactory epithelial cells,Granular keratinocytes,Surface ectoderm,Surface ectoderm,11.75,-0.7918,-0.6946,-0.889,0,13.25
119,Olfactory epithelial cells,Granular keratinocytes,Surface ectoderm,Surface ectoderm,12.0,-0.5883,-0.5551,-0.6215,0,13.25
119,Olfactory epithelial cells,Granular keratinocytes,Surface ectoderm,Surface ectoderm,12.25,-0.4077,-0.3484,-0.467,0,13.25
119,Olfactory epithelial cells,Granular keratinocytes,Surface ectoderm,Surface ectoderm,12.5,-0.0147,0.0026,-0.0319,0,13.25
119,Olfactory epithelial cells,Granular keratinocytes,Surface ectoderm,Surface ectoderm,12.75,0.3969,0.3347,0.4592,0,13.25
119,Olfactory epithelial cells,Granular keratinocytes,Surface ectoderm,Surface ectoderm,13.0,0.7026,0.6001,0.805,0,13.25
119,Olfactory epithelial cells,Granular keratinocytes,Surface ectoderm,Surface ectoderm,13.25,1.1021,0.9939,1.2102,1,13.25
120,Neural crest (PNS neurons),Spinal cord dorsal progenitors,Neural crest,Neuroectoderm,7.0,-0.5658,-0.6162,-0.5154,0,13.25
120,Neural crest (PNS neurons),Spinal cord dorsal progenitors,Neural crest,Neuroectoderm,7.25,-0.6698,-0.7128,-0.6269,0,13.25
120,Neural crest (PNS neurons),Spinal cord dorsal progenitors,Neural crest,Neuroectoderm,7.5,-0.8051,-0.804,-0.8062,0,13.25
120,Neural crest (PNS neurons),Spinal cord dorsal progenitors,Neural crest,Neuroectoderm,7.75,-0.8731,-0.8261,-0.92,0,13.25
120,Neural crest (PNS neurons),Spinal cord dorsal progenitors,Neural crest,Neuroectoderm,8.0,-0.9052,-0.8564,-0.954,0,13.25
120,Neural crest (PNS neurons),Spinal cord dorsal progenitors,Neural crest,Neuroectoderm,8.25,-0.9042,-0.8653,-0.943,0,13.25
120,Neural crest (PNS neurons),Spinal cord dorsal progenitors,Neural crest,Neuroectoderm,8.5,-0.8885,-0.8555,-0.9214,0,13.25
120,Neural crest (PNS neurons),Spinal cord dorsal progenitors,Neural crest,Neuroectoderm,8.75,-0.884,-0.864,-0.904,0,13.25
120,Neural crest (PNS neurons),Spinal cord dorsal progenitors,Neural crest,Neuroectoderm,9.0,-0.8347,-0.8198,-0.8495,0,13.25
120,Neural crest (PNS neurons),Spinal cord dorsal progenitors,Neural crest,Neuroectoderm,9.25,-0.7975,-0.8422,-0.7527,0,13.25
120,Neural crest (PNS neurons),Spinal cord dorsal progenitors,Neural crest,Neuroectoderm,9.5,-0.8157,-0.887,-0.7444,0,13.25
120,Neural crest (PNS neurons),Spinal cord dorsal progenitors,Neural crest,Neuroectoderm,9.75,-0.8176,-0.8877,-0.7476,0,13.25
120,Neural crest (PNS neurons),Spinal cord dorsal progenitors,Neural crest,Neuroectoderm,10.0,-0.8336,-0.9482,-0.719,0,13.25
120,Neural crest (PNS neurons),Spinal cord dorsal progenitors,Neural crest,Neuroectoderm,10.25,-0.9044,-0.975,-0.8338,0,13.25
120,Neural crest (PNS neurons),Spinal cord dorsal progenitors,Neural crest,Neuroectoderm,10.5,-0.8518,-0.9597,-0.7439,0,13.25
120,Neural crest (PNS neurons),Spinal cord dorsal progenitors,Neural crest,Neuroectoderm,10.75,-0.8583,-0.9533,-0.7633,0,13.25
120,Neural crest (PNS neurons),Spinal cord dorsal progenitors,Neural crest,Neuroectoderm,11.0,-0.8028,-0.8427,-0.7628,0,13.25
120,Neural crest (PNS neurons),Spinal cord dorsal progenitors,Neural crest,Neuroectoderm,11.25,-0.7427,-0.8483,-0.6371,0,13.25
120,Neural crest (PNS neurons),Spinal cord dorsal progenitors,Neural crest,Neuroectoderm,11.5,-0.7481,-0.7729,-0.7232,0,13.25
120,Neural crest (PNS neurons),Spinal cord dorsal progenitors,Neural crest,Neuroectoderm,11.75,-0.6997,-0.6661,-0.7332,0,13.25
120,Neural crest (PNS neurons),Spinal cord dorsal progenitors,Neural crest,Neuroectoderm,12.0,-0.5615,-0.5544,-0.5686,0,13.25
120,Neural crest (PNS neurons),Spinal cord dorsal progenitors,Neural crest,Neuroectoderm,12.25,-0.4548,-0.4744,-0.4353,0,13.25
120,Neural crest (PNS neurons),Spinal cord dorsal progenitors,Neural crest,Neuroectoderm,12.5,-0.2027,-0.2923,-0.1131,0,13.25
120,Neural crest (PNS neurons),Spinal cord dorsal progenitors,Neural crest,Neuroectoderm,12.75,0.1992,0.0564,0.342,0,13.25
120,Neural crest (PNS neurons),Spinal cord dorsal progenitors,Neural crest,Neuroectoderm,13.0,0.5459,0.377,0.7148,0,13.25
120,Neural crest (PNS neurons),Spinal cord dorsal progenitors,Neural crest,Neuroectoderm,13.25,0.8385,0.705,0.9721,1,13.25
121,GABAergic neurons,Spinal cord ventral progenitors,Neuroectoderm,Neuroectoderm,7.0,-0.0812,-0.1554,-0.007,0,13.25
121,GABAergic neurons,Spinal cord ventral progenitors,Neuroectoderm,Neuroectoderm,7.25,-0.0685,-0.1785,0.0415,0,13.25
121,GABAergic neurons,Spinal cord ventral progenitors,Neuroectoderm,Neuroectoderm,7.5,-0.0924,-0.184,-0.0007,0,13.25
121,GABAergic neurons,Spinal cord ventral progenitors,Neuroectoderm,Neuroectoderm,7.75,-0.072,-0.1537,0.0097,0,13.25
121,GABAergic neurons,Spinal cord ventral progenitors,Neuroectoderm,Neuroectoderm,8.0,-0.0451,-0.0982,0.008,0,13.25
121,GABAergic neurons,Spinal cord ventral progenitors,Neuroectoderm,Neuroectoderm,8.25,-0.0332,-0.0647,-0.0017,0,13.25
121,GABAergic neurons,Spinal cord ventral progenitors,Neuroectoderm,Neuroectoderm,8.5,-0.0296,-0.0559,-0.0032,0,13.25
121,GABAergic neurons,Spinal cord ventral progenitors,Neuroectoderm,Neuroectoderm,8.75,-0.0176,-0.031,-0.0041,0,13.25
121,GABAergic neurons,Spinal cord ventral progenitors,Neuroectoderm,Neuroectoderm,9.0,-0.007,-0.0364,0.0224,0,13.25
121,GABAergic neurons,Spinal cord ventral progenitors,Neuroectoderm,Neuroectoderm,9.25,0.0037,-0.0301,0.0375,0,13.25
121,GABAergic neurons,Spinal cord ventral progenitors,Neuroectoderm,Neuroectoderm,9.5,0.0145,-0.0223,0.0512,0,13.25
121,GABAergic neurons,Spinal cord ventral progenitors,Neuroectoderm,Neuroectoderm,9.75,0.036,0.0017,0.0703,0,13.25
121,GABAergic neurons,Spinal cord ventral progenitors,Neuroectoderm,Neuroectoderm,10.0,0.0637,0.0045,0.1228,0,13.25
121,GABAergic neurons,Spinal cord ventral progenitors,Neuroectoderm,Neuroectoderm,10.25,0.1011,0.0392,0.163,0,13.25
121,GABAergic neurons,Spinal cord ventral progenitors,Neuroectoderm,Neuroectoderm,10.5,0.1222,0.0728,0.1716,0,13.25
121,GABAergic neurons,Spinal cord ventral progenitors,Neuroectoderm,Neuroectoderm,10.75,0.1743,0.0909,0.2577,0,13.25
121,GABAergic neurons,Spinal cord ventral progenitors,Neuroectoderm,Neuroectoderm,11.0,0.2326,0.1599,0.3053,0,13.25
121,GABAergic neurons,Spinal cord ventral progenitors,Neuroectoderm,Neuroectoderm,11.25,0.2986,0.1953,0.4018,0,13.25
121,GABAergic neurons,Spinal cord ventral progenitors,Neuroectoderm,Neuroectoderm,11.5,0.2975,0.1705,0.4245,0,13.25
121,GABAergic neurons,Spinal cord ventral progenitors,Neuroectoderm,Neuroectoderm,11.75,0.3518,0.2301,0.4736,0,13.25
121,GABAergic neurons,Spinal cord ventral progenitors,Neuroectoderm,Neuroectoderm,12.0,0.4142,0.2435,0.585,0,13.25
121,GABAergic neurons,Spinal cord ventral progenitors,Neuroectoderm,Neuroectoderm,12.25,0.4749,0.2918,0.658,0,13.25
121,GABAergic neurons,Spinal cord ventral progenitors,Neuroectoderm,Neuroectoderm,12.5,0.5412,0.3378,0.7447,0,13.25
121,GABAergic neurons,Spinal cord ventral progenitors,Neuroectoderm,Neuroectoderm,12.75,0.6235,0.3885,0.8586,0,13.25
121,GABAergic neurons,Spinal cord ventral progenitors,Neuroectoderm,Neuroectoderm,13.0,0.6778,0.4474,0.9082,0,13.25
121,GABAergic neurons,Spinal cord ventral progenitors,Neuroectoderm,Neuroectoderm,13.25,0.8166,0.56,1.0733,1,13.25
122,Spinal cord/r7/r8,Sympathetic neurons,Neuroectoderm,Neural crest,7.0,-0.749,-0.7218,-0.7761,0,13.25
122,Spinal cord/r7/r8,Sympathetic neurons,Neuroectoderm,Neural crest,7.25,-0.868,-0.8706,-0.8654,0,13.25
122,Spinal cord/r7/r8,Sympathetic neurons,Neuroectoderm,Neural crest,7.5,-0.9405,-0.9354,-0.9456,0,13.25
122,Spinal cord/r7/r8,Sympathetic neurons,Neuroectoderm,Neural crest,7.75,-1.0031,-0.9806,-1.0257,0,13.25
122,Spinal cord/r7/r8,Sympathetic neurons,Neuroectoderm,Neural crest,8.0,-1.075,-1.0287,-1.1214,0,13.25
122,Spinal cord/r7/r8,Sympathetic neurons,Neuroectoderm,Neural crest,8.25,-1.0641,-1.0196,-1.1085,0,13.25
122,Spinal cord/r7/r8,Sympathetic neurons,Neuroectoderm,Neural crest,8.5,-0.9931,-0.9994,-0.9868,0,13.25
122,Spinal cord/r7/r8,Sympathetic neurons,Neuroectoderm,Neural crest,8.75,-0.9786,-1.0024,-0.9549,0,13.25
122,Spinal cord/r7/r8,Sympathetic neurons,Neuroectoderm,Neural crest,9.0,-0.998,-1.0306,-0.9654,0,13.25
122,Spinal cord/r7/r8,Sympathetic neurons,Neuroectoderm,Neural crest,9.25,-0.9834,-1.0989,-0.8679,0,13.25
122,Spinal cord/r7/r8,Sympathetic neurons,Neuroectoderm,Neural crest,9.5,-1.0097,-1.1453,-0.8741,0,13.25
122,Spinal cord/r7/r8,Sympathetic neurons,Neuroectoderm,Neural crest,9.75,-0.936,-1.1354,-0.7366,0,13.25
122,Spinal cord/r7/r8,Sympathetic neurons,Neuroectoderm,Neural crest,10.0,-0.8842,-1.1378,-0.6307,0,13.25
122,Spinal cord/r7/r8,Sympathetic neurons,Neuroectoderm,Neural crest,10.25,-0.8582,-1.1197,-0.5968,0,13.25
122,Spinal cord/r7/r8,Sympathetic neurons,Neuroectoderm,Neural crest,10.5,-0.8452,-1.0546,-0.6358,0,13.25
122,Spinal cord/r7/r8,Sympathetic neurons,Neuroectoderm,Neural crest,10.75,-0.7576,-0.9654,-0.5497,0,13.25
122,Spinal cord/r7/r8,Sympathetic neurons,Neuroectoderm,Neural crest,11.0,-0.7092,-0.8848,-0.5336,0,13.25
122,Spinal cord/r7/r8,Sympathetic neurons,Neuroectoderm,Neural crest,11.25,-0.6756,-0.8618,-0.4893,0,13.25
122,Spinal cord/r7/r8,Sympathetic neurons,Neuroectoderm,Neural crest,11.5,-0.6116,-0.768,-0.4551,0,13.25
122,Spinal cord/r7/r8,Sympathetic neurons,Neuroectoderm,Neural crest,11.75,-0.5202,-0.6089,-0.4316,0,13.25
122,Spinal cord/r7/r8,Sympathetic neurons,Neuroectoderm,Neural crest,12.0,-0.4338,-0.4893,-0.3782,0,13.25
122,Spinal cord/r7/r8,Sympathetic neurons,Neuroectoderm,Neural crest,12.25,-0.2196,-0.2755,-0.1638,0,13.25
122,Spinal cord/r7/r8,Sympathetic neurons,Neuroectoderm,Neural crest,12.5,-0.1547,-0.1833,-0.1262,0,13.25
122,Spinal cord/r7/r8,Sympathetic neurons,Neuroectoderm,Neural crest,12.75,0.2132,0.1597,0.2666,0,13.25
122,Spinal cord/r7/r8,Sympathetic neurons,Neuroectoderm,Neural crest,13.0,0.4806,0.4394,0.5219,0,13.25
122,Spinal cord/r7/r8,Sympathetic neurons,Neuroectoderm,Neural crest,13.25,0.7967,0.673,0.9204,1,13.25
123,Chondrocytes (Atp1a2+),Early chondrocytes,Mesoderm,Mesoderm,7.0,-0.1193,-0.1502,-0.0884,0,13.25
123,Chondrocytes (Atp1a2+),Early chondrocytes,Mesoderm,Mesoderm,7.25,-0.147,-0.195,-0.0989,0,13.25
123,Chondrocytes (Atp1a2+),Early chondrocytes,Mesoderm,Mesoderm,7.5,-0.1884,-0.2466,-0.1303,0,13.25
123,Chondrocytes (Atp1a2+),Early chondrocytes,Mesoderm,Mesoderm,7.75,-0.2183,-0.2665,-0.1701,0,13.25
123,Chondrocytes (Atp1a2+),Early chondrocytes,Mesoderm,Mesoderm,8.0,-0.2447,-0.2792,-0.2102,0,13.25
123,Chondrocytes (Atp1a2+),Early chondrocytes,Mesoderm,Mesoderm,8.25,-0.2805,-0.304,-0.2571,0,13.25
123,Chondrocytes (Atp1a2+),Early chondrocytes,Mesoderm,Mesoderm,8.5,-0.3023,-0.3325,-0.2721,0,13.25
123,Chondrocytes (Atp1a2+),Early chondrocytes,Mesoderm,Mesoderm,8.75,-0.3207,-0.3605,-0.2809,0,13.25
123,Chondrocytes (Atp1a2+),Early chondrocytes,Mesoderm,Mesoderm,9.0,-0.3444,-0.3964,-0.2924,0,13.25
123,Chondrocytes (Atp1a2+),Early chondrocytes,Mesoderm,Mesoderm,9.25,-0.3652,-0.3886,-0.3417,0,13.25
123,Chondrocytes (Atp1a2+),Early chondrocytes,Mesoderm,Mesoderm,9.5,-0.3761,-0.3896,-0.3625,0,13.25
123,Chondrocytes (Atp1a2+),Early chondrocytes,Mesoderm,Mesoderm,9.75,-0.3905,-0.4021,-0.3788,0,13.25
123,Chondrocytes (Atp1a2+),Early chondrocytes,Mesoderm,Mesoderm,10.0,-0.398,-0.4158,-0.3802,0,13.25
123,Chondrocytes (Atp1a2+),Early chondrocytes,Mesoderm,Mesoderm,10.25,-0.3924,-0.3999,-0.3849,0,13.25
123,Chondrocytes (Atp1a2+),Early chondrocytes,Mesoderm,Mesoderm,10.5,-0.3681,-0.384,-0.3522,0,13.25
123,Chondrocytes (Atp1a2+),Early chondrocytes,Mesoderm,Mesoderm,10.75,-0.3513,-0.3865,-0.316,0,13.25
123,Chondrocytes (Atp1a2+),Early chondrocytes,Mesoderm,Mesoderm,11.0,-0.3163,-0.3384,-0.2943,0,13.25
123,Chondrocytes (Atp1a2+),Early chondrocytes,Mesoderm,Mesoderm,11.25,-0.2926,-0.3233,-0.2619,0,13.25
123,Chondrocytes (Atp1a2+),Early chondrocytes,Mesoderm,Mesoderm,11.5,-0.2563,-0.2679,-0.2448,0,13.25
123,Chondrocytes (Atp1a2+),Early chondrocytes,Mesoderm,Mesoderm,11.75,-0.2451,-0.2287,-0.2616,0,13.25
123,Chondrocytes (Atp1a2+),Early chondrocytes,Mesoderm,Mesoderm,12.0,-0.1863,-0.1415,-0.2311,0,13.25
123,Chondrocytes (Atp1a2+),Early chondrocytes,Mesoderm,Mesoderm,12.25,-0.1345,-0.0477,-0.2212,0,13.25
123,Chondrocytes (Atp1a2+),Early chondrocytes,Mesoderm,Mesoderm,12.5,-0.0536,0.0431,-0.1504,0,13.25
123,Chondrocytes (Atp1a2+),Early chondrocytes,Mesoderm,Mesoderm,12.75,0.0739,0.1203,0.0275,0,13.25
123,Chondrocytes (Atp1a2+),Early chondrocytes,Mesoderm,Mesoderm,13.0,0.2673,0.3128,0.2218,0,13.25
123,Chondrocytes (Atp1a2+),Early chondrocytes,Mesoderm,Mesoderm,13.25,0.4944,0.538,0.4508,1,13.25
124,Facial mesenchyme,Dermatome,Mesoderm,Mesoderm,7.0,-0.0926,-0.0924,-0.0927,0,13.25
124,Facial mesenchyme,Dermatome,Mesoderm,Mesoderm,7.25,-0.1054,-0.108,-0.1028,0,13.25
124,Facial mesenchyme,Dermatome,Mesoderm,Mesoderm,7.5,-0.1163,-0.1193,-0.1134,0,13.25
124,Facial mesenchyme,Dermatome,Mesoderm,Mesoderm,7.75,-0.1568,-0.1725,-0.1411,0,13.25
124,Facial mesenchyme,Dermatome,Mesoderm,Mesoderm,8.0,-0.1757,-0.1723,-0.1791,0,13.25
124,Facial mesenchyme,Dermatome,Mesoderm,Mesoderm,8.25,-0.2056,-0.1999,-0.2114,0,13.25
124,Facial mesenchyme,Dermatome,Mesoderm,Mesoderm,8.5,-0.2174,-0.2179,-0.2168,0,13.25
124,Facial mesenchyme,Dermatome,Mesoderm,Mesoderm,8.75,-0.2175,-0.2379,-0.197,0,13.25
124,Facial mesenchyme,Dermatome,Mesoderm,Mesoderm,9.0,-0.2386,-0.251,-0.2263,0,13.25
124,Facial mesenchyme,Dermatome,Mesoderm,Mesoderm,9.25,-0.2528,-0.2578,-0.2478,0,13.25
124,Facial mesenchyme,Dermatome,Mesoderm,Mesoderm,9.5,-0.2584,-0.2661,-0.2508,0,13.25
124,Facial mesenchyme,Dermatome,Mesoderm,Mesoderm,9.75,-0.2536,-0.2533,-0.2538,0,13.25
124,Facial mesenchyme,Dermatome,Mesoderm,Mesoderm,10.0,-0.2722,-0.2759,-0.2686,0,13.25
124,Facial mesenchyme,Dermatome,Mesoderm,Mesoderm,10.25,-0.2677,-0.2797,-0.2557,0,13.25
124,Facial mesenchyme,Dermatome,Mesoderm,Mesoderm,10.5,-0.2503,-0.2744,-0.2262,0,13.25
124,Facial mesenchyme,Dermatome,Mesoderm,Mesoderm,10.75,-0.2483,-0.2874,-0.2093,0,13.25
124,Facial mesenchyme,Dermatome,Mesoderm,Mesoderm,11.0,-0.2323,-0.2568,-0.2078,0,13.25
124,Facial mesenchyme,Dermatome,Mesoderm,Mesoderm,11.25,-0.2145,-0.2599,-0.1691,0,13.25
124,Facial mesenchyme,Dermatome,Mesoderm,Mesoderm,11.5,-0.1715,-0.2229,-0.1202,0,13.25
124,Facial mesenchyme,Dermatome,Mesoderm,Mesoderm,11.75,-0.1512,-0.1977,-0.1046,0,13.25
124,Facial mesenchyme,Dermatome,Mesoderm,Mesoderm,12.0,-0.1324,-0.1704,-0.0944,0,13.25
124,Facial mesenchyme,Dermatome,Mesoderm,Mesoderm,12.25,-0.121,-0.1413,-0.1008,0,13.25
124,Facial mesenchyme,Dermatome,Mesoderm,Mesoderm,12.5,-0.0822,-0.0859,-0.0784,0,13.25
124,Facial mesenchyme,Dermatome,Mesoderm,Mesoderm,12.75,0.0023,-0.0108,0.0153,0,13.25
124,Facial mesenchyme,Dermatome,Mesoderm,Mesoderm,13.0,0.1525,0.1653,0.1397,0,13.25
124,Facial mesenchyme,Dermatome,Mesoderm,Mesoderm,13.25,0.3215,0.3155,0.3275,1,13.25
125,Early chondrocytes,Sclerotome,Mesoderm,Mesoderm,7.0,-0.0764,-0.1071,-0.0457,0,13.25
125,Early chondrocytes,Sclerotome,Mesoderm,Mesoderm,7.25,-0.0892,-0.1261,-0.0524,0,13.25
125,Early chondrocytes,Sclerotome,Mesoderm,Mesoderm,7.5,-0.0882,-0.1355,-0.0409,0,13.25
125,Early chondrocytes,Sclerotome,Mesoderm,Mesoderm,7.75,-0.0943,-0.1509,-0.0376,0,13.25
125,Early chondrocytes,Sclerotome,Mesoderm,Mesoderm,8.0,-0.1036,-0.1594,-0.0479,0,13.25
125,Early chondrocytes,Sclerotome,Mesoderm,Mesoderm,8.25,-0.104,-0.1611,-0.047,0,13.25
125,Early chondrocytes,Sclerotome,Mesoderm,Mesoderm,8.5,-0.1127,-0.1791,-0.0464,0,13.25
125,Early chondrocytes,Sclerotome,Mesoderm,Mesoderm,8.75,-0.1277,-0.1926,-0.0628,0,13.25
125,Early chondrocytes,Sclerotome,Mesoderm,Mesoderm,9.0,-0.1474,-0.2058,-0.0889,0,13.25
125,Early chondrocytes,Sclerotome,Mesoderm,Mesoderm,9.25,-0.1487,-0.2074,-0.0899,0,13.25
125,Early chondrocytes,Sclerotome,Mesoderm,Mesoderm,9.5,-0.1609,-0.2158,-0.1059,0,13.25
125,Early chondrocytes,Sclerotome,Mesoderm,Mesoderm,9.75,-0.1603,-0.2096,-0.1111,0,13.25
125,Early chondrocytes,Sclerotome,Mesoderm,Mesoderm,10.0,-0.1569,-0.2043,-0.1094,0,13.25
125,Early chondrocytes,Sclerotome,Mesoderm,Mesoderm,10.25,-0.1481,-0.1857,-0.1105,0,13.25
125,Early chondrocytes,Sclerotome,Mesoderm,Mesoderm,10.5,-0.1353,-0.1815,-0.0892,0,13.25
125,Early chondrocytes,Sclerotome,Mesoderm,Mesoderm,10.75,-0.1234,-0.1655,-0.0813,0,13.25
125,Early chondrocytes,Sclerotome,Mesoderm,Mesoderm,11.0,-0.1187,-0.1393,-0.0981,0,13.25
125,Early chondrocytes,Sclerotome,Mesoderm,Mesoderm,11.25,-0.1086,-0.1332,-0.084,0,13.25
125,Early chondrocytes,Sclerotome,Mesoderm,Mesoderm,11.5,-0.0784,-0.1113,-0.0455,0,13.25
125,Early chondrocytes,Sclerotome,Mesoderm,Mesoderm,11.75,-0.088,-0.1028,-0.0732,0,13.25
125,Early chondrocytes,Sclerotome,Mesoderm,Mesoderm,12.0,-0.0798,-0.0977,-0.0618,0,13.25
125,Early chondrocytes,Sclerotome,Mesoderm,Mesoderm,12.25,-0.0657,-0.0628,-0.0685,0,13.25
125,Early chondrocytes,Sclerotome,Mesoderm,Mesoderm,12.5,-0.0243,-0.0072,-0.0415,0,13.25
125,Early chondrocytes,Sclerotome,Mesoderm,Mesoderm,12.75,0.0302,0.0657,-0.0054,0,13.25
125,Early chondrocytes,Sclerotome,Mesoderm,Mesoderm,13.0,0.1534,0.2246,0.0822,0,13.25
125,Early chondrocytes,Sclerotome,Mesoderm,Mesoderm,13.25,0.321,0.3926,0.2493,1,13.25
126,Dermatome,Early chondrocytes,Mesoderm,Mesoderm,7.0,-0.0905,-0.1403,-0.0407,0,13.25
126,Dermatome,Early chondrocytes,Mesoderm,Mesoderm,7.25,-0.0908,-0.1544,-0.0272,0,13.25
126,Dermatome,Early chondrocytes,Mesoderm,Mesoderm,7.5,-0.0938,-0.1567,-0.031,0,13.25
126,Dermatome,Early chondrocytes,Mesoderm,Mesoderm,7.75,-0.1079,-0.1632,-0.0526,0,13.25
126,Dermatome,Early chondrocytes,Mesoderm,Mesoderm,8.0,-0.1282,-0.1737,-0.0827,0,13.25
126,Dermatome,Early chondrocytes,Mesoderm,Mesoderm,8.25,-0.1399,-0.1759,-0.104,0,13.25
126,Dermatome,Early chondrocytes,Mesoderm,Mesoderm,8.5,-0.1534,-0.1939,-0.1129,0,13.25
126,Dermatome,Early chondrocytes,Mesoderm,Mesoderm,8.75,-0.1749,-0.2177,-0.1321,0,13.25
126,Dermatome,Early chondrocytes,Mesoderm,Mesoderm,9.0,-0.2036,-0.2362,-0.171,0,13.25
126,Dermatome,Early chondrocytes,Mesoderm,Mesoderm,9.25,-0.2223,-0.2503,-0.1943,0,13.25
126,Dermatome,Early chondrocytes,Mesoderm,Mesoderm,9.5,-0.2338,-0.2738,-0.1939,0,13.25
126,Dermatome,Early chondrocytes,Mesoderm,Mesoderm,9.75,-0.2406,-0.2852,-0.1959,0,13.25
126,Dermatome,Early chondrocytes,Mesoderm,Mesoderm,10.0,-0.2581,-0.3082,-0.2081,0,13.25
126,Dermatome,Early chondrocytes,Mesoderm,Mesoderm,10.25,-0.2552,-0.2974,-0.2131,0,13.25
126,Dermatome,Early chondrocytes,Mesoderm,Mesoderm,10.5,-0.2605,-0.3103,-0.2108,0,13.25
126,Dermatome,Early chondrocytes,Mesoderm,Mesoderm,10.75,-0.2692,-0.325,-0.2134,0,13.25
126,Dermatome,Early chondrocytes,Mesoderm,Mesoderm,11.0,-0.2659,-0.327,-0.2048,0,13.25
126,Dermatome,Early chondrocytes,Mesoderm,Mesoderm,11.25,-0.2387,-0.3275,-0.1498,0,13.25
126,Dermatome,Early chondrocytes,Mesoderm,Mesoderm,11.5,-0.2255,-0.3009,-0.15,0,13.25
126,Dermatome,Early chondrocytes,Mesoderm,Mesoderm,11.75,-0.2224,-0.3022,-0.1427,0,13.25
126,Dermatome,Early chondrocytes,Mesoderm,Mesoderm,12.0,-0.1939,-0.2788,-0.109,0,13.25
126,Dermatome,Early chondrocytes,Mesoderm,Mesoderm,12.25,-0.1709,-0.2572,-0.0846,0,13.25
126,Dermatome,Early chondrocytes,Mesoderm,Mesoderm,12.5,-0.1208,-0.1747,-0.0668,0,13.25
126,Dermatome,Early chondrocytes,Mesoderm,Mesoderm,12.75,-0.0334,-0.106,0.0393,0,13.25
126,Dermatome,Early chondrocytes,Mesoderm,Mesoderm,13.0,0.1137,0.0394,0.1881,0,13.25
126,Dermatome,Early chondrocytes,Mesoderm,Mesoderm,13.25,0.3154,0.2172,0.4137,1,13.25
127,Spinal cord/r7/r8,Glutamatergic neurons,Neuroectoderm,Neuroectoderm,7.0,-0.1775,-0.1889,-0.166,0,13.25
127,Spinal cord/r7/r8,Glutamatergic neurons,Neuroectoderm,Neuroectoderm,7.25,-0.2319,-0.2491,-0.2147,0,13.25
127,Spinal cord/r7/r8,Glutamatergic neurons,Neuroectoderm,Neuroectoderm,7.5,-0.2441,-0.2524,-0.2358,0,13.25
127,Spinal cord/r7/r8,Glutamatergic neurons,Neuroectoderm,Neuroectoderm,7.75,-0.2735,-0.2726,-0.2743,0,13.25
127,Spinal cord/r7/r8,Glutamatergic neurons,Neuroectoderm,Neuroectoderm,8.0,-0.2815,-0.2965,-0.2664,0,13.25
127,Spinal cord/r7/r8,Glutamatergic neurons,Neuroectoderm,Neuroectoderm,8.25,-0.2795,-0.2946,-0.2645,0,13.25
127,Spinal cord/r7/r8,Glutamatergic neurons,Neuroectoderm,Neuroectoderm,8.5,-0.2561,-0.2747,-0.2375,0,13.25
127,Spinal cord/r7/r8,Glutamatergic neurons,Neuroectoderm,Neuroectoderm,8.75,-0.2464,-0.2649,-0.228,0,13.25
127,Spinal cord/r7/r8,Glutamatergic neurons,Neuroectoderm,Neuroectoderm,9.0,-0.2389,-0.2425,-0.2353,0,13.25
127,Spinal cord/r7/r8,Glutamatergic neurons,Neuroectoderm,Neuroectoderm,9.25,-0.2204,-0.233,-0.2077,0,13.25
127,Spinal cord/r7/r8,Glutamatergic neurons,Neuroectoderm,Neuroectoderm,9.5,-0.2082,-0.2202,-0.1963,0,13.25
127,Spinal cord/r7/r8,Glutamatergic neurons,Neuroectoderm,Neuroectoderm,9.75,-0.1884,-0.2012,-0.1756,0,13.25
127,Spinal cord/r7/r8,Glutamatergic neurons,Neuroectoderm,Neuroectoderm,10.0,-0.1678,-0.1833,-0.1523,0,13.25
127,Spinal cord/r7/r8,Glutamatergic neurons,Neuroectoderm,Neuroectoderm,10.25,-0.1375,-0.159,-0.1159,0,13.25
127,Spinal cord/r7/r8,Glutamatergic neurons,Neuroectoderm,Neuroectoderm,10.5,-0.1175,-0.1379,-0.0972,0,13.25
127,Spinal cord/r7/r8,Glutamatergic neurons,Neuroectoderm,Neuroectoderm,10.75,-0.0885,-0.1038,-0.0732,0,13.25
127,Spinal cord/r7/r8,Glutamatergic neurons,Neuroectoderm,Neuroectoderm,11.0,-0.0591,-0.0778,-0.0404,0,13.25
127,Spinal cord/r7/r8,Glutamatergic neurons,Neuroectoderm,Neuroectoderm,11.25,-0.0317,-0.057,-0.0063,0,13.25
127,Spinal cord/r7/r8,Glutamatergic neurons,Neuroectoderm,Neuroectoderm,11.5,-0.0083,-0.034,0.0173,0,13.25
127,Spinal cord/r7/r8,Glutamatergic neurons,Neuroectoderm,Neuroectoderm,11.75,0.0217,-0.0098,0.0532,0,13.25
127,Spinal cord/r7/r8,Glutamatergic neurons,Neuroectoderm,Neuroectoderm,12.0,0.0336,0.0216,0.0456,0,13.25
127,Spinal cord/r7/r8,Glutamatergic neurons,Neuroectoderm,Neuroectoderm,12.25,0.0581,0.0652,0.0509,0,13.25
127,Spinal cord/r7/r8,Glutamatergic neurons,Neuroectoderm,Neuroectoderm,12.5,0.0822,0.1033,0.0612,0,13.25
127,Spinal cord/r7/r8,Glutamatergic neurons,Neuroectoderm,Neuroectoderm,12.75,0.1202,0.1395,0.1009,0,13.25
127,Spinal cord/r7/r8,Glutamatergic neurons,Neuroectoderm,Neuroectoderm,13.0,0.1777,0.2086,0.1468,0,13.25
127,Spinal cord/r7/r8,Glutamatergic neurons,Neuroectoderm,Neuroectoderm,13.25,0.2965,0.3372,0.2558,1,13.25
128,Cajal-Retzius cells,Intermediate neuronal progenitors,Neuroectoderm,Neuroectoderm,7.0,-0.8824,-0.9482,-0.8166,0,13.25
128,Cajal-Retzius cells,Intermediate neuronal progenitors,Neuroectoderm,Neuroectoderm,7.25,-1.0356,-1.0808,-0.9904,0,13.25
128,Cajal-Retzius cells,Intermediate neuronal progenitors,Neuroectoderm,Neuroectoderm,7.5,-1.1148,-1.1666,-1.063,0,13.25
128,Cajal-Retzius cells,Intermediate neuronal progenitors,Neuroectoderm,Neuroectoderm,7.75,-1.1629,-1.211,-1.1147,0,13.25
128,Cajal-Retzius cells,Intermediate neuronal progenitors,Neuroectoderm,Neuroectoderm,8.0,-1.1624,-1.2352,-1.0895,0,13.25
128,Cajal-Retzius cells,Intermediate neuronal progenitors,Neuroectoderm,Neuroectoderm,8.25,-1.1344,-1.2154,-1.0534,0,13.25
128,Cajal-Retzius cells,Intermediate neuronal progenitors,Neuroectoderm,Neuroectoderm,8.5,-1.1307,-1.2364,-1.025,0,13.25
128,Cajal-Retzius cells,Intermediate neuronal progenitors,Neuroectoderm,Neuroectoderm,8.75,-1.0733,-1.178,-0.9686,0,13.25
128,Cajal-Retzius cells,Intermediate neuronal progenitors,Neuroectoderm,Neuroectoderm,9.0,-1.003,-1.1241,-0.8819,0,13.25
128,Cajal-Retzius cells,Intermediate neuronal progenitors,Neuroectoderm,Neuroectoderm,9.25,-0.939,-1.0836,-0.7943,0,13.25
128,Cajal-Retzius cells,Intermediate neuronal progenitors,Neuroectoderm,Neuroectoderm,9.5,-0.8429,-0.9947,-0.6911,0,13.25
128,Cajal-Retzius cells,Intermediate neuronal progenitors,Neuroectoderm,Neuroectoderm,9.75,-0.7613,-0.9323,-0.5903,0,13.25
128,Cajal-Retzius cells,Intermediate neuronal progenitors,Neuroectoderm,Neuroectoderm,10.0,-0.6911,-0.8483,-0.5339,0,13.25
128,Cajal-Retzius cells,Intermediate neuronal progenitors,Neuroectoderm,Neuroectoderm,10.25,-0.5987,-0.7784,-0.419,0,13.25
128,Cajal-Retzius cells,Intermediate neuronal progenitors,Neuroectoderm,Neuroectoderm,10.5,-0.5126,-0.69,-0.3353,0,13.25
128,Cajal-Retzius cells,Intermediate neuronal progenitors,Neuroectoderm,Neuroectoderm,10.75,-0.4378,-0.5939,-0.2818,0,13.25
128,Cajal-Retzius cells,Intermediate neuronal progenitors,Neuroectoderm,Neuroectoderm,11.0,-0.3734,-0.5272,-0.2196,0,13.25
128,Cajal-Retzius cells,Intermediate neuronal progenitors,Neuroectoderm,Neuroectoderm,11.25,-0.3008,-0.4321,-0.1696,0,13.25
128,Cajal-Retzius cells,Intermediate neuronal progenitors,Neuroectoderm,Neuroectoderm,11.5,-0.2241,-0.3228,-0.1254,0,13.25
128,Cajal-Retzius cells,Intermediate neuronal progenitors,Neuroectoderm,Neuroectoderm,11.75,-0.2179,-0.298,-0.1378,0,13.25
128,Cajal-Retzius cells,Intermediate neuronal progenitors,Neuroectoderm,Neuroectoderm,12.0,-0.1873,-0.272,-0.1026,0,13.25
128,Cajal-Retzius cells,Intermediate neuronal progenitors,Neuroectoderm,Neuroectoderm,12.25,-0.1699,-0.2323,-0.1075,0,13.25
128,Cajal-Retzius cells,Intermediate neuronal progenitors,Neuroectoderm,Neuroectoderm,12.5,-0.1436,-0.1754,-0.1118,0,13.25
128,Cajal-Retzius cells,Intermediate neuronal progenitors,Neuroectoderm,Neuroectoderm,12.75,-0.0698,-0.089,-0.0505,0,13.25
128,Cajal-Retzius cells,Intermediate neuronal progenitors,Neuroectoderm,Neuroectoderm,13.0,0.079,0.0377,0.1204,0,13.25
128,Cajal-Retzius cells,Intermediate neuronal progenitors,Neuroectoderm,Neuroectoderm,13.25,0.2659,0.2469,0.2848,1,13.25
129,Astrocytes,Glutamatergic neurons,Neuroectoderm,Neuroectoderm,7.0,-0.166,-0.2193,-0.1126,0,13.25
129,Astrocytes,Glutamatergic neurons,Neuroectoderm,Neuroectoderm,7.25,-0.193,-0.2768,-0.1091,0,13.25
129,Astrocytes,Glutamatergic neurons,Neuroectoderm,Neuroectoderm,7.5,-0.2131,-0.2832,-0.143,0,13.25
129,Astrocytes,Glutamatergic neurons,Neuroectoderm,Neuroectoderm,7.75,-0.22,-0.2914,-0.1485,0,13.25
129,Astrocytes,Glutamatergic neurons,Neuroectoderm,Neuroectoderm,8.0,-0.2454,-0.3159,-0.1748,0,13.25
129,Astrocytes,Glutamatergic neurons,Neuroectoderm,Neuroectoderm,8.25,-0.2565,-0.3331,-0.1799,0,13.25
129,Astrocytes,Glutamatergic neurons,Neuroectoderm,Neuroectoderm,8.5,-0.2531,-0.317,-0.1891,0,13.25
129,Astrocytes,Glutamatergic neurons,Neuroectoderm,Neuroectoderm,8.75,-0.24,-0.2907,-0.1893,0,13.25
129,Astrocytes,Glutamatergic neurons,Neuroectoderm,Neuroectoderm,9.0,-0.2268,-0.2716,-0.1821,0,13.25
129,Astrocytes,Glutamatergic neurons,Neuroectoderm,Neuroectoderm,9.25,-0.2255,-0.2666,-0.1844,0,13.25
129,Astrocytes,Glutamatergic neurons,Neuroectoderm,Neuroectoderm,9.5,-0.1992,-0.2516,-0.1468,0,13.25
129,Astrocytes,Glutamatergic neurons,Neuroectoderm,Neuroectoderm,9.75,-0.1908,-0.2364,-0.1452,0,13.25
129,Astrocytes,Glutamatergic neurons,Neuroectoderm,Neuroectoderm,10.0,-0.1813,-0.2311,-0.1314,0,13.25
129,Astrocytes,Glutamatergic neurons,Neuroectoderm,Neuroectoderm,10.25,-0.1586,-0.2016,-0.1155,0,13.25
129,Astrocytes,Glutamatergic neurons,Neuroectoderm,Neuroectoderm,10.5,-0.1525,-0.185,-0.1199,0,13.25
129,Astrocytes,Glutamatergic neurons,Neuroectoderm,Neuroectoderm,10.75,-0.1202,-0.1669,-0.0735,0,13.25
129,Astrocytes,Glutamatergic neurons,Neuroectoderm,Neuroectoderm,11.0,-0.0855,-0.1414,-0.0295,0,13.25
129,Astrocytes,Glutamatergic neurons,Neuroectoderm,Neuroectoderm,11.25,-0.0759,-0.1356,-0.0162,0,13.25
129,Astrocytes,Glutamatergic neurons,Neuroectoderm,Neuroectoderm,11.5,-0.0672,-0.1241,-0.0103,0,13.25
129,Astrocytes,Glutamatergic neurons,Neuroectoderm,Neuroectoderm,11.75,-0.0518,-0.1254,0.0218,0,13.25
129,Astrocytes,Glutamatergic neurons,Neuroectoderm,Neuroectoderm,12.0,-0.0434,-0.1,0.0132,0,13.25
129,Astrocytes,Glutamatergic neurons,Neuroectoderm,Neuroectoderm,12.25,-0.0287,-0.0639,0.0065,0,13.25
129,Astrocytes,Glutamatergic neurons,Neuroectoderm,Neuroectoderm,12.5,0.0043,-0.0323,0.0409,0,13.25
129,Astrocytes,Glutamatergic neurons,Neuroectoderm,Neuroectoderm,12.75,0.06,0.0181,0.1019,0,13.25
129,Astrocytes,Glutamatergic neurons,Neuroectoderm,Neuroectoderm,13.0,0.1373,0.1189,0.1557,0,13.25
129,Astrocytes,Glutamatergic neurons,Neuroectoderm,Neuroectoderm,13.25,0.2639,0.2373,0.2904,1,13.25
